recorded_at,source_timestamp,sequence,transport,fingers_json,status_json
1784119720.2037005,1784119720.20355,74,ble,"{""index"":{""age_s"":0.009242534637451172,""channels"":3,""force"":[-0.39945786503868774,-0.762928897890002],""has_data"":true,""last_update_ts"":1784119720.1943076,""raw"":[16965,16134,17924]},""middle"":{""age_s"":0.009242534637451172,""channels"":3,""force"":[-0.021150596945489042,-0.03441367163999942],""has_data"":true,""last_update_ts"":1784119720.1943076,""raw"":[15767,15723,15807]},""pinky"":{""age_s"":0.009242534637451172,""channels"":3,""force"":[-1.0205163026198996,-0.7479422989499991],""has_data"":true,""last_update_ts"":1784119720.1943076,""raw"":[17413,15290,17699]},""ring"":{""age_s"":0.009242534637451172,""channels"":3,""force"":[0.27447706490624846,0.25227441548999785],""has_data"":true,""last_update_ts"":1784119720.1943076,""raw"":[15795,16366,15626]},""thumb"":{""age_s"":0.009242534637451172,""channels"":3,""force"":[0.0,-2.220446049250313e-16],""has_data"":true,""last_update_ts"":1784119720.1943076,""raw"":[0,0,0]}}","{""ble"":{""connection_state"":""connected"",""counter"":1053175,""finger_order"":""DexterController.Visualizer"",""last_error"":null,""last_sample_age_s"":0.009286993998102844,""reconnect_count"":0,""sample_hz"":20.0,""sample_sequence"":73,""timestamp_us"":10685032064},""fingers"":{""index"":{""has_data"":true,""last_update_ts"":1784119720.1943076,""mapped"":true},""middle"":{""has_data"":true,""last_update_ts"":1784119720.1943076,""mapped"":true},""pinky"":{""has_data"":true,""last_update_ts"":1784119720.1943076,""mapped"":true},""ring"":{""has_data"":true,""last_update_ts"":1784119720.1943076,""mapped"":true},""thumb"":{""has_data"":true,""last_update_ts"":1784119720.1943076,""mapped"":true}},""ports"":{""available"":[""BLE:Dexter""],""unavailable"":[]}}"
1784119720.2536364,1784119720.253483,75,ble,"{""index"":{""age_s"":0.009177446365356445,""channels"":3,""force"":[-0.3960929973428158,-0.7670918420400028],""has_data"":true,""last_update_ts"":1784119720.2443056,""raw"":[16965,16141,17935]},""middle"":{""age_s"":0.009177446365356445,""channels"":3,""force"":[-0.01826642463474215,-0.03441367164000031],""has_data"":true,""last_update_ts"":1784119720.2443056,""raw"":[15756,15718,15799]},""pinky"":{""age_s"":0.009177446365356445,""channels"":3,""force"":[-1.018112825694276,-0.743224295580001],""has_data"":true,""last_update_ts"":1784119720.2443056,""raw"":[17417,15299,17697]},""ring"":{""age_s"":0.009177446365356445,""channels"":3,""force"":[0.28312958183849446,0.25671488924999775],""has_data"":true,""last_update_ts"":1784119720.2443056,""raw"":[15791,16380,15623]},""thumb"":{""age_s"":0.009177446365356445,""channels"":3,""force"":[0.0,-2.220446049250313e-16],""has_data"":true,""last_update_ts"":1784119720.2443056,""raw"":[0,0,0]}}","{""ble"":{""connection_state"":""connected"",""counter"":1053180,""finger_order"":""DexterController.Visualizer"",""last_error"":null,""last_sample_age_s"":0.009212960008881055,""reconnect_count"":0,""sample_hz"":20.0,""sample_sequence"":74,""timestamp_us"":10685078944},""fingers"":{""index"":{""has_data"":true,""last_update_ts"":1784119720.2443056,""mapped"":true},""middle"":{""has_data"":true,""last_update_ts"":1784119720.2443056,""mapped"":true},""pinky"":{""has_data"":true,""last_update_ts"":1784119720.2443056,""mapped"":true},""ring"":{""has_data"":true,""last_update_ts"":1784119720.2443056,""mapped"":true},""thumb"":{""has_data"":true,""last_update_ts"":1784119720.2443056,""mapped"":true}},""ports"":{""available"":[""BLE:Dexter""],""unavailable"":[]}}"
1784119720.303631,1784119720.303485,76,ble,"{""index"":{""age_s"":0.009178876876831055,""channels"":3,""force"":[-0.4023420373494364,-0.7690345493100024],""has_data"":true,""last_update_ts"":1784119720.294306,""raw"":[16972,16135,17939]},""middle"":{""age_s"":0.009178876876831055,""channels"":3,""force"":[-0.01826642463474215,-0.03885414539999932],""has_data"":true,""last_update_ts"":1784119720.294306,""raw"":[15756,15718,15807]},""pinky"":{""age_s"":0.009178876876831055,""channels"":3,""force"":[-1.0286881241670223,-0.7437793547999991],""has_data"":true,""last_update_ts"":1784119720.294306,""raw"":[17429,15289,17699]},""ring"":{""age_s"":0.009178876876831055,""channels"":3,""force"":[0.27351567413599476,0.2528294747099986],""has_data"":true,""last_update_ts"":1784119720.294306,""raw"":[15802,16371,15631]},""thumb"":{""age_s"":0.009178876876831055,""channels"":3,""force"":[0.0,-2.220446049250313e-16],""has_data"":true,""last_update_ts"":1784119720.294306,""raw"":[0,0,0]}}","{""ble"":{""connection_state"":""connected"",""counter"":1053186,""finger_order"":""DexterController.Visualizer"",""last_error"":null,""last_sample_age_s"":0.009211177995894104,""reconnect_count"":0,""sample_hz"":20.0,""sample_sequence"":75,""timestamp_us"":10685135392},""fingers"":{""index"":{""has_data"":true,""last_update_ts"":1784119720.294306,""mapped"":true},""middle"":{""has_data"":true,""last_update_ts"":1784119720.294306,""mapped"":true},""pinky"":{""has_data"":true,""last_update_ts"":1784119720.294306,""mapped"":true},""ring"":{""has_data"":true,""last_update_ts"":1784119720.294306,""mapped"":true},""thumb"":{""has_data"":true,""last_update_ts"":1784119720.294306,""mapped"":true}},""ports"":{""available"":[""BLE:Dexter""],""unavailable"":[]}}"
1784119720.3537755,1784119720.3535123,77,ble,"{""index"":{""age_s"":0.009166479110717773,""channels"":3,""force"":[-0.38840187118081815,-0.7487748877800016],""has_data"":true,""last_update_ts"":1784119720.3443458,""raw"":[16929,16121,17874]},""middle"":{""age_s"":0.009166479110717773,""channels"":3,""force"":[-0.034610067728984006,0.05106544823999659],""has_data"":true,""last_update_ts"":1784119720.3443458,""raw"":[15716,15644,15588]},""pinky"":{""age_s"":0.009166479110717773,""channels"":3,""force"":[0.9123598409668254,0.22257874721999737],""has_data"":true,""last_update_ts"":1784119720.3443458,""raw"":[16880,18778,17428]},""ring"":{""age_s"":0.009166479110717773,""channels"":3,""force"":[0.37350031424194974,0.590860539689996],""has_data"":true,""last_update_ts"":1784119720.3443458,""raw"":[15705,16482,15029]},""thumb"":{""age_s"":0.009166479110717773,""channels"":3,""force"":[0.0,-2.220446049250313e-16],""has_data"":true,""last_update_ts"":1784119720.3443458,""raw"":[0,0,0]}}","{""ble"":{""connection_state"":""connected"",""counter"":1053191,""finger_order"":""DexterController.Visualizer"",""last_error"":null,""last_sample_age_s"":0.009211859010974877,""reconnect_count"":0,""sample_hz"":20.0,""sample_sequence"":76,""timestamp_us"":10685182336},""fingers"":{""index"":{""has_data"":true,""last_update_ts"":1784119720.3443458,""mapped"":true},""middle"":{""has_data"":true,""last_update_ts"":1784119720.3443458,""mapped"":true},""pinky"":{""has_data"":true,""last_update_ts"":1784119720.3443458,""mapped"":true},""ring"":{""has_data"":true,""last_update_ts"":1784119720.3443458,""mapped"":true},""thumb"":{""has_data"":true,""last_update_ts"":1784119720.3443458,""mapped"":true}},""ports"":{""available"":[""BLE:Dexter""],""unavailable"":[]}}"
1784119720.4037275,1784119720.4034834,78,ble,"{""index"":{""age_s"":0.009136438369750977,""channels"":3,""force"":[-0.39513160657256563,-0.7643165459400025],""has_data"":true,""last_update_ts"":1784119720.394347,""raw"":[16962,16140,17928]},""middle"":{""age_s"":0.009136438369750977,""channels"":3,""force"":[-0.01586294770911678,-0.035246260469999235],""has_data"":true,""last_update_ts"":1784119720.394347,""raw"":[15760,15727,15807]},""pinky"":{""age_s"":0.009136438369750977,""channels"":3,""force"":[-1.018112825694276,-0.7415591179199996],""has_data"":true,""last_update_ts"":1784119720.394347,""raw"":[17417,15299,17694]},""ring"":{""age_s"":0.009136438369750977,""channels"":3,""force"":[0.2783226279872473,0.25671488924999686],""has_data"":true,""last_update_ts"":1784119720.394347,""raw"":[15795,16374,15622]},""thumb"":{""age_s"":0.009136438369750977,""channels"":3,""force"":[0.0,-2.220446049250313e-16],""has_data"":true,""last_update_ts"":1784119720.394347,""raw"":[0,0,0]}}","{""ble"":{""connection_state"":""connected"",""counter"":1053196,""finger_order"":""DexterController.Visualizer"",""last_error"":null,""last_sample_age_s"":0.009179930988466367,""reconnect_count"":0,""sample_hz"":20.0,""sample_sequence"":77,""timestamp_us"":10685229280},""fingers"":{""index"":{""has_data"":true,""last_update_ts"":1784119720.394347,""mapped"":true},""middle"":{""has_data"":true,""last_update_ts"":1784119720.394347,""mapped"":true},""pinky"":{""has_data"":true,""last_update_ts"":1784119720.394347,""mapped"":true},""ring"":{""has_data"":true,""last_update_ts"":1784119720.394347,""mapped"":true},""thumb"":{""has_data"":true,""last_update_ts"":1784119720.394347,""mapped"":true}},""ports"":{""available"":[""BLE:Dexter""],""unavailable"":[]}}"
1784119720.4537268,1784119720.453498,79,ble,"{""index"":{""age_s"":0.009150505065917969,""channels"":3,""force"":[-0.40570690504531015,-0.7632064275000019],""has_data"":true,""last_update_ts"":1784119720.4443474,""raw"":[16974,16130,17927]},""middle"":{""age_s"":0.009150505065917969,""channels"":3,""force"":[-0.02451546464136456,-0.038021556569999504],""has_data"":true,""last_update_ts"":1784119720.4443474,""raw"":[15764,15713,15807]},""pinky"":{""age_s"":0.009150505065917969,""channels"":3,""force"":[-1.031572296477771,-0.7459995916799995],""has_data"":true,""last_update_ts"":1784119720.4443474,""raw"":[17425,15279,17696]},""ring"":{""age_s"":0.009150505065917969,""channels"":3,""force"":[0.27351567413599476,0.2533845339299985],""has_data"":true,""last_update_ts"":1784119720.4443474,""raw"":[15805,16374,15633]},""thumb"":{""age_s"":0.009150505065917969,""channels"":3,""force"":[0.0,-2.220446049250313e-16],""has_data"":true,""last_update_ts"":1784119720.4443474,""raw"":[0,0,0]}}","{""ble"":{""connection_state"":""connected"",""counter"":1053202,""finger_order"":""DexterController.Visualizer"",""last_error"":null,""last_sample_age_s"":0.009193365985993296,""reconnect_count"":0,""sample_hz"":20.0,""sample_sequence"":78,""timestamp_us"":10685285952},""fingers"":{""index"":{""has_data"":true,""last_update_ts"":1784119720.4443474,""mapped"":true},""middle"":{""has_data"":true,""last_update_ts"":1784119720.4443474,""mapped"":true},""pinky"":{""has_data"":true,""last_update_ts"":1784119720.4443474,""mapped"":true},""ring"":{""has_data"":true,""last_update_ts"":1784119720.4443474,""mapped"":true},""thumb"":{""has_data"":true,""last_update_ts"":1784119720.4443474,""mapped"":true}},""ports"":{""available"":[""BLE:Dexter""],""unavailable"":[]}}"
1784119720.5035818,1784119720.503456,80,ble,"{""index"":{""age_s"":0.009149789810180664,""channels"":3,""force"":[-0.4177242896734299,-0.7851312666900006],""has_data"":true,""last_update_ts"":1784119720.4943063,""raw"":[16970,16101,17950]},""middle"":{""age_s"":0.009149789810180664,""channels"":3,""force"":[-0.02595755079673623,-0.04718003370000101],""has_data"":true,""last_update_ts"":1784119720.4943063,""raw"":[15777,15723,15835]},""pinky"":{""age_s"":0.009149789810180664,""channels"":3,""force"":[-1.0267653426265202,-0.7398939402600027],""has_data"":true,""last_update_ts"":1784119720.4943063,""raw"":[17428,15292,17693]},""ring"":{""age_s"":0.009149789810180664,""channels"":3,""force"":[0.2773612372169936,0.2667059552099982],""has_data"":true,""last_update_ts"":1784119720.4943063,""raw"":[15797,16374,15605]},""thumb"":{""age_s"":0.009149789810180664,""channels"":3,""force"":[0.0,-2.220446049250313e-16],""has_data"":true,""last_update_ts"":1784119720.4943063,""raw"":[0,0,0]}}","{""ble"":{""connection_state"":""connected"",""counter"":1053207,""finger_order"":""DexterController.Visualizer"",""last_error"":null,""last_sample_age_s"":0.009176685009151697,""reconnect_count"":0,""sample_hz"":20.0,""sample_sequence"":79,""timestamp_us"":10685333056},""fingers"":{""index"":{""has_data"":true,""last_update_ts"":1784119720.4943063,""mapped"":true},""middle"":{""has_data"":true,""last_update_ts"":1784119720.4943063,""mapped"":true},""pinky"":{""has_data"":true,""last_update_ts"":1784119720.4943063,""mapped"":true},""ring"":{""has_data"":true,""last_update_ts"":1784119720.4943063,""mapped"":true},""thumb"":{""has_data"":true,""last_update_ts"":1784119720.4943063,""mapped"":true}},""ports"":{""available"":[""BLE:Dexter""],""unavailable"":[]}}"
1784119720.5537252,1784119720.5534875,81,ble,"{""index"":{""age_s"":0.009132862091064453,""channels"":3,""force"":[-0.39849647426843937,-0.7601536017900008],""has_data"":true,""last_update_ts"":1784119720.5443547,""raw"":[16970,16141,17925]},""middle"":{""age_s"":0.009132862091064453,""channels"":3,""force"":[-0.019227815404990523,-0.03774402696000223],""has_data"":true,""last_update_ts"":1784119720.5443547,""raw"":[15758,15718,15806]},""pinky"":{""age_s"":0.009132862091064453,""channels"":3,""force"":[-1.0267653426265202,-0.7410040587000024],""has_data"":true,""last_update_ts"":1784119720.5443547,""raw"":[17426,15290,17693]},""ring"":{""age_s"":0.009132862091064453,""channels"":3,""force"":[0.2754384556764933,0.25393959314999925],""has_data"":true,""last_update_ts"":1784119720.5443547,""raw"":[15806,16379,15635]},""thumb"":{""age_s"":0.009132862091064453,""channels"":3,""force"":[0.0,-2.220446049250313e-16],""has_data"":true,""last_update_ts"":1784119720.5443547,""raw"":[0,0,0]}}","{""ble"":{""connection_state"":""connected"",""counter"":1053212,""finger_order"":""DexterController.Visualizer"",""last_error"":null,""last_sample_age_s"":0.00917757699789945,""reconnect_count"":0,""sample_hz"":20.0,""sample_sequence"":80,""timestamp_us"":10685380032},""fingers"":{""index"":{""has_data"":true,""last_update_ts"":1784119720.5443547,""mapped"":true},""middle"":{""has_data"":true,""last_update_ts"":1784119720.5443547,""mapped"":true},""pinky"":{""has_data"":true,""last_update_ts"":1784119720.5443547,""mapped"":true},""ring"":{""has_data"":true,""last_update_ts"":1784119720.5443547,""mapped"":true},""thumb"":{""has_data"":true,""last_update_ts"":1784119720.5443547,""mapped"":true}},""ports"":{""available"":[""BLE:Dexter""],""unavailable"":[]}}"
1784119720.6035674,1784119720.6034534,82,ble,"{""index"":{""age_s"":0.009147405624389648,""channels"":3,""force"":[-0.40186134196431134,-0.7604311314000034],""has_data"":true,""last_update_ts"":1784119720.594306,""raw"":[16971,16135,17923]},""middle"":{""age_s"":0.009147405624389648,""channels"":3,""force"":[-0.02018920617524067,-0.03718896774000058],""has_data"":true,""last_update_ts"":1784119720.594306,""raw"":[15764,15722,15810]},""pinky"":{""age_s"":0.009147405624389648,""channels"":3,""force"":[-1.0209969980050246,-0.7443344140200008],""has_data"":true,""last_update_ts"":1784119720.594306,""raw"":[17421,15297,17700]},""ring"":{""age_s"":0.009147405624389648,""channels"":3,""force"":[0.2807261049128673,0.24922158977999942],""has_data"":true,""last_update_ts"":1784119720.594306,""raw"":[15792,16376,15635]},""thumb"":{""age_s"":0.009147405624389648,""channels"":3,""force"":[0.0,-2.220446049250313e-16],""has_data"":true,""last_update_ts"":1784119720.594306,""raw"":[0,0,0]}}","{""ble"":{""connection_state"":""connected"",""counter"":1053218,""finger_order"":""DexterController.Visualizer"",""last_error"":null,""last_sample_age_s"":0.00917350900999736,""reconnect_count"":0,""sample_hz"":20.0,""sample_sequence"":81,""timestamp_us"":10685436384},""fingers"":{""index"":{""has_data"":true,""last_update_ts"":1784119720.594306,""mapped"":true},""middle"":{""has_data"":true,""last_update_ts"":1784119720.594306,""mapped"":true},""pinky"":{""has_data"":true,""last_update_ts"":1784119720.594306,""mapped"":true},""ring"":{""has_data"":true,""last_update_ts"":1784119720.594306,""mapped"":true},""thumb"":{""has_data"":true,""last_update_ts"":1784119720.594306,""mapped"":true}},""ports"":{""available"":[""BLE:Dexter""],""unavailable"":[]}}"
1784119720.6537244,1784119720.6534889,83,ble,"{""index"":{""age_s"":0.009141921997070312,""channels"":3,""force"":[-0.4061876004304352,-0.7740300822900021],""has_data"":true,""last_update_ts"":1784119720.644347,""raw"":[16968,16123,17940]},""middle"":{""age_s"":0.009141921997070312,""channels"":3,""force"":[-0.026918941566986376,-0.038299086180002107],""has_data"":true,""last_update_ts"":1784119720.644347,""raw"":[15770,15714,15811]},""pinky"":{""age_s"":0.009141921997070312,""channels"":3,""force"":[-1.0243618657008966,-0.7407265290899989],""has_data"":true,""last_update_ts"":1784119720.644347,""raw"":[17422,15291,17691]},""ring"":{""age_s"":0.009141921997070312,""channels"":3,""force"":[0.2874558403046148,0.26198795183999835],""has_data"":true,""last_update_ts"":1784119720.644347,""raw"":[15798,16396,15625]},""thumb"":{""age_s"":0.009141921997070312,""channels"":3,""force"":[0.0,-2.220446049250313e-16],""has_data"":true,""last_update_ts"":1784119720.644347,""raw"":[0,0,0]}}","{""ble"":{""connection_state"":""connected"",""counter"":1053223,""finger_order"":""DexterController.Visualizer"",""last_error"":null,""last_sample_age_s"":0.009186903989757411,""reconnect_count"":0,""sample_hz"":20.0,""sample_sequence"":82,""timestamp_us"":10685483616},""fingers"":{""index"":{""has_data"":true,""last_update_ts"":1784119720.644347,""mapped"":true},""middle"":{""has_data"":true,""last_update_ts"":1784119720.644347,""mapped"":true},""pinky"":{""has_data"":true,""last_update_ts"":1784119720.644347,""mapped"":true},""ring"":{""has_data"":true,""last_update_ts"":1784119720.644347,""mapped"":true},""thumb"":{""has_data"":true,""last_update_ts"":1784119720.644347,""mapped"":true}},""ports"":{""available"":[""BLE:Dexter""],""unavailable"":[]}}"
1784119720.7037163,1784119720.7034955,84,ble,"{""index"":{""age_s"":0.009146451950073242,""channels"":3,""force"":[-0.406187600430437,-0.7601536017900026],""has_data"":true,""last_update_ts"":1784119720.694349,""raw"":[16977,16132,17924]},""middle"":{""age_s"":0.009146451950073242,""channels"":3,""force"":[-0.02211198771573919,-0.03552379008000184],""has_data"":true,""last_update_ts"":1784119720.694349,""raw"":[15762,15716,15803]},""pinky"":{""age_s"":0.009146451950073242,""channels"":3,""force"":[-1.025323256471145,-0.7484973581700034],""has_data"":true,""last_update_ts"":1784119720.694349,""raw"":[17419,15286,17701]},""ring"":{""age_s"":0.009146451950073242,""channels"":3,""force"":[0.2744770649062449,0.2511642970499999],""has_data"":true,""last_update_ts"":1784119720.694349,""raw"":[15797,16368,15630]},""thumb"":{""age_s"":0.009146451950073242,""channels"":3,""force"":[0.0,-2.220446049250313e-16],""has_data"":true,""last_update_ts"":1784119720.694349,""raw"":[0,0,0]}}","{""ble"":{""connection_state"":""connected"",""counter"":1053228,""finger_order"":""DexterController.Visualizer"",""last_error"":null,""last_sample_age_s"":0.00918931799242273,""reconnect_count"":0,""sample_hz"":20.0,""sample_sequence"":83,""timestamp_us"":10685530688},""fingers"":{""index"":{""has_data"":true,""last_update_ts"":1784119720.694349,""mapped"":true},""middle"":{""has_data"":true,""last_update_ts"":1784119720.694349,""mapped"":true},""pinky"":{""has_data"":true,""last_update_ts"":1784119720.694349,""mapped"":true},""ring"":{""has_data"":true,""last_update_ts"":1784119720.694349,""mapped"":true},""thumb"":{""has_data"":true,""last_update_ts"":1784119720.694349,""mapped"":true}},""ports"":{""available"":[""BLE:Dexter""],""unavailable"":[]}}"
1784119720.7537358,1784119720.753502,85,ble,"{""index"":{""age_s"":0.009183168411254883,""channels"":3,""force"":[-0.3975350834981892,-0.7607086610100033],""has_data"":true,""last_update_ts"":1784119720.7443187,""raw"":[16962,16135,17919]},""middle"":{""age_s"":0.009183168411254883,""channels"":3,""force"":[-0.022111987715740966,-0.031638375540003594],""has_data"":true,""last_update_ts"":1784119720.7443187,""raw"":[15767,15721,15801]},""pinky"":{""age_s"":0.009183168411254883,""channels"":3,""force"":[-1.0234004749306465,-0.7457220620700031],""has_data"":true,""last_update_ts"":1784119720.7443187,""raw"":[17422,15293,17701]},""ring"":{""age_s"":0.009183168411254883,""channels"":3,""force"":[0.27495776029137176,0.25532724119999806],""has_data"":true,""last_update_ts"":1784119720.7443187,""raw"":[15793,16365,15619]},""thumb"":{""age_s"":0.009183168411254883,""channels"":3,""force"":[0.0,-2.220446049250313e-16],""has_data"":true,""last_update_ts"":1784119720.7443187,""raw"":[0,0,0]}}","{""ble"":{""connection_state"":""connected"",""counter"":1053234,""finger_order"":""DexterController.Visualizer"",""last_error"":null,""last_sample_age_s"":0.009234598997863941,""reconnect_count"":0,""sample_hz"":20.0,""sample_sequence"":84,""timestamp_us"":10685587136},""fingers"":{""index"":{""has_data"":true,""last_update_ts"":1784119720.7443187,""mapped"":true},""middle"":{""has_data"":true,""last_update_ts"":1784119720.7443187,""mapped"":true},""pinky"":{""has_data"":true,""last_update_ts"":1784119720.7443187,""mapped"":true},""ring"":{""has_data"":true,""last_update_ts"":1784119720.7443187,""mapped"":true},""thumb"":{""has_data"":true,""last_update_ts"":1784119720.7443187,""mapped"":true}},""ports"":{""available"":[""BLE:Dexter""],""unavailable"":[]}}"
1784119720.803579,1784119720.8034534,86,ble,"{""index"":{""age_s"":0.009147882461547852,""channels"":3,""force"":[-0.4109945542816842,-0.7818009113700013],""has_data"":true,""last_update_ts"":1784119720.7943056,""raw"":[16966,16111,17947]},""middle"":{""age_s"":0.009147882461547852,""channels"":3,""force"":[-0.02259268310086604,-0.04079685267000155],""has_data"":true,""last_update_ts"":1784119720.7943056,""raw"":[15771,15724,15821]},""pinky"":{""age_s"":0.009147882461547852,""channels"":3,""force"":[-1.0171514349240223,-0.7382287626000021],""has_data"":true,""last_update_ts"":1784119720.7943056,""raw"":[17415,15299,17687]},""ring"":{""age_s"":0.009147882461547852,""channels"":3,""force"":[0.2869751449194933,0.2672610144299963],""has_data"":true,""last_update_ts"":1784119720.7943056,""raw"":[15795,16392,15612]},""thumb"":{""age_s"":0.009147882461547852,""channels"":3,""force"":[0.0,-2.220446049250313e-16],""has_data"":true,""last_update_ts"":1784119720.7943056,""raw"":[0,0,0]}}","{""ble"":{""connection_state"":""connected"",""counter"":1053239,""finger_order"":""DexterController.Visualizer"",""last_error"":null,""last_sample_age_s"":0.00917464199301321,""reconnect_count"":0,""sample_hz"":20.0,""sample_sequence"":85,""timestamp_us"":10685634240},""fingers"":{""index"":{""has_data"":true,""last_update_ts"":1784119720.7943056,""mapped"":true},""middle"":{""has_data"":true,""last_update_ts"":1784119720.7943056,""mapped"":true},""pinky"":{""has_data"":true,""last_update_ts"":1784119720.7943056,""mapped"":true},""ring"":{""has_data"":true,""last_update_ts"":1784119720.7943056,""mapped"":true},""thumb"":{""has_data"":true,""last_update_ts"":1784119720.7943056,""mapped"":true}},""ports"":{""available"":[""BLE:Dexter""],""unavailable"":[]}}"
1784119720.853603,1784119720.8534646,87,ble,"{""index"":{""age_s"":0.00915980339050293,""channels"":3,""force"":[-0.38311422194444766,-0.7407265290900034],""has_data"":true,""last_update_ts"":1784119720.8443048,""raw"":[16929,16132,17865]},""middle"":{""age_s"":0.00915980339050293,""channels"":3,""force"":[-0.026918941566986376,0.04940027057999963],""has_data"":true,""last_update_ts"":1784119720.8443048,""raw"":[15702,15646,15585]},""pinky"":{""age_s"":0.00915980339050293,""channels"":3,""force"":[0.8825567270890886,0.20426179295999702],""has_data"":true,""last_update_ts"":1784119720.8443048,""raw"":[16896,18732,17446]},""ring"":{""age_s"":0.00915980339050293,""channels"":3,""force"":[0.36244432038408014,0.5761514703599984],""has_data"":true,""last_update_ts"":1784119720.8443048,""raw"":[15714,16468,15053]},""thumb"":{""age_s"":0.00915980339050293,""channels"":3,""force"":[0.0,-2.220446049250313e-16],""has_data"":true,""last_update_ts"":1784119720.8443048,""raw"":[0,0,0]}}","{""ble"":{""connection_state"":""connected"",""counter"":1053244,""finger_order"":""DexterController.Visualizer"",""last_error"":null,""last_sample_age_s"":0.009187895004288293,""reconnect_count"":0,""sample_hz"":20.0,""sample_sequence"":86,""timestamp_us"":10685681184},""fingers"":{""index"":{""has_data"":true,""last_update_ts"":1784119720.8443048,""mapped"":true},""middle"":{""has_data"":true,""last_update_ts"":1784119720.8443048,""mapped"":true},""pinky"":{""has_data"":true,""last_update_ts"":1784119720.8443048,""mapped"":true},""ring"":{""has_data"":true,""last_update_ts"":1784119720.8443048,""mapped"":true},""thumb"":{""has_data"":true,""last_update_ts"":1784119720.8443048,""mapped"":true}},""ports"":{""available"":[""BLE:Dexter""],""unavailable"":[]}}"
1784119720.9035883,1784119720.9034576,88,ble,"{""index"":{""age_s"":0.009151220321655273,""channels"":3,""force"":[-0.40330342811968656,-0.7651491347699997],""has_data"":true,""last_update_ts"":1784119720.8943064,""raw"":[16970,16131,17929]},""middle"":{""age_s"":0.009151220321655273,""channels"":3,""force"":[-0.021150596945490818,-0.033303553200001446],""has_data"":true,""last_update_ts"":1784119720.8943064,""raw"":[15764,15720,15802]},""pinky"":{""age_s"":0.009151220321655273,""channels"":3,""force"":[-1.02484256108602,-0.7498850062200031],""has_data"":true,""last_update_ts"":1784119720.8943064,""raw"":[17415,15283,17700]},""ring"":{""age_s"":0.009151220321655273,""channels"":3,""force"":[0.27495776029137176,0.25588230041999793],""has_data"":true,""last_update_ts"":1784119720.8943064,""raw"":[15798,16370,15623]},""thumb"":{""age_s"":0.009151220321655273,""channels"":3,""force"":[0.0,-2.220446049250313e-16],""has_data"":true,""last_update_ts"":1784119720.8943064,""raw"":[0,0,0]}}","{""ble"":{""connection_state"":""connected"",""counter"":1053249,""finger_order"":""DexterController.Visualizer"",""last_error"":null,""last_sample_age_s"":0.009179310000035912,""reconnect_count"":0,""sample_hz"":20.0,""sample_sequence"":87,""timestamp_us"":10685728096},""fingers"":{""index"":{""has_data"":true,""last_update_ts"":1784119720.8943064,""mapped"":true},""middle"":{""has_data"":true,""last_update_ts"":1784119720.8943064,""mapped"":true},""pinky"":{""has_data"":true,""last_update_ts"":1784119720.8943064,""mapped"":true},""ring"":{""has_data"":true,""last_update_ts"":1784119720.8943064,""mapped"":true},""thumb"":{""has_data"":true,""last_update_ts"":1784119720.8943064,""mapped"":true}},""ports"":{""available"":[""BLE:Dexter""],""unavailable"":[]}}"
1784119720.9535892,1784119720.9534628,89,ble,"{""index"":{""age_s"":0.009156942367553711,""channels"":3,""force"":[-0.39897716965356445,-0.7620963090600021],""has_data"":true,""last_update_ts"":1784119720.944306,""raw"":[16970,16140,17928]},""middle"":{""age_s"":0.009156942367553711,""channels"":3,""force"":[-0.020669901560363968,-0.03136084593000099],""has_data"":true,""last_update_ts"":1784119720.944306,""raw"":[15765,15722,15800]},""pinky"":{""age_s"":0.009156942367553711,""channels"":3,""force"":[-1.0291688195521456,-0.743501825190001],""has_data"":true,""last_update_ts"":1784119720.944306,""raw"":[17429,15288,17698]},""ring"":{""age_s"":0.009156942367553711,""channels"":3,""force"":[0.27255428336574816,0.2517193562699971],""has_data"":true,""last_update_ts"":1784119720.944306,""raw"":[15799,16366,15629]},""thumb"":{""age_s"":0.009156942367553711,""channels"":3,""force"":[0.0,-2.220446049250313e-16],""has_data"":true,""last_update_ts"":1784119720.944306,""raw"":[0,0,0]}}","{""ble"":{""connection_state"":""connected"",""counter"":1053255,""finger_order"":""DexterController.Visualizer"",""last_error"":null,""last_sample_age_s"":0.009185009999782778,""reconnect_count"":0,""sample_hz"":20.0,""sample_sequence"":88,""timestamp_us"":10685784640},""fingers"":{""index"":{""has_data"":true,""last_update_ts"":1784119720.944306,""mapped"":true},""middle"":{""has_data"":true,""last_update_ts"":1784119720.944306,""mapped"":true},""pinky"":{""has_data"":true,""last_update_ts"":1784119720.944306,""mapped"":true},""ring"":{""has_data"":true,""last_update_ts"":1784119720.944306,""mapped"":true},""thumb"":{""has_data"":true,""last_update_ts"":1784119720.944306,""mapped"":true}},""ports"":{""available"":[""BLE:Dexter""],""unavailable"":[]}}"
1784119721.0035765,1784119721.003452,90,ble,"{""index"":{""age_s"":0.009146451950073242,""channels"":3,""force"":[-0.41435942197755793,-0.7820784409800039],""has_data"":true,""last_update_ts"":1784119720.9943056,""raw"":[16965,16103,17943]},""middle"":{""age_s"":0.009146451950073242,""channels"":3,""force"":[-0.016824338479370482,-0.048012622530001714],""has_data"":true,""last_update_ts"":1784119720.9943056,""raw"":[15768,15733,15837]},""pinky"":{""age_s"":0.009146451950073242,""channels"":3,""force"":[-1.0152286533835273,-0.7360085257200009],""has_data"":true,""last_update_ts"":1784119720.9943056,""raw"":[17420,15308,17690]},""ring"":{""age_s"":0.009146451950073242,""channels"":3,""force"":[0.2807261049128691,0.26809360325999965],""has_data"":true,""last_update_ts"":1784119720.9943056,""raw"":[15793,16377,15602]},""thumb"":{""age_s"":0.009146451950073242,""channels"":3,""force"":[0.0,-2.220446049250313e-16],""has_data"":true,""last_update_ts"":1784119720.9943056,""raw"":[0,0,0]}}","{""ble"":{""connection_state"":""connected"",""counter"":1053260,""finger_order"":""DexterController.Visualizer"",""last_error"":null,""last_sample_age_s"":0.009172269987175241,""reconnect_count"":0,""sample_hz"":20.0,""sample_sequence"":89,""timestamp_us"":10685831584},""fingers"":{""index"":{""has_data"":true,""last_update_ts"":1784119720.9943056,""mapped"":true},""middle"":{""has_data"":true,""last_update_ts"":1784119720.9943056,""mapped"":true},""pinky"":{""has_data"":true,""last_update_ts"":1784119720.9943056,""mapped"":true},""ring"":{""has_data"":true,""last_update_ts"":1784119720.9943056,""mapped"":true},""thumb"":{""has_data"":true,""last_update_ts"":1784119720.9943056,""mapped"":true}},""ports"":{""available"":[""BLE:Dexter""],""unavailable"":[]}}"
1784119721.053592,1784119721.0534637,91,ble,"{""index"":{""age_s"":0.009158134460449219,""channels"":3,""force"":[-0.39945786503868774,-0.7623738386700021],""has_data"":true,""last_update_ts"":1784119721.0443056,""raw"":[16968,16137,17926]},""middle"":{""age_s"":0.009158134460449219,""channels"":3,""force"":[-0.019227815404994075,-0.0338586124200031],""has_data"":true,""last_update_ts"":1784119721.0443056,""raw"":[15768,15728,15809]},""pinky"":{""age_s"":0.009158134460449219,""channels"":3,""force"":[-1.026284647241397,-0.7451670028499997],""has_data"":true,""last_update_ts"":1784119721.0443056,""raw"":[17421,15286,17696]},""ring"":{""age_s"":0.009158134460449219,""channels"":3,""force"":[0.27351567413599476,0.2528294747099995],""has_data"":true,""last_update_ts"":1784119721.0443056,""raw"":[15797,16366,15626]},""thumb"":{""age_s"":0.009158134460449219,""channels"":3,""force"":[0.0,-2.220446049250313e-16],""has_data"":true,""last_update_ts"":1784119721.0443056,""raw"":[0,0,0]}}","{""ble"":{""connection_state"":""connected"",""counter"":1053265,""finger_order"":""DexterController.Visualizer"",""last_error"":null,""last_sample_age_s"":0.009184779002680443,""reconnect_count"":0,""sample_hz"":20.0,""sample_sequence"":90,""timestamp_us"":10685878688},""fingers"":{""index"":{""has_data"":true,""last_update_ts"":1784119721.0443056,""mapped"":true},""middle"":{""has_data"":true,""last_update_ts"":1784119721.0443056,""mapped"":true},""pinky"":{""has_data"":true,""last_update_ts"":1784119721.0443056,""mapped"":true},""ring"":{""has_data"":true,""last_update_ts"":1784119721.0443056,""mapped"":true},""thumb"":{""has_data"":true,""last_update_ts"":1784119721.0443056,""mapped"":true}},""ports"":{""available"":[""BLE:Dexter""],""unavailable"":[]}}"
1784119721.103565,1784119721.103453,92,ble,"{""index"":{""age_s"":0.009147405624389648,""channels"":3,""force"":[-0.4042648188899385,-0.7612637202300023],""has_data"":true,""last_update_ts"":1784119721.0943055,""raw"":[16973,16132,17924]},""middle"":{""age_s"":0.009147405624389648,""channels"":3,""force"":[-0.021150596945490818,-0.037188967740002354],""has_data"":true,""last_update_ts"":1784119721.0943055,""raw"":[15765,15721,15810]},""pinky"":{""age_s"":0.009147405624389648,""channels"":3,""force"":[-1.0229197795455214,-0.7421141771399995],""has_data"":true,""last_update_ts"":1784119721.0943055,""raw"":[17418,15290,17691]},""ring"":{""age_s"":0.009147405624389648,""channels"":3,""force"":[0.2802454095277458,0.25726994846999673],""has_data"":true,""last_update_ts"":1784119721.0943055,""raw"":[15791,16374,15619]},""thumb"":{""age_s"":0.009147405624389648,""channels"":3,""force"":[0.0,-2.220446049250313e-16],""has_data"":true,""last_update_ts"":1784119721.0943055,""raw"":[0,0,0]}}","{""ble"":{""connection_state"":""connected"",""counter"":1053271,""finger_order"":""DexterController.Visualizer"",""last_error"":null,""last_sample_age_s"":0.00917257700348273,""reconnect_count"":0,""sample_hz"":20.0,""sample_sequence"":91,""timestamp_us"":10685935200},""fingers"":{""index"":{""has_data"":true,""last_update_ts"":1784119721.0943055,""mapped"":true},""middle"":{""has_data"":true,""last_update_ts"":1784119721.0943055,""mapped"":true},""pinky"":{""has_data"":true,""last_update_ts"":1784119721.0943055,""mapped"":true},""ring"":{""has_data"":true,""last_update_ts"":1784119721.0943055,""mapped"":true},""thumb"":{""has_data"":true,""last_update_ts"":1784119721.0943055,""mapped"":true}},""ports"":{""available"":[""BLE:Dexter""],""unavailable"":[]}}"
1784119721.1535983,1784119721.1534636,93,ble,"{""index"":{""age_s"":0.009158134460449219,""channels"":3,""force"":[-0.38455630809981756,-0.7521052431000008],""has_data"":true,""last_update_ts"":1784119721.1443055,""raw"":[16926,16126,17881]},""middle"":{""age_s"":0.009158134460449219,""channels"":3,""force"":[-0.03412937234386071,0.04801262252999994],""has_data"":true,""last_update_ts"":1784119721.1443055,""raw"":[15711,15640,15589]},""pinky"":{""age_s"":0.009158134460449219,""channels"":3,""force"":[0.9037073240345777,0.2170281550200004],""has_data"":true,""last_update_ts"":1784119721.1443055,""raw"":[16883,18763,17432]},""ring"":{""age_s"":0.009158134460449219,""channels"":3,""force"":[0.37253892347170137,0.5919706581299984],""has_data"":true,""last_update_ts"":1784119721.1443055,""raw"":[15713,16488,15034]},""thumb"":{""age_s"":0.009158134460449219,""channels"":3,""force"":[0.0,-2.220446049250313e-16],""has_data"":true,""last_update_ts"":1784119721.1443055,""raw"":[0,0,0]}}","{""ble"":{""connection_state"":""connected"",""counter"":1053276,""finger_order"":""DexterController.Visualizer"",""last_error"":null,""last_sample_age_s"":0.009183767993818037,""reconnect_count"":0,""sample_hz"":20.0,""sample_sequence"":92,""timestamp_us"":10685982304},""fingers"":{""index"":{""has_data"":true,""last_update_ts"":1784119721.1443055,""mapped"":true},""middle"":{""has_data"":true,""last_update_ts"":1784119721.1443055,""mapped"":true},""pinky"":{""has_data"":true,""last_update_ts"":1784119721.1443055,""mapped"":true},""ring"":{""has_data"":true,""last_update_ts"":1784119721.1443055,""mapped"":true},""thumb"":{""has_data"":true,""last_update_ts"":1784119721.1443055,""mapped"":true}},""ports"":{""available"":[""BLE:Dexter""],""unavailable"":[]}}"
1784119721.2035868,1784119721.2034638,94,ble,"{""index"":{""age_s"":0.009158849716186523,""channels"":3,""force"":[-0.4028227327345615,-0.7609861906200006],""has_data"":true,""last_update_ts"":1784119721.194305,""raw"":[16968,16130,17920]},""middle"":{""age_s"":0.009158849716186523,""channels"":3,""force"":[-0.020669901560363968,-0.03302602359000151],""has_data"":true,""last_update_ts"":1784119721.194305,""raw"":[15762,15719,15800]},""pinky"":{""age_s"":0.009158849716186523,""channels"":3,""force"":[-1.0238811703157733,-0.7448894732400015],""has_data"":true,""last_update_ts"":1784119721.194305,""raw"":[17421,15291,17698]},""ring"":{""age_s"":0.009158849716186523,""channels"":3,""force"":[0.2759191510616237,0.252551945099996],""has_data"":true,""last_update_ts"":1784119721.194305,""raw"":[15795,16369,15627]},""thumb"":{""age_s"":0.009158849716186523,""channels"":3,""force"":[0.0,-2.220446049250313e-16],""has_data"":true,""last_update_ts"":1784119721.194305,""raw"":[0,0,0]}}","{""ble"":{""connection_state"":""connected"",""counter"":1053281,""finger_order"":""DexterController.Visualizer"",""last_error"":null,""last_sample_age_s"":0.009185349001199938,""reconnect_count"":0,""sample_hz"":20.0,""sample_sequence"":93,""timestamp_us"":10686029248},""fingers"":{""index"":{""has_data"":true,""last_update_ts"":1784119721.194305,""mapped"":true},""middle"":{""has_data"":true,""last_update_ts"":1784119721.194305,""mapped"":true},""pinky"":{""has_data"":true,""last_update_ts"":1784119721.194305,""mapped"":true},""ring"":{""has_data"":true,""last_update_ts"":1784119721.194305,""mapped"":true},""thumb"":{""has_data"":true,""last_update_ts"":1784119721.194305,""mapped"":true}},""ports"":{""available"":[""BLE:Dexter""],""unavailable"":[]}}"
1784119721.2535923,1784119721.2534637,95,ble,"{""index"":{""age_s"":0.009158134460449219,""channels"":3,""force"":[-0.4004192558089361,-0.7607086610100016],""has_data"":true,""last_update_ts"":1784119721.2443056,""raw"":[16964,16131,17918]},""middle"":{""age_s"":0.009158134460449219,""channels"":3,""force"":[-0.02018920617524067,-0.036078849300001714],""has_data"":true,""last_update_ts"":1784119721.2443056,""raw"":[15767,15725,15811]},""pinky"":{""age_s"":0.009158134460449219,""channels"":3,""force"":[-1.0224390841603999,-0.7429467659700002],""has_data"":true,""last_update_ts"":1784119721.2443056,""raw"":[17425,15298,17700]},""ring"":{""age_s"":0.009158134460449219,""channels"":3,""force"":[0.27928401875749387,0.2594901853499971],""has_data"":true,""last_update_ts"":1784119721.2443056,""raw"":[15794,16375,15617]},""thumb"":{""age_s"":0.009158134460449219,""channels"":3,""force"":[0.0,-2.220446049250313e-16],""has_data"":true,""last_update_ts"":1784119721.2443056,""raw"":[0,0,0]}}","{""ble"":{""connection_state"":""connected"",""counter"":1053287,""finger_order"":""DexterController.Visualizer"",""last_error"":null,""last_sample_age_s"":0.009185009999782778,""reconnect_count"":0,""sample_hz"":20.0,""sample_sequence"":94,""timestamp_us"":10686085920},""fingers"":{""index"":{""has_data"":true,""last_update_ts"":1784119721.2443056,""mapped"":true},""middle"":{""has_data"":true,""last_update_ts"":1784119721.2443056,""mapped"":true},""pinky"":{""has_data"":true,""last_update_ts"":1784119721.2443056,""mapped"":true},""ring"":{""has_data"":true,""last_update_ts"":1784119721.2443056,""mapped"":true},""thumb"":{""has_data"":true,""last_update_ts"":1784119721.2443056,""mapped"":true}},""ports"":{""available"":[""BLE:Dexter""],""unavailable"":[]}}"
1784119721.303564,1784119721.303453,96,ble,"{""index"":{""age_s"":0.00914621353149414,""channels"":3,""force"":[-0.3999385604238128,-0.7609861906200033],""has_data"":true,""last_update_ts"":1784119721.2943068,""raw"":[16971,16139,17926]},""middle"":{""age_s"":0.00914621353149414,""channels"":3,""force"":[-0.020669901560363968,-0.037466497350001404],""has_data"":true,""last_update_ts"":1784119721.2943068,""raw"":[15765,15722,15811]},""pinky"":{""age_s"":0.00914621353149414,""channels"":3,""force"":[-1.020996998005021,-0.7493299470000006],""has_data"":true,""last_update_ts"":1784119721.2943068,""raw"":[17415,15291,17703]},""ring"":{""age_s"":0.00914621353149414,""channels"":3,""force"":[0.2768805418318703,0.2531070043199968],""has_data"":true,""last_update_ts"":1784119721.2943068,""raw"":[15791,16367,15623]},""thumb"":{""age_s"":0.00914621353149414,""channels"":3,""force"":[0.0,-2.220446049250313e-16],""has_data"":true,""last_update_ts"":1784119721.2943068,""raw"":[0,0,0]}}","{""ble"":{""connection_state"":""connected"",""counter"":1053292,""finger_order"":""DexterController.Visualizer"",""last_error"":null,""last_sample_age_s"":0.009171775003778748,""reconnect_count"":0,""sample_hz"":20.0,""sample_sequence"":95,""timestamp_us"":10686132832},""fingers"":{""index"":{""has_data"":true,""last_update_ts"":1784119721.2943068,""mapped"":true},""middle"":{""has_data"":true,""last_update_ts"":1784119721.2943068,""mapped"":true},""pinky"":{""has_data"":true,""last_update_ts"":1784119721.2943068,""mapped"":true},""ring"":{""has_data"":true,""last_update_ts"":1784119721.2943068,""mapped"":true},""thumb"":{""has_data"":true,""last_update_ts"":1784119721.2943068,""mapped"":true}},""ports"":{""available"":[""BLE:Dexter""],""unavailable"":[]}}"
1784119721.3535933,1784119721.3534644,97,ble,"{""index"":{""age_s"":0.009172677993774414,""channels"":3,""force"":[-0.39849647426843937,-0.766259253210003],""has_data"":true,""last_update_ts"":1784119721.3442917,""raw"":[16970,16141,17936]},""middle"":{""age_s"":0.009172677993774414,""channels"":3,""force"":[-0.018266424634740375,-0.0338586124200031],""has_data"":true,""last_update_ts"":1784119721.3442917,""raw"":[15762,15724,15804]},""pinky"":{""age_s"":0.009172677993774414,""channels"":3,""force"":[-1.0214776933901497,-0.7518277134900018],""has_data"":true,""last_update_ts"":1784119721.3442917,""raw"":[17417,15292,17709]},""ring"":{""age_s"":0.009172677993774414,""channels"":3,""force"":[0.2759191510616166,0.2553272411999963],""has_data"":true,""last_update_ts"":1784119721.3442917,""raw"":[15797,16371,15624]},""thumb"":{""age_s"":0.009172677993774414,""channels"":3,""force"":[0.0,-2.220446049250313e-16],""has_data"":true,""last_update_ts"":1784119721.3442917,""raw"":[0,0,0]}}","{""ble"":{""connection_state"":""connected"",""counter"":1053297,""finger_order"":""DexterController.Visualizer"",""last_error"":null,""last_sample_age_s"":0.009199735999573022,""reconnect_count"":0,""sample_hz"":20.0,""sample_sequence"":96,""timestamp_us"":10686179840},""fingers"":{""index"":{""has_data"":true,""last_update_ts"":1784119721.3442917,""mapped"":true},""middle"":{""has_data"":true,""last_update_ts"":1784119721.3442917,""mapped"":true},""pinky"":{""has_data"":true,""last_update_ts"":1784119721.3442917,""mapped"":true},""ring"":{""has_data"":true,""last_update_ts"":1784119721.3442917,""mapped"":true},""thumb"":{""has_data"":true,""last_update_ts"":1784119721.3442917,""mapped"":true}},""ports"":{""available"":[""BLE:Dexter""],""unavailable"":[]}}"
1784119721.4035814,1784119721.4034576,98,ble,"{""index"":{""age_s"":0.009150981903076172,""channels"":3,""force"":[-0.3989771696535609,-0.7615412498399996],""has_data"":true,""last_update_ts"":1784119721.3943067,""raw"":[16972,16142,17929]},""middle"":{""age_s"":0.009150981903076172,""channels"":3,""force"":[-0.017305033864492003,-0.03385861242000132],""has_data"":true,""last_update_ts"":1784119721.3943067,""raw"":[15763,15727,15806]},""pinky"":{""age_s"":0.009150981903076172,""channels"":3,""force"":[-1.0234004749306482,-0.742946765970002],""has_data"":true,""last_update_ts"":1784119721.3943067,""raw"":[17424,15295,17698]},""ring"":{""age_s"":0.009150981903076172,""channels"":3,""force"":[0.27784193260211687,0.25588230041999704],""has_data"":true,""last_update_ts"":1784119721.3943067,""raw"":[15793,16371,15621]},""thumb"":{""age_s"":0.009150981903076172,""channels"":3,""force"":[0.0,-2.220446049250313e-16],""has_data"":true,""last_update_ts"":1784119721.3943067,""raw"":[0,0,0]}}","{""ble"":{""connection_state"":""connected"",""counter"":1053303,""finger_order"":""DexterController.Visualizer"",""last_error"":null,""last_sample_age_s"":0.009181532994261943,""reconnect_count"":0,""sample_hz"":20.0,""sample_sequence"":97,""timestamp_us"":10686236320},""fingers"":{""index"":{""has_data"":true,""last_update_ts"":1784119721.3943067,""mapped"":true},""middle"":{""has_data"":true,""last_update_ts"":1784119721.3943067,""mapped"":true},""pinky"":{""has_data"":true,""last_update_ts"":1784119721.3943067,""mapped"":true},""ring"":{""has_data"":true,""last_update_ts"":1784119721.3943067,""mapped"":true},""thumb"":{""has_data"":true,""last_update_ts"":1784119721.3943067,""mapped"":true}},""ports"":{""available"":[""BLE:Dexter""],""unavailable"":[]}}"
1784119721.4535744,1784119721.453456,99,ble,"{""index"":{""age_s"":0.009149789810180664,""channels"":3,""force"":[-0.3941702158023155,-0.7509951246600046],""has_data"":true,""last_update_ts"":1784119721.4443061,""raw"":[16959,16139,17902]},""middle"":{""age_s"":0.009149789810180664,""channels"":3,""force"":[-0.021150596945490818,-0.00888094752000157],""has_data"":true,""last_update_ts"":1784119721.4443061,""raw"":[15744,15700,15738]},""pinky"":{""age_s"":0.009149789810180664,""channels"":3,""force"":[-0.3936895204171922,-0.435443958090004],""has_data"":true,""last_update_ts"":1784119721.4443061,""raw"":[17235,16416,17610]},""ring"":{""age_s"":0.009149789810180664,""channels"":3,""force"":[0.30187670185835813,0.36855932207999853],""has_data"":true,""last_update_ts"":1784119721.4443061,""raw"":[15775,16403,15425]},""thumb"":{""age_s"":0.009149789810180664,""channels"":3,""force"":[0.0,-2.220446049250313e-16],""has_data"":true,""last_update_ts"":1784119721.4443061,""raw"":[0,0,0]}}","{""ble"":{""connection_state"":""connected"",""counter"":1053308,""finger_order"":""DexterController.Visualizer"",""last_error"":null,""last_sample_age_s"":0.009175501996651292,""reconnect_count"":0,""sample_hz"":20.0,""sample_sequence"":98,""timestamp_us"":10686283296},""fingers"":{""index"":{""has_data"":true,""last_update_ts"":1784119721.4443061,""mapped"":true},""middle"":{""has_data"":true,""last_update_ts"":1784119721.4443061,""mapped"":true},""pinky"":{""has_data"":true,""last_update_ts"":1784119721.4443061,""mapped"":true},""ring"":{""has_data"":true,""last_update_ts"":1784119721.4443061,""mapped"":true},""thumb"":{""has_data"":true,""last_update_ts"":1784119721.4443061,""mapped"":true}},""ports"":{""available"":[""BLE:Dexter""],""unavailable"":[]}}"
1784119721.5035756,1784119721.503452,100,ble,"{""index"":{""age_s"":0.009145975112915039,""channels"":3,""force"":[-0.40330342811968833,-0.7651491347700006],""has_data"":true,""last_update_ts"":1784119721.494306,""raw"":[16969,16130,17928]},""middle"":{""age_s"":0.009145975112915039,""channels"":3,""force"":[-0.018266424634740375,-0.03496873086000285],""has_data"":true,""last_update_ts"":1784119721.494306,""raw"":[15761,15723,15805]},""pinky"":{""age_s"":0.009145975112915039,""channels"":3,""force"":[-1.0224390841603999,-0.7484973581700007],""has_data"":true,""last_update_ts"":1784119721.494306,""raw"":[17421,15294,17706]},""ring"":{""age_s"":0.009145975112915039,""channels"":3,""force"":[0.2759191510616219,0.2531070043199968],""has_data"":true,""last_update_ts"":1784119721.494306,""raw"":[15796,16370,15627]},""thumb"":{""age_s"":0.009145975112915039,""channels"":3,""force"":[0.0,-2.220446049250313e-16],""has_data"":true,""last_update_ts"":1784119721.494306,""raw"":[0,0,0]}}","{""ble"":{""connection_state"":""connected"",""counter"":1053313,""finger_order"":""DexterController.Visualizer"",""last_error"":null,""last_sample_age_s"":0.009172386999125592,""reconnect_count"":0,""sample_hz"":20.0,""sample_sequence"":99,""timestamp_us"":10686330304},""fingers"":{""index"":{""has_data"":true,""last_update_ts"":1784119721.494306,""mapped"":true},""middle"":{""has_data"":true,""last_update_ts"":1784119721.494306,""mapped"":true},""pinky"":{""has_data"":true,""last_update_ts"":1784119721.494306,""mapped"":true},""ring"":{""has_data"":true,""last_update_ts"":1784119721.494306,""mapped"":true},""thumb"":{""has_data"":true,""last_update_ts"":1784119721.494306,""mapped"":true}},""ports"":{""available"":[""BLE:Dexter""],""unavailable"":[]}}"
1784119721.553715,1784119721.5534937,101,ble,"{""index"":{""age_s"":0.009151220321655273,""channels"":3,""force"":[-0.39945786503868774,-0.7634839571100018],""has_data"":true,""last_update_ts"":1784119721.5443425,""raw"":[16972,16141,17932]},""middle"":{""age_s"":0.009151220321655273,""channels"":3,""force"":[-0.022592683100864264,-0.034691201250002024],""has_data"":true,""last_update_ts"":1784119721.5443425,""raw"":[15767,15720,15806]},""pinky"":{""age_s"":0.009151220321655273,""channels"":3,""force"":[-1.0224390841603999,-0.7457220620700031],""has_data"":true,""last_update_ts"":1784119721.5443425,""raw"":[17421,15294,17701]},""ring"":{""age_s"":0.009151220321655273,""channels"":3,""force"":[0.2778419326021222,0.24866653055999866],""has_data"":true,""last_update_ts"":1784119721.5443425,""raw"":[15791,16369,15632]},""thumb"":{""age_s"":0.009151220321655273,""channels"":3,""force"":[0.0,-2.220446049250313e-16],""has_data"":true,""last_update_ts"":1784119721.5443425,""raw"":[0,0,0]}}","{""ble"":{""connection_state"":""connected"",""counter"":1053318,""finger_order"":""DexterController.Visualizer"",""last_error"":null,""last_sample_age_s"":0.009194817001116462,""reconnect_count"":0,""sample_hz"":20.0,""sample_sequence"":100,""timestamp_us"":10686377408},""fingers"":{""index"":{""has_data"":true,""last_update_ts"":1784119721.5443425,""mapped"":true},""middle"":{""has_data"":true,""last_update_ts"":1784119721.5443425,""mapped"":true},""pinky"":{""has_data"":true,""last_update_ts"":1784119721.5443425,""mapped"":true},""ring"":{""has_data"":true,""last_update_ts"":1784119721.5443425,""mapped"":true},""thumb"":{""has_data"":true,""last_update_ts"":1784119721.5443425,""mapped"":true}},""ports"":{""available"":[""BLE:Dexter""],""unavailable"":[]}}"
1784119721.6035929,1784119721.6034591,102,ble,"{""index"":{""age_s"":0.009153604507446289,""channels"":3,""force"":[-0.40522620966018685,-0.8461877808900038],""has_data"":true,""last_update_ts"":1784119721.5943055,""raw"":[16950,16107,18053]},""middle"":{""age_s"":0.009153604507446289,""channels"":3,""force"":[-0.024034769256241262,-0.03219343476000258],""has_data"":true,""last_update_ts"":1784119721.5943055,""raw"":[15776,15726,15809]},""pinky"":{""age_s"":0.009153604507446289,""channels"":3,""force"":[-1.0238811703157733,-0.7304579335200012],""has_data"":true,""last_update_ts"":1784119721.5943055,""raw"":[17429,15299,17680]},""ring"":{""age_s"":0.009153604507446289,""channels"":3,""force"":[0.277841932602124,0.266983484819999],""has_data"":true,""last_update_ts"":1784119721.5943055,""raw"":[15803,16381,15611]},""thumb"":{""age_s"":0.009153604507446289,""channels"":3,""force"":[0.0,-2.220446049250313e-16],""has_data"":true,""last_update_ts"":1784119721.5943055,""raw"":[0,0,0]}}","{""ble"":{""connection_state"":""connected"",""counter"":1053324,""finger_order"":""DexterController.Visualizer"",""last_error"":null,""last_sample_age_s"":0.00918154300597962,""reconnect_count"":0,""sample_hz"":20.0,""sample_sequence"":101,""timestamp_us"":10686433888},""fingers"":{""index"":{""has_data"":true,""last_update_ts"":1784119721.5943055,""mapped"":true},""middle"":{""has_data"":true,""last_update_ts"":1784119721.5943055,""mapped"":true},""pinky"":{""has_data"":true,""last_update_ts"":1784119721.5943055,""mapped"":true},""ring"":{""has_data"":true,""last_update_ts"":1784119721.5943055,""mapped"":true},""thumb"":{""has_data"":true,""last_update_ts"":1784119721.5943055,""mapped"":true}},""ports"":{""available"":[""BLE:Dexter""],""unavailable"":[]}}"
1784119721.653703,1784119721.653485,103,ble,"{""index"":{""age_s"":0.009142875671386719,""channels"":3,""force"":[-0.37301961885682644,-0.8536810803599995],""has_data"":true,""last_update_ts"":1784119721.6443422,""raw"":[16906,16130,18056]},""middle"":{""age_s"":0.009142875671386719,""channels"":3,""force"":[0.0033648676958719648,-0.002497766490002107],""has_data"":true,""last_update_ts"":1784119721.6443422,""raw"":[15740,15747,15748]},""pinky"":{""age_s"":0.009142875671386719,""channels"":3,""force"":[-0.5302070097926297,-0.5192579003100031],""has_data"":true,""last_update_ts"":1784119721.6443422,""raw"":[17268,16165,17652]},""ring"":{""age_s"":0.009142875671386719,""channels"":3,""force"":[0.30331878801373513,0.3555154304099979],""has_data"":true,""last_update_ts"":1784119721.6443422,""raw"":[15779,16410,15454]},""thumb"":{""age_s"":0.009142875671386719,""channels"":3,""force"":[0.0,-2.220446049250313e-16],""has_data"":true,""last_update_ts"":1784119721.6443422,""raw"":[0,0,0]}}","{""ble"":{""connection_state"":""connected"",""counter"":1053329,""finger_order"":""DexterController.Visualizer"",""last_error"":null,""last_sample_age_s"":0.009184228008962236,""reconnect_count"":0,""sample_hz"":20.0,""sample_sequence"":102,""timestamp_us"":10686480928},""fingers"":{""index"":{""has_data"":true,""last_update_ts"":1784119721.6443422,""mapped"":true},""middle"":{""has_data"":true,""last_update_ts"":1784119721.6443422,""mapped"":true},""pinky"":{""has_data"":true,""last_update_ts"":1784119721.6443422,""mapped"":true},""ring"":{""has_data"":true,""last_update_ts"":1784119721.6443422,""mapped"":true},""thumb"":{""has_data"":true,""last_update_ts"":1784119721.6443422,""mapped"":true}},""ports"":{""available"":[""BLE:Dexter""],""unavailable"":[]}}"
1784119721.703617,1784119721.7034585,104,ble,"{""index"":{""age_s"":0.009153366088867188,""channels"":3,""force"":[-0.3956123019576889,-0.750717595050002],""has_data"":true,""last_update_ts"":1784119721.6943052,""raw"":[16982,16159,17923]},""middle"":{""age_s"":0.009153366088867188,""channels"":3,""force"":[0.004326258466122113,-0.02414507607000349],""has_data"":true,""last_update_ts"":1784119721.6943052,""raw"":[15761,15770,15809]},""pinky"":{""age_s"":0.009153366088867188,""channels"":3,""force"":[-1.0219583887752712,-0.7332332296200024],""has_data"":true,""last_update_ts"":1784119721.6943052,""raw"":[17423,15297,17681]},""ring"":{""age_s"":0.009153366088867188,""channels"":3,""force"":[0.28120680029799416,0.24061817186999868],""has_data"":true,""last_update_ts"":1784119721.6943052,""raw"":[15784,16369,15643]},""thumb"":{""age_s"":0.009153366088867188,""channels"":3,""force"":[0.0,-2.220446049250313e-16],""has_data"":true,""last_update_ts"":1784119721.6943052,""raw"":[0,0,0]}}","{""ble"":{""connection_state"":""connected"",""counter"":1053334,""finger_order"":""DexterController.Visualizer"",""last_error"":null,""last_sample_age_s"":0.00918414800253231,""reconnect_count"":0,""sample_hz"":20.0,""sample_sequence"":103,""timestamp_us"":10686527936},""fingers"":{""index"":{""has_data"":true,""last_update_ts"":1784119721.6943052,""mapped"":true},""middle"":{""has_data"":true,""last_update_ts"":1784119721.6943052,""mapped"":true},""pinky"":{""has_data"":true,""last_update_ts"":1784119721.6943052,""mapped"":true},""ring"":{""has_data"":true,""last_update_ts"":1784119721.6943052,""mapped"":true},""thumb"":{""has_data"":true,""last_update_ts"":1784119721.6943052,""mapped"":true}},""ports"":{""available"":[""BLE:Dexter""],""unavailable"":[]}}"
1784119721.7537558,1784119721.753509,105,ble,"{""index"":{""age_s"":0.009184122085571289,""channels"":3,""force"":[-0.3989771696535609,-0.7609861906200015],""has_data"":true,""last_update_ts"":1784119721.744325,""raw"":[16972,16142,17928]},""middle"":{""age_s"":0.009184122085571289,""channels"":3,""force"":[0.0,0.008880947519999793],""has_data"":true,""last_update_ts"":1784119721.744325,""raw"":[15776,15776,15760]},""pinky"":{""age_s"":0.009184122085571289,""channels"":3,""force"":[-1.0277267333967686,-0.733788288840004],""has_data"":true,""last_update_ts"":1784119721.744325,""raw"":[17431,15293,17684]},""ring"":{""age_s"":0.009184122085571289,""channels"":3,""force"":[0.2759191510616201,0.25310700431999855],""has_data"":true,""last_update_ts"":1784119721.744325,""raw"":[15792,16366,15623]},""thumb"":{""age_s"":0.009184122085571289,""channels"":3,""force"":[0.0,-2.220446049250313e-16],""has_data"":true,""last_update_ts"":1784119721.744325,""raw"":[0,0,0]}}","{""ble"":{""connection_state"":""connected"",""counter"":1053336,""finger_order"":""DexterController.Visualizer"",""last_error"":null,""last_sample_age_s"":0.009229549003066495,""reconnect_count"":0,""sample_hz"":20.0,""sample_sequence"":104,""timestamp_us"":10686546592},""fingers"":{""index"":{""has_data"":true,""last_update_ts"":1784119721.744325,""mapped"":true},""middle"":{""has_data"":true,""last_update_ts"":1784119721.744325,""mapped"":true},""pinky"":{""has_data"":true,""last_update_ts"":1784119721.744325,""mapped"":true},""ring"":{""has_data"":true,""last_update_ts"":1784119721.744325,""mapped"":true},""thumb"":{""has_data"":true,""last_update_ts"":1784119721.744325,""mapped"":true}},""ports"":{""available"":[""BLE:Dexter""],""unavailable"":[]}}"
1784119721.8036094,1784119721.8034828,106,ble,"{""index"":{""age_s"":0.009177207946777344,""channels"":3,""force"":[-0.41820498505855497,-0.7559906576400026],""has_data"":true,""last_update_ts"":1784119721.7943056,""raw"":[16980,16110,17907]},""middle"":{""age_s"":0.009177207946777344,""channels"":3,""force"":[-0.02643824618186308,0.06022392536999899],""has_data"":true,""last_update_ts"":1784119721.7943056,""raw"":[15785,15730,15649]},""pinky"":{""age_s"":0.009177207946777344,""channels"":3,""force"":[0.13603679399031066,-0.16290988107000182],""has_data"":true,""last_update_ts"":1784119721.7943056,""raw"":[17116,17399,17551]},""ring"":{""age_s"":0.009177207946777344,""channels"":3,""force"":[0.3388902465129675,0.49094988008999874],""has_data"":true,""last_update_ts"":1784119721.7943056,""raw"":[15738,16443,15206]},""thumb"":{""age_s"":0.009177207946777344,""channels"":3,""force"":[0.0,-2.220446049250313e-16],""has_data"":true,""last_update_ts"":1784119721.7943056,""raw"":[0,0,0]}}","{""ble"":{""connection_state"":""connected"",""counter"":1053346,""finger_order"":""DexterController.Visualizer"",""last_error"":null,""last_sample_age_s"":0.00920477500767447,""reconnect_count"":0,""sample_hz"":20.0,""sample_sequence"":105,""timestamp_us"":10686641120},""fingers"":{""index"":{""has_data"":true,""last_update_ts"":1784119721.7943056,""mapped"":true},""middle"":{""has_data"":true,""last_update_ts"":1784119721.7943056,""mapped"":true},""pinky"":{""has_data"":true,""last_update_ts"":1784119721.7943056,""mapped"":true},""ring"":{""has_data"":true,""last_update_ts"":1784119721.7943056,""mapped"":true},""thumb"":{""has_data"":true,""last_update_ts"":1784119721.7943056,""mapped"":true}},""ports"":{""available"":[""BLE:Dexter""],""unavailable"":[]}}"
1784119721.8537498,1784119721.8535028,107,ble,"{""index"":{""age_s"":0.009176254272460938,""channels"":3,""force"":[-0.3951316065725674,-0.7548805392000038],""has_data"":true,""last_update_ts"":1784119721.8443265,""raw"":[16987,16165,17936]},""middle"":{""age_s"":0.009176254272460938,""channels"":3,""force"":[-0.004326258466123889,-0.013043891670001528],""has_data"":true,""last_update_ts"":1784119721.8443265,""raw"":[15775,15766,15794]},""pinky"":{""age_s"":0.009176254272460938,""channels"":3,""force"":[-1.0315722964777674,-0.7343433480600021],""has_data"":true,""last_update_ts"":1784119721.8443265,""raw"":[17440,15294,17690]},""ring"":{""age_s"":0.009176254272460938,""channels"":3,""force"":[0.2739963695211216,0.24034064225999874],""has_data"":true,""last_update_ts"":1784119721.8443265,""raw"":[15792,16362,15644]},""thumb"":{""age_s"":0.009176254272460938,""channels"":3,""force"":[0.0,-2.220446049250313e-16],""has_data"":true,""last_update_ts"":1784119721.8443265,""raw"":[0,0,0]}}","{""ble"":{""connection_state"":""connected"",""counter"":1053351,""finger_order"":""DexterController.Visualizer"",""last_error"":null,""last_sample_age_s"":0.009222986991517246,""reconnect_count"":0,""sample_hz"":20.0,""sample_sequence"":106,""timestamp_us"":10686687872},""fingers"":{""index"":{""has_data"":true,""last_update_ts"":1784119721.8443265,""mapped"":true},""middle"":{""has_data"":true,""last_update_ts"":1784119721.8443265,""mapped"":true},""pinky"":{""has_data"":true,""last_update_ts"":1784119721.8443265,""mapped"":true},""ring"":{""has_data"":true,""last_update_ts"":1784119721.8443265,""mapped"":true},""thumb"":{""has_data"":true,""last_update_ts"":1784119721.8443265,""mapped"":true}},""ports"":{""available"":[""BLE:Dexter""],""unavailable"":[]}}"
1784119721.9036145,1784119721.903483,108,ble,"{""index"":{""age_s"":0.009177446365356445,""channels"":3,""force"":[-0.432145151227175,-0.7518277134900027],""has_data"":true,""last_update_ts"":1784119721.8943055,""raw"":[17014,16115,17919]},""middle"":{""age_s"":0.009177446365356445,""channels"":3,""force"":[0.021631292330615892,-0.008048358690001756],""has_data"":true,""last_update_ts"":1784119721.8943055,""raw"":[15757,15802,15794]},""pinky"":{""age_s"":0.009177446365356445,""channels"":3,""force"":[-1.0152286533835255,-0.7465546509000012],""has_data"":true,""last_update_ts"":1784119721.8943055,""raw"":[17407,15295,17696]},""ring"":{""age_s"":0.009177446365356445,""channels"":3,""force"":[0.2893786218451151,0.251996885879997],""has_data"":true,""last_update_ts"":1784119721.8943055,""raw"":[15782,16384,15629]},""thumb"":{""age_s"":0.009177446365356445,""channels"":3,""force"":[0.0,-2.220446049250313e-16],""has_data"":true,""last_update_ts"":1784119721.8943055,""raw"":[0,0,0]}}","{""ble"":{""connection_state"":""connected"",""counter"":1053356,""finger_order"":""DexterController.Visualizer"",""last_error"":null,""last_sample_age_s"":0.00920354199479334,""reconnect_count"":0,""sample_hz"":20.0,""sample_sequence"":107,""timestamp_us"":10686734944},""fingers"":{""index"":{""has_data"":true,""last_update_ts"":1784119721.8943055,""mapped"":true},""middle"":{""has_data"":true,""last_update_ts"":1784119721.8943055,""mapped"":true},""pinky"":{""has_data"":true,""last_update_ts"":1784119721.8943055,""mapped"":true},""ring"":{""has_data"":true,""last_update_ts"":1784119721.8943055,""mapped"":true},""thumb"":{""has_data"":true,""last_update_ts"":1784119721.8943055,""mapped"":true}},""ports"":{""available"":[""BLE:Dexter""],""unavailable"":[]}}"
1784119721.9537442,1784119721.9535184,109,ble,"{""index"":{""age_s"":0.009169578552246094,""channels"":3,""force"":[-0.40138064657918804,-0.775140200730001],""has_data"":true,""last_update_ts"":1784119721.9443488,""raw"":[16961,16126,17940]},""middle"":{""age_s"":0.009169578552246094,""channels"":3,""force"":[-0.010094603087619447,0.2106449739899965],""has_data"":true,""last_update_ts"":1784119721.9443488,""raw"":[15894,15873,15504]},""pinky"":{""age_s"":0.009169578552246094,""channels"":3,""force"":[-0.4441625358552894,-0.4618092710400008],""has_data"":true,""last_update_ts"":1784119721.9443488,""raw"":[17251,16327,17621]},""ring"":{""age_s"":0.009169578552246094,""channels"":3,""force"":[0.29706974800711095,0.3757750919399969],""has_data"":true,""last_update_ts"":1784119721.9443488,""raw"":[15778,16396,15410]},""thumb"":{""age_s"":0.009169578552246094,""channels"":3,""force"":[0.0,-2.220446049250313e-16],""has_data"":true,""last_update_ts"":1784119721.9443488,""raw"":[0,0,0]}}","{""ble"":{""connection_state"":""connected"",""counter"":1053361,""finger_order"":""DexterController.Visualizer"",""last_error"":null,""last_sample_age_s"":0.009214903009706177,""reconnect_count"":0,""sample_hz"":20.0,""sample_sequence"":108,""timestamp_us"":10686781888},""fingers"":{""index"":{""has_data"":true,""last_update_ts"":1784119721.9443488,""mapped"":true},""middle"":{""has_data"":true,""last_update_ts"":1784119721.9443488,""mapped"":true},""pinky"":{""has_data"":true,""last_update_ts"":1784119721.9443488,""mapped"":true},""ring"":{""has_data"":true,""last_update_ts"":1784119721.9443488,""mapped"":true},""thumb"":{""has_data"":true,""last_update_ts"":1784119721.9443488,""mapped"":true}},""ports"":{""available"":[""BLE:Dexter""],""unavailable"":[]}}"
1784119722.003614,1784119722.003472,110,ble,"{""index"":{""age_s"":0.009166240692138672,""channels"":3,""force"":[-0.4244540250651774,-0.5236983740700021],""has_data"":true,""last_update_ts"":1784119721.9943058,""raw"":[17170,16287,17672]},""middle"":{""age_s"":0.009166240692138672,""channels"":3,""force"":[-0.04903092928272734,0.24034064225999785],""has_data"":true,""last_update_ts"":1784119721.9943058,""raw"":[15996,15894,15512]},""pinky"":{""age_s"":0.009166240692138672,""channels"":3,""force"":[-1.02484256108602,-0.7509951246600011],""has_data"":true,""last_update_ts"":1784119721.9943058,""raw"":[17419,15287,17706]},""ring"":{""age_s"":0.009166240692138672,""channels"":3,""force"":[0.27591915106161835,0.2458912344599975],""has_data"":true,""last_update_ts"":1784119721.9943058,""raw"":[15793,16367,15637]},""thumb"":{""age_s"":0.009166240692138672,""channels"":3,""force"":[0.0,-2.220446049250313e-16],""has_data"":true,""last_update_ts"":1784119721.9943058,""raw"":[0,0,0]}}","{""ble"":{""connection_state"":""connected"",""counter"":1053366,""finger_order"":""DexterController.Visualizer"",""last_error"":null,""last_sample_age_s"":0.00919376700767316,""reconnect_count"":0,""sample_hz"":20.0,""sample_sequence"":109,""timestamp_us"":10686828960},""fingers"":{""index"":{""has_data"":true,""last_update_ts"":1784119721.9943058,""mapped"":true},""middle"":{""has_data"":true,""last_update_ts"":1784119721.9943058,""mapped"":true},""pinky"":{""has_data"":true,""last_update_ts"":1784119721.9943058,""mapped"":true},""ring"":{""has_data"":true,""last_update_ts"":1784119721.9943058,""mapped"":true},""thumb"":{""has_data"":true,""last_update_ts"":1784119721.9943058,""mapped"":true}},""ports"":{""available"":[""BLE:Dexter""],""unavailable"":[]}}"
1784119722.0535996,1784119722.0534644,111,ble,"{""index"":{""age_s"":0.009158849716186523,""channels"":3,""force"":[-0.3638864065394536,-0.40269546411000245],""has_data"":true,""last_update_ts"":1784119722.0443056,""raw"":[17180,16423,17527]},""middle"":{""age_s"":0.009158849716186523,""channels"":3,""force"":[-0.06200970468109723,0.2789172580499981],""has_data"":true,""last_update_ts"":1784119722.0443056,""raw"":[16028,15899,15461]},""pinky"":{""age_s"":0.009158849716186523,""channels"":3,""force"":[-1.0277267333967721,-0.7532153615400023],""has_data"":true,""last_update_ts"":1784119722.0443056,""raw"":[17425,15287,17713]},""ring"":{""age_s"":0.009158849716186523,""channels"":3,""force"":[0.27255428336574816,0.256159830029997],""has_data"":true,""last_update_ts"":1784119722.0443056,""raw"":[15802,16369,15624]},""thumb"":{""age_s"":0.009158849716186523,""channels"":3,""force"":[0.0,-2.220446049250313e-16],""has_data"":true,""last_update_ts"":1784119722.0443056,""raw"":[0,0,0]}}","{""ble"":{""connection_state"":""connected"",""counter"":1053372,""finger_order"":""DexterController.Visualizer"",""last_error"":null,""last_sample_age_s"":0.009185740011162125,""reconnect_count"":0,""sample_hz"":20.0,""sample_sequence"":110,""timestamp_us"":10686885376},""fingers"":{""index"":{""has_data"":true,""last_update_ts"":1784119722.0443056,""mapped"":true},""middle"":{""has_data"":true,""last_update_ts"":1784119722.0443056,""mapped"":true},""pinky"":{""has_data"":true,""last_update_ts"":1784119722.0443056,""mapped"":true},""ring"":{""has_data"":true,""last_update_ts"":1784119722.0443056,""mapped"":true},""thumb"":{""has_data"":true,""last_update_ts"":1784119722.0443056,""mapped"":true}},""ports"":{""available"":[""BLE:Dexter""],""unavailable"":[]}}"
1784119722.1035984,1784119722.103463,112,ble,"{""index"":{""age_s"":0.009157419204711914,""channels"":3,""force"":[-0.3585987573030831,-0.39353698698000095],""has_data"":true,""last_update_ts"":1784119722.0943055,""raw"":[17171,16425,17507]},""middle"":{""age_s"":0.009157419204711914,""channels"":3,""force"":[-0.06922013545796801,0.2608778333999986],""has_data"":true,""last_update_ts"":1784119722.0943055,""raw"":[16039,15895,15497]},""pinky"":{""age_s"":0.009157419204711914,""channels"":3,""force"":[-1.0185935210794028,-0.7396164106500009],""has_data"":true,""last_update_ts"":1784119722.0943055,""raw"":[17421,15302,17694]},""ring"":{""age_s"":0.009157419204711914,""channels"":3,""force"":[0.27495776029137176,0.25976771495999884],""has_data"":true,""last_update_ts"":1784119722.0943055,""raw"":[15796,16368,15614]},""thumb"":{""age_s"":0.009157419204711914,""channels"":3,""force"":[0.0,-2.220446049250313e-16],""has_data"":true,""last_update_ts"":1784119722.0943055,""raw"":[0,0,0]}}","{""ble"":{""connection_state"":""connected"",""counter"":1053377,""finger_order"":""DexterController.Visualizer"",""last_error"":null,""last_sample_age_s"":0.00918479700339958,""reconnect_count"":0,""sample_hz"":20.0,""sample_sequence"":111,""timestamp_us"":10686932288},""fingers"":{""index"":{""has_data"":true,""last_update_ts"":1784119722.0943055,""mapped"":true},""middle"":{""has_data"":true,""last_update_ts"":1784119722.0943055,""mapped"":true},""pinky"":{""has_data"":true,""last_update_ts"":1784119722.0943055,""mapped"":true},""ring"":{""has_data"":true,""last_update_ts"":1784119722.0943055,""mapped"":true},""thumb"":{""has_data"":true,""last_update_ts"":1784119722.0943055,""mapped"":true}},""ports"":{""available"":[""BLE:Dexter""],""unavailable"":[]}}"
1784119722.1536045,1784119722.1534712,113,ble,"{""index"":{""age_s"":0.009165525436401367,""channels"":3,""force"":[-0.3326412065063433,-0.31360845930000103],""has_data"":true,""last_update_ts"":1784119722.1443057,""raw"":[17195,16503,17414]},""middle"":{""age_s"":0.009165525436401367,""channels"":3,""force"":[-0.06441318160671905,0.2936263273799993],""has_data"":true,""last_update_ts"":1784119722.1443057,""raw"":[16034,15900,15438]},""pinky"":{""age_s"":0.009165525436401367,""channels"":3,""force"":[-1.0325336872480158,-0.7632064275000028],""has_data"":true,""last_update_ts"":1784119722.1443057,""raw"":[17423,15275,17724]},""ring"":{""age_s"":0.009165525436401367,""channels"":3,""force"":[0.2739963695211234,0.25366206353999665],""has_data"":true,""last_update_ts"":1784119722.1443057,""raw"":[15800,16370,15628]},""thumb"":{""age_s"":0.009165525436401367,""channels"":3,""force"":[0.0,-2.220446049250313e-16],""has_data"":true,""last_update_ts"":1784119722.1443057,""raw"":[0,0,0]}}","{""ble"":{""connection_state"":""connected"",""counter"":1053382,""finger_order"":""DexterController.Visualizer"",""last_error"":null,""last_sample_age_s"":0.00919200100179296,""reconnect_count"":0,""sample_hz"":20.0,""sample_sequence"":112,""timestamp_us"":10686979296},""fingers"":{""index"":{""has_data"":true,""last_update_ts"":1784119722.1443057,""mapped"":true},""middle"":{""has_data"":true,""last_update_ts"":1784119722.1443057,""mapped"":true},""pinky"":{""has_data"":true,""last_update_ts"":1784119722.1443057,""mapped"":true},""ring"":{""has_data"":true,""last_update_ts"":1784119722.1443057,""mapped"":true},""thumb"":{""has_data"":true,""last_update_ts"":1784119722.1443057,""mapped"":true}},""ports"":{""available"":[""BLE:Dexter""],""unavailable"":[]}}"
1784119722.2036076,1784119722.203465,114,ble,"{""index"":{""age_s"":0.009159564971923828,""channels"":3,""force"":[-0.2980311387773611,-0.3363658873199995],""has_data"":true,""last_update_ts"":1784119722.1943054,""raw"":[17136,16516,17432]},""middle"":{""age_s"":0.009159564971923828,""channels"":3,""force"":[-0.07066222161334323,0.31000057436999917],""has_data"":true,""last_update_ts"":1784119722.1943054,""raw"":[16048,15901,15416]},""pinky"":{""age_s"":0.009159564971923828,""channels"":3,""force"":[-1.0253232564711467,-0.7451670028500015],""has_data"":true,""last_update_ts"":1784119722.1943054,""raw"":[17421,15288,17697]},""ring"":{""age_s"":0.009159564971923828,""channels"":3,""force"":[0.2783226279872473,0.25005417860999657],""has_data"":true,""last_update_ts"":1784119722.1943054,""raw"":[15795,16374,15634]},""thumb"":{""age_s"":0.009159564971923828,""channels"":3,""force"":[0.0,-2.220446049250313e-16],""has_data"":true,""last_update_ts"":1784119722.1943054,""raw"":[0,0,0]}}","{""ble"":{""connection_state"":""connected"",""counter"":1053389,""finger_order"":""DexterController.Visualizer"",""last_error"":null,""last_sample_age_s"":0.00918639000155963,""reconnect_count"":0,""sample_hz"":20.0,""sample_sequence"":113,""timestamp_us"":10687045280},""fingers"":{""index"":{""has_data"":true,""last_update_ts"":1784119722.1943054,""mapped"":true},""middle"":{""has_data"":true,""last_update_ts"":1784119722.1943054,""mapped"":true},""pinky"":{""has_data"":true,""last_update_ts"":1784119722.1943054,""mapped"":true},""ring"":{""has_data"":true,""last_update_ts"":1784119722.1943054,""mapped"":true},""thumb"":{""has_data"":true,""last_update_ts"":1784119722.1943054,""mapped"":true}},""ports"":{""available"":[""BLE:Dexter""],""unavailable"":[]}}"
1784119722.2536442,1784119722.253515,115,ble,"{""index"":{""age_s"":0.009209394454956055,""channels"":3,""force"":[-0.31677825879722654,-0.4648620967500028],""has_data"":true,""last_update_ts"":1784119722.2443056,""raw"":[17069,16410,17577]},""middle"":{""age_s"":0.009209394454956055,""channels"":3,""force"":[-0.059125532370348566,0.1667952956099974],""has_data"":true,""last_update_ts"":1784119722.2443056,""raw"":[15948,15825,15586]},""pinky"":{""age_s"":0.009209394454956055,""channels"":3,""force"":[-1.0536842841935083,-0.7421141771400004],""has_data"":true,""last_update_ts"":1784119722.2443056,""raw"":[17455,15263,17696]},""ring"":{""age_s"":0.009209394454956055,""channels"":3,""force"":[0.27255428336574816,0.24339346796999894],""has_data"":true,""last_update_ts"":1784119722.2443056,""raw"":[15798,16365,15643]},""thumb"":{""age_s"":0.009209394454956055,""channels"":3,""force"":[0.0,-2.220446049250313e-16],""has_data"":true,""last_update_ts"":1784119722.2443056,""raw"":[0,0,0]}}","{""ble"":{""connection_state"":""connected"",""counter"":1053394,""finger_order"":""DexterController.Visualizer"",""last_error"":null,""last_sample_age_s"":0.009236099009285681,""reconnect_count"":0,""sample_hz"":20.0,""sample_sequence"":114,""timestamp_us"":10687092256},""fingers"":{""index"":{""has_data"":true,""last_update_ts"":1784119722.2443056,""mapped"":true},""middle"":{""has_data"":true,""last_update_ts"":1784119722.2443056,""mapped"":true},""pinky"":{""has_data"":true,""last_update_ts"":1784119722.2443056,""mapped"":true},""ring"":{""has_data"":true,""last_update_ts"":1784119722.2443056,""mapped"":true},""thumb"":{""has_data"":true,""last_update_ts"":1784119722.2443056,""mapped"":true}},""ports"":{""available"":[""BLE:Dexter""],""unavailable"":[]}}"
1784119722.3035886,1784119722.3034558,116,ble,"{""index"":{""age_s"":0.009150505065917969,""channels"":3,""force"":[-0.38599839425519455,-0.43988443185000126],""has_data"":true,""last_update_ts"":1784119722.2943053,""raw"":[17172,16369,17563]},""middle"":{""age_s"":0.009150505065917969,""channels"":3,""force"":[-0.10190742164644995,0.13765468655999857],""has_data"":true,""last_update_ts"":1784119722.2943053,""raw"":[15976,15764,15622]},""pinky"":{""age_s"":0.009150505065917969,""channels"":3,""force"":[-1.0301302103223957,-0.7468321805100002],""has_data"":true,""last_update_ts"":1784119722.2943053,""raw"":[17421,15278,17695]},""ring"":{""age_s"":0.009150505065917969,""channels"":3,""force"":[0.27880332337237057,0.26587336637999925],""has_data"":true,""last_update_ts"":1784119722.2943053,""raw"":[15802,16382,15613]},""thumb"":{""age_s"":0.009150505065917969,""channels"":3,""force"":[0.0,-2.220446049250313e-16],""has_data"":true,""last_update_ts"":1784119722.2943053,""raw"":[0,0,0]}}","{""ble"":{""connection_state"":""connected"",""counter"":1053399,""finger_order"":""DexterController.Visualizer"",""last_error"":null,""last_sample_age_s"":0.00917724400642328,""reconnect_count"":0,""sample_hz"":20.0,""sample_sequence"":115,""timestamp_us"":10687139264},""fingers"":{""index"":{""has_data"":true,""last_update_ts"":1784119722.2943053,""mapped"":true},""middle"":{""has_data"":true,""last_update_ts"":1784119722.2943053,""mapped"":true},""pinky"":{""has_data"":true,""last_update_ts"":1784119722.2943053,""mapped"":true},""ring"":{""has_data"":true,""last_update_ts"":1784119722.2943053,""mapped"":true},""thumb"":{""has_data"":true,""last_update_ts"":1784119722.2943053,""mapped"":true}},""ports"":{""available"":[""BLE:Dexter""],""unavailable"":[]}}"
1784119722.3537145,1784119722.3534954,117,ble,"{""index"":{""age_s"":0.009175777435302734,""channels"":3,""force"":[-0.3821528311741975,-0.5014960052700017],""has_data"":true,""last_update_ts"":1784119722.3443196,""raw"":[17117,16322,17623]},""middle"":{""age_s"":0.009175777435302734,""channels"":3,""force"":[-0.04806953851247542,0.10601631101999942],""has_data"":true,""last_update_ts"":1784119722.3443196,""raw"":[15914,15814,15673]},""pinky"":{""age_s"":0.009175777435302734,""channels"":3,""force"":[-1.0190742164645226,-0.7487748877800025],""has_data"":true,""last_update_ts"":1784119722.3443196,""raw"":[17408,15288,17697]},""ring"":{""age_s"":0.009175777435302734,""channels"":3,""force"":[0.28120680029799594,0.2533845339299967],""has_data"":true,""last_update_ts"":1784119722.3443196,""raw"":[15788,16373,15624]},""thumb"":{""age_s"":0.009175777435302734,""channels"":3,""force"":[0.0,-2.220446049250313e-16],""has_data"":true,""last_update_ts"":1784119722.3443196,""raw"":[0,0,0]}}","{""ble"":{""connection_state"":""connected"",""counter"":1053405,""finger_order"":""DexterController.Visualizer"",""last_error"":null,""last_sample_age_s"":0.009219961008056998,""reconnect_count"":0,""sample_hz"":20.0,""sample_sequence"":116,""timestamp_us"":10687195648},""fingers"":{""index"":{""has_data"":true,""last_update_ts"":1784119722.3443196,""mapped"":true},""middle"":{""has_data"":true,""last_update_ts"":1784119722.3443196,""mapped"":true},""pinky"":{""has_data"":true,""last_update_ts"":1784119722.3443196,""mapped"":true},""ring"":{""has_data"":true,""last_update_ts"":1784119722.3443196,""mapped"":true},""thumb"":{""has_data"":true,""last_update_ts"":1784119722.3443196,""mapped"":true}},""ports"":{""available"":[""BLE:Dexter""],""unavailable"":[]}}"
1784119722.403709,1784119722.4034903,118,ble,"{""index"":{""age_s"":0.009169816970825195,""channels"":3,""force"":[-0.37974935424857215,-0.5012184756600035],""has_data"":true,""last_update_ts"":1784119722.3943205,""raw"":[17127,16337,17635]},""middle"":{""age_s"":0.009169816970825195,""channels"":3,""force"":[-0.026918941566986376,0.12877373903999878],""has_data"":true,""last_update_ts"":1784119722.3943205,""raw"":[15902,15846,15642]},""pinky"":{""age_s"":0.009169816970825195,""channels"":3,""force"":[-1.0296495149372689,-0.7482198285600008],""has_data"":true,""last_update_ts"":1784119722.3943205,""raw"":[17427,15285,17704]},""ring"":{""age_s"":0.009169816970825195,""channels"":3,""force"":[0.2715928925954998,0.2550497115899981],""has_data"":true,""last_update_ts"":1784119722.3943205,""raw"":[15803,16368,15626]},""thumb"":{""age_s"":0.009169816970825195,""channels"":3,""force"":[0.0,-2.220446049250313e-16],""has_data"":true,""last_update_ts"":1784119722.3943205,""raw"":[0,0,0]}}","{""ble"":{""connection_state"":""connected"",""counter"":1053410,""finger_order"":""DexterController.Visualizer"",""last_error"":null,""last_sample_age_s"":0.009211796990712173,""reconnect_count"":0,""sample_hz"":20.0,""sample_sequence"":117,""timestamp_us"":10687242688},""fingers"":{""index"":{""has_data"":true,""last_update_ts"":1784119722.3943205,""mapped"":true},""middle"":{""has_data"":true,""last_update_ts"":1784119722.3943205,""mapped"":true},""pinky"":{""has_data"":true,""last_update_ts"":1784119722.3943205,""mapped"":true},""ring"":{""has_data"":true,""last_update_ts"":1784119722.3943205,""mapped"":true},""thumb"":{""has_data"":true,""last_update_ts"":1784119722.3943205,""mapped"":true}},""ports"":{""available"":[""BLE:Dexter""],""unavailable"":[]}}"
1784119722.453729,1784119722.45351,119,ble,"{""index"":{""age_s"":0.00919485092163086,""channels"":3,""force"":[-0.3994578650386895,-0.5264736701700032],""has_data"":true,""last_update_ts"":1784119722.4443152,""raw"":[17143,16312,17676]},""middle"":{""age_s"":0.00919485092163086,""channels"":3,""force"":[-0.014420861553745112,0.11212196243999806],""has_data"":true,""last_update_ts"":1784119722.4443152,""raw"":[15883,15853,15666]},""pinky"":{""age_s"":0.00919485092163086,""channels"":3,""force"":[-1.0282074287818936,-0.7490524173900006],""has_data"":true,""last_update_ts"":1784119722.4443152,""raw"":[17423,15284,17703]},""ring"":{""age_s"":0.00919485092163086,""channels"":3,""force"":[0.27255428336574816,0.2489440601699977],""has_data"":true,""last_update_ts"":1784119722.4443152,""raw"":[15799,16366,15634]},""thumb"":{""age_s"":0.00919485092163086,""channels"":3,""force"":[0.0,-2.220446049250313e-16],""has_data"":true,""last_update_ts"":1784119722.4443152,""raw"":[0,0,0]}}","{""ble"":{""connection_state"":""connected"",""counter"":1053415,""finger_order"":""DexterController.Visualizer"",""last_error"":null,""last_sample_age_s"":0.009239295992301777,""reconnect_count"":0,""sample_hz"":20.0,""sample_sequence"":118,""timestamp_us"":10687289696},""fingers"":{""index"":{""has_data"":true,""last_update_ts"":1784119722.4443152,""mapped"":true},""middle"":{""has_data"":true,""last_update_ts"":1784119722.4443152,""mapped"":true},""pinky"":{""has_data"":true,""last_update_ts"":1784119722.4443152,""mapped"":true},""ring"":{""has_data"":true,""last_update_ts"":1784119722.4443152,""mapped"":true},""thumb"":{""has_data"":true,""last_update_ts"":1784119722.4443152,""mapped"":true}},""ports"":{""available"":[""BLE:Dexter""],""unavailable"":[]}}"
1784119722.5037084,1784119722.5034926,120,ble,"{""index"":{""age_s"":0.009169578552246094,""channels"":3,""force"":[-0.38599839425519633,-0.5114870712300021],""has_data"":true,""last_update_ts"":1784119722.494323,""raw"":[17145,16342,17665]},""middle"":{""age_s"":0.009169578552246094,""channels"":3,""force"":[-0.01874712001986545,0.12128043956999957],""has_data"":true,""last_update_ts"":1784119722.494323,""raw"":[15901,15862,15663]},""pinky"":{""age_s"":0.009169578552246094,""channels"":3,""force"":[-1.0224390841603963,-0.7418366475300013],""has_data"":true,""last_update_ts"":1784119722.494323,""raw"":[17419,15292,17692]},""ring"":{""age_s"":0.009169578552246094,""channels"":3,""force"":[0.2869751449194915,0.2556047708099962],""has_data"":true,""last_update_ts"":1784119722.494323,""raw"":[15791,16388,15629]},""thumb"":{""age_s"":0.009169578552246094,""channels"":3,""force"":[0.0,-2.220446049250313e-16],""has_data"":true,""last_update_ts"":1784119722.494323,""raw"":[0,0,0]}}","{""ble"":{""connection_state"":""connected"",""counter"":1053420,""finger_order"":""DexterController.Visualizer"",""last_error"":null,""last_sample_age_s"":0.009212417993694544,""reconnect_count"":0,""sample_hz"":20.0,""sample_sequence"":119,""timestamp_us"":10687336672},""fingers"":{""index"":{""has_data"":true,""last_update_ts"":1784119722.494323,""mapped"":true},""middle"":{""has_data"":true,""last_update_ts"":1784119722.494323,""mapped"":true},""pinky"":{""has_data"":true,""last_update_ts"":1784119722.494323,""mapped"":true},""ring"":{""has_data"":true,""last_update_ts"":1784119722.494323,""mapped"":true},""thumb"":{""has_data"":true,""last_update_ts"":1784119722.494323,""mapped"":true}},""ports"":{""available"":[""BLE:Dexter""],""unavailable"":[]}}"
1784119722.5536034,1784119722.5534663,121,ble,"{""index"":{""age_s"":0.00916433334350586,""channels"":3,""force"":[-0.4052262096601851,-0.46153174143000353],""has_data"":true,""last_update_ts"":1784119722.544302,""raw"":[17197,16354,17607]},""middle"":{""age_s"":0.00916433334350586,""channels"":3,""force"":[-0.023554073871116188,0.1401524530499989],""has_data"":true,""last_update_ts"":1784119722.544302,""raw"":[15915,15866,15638]},""pinky"":{""age_s"":0.00916433334350586,""channels"":3,""force"":[-1.021477693390148,-0.7451670028500006],""has_data"":true,""last_update_ts"":1784119722.544302,""raw"":[17416,15291,17696]},""ring"":{""age_s"":0.00916433334350586,""channels"":3,""force"":[0.2831295818384927,0.25671488924999863],""has_data"":true,""last_update_ts"":1784119722.544302,""raw"":[15798,16387,15630]},""thumb"":{""age_s"":0.00916433334350586,""channels"":3,""force"":[0.0,-2.220446049250313e-16],""has_data"":true,""last_update_ts"":1784119722.544302,""raw"":[0,0,0]}}","{""ble"":{""connection_state"":""connected"",""counter"":1053426,""finger_order"":""DexterController.Visualizer"",""last_error"":null,""last_sample_age_s"":0.009191400007694028,""reconnect_count"":0,""sample_hz"":20.0,""sample_sequence"":120,""timestamp_us"":10687393184},""fingers"":{""index"":{""has_data"":true,""last_update_ts"":1784119722.544302,""mapped"":true},""middle"":{""has_data"":true,""last_update_ts"":1784119722.544302,""mapped"":true},""pinky"":{""has_data"":true,""last_update_ts"":1784119722.544302,""mapped"":true},""ring"":{""has_data"":true,""last_update_ts"":1784119722.544302,""mapped"":true},""thumb"":{""has_data"":true,""last_update_ts"":1784119722.544302,""mapped"":true}},""ports"":{""available"":[""BLE:Dexter""],""unavailable"":[]}}"
1784119722.6037438,1784119722.6035254,122,ble,"{""index"":{""age_s"":0.009206295013427734,""channels"":3,""force"":[-0.39320882503206533,-0.40186287528000086],""has_data"":true,""last_update_ts"":1784119722.594319,""raw"":[17219,16401,17534]},""middle"":{""age_s"":0.009206295013427734,""channels"":3,""force"":[-0.00769112616199763,0.1654076475599977],""has_data"":true,""last_update_ts"":1784119722.594319,""raw"":[15911,15895,15605]},""pinky"":{""age_s"":0.009206295013427734,""channels"":3,""force"":[-1.0200356072347763,-0.7493299470000006],""has_data"":true,""last_update_ts"":1784119722.594319,""raw"":[17417,15295,17706]},""ring"":{""age_s"":0.009206295013427734,""channels"":3,""force"":[0.27495776029137176,0.25088676743999905],""has_data"":true,""last_update_ts"":1784119722.594319,""raw"":[15796,16368,15630]},""thumb"":{""age_s"":0.009206295013427734,""channels"":3,""force"":[0.0,-2.220446049250313e-16],""has_data"":true,""last_update_ts"":1784119722.594319,""raw"":[0,0,0]}}","{""ble"":{""connection_state"":""connected"",""counter"":1053431,""finger_order"":""DexterController.Visualizer"",""last_error"":null,""last_sample_age_s"":0.009260944003472105,""reconnect_count"":0,""sample_hz"":20.0,""sample_sequence"":121,""timestamp_us"":10687440320},""fingers"":{""index"":{""has_data"":true,""last_update_ts"":1784119722.594319,""mapped"":true},""middle"":{""has_data"":true,""last_update_ts"":1784119722.594319,""mapped"":true},""pinky"":{""has_data"":true,""last_update_ts"":1784119722.594319,""mapped"":true},""ring"":{""has_data"":true,""last_update_ts"":1784119722.594319,""mapped"":true},""thumb"":{""has_data"":true,""last_update_ts"":1784119722.594319,""mapped"":true}},""ports"":{""available"":[""BLE:Dexter""],""unavailable"":[]}}"
1784119722.653601,1784119722.6534677,123,ble,"{""index"":{""age_s"":0.009162187576293945,""channels"":3,""force"":[-0.3888825665659432,-0.2844678502500022],""has_data"":true,""last_update_ts"":1784119722.6443055,""raw"":[17279,16470,17387]},""middle"":{""age_s"":0.009162187576293945,""channels"":3,""force"":[-0.02403476925623771,0.19205049011999886],""has_data"":true,""last_update_ts"":1784119722.6443055,""raw"":[15955,15905,15584]},""pinky"":{""age_s"":0.009162187576293945,""channels"":3,""force"":[-1.0209969980050229,-0.7437793548000009],""has_data"":true,""last_update_ts"":1784119722.6443055,""raw"":[17414,15290,17692]},""ring"":{""age_s"":0.009162187576293945,""channels"":3,""force"":[0.27928401875749564,0.2622654814499974],""has_data"":true,""last_update_ts"":1784119722.6443055,""raw"":[15803,16384,15621]},""thumb"":{""age_s"":0.009162187576293945,""channels"":3,""force"":[0.0,-2.220446049250313e-16],""has_data"":true,""last_update_ts"":1784119722.6443055,""raw"":[0,0,0]}}","{""ble"":{""connection_state"":""connected"",""counter"":1053436,""finger_order"":""DexterController.Visualizer"",""last_error"":null,""last_sample_age_s"":0.00919455500843469,""reconnect_count"":0,""sample_hz"":20.0,""sample_sequence"":122,""timestamp_us"":10687487328},""fingers"":{""index"":{""has_data"":true,""last_update_ts"":1784119722.6443055,""mapped"":true},""middle"":{""has_data"":true,""last_update_ts"":1784119722.6443055,""mapped"":true},""pinky"":{""has_data"":true,""last_update_ts"":1784119722.6443055,""mapped"":true},""ring"":{""has_data"":true,""last_update_ts"":1784119722.6443055,""mapped"":true},""thumb"":{""has_data"":true,""last_update_ts"":1784119722.6443055,""mapped"":true}},""ports"":{""available"":[""BLE:Dexter""],""unavailable"":[]}}"
1784119722.7037175,1784119722.7034962,124,ble,"{""index"":{""age_s"":0.009175777435302734,""channels"":3,""force"":[-0.36052153884357985,-0.1704031805400028],""has_data"":true,""last_update_ts"":1784119722.6943204,""raw"":[17317,16567,17249]},""middle"":{""age_s"":0.009175777435302734,""channels"":3,""force"":[-0.041820498505854786,0.24283840874999818],""has_data"":true,""last_update_ts"":1784119722.6943204,""raw"":[16004,15917,15523]},""pinky"":{""age_s"":0.009175777435302734,""channels"":3,""force"":[-1.0219583887752712,-0.7454445324600023],""has_data"":true,""last_update_ts"":1784119722.6943204,""raw"":[17418,15292,17698]},""ring"":{""age_s"":0.009175777435302734,""channels"":3,""force"":[0.2864944495343682,0.25810253729999566],""has_data"":true,""last_update_ts"":1784119722.6943204,""raw"":[15795,16391,15628]},""thumb"":{""age_s"":0.009175777435302734,""channels"":3,""force"":[0.0,-2.220446049250313e-16],""has_data"":true,""last_update_ts"":1784119722.6943204,""raw"":[0,0,0]}}","{""ble"":{""connection_state"":""connected"",""counter"":1053442,""finger_order"":""DexterController.Visualizer"",""last_error"":null,""last_sample_age_s"":0.009221914995578118,""reconnect_count"":0,""sample_hz"":20.0,""sample_sequence"":123,""timestamp_us"":10687543744},""fingers"":{""index"":{""has_data"":true,""last_update_ts"":1784119722.6943204,""mapped"":true},""middle"":{""has_data"":true,""last_update_ts"":1784119722.6943204,""mapped"":true},""pinky"":{""has_data"":true,""last_update_ts"":1784119722.6943204,""mapped"":true},""ring"":{""has_data"":true,""last_update_ts"":1784119722.6943204,""mapped"":true},""thumb"":{""has_data"":true,""last_update_ts"":1784119722.6943204,""mapped"":true}},""ports"":{""available"":[""BLE:Dexter""],""unavailable"":[]}}"
1784119722.7535963,1784119722.7534666,125,ble,"{""index"":{""age_s"":0.009159088134765625,""channels"":3,""force"":[-0.3230272988038472,-0.10324101492000093],""has_data"":true,""last_update_ts"":1784119722.7443075,""raw"":[17324,16652,17174]},""middle"":{""age_s"":0.009159088134765625,""channels"":3,""force"":[-0.029322418492613522,0.26948125130999934],""has_data"":true,""last_update_ts"":1784119722.7443075,""raw"":[15994,15933,15478]},""pinky"":{""age_s"":0.009159088134765625,""channels"":3,""force"":[-1.0238811703157733,-0.748219828559999],""has_data"":true,""last_update_ts"":1784119722.7443075,""raw"":[17420,15290,17703]},""ring"":{""age_s"":0.009159088134765625,""channels"":3,""force"":[0.2759191510616166,0.2503317082199974],""has_data"":true,""last_update_ts"":1784119722.7443075,""raw"":[15797,16371,15633]},""thumb"":{""age_s"":0.009159088134765625,""channels"":3,""force"":[0.0,-2.220446049250313e-16],""has_data"":true,""last_update_ts"":1784119722.7443075,""raw"":[0,0,0]}}","{""ble"":{""connection_state"":""connected"",""counter"":1053447,""finger_order"":""DexterController.Visualizer"",""last_error"":null,""last_sample_age_s"":0.009186249997583218,""reconnect_count"":0,""sample_hz"":20.0,""sample_sequence"":124,""timestamp_us"":10687590880},""fingers"":{""index"":{""has_data"":true,""last_update_ts"":1784119722.7443075,""mapped"":true},""middle"":{""has_data"":true,""last_update_ts"":1784119722.7443075,""mapped"":true},""pinky"":{""has_data"":true,""last_update_ts"":1784119722.7443075,""mapped"":true},""ring"":{""has_data"":true,""last_update_ts"":1784119722.7443075,""mapped"":true},""thumb"":{""has_data"":true,""last_update_ts"":1784119722.7443075,""mapped"":true}},""ports"":{""available"":[""BLE:Dexter""],""unavailable"":[]}}"
1784119722.8035994,1784119722.8034642,126,ble,"{""index"":{""age_s"":0.00915837287902832,""channels"":3,""force"":[-0.2893786218451133,-0.066607106400002],""has_data"":true,""last_update_ts"":1784119722.7943058,""raw"":[17312,16710,17131]},""middle"":{""age_s"":0.00915837287902832,""channels"":3,""force"":[-0.04518536620172853,0.3152736369599971],""has_data"":true,""last_update_ts"":1784119722.7943058,""raw"":[16046,15952,15431]},""pinky"":{""age_s"":0.00915837287902832,""channels"":3,""force"":[-1.0248425610860235,-0.7493299470000023],""has_data"":true,""last_update_ts"":1784119722.7943058,""raw"":[17421,15289,17705]},""ring"":{""age_s"":0.00915837287902832,""channels"":3,""force"":[0.276399846446747,0.2461687640699992],""has_data"":true,""last_update_ts"":1784119722.7943058,""raw"":[15788,16363,15632]},""thumb"":{""age_s"":0.00915837287902832,""channels"":3,""force"":[0.0,-2.220446049250313e-16],""has_data"":true,""last_update_ts"":1784119722.7943058,""raw"":[0,0,0]}}","{""ble"":{""connection_state"":""connected"",""counter"":1053452,""finger_order"":""DexterController.Visualizer"",""last_error"":null,""last_sample_age_s"":0.009185930000967346,""reconnect_count"":0,""sample_hz"":20.0,""sample_sequence"":125,""timestamp_us"":10687637856},""fingers"":{""index"":{""has_data"":true,""last_update_ts"":1784119722.7943058,""mapped"":true},""middle"":{""has_data"":true,""last_update_ts"":1784119722.7943058,""mapped"":true},""pinky"":{""has_data"":true,""last_update_ts"":1784119722.7943058,""mapped"":true},""ring"":{""has_data"":true,""last_update_ts"":1784119722.7943058,""mapped"":true},""thumb"":{""has_data"":true,""last_update_ts"":1784119722.7943058,""mapped"":true}},""ports"":{""available"":[""BLE:Dexter""],""unavailable"":[]}}"
1784119722.8535893,1784119722.853464,127,ble,"{""index"":{""age_s"":0.009158849716186523,""channels"":3,""force"":[-0.31437478187160295,-0.04718003370000101],""has_data"":true,""last_update_ts"":1784119722.844305,""raw"":[17335,16681,17093]},""middle"":{""age_s"":0.009158849716186523,""channels"":3,""force"":[-0.0475888431273539,0.306670219049999],""has_data"":true,""last_update_ts"":1784119722.844305,""raw"":[16064,15965,15462]},""pinky"":{""age_s"":0.009158849716186523,""channels"":3,""force"":[-1.0209969980050229,-0.7459995916800022],""has_data"":true,""last_update_ts"":1784119722.844305,""raw"":[17418,15294,17700]},""ring"":{""age_s"":0.009158849716186523,""channels"":3,""force"":[0.2735156741359983,0.26559583676999754],""has_data"":true,""last_update_ts"":1784119722.844305,""raw"":[15799,16368,15605]},""thumb"":{""age_s"":0.009158849716186523,""channels"":3,""force"":[0.0,-2.220446049250313e-16],""has_data"":true,""last_update_ts"":1784119722.844305,""raw"":[0,0,0]}}","{""ble"":{""connection_state"":""connected"",""counter"":1053458,""finger_order"":""DexterController.Visualizer"",""last_error"":null,""last_sample_age_s"":0.00918514899967704,""reconnect_count"":0,""sample_hz"":20.0,""sample_sequence"":126,""timestamp_us"":10687694240},""fingers"":{""index"":{""has_data"":true,""last_update_ts"":1784119722.844305,""mapped"":true},""middle"":{""has_data"":true,""last_update_ts"":1784119722.844305,""mapped"":true},""pinky"":{""has_data"":true,""last_update_ts"":1784119722.844305,""mapped"":true},""ring"":{""has_data"":true,""last_update_ts"":1784119722.844305,""mapped"":true},""thumb"":{""has_data"":true,""last_update_ts"":1784119722.844305,""mapped"":true}},""ports"":{""available"":[""BLE:Dexter""],""unavailable"":[]}}"
1784119722.9035866,1784119722.90346,128,ble,"{""index"":{""age_s"":0.009154796600341797,""channels"":3,""force"":[-0.25572994488637946,-0.0471800337000019],""has_data"":true,""last_update_ts"":1784119722.8943052,""raw"":[17279,16747,17098]},""middle"":{""age_s"":0.009154796600341797,""channels"":3,""force"":[-0.07450778469434027,0.41046629318999983],""has_data"":true,""last_update_ts"":1784119722.8943052,""raw"":[15986,15831,15169]},""pinky"":{""age_s"":0.009154796600341797,""channels"":3,""force"":[1.9593143897685845,0.6261068001599988],""has_data"":true,""last_update_ts"":1784119722.8943052,""raw"":[16365,20441,17275]},""ring"":{""age_s"":0.009154796600341797,""channels"":3,""force"":[0.3052415695542319,0.8284258858499989],""has_data"":true,""last_update_ts"":1784119722.8943052,""raw"":[15735,16370,14560]},""thumb"":{""age_s"":0.009154796600341797,""channels"":3,""force"":[0.0,-2.220446049250313e-16],""has_data"":true,""last_update_ts"":1784119722.8943052,""raw"":[0,0,0]}}","{""ble"":{""connection_state"":""connected"",""counter"":1053463,""finger_order"":""DexterController.Visualizer"",""last_error"":null,""last_sample_age_s"":0.00918154200189747,""reconnect_count"":0,""sample_hz"":20.0,""sample_sequence"":127,""timestamp_us"":10687741312},""fingers"":{""index"":{""has_data"":true,""last_update_ts"":1784119722.8943052,""mapped"":true},""middle"":{""has_data"":true,""last_update_ts"":1784119722.8943052,""mapped"":true},""pinky"":{""has_data"":true,""last_update_ts"":1784119722.8943052,""mapped"":true},""ring"":{""has_data"":true,""last_update_ts"":1784119722.8943052,""mapped"":true},""thumb"":{""has_data"":true,""last_update_ts"":1784119722.8943052,""mapped"":true}},""ports"":{""available"":[""BLE:Dexter""],""unavailable"":[]}}"
1784119722.9535913,1784119722.9534588,129,ble,"{""index"":{""age_s"":0.009155988693237305,""channels"":3,""force"":[-0.25621064027150453,-0.19621343427000149],""has_data"":true,""last_update_ts"":1784119722.9443028,""raw"":[17234,16701,17321]},""middle"":{""age_s"":0.009155988693237305,""channels"":3,""force"":[-0.11536689242994669,0.3169388146199976],""has_data"":true,""last_update_ts"":1784119722.9443028,""raw"":[16168,15928,15477]},""pinky"":{""age_s"":0.009155988693237305,""channels"":3,""force"":[-1.0200356072347727,-0.7448894732400007],""has_data"":true,""last_update_ts"":1784119722.9443028,""raw"":[17418,15296,17699]},""ring"":{""age_s"":0.009155988693237305,""channels"":3,""force"":[0.27543845567649683,0.2511642970499972],""has_data"":true,""last_update_ts"":1784119722.9443028,""raw"":[15799,16372,15633]},""thumb"":{""age_s"":0.009155988693237305,""channels"":3,""force"":[0.0,-2.220446049250313e-16],""has_data"":true,""last_update_ts"":1784119722.9443028,""raw"":[0,0,0]}}","{""ble"":{""connection_state"":""connected"",""counter"":1053468,""finger_order"":""DexterController.Visualizer"",""last_error"":null,""last_sample_age_s"":0.009183114001643844,""reconnect_count"":0,""sample_hz"":20.0,""sample_sequence"":128,""timestamp_us"":10687788384},""fingers"":{""index"":{""has_data"":true,""last_update_ts"":1784119722.9443028,""mapped"":true},""middle"":{""has_data"":true,""last_update_ts"":1784119722.9443028,""mapped"":true},""pinky"":{""has_data"":true,""last_update_ts"":1784119722.9443028,""mapped"":true},""ring"":{""has_data"":true,""last_update_ts"":1784119722.9443028,""mapped"":true},""thumb"":{""has_data"":true,""last_update_ts"":1784119722.9443028,""mapped"":true}},""ports"":{""available"":[""BLE:Dexter""],""unavailable"":[]}}"
1784119723.003717,1784119723.0034983,130,ble,"{""index"":{""age_s"":0.009181976318359375,""channels"":3,""force"":[-0.24659673256901016,-0.35051989743000167],""has_data"":true,""last_update_ts"":1784119722.9943163,""raw"":[17177,16664,17552]},""middle"":{""age_s"":0.009181976318359375,""channels"":3,""force"":[-0.19275884943503563,0.23007204668999925],""has_data"":true,""last_update_ts"":1784119722.9943163,""raw"":[16258,15857,15643]},""pinky"":{""age_s"":0.009181976318359375,""channels"":3,""force"":[-1.0185935210793993,-0.7462771212900003],""has_data"":true,""last_update_ts"":1784119722.9943163,""raw"":[17405,15286,17690]},""ring"":{""age_s"":0.009181976318359375,""channels"":3,""force"":[0.2864944495343682,0.2547721819799982],""has_data"":true,""last_update_ts"":1784119722.9943163,""raw"":[15791,16387,15630]},""thumb"":{""age_s"":0.009181976318359375,""channels"":3,""force"":[0.0,-2.220446049250313e-16],""has_data"":true,""last_update_ts"":1784119722.9943163,""raw"":[0,0,0]}}","{""ble"":{""connection_state"":""connected"",""counter"":1053474,""finger_order"":""DexterController.Visualizer"",""last_error"":null,""last_sample_age_s"":0.009226324007613584,""reconnect_count"":0,""sample_hz"":20.0,""sample_sequence"":129,""timestamp_us"":10687844928},""fingers"":{""index"":{""has_data"":true,""last_update_ts"":1784119722.9943163,""mapped"":true},""middle"":{""has_data"":true,""last_update_ts"":1784119722.9943163,""mapped"":true},""pinky"":{""has_data"":true,""last_update_ts"":1784119722.9943163,""mapped"":true},""ring"":{""has_data"":true,""last_update_ts"":1784119722.9943163,""mapped"":true},""thumb"":{""has_data"":true,""last_update_ts"":1784119722.9943163,""mapped"":true}},""ports"":{""available"":[""BLE:Dexter""],""unavailable"":[]}}"
1784119723.0537362,1784119723.0535157,131,ble,"{""index"":{""age_s"":0.009198904037475586,""channels"":3,""force"":[-0.17305033864491826,-0.3441367164000022],""has_data"":true,""last_update_ts"":1784119723.0443168,""raw"":[17145,16785,17585]},""middle"":{""age_s"":0.009198904037475586,""channels"":3,""force"":[-0.21871640023177363,0.14903340056999959],""has_data"":true,""last_update_ts"":1784119723.0443168,""raw"":[16311,15856,15815]},""pinky"":{""age_s"":0.009198904037475586,""channels"":3,""force"":[-1.0229197795455232,-0.7465546508999994],""has_data"":true,""last_update_ts"":1784119723.0443168,""raw"":[17413,15285,17694]},""ring"":{""age_s"":0.009198904037475586,""channels"":3,""force"":[0.2821681910682443,0.25671488924999775],""has_data"":true,""last_update_ts"":1784119723.0443168,""raw"":[15798,16385,15629]},""thumb"":{""age_s"":0.009198904037475586,""channels"":3,""force"":[0.0,-2.220446049250313e-16],""has_data"":true,""last_update_ts"":1784119723.0443168,""raw"":[0,0,0]}}","{""ble"":{""connection_state"":""connected"",""counter"":1053479,""finger_order"":""DexterController.Visualizer"",""last_error"":null,""last_sample_age_s"":0.0092426909977803,""reconnect_count"":0,""sample_hz"":20.0,""sample_sequence"":130,""timestamp_us"":10687891904},""fingers"":{""index"":{""has_data"":true,""last_update_ts"":1784119723.0443168,""mapped"":true},""middle"":{""has_data"":true,""last_update_ts"":1784119723.0443168,""mapped"":true},""pinky"":{""has_data"":true,""last_update_ts"":1784119723.0443168,""mapped"":true},""ring"":{""has_data"":true,""last_update_ts"":1784119723.0443168,""mapped"":true},""thumb"":{""has_data"":true,""last_update_ts"":1784119723.0443168,""mapped"":true}},""ports"":{""available"":[""BLE:Dexter""],""unavailable"":[]}}"
1784119723.1037202,1784119723.1034994,132,ble,"{""index"":{""age_s"":0.009176015853881836,""channels"":3,""force"":[-0.14372792015230473,-0.3061151598300018],""has_data"":true,""last_update_ts"":1784119723.0943234,""raw"":[17214,16915,17616]},""middle"":{""age_s"":0.009176015853881836,""channels"":3,""force"":[-0.2999539203178614,-0.04551485604000227],""has_data"":true,""last_update_ts"":1784119723.0943234,""raw"":[16444,15820,16214]},""pinky"":{""age_s"":0.009176015853881836,""channels"":3,""force"":[-1.0282074287818936,-0.740171469869999],""has_data"":true,""last_update_ts"":1784119723.0943234,""raw"":[17427,15288,17691]},""ring"":{""age_s"":0.009176015853881836,""channels"":3,""force"":[0.27880332337237057,0.26365312949999886],""has_data"":true,""last_update_ts"":1784119723.0943234,""raw"":[15798,16378,15613]},""thumb"":{""age_s"":0.009176015853881836,""channels"":3,""force"":[0.0,-2.220446049250313e-16],""has_data"":true,""last_update_ts"":1784119723.0943234,""raw"":[0,0,0]}}","{""ble"":{""connection_state"":""connected"",""counter"":1053484,""finger_order"":""DexterController.Visualizer"",""last_error"":null,""last_sample_age_s"":0.009221532993251458,""reconnect_count"":0,""sample_hz"":20.0,""sample_sequence"":131,""timestamp_us"":10687938976},""fingers"":{""index"":{""has_data"":true,""last_update_ts"":1784119723.0943234,""mapped"":true},""middle"":{""has_data"":true,""last_update_ts"":1784119723.0943234,""mapped"":true},""pinky"":{""has_data"":true,""last_update_ts"":1784119723.0943234,""mapped"":true},""ring"":{""has_data"":true,""last_update_ts"":1784119723.0943234,""mapped"":true},""thumb"":{""has_data"":true,""last_update_ts"":1784119723.0943234,""mapped"":true}},""ports"":{""available"":[""BLE:Dexter""],""unavailable"":[]}}"
1784119723.1537113,1784119723.153491,133,ble,"{""index"":{""age_s"":0.009170293807983398,""channels"":3,""force"":[-0.20044997559703148,-0.42933830667000095],""has_data"":true,""last_update_ts"":1784119723.1443207,""raw"":[17356,16939,17921]},""middle"":{""age_s"":0.009170293807983398,""channels"":3,""force"":[-0.2980311387773611,0.03607884929999994],""has_data"":true,""last_update_ts"":1784119723.1443207,""raw"":[16750,16130,16375]},""pinky"":{""age_s"":0.009170293807983398,""channels"":3,""force"":[-1.0243618657008966,-0.7396164106500009],""has_data"":true,""last_update_ts"":1784119723.1443207,""raw"":[17427,15296,17694]},""ring"":{""age_s"":0.009170293807983398,""channels"":3,""force"":[0.27495776029137353,0.2453361752399994],""has_data"":true,""last_update_ts"":1784119723.1443207,""raw"":[15791,16363,15635]},""thumb"":{""age_s"":0.009170293807983398,""channels"":3,""force"":[0.0,-2.220446049250313e-16],""has_data"":true,""last_update_ts"":1784119723.1443207,""raw"":[0,0,0]}}","{""ble"":{""connection_state"":""connected"",""counter"":1053490,""finger_order"":""DexterController.Visualizer"",""last_error"":null,""last_sample_age_s"":0.009215319994837046,""reconnect_count"":0,""sample_hz"":20.0,""sample_sequence"":132,""timestamp_us"":10687995488},""fingers"":{""index"":{""has_data"":true,""last_update_ts"":1784119723.1443207,""mapped"":true},""middle"":{""has_data"":true,""last_update_ts"":1784119723.1443207,""mapped"":true},""pinky"":{""has_data"":true,""last_update_ts"":1784119723.1443207,""mapped"":true},""ring"":{""has_data"":true,""last_update_ts"":1784119723.1443207,""mapped"":true},""thumb"":{""has_data"":true,""last_update_ts"":1784119723.1443207,""mapped"":true}},""ports"":{""available"":[""BLE:Dexter""],""unavailable"":[]}}"
1784119723.203591,1784119723.2034643,134,ble,"{""index"":{""age_s"":0.009158134460449219,""channels"":3,""force"":[-0.6181742652704596,-0.2875206759600042],""has_data"":true,""last_update_ts"":1784119723.1943061,""raw"":[18003,16717,17878]},""middle"":{""age_s"":0.009158134460449219,""channels"":3,""force"":[-0.3114906095608543,-0.6533047019400025],""has_data"":true,""last_update_ts"":1784119723.1943061,""raw"":[16322,15674,17175]},""pinky"":{""age_s"":0.009158134460449219,""channels"":3,""force"":[1.9636406482347066,0.609177493949999],""has_data"":true,""last_update_ts"":1784119723.1943061,""raw"":[16348,20433,17293]},""ring"":{""age_s"":0.009158134460449219,""channels"":3,""force"":[0.30524156955423365,0.8378618925899985],""has_data"":true,""last_update_ts"":1784119723.1943061,""raw"":[15733,16368,14541]},""thumb"":{""age_s"":0.009158134460449219,""channels"":3,""force"":[0.0,-2.220446049250313e-16],""has_data"":true,""last_update_ts"":1784119723.1943061,""raw"":[0,0,0]}}","{""ble"":{""connection_state"":""connected"",""counter"":1053495,""finger_order"":""DexterController.Visualizer"",""last_error"":null,""last_sample_age_s"":0.009185577000607736,""reconnect_count"":0,""sample_hz"":20.0,""sample_sequence"":133,""timestamp_us"":10688042400},""fingers"":{""index"":{""has_data"":true,""last_update_ts"":1784119723.1943061,""mapped"":true},""middle"":{""has_data"":true,""last_update_ts"":1784119723.1943061,""mapped"":true},""pinky"":{""has_data"":true,""last_update_ts"":1784119723.1943061,""mapped"":true},""ring"":{""has_data"":true,""last_update_ts"":1784119723.1943061,""mapped"":true},""thumb"":{""has_data"":true,""last_update_ts"":1784119723.1943061,""mapped"":true}},""ports"":{""available"":[""BLE:Dexter""],""unavailable"":[]}}"
1784119723.2537034,1784119723.2534823,135,ble,"{""index"":{""age_s"":0.009163141250610352,""channels"":3,""force"":[-0.5979850590952207,0.553949101559998],""has_data"":true,""last_update_ts"":1784119723.2443192,""raw"":[18677,17433,17057]},""middle"":{""age_s"":0.009163141250610352,""channels"":3,""force"":[-0.1264228862878145,-1.1242724501100012],""has_data"":true,""last_update_ts"":1784119723.2443192,""raw"":[16122,15859,18016]},""pinky"":{""age_s"":0.009163141250610352,""channels"":3,""force"":[-0.9705239825669221,-0.7662592532100003],""has_data"":true,""last_update_ts"":1784119723.2443192,""raw"":[17348,15329,17719]},""ring"":{""age_s"":0.009163141250610352,""channels"":3,""force"":[0.2826488864533694,0.2558823004199997],""has_data"":true,""last_update_ts"":1784119723.2443192,""raw"":[15793,16381,15626]},""thumb"":{""age_s"":0.009163141250610352,""channels"":3,""force"":[0.0,-2.220446049250313e-16],""has_data"":true,""last_update_ts"":1784119723.2443192,""raw"":[0,0,0]}}","{""ble"":{""connection_state"":""connected"",""counter"":1053500,""finger_order"":""DexterController.Visualizer"",""last_error"":null,""last_sample_age_s"":0.00920830899849534,""reconnect_count"":0,""sample_hz"":20.0,""sample_sequence"":134,""timestamp_us"":10688089248},""fingers"":{""index"":{""has_data"":true,""last_update_ts"":1784119723.2443192,""mapped"":true},""middle"":{""has_data"":true,""last_update_ts"":1784119723.2443192,""mapped"":true},""pinky"":{""has_data"":true,""last_update_ts"":1784119723.2443192,""mapped"":true},""ring"":{""has_data"":true,""last_update_ts"":1784119723.2443192,""mapped"":true},""thumb"":{""has_data"":true,""last_update_ts"":1784119723.2443192,""mapped"":true}},""ports"":{""available"":[""BLE:Dexter""],""unavailable"":[]}}"
1784119723.3035986,1784119723.30346,136,ble,"{""index"":{""age_s"":0.009154319763183594,""channels"":3,""force"":[-0.7580566223417726,0.5014960052699982],""has_data"":true,""last_update_ts"":1784119723.2943056,""raw"":[18911,17334,17219]},""middle"":{""age_s"":0.009154319763183594,""channels"":3,""force"":[-0.08316030162658627,-1.5389016874500028],""has_data"":true,""last_update_ts"":1784119723.2943056,""raw"":[15935,15762,18621]},""pinky"":{""age_s"":0.009154319763183594,""channels"":3,""force"":[-1.0440703764910122,-0.7526603023200025],""has_data"":true,""last_update_ts"":1784119723.2943056,""raw"":[17439,15267,17709]},""ring"":{""age_s"":0.009154319763183594,""channels"":3,""force"":[0.27159289259549624,0.25449465236999824],""has_data"":true,""last_update_ts"":1784119723.2943056,""raw"":[15805,16370,15629]},""thumb"":{""age_s"":0.009154319763183594,""channels"":3,""force"":[0.0,-2.220446049250313e-16],""has_data"":true,""last_update_ts"":1784119723.2943056,""raw"":[0,0,0]}}","{""ble"":{""connection_state"":""connected"",""counter"":1053506,""finger_order"":""DexterController.Visualizer"",""last_error"":null,""last_sample_age_s"":0.009196507002343424,""reconnect_count"":0,""sample_hz"":20.0,""sample_sequence"":135,""timestamp_us"":10688145472},""fingers"":{""index"":{""has_data"":true,""last_update_ts"":1784119723.2943056,""mapped"":true},""middle"":{""has_data"":true,""last_update_ts"":1784119723.2943056,""mapped"":true},""pinky"":{""has_data"":true,""last_update_ts"":1784119723.2943056,""mapped"":true},""ring"":{""has_data"":true,""last_update_ts"":1784119723.2943056,""mapped"":true},""thumb"":{""has_data"":true,""last_update_ts"":1784119723.2943056,""mapped"":true}},""ports"":{""available"":[""BLE:Dexter""],""unavailable"":[]}}"
1784119723.3537052,1784119723.353485,137,ble,"{""index"":{""age_s"":0.00915980339050293,""channels"":3,""force"":[-0.6450932068374495,0.4174045334399974],""has_data"":true,""last_update_ts"":1784119723.3443253,""raw"":[18832,17490,17409]},""middle"":{""age_s"":0.00915980339050293,""channels"":3,""force"":[-0.19227815404991055,-1.8810956965800019],""has_data"":true,""last_update_ts"":1784119723.3443253,""raw"":[15949,15549,19138]},""pinky"":{""age_s"":0.00915980339050293,""channels"":3,""force"":[-1.0262846472413951,-0.742946765970002],""has_data"":true,""last_update_ts"":1784119723.3443253,""raw"":[17422,15287,17693]},""ring"":{""age_s"":0.00915980339050293,""channels"":3,""force"":[0.2768805418318703,0.25921265573999897],""has_data"":true,""last_update_ts"":1784119723.3443253,""raw"":[15810,16386,15631]},""thumb"":{""age_s"":0.00915980339050293,""channels"":3,""force"":[0.0,-2.220446049250313e-16],""has_data"":true,""last_update_ts"":1784119723.3443253,""raw"":[0,0,0]}}","{""ble"":{""connection_state"":""connected"",""counter"":1053511,""finger_order"":""DexterController.Visualizer"",""last_error"":null,""last_sample_age_s"":0.009203010005876422,""reconnect_count"":0,""sample_hz"":20.0,""sample_sequence"":136,""timestamp_us"":10688192384},""fingers"":{""index"":{""has_data"":true,""last_update_ts"":1784119723.3443253,""mapped"":true},""middle"":{""has_data"":true,""last_update_ts"":1784119723.3443253,""mapped"":true},""pinky"":{""has_data"":true,""last_update_ts"":1784119723.3443253,""mapped"":true},""ring"":{""has_data"":true,""last_update_ts"":1784119723.3443253,""mapped"":true},""thumb"":{""has_data"":true,""last_update_ts"":1784119723.3443253,""mapped"":true}},""ports"":{""available"":[""BLE:Dexter""],""unavailable"":[]}}"
1784119723.403597,1784119723.4034708,138,ble,"{""index"":{""age_s"":0.009165048599243164,""channels"":3,""force"":[-0.6922013545796784,0.2886307943999986],""has_data"":true,""last_update_ts"":1784119723.3943057,""raw"":[18914,17474,17674]},""middle"":{""age_s"":0.009165048599243164,""channels"":3,""force"":[-0.29947322493273454,-2.3365217865900014],""has_data"":true,""last_update_ts"":1784119723.3943057,""raw"":[15840,15217,19738]},""pinky"":{""age_s"":0.009165048599243164,""channels"":3,""force"":[-1.0181128256942742,-0.7515501838800027],""has_data"":true,""last_update_ts"":1784119723.3943057,""raw"":[17410,15292,17705]},""ring"":{""age_s"":0.009165048599243164,""channels"":3,""force"":[0.2759191510616237,0.23367993161999845],""has_data"":true,""last_update_ts"":1784119723.3943057,""raw"":[15782,16356,15648]},""thumb"":{""age_s"":0.009165048599243164,""channels"":3,""force"":[0.0,-2.220446049250313e-16],""has_data"":true,""last_update_ts"":1784119723.3943057,""raw"":[0,0,0]}}","{""ble"":{""connection_state"":""connected"",""counter"":1053516,""finger_order"":""DexterController.Visualizer"",""last_error"":null,""last_sample_age_s"":0.009193171004881151,""reconnect_count"":0,""sample_hz"":20.0,""sample_sequence"":137,""timestamp_us"":10688239488},""fingers"":{""index"":{""has_data"":true,""last_update_ts"":1784119723.3943057,""mapped"":true},""middle"":{""has_data"":true,""last_update_ts"":1784119723.3943057,""mapped"":true},""pinky"":{""has_data"":true,""last_update_ts"":1784119723.3943057,""mapped"":true},""ring"":{""has_data"":true,""last_update_ts"":1784119723.3943057,""mapped"":true},""thumb"":{""has_data"":true,""last_update_ts"":1784119723.3943057,""mapped"":true}},""ports"":{""available"":[""BLE:Dexter""],""unavailable"":[]}}"
1784119723.4535968,1784119723.4534645,139,ble,"{""index"":{""age_s"":0.009162425994873047,""channels"":3,""force"":[-0.5797186344604803,-0.21258768126000316],""has_data"":true,""last_update_ts"":1784119723.444302,""raw"":[18391,17185,18171]},""middle"":{""age_s"":0.009162425994873047,""channels"":3,""force"":[-0.33792885574271736,-2.394803004690001],""has_data"":true,""last_update_ts"":1784119723.444302,""raw"":[15993,15290,19956]},""pinky"":{""age_s"":0.009162425994873047,""channels"":3,""force"":[-1.0185935210793993,-0.7507175950499994],""has_data"":true,""last_update_ts"":1784119723.444302,""raw"":[17410,15291,17703]},""ring"":{""age_s"":0.009162425994873047,""channels"":3,""force"":[0.27303497875087146,0.23534510927999808],""has_data"":true,""last_update_ts"":1784119723.444302,""raw"":[15789,16357,15649]},""thumb"":{""age_s"":0.009162425994873047,""channels"":3,""force"":[0.0,-2.220446049250313e-16],""has_data"":true,""last_update_ts"":1784119723.444302,""raw"":[0,0,0]}}","{""ble"":{""connection_state"":""connected"",""counter"":1053522,""finger_order"":""DexterController.Visualizer"",""last_error"":null,""last_sample_age_s"":0.009191938996082172,""reconnect_count"":0,""sample_hz"":20.0,""sample_sequence"":138,""timestamp_us"":10688295936},""fingers"":{""index"":{""has_data"":true,""last_update_ts"":1784119723.444302,""mapped"":true},""middle"":{""has_data"":true,""last_update_ts"":1784119723.444302,""mapped"":true},""pinky"":{""has_data"":true,""last_update_ts"":1784119723.444302,""mapped"":true},""ring"":{""has_data"":true,""last_update_ts"":1784119723.444302,""mapped"":true},""thumb"":{""has_data"":true,""last_update_ts"":1784119723.444302,""mapped"":true}},""ports"":{""available"":[""BLE:Dexter""],""unavailable"":[]}}"
1784119723.5035934,1784119723.503465,140,ble,"{""index"":{""age_s"":0.009162664413452148,""channels"":3,""force"":[-0.513382671313261,-0.04218450072000213],""has_data"":true,""last_update_ts"":1784119723.4943023,""raw"":[18659,17591,18201]},""middle"":{""age_s"":0.009162664413452148,""channels"":3,""force"":[-0.43454862815279505,-2.2313380644000027],""has_data"":true,""last_update_ts"":1784119723.4943023,""raw"":[16251,15347,19819]},""pinky"":{""age_s"":0.009162664413452148,""channels"":3,""force"":[-0.44945018509166523,-0.45043055703000157],""has_data"":true,""last_update_ts"":1784119723.4943023,""raw"":[17264,16329,17608]},""ring"":{""age_s"":0.009162664413452148,""channels"":3,""force"":[0.2970697480071127,0.40075275683999756],""has_data"":true,""last_update_ts"":1784119723.4943023,""raw"":[15791,16409,15378]},""thumb"":{""age_s"":0.009162664413452148,""channels"":3,""force"":[0.0,-2.220446049250313e-16],""has_data"":true,""last_update_ts"":1784119723.4943023,""raw"":[0,0,0]}}","{""ble"":{""connection_state"":""connected"",""counter"":1053527,""finger_order"":""DexterController.Visualizer"",""last_error"":null,""last_sample_age_s"":0.009193232006509788,""reconnect_count"":0,""sample_hz"":20.0,""sample_sequence"":139,""timestamp_us"":10688343136},""fingers"":{""index"":{""has_data"":true,""last_update_ts"":1784119723.4943023,""mapped"":true},""middle"":{""has_data"":true,""last_update_ts"":1784119723.4943023,""mapped"":true},""pinky"":{""has_data"":true,""last_update_ts"":1784119723.4943023,""mapped"":true},""ring"":{""has_data"":true,""last_update_ts"":1784119723.4943023,""mapped"":true},""thumb"":{""has_data"":true,""last_update_ts"":1784119723.4943023,""mapped"":true}},""ports"":{""available"":[""BLE:Dexter""],""unavailable"":[]}}"
1784119723.5536013,1784119723.5534766,141,ble,"{""index"":{""age_s"":0.009170055389404297,""channels"":3,""force"":[-0.489828597442143,-0.30500504139000295],""has_data"":true,""last_update_ts"":1784119723.5443065,""raw"":[18453,17434,18493]},""middle"":{""age_s"":0.009170055389404297,""channels"":3,""force"":[-0.6489387699184448,-2.079806897340002],""has_data"":true,""last_update_ts"":1784119723.5443065,""raw"":[16494,15144,19566]},""pinky"":{""age_s"":0.009170055389404297,""channels"":3,""force"":[-0.5917360190885983,-0.5342444992500015],""has_data"":true,""last_update_ts"":1784119723.5443065,""raw"":[17298,16067,17645]},""ring"":{""age_s"":0.009170055389404297,""channels"":3,""force"":[0.297550443392236,0.3288725878499985],""has_data"":true,""last_update_ts"":1784119723.5443065,""raw"":[15769,16388,15486]},""thumb"":{""age_s"":0.009170055389404297,""channels"":3,""force"":[0.0,-2.220446049250313e-16],""has_data"":true,""last_update_ts"":1784119723.5443065,""raw"":[0,0,0]}}","{""ble"":{""connection_state"":""connected"",""counter"":1053531,""finger_order"":""DexterController.Visualizer"",""last_error"":null,""last_sample_age_s"":0.00919906199851539,""reconnect_count"":0,""sample_hz"":20.0,""sample_sequence"":140,""timestamp_us"":10688380832},""fingers"":{""index"":{""has_data"":true,""last_update_ts"":1784119723.5443065,""mapped"":true},""middle"":{""has_data"":true,""last_update_ts"":1784119723.5443065,""mapped"":true},""pinky"":{""has_data"":true,""last_update_ts"":1784119723.5443065,""mapped"":true},""ring"":{""has_data"":true,""last_update_ts"":1784119723.5443065,""mapped"":true},""thumb"":{""has_data"":true,""last_update_ts"":1784119723.5443065,""mapped"":true}},""ports"":{""available"":[""BLE:Dexter""],""unavailable"":[]}}"
1784119723.6035888,1784119723.6034648,142,ble,"{""index"":{""age_s"":0.009163141250610352,""channels"":3,""force"":[-0.5090564128471389,-0.33664341692999944],""has_data"":true,""last_update_ts"":1784119723.5943017,""raw"":[18464,17405,18541]},""middle"":{""age_s"":0.009163141250610352,""channels"":3,""force"":[-0.7224851638425367,-1.9934951886300025],""has_data"":true,""last_update_ts"":1784119723.5943017,""raw"":[16675,15172,19515]},""pinky"":{""age_s"":0.009163141250610352,""channels"":3,""force"":[-1.0325336872480193,-0.7521052431000008],""has_data"":true,""last_update_ts"":1784119723.5943017,""raw"":[17430,15282,17711]},""ring"":{""age_s"":0.009163141250610352,""channels"":3,""force"":[0.2826488864533676,0.2586575965199982],""has_data"":true,""last_update_ts"":1784119723.5943017,""raw"":[15801,16389,15629]},""thumb"":{""age_s"":0.009163141250610352,""channels"":3,""force"":[0.0,-2.220446049250313e-16],""has_data"":true,""last_update_ts"":1784119723.5943017,""raw"":[0,0,0]}}","{""ble"":{""connection_state"":""connected"",""counter"":1053532,""finger_order"":""DexterController.Visualizer"",""last_error"":null,""last_sample_age_s"":0.00918991700746119,""reconnect_count"":0,""sample_hz"":20.0,""sample_sequence"":141,""timestamp_us"":10688390304},""fingers"":{""index"":{""has_data"":true,""last_update_ts"":1784119723.5943017,""mapped"":true},""middle"":{""has_data"":true,""last_update_ts"":1784119723.5943017,""mapped"":true},""pinky"":{""has_data"":true,""last_update_ts"":1784119723.5943017,""mapped"":true},""ring"":{""has_data"":true,""last_update_ts"":1784119723.5943017,""mapped"":true},""thumb"":{""has_data"":true,""last_update_ts"":1784119723.5943017,""mapped"":true}},""ports"":{""available"":[""BLE:Dexter""],""unavailable"":[]}}"
1784119723.6536117,1784119723.6534576,143,ble,"{""index"":{""age_s"":0.009151697158813477,""channels"":3,""force"":[-0.11200202473407295,-1.1703423653700016],""has_data"":true,""last_update_ts"":1784119723.644306,""raw"":[17135,16902,19127]},""middle"":{""age_s"":0.009151697158813477,""channels"":3,""force"":[-0.7248886407681621,-1.4314977283800019],""has_data"":true,""last_update_ts"":1784119723.644306,""raw"":[16935,15427,18760]},""pinky"":{""age_s"":0.009151697158813477,""channels"":3,""force"":[-1.0171514349240258,-0.7387838218200002],""has_data"":true,""last_update_ts"":1784119723.644306,""raw"":[17413,15297,17686]},""ring"":{""age_s"":0.009151697158813477,""channels"":3,""force"":[0.2783226279872473,0.2617104222299975],""has_data"":true,""last_update_ts"":1784119723.644306,""raw"":[15794,16373,15612]},""thumb"":{""age_s"":0.009151697158813477,""channels"":3,""force"":[0.0,-2.220446049250313e-16],""has_data"":true,""last_update_ts"":1784119723.644306,""raw"":[0,0,0]}}","{""ble"":{""connection_state"":""connected"",""counter"":1053544,""finger_order"":""DexterController.Visualizer"",""last_error"":null,""last_sample_age_s"":0.009181039989925921,""reconnect_count"":0,""sample_hz"":20.0,""sample_sequence"":142,""timestamp_us"":10688503424},""fingers"":{""index"":{""has_data"":true,""last_update_ts"":1784119723.644306,""mapped"":true},""middle"":{""has_data"":true,""last_update_ts"":1784119723.644306,""mapped"":true},""pinky"":{""has_data"":true,""last_update_ts"":1784119723.644306,""mapped"":true},""ring"":{""has_data"":true,""last_update_ts"":1784119723.644306,""mapped"":true},""thumb"":{""has_data"":true,""last_update_ts"":1784119723.644306,""mapped"":true}},""ports"":{""available"":[""BLE:Dexter""],""unavailable"":[]}}"
1784119723.7035909,1784119723.703464,144,ble,"{""index"":{""age_s"":0.009158611297607422,""channels"":3,""force"":[-0.1494962647738074,-0.7978976287500039],""has_data"":true,""last_update_ts"":1784119723.6943054,""raw"":[17451,17140,18733]},""middle"":{""age_s"":0.009158611297607422,""channels"":3,""force"":[-0.7998771208476274,-1.23667194216],""has_data"":true,""last_update_ts"":1784119723.6943054,""raw"":[16800,15136,18196]},""pinky"":{""age_s"":0.009158611297607422,""channels"":3,""force"":[-1.0224390841603945,-0.7501625358300004],""has_data"":true,""last_update_ts"":1784119723.6943054,""raw"":[17415,15288,17703]},""ring"":{""age_s"":0.009158611297607422,""channels"":3,""force"":[0.27928401875749564,0.24949911938999847],""has_data"":true,""last_update_ts"":1784119723.6943054,""raw"":[15792,16373,15633]},""thumb"":{""age_s"":0.009158611297607422,""channels"":3,""force"":[0.0,-2.220446049250313e-16],""has_data"":true,""last_update_ts"":1784119723.6943054,""raw"":[0,0,0]}}","{""ble"":{""connection_state"":""connected"",""counter"":1053547,""finger_order"":""DexterController.Visualizer"",""last_error"":null,""last_sample_age_s"":0.009186128008877859,""reconnect_count"":0,""sample_hz"":20.0,""sample_sequence"":143,""timestamp_us"":10688531520},""fingers"":{""index"":{""has_data"":true,""last_update_ts"":1784119723.6943054,""mapped"":true},""middle"":{""has_data"":true,""last_update_ts"":1784119723.6943054,""mapped"":true},""pinky"":{""has_data"":true,""last_update_ts"":1784119723.6943054,""mapped"":true},""ring"":{""has_data"":true,""last_update_ts"":1784119723.6943054,""mapped"":true},""thumb"":{""has_data"":true,""last_update_ts"":1784119723.6943054,""mapped"":true}},""ports"":{""available"":[""BLE:Dexter""],""unavailable"":[]}}"
1784119723.7535954,1784119723.7534652,145,ble,"{""index"":{""age_s"":0.009159564971923828,""channels"":3,""force"":[0.05527996928934975,-0.18733248675000436],""has_data"":true,""last_update_ts"":1784119723.7443056,""raw"":[17469,17584,17864]},""middle"":{""age_s"":0.009159564971923828,""channels"":3,""force"":[-0.6460545976076961,-0.19427072700000192],""has_data"":true,""last_update_ts"":1784119723.7443056,""raw"":[16876,15532,16554]},""pinky"":{""age_s"":0.009159564971923828,""channels"":3,""force"":[-1.0205163026198996,-0.74405688441],""has_data"":true,""last_update_ts"":1784119723.7443056,""raw"":[17413,15290,17692]},""ring"":{""age_s"":0.009159564971923828,""channels"":3,""force"":[0.2845716679938679,0.25310700431999766],""has_data"":true,""last_update_ts"":1784119723.7443056,""raw"":[15791,16383,15631]},""thumb"":{""age_s"":0.009159564971923828,""channels"":3,""force"":[0.0,-2.220446049250313e-16],""has_data"":true,""last_update_ts"":1784119723.7443056,""raw"":[0,0,0]}}","{""ble"":{""connection_state"":""connected"",""counter"":1053553,""finger_order"":""DexterController.Visualizer"",""last_error"":null,""last_sample_age_s"":0.009193461999529973,""reconnect_count"":0,""sample_hz"":20.0,""sample_sequence"":144,""timestamp_us"":10688588192},""fingers"":{""index"":{""has_data"":true,""last_update_ts"":1784119723.7443056,""mapped"":true},""middle"":{""has_data"":true,""last_update_ts"":1784119723.7443056,""mapped"":true},""pinky"":{""has_data"":true,""last_update_ts"":1784119723.7443056,""mapped"":true},""ring"":{""has_data"":true,""last_update_ts"":1784119723.7443056,""mapped"":true},""thumb"":{""has_data"":true,""last_update_ts"":1784119723.7443056,""mapped"":true}},""ports"":{""available"":[""BLE:Dexter""],""unavailable"":[]}}"
1784119723.8036273,1784119723.8034775,146,ble,"{""index"":{""age_s"":0.009173870086669922,""channels"":3,""force"":[0.08364099701171313,-0.22646416176000184],""has_data"":true,""last_update_ts"":1784119723.7943037,""raw"":[17342,17516,17837]},""middle"":{""age_s"":0.009173870086669922,""channels"":3,""force"":[-0.5782765483051069,-0.0002775296100008262],""has_data"":true,""last_update_ts"":1784119723.7943037,""raw"":[16911,15708,16310]},""pinky"":{""age_s"":0.009173870086669922,""channels"":3,""force"":[-1.0190742164645261,-0.7404489994799981],""has_data"":true,""last_update_ts"":1784119723.7943037,""raw"":[17417,15297,17691]},""ring"":{""age_s"":0.009173870086669922,""channels"":3,""force"":[0.2845716679938697,0.26198795183999657],""has_data"":true,""last_update_ts"":1784119723.7943037,""raw"":[15795,16387,15619]},""thumb"":{""age_s"":0.009173870086669922,""channels"":3,""force"":[0.0,-2.220446049250313e-16],""has_data"":true,""last_update_ts"":1784119723.7943037,""raw"":[0,0,0]}}","{""ble"":{""connection_state"":""connected"",""counter"":1053554,""finger_order"":""DexterController.Visualizer"",""last_error"":null,""last_sample_age_s"":0.009205384005326778,""reconnect_count"":0,""sample_hz"":20.0,""sample_sequence"":145,""timestamp_us"":10688597472},""fingers"":{""index"":{""has_data"":true,""last_update_ts"":1784119723.7943037,""mapped"":true},""middle"":{""has_data"":true,""last_update_ts"":1784119723.7943037,""mapped"":true},""pinky"":{""has_data"":true,""last_update_ts"":1784119723.7943037,""mapped"":true},""ring"":{""has_data"":true,""last_update_ts"":1784119723.7943037,""mapped"":true},""thumb"":{""has_data"":true,""last_update_ts"":1784119723.7943037,""mapped"":true}},""ports"":{""available"":[""BLE:Dexter""],""unavailable"":[]}}"
1784119723.8535862,1784119723.8534644,147,ble,"{""index"":{""age_s"":0.009158611297607422,""channels"":3,""force"":[0.055279969289347974,-0.2822476133700009],""has_data"":true,""last_update_ts"":1784119723.8443058,""raw"":[17269,17384,17835]},""middle"":{""age_s"":0.009158611297607422,""channels"":3,""force"":[-0.5354946590290002,0.14598057486000116],""has_data"":true,""last_update_ts"":1784119723.8443058,""raw"":[16932,15818,16112]},""pinky"":{""age_s"":0.009158611297607422,""channels"":3,""force"":[-1.0205163026198996,-0.7484973581700007],""has_data"":true,""last_update_ts"":1784119723.8443058,""raw"":[17413,15290,17700]},""ring"":{""age_s"":0.009158611297607422,""channels"":3,""force"":[0.2773612372169971,0.2489440601699986],""has_data"":true,""last_update_ts"":1784119723.8443058,""raw"":[15796,16373,15636]},""thumb"":{""age_s"":0.009158611297607422,""channels"":3,""force"":[0.0,-2.220446049250313e-16],""has_data"":true,""last_update_ts"":1784119723.8443058,""raw"":[0,0,0]}}","{""ble"":{""connection_state"":""connected"",""counter"":1053555,""finger_order"":""DexterController.Visualizer"",""last_error"":null,""last_sample_age_s"":0.009185227012494579,""reconnect_count"":0,""sample_hz"":20.0,""sample_sequence"":146,""timestamp_us"":10688606848},""fingers"":{""index"":{""has_data"":true,""last_update_ts"":1784119723.8443058,""mapped"":true},""middle"":{""has_data"":true,""last_update_ts"":1784119723.8443058,""mapped"":true},""pinky"":{""has_data"":true,""last_update_ts"":1784119723.8443058,""mapped"":true},""ring"":{""has_data"":true,""last_update_ts"":1784119723.8443058,""mapped"":true},""thumb"":{""has_data"":true,""last_update_ts"":1784119723.8443058,""mapped"":true}},""ports"":{""available"":[""BLE:Dexter""],""unavailable"":[]}}"
1784119723.9036262,1784119723.90348,148,ble,"{""index"":{""age_s"":0.009174585342407227,""channels"":3,""force"":[-0.5254000559413807,-0.47485316271000144],""has_data"":true,""last_update_ts"":1784119723.8943055,""raw"":[17435,16342,17744]},""middle"":{""age_s"":0.009174585342407227,""channels"":3,""force"":[-0.133152621679562,0.3011196268499994],""has_data"":true,""last_update_ts"":1784119723.8943055,""raw"":[16324,16047,15643]},""pinky"":{""age_s"":0.009174585342407227,""channels"":3,""force"":[-1.0195549118496512,-0.7457220620700014],""has_data"":true,""last_update_ts"":1784119723.8943055,""raw"":[17417,15296,17700]},""ring"":{""age_s"":0.009174585342407227,""channels"":3,""force"":[0.2768805418318703,0.26032277417999694],""has_data"":true,""last_update_ts"":1784119723.8943055,""raw"":[15796,16372,15615]},""thumb"":{""age_s"":0.009174585342407227,""channels"":3,""force"":[0.0,-2.220446049250313e-16],""has_data"":true,""last_update_ts"":1784119723.8943055,""raw"":[0,0,0]}}","{""ble"":{""connection_state"":""connected"",""counter"":1053559,""finger_order"":""DexterController.Visualizer"",""last_error"":null,""last_sample_age_s"":0.00920691600185819,""reconnect_count"":0,""sample_hz"":20.0,""sample_sequence"":147,""timestamp_us"":10688739200},""fingers"":{""index"":{""has_data"":true,""last_update_ts"":1784119723.8943055,""mapped"":true},""middle"":{""has_data"":true,""last_update_ts"":1784119723.8943055,""mapped"":true},""pinky"":{""has_data"":true,""last_update_ts"":1784119723.8943055,""mapped"":true},""ring"":{""has_data"":true,""last_update_ts"":1784119723.8943055,""mapped"":true},""thumb"":{""has_data"":true,""last_update_ts"":1784119723.8943055,""mapped"":true}},""ports"":{""available"":[""BLE:Dexter""],""unavailable"":[]}}"
1784119723.953612,1784119723.9534736,149,ble,"{""index"":{""age_s"":0.009168624877929688,""channels"":3,""force"":[-0.3884018711808217,-0.5028836533200014],""has_data"":true,""last_update_ts"":1784119723.944305,""raw"":[17240,16432,17742]},""middle"":{""age_s"":0.009168624877929688,""channels"":3,""force"":[-0.10767576626795083,0.26087783340000037],""has_data"":true,""last_update_ts"":1784119723.944305,""raw"":[16221,15997,15639]},""pinky"":{""age_s"":0.009168624877929688,""channels"":3,""force"":[-1.0205163026198996,-0.7446119436300007],""has_data"":true,""last_update_ts"":1784119723.944305,""raw"":[17412,15289,17692]},""ring"":{""age_s"":0.009168624877929688,""channels"":3,""force"":[0.2783226279872437,0.25838006690999915],""has_data"":true,""last_update_ts"":1784119723.944305,""raw"":[15801,16380,15625]},""thumb"":{""age_s"":0.009168624877929688,""channels"":3,""force"":[0.0,-2.220446049250313e-16],""has_data"":true,""last_update_ts"":1784119723.944305,""raw"":[0,0,0]}}","{""ble"":{""connection_state"":""connected"",""counter"":1053565,""finger_order"":""DexterController.Visualizer"",""last_error"":null,""last_sample_age_s"":0.009205724010826088,""reconnect_count"":0,""sample_hz"":20.0,""sample_sequence"":148,""timestamp_us"":10688795648},""fingers"":{""index"":{""has_data"":true,""last_update_ts"":1784119723.944305,""mapped"":true},""middle"":{""has_data"":true,""last_update_ts"":1784119723.944305,""mapped"":true},""pinky"":{""has_data"":true,""last_update_ts"":1784119723.944305,""mapped"":true},""ring"":{""has_data"":true,""last_update_ts"":1784119723.944305,""mapped"":true},""thumb"":{""has_data"":true,""last_update_ts"":1784119723.944305,""mapped"":true}},""ports"":{""available"":[""BLE:Dexter""],""unavailable"":[]}}"
1784119724.0037696,1784119724.0035226,150,ble,"{""index"":{""age_s"":0.009203672409057617,""channels"":3,""force"":[-0.43022236968667293,-0.5009409460500036],""has_data"":true,""last_update_ts"":1784119723.994319,""raw"":[17271,16376,17726]},""middle"":{""age_s"":0.009203672409057617,""channels"":3,""force"":[-0.11055993857869773,0.2658733663799957],""has_data"":true,""last_update_ts"":1784119723.994319,""raw"":[16161,15931,15567]},""pinky"":{""age_s"":0.009203672409057617,""channels"":3,""force"":[-0.4172435942883084,-0.4573687972800009],""has_data"":true,""last_update_ts"":1784119723.994319,""raw"":[17235,16367,17625]},""ring"":{""age_s"":0.009203672409057617,""channels"":3,""force"":[0.2941855756963587,0.3863212171199999],""has_data"":true,""last_update_ts"":1784119723.994319,""raw"":[15776,16388,15386]},""thumb"":{""age_s"":0.009203672409057617,""channels"":3,""force"":[0.0,-2.220446049250313e-16],""has_data"":true,""last_update_ts"":1784119723.994319,""raw"":[0,0,0]}}","{""ble"":{""connection_state"":""connected"",""counter"":1053570,""finger_order"":""DexterController.Visualizer"",""last_error"":null,""last_sample_age_s"":0.009263220010325313,""reconnect_count"":0,""sample_hz"":20.0,""sample_sequence"":149,""timestamp_us"":10688842688},""fingers"":{""index"":{""has_data"":true,""last_update_ts"":1784119723.994319,""mapped"":true},""middle"":{""has_data"":true,""last_update_ts"":1784119723.994319,""mapped"":true},""pinky"":{""has_data"":true,""last_update_ts"":1784119723.994319,""mapped"":true},""ring"":{""has_data"":true,""last_update_ts"":1784119723.994319,""mapped"":true},""thumb"":{""has_data"":true,""last_update_ts"":1784119723.994319,""mapped"":true}},""ports"":{""available"":[""BLE:Dexter""],""unavailable"":[]}}"
1784119724.0535936,1784119724.0534747,151,ble,"{""index"":{""age_s"":0.00917363166809082,""channels"":3,""force"":[-0.40089995119406474,-0.4967780019000019],""has_data"":true,""last_update_ts"":1784119724.044301,""raw"":[17244,16410,17722]},""middle"":{""age_s"":0.00917363166809082,""channels"":3,""force"":[-0.12257732320681924,0.2506092378299991],""has_data"":true,""last_update_ts"":1784119724.044301,""raw"":[16193,15938,15614]},""pinky"":{""age_s"":0.00917363166809082,""channels"":3,""force"":[-1.0238811703157733,-0.7498850062199987],""has_data"":true,""last_update_ts"":1784119724.044301,""raw"":[17417,15287,17703]},""ring"":{""age_s"":0.00917363166809082,""channels"":3,""force"":[0.27495776029137176,0.2519968858799988],""has_data"":true,""last_update_ts"":1784119724.044301,""raw"":[15801,16373,15633]},""thumb"":{""age_s"":0.00917363166809082,""channels"":3,""force"":[0.0,-2.220446049250313e-16],""has_data"":true,""last_update_ts"":1784119724.044301,""raw"":[0,0,0]}}","{""ble"":{""connection_state"":""connected"",""counter"":1053575,""finger_order"":""DexterController.Visualizer"",""last_error"":null,""last_sample_age_s"":0.009198979998473078,""reconnect_count"":0,""sample_hz"":20.0,""sample_sequence"":150,""timestamp_us"":10688889696},""fingers"":{""index"":{""has_data"":true,""last_update_ts"":1784119724.044301,""mapped"":true},""middle"":{""has_data"":true,""last_update_ts"":1784119724.044301,""mapped"":true},""pinky"":{""has_data"":true,""last_update_ts"":1784119724.044301,""mapped"":true},""ring"":{""has_data"":true,""last_update_ts"":1784119724.044301,""mapped"":true},""thumb"":{""has_data"":true,""last_update_ts"":1784119724.044301,""mapped"":true}},""ports"":{""available"":[""BLE:Dexter""],""unavailable"":[]}}"
1784119724.1037235,1784119724.103481,152,ble,"{""index"":{""age_s"":0.009179115295410156,""channels"":3,""force"":[-0.4177242896734299,-0.43155854355000134],""has_data"":true,""last_update_ts"":1784119724.094302,""raw"":[17299,16430,17642]},""middle"":{""age_s"":0.009179115295410156,""channels"":3,""force"":[-0.176415206340792,0.27447678429],""has_data"":true,""last_update_ts"":1784119724.094302,""raw"":[16263,15896,15585]},""pinky"":{""age_s"":0.009179115295410156,""channels"":3,""force"":[-1.0219583887752712,-0.7426692363600012],""has_data"":true,""last_update_ts"":1784119724.094302,""raw"":[17419,15293,17694]},""ring"":{""age_s"":0.009179115295410156,""channels"":3,""force"":[0.28216819106824076,0.25560477080999977],""has_data"":true,""last_update_ts"":1784119724.094302,""raw"":[15797,16384,15630]},""thumb"":{""age_s"":0.009179115295410156,""channels"":3,""force"":[0.0,-2.220446049250313e-16],""has_data"":true,""last_update_ts"":1784119724.094302,""raw"":[0,0,0]}}","{""ble"":{""connection_state"":""connected"",""counter"":1053580,""finger_order"":""DexterController.Visualizer"",""last_error"":null,""last_sample_age_s"":0.009210691991029307,""reconnect_count"":0,""sample_hz"":20.0,""sample_sequence"":151,""timestamp_us"":10688936672},""fingers"":{""index"":{""has_data"":true,""last_update_ts"":1784119724.094302,""mapped"":true},""middle"":{""has_data"":true,""last_update_ts"":1784119724.094302,""mapped"":true},""pinky"":{""has_data"":true,""last_update_ts"":1784119724.094302,""mapped"":true},""ring"":{""has_data"":true,""last_update_ts"":1784119724.094302,""mapped"":true},""thumb"":{""has_data"":true,""last_update_ts"":1784119724.094302,""mapped"":true}},""ports"":{""available"":[""BLE:Dexter""],""unavailable"":[]}}"
1784119724.153623,1784119724.1534708,153,ble,"{""index"":{""age_s"":0.00916910171508789,""channels"":3,""force"":[-0.4398362773891691,-0.4082460563100012],""has_data"":true,""last_update_ts"":1784119724.1443017,""raw"":[17344,16429,17622]},""middle"":{""age_s"":0.00916910171508789,""channels"":3,""force"":[-0.18362563711766278,0.2786397284399964],""has_data"":true,""last_update_ts"":1784119724.1443017,""raw"":[16264,15882,15571]},""pinky"":{""age_s"":0.00916910171508789,""channels"":3,""force"":[-1.020996998005021,-0.7476647693400009],""has_data"":true,""last_update_ts"":1784119724.1443017,""raw"":[17411,15287,17696]},""ring"":{""age_s"":0.00916910171508789,""channels"":3,""force"":[0.28553305876411983,0.2569924188599986],""has_data"":true,""last_update_ts"":1784119724.1443017,""raw"":[15791,16385,15625]},""thumb"":{""age_s"":0.00916910171508789,""channels"":3,""force"":[0.0,-2.220446049250313e-16],""has_data"":true,""last_update_ts"":1784119724.1443017,""raw"":[0,0,0]}}","{""ble"":{""connection_state"":""connected"",""counter"":1053586,""finger_order"":""DexterController.Visualizer"",""last_error"":null,""last_sample_age_s"":0.009196305007208139,""reconnect_count"":0,""sample_hz"":20.0,""sample_sequence"":152,""timestamp_us"":10688993184},""fingers"":{""index"":{""has_data"":true,""last_update_ts"":1784119724.1443017,""mapped"":true},""middle"":{""has_data"":true,""last_update_ts"":1784119724.1443017,""mapped"":true},""pinky"":{""has_data"":true,""last_update_ts"":1784119724.1443017,""mapped"":true},""ring"":{""has_data"":true,""last_update_ts"":1784119724.1443017,""mapped"":true},""thumb"":{""has_data"":true,""last_update_ts"":1784119724.1443017,""mapped"":true}},""ports"":{""available"":[""BLE:Dexter""],""unavailable"":[]}}"
1784119724.2036092,1784119724.203464,154,ble,"{""index"":{""age_s"":0.009159564971923828,""channels"":3,""force"":[-0.3672512742353309,-0.4118539412400022],""has_data"":true,""last_update_ts"":1784119724.1943045,""raw"":[17253,16489,17613]},""middle"":{""age_s"":0.009159564971923828,""channels"":3,""force"":[-0.14805417861843218,0.3047275117799977],""has_data"":true,""last_update_ts"":1784119724.1943045,""raw"":[16253,15945,15550]},""pinky"":{""age_s"":0.009159564971923828,""channels"":3,""force"":[-1.0209969980050229,-0.7498850062200013],""has_data"":true,""last_update_ts"":1784119724.1943045,""raw"":[17418,15294,17707]},""ring"":{""age_s"":0.009159564971923828,""channels"":3,""force"":[0.2768805418318703,0.24922158977999587],""has_data"":true,""last_update_ts"":1784119724.1943045,""raw"":[15795,16371,15634]},""thumb"":{""age_s"":0.009159564971923828,""channels"":3,""force"":[0.0,-2.220446049250313e-16],""has_data"":true,""last_update_ts"":1784119724.1943045,""raw"":[0,0,0]}}","{""ble"":{""connection_state"":""connected"",""counter"":1053591,""finger_order"":""DexterController.Visualizer"",""last_error"":null,""last_sample_age_s"":0.009185826012981124,""reconnect_count"":0,""sample_hz"":20.0,""sample_sequence"":153,""timestamp_us"":10689040320},""fingers"":{""index"":{""has_data"":true,""last_update_ts"":1784119724.1943045,""mapped"":true},""middle"":{""has_data"":true,""last_update_ts"":1784119724.1943045,""mapped"":true},""pinky"":{""has_data"":true,""last_update_ts"":1784119724.1943045,""mapped"":true},""ring"":{""has_data"":true,""last_update_ts"":1784119724.1943045,""mapped"":true},""thumb"":{""has_data"":true,""last_update_ts"":1784119724.1943045,""mapped"":true}},""ports"":{""available"":[""BLE:Dexter""],""unavailable"":[]}}"
1784119724.2537658,1784119724.2536294,155,ble,"{""index"":{""age_s"":0.009310483932495117,""channels"":3,""force"":[-0.3138940864864779,-0.35884578573000336],""has_data"":true,""last_update_ts"":1784119724.244319,""raw"":[17225,16572,17545]},""middle"":{""age_s"":0.009310483932495117,""channels"":3,""force"":[-0.16055225863167522,0.3302602358999991],""has_data"":true,""last_update_ts"":1784119724.244319,""raw"":[16286,15952,15524]},""pinky"":{""age_s"":0.009310483932495117,""channels"":3,""force"":[-1.0234004749306482,-0.7479422989500009],""has_data"":true,""last_update_ts"":1784119724.244319,""raw"":[17417,15288,17700]},""ring"":{""age_s"":0.009310483932495117,""channels"":3,""force"":[0.27976471414261894,0.25754747807999756],""has_data"":true,""last_update_ts"":1784119724.244319,""raw"":[15802,16384,15629]},""thumb"":{""age_s"":0.009310483932495117,""channels"":3,""force"":[0.0,-2.220446049250313e-16],""has_data"":true,""last_update_ts"":1784119724.244319,""raw"":[0,0,0]}}","{""ble"":{""connection_state"":""connected"",""counter"":1053596,""finger_order"":""DexterController.Visualizer"",""last_error"":null,""last_sample_age_s"":0.009353378001833335,""reconnect_count"":0,""sample_hz"":20.0,""sample_sequence"":154,""timestamp_us"":10689087328},""fingers"":{""index"":{""has_data"":true,""last_update_ts"":1784119724.244319,""mapped"":true},""middle"":{""has_data"":true,""last_update_ts"":1784119724.244319,""mapped"":true},""pinky"":{""has_data"":true,""last_update_ts"":1784119724.244319,""mapped"":true},""ring"":{""has_data"":true,""last_update_ts"":1784119724.244319,""mapped"":true},""thumb"":{""has_data"":true,""last_update_ts"":1784119724.244319,""mapped"":true}},""ports"":{""available"":[""BLE:Dexter""],""unavailable"":[]}}"
1784119724.3035765,1784119724.303451,156,ble,"{""index"":{""age_s"":0.009145259857177734,""channels"":3,""force"":[-0.2831295818384927,-0.28890832401000033],""has_data"":true,""last_update_ts"":1784119724.2943058,""raw"":[17243,16654,17469]},""middle"":{""age_s"":0.009145259857177734,""channels"":3,""force"":[-0.22015848638714886,0.34469177561999764],""has_data"":true,""last_update_ts"":1784119724.2943058,""raw"":[16353,15895,15503]},""pinky"":{""age_s"":0.009145259857177734,""channels"":3,""force"":[-1.0181128256942724,-0.7443344140200034],""has_data"":true,""last_update_ts"":1784119724.2943058,""raw"":[17411,15293,17693]},""ring"":{""age_s"":0.009145259857177734,""channels"":3,""force"":[0.2884172310748667,0.25754747807999934],""has_data"":true,""last_update_ts"":1784119724.2943058,""raw"":[15790,16390,15626]},""thumb"":{""age_s"":0.009145259857177734,""channels"":3,""force"":[0.0,-2.220446049250313e-16],""has_data"":true,""last_update_ts"":1784119724.2943058,""raw"":[0,0,0]}}","{""ble"":{""connection_state"":""connected"",""counter"":1053602,""finger_order"":""DexterController.Visualizer"",""last_error"":null,""last_sample_age_s"":0.009172332007437944,""reconnect_count"":0,""sample_hz"":20.0,""sample_sequence"":155,""timestamp_us"":10689143744},""fingers"":{""index"":{""has_data"":true,""last_update_ts"":1784119724.2943058,""mapped"":true},""middle"":{""has_data"":true,""last_update_ts"":1784119724.2943058,""mapped"":true},""pinky"":{""has_data"":true,""last_update_ts"":1784119724.2943058,""mapped"":true},""ring"":{""has_data"":true,""last_update_ts"":1784119724.2943058,""mapped"":true},""thumb"":{""has_data"":true,""last_update_ts"":1784119724.2943058,""mapped"":true}},""ports"":{""available"":[""BLE:Dexter""],""unavailable"":[]}}"
1784119724.3537135,1784119724.3534992,157,ble,"{""index"":{""age_s"":0.00917959213256836,""channels"":3,""force"":[-0.2682280248996243,-0.21258768126000138],""has_data"":true,""last_update_ts"":1784119724.3443196,""raw"":[17283,16725,17387]},""middle"":{""age_s"":0.00917959213256836,""channels"":3,""force"":[-0.26005620335250157,0.3727222662299976],""has_data"":true,""last_update_ts"":1784119724.3443196,""raw"":[16417,15876,15475]},""pinky"":{""age_s"":0.00917959213256836,""channels"":3,""force"":[-1.022919779545525,-0.7471097101199993],""has_data"":true,""last_update_ts"":1784119724.3443196,""raw"":[17417,15289,17699]},""ring"":{""age_s"":0.00917959213256836,""channels"":3,""force"":[0.2768805418318703,0.24478111601999686],""has_data"":true,""last_update_ts"":1784119724.3443196,""raw"":[15791,16367,15638]},""thumb"":{""age_s"":0.00917959213256836,""channels"":3,""force"":[0.0,-2.220446049250313e-16],""has_data"":true,""last_update_ts"":1784119724.3443196,""raw"":[0,0,0]}}","{""ble"":{""connection_state"":""connected"",""counter"":1053607,""finger_order"":""DexterController.Visualizer"",""last_error"":null,""last_sample_age_s"":0.009220940002705902,""reconnect_count"":0,""sample_hz"":20.0,""sample_sequence"":156,""timestamp_us"":10689190912},""fingers"":{""index"":{""has_data"":true,""last_update_ts"":1784119724.3443196,""mapped"":true},""middle"":{""has_data"":true,""last_update_ts"":1784119724.3443196,""mapped"":true},""pinky"":{""has_data"":true,""last_update_ts"":1784119724.3443196,""mapped"":true},""ring"":{""has_data"":true,""last_update_ts"":1784119724.3443196,""mapped"":true},""thumb"":{""has_data"":true,""last_update_ts"":1784119724.3443196,""mapped"":true}},""ports"":{""available"":[""BLE:Dexter""],""unavailable"":[]}}"
1784119724.403579,1784119724.403457,158,ble,"{""index"":{""age_s"":0.009150028228759766,""channels"":3,""force"":[-0.29130140338561183,0.008325888299997253],""has_data"":true,""last_update_ts"":1784119724.394307,""raw"":[17452,16846,17134]},""middle"":{""age_s"":0.009150028228759766,""channels"":3,""force"":[-0.3018767018583599,0.3913167500999979],""has_data"":true,""last_update_ts"":1784119724.394307,""raw"":[16469,15841,15450]},""pinky"":{""age_s"":0.009150028228759766,""channels"":3,""force"":[-1.0200356072347727,-0.7487748877800016],""has_data"":true,""last_update_ts"":1784119724.394307,""raw"":[17410,15288,17698]},""ring"":{""age_s"":0.009150028228759766,""channels"":3,""force"":[0.2797647141426225,0.25144182665999715],""has_data"":true,""last_update_ts"":1784119724.394307,""raw"":[15791,16373,15629]},""thumb"":{""age_s"":0.009150028228759766,""channels"":3,""force"":[0.0,-2.220446049250313e-16],""has_data"":true,""last_update_ts"":1784119724.394307,""raw"":[0,0,0]}}","{""ble"":{""connection_state"":""connected"",""counter"":1053612,""finger_order"":""DexterController.Visualizer"",""last_error"":null,""last_sample_age_s"":0.009175618994049728,""reconnect_count"":0,""sample_hz"":20.0,""sample_sequence"":157,""timestamp_us"":10689237920},""fingers"":{""index"":{""has_data"":true,""last_update_ts"":1784119724.394307,""mapped"":true},""middle"":{""has_data"":true,""last_update_ts"":1784119724.394307,""mapped"":true},""pinky"":{""has_data"":true,""last_update_ts"":1784119724.394307,""mapped"":true},""ring"":{""has_data"":true,""last_update_ts"":1784119724.394307,""mapped"":true},""thumb"":{""has_data"":true,""last_update_ts"":1784119724.394307,""mapped"":true}},""ports"":{""available"":[""BLE:Dexter""],""unavailable"":[]}}"
1784119724.4535863,1784119724.4534614,159,ble,"{""index"":{""age_s"":0.009155750274658203,""channels"":3,""force"":[-0.262940375663252,0.4248978329099975],""has_data"":true,""last_update_ts"":1784119724.4443057,""raw"":[17675,17128,16636]},""middle"":{""age_s"":0.009155750274658203,""channels"":3,""force"":[-0.2739963695211234,0.3191590514999989],""has_data"":true,""last_update_ts"":1784119724.4443057,""raw"":[16402,15832,15542]},""pinky"":{""age_s"":0.009155750274658203,""channels"":3,""force"":[-1.0190742164645226,-0.7404489994800025],""has_data"":true,""last_update_ts"":1784119724.4443057,""raw"":[17415,15295,17689]},""ring"":{""age_s"":0.009155750274658203,""channels"":3,""force"":[0.28120680029799416,0.25726994846999673],""has_data"":true,""last_update_ts"":1784119724.4443057,""raw"":[15799,16384,15628]},""thumb"":{""age_s"":0.009155750274658203,""channels"":3,""force"":[0.0,-2.220446049250313e-16],""has_data"":true,""last_update_ts"":1784119724.4443057,""raw"":[0,0,0]}}","{""ble"":{""connection_state"":""connected"",""counter"":1053618,""finger_order"":""DexterController.Visualizer"",""last_error"":null,""last_sample_age_s"":0.009183863003272563,""reconnect_count"":0,""sample_hz"":20.0,""sample_sequence"":158,""timestamp_us"":10689294272},""fingers"":{""index"":{""has_data"":true,""last_update_ts"":1784119724.4443057,""mapped"":true},""middle"":{""has_data"":true,""last_update_ts"":1784119724.4443057,""mapped"":true},""pinky"":{""has_data"":true,""last_update_ts"":1784119724.4443057,""mapped"":true},""ring"":{""has_data"":true,""last_update_ts"":1784119724.4443057,""mapped"":true},""thumb"":{""has_data"":true,""last_update_ts"":1784119724.4443057,""mapped"":true}},""ports"":{""available"":[""BLE:Dexter""],""unavailable"":[]}}"
1784119724.5035858,1784119724.5034611,160,ble,"{""index"":{""age_s"":0.009155511856079102,""channels"":3,""force"":[-0.16728199402341914,1.0329652084199976],""has_data"":true,""last_update_ts"":1784119724.4943056,""raw"":[17950,17602,15915]},""middle"":{""age_s"":0.009155511856079102,""channels"":3,""force"":[-0.24323186487313464,0.31305340008000027],""has_data"":true,""last_update_ts"":1784119724.4943056,""raw"":[16274,15768,15457]},""pinky"":{""age_s"":0.009155511856079102,""channels"":3,""force"":[0.7667091392740186,0.03746649734999696],""has_data"":true,""last_update_ts"":1784119724.4943056,""raw"":[16708,18303,17438]},""ring"":{""age_s"":0.009155511856079102,""channels"":3,""force"":[0.26870872028474757,0.6252742113299989],""has_data"":true,""last_update_ts"":1784119724.4943056,""raw"":[15776,16335,14929]},""thumb"":{""age_s"":0.009155511856079102,""channels"":3,""force"":[0.0,-2.220446049250313e-16],""has_data"":true,""last_update_ts"":1784119724.4943056,""raw"":[0,0,0]}}","{""ble"":{""connection_state"":""connected"",""counter"":1053623,""finger_order"":""DexterController.Visualizer"",""last_error"":null,""last_sample_age_s"":0.00918198999715969,""reconnect_count"":0,""sample_hz"":20.0,""sample_sequence"":159,""timestamp_us"":10689341280},""fingers"":{""index"":{""has_data"":true,""last_update_ts"":1784119724.4943056,""mapped"":true},""middle"":{""has_data"":true,""last_update_ts"":1784119724.4943056,""mapped"":true},""pinky"":{""has_data"":true,""last_update_ts"":1784119724.4943056,""mapped"":true},""ring"":{""has_data"":true,""last_update_ts"":1784119724.4943056,""mapped"":true},""thumb"":{""has_data"":true,""last_update_ts"":1784119724.4943056,""mapped"":true}},""ports"":{""available"":[""BLE:Dexter""],""unavailable"":[]}}"
1784119724.5535853,1784119724.5534573,161,ble,"{""index"":{""age_s"":0.009155511856079102,""channels"":3,""force"":[-0.06489387699184412,1.7143004009699983],""has_data"":true,""last_update_ts"":1784119724.5443017,""raw"":[18276,18141,15120]},""middle"":{""age_s"":0.009155511856079102,""channels"":3,""force"":[-0.17689590172591885,0.16429752911999884],""has_data"":true,""last_update_ts"":1784119724.5443017,""raw"":[16193,15825,15713]},""pinky"":{""age_s"":0.009155511856079102,""channels"":3,""force"":[-1.02484256108602,-0.7487748877800033],""has_data"":true,""last_update_ts"":1784119724.5443017,""raw"":[17418,15286,17701]},""ring"":{""age_s"":0.009155511856079102,""channels"":3,""force"":[0.27832262798724194,0.24949911938999847],""has_data"":true,""last_update_ts"":1784119724.5443017,""raw"":[15797,16376,15637]},""thumb"":{""age_s"":0.009155511856079102,""channels"":3,""force"":[0.0,-2.220446049250313e-16],""has_data"":true,""last_update_ts"":1784119724.5443017,""raw"":[0,0,0]}}","{""ble"":{""connection_state"":""connected"",""counter"":1053628,""finger_order"":""DexterController.Visualizer"",""last_error"":null,""last_sample_age_s"":0.009181949004414491,""reconnect_count"":0,""sample_hz"":20.0,""sample_sequence"":160,""timestamp_us"":10689388352},""fingers"":{""index"":{""has_data"":true,""last_update_ts"":1784119724.5443017,""mapped"":true},""middle"":{""has_data"":true,""last_update_ts"":1784119724.5443017,""mapped"":true},""pinky"":{""has_data"":true,""last_update_ts"":1784119724.5443017,""mapped"":true},""ring"":{""has_data"":true,""last_update_ts"":1784119724.5443017,""mapped"":true},""thumb"":{""has_data"":true,""last_update_ts"":1784119724.5443017,""mapped"":true}},""ports"":{""available"":[""BLE:Dexter""],""unavailable"":[]}}"
1784119724.603584,1784119724.6034577,162,ble,"{""index"":{""age_s"":0.009155511856079102,""channels"":3,""force"":[0.05431857851910138,2.423666084129999],""has_data"":true,""last_update_ts"":1784119724.5943022,""raw"":[18608,18721,14298]},""middle"":{""age_s"":0.009155511856079102,""channels"":3,""force"":[-0.10767576626795261,-0.03219343476000436],""has_data"":true,""last_update_ts"":1784119724.5943022,""raw"":[16007,15783,15953]},""pinky"":{""age_s"":0.009155511856079102,""channels"":3,""force"":[-1.0195549118496476,-0.7440568844100017],""has_data"":true,""last_update_ts"":1784119724.5943022,""raw"":[17418,15297,17698]},""ring"":{""age_s"":0.009155511856079102,""channels"":3,""force"":[0.2778419326021204,0.25033170821999917],""has_data"":true,""last_update_ts"":1784119724.5943022,""raw"":[15794,16372,15632]},""thumb"":{""age_s"":0.009155511856079102,""channels"":3,""force"":[0.0,-2.220446049250313e-16],""has_data"":true,""last_update_ts"":1784119724.5943022,""raw"":[0,0,0]}}","{""ble"":{""connection_state"":""connected"",""counter"":1053634,""finger_order"":""DexterController.Visualizer"",""last_error"":null,""last_sample_age_s"":0.009182770998449996,""reconnect_count"":0,""sample_hz"":20.0,""sample_sequence"":161,""timestamp_us"":10689444704},""fingers"":{""index"":{""has_data"":true,""last_update_ts"":1784119724.5943022,""mapped"":true},""middle"":{""has_data"":true,""last_update_ts"":1784119724.5943022,""mapped"":true},""pinky"":{""has_data"":true,""last_update_ts"":1784119724.5943022,""mapped"":true},""ring"":{""has_data"":true,""last_update_ts"":1784119724.5943022,""mapped"":true},""thumb"":{""has_data"":true,""last_update_ts"":1784119724.5943022,""mapped"":true}},""ports"":{""available"":[""BLE:Dexter""],""unavailable"":[]}}"
1784119724.653581,1784119724.6534576,163,ble,"{""index"":{""age_s"":0.009155988693237305,""channels"":3,""force"":[0.17978007403666574,2.9079552535799973],""has_data"":true,""last_update_ts"":1784119724.6443017,""raw"":[18802,19176,13750]},""middle"":{""age_s"":0.009155988693237305,""channels"":3,""force"":[-0.0562413600595999,-0.13904233461000004],""has_data"":true,""last_update_ts"":1784119724.6443017,""raw"":[15884,15767,16076]},""pinky"":{""age_s"":0.009155988693237305,""channels"":3,""force"":[-1.0262846472413951,-0.7457220620700014],""has_data"":true,""last_update_ts"":1784119724.6443017,""raw"":[17422,15287,17698]},""ring"":{""age_s"":0.009155988693237305,""channels"":3,""force"":[0.2797647141426225,0.25144182665999715],""has_data"":true,""last_update_ts"":1784119724.6443017,""raw"":[15791,16373,15629]},""thumb"":{""age_s"":0.009155988693237305,""channels"":3,""force"":[0.0,-2.220446049250313e-16],""has_data"":true,""last_update_ts"":1784119724.6443017,""raw"":[0,0,0]}}","{""ble"":{""connection_state"":""connected"",""counter"":1053639,""finger_order"":""DexterController.Visualizer"",""last_error"":null,""last_sample_age_s"":0.009183321992168203,""reconnect_count"":0,""sample_hz"":20.0,""sample_sequence"":162,""timestamp_us"":10689491616},""fingers"":{""index"":{""has_data"":true,""last_update_ts"":1784119724.6443017,""mapped"":true},""middle"":{""has_data"":true,""last_update_ts"":1784119724.6443017,""mapped"":true},""pinky"":{""has_data"":true,""last_update_ts"":1784119724.6443017,""mapped"":true},""ring"":{""has_data"":true,""last_update_ts"":1784119724.6443017,""mapped"":true},""thumb"":{""has_data"":true,""last_update_ts"":1784119724.6443017,""mapped"":true}},""ports"":{""available"":[""BLE:Dexter""],""unavailable"":[]}}"
1784119724.7035735,1784119724.7034538,164,ble,"{""index"":{""age_s"":0.009151458740234375,""channels"":3,""force"":[0.30187670185835813,3.2015815809599975],""has_data"":true,""last_update_ts"":1784119724.6943023,""raw"":[18864,19492,13410]},""middle"":{""age_s"":0.009151458740234375,""channels"":3,""force"":[-0.02595755079673978,-0.1987112007600027],""has_data"":true,""last_update_ts"":1784119724.6943023,""raw"":[15808,15754,16139]},""pinky"":{""age_s"":0.009151458740234375,""channels"":3,""force"":[-1.0243618657008966,-0.751272654270001],""has_data"":true,""last_update_ts"":1784119724.6943023,""raw"":[17416,15285,17704]},""ring"":{""age_s"":0.009151458740234375,""channels"":3,""force"":[0.2768805418318738,0.2475564121199998],""has_data"":true,""last_update_ts"":1784119724.6943023,""raw"":[15788,16364,15630]},""thumb"":{""age_s"":0.009151458740234375,""channels"":3,""force"":[0.0,-2.220446049250313e-16],""has_data"":true,""last_update_ts"":1784119724.6943023,""raw"":[0,0,0]}}","{""ble"":{""connection_state"":""connected"",""counter"":1053644,""finger_order"":""DexterController.Visualizer"",""last_error"":null,""last_sample_age_s"":0.009177031010040082,""reconnect_count"":0,""sample_hz"":20.0,""sample_sequence"":163,""timestamp_us"":10689538752},""fingers"":{""index"":{""has_data"":true,""last_update_ts"":1784119724.6943023,""mapped"":true},""middle"":{""has_data"":true,""last_update_ts"":1784119724.6943023,""mapped"":true},""pinky"":{""has_data"":true,""last_update_ts"":1784119724.6943023,""mapped"":true},""ring"":{""has_data"":true,""last_update_ts"":1784119724.6943023,""mapped"":true},""thumb"":{""has_data"":true,""last_update_ts"":1784119724.6943023,""mapped"":true}},""ports"":{""available"":[""BLE:Dexter""],""unavailable"":[]}}"
1784119724.7535663,1784119724.7534535,165,ble,"{""index"":{""age_s"":0.00914764404296875,""channels"":3,""force"":[0.2768805418318703,3.482441546279997],""has_data"":true,""last_update_ts"":1784119724.7443058,""raw"":[19096,19672,13110]},""middle"":{""age_s"":0.00914764404296875,""channels"":3,""force"":[-0.11440550165969654,-0.14764575252000167],""has_data"":true,""last_update_ts"":1784119724.7443058,""raw"":[15922,15684,16069]},""pinky"":{""age_s"":0.00914764404296875,""channels"":3,""force"":[-1.02484256108602,-0.7482198285600035],""has_data"":true,""last_update_ts"":1784119724.7443058,""raw"":[17423,15291,17705]},""ring"":{""age_s"":0.00914764404296875,""channels"":3,""force"":[0.27976471414261894,0.26032277417999694],""has_data"":true,""last_update_ts"":1784119724.7443058,""raw"":[15802,16384,15624]},""thumb"":{""age_s"":0.00914764404296875,""channels"":3,""force"":[0.0,-2.220446049250313e-16],""has_data"":true,""last_update_ts"":1784119724.7443058,""raw"":[0,0,0]}}","{""ble"":{""connection_state"":""connected"",""counter"":1053650,""finger_order"":""DexterController.Visualizer"",""last_error"":null,""last_sample_age_s"":0.009174114995403215,""reconnect_count"":0,""sample_hz"":20.0,""sample_sequence"":164,""timestamp_us"":10689595072},""fingers"":{""index"":{""has_data"":true,""last_update_ts"":1784119724.7443058,""mapped"":true},""middle"":{""has_data"":true,""last_update_ts"":1784119724.7443058,""mapped"":true},""pinky"":{""has_data"":true,""last_update_ts"":1784119724.7443058,""mapped"":true},""ring"":{""has_data"":true,""last_update_ts"":1784119724.7443058,""mapped"":true},""thumb"":{""has_data"":true,""last_update_ts"":1784119724.7443058,""mapped"":true}},""ports"":{""available"":[""BLE:Dexter""],""unavailable"":[]}}"
1784119724.8035805,1784119724.8034568,166,ble,"{""index"":{""age_s"":0.009151220321655273,""channels"":3,""force"":[0.2302530894747683,3.4327637460899973],""has_data"":true,""last_update_ts"":1784119724.7943056,""raw"":[19098,19577,13153]},""middle"":{""age_s"":0.009151220321655273,""channels"":3,""force"":[-0.1610329540168003,0.04135191188999787],""has_data"":true,""last_update_ts"":1784119724.7943056,""raw"":[15948,15613,15706]},""pinky"":{""age_s"":0.009151220321655273,""channels"":3,""force"":[0.7436357607880293,0.11572984736999814],""has_data"":true,""last_update_ts"":1784119724.7943056,""raw"":[16917,18464,17482]},""ring"":{""age_s"":0.009151220321655273,""channels"":3,""force"":[0.3485041542154619,0.6163932638099991],""has_data"":true,""last_update_ts"":1784119724.7943056,""raw"":[15720,16445,14972]},""thumb"":{""age_s"":0.009151220321655273,""channels"":3,""force"":[0.0,-2.220446049250313e-16],""has_data"":true,""last_update_ts"":1784119724.7943056,""raw"":[0,0,0]}}","{""ble"":{""connection_state"":""connected"",""counter"":1053655,""finger_order"":""DexterController.Visualizer"",""last_error"":null,""last_sample_age_s"":0.00917797199508641,""reconnect_count"":0,""sample_hz"":20.0,""sample_sequence"":165,""timestamp_us"":10689642016},""fingers"":{""index"":{""has_data"":true,""last_update_ts"":1784119724.7943056,""mapped"":true},""middle"":{""has_data"":true,""last_update_ts"":1784119724.7943056,""mapped"":true},""pinky"":{""has_data"":true,""last_update_ts"":1784119724.7943056,""mapped"":true},""ring"":{""has_data"":true,""last_update_ts"":1784119724.7943056,""mapped"":true},""thumb"":{""has_data"":true,""last_update_ts"":1784119724.7943056,""mapped"":true}},""ports"":{""available"":[""BLE:Dexter""],""unavailable"":[]}}"
1784119724.8537104,1784119724.8534951,167,ble,"{""index"":{""age_s"":0.009167194366455078,""channels"":3,""force"":[0.1331526216795602,3.0569886541499995],""has_data"":true,""last_update_ts"":1784119724.844328,""raw"":[18980,19257,13611]},""middle"":{""age_s"":0.009167194366455078,""channels"":3,""force"":[-0.16968547094904807,0.0924173601299989],""has_data"":true,""last_update_ts"":1784119724.844328,""raw"":[16100,15747,15757]},""pinky"":{""age_s"":0.009167194366455078,""channels"":3,""force"":[-1.0219583887752712,-0.7521052431000008],""has_data"":true,""last_update_ts"":1784119724.844328,""raw"":[17414,15288,17706]},""ring"":{""age_s"":0.009167194366455078,""channels"":3,""force"":[0.27543845567649505,0.24838900094999694],""has_data"":true,""last_update_ts"":1784119724.844328,""raw"":[15794,16367,15633]},""thumb"":{""age_s"":0.009167194366455078,""channels"":3,""force"":[0.0,-2.220446049250313e-16],""has_data"":true,""last_update_ts"":1784119724.844328,""raw"":[0,0,0]}}","{""ble"":{""connection_state"":""connected"",""counter"":1053660,""finger_order"":""DexterController.Visualizer"",""last_error"":null,""last_sample_age_s"":0.009210441014147364,""reconnect_count"":0,""sample_hz"":20.0,""sample_sequence"":166,""timestamp_us"":10689689088},""fingers"":{""index"":{""has_data"":true,""last_update_ts"":1784119724.844328,""mapped"":true},""middle"":{""has_data"":true,""last_update_ts"":1784119724.844328,""mapped"":true},""pinky"":{""has_data"":true,""last_update_ts"":1784119724.844328,""mapped"":true},""ring"":{""has_data"":true,""last_update_ts"":1784119724.844328,""mapped"":true},""thumb"":{""has_data"":true,""last_update_ts"":1784119724.844328,""mapped"":true}},""ports"":{""available"":[""BLE:Dexter""],""unavailable"":[]}}"
1784119724.9036975,1784119724.9034834,168,ble,"{""index"":{""age_s"":0.009156942367553711,""channels"":3,""force"":[0.043743280046353306,2.1156082170299984],""has_data"":true,""last_update_ts"":1784119724.8943264,""raw"":[18460,18551,14694]},""middle"":{""age_s"":0.009156942367553711,""channels"":3,""force"":[-0.1086371570381992,0.23701028693999682],""has_data"":true,""last_update_ts"":1784119724.8943264,""raw"":[16119,15893,15579]},""pinky"":{""age_s"":0.009156942367553711,""channels"":3,""force"":[-1.0152286533835255,-0.7115859200400019],""has_data"":true,""last_update_ts"":1784119724.8943264,""raw"":[17435,15323,17661]},""ring"":{""age_s"":0.009156942367553711,""channels"":3,""force"":[0.26678593874425083,0.27447678429],""has_data"":true,""last_update_ts"":1784119724.8943264,""raw"":[15818,16373,15601]},""thumb"":{""age_s"":0.009156942367553711,""channels"":3,""force"":[0.0,-2.220446049250313e-16],""has_data"":true,""last_update_ts"":1784119724.8943264,""raw"":[0,0,0]}}","{""ble"":{""connection_state"":""connected"",""counter"":1053666,""finger_order"":""DexterController.Visualizer"",""last_error"":null,""last_sample_age_s"":0.009200212996802293,""reconnect_count"":0,""sample_hz"":20.0,""sample_sequence"":167,""timestamp_us"":10689745504},""fingers"":{""index"":{""has_data"":true,""last_update_ts"":1784119724.8943264,""mapped"":true},""middle"":{""has_data"":true,""last_update_ts"":1784119724.8943264,""mapped"":true},""pinky"":{""has_data"":true,""last_update_ts"":1784119724.8943264,""mapped"":true},""ring"":{""has_data"":true,""last_update_ts"":1784119724.8943264,""mapped"":true},""thumb"":{""has_data"":true,""last_update_ts"":1784119724.8943264,""mapped"":true}},""ports"":{""available"":[""BLE:Dexter""],""unavailable"":[]}}"
1784119724.9535856,1784119724.9534612,169,ble,"{""index"":{""age_s"":0.009155511856079102,""channels"":3,""force"":[0.018747120019867225,1.158686121749998],""has_data"":true,""last_update_ts"":1784119724.9443057,""raw"":[17879,17918,15811]},""middle"":{""age_s"":0.009155511856079102,""channels"":3,""force"":[-0.04710814774222705,0.3263748213599982],""has_data"":true,""last_update_ts"":1784119724.9443057,""raw"":[16109,16011,15472]},""pinky"":{""age_s"":0.009155511856079102,""channels"":3,""force"":[-1.0368599457141396,-0.7607086610100007],""has_data"":true,""last_update_ts"":1784119724.9443057,""raw"":[17423,15266,17715]},""ring"":{""age_s"":0.009155511856079102,""channels"":3,""force"":[0.29418557569636405,0.25088676743999905],""has_data"":true,""last_update_ts"":1784119724.9443057,""raw"":[15788,16400,15642]},""thumb"":{""age_s"":0.009155511856079102,""channels"":3,""force"":[0.0,-2.220446049250313e-16],""has_data"":true,""last_update_ts"":1784119724.9443057,""raw"":[0,0,0]}}","{""ble"":{""connection_state"":""connected"",""counter"":1053671,""finger_order"":""DexterController.Visualizer"",""last_error"":null,""last_sample_age_s"":0.009183001995552331,""reconnect_count"":0,""sample_hz"":20.0,""sample_sequence"":168,""timestamp_us"":10689792448},""fingers"":{""index"":{""has_data"":true,""last_update_ts"":1784119724.9443057,""mapped"":true},""middle"":{""has_data"":true,""last_update_ts"":1784119724.9443057,""mapped"":true},""pinky"":{""has_data"":true,""last_update_ts"":1784119724.9443057,""mapped"":true},""ring"":{""has_data"":true,""last_update_ts"":1784119724.9443057,""mapped"":true},""thumb"":{""has_data"":true,""last_update_ts"":1784119724.9443057,""mapped"":true}},""ports"":{""available"":[""BLE:Dexter""],""unavailable"":[]}}"
1784119725.0035572,1784119725.0034454,170,ble,"{""index"":{""age_s"":0.0091400146484375,""channels"":3,""force"":[-0.10094603087620158,0.3929819277599975],""has_data"":true,""last_update_ts"":1784119724.9943054,""raw"":[17509,17299,16696]},""middle"":{""age_s"":0.0091400146484375,""channels"":3,""force"":[-0.019227815404990523,0.3152736369599971],""has_data"":true,""last_update_ts"":1784119724.9943054,""raw"":[16070,16030,15482]},""pinky"":{""age_s"":0.0091400146484375,""channels"":3,""force"":[-1.0234004749306465,-0.7407265290900016],""has_data"":true,""last_update_ts"":1784119724.9943054,""raw"":[17427,15298,17697]},""ring"":{""age_s"":0.0091400146484375,""channels"":3,""force"":[0.27736123721699535,0.2578250076899975],""has_data"":true,""last_update_ts"":1784119724.9943054,""raw"":[15799,16376,15623]},""thumb"":{""age_s"":0.0091400146484375,""channels"":3,""force"":[0.0,-2.220446049250313e-16],""has_data"":true,""last_update_ts"":1784119724.9943054,""raw"":[0,0,0]}}","{""ble"":{""connection_state"":""connected"",""counter"":1053676,""finger_order"":""DexterController.Visualizer"",""last_error"":null,""last_sample_age_s"":0.009166433999780566,""reconnect_count"":0,""sample_hz"":20.0,""sample_sequence"":169,""timestamp_us"":10689839488},""fingers"":{""index"":{""has_data"":true,""last_update_ts"":1784119724.9943054,""mapped"":true},""middle"":{""has_data"":true,""last_update_ts"":1784119724.9943054,""mapped"":true},""pinky"":{""has_data"":true,""last_update_ts"":1784119724.9943054,""mapped"":true},""ring"":{""has_data"":true,""last_update_ts"":1784119724.9943054,""mapped"":true},""thumb"":{""has_data"":true,""last_update_ts"":1784119724.9943054,""mapped"":true}},""ports"":{""available"":[""BLE:Dexter""],""unavailable"":[]}}"
1784119725.0535593,1784119725.0534399,171,ble,"{""index"":{""age_s"":0.009137868881225586,""channels"":3,""force"":[-0.2547685541161311,-0.10601631102000209],""has_data"":true,""last_update_ts"":1784119725.044302,""raw"":[17340,16810,17266]},""middle"":{""age_s"":0.009137868881225586,""channels"":3,""force"":[-0.04758884312735212,0.33442318004999727],""has_data"":true,""last_update_ts"":1784119725.044302,""raw"":[16116,16017,15464]},""pinky"":{""age_s"":0.009137868881225586,""channels"":3,""force"":[-1.0282074287818936,-0.7412815883100023],""has_data"":true,""last_update_ts"":1784119725.044302,""raw"":[17423,15284,17689]},""ring"":{""age_s"":0.009137868881225586,""channels"":3,""force"":[0.2869751449194897,0.2622654814499974],""has_data"":true,""last_update_ts"":1784119725.044302,""raw"":[15789,16386,15615]},""thumb"":{""age_s"":0.009137868881225586,""channels"":3,""force"":[0.0,-2.220446049250313e-16],""has_data"":true,""last_update_ts"":1784119725.044302,""raw"":[0,0,0]}}","{""ble"":{""connection_state"":""connected"",""counter"":1053682,""finger_order"":""DexterController.Visualizer"",""last_error"":null,""last_sample_age_s"":0.009166218995233066,""reconnect_count"":0,""sample_hz"":20.0,""sample_sequence"":170,""timestamp_us"":10689895808},""fingers"":{""index"":{""has_data"":true,""last_update_ts"":1784119725.044302,""mapped"":true},""middle"":{""has_data"":true,""last_update_ts"":1784119725.044302,""mapped"":true},""pinky"":{""has_data"":true,""last_update_ts"":1784119725.044302,""mapped"":true},""ring"":{""has_data"":true,""last_update_ts"":1784119725.044302,""mapped"":true},""thumb"":{""has_data"":true,""last_update_ts"":1784119725.044302,""mapped"":true}},""ports"":{""available"":[""BLE:Dexter""],""unavailable"":[]}}"
1784119725.1035662,1784119725.1034539,172,ble,"{""index"":{""age_s"":0.009152412414550781,""channels"":3,""force"":[-0.33216051112122,-0.26837113287000225],""has_data"":true,""last_update_ts"":1784119725.0943015,""raw"":[17316,16625,17454]},""middle"":{""age_s"":0.009152412414550781,""channels"":3,""force"":[-0.08892864624808361,0.3727222662299976],""has_data"":true,""last_update_ts"":1784119725.0943015,""raw"":[16169,15984,15405]},""pinky"":{""age_s"":0.009152412414550781,""channels"":3,""force"":[-1.0209969980050229,-0.7498850062200031],""has_data"":true,""last_update_ts"":1784119725.0943015,""raw"":[17416,15292,17705]},""ring"":{""age_s"":0.009152412414550781,""channels"":3,""force"":[0.27591915106161835,0.2497766489999984],""has_data"":true,""last_update_ts"":1784119725.0943015,""raw"":[15793,16367,15630]},""thumb"":{""age_s"":0.009152412414550781,""channels"":3,""force"":[0.0,-2.220446049250313e-16],""has_data"":true,""last_update_ts"":1784119725.0943015,""raw"":[0,0,0]}}","{""ble"":{""connection_state"":""connected"",""counter"":1053687,""finger_order"":""DexterController.Visualizer"",""last_error"":null,""last_sample_age_s"":0.009177649990306236,""reconnect_count"":0,""sample_hz"":20.0,""sample_sequence"":171,""timestamp_us"":10689942912},""fingers"":{""index"":{""has_data"":true,""last_update_ts"":1784119725.0943015,""mapped"":true},""middle"":{""has_data"":true,""last_update_ts"":1784119725.0943015,""mapped"":true},""pinky"":{""has_data"":true,""last_update_ts"":1784119725.0943015,""mapped"":true},""ring"":{""has_data"":true,""last_update_ts"":1784119725.0943015,""mapped"":true},""thumb"":{""has_data"":true,""last_update_ts"":1784119725.0943015,""mapped"":true}},""ports"":{""available"":[""BLE:Dexter""],""unavailable"":[]}}"
1784119725.153759,1784119725.153507,173,ble,"{""index"":{""age_s"":0.009183168411254883,""channels"":3,""force"":[-0.4374328004635437,-0.32859505824000035],""has_data"":true,""last_update_ts"":1784119725.1443238,""raw"":[17389,16479,17526]},""middle"":{""age_s"":0.009183168411254883,""channels"":3,""force"":[-0.18122216019204096,0.49983082760999853],""has_data"":true,""last_update_ts"":1784119725.1443238,""raw"":[16339,15962,15250]},""pinky"":{""age_s"":0.009183168411254883,""channels"":3,""force"":[-1.0181128256942742,-0.7426692363600029],""has_data"":true,""last_update_ts"":1784119725.1443238,""raw"":[17414,15296,17693]},""ring"":{""age_s"":0.009183168411254883,""channels"":3,""force"":[0.28553305876411805,0.2564373596399996],""has_data"":true,""last_update_ts"":1784119725.1443238,""raw"":[15796,16390,15631]},""thumb"":{""age_s"":0.009183168411254883,""channels"":3,""force"":[0.0,-2.220446049250313e-16],""has_data"":true,""last_update_ts"":1784119725.1443238,""raw"":[0,0,0]}}","{""ble"":{""connection_state"":""connected"",""counter"":1053692,""finger_order"":""DexterController.Visualizer"",""last_error"":null,""last_sample_age_s"":0.009232140000676736,""reconnect_count"":0,""sample_hz"":20.0,""sample_sequence"":172,""timestamp_us"":10689989952},""fingers"":{""index"":{""has_data"":true,""last_update_ts"":1784119725.1443238,""mapped"":true},""middle"":{""has_data"":true,""last_update_ts"":1784119725.1443238,""mapped"":true},""pinky"":{""has_data"":true,""last_update_ts"":1784119725.1443238,""mapped"":true},""ring"":{""has_data"":true,""last_update_ts"":1784119725.1443238,""mapped"":true},""thumb"":{""has_data"":true,""last_update_ts"":1784119725.1443238,""mapped"":true}},""ports"":{""available"":[""BLE:Dexter""],""unavailable"":[]}}"
1784119725.203617,1784119725.2034783,174,ble,"{""index"":{""age_s"":0.009175777435302734,""channels"":3,""force"":[-0.49463555129339554,-0.2916836201100015],""has_data"":true,""last_update_ts"":1784119725.1943026,""raw"":[17475,16446,17486]},""middle"":{""age_s"":0.009175777435302734,""channels"":3,""force"":[-0.2365021294813907,0.7537704207599978],""has_data"":true,""last_update_ts"":1784119725.1943026,""raw"":[16550,16058,14946]},""pinky"":{""age_s"":0.009175777435302734,""channels"":3,""force"":[-1.0224390841603963,-0.7507175950500011],""has_data"":true,""last_update_ts"":1784119725.1943026,""raw"":[17418,15291,17707]},""ring"":{""age_s"":0.009175777435302734,""channels"":3,""force"":[0.27495776029137176,0.24866653055999777],""has_data"":true,""last_update_ts"":1784119725.1943026,""raw"":[15796,16368,15634]},""thumb"":{""age_s"":0.009175777435302734,""channels"":3,""force"":[0.0,-2.220446049250313e-16],""has_data"":true,""last_update_ts"":1784119725.1943026,""raw"":[0,0,0]}}","{""ble"":{""connection_state"":""connected"",""counter"":1053697,""finger_order"":""DexterController.Visualizer"",""last_error"":null,""last_sample_age_s"":0.009207634997437708,""reconnect_count"":0,""sample_hz"":20.0,""sample_sequence"":173,""timestamp_us"":10690036960},""fingers"":{""index"":{""has_data"":true,""last_update_ts"":1784119725.1943026,""mapped"":true},""middle"":{""has_data"":true,""last_update_ts"":1784119725.1943026,""mapped"":true},""pinky"":{""has_data"":true,""last_update_ts"":1784119725.1943026,""mapped"":true},""ring"":{""has_data"":true,""last_update_ts"":1784119725.1943026,""mapped"":true},""thumb"":{""has_data"":true,""last_update_ts"":1784119725.1943026,""mapped"":true}},""ports"":{""available"":[""BLE:Dexter""],""unavailable"":[]}}"
1784119725.2535915,1784119725.2534525,175,ble,"{""index"":{""age_s"":0.009150266647338867,""channels"":3,""force"":[-0.5398209174951223,-0.3394187130300006],""has_data"":true,""last_update_ts"":1784119725.2443023,""raw"":[17505,16382,17555]},""middle"":{""age_s"":0.009150266647338867,""channels"":3,""force"":[-0.2797647141426225,1.2971733971399964],""has_data"":true,""last_update_ts"":1784119725.2443023,""raw"":[16924,16342,14296]},""pinky"":{""age_s"":0.009150266647338867,""channels"":3,""force"":[-1.0209969980050246,-0.7476647693400009],""has_data"":true,""last_update_ts"":1784119725.2443023,""raw"":[17413,15289,17698]},""ring"":{""age_s"":0.009150266647338867,""channels"":3,""force"":[0.2711121972103747,0.2503317082199974],""has_data"":true,""last_update_ts"":1784119725.2443023,""raw"":[15796,16360,15627]},""thumb"":{""age_s"":0.009150266647338867,""channels"":3,""force"":[0.0,-2.220446049250313e-16],""has_data"":true,""last_update_ts"":1784119725.2443023,""raw"":[0,0,0]}}","{""ble"":{""connection_state"":""connected"",""counter"":1053703,""finger_order"":""DexterController.Visualizer"",""last_error"":null,""last_sample_age_s"":0.009181928006000817,""reconnect_count"":0,""sample_hz"":20.0,""sample_sequence"":174,""timestamp_us"":10690093440},""fingers"":{""index"":{""has_data"":true,""last_update_ts"":1784119725.2443023,""mapped"":true},""middle"":{""has_data"":true,""last_update_ts"":1784119725.2443023,""mapped"":true},""pinky"":{""has_data"":true,""last_update_ts"":1784119725.2443023,""mapped"":true},""ring"":{""has_data"":true,""last_update_ts"":1784119725.2443023,""mapped"":true},""thumb"":{""has_data"":true,""last_update_ts"":1784119725.2443023,""mapped"":true}},""ports"":{""available"":[""BLE:Dexter""],""unavailable"":[]}}"
1784119725.3037682,1784119725.3035002,176,ble,"{""index"":{""age_s"":0.009174585342407227,""channels"":3,""force"":[-0.5758730713794815,-0.36966944052000184],""has_data"":true,""last_update_ts"":1784119725.2943256,""raw"":[17530,16332,17597]},""middle"":{""age_s"":0.009174585342407227,""channels"":3,""force"":[-0.3086064372501056,1.6907103841199982],""has_data"":true,""last_update_ts"":1784119725.2943256,""raw"":[17195,16553,13828]},""pinky"":{""age_s"":0.009174585342407227,""channels"":3,""force"":[-1.0195549118496494,-0.7496074766100014],""has_data"":true,""last_update_ts"":1784119725.2943256,""raw"":[17412,15291,17702]},""ring"":{""age_s"":0.009174585342407227,""channels"":3,""force"":[0.27447706490624846,0.25060923782999645],""has_data"":true,""last_update_ts"":1784119725.2943256,""raw"":[15795,16366,15629]},""thumb"":{""age_s"":0.009174585342407227,""channels"":3,""force"":[0.0,-2.220446049250313e-16],""has_data"":true,""last_update_ts"":1784119725.2943256,""raw"":[0,0,0]}}","{""ble"":{""connection_state"":""connected"",""counter"":1053708,""finger_order"":""DexterController.Visualizer"",""last_error"":null,""last_sample_age_s"":0.009218282997608185,""reconnect_count"":0,""sample_hz"":20.0,""sample_sequence"":175,""timestamp_us"":10690140448},""fingers"":{""index"":{""has_data"":true,""last_update_ts"":1784119725.2943256,""mapped"":true},""middle"":{""has_data"":true,""last_update_ts"":1784119725.2943256,""mapped"":true},""pinky"":{""has_data"":true,""last_update_ts"":1784119725.2943256,""mapped"":true},""ring"":{""has_data"":true,""last_update_ts"":1784119725.2943256,""mapped"":true},""thumb"":{""has_data"":true,""last_update_ts"":1784119725.2943256,""mapped"":true}},""ports"":{""available"":[""BLE:Dexter""],""unavailable"":[]}}"
1784119725.3537421,1784119725.3535018,177,ble,"{""index"":{""age_s"":0.009173870086669922,""channels"":3,""force"":[-0.6157707883448378,-0.4559811492300012],""has_data"":true,""last_update_ts"":1784119725.344328,""raw"":[17525,16244,17706]},""middle"":{""age_s"":0.009173870086669922,""channels"":3,""force"":[-0.3230272988038507,2.0276313306599985],""has_data"":true,""last_update_ts"":1784119725.344328,""raw"":[17401,16729,13412]},""pinky"":{""age_s"":0.009173870086669922,""channels"":3,""force"":[-1.0195549118496476,-0.7423917067499994],""has_data"":true,""last_update_ts"":1784119725.344328,""raw"":[17414,15293,17691]},""ring"":{""age_s"":0.009173870086669922,""channels"":3,""force"":[0.2826488864533694,0.2575474780799967],""has_data"":true,""last_update_ts"":1784119725.344328,""raw"":[15799,16387,15629]},""thumb"":{""age_s"":0.009173870086669922,""channels"":3,""force"":[0.0,-2.220446049250313e-16],""has_data"":true,""last_update_ts"":1784119725.344328,""raw"":[0,0,0]}}","{""ble"":{""connection_state"":""connected"",""counter"":1053713,""finger_order"":""DexterController.Visualizer"",""last_error"":null,""last_sample_age_s"":0.009221298998454586,""reconnect_count"":0,""sample_hz"":20.0,""sample_sequence"":176,""timestamp_us"":10690187488},""fingers"":{""index"":{""has_data"":true,""last_update_ts"":1784119725.344328,""mapped"":true},""middle"":{""has_data"":true,""last_update_ts"":1784119725.344328,""mapped"":true},""pinky"":{""has_data"":true,""last_update_ts"":1784119725.344328,""mapped"":true},""ring"":{""has_data"":true,""last_update_ts"":1784119725.344328,""mapped"":true},""thumb"":{""has_data"":true,""last_update_ts"":1784119725.344328,""mapped"":true}},""ports"":{""available"":[""BLE:Dexter""],""unavailable"":[]}}"
1784119725.4038246,1784119725.4035923,178,ble,"{""index"":{""age_s"":0.009268522262573242,""channels"":3,""force"":[-0.6845102284176807,-0.6610755310200043],""has_data"":true,""last_update_ts"":1784119725.3943238,""raw"":[17481,16057,17960]},""middle"":{""age_s"":0.009268522262573242,""channels"":3,""force"":[-0.29755044339223424,2.499709197269998],""has_data"":true,""last_update_ts"":1784119725.3943238,""raw"":[17654,17035,12841]},""pinky"":{""age_s"":0.009268522262573242,""channels"":3,""force"":[-1.020516302619896,-0.7451670028500015],""has_data"":true,""last_update_ts"":1784119725.3943238,""raw"":[17415,15292,17696]},""ring"":{""age_s"":0.009268522262573242,""channels"":3,""force"":[0.2807261049128691,0.2564373596399969],""has_data"":true,""last_update_ts"":1784119725.3943238,""raw"":[15798,16382,15628]},""thumb"":{""age_s"":0.009268522262573242,""channels"":3,""force"":[0.0,-2.220446049250313e-16],""has_data"":true,""last_update_ts"":1784119725.3943238,""raw"":[0,0,0]}}","{""ble"":{""connection_state"":""connected"",""counter"":1053719,""finger_order"":""DexterController.Visualizer"",""last_error"":null,""last_sample_age_s"":0.009316260009654798,""reconnect_count"":0,""sample_hz"":20.0,""sample_sequence"":177,""timestamp_us"":10690243808},""fingers"":{""index"":{""has_data"":true,""last_update_ts"":1784119725.3943238,""mapped"":true},""middle"":{""has_data"":true,""last_update_ts"":1784119725.3943238,""mapped"":true},""pinky"":{""has_data"":true,""last_update_ts"":1784119725.3943238,""mapped"":true},""ring"":{""has_data"":true,""last_update_ts"":1784119725.3943238,""mapped"":true},""thumb"":{""has_data"":true,""last_update_ts"":1784119725.3943238,""mapped"":true}},""ports"":{""available"":[""BLE:Dexter""],""unavailable"":[]}}"
1784119725.4538586,1784119725.4535031,179,ble,"{""index"":{""age_s"":0.009182453155517578,""channels"":3,""force"":[-0.7268114223086624,-0.7548805392000002],""has_data"":true,""last_update_ts"":1784119725.4443207,""raw"":[17462,15950,18066]},""middle"":{""age_s"":0.009182453155517578,""channels"":3,""force"":[-0.26534385258887383,2.7153497042399986],""has_data"":true,""last_update_ts"":1784119725.4443207,""raw"":[17756,17204,12588]},""pinky"":{""age_s"":0.009182453155517578,""channels"":3,""force"":[-1.022439084160398,-0.7501625358300013],""has_data"":true,""last_update_ts"":1784119725.4443207,""raw"":[17416,15289,17704]},""ring"":{""age_s"":0.009182453155517578,""channels"":3,""force"":[0.27447706490624846,0.25005417860999746],""has_data"":true,""last_update_ts"":1784119725.4443207,""raw"":[15791,16362,15626]},""thumb"":{""age_s"":0.009182453155517578,""channels"":3,""force"":[0.0,-2.220446049250313e-16],""has_data"":true,""last_update_ts"":1784119725.4443207,""raw"":[0,0,0]}}","{""ble"":{""connection_state"":""connected"",""counter"":1053724,""finger_order"":""DexterController.Visualizer"",""last_error"":null,""last_sample_age_s"":0.009230514988303185,""reconnect_count"":0,""sample_hz"":20.0,""sample_sequence"":178,""timestamp_us"":10690290912},""fingers"":{""index"":{""has_data"":true,""last_update_ts"":1784119725.4443207,""mapped"":true},""middle"":{""has_data"":true,""last_update_ts"":1784119725.4443207,""mapped"":true},""pinky"":{""has_data"":true,""last_update_ts"":1784119725.4443207,""mapped"":true},""ring"":{""has_data"":true,""last_update_ts"":1784119725.4443207,""mapped"":true},""thumb"":{""has_data"":true,""last_update_ts"":1784119725.4443207,""mapped"":true}},""ports"":{""available"":[""BLE:Dexter""],""unavailable"":[]}}"
1784119725.5038688,1784119725.503531,180,ble,"{""index"":{""age_s"":0.009205818176269531,""channels"":3,""force"":[-0.7835334777533856,-0.7321231111800017],""has_data"":true,""last_update_ts"":1784119725.4943252,""raw"":[17539,15909,18043]},""middle"":{""age_s"":0.009205818176269531,""channels"":3,""force"":[-0.28024540952774224,2.8782595853099986],""has_data"":true,""last_update_ts"":1784119725.4943252,""raw"":[17877,17294,12400]},""pinky"":{""age_s"":0.009205818176269531,""channels"":3,""force"":[-1.0224390841603963,-0.7457220620700005],""has_data"":true,""last_update_ts"":1784119725.4943252,""raw"":[17414,15287,17694]},""ring"":{""age_s"":0.009205818176269531,""channels"":3,""force"":[0.2759191510616219,0.25088676743999727],""has_data"":true,""last_update_ts"":1784119725.4943252,""raw"":[15794,16368,15629]},""thumb"":{""age_s"":0.009205818176269531,""channels"":3,""force"":[0.0,-2.220446049250313e-16],""has_data"":true,""last_update_ts"":1784119725.4943252,""raw"":[0,0,0]}}","{""ble"":{""connection_state"":""connected"",""counter"":1053729,""finger_order"":""DexterController.Visualizer"",""last_error"":null,""last_sample_age_s"":0.009260809994884767,""reconnect_count"":0,""sample_hz"":20.0,""sample_sequence"":179,""timestamp_us"":10690337920},""fingers"":{""index"":{""has_data"":true,""last_update_ts"":1784119725.4943252,""mapped"":true},""middle"":{""has_data"":true,""last_update_ts"":1784119725.4943252,""mapped"":true},""pinky"":{""has_data"":true,""last_update_ts"":1784119725.4943252,""mapped"":true},""ring"":{""has_data"":true,""last_update_ts"":1784119725.4943252,""mapped"":true},""thumb"":{""has_data"":true,""last_update_ts"":1784119725.4943252,""mapped"":true}},""ports"":{""available"":[""BLE:Dexter""],""unavailable"":[]}}"
1784119725.5536993,1784119725.5534828,181,ble,"{""index"":{""age_s"":0.009128570556640625,""channels"":3,""force"":[-0.7402708930921538,-0.6294371554800007],""has_data"":true,""last_update_ts"":1784119725.5443542,""raw"":[17546,16006,17910]},""middle"":{""age_s"":0.009128570556640625,""channels"":3,""force"":[-0.26438246181862723,2.933487977699998],""has_data"":true,""last_update_ts"":1784119725.5443542,""raw"":[17911,17361,12351]},""pinky"":{""age_s"":0.009128570556640625,""channels"":3,""force"":[-1.0243618657008948,-0.7507175950500011],""has_data"":true,""last_update_ts"":1784119725.5443542,""raw"":[17419,15288,17706]},""ring"":{""age_s"":0.009128570556640625,""channels"":3,""force"":[0.27688054183187205,0.2497766489999984],""has_data"":true,""last_update_ts"":1784119725.5443542,""raw"":[15787,16363,15625]},""thumb"":{""age_s"":0.009128570556640625,""channels"":3,""force"":[0.0,-2.220446049250313e-16],""has_data"":true,""last_update_ts"":1784119725.5443542,""raw"":[0,0,0]}}","{""ble"":{""connection_state"":""connected"",""counter"":1053734,""finger_order"":""DexterController.Visualizer"",""last_error"":null,""last_sample_age_s"":0.009171809011604637,""reconnect_count"":0,""sample_hz"":20.0,""sample_sequence"":180,""timestamp_us"":10690385088},""fingers"":{""index"":{""has_data"":true,""last_update_ts"":1784119725.5443542,""mapped"":true},""middle"":{""has_data"":true,""last_update_ts"":1784119725.5443542,""mapped"":true},""pinky"":{""has_data"":true,""last_update_ts"":1784119725.5443542,""mapped"":true},""ring"":{""has_data"":true,""last_update_ts"":1784119725.5443542,""mapped"":true},""thumb"":{""has_data"":true,""last_update_ts"":1784119725.5443542,""mapped"":true}},""ports"":{""available"":[""BLE:Dexter""],""unavailable"":[]}}"
1784119725.6037064,1784119725.6034915,182,ble,"{""index"":{""age_s"":0.00916600227355957,""channels"":3,""force"":[-0.6686472807085639,-0.3749425031100033],""has_data"":true,""last_update_ts"":1784119725.5943255,""raw"":[17618,16227,17598]},""middle"":{""age_s"":0.00916600227355957,""channels"":3,""force"":[-0.2884172310748667,3.0245176897799997],""has_data"":true,""last_update_ts"":1784119725.5943255,""raw"":[18005,17405,12256]},""pinky"":{""age_s"":0.00916600227355957,""channels"":3,""force"":[-1.0387827272546435,-0.7568232464700015],""has_data"":true,""last_update_ts"":1784119725.5943255,""raw"":[17425,15264,17708]},""ring"":{""age_s"":0.00916600227355957,""channels"":3,""force"":[0.2773612372169936,0.2461687640699992],""has_data"":true,""last_update_ts"":1784119725.5943255,""raw"":[15797,16374,15642]},""thumb"":{""age_s"":0.00916600227355957,""channels"":3,""force"":[0.0,-2.220446049250313e-16],""has_data"":true,""last_update_ts"":1784119725.5943255,""raw"":[0,0,0]}}","{""ble"":{""connection_state"":""connected"",""counter"":1053740,""finger_order"":""DexterController.Visualizer"",""last_error"":null,""last_sample_age_s"":0.009209187002852559,""reconnect_count"":0,""sample_hz"":20.0,""sample_sequence"":181,""timestamp_us"":10690441312},""fingers"":{""index"":{""has_data"":true,""last_update_ts"":1784119725.5943255,""mapped"":true},""middle"":{""has_data"":true,""last_update_ts"":1784119725.5943255,""mapped"":true},""pinky"":{""has_data"":true,""last_update_ts"":1784119725.5943255,""mapped"":true},""ring"":{""has_data"":true,""last_update_ts"":1784119725.5943255,""mapped"":true},""thumb"":{""has_data"":true,""last_update_ts"":1784119725.5943255,""mapped"":true}},""ports"":{""available"":[""BLE:Dexter""],""unavailable"":[]}}"
1784119725.6535833,1784119725.6534593,183,ble,"{""index"":{""age_s"":0.009153604507446289,""channels"":3,""force"":[-0.5965429729398473,-0.20287414491000177],""has_data"":true,""last_update_ts"":1784119725.6443057,""raw"":[17648,16407,17393]},""middle"":{""age_s"":0.009153604507446289,""channels"":3,""force"":[-0.3494655449857138,3.1574543729699993],""has_data"":true,""last_update_ts"":1784119725.6443057,""raw"":[18166,17439,12114]},""pinky"":{""age_s"":0.009153604507446289,""channels"":3,""force"":[-1.0224390841603963,-0.7496074766100032],""has_data"":true,""last_update_ts"":1784119725.6443057,""raw"":[17418,15291,17705]},""ring"":{""age_s"":0.009153604507446289,""channels"":3,""force"":[0.27543845567649683,0.24783394172999973],""has_data"":true,""last_update_ts"":1784119725.6443057,""raw"":[15790,16363,15630]},""thumb"":{""age_s"":0.009153604507446289,""channels"":3,""force"":[0.0,-2.220446049250313e-16],""has_data"":true,""last_update_ts"":1784119725.6443057,""raw"":[0,0,0]}}","{""ble"":{""connection_state"":""connected"",""counter"":1053744,""finger_order"":""DexterController.Visualizer"",""last_error"":null,""last_sample_age_s"":0.00917983399995137,""reconnect_count"":0,""sample_hz"":20.0,""sample_sequence"":182,""timestamp_us"":10690478912},""fingers"":{""index"":{""has_data"":true,""last_update_ts"":1784119725.6443057,""mapped"":true},""middle"":{""has_data"":true,""last_update_ts"":1784119725.6443057,""mapped"":true},""pinky"":{""has_data"":true,""last_update_ts"":1784119725.6443057,""mapped"":true},""ring"":{""has_data"":true,""last_update_ts"":1784119725.6443057,""mapped"":true},""thumb"":{""has_data"":true,""last_update_ts"":1784119725.6443057,""mapped"":true}},""ports"":{""available"":[""BLE:Dexter""],""unavailable"":[]}}"
1784119725.703587,1784119725.70346,184,ble,"{""index"":{""age_s"":0.009157657623291016,""channels"":3,""force"":[-0.4869444251313997,-0.043017089550000165],""has_data"":true,""last_update_ts"":1784119725.6943023,""raw"":[17619,16606,17190]},""middle"":{""age_s"":0.009157657623291016,""channels"":3,""force"":[-0.4191663758288051,3.5323968760799973],""has_data"":true,""last_update_ts"":1784119725.6943023,""raw"":[18490,17618,11690]},""pinky"":{""age_s"":0.009157657623291016,""channels"":3,""force"":[-1.0243618657008948,-0.7479422989500017],""has_data"":true,""last_update_ts"":1784119725.6943023,""raw"":[17418,15287,17700]},""ring"":{""age_s"":0.009157657623291016,""channels"":3,""force"":[0.28409097260874283,0.25726994846999673],""has_data"":true,""last_update_ts"":1784119725.6943023,""raw"":[15796,16387,15628]},""thumb"":{""age_s"":0.009157657623291016,""channels"":3,""force"":[0.0,-2.220446049250313e-16],""has_data"":true,""last_update_ts"":1784119725.6943023,""raw"":[0,0,0]}}","{""ble"":{""connection_state"":""connected"",""counter"":1053751,""finger_order"":""DexterController.Visualizer"",""last_error"":null,""last_sample_age_s"":0.009187899006064981,""reconnect_count"":0,""sample_hz"":20.0,""sample_sequence"":183,""timestamp_us"":10690544896},""fingers"":{""index"":{""has_data"":true,""last_update_ts"":1784119725.6943023,""mapped"":true},""middle"":{""has_data"":true,""last_update_ts"":1784119725.6943023,""mapped"":true},""pinky"":{""has_data"":true,""last_update_ts"":1784119725.6943023,""mapped"":true},""ring"":{""has_data"":true,""last_update_ts"":1784119725.6943023,""mapped"":true},""thumb"":{""has_data"":true,""last_update_ts"":1784119725.6943023,""mapped"":true}},""ports"":{""available"":[""BLE:Dexter""],""unavailable"":[]}}"
1784119725.7535918,1784119725.7534661,185,ble,"{""index"":{""age_s"":0.009163856506347656,""channels"":3,""force"":[-0.4095524681263072,0.0699374617199977],""has_data"":true,""last_update_ts"":1784119725.7443023,""raw"":[17617,16765,17065]},""middle"":{""age_s"":0.009163856506347656,""channels"":3,""force"":[-0.5215544928603819,3.779675758589998],""has_data"":true,""last_update_ts"":1784119725.7443023,""raw"":[18785,17700,11433]},""pinky"":{""age_s"":0.009163856506347656,""channels"":3,""force"":[-1.0214776933901497,-0.7435018251900001],""has_data"":true,""last_update_ts"":1784119725.7443023,""raw"":[17417,15292,17694]},""ring"":{""age_s"":0.009163856506347656,""channels"":3,""force"":[0.2797647141426154,0.2592126557399981],""has_data"":true,""last_update_ts"":1784119725.7443023,""raw"":[15797,16379,15621]},""thumb"":{""age_s"":0.009163856506347656,""channels"":3,""force"":[0.0,-2.220446049250313e-16],""has_data"":true,""last_update_ts"":1784119725.7443023,""raw"":[0,0,0]}}","{""ble"":{""connection_state"":""connected"",""counter"":1053756,""finger_order"":""DexterController.Visualizer"",""last_error"":null,""last_sample_age_s"":0.00919129500107374,""reconnect_count"":0,""sample_hz"":20.0,""sample_sequence"":184,""timestamp_us"":10690591808},""fingers"":{""index"":{""has_data"":true,""last_update_ts"":1784119725.7443023,""mapped"":true},""middle"":{""has_data"":true,""last_update_ts"":1784119725.7443023,""mapped"":true},""pinky"":{""has_data"":true,""last_update_ts"":1784119725.7443023,""mapped"":true},""ring"":{""has_data"":true,""last_update_ts"":1784119725.7443023,""mapped"":true},""thumb"":{""has_data"":true,""last_update_ts"":1784119725.7443023,""mapped"":true}},""ports"":{""available"":[""BLE:Dexter""],""unavailable"":[]}}"
1784119725.8037605,1784119725.803502,186,ble,"{""index"":{""age_s"":0.009185552597045898,""channels"":3,""force"":[-0.2783226279872455,0.15957952575000078],""has_data"":true,""last_update_ts"":1784119725.7943165,""raw"":[17536,16957,16959]},""middle"":{""age_s"":0.009185552597045898,""channels"":3,""force"":[-0.5556838652042391,4.081350444659998],""has_data"":true,""last_update_ts"":1784119725.7943165,""raw"":[19010,17854,11079]},""pinky"":{""age_s"":0.009185552597045898,""channels"":3,""force"":[-1.025323256471145,-0.7490524173900015],""has_data"":true,""last_update_ts"":1784119725.7943165,""raw"":[17419,15286,17702]},""ring"":{""age_s"":0.009185552597045898,""channels"":3,""force"":[0.2739963695211234,0.2519968858799988],""has_data"":true,""last_update_ts"":1784119725.7943165,""raw"":[15800,16370,15631]},""thumb"":{""age_s"":0.009185552597045898,""channels"":3,""force"":[0.0,-2.220446049250313e-16],""has_data"":true,""last_update_ts"":1784119725.7943165,""raw"":[0,0,0]}}","{""ble"":{""connection_state"":""connected"",""counter"":1053761,""finger_order"":""DexterController.Visualizer"",""last_error"":null,""last_sample_age_s"":0.009233700999175198,""reconnect_count"":0,""sample_hz"":20.0,""sample_sequence"":185,""timestamp_us"":10690638848},""fingers"":{""index"":{""has_data"":true,""last_update_ts"":1784119725.7943165,""mapped"":true},""middle"":{""has_data"":true,""last_update_ts"":1784119725.7943165,""mapped"":true},""pinky"":{""has_data"":true,""last_update_ts"":1784119725.7943165,""mapped"":true},""ring"":{""has_data"":true,""last_update_ts"":1784119725.7943165,""mapped"":true},""thumb"":{""has_data"":true,""last_update_ts"":1784119725.7943165,""mapped"":true}},""ports"":{""available"":[""BLE:Dexter""],""unavailable"":[]}}"
1784119725.8536348,1784119725.853486,187,ble,"{""index"":{""age_s"":0.009180068969726562,""channels"":3,""force"":[-0.17256964325979318,0.1923280197299997],""has_data"":true,""last_update_ts"":1784119725.844306,""raw"":[17447,17088,16921]},""middle"":{""age_s"":0.009180068969726562,""channels"":3,""force"":[-0.6561492006953191,4.353051932849998],""has_data"":true,""last_update_ts"":1784119725.844306,""raw"":[19305,17940,10780]},""pinky"":{""age_s"":0.009180068969726562,""channels"":3,""force"":[-1.0209969980050229,-0.7487748877800016],""has_data"":true,""last_update_ts"":1784119725.844306,""raw"":[17410,15286,17697]},""ring"":{""age_s"":0.009180068969726562,""channels"":3,""force"":[0.27399636952111805,0.2497766489999993],""has_data"":true,""last_update_ts"":1784119725.844306,""raw"":[15797,16367,15632]},""thumb"":{""age_s"":0.009180068969726562,""channels"":3,""force"":[0.0,-2.220446049250313e-16],""has_data"":true,""last_update_ts"":1784119725.844306,""raw"":[0,0,0]}}","{""ble"":{""connection_state"":""connected"",""counter"":1053767,""finger_order"":""DexterController.Visualizer"",""last_error"":null,""last_sample_age_s"":0.009221959000569768,""reconnect_count"":0,""sample_hz"":20.0,""sample_sequence"":186,""timestamp_us"":10690695296},""fingers"":{""index"":{""has_data"":true,""last_update_ts"":1784119725.844306,""mapped"":true},""middle"":{""has_data"":true,""last_update_ts"":1784119725.844306,""mapped"":true},""pinky"":{""has_data"":true,""last_update_ts"":1784119725.844306,""mapped"":true},""ring"":{""has_data"":true,""last_update_ts"":1784119725.844306,""mapped"":true},""thumb"":{""has_data"":true,""last_update_ts"":1784119725.844306,""mapped"":true}},""ports"":{""available"":[""BLE:Dexter""],""unavailable"":[]}}"
1784119725.9036255,1784119725.9034858,188,ble,"{""index"":{""age_s"":0.009179830551147461,""channels"":3,""force"":[-0.18891328635403504,0.13737715694999864],""has_data"":true,""last_update_ts"":1784119725.894306,""raw"":[17394,17001,16950]},""middle"":{""age_s"":0.009179830551147461,""channels"":3,""force"":[-0.6845102284176807,4.4265972794999975],""has_data"":true,""last_update_ts"":1784119725.894306,""raw"":[19255,17831,10568]},""pinky"":{""age_s"":0.009179830551147461,""channels"":3,""force"":[1.0791611396051213,0.2705913697499982],""has_data"":true,""last_update_ts"":1784119725.894306,""raw"":[16791,19036,17426]},""ring"":{""age_s"":0.009179830551147461,""channels"":3,""force"":[0.34658137267496336,0.6879959031899974],""has_data"":true,""last_update_ts"":1784119725.894306,""raw"":[15728,16449,14849]},""thumb"":{""age_s"":0.009179830551147461,""channels"":3,""force"":[0.0,-2.220446049250313e-16],""has_data"":true,""last_update_ts"":1784119725.894306,""raw"":[0,0,0]}}","{""ble"":{""connection_state"":""connected"",""counter"":1053772,""finger_order"":""DexterController.Visualizer"",""last_error"":null,""last_sample_age_s"":0.009211270997184329,""reconnect_count"":0,""sample_hz"":20.0,""sample_sequence"":187,""timestamp_us"":10690742176},""fingers"":{""index"":{""has_data"":true,""last_update_ts"":1784119725.894306,""mapped"":true},""middle"":{""has_data"":true,""last_update_ts"":1784119725.894306,""mapped"":true},""pinky"":{""has_data"":true,""last_update_ts"":1784119725.894306,""mapped"":true},""ring"":{""has_data"":true,""last_update_ts"":1784119725.894306,""mapped"":true},""thumb"":{""has_data"":true,""last_update_ts"":1784119725.894306,""mapped"":true}},""ports"":{""available"":[""BLE:Dexter""],""unavailable"":[]}}"
1784119725.9536097,1784119725.9534733,189,ble,"{""index"":{""age_s"":0.009167671203613281,""channels"":3,""force"":[-0.2562106402715081,-0.008048358690000867],""has_data"":true,""last_update_ts"":1784119725.9443057,""raw"":[17401,16868,17149]},""middle"":{""age_s"":0.009167671203613281,""channels"":3,""force"":[-0.7455585423285278,4.198190410469998],""has_data"":true,""last_update_ts"":1784119725.9443057,""raw"":[19319,17768,10980]},""pinky"":{""age_s"":0.009167671203613281,""channels"":3,""force"":[-1.0262846472413987,-0.7484973581699998],""has_data"":true,""last_update_ts"":1784119725.9443057,""raw"":[17425,15290,17706]},""ring"":{""age_s"":0.009167671203613281,""channels"":3,""force"":[0.28024540952774224,0.25227441548999696],""has_data"":true,""last_update_ts"":1784119725.9443057,""raw"":[15796,16379,15633]},""thumb"":{""age_s"":0.009167671203613281,""channels"":3,""force"":[0.0,-2.220446049250313e-16],""has_data"":true,""last_update_ts"":1784119725.9443057,""raw"":[0,0,0]}}","{""ble"":{""connection_state"":""connected"",""counter"":1053777,""finger_order"":""DexterController.Visualizer"",""last_error"":null,""last_sample_age_s"":0.00919531199906487,""reconnect_count"":0,""sample_hz"":20.0,""sample_sequence"":188,""timestamp_us"":10690789120},""fingers"":{""index"":{""has_data"":true,""last_update_ts"":1784119725.9443057,""mapped"":true},""middle"":{""has_data"":true,""last_update_ts"":1784119725.9443057,""mapped"":true},""pinky"":{""has_data"":true,""last_update_ts"":1784119725.9443057,""mapped"":true},""ring"":{""has_data"":true,""last_update_ts"":1784119725.9443057,""mapped"":true},""thumb"":{""has_data"":true,""last_update_ts"":1784119725.9443057,""mapped"":true}},""ports"":{""available"":[""BLE:Dexter""],""unavailable"":[]}}"
1784119726.0035894,1784119726.003466,190,ble,"{""index"":{""age_s"":0.009160280227661133,""channels"":3,""force"":[-0.2350600433260155,-0.07798582041000213],""has_data"":true,""last_update_ts"":1784119725.9943056,""raw"":[17327,16838,17223]},""middle"":{""age_s"":0.009160280227661133,""channels"":3,""force"":[-0.6787418837961834,4.095226925159998],""has_data"":true,""last_update_ts"":1784119725.9943056,""raw"":[19186,17774,11102]},""pinky"":{""age_s"":0.009160280227661133,""channels"":3,""force"":[-1.0238811703157733,-0.7432242955800001],""has_data"":true,""last_update_ts"":1784119725.9943056,""raw"":[17420,15290,17694]},""ring"":{""age_s"":0.009160280227661133,""channels"":3,""force"":[0.2855330587641163,0.25477218197999907],""has_data"":true,""last_update_ts"":1784119725.9943056,""raw"":[15792,16386,15630]},""thumb"":{""age_s"":0.009160280227661133,""channels"":3,""force"":[0.0,-2.220446049250313e-16],""has_data"":true,""last_update_ts"":1784119725.9943056,""raw"":[0,0,0]}}","{""ble"":{""connection_state"":""connected"",""counter"":1053783,""finger_order"":""DexterController.Visualizer"",""last_error"":null,""last_sample_age_s"":0.009187991003273055,""reconnect_count"":0,""sample_hz"":20.0,""sample_sequence"":189,""timestamp_us"":10690845664},""fingers"":{""index"":{""has_data"":true,""last_update_ts"":1784119725.9943056,""mapped"":true},""middle"":{""has_data"":true,""last_update_ts"":1784119725.9943056,""mapped"":true},""pinky"":{""has_data"":true,""last_update_ts"":1784119725.9943056,""mapped"":true},""ring"":{""has_data"":true,""last_update_ts"":1784119725.9943056,""mapped"":true},""thumb"":{""has_data"":true,""last_update_ts"":1784119725.9943056,""mapped"":true}},""ports"":{""available"":[""BLE:Dexter""],""unavailable"":[]}}"
1784119726.053596,1784119726.053469,191,ble,"{""index"":{""age_s"":0.009163618087768555,""channels"":3,""force"":[-0.21631292330615182,-0.12988385748000209],""has_data"":true,""last_update_ts"":1784119726.0443053,""raw"":[17265,16815,17274]},""middle"":{""age_s"":0.009163618087768555,""channels"":3,""force"":[-0.5297263144075028,3.835459210199997],""has_data"":true,""last_update_ts"":1784119726.0443053,""raw"":[18870,17768,11409]},""pinky"":{""age_s"":0.009163618087768555,""channels"":3,""force"":[-1.0234004749306447,-0.7501625358300021],""has_data"":true,""last_update_ts"":1784119726.0443053,""raw"":[17415,15286,17702]},""ring"":{""age_s"":0.009163618087768555,""channels"":3,""force"":[0.27928401875749564,0.2472788825099972],""has_data"":true,""last_update_ts"":1784119726.0443053,""raw"":[15784,16365,15629]},""thumb"":{""age_s"":0.009163618087768555,""channels"":3,""force"":[0.0,-2.220446049250313e-16],""has_data"":true,""last_update_ts"":1784119726.0443053,""raw"":[0,0,0]}}","{""ble"":{""connection_state"":""connected"",""counter"":1053788,""finger_order"":""DexterController.Visualizer"",""last_error"":null,""last_sample_age_s"":0.00919052200333681,""reconnect_count"":0,""sample_hz"":20.0,""sample_sequence"":190,""timestamp_us"":10690892704},""fingers"":{""index"":{""has_data"":true,""last_update_ts"":1784119726.0443053,""mapped"":true},""middle"":{""has_data"":true,""last_update_ts"":1784119726.0443053,""mapped"":true},""pinky"":{""has_data"":true,""last_update_ts"":1784119726.0443053,""mapped"":true},""ring"":{""has_data"":true,""last_update_ts"":1784119726.0443053,""mapped"":true},""thumb"":{""has_data"":true,""last_update_ts"":1784119726.0443053,""mapped"":true}},""ports"":{""available"":[""BLE:Dexter""],""unavailable"":[]}}"
1784119726.1035895,1784119726.1034675,192,ble,"{""index"":{""age_s"":0.009161949157714844,""channels"":3,""force"":[-0.22929169870451993,-0.25060923783000266],""has_data"":true,""last_update_ts"":1784119726.0943055,""raw"":[17189,16712,17402]},""middle"":{""age_s"":0.009161949157714844,""channels"":3,""force"":[-0.3590794526882064,3.350614981529998],""has_data"":true,""last_update_ts"":1784119726.0943055,""raw"":[18398,17651,11988]},""pinky"":{""age_s"":0.009161949157714844,""channels"":3,""force"":[-1.0195549118496476,-0.7423917067500021],""has_data"":true,""last_update_ts"":1784119726.0943055,""raw"":[17415,15294,17692]},""ring"":{""age_s"":0.009161949157714844,""channels"":3,""force"":[0.2855330587641163,0.2586575965199982],""has_data"":true,""last_update_ts"":1784119726.0943055,""raw"":[15792,16386,15623]},""thumb"":{""age_s"":0.009161949157714844,""channels"":3,""force"":[0.0,-2.220446049250313e-16],""has_data"":true,""last_update_ts"":1784119726.0943055,""raw"":[0,0,0]}}","{""ble"":{""connection_state"":""connected"",""counter"":1053793,""finger_order"":""DexterController.Visualizer"",""last_error"":null,""last_sample_age_s"":0.009188987998641096,""reconnect_count"":0,""sample_hz"":20.0,""sample_sequence"":191,""timestamp_us"":10690939808},""fingers"":{""index"":{""has_data"":true,""last_update_ts"":1784119726.0943055,""mapped"":true},""middle"":{""has_data"":true,""last_update_ts"":1784119726.0943055,""mapped"":true},""pinky"":{""has_data"":true,""last_update_ts"":1784119726.0943055,""mapped"":true},""ring"":{""has_data"":true,""last_update_ts"":1784119726.0943055,""mapped"":true},""thumb"":{""has_data"":true,""last_update_ts"":1784119726.0943055,""mapped"":true}},""ports"":{""available"":[""BLE:Dexter""],""unavailable"":[]}}"
1784119726.153655,1784119726.153486,193,ble,"{""index"":{""age_s"":0.009184122085571289,""channels"":3,""force"":[-0.29274348954098883,-0.3693919109100028],""has_data"":true,""last_update_ts"":1784119726.144302,""raw"":[17178,16569,17539]},""middle"":{""age_s"":0.009184122085571289,""channels"":3,""force"":[-0.27928401875749387,2.598509738429997],""has_data"":true,""last_update_ts"":1784119726.144302,""raw"":[17822,17241,12850]},""pinky"":{""age_s"":0.009184122085571289,""channels"":3,""force"":[-1.0214776933901497,-0.7435018251900001],""has_data"":true,""last_update_ts"":1784119726.144302,""raw"":[17417,15292,17694]},""ring"":{""age_s"":0.009184122085571289,""channels"":3,""force"":[0.285052363378993,0.25449465236999824],""has_data"":true,""last_update_ts"":1784119726.144302,""raw"":[15799,16392,15637]},""thumb"":{""age_s"":0.009184122085571289,""channels"":3,""force"":[0.0,-2.220446049250313e-16],""has_data"":true,""last_update_ts"":1784119726.144302,""raw"":[0,0,0]}}","{""ble"":{""connection_state"":""connected"",""counter"":1053798,""finger_order"":""DexterController.Visualizer"",""last_error"":null,""last_sample_age_s"":0.009215828002197668,""reconnect_count"":0,""sample_hz"":20.0,""sample_sequence"":192,""timestamp_us"":10690986816},""fingers"":{""index"":{""has_data"":true,""last_update_ts"":1784119726.144302,""mapped"":true},""middle"":{""has_data"":true,""last_update_ts"":1784119726.144302,""mapped"":true},""pinky"":{""has_data"":true,""last_update_ts"":1784119726.144302,""mapped"":true},""ring"":{""has_data"":true,""last_update_ts"":1784119726.144302,""mapped"":true},""thumb"":{""has_data"":true,""last_update_ts"":1784119726.144302,""mapped"":true}},""ports"":{""available"":[""BLE:Dexter""],""unavailable"":[]}}"
1784119726.2036214,1784119726.2034829,194,ble,"{""index"":{""age_s"":0.009181022644042969,""channels"":3,""force"":[-0.3912860434915686,-0.4318360731600004],""has_data"":true,""last_update_ts"":1784119726.1943018,""raw"":[17244,16430,17615]},""middle"":{""age_s"":0.009181022644042969,""channels"":3,""force"":[-0.2845716679938679,1.5969053759399987],""has_data"":true,""last_update_ts"":1784119726.1943018,""raw"":[17175,16583,14002]},""pinky"":{""age_s"":0.009181022644042969,""channels"":3,""force"":[-1.0243618657008966,-0.7457220620700005],""has_data"":true,""last_update_ts"":1784119726.1943018,""raw"":[17416,15285,17694]},""ring"":{""age_s"":0.009181022644042969,""channels"":3,""force"":[0.2879365356897434,0.25893512612999814],""has_data"":true,""last_update_ts"":1784119726.1943018,""raw"":[15794,16393,15627]},""thumb"":{""age_s"":0.009181022644042969,""channels"":3,""force"":[0.0,-2.220446049250313e-16],""has_data"":true,""last_update_ts"":1784119726.1943018,""raw"":[0,0,0]}}","{""ble"":{""connection_state"":""connected"",""counter"":1053804,""finger_order"":""DexterController.Visualizer"",""last_error"":null,""last_sample_age_s"":0.009212390999891795,""reconnect_count"":0,""sample_hz"":20.0,""sample_sequence"":193,""timestamp_us"":10691043296},""fingers"":{""index"":{""has_data"":true,""last_update_ts"":1784119726.1943018,""mapped"":true},""middle"":{""has_data"":true,""last_update_ts"":1784119726.1943018,""mapped"":true},""pinky"":{""has_data"":true,""last_update_ts"":1784119726.1943018,""mapped"":true},""ring"":{""has_data"":true,""last_update_ts"":1784119726.1943018,""mapped"":true},""thumb"":{""has_data"":true,""last_update_ts"":1784119726.1943018,""mapped"":true}},""ports"":{""available"":[""BLE:Dexter""],""unavailable"":[]}}"
1784119726.2536716,1784119726.2535348,195,ble,"{""index"":{""age_s"":0.009233951568603516,""channels"":3,""force"":[-0.48021468973964865,-0.4998308276100012],""has_data"":true,""last_update_ts"":1784119726.2443008,""raw"":[17293,16294,17694]},""middle"":{""age_s"":0.009233951568603516,""channels"":3,""force"":[-0.300915311088108,0.9369399633599995],""has_data"":true,""last_update_ts"":1784119726.2443008,""raw"":[16764,16138,14763]},""pinky"":{""age_s"":0.009233951568603516,""channels"":3,""force"":[-1.025323256471145,-0.7429467659700011],""has_data"":true,""last_update_ts"":1784119726.2443008,""raw"":[17423,15290,17695]},""ring"":{""age_s"":0.009233951568603516,""channels"":3,""force"":[0.2759191510616219,0.2475564121199998],""has_data"":true,""last_update_ts"":1784119726.2443008,""raw"":[15794,16368,15635]},""thumb"":{""age_s"":0.009233951568603516,""channels"":3,""force"":[0.0,-2.220446049250313e-16],""has_data"":true,""last_update_ts"":1784119726.2443008,""raw"":[0,0,0]}}","{""ble"":{""connection_state"":""connected"",""counter"":1053809,""finger_order"":""DexterController.Visualizer"",""last_error"":null,""last_sample_age_s"":0.00926523600355722,""reconnect_count"":0,""sample_hz"":20.0,""sample_sequence"":194,""timestamp_us"":10691090400},""fingers"":{""index"":{""has_data"":true,""last_update_ts"":1784119726.2443008,""mapped"":true},""middle"":{""has_data"":true,""last_update_ts"":1784119726.2443008,""mapped"":true},""pinky"":{""has_data"":true,""last_update_ts"":1784119726.2443008,""mapped"":true},""ring"":{""has_data"":true,""last_update_ts"":1784119726.2443008,""mapped"":true},""thumb"":{""has_data"":true,""last_update_ts"":1784119726.2443008,""mapped"":true}},""ports"":{""available"":[""BLE:Dexter""],""unavailable"":[]}}"
1784119726.30362,1784119726.3034804,196,ble,"{""index"":{""age_s"":0.009179353713989258,""channels"":3,""force"":[-0.6422090345266991,-0.6211112671800008],""has_data"":true,""last_update_ts"":1784119726.294301,""raw"":[17380,16044,17831]},""middle"":{""age_s"":0.009179353713989258,""channels"":3,""force"":[-0.27399636952111983,0.5017735348799981],""has_data"":true,""last_update_ts"":1784119726.294301,""raw"":[16453,15883,15264]},""pinky"":{""age_s"":0.009179353713989258,""channels"":3,""force"":[-1.0238811703157733,-0.7421141771400004],""has_data"":true,""last_update_ts"":1784119726.294301,""raw"":[17420,15290,17692]},""ring"":{""age_s"":0.009179353713989258,""channels"":3,""force"":[0.2840909726087446,0.25393959315000014],""has_data"":true,""last_update_ts"":1784119726.294301,""raw"":[15794,16385,15632]},""thumb"":{""age_s"":0.009179353713989258,""channels"":3,""force"":[0.0,-2.220446049250313e-16],""has_data"":true,""last_update_ts"":1784119726.294301,""raw"":[0,0,0]}}","{""ble"":{""connection_state"":""connected"",""counter"":1053814,""finger_order"":""DexterController.Visualizer"",""last_error"":null,""last_sample_age_s"":0.00921112899959553,""reconnect_count"":0,""sample_hz"":20.0,""sample_sequence"":195,""timestamp_us"":10691137376},""fingers"":{""index"":{""has_data"":true,""last_update_ts"":1784119726.294301,""mapped"":true},""middle"":{""has_data"":true,""last_update_ts"":1784119726.294301,""mapped"":true},""pinky"":{""has_data"":true,""last_update_ts"":1784119726.294301,""mapped"":true},""ring"":{""has_data"":true,""last_update_ts"":1784119726.294301,""mapped"":true},""thumb"":{""has_data"":true,""last_update_ts"":1784119726.294301,""mapped"":true}},""ports"":{""available"":[""BLE:Dexter""],""unavailable"":[]}}"
1784119726.353596,1784119726.353474,197,ble,"{""index"":{""age_s"":0.009173393249511719,""channels"":3,""force"":[-0.6566298960804442,-0.7121409792600017],""has_data"":true,""last_update_ts"":1784119726.3443005,""raw"":[17328,15962,17928]},""middle"":{""age_s"":0.009173393249511719,""channels"":3,""force"":[-0.20429553867802852,0.2578250076899984],""has_data"":true,""last_update_ts"":1784119726.3443005,""raw"":[16226,15801,15549]},""pinky"":{""age_s"":0.009173393249511719,""channels"":3,""force"":[-1.0200356072347745,-0.7410040587000015],""has_data"":true,""last_update_ts"":1784119726.3443005,""raw"":[17416,15294,17690]},""ring"":{""age_s"":0.009173393249511719,""channels"":3,""force"":[0.283610277223616,0.2592126557399972],""has_data"":true,""last_update_ts"":1784119726.3443005,""raw"":[15801,16391,15629]},""thumb"":{""age_s"":0.009173393249511719,""channels"":3,""force"":[0.0,-2.220446049250313e-16],""has_data"":true,""last_update_ts"":1784119726.3443005,""raw"":[0,0,0]}}","{""ble"":{""connection_state"":""connected"",""counter"":1053820,""finger_order"":""DexterController.Visualizer"",""last_error"":null,""last_sample_age_s"":0.009200119005981833,""reconnect_count"":0,""sample_hz"":20.0,""sample_sequence"":196,""timestamp_us"":10691193760},""fingers"":{""index"":{""has_data"":true,""last_update_ts"":1784119726.3443005,""mapped"":true},""middle"":{""has_data"":true,""last_update_ts"":1784119726.3443005,""mapped"":true},""pinky"":{""has_data"":true,""last_update_ts"":1784119726.3443005,""mapped"":true},""ring"":{""has_data"":true,""last_update_ts"":1784119726.3443005,""mapped"":true},""thumb"":{""has_data"":true,""last_update_ts"":1784119726.3443005,""mapped"":true}},""ports"":{""available"":[""BLE:Dexter""],""unavailable"":[]}}"
1784119726.4035993,1784119726.4034739,198,ble,"{""index"":{""age_s"":0.009169816970825195,""channels"":3,""force"":[-0.6200970468109634,-0.7293478150800015],""has_data"":true,""last_update_ts"":1784119726.394304,""raw"":[17253,15963,17922]},""middle"":{""age_s"":0.009169816970825195,""channels"":3,""force"":[-0.17016616633417136,0.2714239585800007],""has_data"":true,""last_update_ts"":1784119726.394304,""raw"":[16093,15739,15427]},""pinky"":{""age_s"":0.009169816970825195,""channels"":3,""force"":[0.3893632619510665,-0.05384074434000219],""has_data"":true,""last_update_ts"":1784119726.394304,""raw"":[17021,17831,17523]},""ring"":{""age_s"":0.009169816970825195,""channels"":3,""force"":[0.33840955112784243,0.546178272479998],""has_data"":true,""last_update_ts"":1784119726.394304,""raw"":[15728,16432,15096]},""thumb"":{""age_s"":0.009169816970825195,""channels"":3,""force"":[0.0,-2.220446049250313e-16],""has_data"":true,""last_update_ts"":1784119726.394304,""raw"":[0,0,0]}}","{""ble"":{""connection_state"":""connected"",""counter"":1053825,""finger_order"":""DexterController.Visualizer"",""last_error"":null,""last_sample_age_s"":0.009197505001793616,""reconnect_count"":0,""sample_hz"":20.0,""sample_sequence"":197,""timestamp_us"":10691240832},""fingers"":{""index"":{""has_data"":true,""last_update_ts"":1784119726.394304,""mapped"":true},""middle"":{""has_data"":true,""last_update_ts"":1784119726.394304,""mapped"":true},""pinky"":{""has_data"":true,""last_update_ts"":1784119726.394304,""mapped"":true},""ring"":{""has_data"":true,""last_update_ts"":1784119726.394304,""mapped"":true},""thumb"":{""has_data"":true,""last_update_ts"":1784119726.394304,""mapped"":true}},""ports"":{""available"":[""BLE:Dexter""],""unavailable"":[]}}"
1784119726.4536054,1784119726.4534807,199,ble,"{""index"":{""age_s"":0.009176492691040039,""channels"":3,""force"":[-0.6393248622159522,-0.7571007760800006],""has_data"":true,""last_update_ts"":1784119726.4443042,""raw"":[17284,15954,17983]},""middle"":{""age_s"":0.009176492691040039,""channels"":3,""force"":[-0.1567066955506764,0.17040318053999748],""has_data"":true,""last_update_ts"":1784119726.4443042,""raw"":[16112,15786,15642]},""pinky"":{""age_s"":0.009176492691040039,""channels"":3,""force"":[-1.0209969980050229,-0.7487748877800033],""has_data"":true,""last_update_ts"":1784119726.4443042,""raw"":[17414,15290,17701]},""ring"":{""age_s"":0.009176492691040039,""channels"":3,""force"":[0.2739963695211216,0.2497766489999993],""has_data"":true,""last_update_ts"":1784119726.4443042,""raw"":[15796,16366,15631]},""thumb"":{""age_s"":0.009176492691040039,""channels"":3,""force"":[0.0,-2.220446049250313e-16],""has_data"":true,""last_update_ts"":1784119726.4443042,""raw"":[0,0,0]}}","{""ble"":{""connection_state"":""connected"",""counter"":1053830,""finger_order"":""DexterController.Visualizer"",""last_error"":null,""last_sample_age_s"":0.009203455003444105,""reconnect_count"":0,""sample_hz"":20.0,""sample_sequence"":198,""timestamp_us"":10691287840},""fingers"":{""index"":{""has_data"":true,""last_update_ts"":1784119726.4443042,""mapped"":true},""middle"":{""has_data"":true,""last_update_ts"":1784119726.4443042,""mapped"":true},""pinky"":{""has_data"":true,""last_update_ts"":1784119726.4443042,""mapped"":true},""ring"":{""has_data"":true,""last_update_ts"":1784119726.4443042,""mapped"":true},""thumb"":{""has_data"":true,""last_update_ts"":1784119726.4443042,""mapped"":true}},""ports"":{""available"":[""BLE:Dexter""],""unavailable"":[]}}"
1784119726.5036066,1784119726.5034814,200,ble,"{""index"":{""age_s"":0.009177207946777344,""channels"":3,""force"":[-0.6446125114523245,-0.7201893379500026],""has_data"":true,""last_update_ts"":1784119726.4943042,""raw"":[17313,15972,17940]},""middle"":{""age_s"":0.009177207946777344,""channels"":3,""force"":[-0.17689590172591707,0.1654076475599977],""has_data"":true,""last_update_ts"":1784119726.4943042,""raw"":[16128,15760,15646]},""pinky"":{""age_s"":0.009177207946777344,""channels"":3,""force"":[-1.0238811703157698,-0.7526603023200016],""has_data"":true,""last_update_ts"":1784119726.4943042,""raw"":[17415,15285,17706]},""ring"":{""age_s"":0.009177207946777344,""channels"":3,""force"":[0.2763998464467434,0.25171935626999975],""has_data"":true,""last_update_ts"":1784119726.4943042,""raw"":[15797,16372,15631]},""thumb"":{""age_s"":0.009177207946777344,""channels"":3,""force"":[0.0,-2.220446049250313e-16],""has_data"":true,""last_update_ts"":1784119726.4943042,""raw"":[0,0,0]}}","{""ble"":{""connection_state"":""connected"",""counter"":1053836,""finger_order"":""DexterController.Visualizer"",""last_error"":null,""last_sample_age_s"":0.009208303003106266,""reconnect_count"":0,""sample_hz"":20.0,""sample_sequence"":199,""timestamp_us"":10691344192},""fingers"":{""index"":{""has_data"":true,""last_update_ts"":1784119726.4943042,""mapped"":true},""middle"":{""has_data"":true,""last_update_ts"":1784119726.4943042,""mapped"":true},""pinky"":{""has_data"":true,""last_update_ts"":1784119726.4943042,""mapped"":true},""ring"":{""has_data"":true,""last_update_ts"":1784119726.4943042,""mapped"":true},""thumb"":{""has_data"":true,""last_update_ts"":1784119726.4943042,""mapped"":true}},""ports"":{""available"":[""BLE:Dexter""],""unavailable"":[]}}"
1784119726.5536244,1784119726.553482,201,ble,"{""index"":{""age_s"":0.009177684783935547,""channels"":3,""force"":[-0.6431704252969492,-0.6977094395400014],""has_data"":true,""last_update_ts"":1784119726.5443044,""raw"":[17322,15984,17910]},""middle"":{""age_s"":0.009177684783935547,""channels"":3,""force"":[-0.19612371713090937,0.16041211457999527],""has_data"":true,""last_update_ts"":1784119726.5443044,""raw"":[16158,15750,15665]},""pinky"":{""age_s"":0.009177684783935547,""channels"":3,""force"":[-1.0190742164645243,-0.7437793548000018],""has_data"":true,""last_update_ts"":1784119726.5443044,""raw"":[17413,15293,17693]},""ring"":{""age_s"":0.009177684783935547,""channels"":3,""force"":[0.27880332337237057,0.2592126557399981],""has_data"":true,""last_update_ts"":1784119726.5443044,""raw"":[15801,16381,15624]},""thumb"":{""age_s"":0.009177684783935547,""channels"":3,""force"":[0.0,-2.220446049250313e-16],""has_data"":true,""last_update_ts"":1784119726.5443044,""raw"":[0,0,0]}}","{""ble"":{""connection_state"":""connected"",""counter"":1053841,""finger_order"":""DexterController.Visualizer"",""last_error"":null,""last_sample_age_s"":0.009209785988787189,""reconnect_count"":0,""sample_hz"":20.0,""sample_sequence"":200,""timestamp_us"":10691391232},""fingers"":{""index"":{""has_data"":true,""last_update_ts"":1784119726.5443044,""mapped"":true},""middle"":{""has_data"":true,""last_update_ts"":1784119726.5443044,""mapped"":true},""pinky"":{""has_data"":true,""last_update_ts"":1784119726.5443044,""mapped"":true},""ring"":{""has_data"":true,""last_update_ts"":1784119726.5443044,""mapped"":true},""thumb"":{""has_data"":true,""last_update_ts"":1784119726.5443044,""mapped"":true}},""ports"":{""available"":[""BLE:Dexter""],""unavailable"":[]}}"
1784119726.6036215,1784119726.6034813,202,ble,"{""index"":{""age_s"":0.00917673110961914,""channels"":3,""force"":[-0.6061568806423434,-0.6546923499900021],""has_data"":true,""last_update_ts"":1784119726.5943046,""raw"":[17319,16058,17868]},""middle"":{""age_s"":0.00917673110961914,""channels"":3,""force"":[-0.1788186832664138,0.22979451707999754],""has_data"":true,""last_update_ts"":1784119726.5943046,""raw"":[16190,15818,15590]},""pinky"":{""age_s"":0.00917673110961914,""channels"":3,""force"":[-1.0209969980050229,-0.7465546509000021],""has_data"":true,""last_update_ts"":1784119726.5943046,""raw"":[17419,15295,17702]},""ring"":{""age_s"":0.00917673110961914,""channels"":3,""force"":[0.2720735879806231,0.25144182665999804],""has_data"":true,""last_update_ts"":1784119726.5943046,""raw"":[15804,16370,15634]},""thumb"":{""age_s"":0.00917673110961914,""channels"":3,""force"":[0.0,-2.220446049250313e-16],""has_data"":true,""last_update_ts"":1784119726.5943046,""raw"":[0,0,0]}}","{""ble"":{""connection_state"":""connected"",""counter"":1053846,""finger_order"":""DexterController.Visualizer"",""last_error"":null,""last_sample_age_s"":0.00920932600274682,""reconnect_count"":0,""sample_hz"":20.0,""sample_sequence"":201,""timestamp_us"":10691438368},""fingers"":{""index"":{""has_data"":true,""last_update_ts"":1784119726.5943046,""mapped"":true},""middle"":{""has_data"":true,""last_update_ts"":1784119726.5943046,""mapped"":true},""pinky"":{""has_data"":true,""last_update_ts"":1784119726.5943046,""mapped"":true},""ring"":{""has_data"":true,""last_update_ts"":1784119726.5943046,""mapped"":true},""thumb"":{""has_data"":true,""last_update_ts"":1784119726.5943046,""mapped"":true}},""ports"":{""available"":[""BLE:Dexter""],""unavailable"":[]}}"
1784119726.6536255,1784119726.6534853,203,ble,"{""index"":{""age_s"":0.00917816162109375,""channels"":3,""force"":[-0.5946201913993452,-0.48095881413000185],""has_data"":true,""last_update_ts"":1784119726.6443071,""raw"":[17411,16174,17659]},""middle"":{""age_s"":0.00917816162109375,""channels"":3,""force"":[-0.14709278784817847,0.25199688587999525],""has_data"":true,""last_update_ts"":1784119726.6443071,""raw"":[16186,15880,15579]},""pinky"":{""age_s"":0.00917816162109375,""channels"":3,""force"":[-1.0219583887752712,-0.7465546509000021],""has_data"":true,""last_update_ts"":1784119726.6443071,""raw"":[17418,15292,17700]},""ring"":{""age_s"":0.00917816162109375,""channels"":3,""force"":[0.27495776029137353,0.24866653056000043],""has_data"":true,""last_update_ts"":1784119726.6443071,""raw"":[15792,16364,15630]},""thumb"":{""age_s"":0.00917816162109375,""channels"":3,""force"":[0.0,-2.220446049250313e-16],""has_data"":true,""last_update_ts"":1784119726.6443071,""raw"":[0,0,0]}}","{""ble"":{""connection_state"":""connected"",""counter"":1053852,""finger_order"":""DexterController.Visualizer"",""last_error"":null,""last_sample_age_s"":0.009209305004333146,""reconnect_count"":0,""sample_hz"":20.0,""sample_sequence"":202,""timestamp_us"":10691494720},""fingers"":{""index"":{""has_data"":true,""last_update_ts"":1784119726.6443071,""mapped"":true},""middle"":{""has_data"":true,""last_update_ts"":1784119726.6443071,""mapped"":true},""pinky"":{""has_data"":true,""last_update_ts"":1784119726.6443071,""mapped"":true},""ring"":{""has_data"":true,""last_update_ts"":1784119726.6443071,""mapped"":true},""thumb"":{""has_data"":true,""last_update_ts"":1784119726.6443071,""mapped"":true}},""ports"":{""available"":[""BLE:Dexter""],""unavailable"":[]}}"
1784119726.7036235,1784119726.703485,204,ble,"{""index"":{""age_s"":0.009184598922729492,""channels"":3,""force"":[-0.4994425051446445,-0.13737715695000308],""has_data"":true,""last_update_ts"":1784119726.6943004,""raw"":[17545,16506,17273]},""middle"":{""age_s"":0.009184598922729492,""channels"":3,""force"":[-0.07306569853896505,0.015541658159997418],""has_data"":true,""last_update_ts"":1784119726.6943004,""raw"":[15967,15815,15863]},""pinky"":{""age_s"":0.009184598922729492,""channels"":3,""force"":[-1.0282074287818972,-0.754603009590002],""has_data"":true,""last_update_ts"":1784119726.6943004,""raw"":[17420,15281,17710]},""ring"":{""age_s"":0.009184598922729492,""channels"":3,""force"":[0.27303497875087324,0.24700135289999992],""has_data"":true,""last_update_ts"":1784119726.6943004,""raw"":[15800,16368,15639]},""thumb"":{""age_s"":0.009184598922729492,""channels"":3,""force"":[0.0,-2.220446049250313e-16],""has_data"":true,""last_update_ts"":1784119726.6943004,""raw"":[0,0,0]}}","{""ble"":{""connection_state"":""connected"",""counter"":1053857,""finger_order"":""DexterController.Visualizer"",""last_error"":null,""last_sample_age_s"":0.009214816003805026,""reconnect_count"":0,""sample_hz"":20.0,""sample_sequence"":203,""timestamp_us"":10691541664},""fingers"":{""index"":{""has_data"":true,""last_update_ts"":1784119726.6943004,""mapped"":true},""middle"":{""has_data"":true,""last_update_ts"":1784119726.6943004,""mapped"":true},""pinky"":{""has_data"":true,""last_update_ts"":1784119726.6943004,""mapped"":true},""ring"":{""has_data"":true,""last_update_ts"":1784119726.6943004,""mapped"":true},""thumb"":{""has_data"":true,""last_update_ts"":1784119726.6943004,""mapped"":true}},""ports"":{""available"":[""BLE:Dexter""],""unavailable"":[]}}"
1784119726.7536309,1784119726.7534845,205,ble,"{""index"":{""age_s"":0.009184598922729492,""channels"":3,""force"":[-0.33840955112784243,0.5977987799399989],""has_data"":true,""last_update_ts"":1784119726.7443,""raw"":[17866,17162,16437]},""middle"":{""age_s"":0.009184598922729492,""channels"":3,""force"":[-0.04037841235048312,-0.21813827345999925],""has_data"":true,""last_update_ts"":1784119726.7443,""raw"":[15785,15701,16136]},""pinky"":{""age_s"":0.009184598922729492,""channels"":3,""force"":[-1.0200356072347745,-0.7504400654400012],""has_data"":true,""last_update_ts"":1784119726.7443,""raw"":[17416,15294,17707]},""ring"":{""age_s"":0.009184598922729492,""channels"":3,""force"":[0.2783226279872473,0.24727888250999897],""has_data"":true,""last_update_ts"":1784119726.7443,""raw"":[15791,16370,15635]},""thumb"":{""age_s"":0.009184598922729492,""channels"":3,""force"":[0.0,-2.220446049250313e-16],""has_data"":true,""last_update_ts"":1784119726.7443,""raw"":[0,0,0]}}","{""ble"":{""connection_state"":""connected"",""counter"":1053862,""finger_order"":""DexterController.Visualizer"",""last_error"":null,""last_sample_age_s"":0.009214443998644128,""reconnect_count"":0,""sample_hz"":20.0,""sample_sequence"":204,""timestamp_us"":10691588832},""fingers"":{""index"":{""has_data"":true,""last_update_ts"":1784119726.7443,""mapped"":true},""middle"":{""has_data"":true,""last_update_ts"":1784119726.7443,""mapped"":true},""pinky"":{""has_data"":true,""last_update_ts"":1784119726.7443,""mapped"":true},""ring"":{""has_data"":true,""last_update_ts"":1784119726.7443,""mapped"":true},""thumb"":{""has_data"":true,""last_update_ts"":1784119726.7443,""mapped"":true}},""ports"":{""available"":[""BLE:Dexter""],""unavailable"":[]}}"
1784119726.8036194,1784119726.8034804,206,ble,"{""index"":{""age_s"":0.009179115295410156,""channels"":3,""force"":[-0.21871640023177186,1.9485353918099992],""has_data"":true,""last_update_ts"":1784119726.7943013,""raw"":[18650,18195,14912]},""middle"":{""age_s"":0.009179115295410156,""channels"":3,""force"":[0.021150596945489042,-0.651639524280001],""has_data"":true,""last_update_ts"":1784119726.7943013,""raw"":[15447,15491,16643]},""pinky"":{""age_s"":0.009179115295410156,""channels"":3,""force"":[-1.0262846472413951,-0.7501625358300004],""has_data"":true,""last_update_ts"":1784119726.7943013,""raw"":[17419,15284,17703]},""ring"":{""age_s"":0.009179115295410156,""channels"":3,""force"":[0.2768805418318703,0.24700135289999992],""has_data"":true,""last_update_ts"":1784119726.7943013,""raw"":[15792,16368,15635]},""thumb"":{""age_s"":0.009179115295410156,""channels"":3,""force"":[0.0,-2.220446049250313e-16],""has_data"":true,""last_update_ts"":1784119726.7943013,""raw"":[0,0,0]}}","{""ble"":{""connection_state"":""connected"",""counter"":1053868,""finger_order"":""DexterController.Visualizer"",""last_error"":null,""last_sample_age_s"":0.009211208001943305,""reconnect_count"":0,""sample_hz"":20.0,""sample_sequence"":205,""timestamp_us"":10691645248},""fingers"":{""index"":{""has_data"":true,""last_update_ts"":1784119726.7943013,""mapped"":true},""middle"":{""has_data"":true,""last_update_ts"":1784119726.7943013,""mapped"":true},""pinky"":{""has_data"":true,""last_update_ts"":1784119726.7943013,""mapped"":true},""ring"":{""has_data"":true,""last_update_ts"":1784119726.7943013,""mapped"":true},""thumb"":{""has_data"":true,""last_update_ts"":1784119726.7943013,""mapped"":true}},""ports"":{""available"":[""BLE:Dexter""],""unavailable"":[]}}"
1784119726.8535974,1784119726.8534777,207,ble,"{""index"":{""age_s"":0.00917673110961914,""channels"":3,""force"":[-0.08171821547121105,2.622654814499997],""has_data"":true,""last_update_ts"":1784119726.844301,""raw"":[18962,18792,14152]},""middle"":{""age_s"":0.00917673110961914,""channels"":3,""force"":[0.0918128185588305,-0.7013173244700024],""has_data"":true,""last_update_ts"":1784119726.844301,""raw"":[15335,15526,16694]},""pinky"":{""age_s"":0.00917673110961914,""channels"":3,""force"":[-1.0176321303091491,-0.7435018251900019],""has_data"":true,""last_update_ts"":1784119726.844301,""raw"":[17416,15299,17697]},""ring"":{""age_s"":0.00917673110961914,""channels"":3,""force"":[0.27880332337237057,0.25033170822000006],""has_data"":true,""last_update_ts"":1784119726.844301,""raw"":[15793,16373,15632]},""thumb"":{""age_s"":0.00917673110961914,""channels"":3,""force"":[0.0,-2.220446049250313e-16],""has_data"":true,""last_update_ts"":1784119726.844301,""raw"":[0,0,0]}}","{""ble"":{""connection_state"":""connected"",""counter"":1053873,""finger_order"":""DexterController.Visualizer"",""last_error"":null,""last_sample_age_s"":0.00920337499701418,""reconnect_count"":0,""sample_hz"":20.0,""sample_sequence"":206,""timestamp_us"":10691692192},""fingers"":{""index"":{""has_data"":true,""last_update_ts"":1784119726.844301,""mapped"":true},""middle"":{""has_data"":true,""last_update_ts"":1784119726.844301,""mapped"":true},""pinky"":{""has_data"":true,""last_update_ts"":1784119726.844301,""mapped"":true},""ring"":{""has_data"":true,""last_update_ts"":1784119726.844301,""mapped"":true},""thumb"":{""has_data"":true,""last_update_ts"":1784119726.844301,""mapped"":true}},""ports"":{""available"":[""BLE:Dexter""],""unavailable"":[]}}"
1784119726.9036214,1784119726.9034812,208,ble,"{""index"":{""age_s"":0.009178876876831055,""channels"":3,""force"":[0.10623368011257384,2.9698443566099986],""has_data"":true,""last_update_ts"":1784119726.8943024,""raw"":[19019,19240,13779]},""middle"":{""age_s"":0.009178876876831055,""channels"":3,""force"":[0.2047762340631536,-0.9313893711600034],""has_data"":true,""last_update_ts"":1784119726.8943024,""raw"":[15082,15508,16973]},""pinky"":{""age_s"":0.009178876876831055,""channels"":3,""force"":[-1.0229197795455232,-0.7415591179200023],""has_data"":true,""last_update_ts"":1784119726.8943024,""raw"":[17421,15293,17693]},""ring"":{""age_s"":0.009178876876831055,""channels"":3,""force"":[0.2812068002979924,0.2600452445699988],""has_data"":true,""last_update_ts"":1784119726.8943024,""raw"":[15797,16382,15621]},""thumb"":{""age_s"":0.009178876876831055,""channels"":3,""force"":[0.0,-2.220446049250313e-16],""has_data"":true,""last_update_ts"":1784119726.8943024,""raw"":[0,0,0]}}","{""ble"":{""connection_state"":""connected"",""counter"":1053878,""finger_order"":""DexterController.Visualizer"",""last_error"":null,""last_sample_age_s"":0.00921011800528504,""reconnect_count"":0,""sample_hz"":20.0,""sample_sequence"":207,""timestamp_us"":10691739232},""fingers"":{""index"":{""has_data"":true,""last_update_ts"":1784119726.8943024,""mapped"":true},""middle"":{""has_data"":true,""last_update_ts"":1784119726.8943024,""mapped"":true},""pinky"":{""has_data"":true,""last_update_ts"":1784119726.8943024,""mapped"":true},""ring"":{""has_data"":true,""last_update_ts"":1784119726.8943024,""mapped"":true},""thumb"":{""has_data"":true,""last_update_ts"":1784119726.8943024,""mapped"":true}},""ports"":{""available"":[""BLE:Dexter""],""unavailable"":[]}}"
1784119726.9535983,1784119726.953461,209,ble,"{""index"":{""age_s"":0.009156465530395508,""channels"":3,""force"":[0.24323186487313642,3.226559245859998],""has_data"":true,""last_update_ts"":1784119726.9443045,""raw"":[19078,19584,13518]},""middle"":{""age_s"":0.009156465530395508,""channels"":3,""force"":[0.2610175941227535,-1.1864390827499998],""has_data"":true,""last_update_ts"":1784119726.9443045,""raw"":[14846,15389,17255]},""pinky"":{""age_s"":0.009156465530395508,""channels"":3,""force"":[-1.0195549118496476,-0.7429467659700011],""has_data"":true,""last_update_ts"":1784119726.9443045,""raw"":[17414,15293,17692]},""ring"":{""age_s"":0.009156465530395508,""channels"":3,""force"":[0.2845716679938697,0.2586575965199973],""has_data"":true,""last_update_ts"":1784119726.9443045,""raw"":[15795,16387,15625]},""thumb"":{""age_s"":0.009156465530395508,""channels"":3,""force"":[0.0,-2.220446049250313e-16],""has_data"":true,""last_update_ts"":1784119726.9443045,""raw"":[0,0,0]}}","{""ble"":{""connection_state"":""connected"",""counter"":1053884,""finger_order"":""DexterController.Visualizer"",""last_error"":null,""last_sample_age_s"":0.009187987991026603,""reconnect_count"":0,""sample_hz"":20.0,""sample_sequence"":208,""timestamp_us"":10691795680},""fingers"":{""index"":{""has_data"":true,""last_update_ts"":1784119726.9443045,""mapped"":true},""middle"":{""has_data"":true,""last_update_ts"":1784119726.9443045,""mapped"":true},""pinky"":{""has_data"":true,""last_update_ts"":1784119726.9443045,""mapped"":true},""ring"":{""has_data"":true,""last_update_ts"":1784119726.9443045,""mapped"":true},""thumb"":{""has_data"":true,""last_update_ts"":1784119726.9443045,""mapped"":true}},""ports"":{""available"":[""BLE:Dexter""],""unavailable"":[]}}"
1784119727.003614,1784119727.0034814,210,ble,"{""index"":{""age_s"":0.009175539016723633,""channels"":3,""force"":[0.2244847448532692,3.3139810730099972],""has_data"":true,""last_update_ts"":1784119726.9943058,""raw"":[19164,19631,13427]},""middle"":{""age_s"":0.009175539016723633,""channels"":3,""force"":[0.18843259096891174,-0.9902256484800018],""has_data"":true,""last_update_ts"":1784119726.9943058,""raw"":[15030,15422,17010]},""pinky"":{""age_s"":0.009175539016723633,""channels"":3,""force"":[-1.0166707395389007,-0.7484973581700034],""has_data"":true,""last_update_ts"":1784119726.9943058,""raw"":[17410,15295,17701]},""ring"":{""age_s"":0.009175539016723633,""channels"":3,""force"":[0.2754384556764986,0.24949911938999847],""has_data"":true,""last_update_ts"":1784119726.9943058,""raw"":[15800,16373,15637]},""thumb"":{""age_s"":0.009175539016723633,""channels"":3,""force"":[0.0,-2.220446049250313e-16],""has_data"":true,""last_update_ts"":1784119726.9943058,""raw"":[0,0,0]}}","{""ble"":{""connection_state"":""connected"",""counter"":1053888,""finger_order"":""DexterController.Visualizer"",""last_error"":null,""last_sample_age_s"":0.009203206995152868,""reconnect_count"":0,""sample_hz"":20.0,""sample_sequence"":209,""timestamp_us"":10691833344},""fingers"":{""index"":{""has_data"":true,""last_update_ts"":1784119726.9943058,""mapped"":true},""middle"":{""has_data"":true,""last_update_ts"":1784119726.9943058,""mapped"":true},""pinky"":{""has_data"":true,""last_update_ts"":1784119726.9943058,""mapped"":true},""ring"":{""has_data"":true,""last_update_ts"":1784119726.9943058,""mapped"":true},""thumb"":{""has_data"":true,""last_update_ts"":1784119726.9943058,""mapped"":true}},""ports"":{""available"":[""BLE:Dexter""],""unavailable"":[]}}"
1784119727.0537443,1784119727.053501,211,ble,"{""index"":{""age_s"":0.009180068969726562,""channels"":3,""force"":[0.20958318791440256,3.3431216820599987],""has_data"":true,""last_update_ts"":1784119727.0443208,""raw"":[19192,19628,13387]},""middle"":{""age_s"":0.009180068969726562,""channels"":3,""force"":[0.167762689408546,-0.9494287958100012],""has_data"":true,""last_update_ts"":1784119727.0443208,""raw"":[15071,15420,16956]},""pinky"":{""age_s"":0.009180068969726562,""channels"":3,""force"":[-0.8517922224411034,-0.6727317746400026],""has_data"":true,""last_update_ts"":1784119727.0443208,""raw"":[17349,15577,17675]},""ring"":{""age_s"":0.009180068969726562,""channels"":3,""force"":[0.27255428336574816,0.27836219882999824],""has_data"":true,""last_update_ts"":1784119727.0443208,""raw"":[15798,16365,15580]},""thumb"":{""age_s"":0.009180068969726562,""channels"":3,""force"":[0.0,-2.220446049250313e-16],""has_data"":true,""last_update_ts"":1784119727.0443208,""raw"":[0,0,0]}}","{""ble"":{""connection_state"":""connected"",""counter"":1053889,""finger_order"":""DexterController.Visualizer"",""last_error"":null,""last_sample_age_s"":0.009227856993675232,""reconnect_count"":0,""sample_hz"":20.0,""sample_sequence"":210,""timestamp_us"":10691842720},""fingers"":{""index"":{""has_data"":true,""last_update_ts"":1784119727.0443208,""mapped"":true},""middle"":{""has_data"":true,""last_update_ts"":1784119727.0443208,""mapped"":true},""pinky"":{""has_data"":true,""last_update_ts"":1784119727.0443208,""mapped"":true},""ring"":{""has_data"":true,""last_update_ts"":1784119727.0443208,""mapped"":true},""thumb"":{""has_data"":true,""last_update_ts"":1784119727.0443208,""mapped"":true}},""ports"":{""available"":[""BLE:Dexter""],""unavailable"":[]}}"
1784119727.1036527,1784119727.103482,212,ble,"{""index"":{""age_s"":0.009176254272460938,""channels"":3,""force"":[0.22977239408964323,2.41839302154],""has_data"":true,""last_update_ts"":1784119727.0943058,""raw"":[18543,19021,14425]},""middle"":{""age_s"":0.009176254272460938,""channels"":3,""force"":[0.020669901560365744,-0.3516300158700023],""has_data"":true,""last_update_ts"":1784119727.0943058,""raw"":[15603,15646,16258]},""pinky"":{""age_s"":0.009176254272460938,""channels"":3,""force"":[-1.0200356072347745,-0.7443344140200017],""has_data"":true,""last_update_ts"":1784119727.0943058,""raw"":[17413,15291,17693]},""ring"":{""age_s"":0.009176254272460938,""channels"":3,""force"":[0.2831295818384927,0.2583800669099965],""has_data"":true,""last_update_ts"":1784119727.0943058,""raw"":[15799,16388,15628]},""thumb"":{""age_s"":0.009176254272460938,""channels"":3,""force"":[0.0,-2.220446049250313e-16],""has_data"":true,""last_update_ts"":1784119727.0943058,""raw"":[0,0,0]}}","{""ble"":{""connection_state"":""connected"",""counter"":1053901,""finger_order"":""DexterController.Visualizer"",""last_error"":null,""last_sample_age_s"":0.009207338996930048,""reconnect_count"":0,""sample_hz"":20.0,""sample_sequence"":211,""timestamp_us"":10691955776},""fingers"":{""index"":{""has_data"":true,""last_update_ts"":1784119727.0943058,""mapped"":true},""middle"":{""has_data"":true,""last_update_ts"":1784119727.0943058,""mapped"":true},""pinky"":{""has_data"":true,""last_update_ts"":1784119727.0943058,""mapped"":true},""ring"":{""has_data"":true,""last_update_ts"":1784119727.0943058,""mapped"":true},""thumb"":{""has_data"":true,""last_update_ts"":1784119727.0943058,""mapped"":true}},""ports"":{""available"":[""BLE:Dexter""],""unavailable"":[]}}"
1784119727.1536202,1784119727.1534812,213,ble,"{""index"":{""age_s"":0.009174823760986328,""channels"":3,""force"":[0.18843259096891352,1.9543635136199988],""has_data"":true,""last_update_ts"":1784119727.1443064,""raw"":[18259,18651,14934]},""middle"":{""age_s"":0.009174823760986328,""channels"":3,""force"":[0.006249040006620632,-0.09519265623000361],""has_data"":true,""last_update_ts"":1784119727.1443064,""raw"":[15782,15795,15960]},""pinky"":{""age_s"":0.009174823760986328,""channels"":3,""force"":[-1.0200356072347745,-0.7521052430999999],""has_data"":true,""last_update_ts"":1784119727.1443064,""raw"":[17413,15291,17707]},""ring"":{""age_s"":0.009174823760986328,""channels"":3,""force"":[0.2773612372169971,0.2506092378299982],""has_data"":true,""last_update_ts"":1784119727.1443064,""raw"":[15795,16372,15632]},""thumb"":{""age_s"":0.009174823760986328,""channels"":3,""force"":[0.0,-2.220446049250313e-16],""has_data"":true,""last_update_ts"":1784119727.1443064,""raw"":[0,0,0]}}","{""ble"":{""connection_state"":""connected"",""counter"":1053904,""finger_order"":""DexterController.Visualizer"",""last_error"":null,""last_sample_age_s"":0.009204945992678404,""reconnect_count"":0,""sample_hz"":20.0,""sample_sequence"":212,""timestamp_us"":10691984032},""fingers"":{""index"":{""has_data"":true,""last_update_ts"":1784119727.1443064,""mapped"":true},""middle"":{""has_data"":true,""last_update_ts"":1784119727.1443064,""mapped"":true},""pinky"":{""has_data"":true,""last_update_ts"":1784119727.1443064,""mapped"":true},""ring"":{""has_data"":true,""last_update_ts"":1784119727.1443064,""mapped"":true},""thumb"":{""has_data"":true,""last_update_ts"":1784119727.1443064,""mapped"":true}},""ports"":{""available"":[""BLE:Dexter""],""unavailable"":[]}}"
1784119727.2036214,1784119727.203482,214,ble,"{""index"":{""age_s"":0.009176492691040039,""channels"":3,""force"":[-0.07594987084971372,0.9946661222399973],""has_data"":true,""last_update_ts"":1784119727.1943054,""raw"":[17882,17724,16011]},""middle"":{""age_s"":0.009176492691040039,""channels"":3,""force"":[0.00048069538512329757,0.10573878140999948],""has_data"":true,""last_update_ts"":1784119727.1943054,""raw"":[15915,15916,15725]},""pinky"":{""age_s"":0.009176492691040039,""channels"":3,""force"":[-1.0209969980050246,-0.7504400654400003],""has_data"":true,""last_update_ts"":1784119727.1943054,""raw"":[17417,15293,17707]},""ring"":{""age_s"":0.009176492691040039,""channels"":3,""force"":[0.2768805418318703,0.24922158977999942],""has_data"":true,""last_update_ts"":1784119727.1943054,""raw"":[15793,16369,15632]},""thumb"":{""age_s"":0.009176492691040039,""channels"":3,""force"":[0.0,-2.220446049250313e-16],""has_data"":true,""last_update_ts"":1784119727.1943054,""raw"":[0,0,0]}}","{""ble"":{""connection_state"":""connected"",""counter"":1053910,""finger_order"":""DexterController.Visualizer"",""last_error"":null,""last_sample_age_s"":0.009207490002154373,""reconnect_count"":0,""sample_hz"":20.0,""sample_sequence"":213,""timestamp_us"":10692040448},""fingers"":{""index"":{""has_data"":true,""last_update_ts"":1784119727.1943054,""mapped"":true},""middle"":{""has_data"":true,""last_update_ts"":1784119727.1943054,""mapped"":true},""pinky"":{""has_data"":true,""last_update_ts"":1784119727.1943054,""mapped"":true},""ring"":{""has_data"":true,""last_update_ts"":1784119727.1943054,""mapped"":true},""thumb"":{""has_data"":true,""last_update_ts"":1784119727.1943054,""mapped"":true}},""ports"":{""available"":[""BLE:Dexter""],""unavailable"":[]}}"
1784119727.2536235,1784119727.2534835,215,ble,"{""index"":{""age_s"":0.009178400039672852,""channels"":3,""force"":[-0.25236507719050927,0.2939038569899992],""has_data"":true,""last_update_ts"":1784119727.2443051,""raw"":[17594,17069,16802]},""middle"":{""age_s"":0.009178400039672852,""channels"":3,""force"":[0.012017384628119743,0.21952592150999717],""has_data"":true,""last_update_ts"":1784119727.2443051,""raw"":[15976,16001,15593]},""pinky"":{""age_s"":0.009178400039672852,""channels"":3,""force"":[-1.020516302619896,-0.7451670028500015],""has_data"":true,""last_update_ts"":1784119727.2443051,""raw"":[17411,15288,17692]},""ring"":{""age_s"":0.009178400039672852,""channels"":3,""force"":[0.2855330587641145,0.25754747807999934],""has_data"":true,""last_update_ts"":1784119727.2443051,""raw"":[15797,16391,15630]},""thumb"":{""age_s"":0.009178400039672852,""channels"":3,""force"":[0.0,-2.220446049250313e-16],""has_data"":true,""last_update_ts"":1784119727.2443051,""raw"":[0,0,0]}}","{""ble"":{""connection_state"":""connected"",""counter"":1053915,""finger_order"":""DexterController.Visualizer"",""last_error"":null,""last_sample_age_s"":0.009209753014147282,""reconnect_count"":0,""sample_hz"":20.0,""sample_sequence"":214,""timestamp_us"":10692087360},""fingers"":{""index"":{""has_data"":true,""last_update_ts"":1784119727.2443051,""mapped"":true},""middle"":{""has_data"":true,""last_update_ts"":1784119727.2443051,""mapped"":true},""pinky"":{""has_data"":true,""last_update_ts"":1784119727.2443051,""mapped"":true},""ring"":{""has_data"":true,""last_update_ts"":1784119727.2443051,""mapped"":true},""thumb"":{""has_data"":true,""last_update_ts"":1784119727.2443051,""mapped"":true}},""ports"":{""available"":[""BLE:Dexter""],""unavailable"":[]}}"
1784119727.303623,1784119727.3034823,216,ble,"{""index"":{""age_s"":0.009176492691040039,""channels"":3,""force"":[-0.4095524681263072,-0.20703708906000085],""has_data"":true,""last_update_ts"":1784119727.2943058,""raw"":[17426,16574,17373]},""middle"":{""age_s"":0.009176492691040039,""channels"":3,""force"":[0.011536689242992892,0.2891858536199985],""has_data"":true,""last_update_ts"":1784119727.2943058,""raw"":[16019,16043,15510]},""pinky"":{""age_s"":0.009176492691040039,""channels"":3,""force"":[-1.0181128256942742,-0.7448894732400024],""has_data"":true,""last_update_ts"":1784119727.2943058,""raw"":[17414,15296,17697]},""ring"":{""age_s"":0.009176492691040039,""channels"":3,""force"":[0.27928401875749387,0.251164297049999],""has_data"":true,""last_update_ts"":1784119727.2943058,""raw"":[15793,16374,15631]},""thumb"":{""age_s"":0.009176492691040039,""channels"":3,""force"":[0.0,-2.220446049250313e-16],""has_data"":true,""last_update_ts"":1784119727.2943058,""raw"":[0,0,0]}}","{""ble"":{""connection_state"":""connected"",""counter"":1053921,""finger_order"":""DexterController.Visualizer"",""last_error"":null,""last_sample_age_s"":0.009208021001541056,""reconnect_count"":0,""sample_hz"":20.0,""sample_sequence"":215,""timestamp_us"":10692143520},""fingers"":{""index"":{""has_data"":true,""last_update_ts"":1784119727.2943058,""mapped"":true},""middle"":{""has_data"":true,""last_update_ts"":1784119727.2943058,""mapped"":true},""pinky"":{""has_data"":true,""last_update_ts"":1784119727.2943058,""mapped"":true},""ring"":{""has_data"":true,""last_update_ts"":1784119727.2943058,""mapped"":true},""thumb"":{""has_data"":true,""last_update_ts"":1784119727.2943058,""mapped"":true}},""ports"":{""available"":[""BLE:Dexter""],""unavailable"":[]}}"
1784119727.3536026,1784119727.3534784,217,ble,"{""index"":{""age_s"":0.009172677993774414,""channels"":3,""force"":[-0.47684982204377846,-0.3796605064800005],""has_data"":true,""last_update_ts"":1784119727.3443058,""raw"":[17384,16392,17572]},""middle"":{""age_s"":0.009172677993774414,""channels"":3,""force"":[-0.020189206175242447,0.2864105575199982],""has_data"":true,""last_update_ts"":1784119727.3443058,""raw"":[16047,16005,15510]},""pinky"":{""age_s"":0.009172677993774414,""channels"":3,""force"":[-1.0258039518562718,-0.7493299469999988],""has_data"":true,""last_update_ts"":1784119727.3443058,""raw"":[17420,15286,17703]},""ring"":{""age_s"":0.009172677993774414,""channels"":3,""force"":[0.2773612372169971,0.24561370484999578],""has_data"":true,""last_update_ts"":1784119727.3443058,""raw"":[15795,16372,15641]},""thumb"":{""age_s"":0.009172677993774414,""channels"":3,""force"":[0.0,-2.220446049250313e-16],""has_data"":true,""last_update_ts"":1784119727.3443058,""raw"":[0,0,0]}}","{""ble"":{""connection_state"":""connected"",""counter"":1053926,""finger_order"":""DexterController.Visualizer"",""last_error"":null,""last_sample_age_s"":0.009200638000038452,""reconnect_count"":0,""sample_hz"":20.0,""sample_sequence"":216,""timestamp_us"":10692190400},""fingers"":{""index"":{""has_data"":true,""last_update_ts"":1784119727.3443058,""mapped"":true},""middle"":{""has_data"":true,""last_update_ts"":1784119727.3443058,""mapped"":true},""pinky"":{""has_data"":true,""last_update_ts"":1784119727.3443058,""mapped"":true},""ring"":{""has_data"":true,""last_update_ts"":1784119727.3443058,""mapped"":true},""thumb"":{""has_data"":true,""last_update_ts"":1784119727.3443058,""mapped"":true}},""ports"":{""available"":[""BLE:Dexter""],""unavailable"":[]}}"
1784119727.4036007,1784119727.4034805,218,ble,"{""index"":{""age_s"":0.009174108505249023,""channels"":3,""force"":[-0.5302070097926279,-0.43322372121000097],""has_data"":true,""last_update_ts"":1784119727.3943064,""raw"":[17405,16302,17634]},""middle"":{""age_s"":0.009174108505249023,""channels"":3,""force"":[-0.06585526776209427,0.2689261920899986],""has_data"":true,""last_update_ts"":1784119727.3943064,""raw"":[16089,15952,15536]},""pinky"":{""age_s"":0.009174108505249023,""channels"":3,""force"":[-1.0200356072347745,-0.7421141771400013],""has_data"":true,""last_update_ts"":1784119727.3943064,""raw"":[17416,15294,17692]},""ring"":{""age_s"":0.009174108505249023,""channels"":3,""force"":[0.2812068002979924,0.25449465237],""has_data"":true,""last_update_ts"":1784119727.3943064,""raw"":[15797,16382,15631]},""thumb"":{""age_s"":0.009174108505249023,""channels"":3,""force"":[0.0,-2.220446049250313e-16],""has_data"":true,""last_update_ts"":1784119727.3943064,""raw"":[0,0,0]}}","{""ble"":{""connection_state"":""connected"",""counter"":1053931,""finger_order"":""DexterController.Visualizer"",""last_error"":null,""last_sample_age_s"":0.009199937005178072,""reconnect_count"":0,""sample_hz"":20.0,""sample_sequence"":217,""timestamp_us"":10692237440},""fingers"":{""index"":{""has_data"":true,""last_update_ts"":1784119727.3943064,""mapped"":true},""middle"":{""has_data"":true,""last_update_ts"":1784119727.3943064,""mapped"":true},""pinky"":{""has_data"":true,""last_update_ts"":1784119727.3943064,""mapped"":true},""ring"":{""has_data"":true,""last_update_ts"":1784119727.3943064,""mapped"":true},""thumb"":{""has_data"":true,""last_update_ts"":1784119727.3943064,""mapped"":true}},""ports"":{""available"":[""BLE:Dexter""],""unavailable"":[]}}"
1784119727.453585,1784119727.453461,219,ble,"{""index"":{""age_s"":0.00915074348449707,""channels"":3,""force"":[-0.5662591636769854,-0.4440473760000039],""has_data"":true,""last_update_ts"":1784119727.4443102,""raw"":[17449,16271,17660]},""middle"":{""age_s"":0.00915074348449707,""channels"":3,""force"":[-0.10046533549107828,0.2761419619499996],""has_data"":true,""last_update_ts"":1784119727.4443102,""raw"":[16131,15922,15529]},""pinky"":{""age_s"":0.00915074348449707,""channels"":3,""force"":[-1.0229197795455214,-0.7471097101200037],""has_data"":true,""last_update_ts"":1784119727.4443102,""raw"":[17419,15291,17701]},""ring"":{""age_s"":0.00915074348449707,""channels"":3,""force"":[0.2768805418318703,0.25088676743999727],""has_data"":true,""last_update_ts"":1784119727.4443102,""raw"":[15792,16368,15628]},""thumb"":{""age_s"":0.00915074348449707,""channels"":3,""force"":[0.0,-2.220446049250313e-16],""has_data"":true,""last_update_ts"":1784119727.4443102,""raw"":[0,0,0]}}","{""ble"":{""connection_state"":""connected"",""counter"":1053937,""finger_order"":""DexterController.Visualizer"",""last_error"":null,""last_sample_age_s"":0.009178437991067767,""reconnect_count"":0,""sample_hz"":20.0,""sample_sequence"":218,""timestamp_us"":10692293888},""fingers"":{""index"":{""has_data"":true,""last_update_ts"":1784119727.4443102,""mapped"":true},""middle"":{""has_data"":true,""last_update_ts"":1784119727.4443102,""mapped"":true},""pinky"":{""has_data"":true,""last_update_ts"":1784119727.4443102,""mapped"":true},""ring"":{""has_data"":true,""last_update_ts"":1784119727.4443102,""mapped"":true},""thumb"":{""has_data"":true,""last_update_ts"":1784119727.4443102,""mapped"":true}},""ports"":{""available"":[""BLE:Dexter""],""unavailable"":[]}}"
1784119727.5035744,1784119727.5034568,220,ble,"{""index"":{""age_s"":0.009150981903076172,""channels"":3,""force"":[-0.5431857851909978,-0.4174045334400027],""has_data"":true,""last_update_ts"":1784119727.4943058,""raw"":[17422,16292,17609]},""middle"":{""age_s"":0.009150981903076172,""channels"":3,""force"":[-0.1278649724431915,0.38354592101999874],""has_data"":true,""last_update_ts"":1784119727.4943058,""raw"":[16171,15905,15347]},""pinky"":{""age_s"":0.009150981903076172,""channels"":3,""force"":[-0.2018920617524067,-0.3441367164000013],""has_data"":true,""last_update_ts"":1784119727.4943058,""raw"":[17191,16771,17601]},""ring"":{""age_s"":0.009150981903076172,""channels"":3,""force"":[0.31918173572285014,0.42240006641999805],""has_data"":true,""last_update_ts"":1784119727.4943058,""raw"":[15751,16415,15322]},""thumb"":{""age_s"":0.009150981903076172,""channels"":3,""force"":[0.0,-2.220446049250313e-16],""has_data"":true,""last_update_ts"":1784119727.4943058,""raw"":[0,0,0]}}","{""ble"":{""connection_state"":""connected"",""counter"":1053942,""finger_order"":""DexterController.Visualizer"",""last_error"":null,""last_sample_age_s"":0.009177825995720923,""reconnect_count"":0,""sample_hz"":20.0,""sample_sequence"":219,""timestamp_us"":10692340896},""fingers"":{""index"":{""has_data"":true,""last_update_ts"":1784119727.4943058,""mapped"":true},""middle"":{""has_data"":true,""last_update_ts"":1784119727.4943058,""mapped"":true},""pinky"":{""has_data"":true,""last_update_ts"":1784119727.4943058,""mapped"":true},""ring"":{""has_data"":true,""last_update_ts"":1784119727.4943058,""mapped"":true},""thumb"":{""has_data"":true,""last_update_ts"":1784119727.4943058,""mapped"":true}},""ports"":{""available"":[""BLE:Dexter""],""unavailable"":[]}}"
1784119727.5535667,1784119727.5534542,221,ble,"{""index"":{""age_s"":0.009148597717285156,""channels"":3,""force"":[-0.5532803882786155,-0.4049157009900055],""has_data"":true,""last_update_ts"":1784119727.5443056,""raw"":[17456,16305,17610]},""middle"":{""age_s"":0.009148597717285156,""channels"":3,""force"":[-0.151899741699431,0.3652289667599975],""has_data"":true,""last_update_ts"":1784119727.5443056,""raw"":[16246,15930,15430]},""pinky"":{""age_s"":0.009148597717285156,""channels"":3,""force"":[-1.0238811703157715,-0.7459995916800022],""has_data"":true,""last_update_ts"":1784119727.5443056,""raw"":[17419,15289,17698]},""ring"":{""age_s"":0.009148597717285156,""channels"":3,""force"":[0.276399846446747,0.2489440601699977],""has_data"":true,""last_update_ts"":1784119727.5443056,""raw"":[15794,16369,15633]},""thumb"":{""age_s"":0.009148597717285156,""channels"":3,""force"":[0.0,-2.220446049250313e-16],""has_data"":true,""last_update_ts"":1784119727.5443056,""raw"":[0,0,0]}}","{""ble"":{""connection_state"":""connected"",""counter"":1053947,""finger_order"":""DexterController.Visualizer"",""last_error"":null,""last_sample_age_s"":0.009173849990474992,""reconnect_count"":0,""sample_hz"":20.0,""sample_sequence"":220,""timestamp_us"":10692387936},""fingers"":{""index"":{""has_data"":true,""last_update_ts"":1784119727.5443056,""mapped"":true},""middle"":{""has_data"":true,""last_update_ts"":1784119727.5443056,""mapped"":true},""pinky"":{""has_data"":true,""last_update_ts"":1784119727.5443056,""mapped"":true},""ring"":{""has_data"":true,""last_update_ts"":1784119727.5443056,""mapped"":true},""thumb"":{""has_data"":true,""last_update_ts"":1784119727.5443056,""mapped"":true}},""ports"":{""available"":[""BLE:Dexter""],""unavailable"":[]}}"
1784119727.6035886,1784119727.6034634,222,ble,"{""index"":{""age_s"":0.009157896041870117,""channels"":3,""force"":[-0.5273228374818775,-0.3777177992100027],""has_data"":true,""last_update_ts"":1784119727.5943055,""raw"":[17445,16348,17577]},""middle"":{""age_s"":0.009157896041870117,""channels"":3,""force"":[-0.17785729249616722,0.3979774607399982],""has_data"":true,""last_update_ts"":1784119727.5943055,""raw"":[16306,15936,15404]},""pinky"":{""age_s"":0.009157896041870117,""channels"":3,""force"":[-1.0171514349240258,-0.7421141771399995],""has_data"":true,""last_update_ts"":1784119727.5943055,""raw"":[17413,15297,17692]},""ring"":{""age_s"":0.009157896041870117,""channels"":3,""force"":[0.2807261049128691,0.2581025372999983],""has_data"":true,""last_update_ts"":1784119727.5943055,""raw"":[15798,16382,15625]},""thumb"":{""age_s"":0.009157896041870117,""channels"":3,""force"":[0.0,-2.220446049250313e-16],""has_data"":true,""last_update_ts"":1784119727.5943055,""raw"":[0,0,0]}}","{""ble"":{""connection_state"":""connected"",""counter"":1053953,""finger_order"":""DexterController.Visualizer"",""last_error"":null,""last_sample_age_s"":0.00918390799779445,""reconnect_count"":0,""sample_hz"":20.0,""sample_sequence"":221,""timestamp_us"":10692444320},""fingers"":{""index"":{""has_data"":true,""last_update_ts"":1784119727.5943055,""mapped"":true},""middle"":{""has_data"":true,""last_update_ts"":1784119727.5943055,""mapped"":true},""pinky"":{""has_data"":true,""last_update_ts"":1784119727.5943055,""mapped"":true},""ring"":{""has_data"":true,""last_update_ts"":1784119727.5943055,""mapped"":true},""thumb"":{""has_data"":true,""last_update_ts"":1784119727.5943055,""mapped"":true}},""ports"":{""available"":[""BLE:Dexter""],""unavailable"":[]}}"
1784119727.6535783,1784119727.653456,223,ble,"{""index"":{""age_s"":0.009149789810180664,""channels"":3,""force"":[-0.47348495434790294,-0.34219400913],""has_data"":true,""last_update_ts"":1784119727.6443062,""raw"":[17419,16434,17543]},""middle"":{""age_s"":0.009149789810180664,""channels"":3,""force"":[-0.1999692802119064,0.46958010011999907],""has_data"":true,""last_update_ts"":1784119727.6443062,""raw"":[16373,15957,15319]},""pinky"":{""age_s"":0.009149789810180664,""channels"":3,""force"":[-1.0185935210793993,-0.7490524173900015],""has_data"":true,""last_update_ts"":1784119727.6443062,""raw"":[17410,15291,17700]},""ring"":{""age_s"":0.009149789810180664,""channels"":3,""force"":[0.2768805418318703,0.24977664899999752],""has_data"":true,""last_update_ts"":1784119727.6443062,""raw"":[15799,16375,15637]},""thumb"":{""age_s"":0.009149789810180664,""channels"":3,""force"":[0.0,-2.220446049250313e-16],""has_data"":true,""last_update_ts"":1784119727.6443062,""raw"":[0,0,0]}}","{""ble"":{""connection_state"":""connected"",""counter"":1053958,""finger_order"":""DexterController.Visualizer"",""last_error"":null,""last_sample_age_s"":0.009175953004159965,""reconnect_count"":0,""sample_hz"":20.0,""sample_sequence"":222,""timestamp_us"":10692491328},""fingers"":{""index"":{""has_data"":true,""last_update_ts"":1784119727.6443062,""mapped"":true},""middle"":{""has_data"":true,""last_update_ts"":1784119727.6443062,""mapped"":true},""pinky"":{""has_data"":true,""last_update_ts"":1784119727.6443062,""mapped"":true},""ring"":{""has_data"":true,""last_update_ts"":1784119727.6443062,""mapped"":true},""thumb"":{""has_data"":true,""last_update_ts"":1784119727.6443062,""mapped"":true}},""ports"":{""available"":[""BLE:Dexter""],""unavailable"":[]}}"
1784119727.7035854,1784119727.7034643,224,ble,"{""index"":{""age_s"":0.009158134460449219,""channels"":3,""force"":[-0.41003316351143404,-0.5836447698300029],""has_data"":true,""last_update_ts"":1784119727.6943061,""raw"":[17210,16357,17835]},""middle"":{""age_s"":0.009158134460449219,""channels"":3,""force"":[-0.24467395102851164,0.5964111318899983],""has_data"":true,""last_update_ts"":1784119727.6943061,""raw"":[16500,15991,15171]},""pinky"":{""age_s"":0.009158134460449219,""channels"":3,""force"":[-1.0243618657008948,-0.7468321805100002],""has_data"":true,""last_update_ts"":1784119727.6943061,""raw"":[17419,15288,17699]},""ring"":{""age_s"":0.009158134460449219,""channels"":3,""force"":[0.27447706490624846,0.251164297049999],""has_data"":true,""last_update_ts"":1784119727.6943061,""raw"":[15799,16370,15632]},""thumb"":{""age_s"":0.009158134460449219,""channels"":3,""force"":[0.0,-2.220446049250313e-16],""has_data"":true,""last_update_ts"":1784119727.6943061,""raw"":[0,0,0]}}","{""ble"":{""connection_state"":""connected"",""counter"":1053963,""finger_order"":""DexterController.Visualizer"",""last_error"":null,""last_sample_age_s"":0.009185008995700628,""reconnect_count"":0,""sample_hz"":20.0,""sample_sequence"":223,""timestamp_us"":10692538368},""fingers"":{""index"":{""has_data"":true,""last_update_ts"":1784119727.6943061,""mapped"":true},""middle"":{""has_data"":true,""last_update_ts"":1784119727.6943061,""mapped"":true},""pinky"":{""has_data"":true,""last_update_ts"":1784119727.6943061,""mapped"":true},""ring"":{""has_data"":true,""last_update_ts"":1784119727.6943061,""mapped"":true},""thumb"":{""has_data"":true,""last_update_ts"":1784119727.6943061,""mapped"":true}},""ports"":{""available"":[""BLE:Dexter""],""unavailable"":[]}}"
1784119727.7535775,1784119727.753455,225,ble,"{""index"":{""age_s"":0.009148836135864258,""channels"":3,""force"":[-0.38503700348494796,-1.4056874746499997],""has_data"":true,""last_update_ts"":1784119727.744306,""raw"":[16693,15892,18825]},""middle"":{""age_s"":0.009148836135864258,""channels"":3,""force"":[-0.37494240039732496,1.1700648357599999],""has_data"":true,""last_update_ts"":1784119727.744306,""raw"":[16988,16208,14490]},""pinky"":{""age_s"":0.009148836135864258,""channels"":3,""force"":[-1.0190742164645261,-0.7432242955799993],""has_data"":true,""last_update_ts"":1784119727.744306,""raw"":[17417,15297,17696]},""ring"":{""age_s"":0.009148836135864258,""channels"":3,""force"":[0.276399846446747,0.2506092378299991],""has_data"":true,""last_update_ts"":1784119727.744306,""raw"":[15799,16374,15635]},""thumb"":{""age_s"":0.009148836135864258,""channels"":3,""force"":[0.0,-2.220446049250313e-16],""has_data"":true,""last_update_ts"":1784119727.744306,""raw"":[0,0,0]}}","{""ble"":{""connection_state"":""connected"",""counter"":1053969,""finger_order"":""DexterController.Visualizer"",""last_error"":null,""last_sample_age_s"":0.009175782994134352,""reconnect_count"":0,""sample_hz"":20.0,""sample_sequence"":224,""timestamp_us"":10692594720},""fingers"":{""index"":{""has_data"":true,""last_update_ts"":1784119727.744306,""mapped"":true},""middle"":{""has_data"":true,""last_update_ts"":1784119727.744306,""mapped"":true},""pinky"":{""has_data"":true,""last_update_ts"":1784119727.744306,""mapped"":true},""ring"":{""has_data"":true,""last_update_ts"":1784119727.744306,""mapped"":true},""thumb"":{""has_data"":true,""last_update_ts"":1784119727.744306,""mapped"":true}},""ports"":{""available"":[""BLE:Dexter""],""unavailable"":[]}}"
1784119727.8035855,1784119727.8034637,226,ble,"{""index"":{""age_s"":0.00915837287902832,""channels"":3,""force"":[-0.6547071145399457,-2.6742753219600015],""has_data"":true,""last_update_ts"":1784119727.7943053,""raw"":[16212,14850,20349]},""middle"":{""age_s"":0.00915837287902832,""channels"":3,""force"":[-0.3292763388104696,2.3942479454699974],""has_data"":true,""last_update_ts"":1784119727.7943053,""raw"":[17477,16792,12821]},""pinky"":{""age_s"":0.00915837287902832,""channels"":3,""force"":[1.836737066561767,0.5675480524499985],""has_data"":true,""last_update_ts"":1784119727.7943053,""raw"":[16420,20241,17308]},""ring"":{""age_s"":0.00915837287902832,""channels"":3,""force"":[0.30091531108810976,0.8520159026999972],""has_data"":true,""last_update_ts"":1784119727.7943053,""raw"":[15748,16374,14526]},""thumb"":{""age_s"":0.00915837287902832,""channels"":3,""force"":[0.0,-2.220446049250313e-16],""has_data"":true,""last_update_ts"":1784119727.7943053,""raw"":[0,0,0]}}","{""ble"":{""connection_state"":""connected"",""counter"":1053974,""finger_order"":""DexterController.Visualizer"",""last_error"":null,""last_sample_age_s"":0.009185470000375062,""reconnect_count"":0,""sample_hz"":20.0,""sample_sequence"":225,""timestamp_us"":10692641632},""fingers"":{""index"":{""has_data"":true,""last_update_ts"":1784119727.7943053,""mapped"":true},""middle"":{""has_data"":true,""last_update_ts"":1784119727.7943053,""mapped"":true},""pinky"":{""has_data"":true,""last_update_ts"":1784119727.7943053,""mapped"":true},""ring"":{""has_data"":true,""last_update_ts"":1784119727.7943053,""mapped"":true},""thumb"":{""has_data"":true,""last_update_ts"":1784119727.7943053,""mapped"":true}},""ports"":{""available"":[""BLE:Dexter""],""unavailable"":[]}}"
1784119727.8535872,1784119727.853464,227,ble,"{""index"":{""age_s"":0.00915837287902832,""channels"":3,""force"":[-0.7960315577666286,-3.503533796640001],""has_data"":true,""last_update_ts"":1784119727.8443055,""raw"":[15946,14290,21430]},""middle"":{""age_s"":0.00915837287902832,""channels"":3,""force"":[-0.47444634511815487,2.626262699429997],""has_data"":true,""last_update_ts"":1784119727.8443055,""raw"":[17855,16868,12630]},""pinky"":{""age_s"":0.00915837287902832,""channels"":3,""force"":[-1.0291688195521456,-0.7451670028500006],""has_data"":true,""last_update_ts"":1784119727.8443055,""raw"":[17424,15283,17696]},""ring"":{""age_s"":0.00915837287902832,""channels"":3,""force"":[0.2812068002979924,0.2606003037899969],""has_data"":true,""last_update_ts"":1784119727.8443055,""raw"":[15801,16386,15624]},""thumb"":{""age_s"":0.00915837287902832,""channels"":3,""force"":[0.0,-2.220446049250313e-16],""has_data"":true,""last_update_ts"":1784119727.8443055,""raw"":[0,0,0]}}","{""ble"":{""connection_state"":""connected"",""counter"":1053979,""finger_order"":""DexterController.Visualizer"",""last_error"":null,""last_sample_age_s"":0.009185079994495027,""reconnect_count"":0,""sample_hz"":20.0,""sample_sequence"":226,""timestamp_us"":10692688672},""fingers"":{""index"":{""has_data"":true,""last_update_ts"":1784119727.8443055,""mapped"":true},""middle"":{""has_data"":true,""last_update_ts"":1784119727.8443055,""mapped"":true},""pinky"":{""has_data"":true,""last_update_ts"":1784119727.8443055,""mapped"":true},""ring"":{""has_data"":true,""last_update_ts"":1784119727.8443055,""mapped"":true},""thumb"":{""has_data"":true,""last_update_ts"":1784119727.8443055,""mapped"":true}},""ports"":{""available"":[""BLE:Dexter""],""unavailable"":[]}}"
1784119727.9035869,1784119727.903464,228,ble,"{""index"":{""age_s"":0.00915837287902832,""channels"":3,""force"":[-0.8657323886097208,-3.838512035910002],""has_data"":true,""last_update_ts"":1784119727.8943057,""raw"":[15827,14026,21842]},""middle"":{""age_s"":0.00915837287902832,""channels"":3,""force"":[-0.47060078203715605,2.908787842409998],""has_data"":true,""last_update_ts"":1784119727.8943057,""raw"":[18015,17036,12285]},""pinky"":{""age_s"":0.00915837287902832,""channels"":3,""force"":[-1.0195549118496494,-0.7507175950500011],""has_data"":true,""last_update_ts"":1784119727.8943057,""raw"":[17410,15289,17702]},""ring"":{""age_s"":0.00915837287902832,""channels"":3,""force"":[0.2768805418318703,0.2447811160200004],""has_data"":true,""last_update_ts"":1784119727.8943057,""raw"":[15792,16368,15639]},""thumb"":{""age_s"":0.00915837287902832,""channels"":3,""force"":[0.0,-2.220446049250313e-16],""has_data"":true,""last_update_ts"":1784119727.8943057,""raw"":[0,0,0]}}","{""ble"":{""connection_state"":""connected"",""counter"":1053985,""finger_order"":""DexterController.Visualizer"",""last_error"":null,""last_sample_age_s"":0.009184848997392692,""reconnect_count"":0,""sample_hz"":20.0,""sample_sequence"":227,""timestamp_us"":10692745248},""fingers"":{""index"":{""has_data"":true,""last_update_ts"":1784119727.8943057,""mapped"":true},""middle"":{""has_data"":true,""last_update_ts"":1784119727.8943057,""mapped"":true},""pinky"":{""has_data"":true,""last_update_ts"":1784119727.8943057,""mapped"":true},""ring"":{""has_data"":true,""last_update_ts"":1784119727.8943057,""mapped"":true},""thumb"":{""has_data"":true,""last_update_ts"":1784119727.8943057,""mapped"":true}},""ports"":{""available"":[""BLE:Dexter""],""unavailable"":[]}}"
1784119727.953584,1784119727.9534647,229,ble,"{""index"":{""age_s"":0.009163856506347656,""channels"":3,""force"":[-0.8330451024212344,-4.245925503390004],""has_data"":true,""last_update_ts"":1784119727.944301,""raw"":[15548,13815,22331]},""middle"":{""age_s"":0.009163856506347656,""channels"":3,""force"":[-0.4244540250651774,2.8588325126099994],""has_data"":true,""last_update_ts"":1784119727.944301,""raw"":[17931,17048,12339]},""pinky"":{""age_s"":0.009163856506347656,""channels"":3,""force"":[-1.0200356072347745,-0.747109710120001],""has_data"":true,""last_update_ts"":1784119727.944301,""raw"":[17413,15291,17698]},""ring"":{""age_s"":0.009163856506347656,""channels"":3,""force"":[0.27303497875087146,0.248111471339997],""has_data"":true,""last_update_ts"":1784119727.944301,""raw"":[15799,16367,15636]},""thumb"":{""age_s"":0.009163856506347656,""channels"":3,""force"":[0.0,-2.220446049250313e-16],""has_data"":true,""last_update_ts"":1784119727.944301,""raw"":[0,0,0]}}","{""ble"":{""connection_state"":""connected"",""counter"":1053990,""finger_order"":""DexterController.Visualizer"",""last_error"":null,""last_sample_age_s"":0.009190568991471082,""reconnect_count"":0,""sample_hz"":20.0,""sample_sequence"":228,""timestamp_us"":10692792256},""fingers"":{""index"":{""has_data"":true,""last_update_ts"":1784119727.944301,""mapped"":true},""middle"":{""has_data"":true,""last_update_ts"":1784119727.944301,""mapped"":true},""pinky"":{""has_data"":true,""last_update_ts"":1784119727.944301,""mapped"":true},""ring"":{""has_data"":true,""last_update_ts"":1784119727.944301,""mapped"":true},""thumb"":{""has_data"":true,""last_update_ts"":1784119727.944301,""mapped"":true}},""ports"":{""available"":[""BLE:Dexter""],""unavailable"":[]}}"
1784119728.0035887,1784119728.003465,230,ble,"{""index"":{""age_s"":0.009160757064819336,""channels"":3,""force"":[-0.7965122531517519,-4.515129225090002],""has_data"":true,""last_update_ts"":1784119727.9943042,""raw"":[15354,13697,22660]},""middle"":{""age_s"":0.009160757064819336,""channels"":3,""force"":[-0.3960929973428158,2.8918585361999964],""has_data"":true,""last_update_ts"":1784119727.9943042,""raw"":[17910,17086,12288]},""pinky"":{""age_s"":0.009160757064819336,""channels"":3,""force"":[-1.0195549118496512,-0.7418366475300022],""has_data"":true,""last_update_ts"":1784119727.9943042,""raw"":[17417,15296,17693]},""ring"":{""age_s"":0.009160757064819336,""channels"":3,""force"":[0.28409097260874283,0.25949018534999624],""has_data"":true,""last_update_ts"":1784119727.9943042,""raw"":[15800,16391,15628]},""thumb"":{""age_s"":0.009160757064819336,""channels"":3,""force"":[0.0,-2.220446049250313e-16],""has_data"":true,""last_update_ts"":1784119727.9943042,""raw"":[0,0,0]}}","{""ble"":{""connection_state"":""connected"",""counter"":1053995,""finger_order"":""DexterController.Visualizer"",""last_error"":null,""last_sample_age_s"":0.009187425996060483,""reconnect_count"":0,""sample_hz"":20.0,""sample_sequence"":229,""timestamp_us"":10692839264},""fingers"":{""index"":{""has_data"":true,""last_update_ts"":1784119727.9943042,""mapped"":true},""middle"":{""has_data"":true,""last_update_ts"":1784119727.9943042,""mapped"":true},""pinky"":{""has_data"":true,""last_update_ts"":1784119727.9943042,""mapped"":true},""ring"":{""has_data"":true,""last_update_ts"":1784119727.9943042,""mapped"":true},""thumb"":{""has_data"":true,""last_update_ts"":1784119727.9943042,""mapped"":true}},""ports"":{""available"":[""BLE:Dexter""],""unavailable"":[]}}"
1784119728.0535872,1784119728.0534575,231,ble,"{""index"":{""age_s"":0.009153366088867188,""channels"":3,""force"":[-0.7484427146392774,-4.68053687265],""has_data"":true,""last_update_ts"":1784119728.0443041,""raw"":[15217,13660,22871]},""middle"":{""age_s"":0.009153366088867188,""channels"":3,""force"":[-0.4566606158685378,2.8940787730799986],""has_data"":true,""last_update_ts"":1784119728.0443041,""raw"":[17968,17018,12279]},""pinky"":{""age_s"":0.009153366088867188,""channels"":3,""force"":[-1.0185935210793993,-0.7479422989500017],""has_data"":true,""last_update_ts"":1784119728.0443041,""raw"":[17410,15291,17698]},""ring"":{""age_s"":0.009153366088867188,""channels"":3,""force"":[0.28409097260874283,0.2572699484699994],""has_data"":true,""last_update_ts"":1784119728.0443041,""raw"":[15798,16389,15630]},""thumb"":{""age_s"":0.009153366088867188,""channels"":3,""force"":[0.0,-2.220446049250313e-16],""has_data"":true,""last_update_ts"":1784119728.0443041,""raw"":[0,0,0]}}","{""ble"":{""connection_state"":""connected"",""counter"":1054001,""finger_order"":""DexterController.Visualizer"",""last_error"":null,""last_sample_age_s"":0.009180599998217076,""reconnect_count"":0,""sample_hz"":20.0,""sample_sequence"":230,""timestamp_us"":10692895648},""fingers"":{""index"":{""has_data"":true,""last_update_ts"":1784119728.0443041,""mapped"":true},""middle"":{""has_data"":true,""last_update_ts"":1784119728.0443041,""mapped"":true},""pinky"":{""has_data"":true,""last_update_ts"":1784119728.0443041,""mapped"":true},""ring"":{""has_data"":true,""last_update_ts"":1784119728.0443041,""mapped"":true},""thumb"":{""has_data"":true,""last_update_ts"":1784119728.0443041,""mapped"":true}},""ports"":{""available"":[""BLE:Dexter""],""unavailable"":[]}}"
1784119728.1037066,1784119728.1034806,232,ble,"{""index"":{""age_s"":0.009158134460449219,""channels"":3,""force"":[-0.7229658592276618,-4.67803910616],""has_data"":true,""last_update_ts"":1784119728.0943224,""raw"":[15189,13685,22865]},""middle"":{""age_s"":0.009158134460449219,""channels"":3,""force"":[-0.5177089297793849,3.0492178250699995],""has_data"":true,""last_update_ts"":1784119728.0943224,""raw"":[18087,17010,12055]},""pinky"":{""age_s"":0.009158134460449219,""channels"":3,""force"":[-0.39849647426843937,-0.4520957346900003],""has_data"":true,""last_update_ts"":1784119728.0943224,""raw"":[17225,16396,17625]},""ring"":{""age_s"":0.009158134460449219,""channels"":3,""force"":[0.2951469664666124,0.3913167500999988],""has_data"":true,""last_update_ts"":1784119728.0943224,""raw"":[15775,16389,15377]},""thumb"":{""age_s"":0.009158134460449219,""channels"":3,""force"":[0.0,-2.220446049250313e-16],""has_data"":true,""last_update_ts"":1784119728.0943224,""raw"":[0,0,0]}}","{""ble"":{""connection_state"":""connected"",""counter"":1054006,""finger_order"":""DexterController.Visualizer"",""last_error"":null,""last_sample_age_s"":0.0091994730028091,""reconnect_count"":0,""sample_hz"":20.0,""sample_sequence"":231,""timestamp_us"":10692942688},""fingers"":{""index"":{""has_data"":true,""last_update_ts"":1784119728.0943224,""mapped"":true},""middle"":{""has_data"":true,""last_update_ts"":1784119728.0943224,""mapped"":true},""pinky"":{""has_data"":true,""last_update_ts"":1784119728.0943224,""mapped"":true},""ring"":{""has_data"":true,""last_update_ts"":1784119728.0943224,""mapped"":true},""thumb"":{""has_data"":true,""last_update_ts"":1784119728.0943224,""mapped"":true}},""ports"":{""available"":[""BLE:Dexter""],""unavailable"":[]}}"
1784119728.1535819,1784119728.1534572,233,ble,"{""index"":{""age_s"":0.009152889251708984,""channels"":3,""force"":[-0.6479773791481973,-4.508746044060002],""has_data"":true,""last_update_ts"":1784119728.1443043,""raw"":[15215,13867,22664]},""middle"":{""age_s"":0.009152889251708984,""channels"":3,""force"":[-0.5806800252307287,3.0467200585799974],""has_data"":true,""last_update_ts"":1784119728.1443043,""raw"":[18213,17005,12120]},""pinky"":{""age_s"":0.009152889251708984,""channels"":3,""force"":[-1.0234004749306482,-0.7451670028499997],""has_data"":true,""last_update_ts"":1784119728.1443043,""raw"":[17421,15292,17699]},""ring"":{""age_s"":0.009152889251708984,""channels"":3,""force"":[0.2759191510616219,0.24866653055999954],""has_data"":true,""last_update_ts"":1784119728.1443043,""raw"":[15796,16370,15635]},""thumb"":{""age_s"":0.009152889251708984,""channels"":3,""force"":[0.0,-2.220446049250313e-16],""has_data"":true,""last_update_ts"":1784119728.1443043,""raw"":[0,0,0]}}","{""ble"":{""connection_state"":""connected"",""counter"":1054011,""finger_order"":""DexterController.Visualizer"",""last_error"":null,""last_sample_age_s"":0.009179507003864273,""reconnect_count"":0,""sample_hz"":20.0,""sample_sequence"":232,""timestamp_us"":10692989696},""fingers"":{""index"":{""has_data"":true,""last_update_ts"":1784119728.1443043,""mapped"":true},""middle"":{""has_data"":true,""last_update_ts"":1784119728.1443043,""mapped"":true},""pinky"":{""has_data"":true,""last_update_ts"":1784119728.1443043,""mapped"":true},""ring"":{""has_data"":true,""last_update_ts"":1784119728.1443043,""mapped"":true},""thumb"":{""has_data"":true,""last_update_ts"":1784119728.1443043,""mapped"":true}},""ports"":{""available"":[""BLE:Dexter""],""unavailable"":[]}}"
1784119728.2035892,1784119728.203465,234,ble,"{""index"":{""age_s"":0.009160995483398438,""channels"":3,""force"":[-0.5109791943876356,-4.313087669010002],""has_data"":true,""last_update_ts"":1784119728.194304,""raw"":[15185,14122,22424]},""middle"":{""age_s"":0.009160995483398438,""channels"":3,""force"":[-0.6787418837961834,3.008976031619996],""has_data"":true,""last_update_ts"":1784119728.194304,""raw"":[18301,16889,12174]},""pinky"":{""age_s"":0.009160995483398438,""channels"":3,""force"":[-1.02580395185627,-0.7465546509000012],""has_data"":true,""last_update_ts"":1784119728.194304,""raw"":[17422,15288,17700]},""ring"":{""age_s"":0.009160995483398438,""channels"":3,""force"":[0.2864944495343682,0.25754747807999756],""has_data"":true,""last_update_ts"":1784119728.194304,""raw"":[15794,16390,15628]},""thumb"":{""age_s"":0.009160995483398438,""channels"":3,""force"":[0.0,-2.220446049250313e-16],""has_data"":true,""last_update_ts"":1784119728.194304,""raw"":[0,0,0]}}","{""ble"":{""connection_state"":""connected"",""counter"":1054016,""finger_order"":""DexterController.Visualizer"",""last_error"":null,""last_sample_age_s"":0.009190206998027861,""reconnect_count"":0,""sample_hz"":20.0,""sample_sequence"":233,""timestamp_us"":10693036672},""fingers"":{""index"":{""has_data"":true,""last_update_ts"":1784119728.194304,""mapped"":true},""middle"":{""has_data"":true,""last_update_ts"":1784119728.194304,""mapped"":true},""pinky"":{""has_data"":true,""last_update_ts"":1784119728.194304,""mapped"":true},""ring"":{""has_data"":true,""last_update_ts"":1784119728.194304,""mapped"":true},""thumb"":{""has_data"":true,""last_update_ts"":1784119728.194304,""mapped"":true}},""ports"":{""available"":[""BLE:Dexter""],""unavailable"":[]}}"
1784119728.253578,1784119728.2534554,235,ble,"{""index"":{""age_s"":0.00915074348449707,""channels"":3,""force"":[-0.4081103819709355,-4.235934437430002],""has_data"":true,""last_update_ts"":1784119728.2443047,""raw"":[15116,14267,22323]},""middle"":{""age_s"":0.00915074348449707,""channels"":3,""force"":[-0.6926820499647981,2.6917596873899985],""has_data"":true,""last_update_ts"":1784119728.2443047,""raw"":[18134,16693,12564]},""pinky"":{""age_s"":0.00915074348449707,""channels"":3,""force"":[-1.020516302619896,-0.7412815883100023],""has_data"":true,""last_update_ts"":1784119728.2443047,""raw"":[17415,15292,17689]},""ring"":{""age_s"":0.00915074348449707,""channels"":3,""force"":[0.2816874956831228,0.2564373596399987],""has_data"":true,""last_update_ts"":1784119728.2443047,""raw"":[15795,16381,15626]},""thumb"":{""age_s"":0.00915074348449707,""channels"":3,""force"":[0.0,-2.220446049250313e-16],""has_data"":true,""last_update_ts"":1784119728.2443047,""raw"":[0,0,0]}}","{""ble"":{""connection_state"":""connected"",""counter"":1054022,""finger_order"":""DexterController.Visualizer"",""last_error"":null,""last_sample_age_s"":0.009177723986795172,""reconnect_count"":0,""sample_hz"":20.0,""sample_sequence"":234,""timestamp_us"":10693093216},""fingers"":{""index"":{""has_data"":true,""last_update_ts"":1784119728.2443047,""mapped"":true},""middle"":{""has_data"":true,""last_update_ts"":1784119728.2443047,""mapped"":true},""pinky"":{""has_data"":true,""last_update_ts"":1784119728.2443047,""mapped"":true},""ring"":{""has_data"":true,""last_update_ts"":1784119728.2443047,""mapped"":true},""thumb"":{""has_data"":true,""last_update_ts"":1784119728.2443047,""mapped"":true}},""ports"":{""available"":[""BLE:Dexter""],""unavailable"":[]}}"
1784119728.3036294,1784119728.3035088,236,ble,"{""index"":{""age_s"":0.009208202362060547,""channels"":3,""force"":[-0.3153361726418531,-3.674492036400001],""has_data"":true,""last_update_ts"":1784119728.2943006,""raw"":[15330,14674,21622]},""middle"":{""age_s"":0.009208202362060547,""channels"":3,""force"":[-0.6580719822358176,2.440317860729997],""has_data"":true,""last_update_ts"":1784119728.2943006,""raw"":[17974,16605,12893]},""pinky"":{""age_s"":0.009208202362060547,""channels"":3,""force"":[-1.0181128256942777,-0.7448894732400015],""has_data"":true,""last_update_ts"":1784119728.2943006,""raw"":[17421,15303,17704]},""ring"":{""age_s"":0.009208202362060547,""channels"":3,""force"":[0.2754384556765004,0.2483890009499996],""has_data"":true,""last_update_ts"":1784119728.2943006,""raw"":[15791,16364,15630]},""thumb"":{""age_s"":0.009208202362060547,""channels"":3,""force"":[0.0,-2.220446049250313e-16],""has_data"":true,""last_update_ts"":1784119728.2943006,""raw"":[0,0,0]}}","{""ble"":{""connection_state"":""connected"",""counter"":1054027,""finger_order"":""DexterController.Visualizer"",""last_error"":null,""last_sample_age_s"":0.009233534990926273,""reconnect_count"":0,""sample_hz"":20.0,""sample_sequence"":235,""timestamp_us"":10693140256},""fingers"":{""index"":{""has_data"":true,""last_update_ts"":1784119728.2943006,""mapped"":true},""middle"":{""has_data"":true,""last_update_ts"":1784119728.2943006,""mapped"":true},""pinky"":{""has_data"":true,""last_update_ts"":1784119728.2943006,""mapped"":true},""ring"":{""has_data"":true,""last_update_ts"":1784119728.2943006,""mapped"":true},""thumb"":{""has_data"":true,""last_update_ts"":1784119728.2943006,""mapped"":true}},""ports"":{""available"":[""BLE:Dexter""],""unavailable"":[]}}"
1784119728.3535872,1784119728.3534641,237,ble,"{""index"":{""age_s"":0.009163856506347656,""channels"":3,""force"":[-0.32158521264847373,-2.234390890110002],""has_data"":true,""last_update_ts"":1784119728.3443003,""raw"":[16141,15472,19832]},""middle"":{""age_s"":0.009163856506347656,""channels"":3,""force"":[-0.585006283696849,2.0523314659499965],""has_data"":true,""last_update_ts"":1784119728.3443003,""raw"":[17696,16479,13390]},""pinky"":{""age_s"":0.009163856506347656,""channels"":3,""force"":[-1.02580395185627,-0.7471097101200019],""has_data"":true,""last_update_ts"":1784119728.3443003,""raw"":[17419,15285,17698]},""ring"":{""age_s"":0.009163856506347656,""channels"":3,""force"":[0.281687495683121,0.2586575965199991],""has_data"":true,""last_update_ts"":1784119728.3443003,""raw"":[15799,16385,15626]},""thumb"":{""age_s"":0.009163856506347656,""channels"":3,""force"":[0.0,-2.220446049250313e-16],""has_data"":true,""last_update_ts"":1784119728.3443003,""raw"":[0,0,0]}}","{""ble"":{""connection_state"":""connected"",""counter"":1054032,""finger_order"":""DexterController.Visualizer"",""last_error"":null,""last_sample_age_s"":0.00919071800308302,""reconnect_count"":0,""sample_hz"":20.0,""sample_sequence"":236,""timestamp_us"":10693187328},""fingers"":{""index"":{""has_data"":true,""last_update_ts"":1784119728.3443003,""mapped"":true},""middle"":{""has_data"":true,""last_update_ts"":1784119728.3443003,""mapped"":true},""pinky"":{""has_data"":true,""last_update_ts"":1784119728.3443003,""mapped"":true},""ring"":{""has_data"":true,""last_update_ts"":1784119728.3443003,""mapped"":true},""thumb"":{""has_data"":true,""last_update_ts"":1784119728.3443003,""mapped"":true}},""ports"":{""available"":[""BLE:Dexter""],""unavailable"":[]}}"
1784119728.4035838,1784119728.4034636,238,ble,"{""index"":{""age_s"":0.00916290283203125,""channels"":3,""force"":[-0.3691740557758276,-1.0668238208400016],""has_data"":true,""last_update_ts"":1784119728.3943007,""raw"":[16859,16091,18397]},""middle"":{""age_s"":0.00916290283203125,""channels"":3,""force"":[-0.3230272988038472,1.7278993518599979],""has_data"":true,""last_update_ts"":1784119728.3943007,""raw"":[17263,16591,13814]},""pinky"":{""age_s"":0.00916290283203125,""channels"":3,""force"":[-1.016670739538899,-0.7540479503700013],""has_data"":true,""last_update_ts"":1784119728.3943007,""raw"":[17406,15291,17707]},""ring"":{""age_s"":0.00916290283203125,""channels"":3,""force"":[0.2759191510616201,0.2519968858799988],""has_data"":true,""last_update_ts"":1784119728.3943007,""raw"":[15792,16366,15625]},""thumb"":{""age_s"":0.00916290283203125,""channels"":3,""force"":[0.0,-2.220446049250313e-16],""has_data"":true,""last_update_ts"":1784119728.3943007,""raw"":[0,0,0]}}","{""ble"":{""connection_state"":""connected"",""counter"":1054038,""finger_order"":""DexterController.Visualizer"",""last_error"":null,""last_sample_age_s"":0.0091884739958914,""reconnect_count"":0,""sample_hz"":20.0,""sample_sequence"":237,""timestamp_us"":10693243840},""fingers"":{""index"":{""has_data"":true,""last_update_ts"":1784119728.3943007,""mapped"":true},""middle"":{""has_data"":true,""last_update_ts"":1784119728.3943007,""mapped"":true},""pinky"":{""has_data"":true,""last_update_ts"":1784119728.3943007,""mapped"":true},""ring"":{""has_data"":true,""last_update_ts"":1784119728.3943007,""mapped"":true},""thumb"":{""has_data"":true,""last_update_ts"":1784119728.3943007,""mapped"":true}},""ports"":{""available"":[""BLE:Dexter""],""unavailable"":[]}}"
1784119728.4536316,1784119728.453482,239,ble,"{""index"":{""age_s"":0.009174823760986328,""channels"":3,""force"":[-0.2850523633789912,-0.8023381025100011],""has_data"":true,""last_update_ts"":1784119728.444307,""raw"":[16884,16291,18033]},""middle"":{""age_s"":0.009174823760986328,""channels"":3,""force"":[-0.32543077572947254,1.6193852743499981],""has_data"":true,""last_update_ts"":1784119728.444307,""raw"":[17071,16394,13815]},""pinky"":{""age_s"":0.009174823760986328,""channels"":3,""force"":[1.2127944566698083,0.32443211408999506],""has_data"":true,""last_update_ts"":1784119728.444307,""raw"":[16736,19259,17413]},""ring"":{""age_s"":0.009174823760986328,""channels"":3,""force"":[0.3436972003642129,0.7201893379499982],""has_data"":true,""last_update_ts"":1784119728.444307,""raw"":[15730,16445,14790]},""thumb"":{""age_s"":0.009174823760986328,""channels"":3,""force"":[0.0,-2.220446049250313e-16],""has_data"":true,""last_update_ts"":1784119728.444307,""raw"":[0,0,0]}}","{""ble"":{""connection_state"":""connected"",""counter"":1054042,""finger_order"":""DexterController.Visualizer"",""last_error"":null,""last_sample_age_s"":0.009206937000271864,""reconnect_count"":0,""sample_hz"":20.0,""sample_sequence"":238,""timestamp_us"":10693281504},""fingers"":{""index"":{""has_data"":true,""last_update_ts"":1784119728.444307,""mapped"":true},""middle"":{""has_data"":true,""last_update_ts"":1784119728.444307,""mapped"":true},""pinky"":{""has_data"":true,""last_update_ts"":1784119728.444307,""mapped"":true},""ring"":{""has_data"":true,""last_update_ts"":1784119728.444307,""mapped"":true},""thumb"":{""has_data"":true,""last_update_ts"":1784119728.444307,""mapped"":true}},""ports"":{""available"":[""BLE:Dexter""],""unavailable"":[]}}"
1784119728.503587,1784119728.5034642,240,ble,"{""index"":{""age_s"":0.009163856506347656,""channels"":3,""force"":[-0.27495776029137353,-0.7887391516200024],""has_data"":true,""last_update_ts"":1784119728.4943004,""raw"":[16910,16338,18045]},""middle"":{""age_s"":0.009163856506347656,""channels"":3,""force"":[-0.31149060956085606,1.4864485911599985],""has_data"":true,""last_update_ts"":1784119728.4943004,""raw"":[17109,16461,14107]},""pinky"":{""age_s"":0.009163856506347656,""channels"":3,""force"":[-1.014747957998404,-0.7435018251900027],""has_data"":true,""last_update_ts"":1784119728.4943004,""raw"":[17417,15306,17701]},""ring"":{""age_s"":0.009163856506347656,""channels"":3,""force"":[0.27543845567649683,0.2461687640700001],""has_data"":true,""last_update_ts"":1784119728.4943004,""raw"":[15792,16365,15635]},""thumb"":{""age_s"":0.009163856506347656,""channels"":3,""force"":[0.0,-2.220446049250313e-16],""has_data"":true,""last_update_ts"":1784119728.4943004,""raw"":[0,0,0]}}","{""ble"":{""connection_state"":""connected"",""counter"":1054043,""finger_order"":""DexterController.Visualizer"",""last_error"":null,""last_sample_age_s"":0.009190318000037223,""reconnect_count"":0,""sample_hz"":20.0,""sample_sequence"":239,""timestamp_us"":10693290880},""fingers"":{""index"":{""has_data"":true,""last_update_ts"":1784119728.4943004,""mapped"":true},""middle"":{""has_data"":true,""last_update_ts"":1784119728.4943004,""mapped"":true},""pinky"":{""has_data"":true,""last_update_ts"":1784119728.4943004,""mapped"":true},""ring"":{""has_data"":true,""last_update_ts"":1784119728.4943004,""mapped"":true},""thumb"":{""has_data"":true,""last_update_ts"":1784119728.4943004,""mapped"":true}},""ports"":{""available"":[""BLE:Dexter""],""unavailable"":[]}}"
1784119728.5535996,1784119728.5534568,241,ble,"{""index"":{""age_s"":0.009152412414550781,""channels"":3,""force"":[-0.27255428336574816,-0.6291596258700034],""has_data"":true,""last_update_ts"":1784119728.5443044,""raw"":[17003,16436,17853]},""middle"":{""age_s"":0.009152412414550781,""channels"":3,""force"":[-0.2812068002979924,1.2558214852499967],""has_data"":true,""last_update_ts"":1784119728.5443044,""raw"":[16922,16337,14367]},""pinky"":{""age_s"":0.009152412414550781,""channels"":3,""force"":[-1.0234004749306482,-0.7501625358300021],""has_data"":true,""last_update_ts"":1784119728.5443044,""raw"":[17421,15292,17708]},""ring"":{""age_s"":0.009152412414550781,""channels"":3,""force"":[0.2754384556765004,0.24783394172999973],""has_data"":true,""last_update_ts"":1784119728.5443044,""raw"":[15791,16364,15631]},""thumb"":{""age_s"":0.009152412414550781,""channels"":3,""force"":[0.0,-2.220446049250313e-16],""has_data"":true,""last_update_ts"":1784119728.5443044,""raw"":[0,0,0]}}","{""ble"":{""connection_state"":""connected"",""counter"":1054056,""finger_order"":""DexterController.Visualizer"",""last_error"":null,""last_sample_age_s"":0.009181400993838906,""reconnect_count"":0,""sample_hz"":20.0,""sample_sequence"":240,""timestamp_us"":10693413248},""fingers"":{""index"":{""has_data"":true,""last_update_ts"":1784119728.5443044,""mapped"":true},""middle"":{""has_data"":true,""last_update_ts"":1784119728.5443044,""mapped"":true},""pinky"":{""has_data"":true,""last_update_ts"":1784119728.5443044,""mapped"":true},""ring"":{""has_data"":true,""last_update_ts"":1784119728.5443044,""mapped"":true},""thumb"":{""has_data"":true,""last_update_ts"":1784119728.5443044,""mapped"":true}},""ports"":{""available"":[""BLE:Dexter""],""unavailable"":[]}}"
1784119728.603587,1784119728.603462,242,ble,"{""index"":{""age_s"":0.009157180786132812,""channels"":3,""force"":[-0.2614982895078768,-0.6105651420000013],""has_data"":true,""last_update_ts"":1784119728.5943048,""raw"":[16999,16455,17827]},""middle"":{""age_s"":0.009157180786132812,""channels"":3,""force"":[-0.2903400126153617,1.2511034818799986],""has_data"":true,""last_update_ts"":1784119728.5943048,""raw"":[16931,16327,14375]},""pinky"":{""age_s"":0.009157180786132812,""channels"":3,""force"":[-1.018112825694276,-0.750440065440003],""has_data"":true,""last_update_ts"":1784119728.5943048,""raw"":[17412,15294,17705]},""ring"":{""age_s"":0.009157180786132812,""channels"":3,""force"":[0.27928401875749387,0.24894406016999593],""has_data"":true,""last_update_ts"":1784119728.5943048,""raw"":[15786,16367,15628]},""thumb"":{""age_s"":0.009157180786132812,""channels"":3,""force"":[0.0,-2.220446049250313e-16],""has_data"":true,""last_update_ts"":1784119728.5943048,""raw"":[0,0,0]}}","{""ble"":{""connection_state"":""connected"",""counter"":1054058,""finger_order"":""DexterController.Visualizer"",""last_error"":null,""last_sample_age_s"":0.009183443995425478,""reconnect_count"":0,""sample_hz"":20.0,""sample_sequence"":241,""timestamp_us"":10693432000},""fingers"":{""index"":{""has_data"":true,""last_update_ts"":1784119728.5943048,""mapped"":true},""middle"":{""has_data"":true,""last_update_ts"":1784119728.5943048,""mapped"":true},""pinky"":{""has_data"":true,""last_update_ts"":1784119728.5943048,""mapped"":true},""ring"":{""has_data"":true,""last_update_ts"":1784119728.5943048,""mapped"":true},""thumb"":{""has_data"":true,""last_update_ts"":1784119728.5943048,""mapped"":true}},""ports"":{""available"":[""BLE:Dexter""],""unavailable"":[]}}"
1784119728.6536164,1784119728.6534672,243,ble,"{""index"":{""age_s"":0.009163141250610352,""channels"":3,""force"":[-0.2509229910351305,-0.5422928579400024],""has_data"":true,""last_update_ts"":1784119728.644304,""raw"":[17030,16508,17746]},""middle"":{""age_s"":0.009163141250610352,""channels"":3,""force"":[-0.37109683731632614,1.2377820605999998],""has_data"":true,""last_update_ts"":1784119728.644304,""raw"":[17013,16241,14397]},""pinky"":{""age_s"":0.009163141250610352,""channels"":3,""force"":[-1.0200356072347745,-0.7509951246600011],""has_data"":true,""last_update_ts"":1784119728.644304,""raw"":[17420,15298,17712]},""ring"":{""age_s"":0.009163141250610352,""channels"":3,""force"":[0.2744770649062449,0.2506092378299982],""has_data"":true,""last_update_ts"":1784119728.644304,""raw"":[15796,16367,15630]},""thumb"":{""age_s"":0.009163141250610352,""channels"":3,""force"":[0.0,-2.220446049250313e-16],""has_data"":true,""last_update_ts"":1784119728.644304,""raw"":[0,0,0]}}","{""ble"":{""connection_state"":""connected"",""counter"":1054065,""finger_order"":""DexterController.Visualizer"",""last_error"":null,""last_sample_age_s"":0.009194163998472504,""reconnect_count"":0,""sample_hz"":20.0,""sample_sequence"":242,""timestamp_us"":10693497888},""fingers"":{""index"":{""has_data"":true,""last_update_ts"":1784119728.644304,""mapped"":true},""middle"":{""has_data"":true,""last_update_ts"":1784119728.644304,""mapped"":true},""pinky"":{""has_data"":true,""last_update_ts"":1784119728.644304,""mapped"":true},""ring"":{""has_data"":true,""last_update_ts"":1784119728.644304,""mapped"":true},""thumb"":{""has_data"":true,""last_update_ts"":1784119728.644304,""mapped"":true}},""ports"":{""available"":[""BLE:Dexter""],""unavailable"":[]}}"
1784119728.7035878,1784119728.703464,244,ble,"{""index"":{""age_s"":0.00915980339050293,""channels"":3,""force"":[-0.24659673256901016,-0.5309141439300022],""has_data"":true,""last_update_ts"":1784119728.6943042,""raw"":[17033,16520,17733]},""middle"":{""age_s"":0.00915980339050293,""channels"":3,""force"":[-0.41051385889655734,1.1672895396599987],""has_data"":true,""last_update_ts"":1784119728.6943042,""raw"":[17022,16168,14492]},""pinky"":{""age_s"":0.00915980339050293,""channels"":3,""force"":[-1.0190742164645243,-0.7415591179200032],""has_data"":true,""last_update_ts"":1784119728.6943042,""raw"":[17412,15292,17688]},""ring"":{""age_s"":0.00915980339050293,""channels"":3,""force"":[0.28168749568311924,0.25754747807999845],""has_data"":true,""last_update_ts"":1784119728.6943042,""raw"":[15794,16380,15623]},""thumb"":{""age_s"":0.00915980339050293,""channels"":3,""force"":[0.0,-2.220446049250313e-16],""has_data"":true,""last_update_ts"":1784119728.6943042,""raw"":[0,0,0]}}","{""ble"":{""connection_state"":""connected"",""counter"":1054069,""finger_order"":""DexterController.Visualizer"",""last_error"":null,""last_sample_age_s"":0.009185728995362297,""reconnect_count"":0,""sample_hz"":20.0,""sample_sequence"":243,""timestamp_us"":10693535584},""fingers"":{""index"":{""has_data"":true,""last_update_ts"":1784119728.6943042,""mapped"":true},""middle"":{""has_data"":true,""last_update_ts"":1784119728.6943042,""mapped"":true},""pinky"":{""has_data"":true,""last_update_ts"":1784119728.6943042,""mapped"":true},""ring"":{""has_data"":true,""last_update_ts"":1784119728.6943042,""mapped"":true},""thumb"":{""has_data"":true,""last_update_ts"":1784119728.6943042,""mapped"":true}},""ports"":{""available"":[""BLE:Dexter""],""unavailable"":[]}}"
1784119728.7535787,1784119728.7534573,245,ble,"{""index"":{""age_s"":0.009152889251708984,""channels"":3,""force"":[-0.13122984013906347,-0.500940946050001],""has_data"":true,""last_update_ts"":1784119728.7443044,""raw"":[16912,16639,17678]},""middle"":{""age_s"":0.009152889251708984,""channels"":3,""force"":[-0.2980311387773611,0.4729104554399992],""has_data"":true,""last_update_ts"":1784119728.7443044,""raw"":[16505,15885,15343]},""pinky"":{""age_s"":0.009152889251708984,""channels"":3,""force"":[-1.0224390841603963,-0.751272654270001],""has_data"":true,""last_update_ts"":1784119728.7443044,""raw"":[17414,15287,17704]},""ring"":{""age_s"":0.009152889251708984,""channels"":3,""force"":[0.2768805418318703,0.24811147133999967],""has_data"":true,""last_update_ts"":1784119728.7443044,""raw"":[15790,16366,15631]},""thumb"":{""age_s"":0.009152889251708984,""channels"":3,""force"":[0.0,-2.220446049250313e-16],""has_data"":true,""last_update_ts"":1784119728.7443044,""raw"":[0,0,0]}}","{""ble"":{""connection_state"":""connected"",""counter"":1054075,""finger_order"":""DexterController.Visualizer"",""last_error"":null,""last_sample_age_s"":0.009179308006423526,""reconnect_count"":0,""sample_hz"":20.0,""sample_sequence"":244,""timestamp_us"":10693592000},""fingers"":{""index"":{""has_data"":true,""last_update_ts"":1784119728.7443044,""mapped"":true},""middle"":{""has_data"":true,""last_update_ts"":1784119728.7443044,""mapped"":true},""pinky"":{""has_data"":true,""last_update_ts"":1784119728.7443044,""mapped"":true},""ring"":{""has_data"":true,""last_update_ts"":1784119728.7443044,""mapped"":true},""thumb"":{""has_data"":true,""last_update_ts"":1784119728.7443044,""mapped"":true}},""ports"":{""available"":[""BLE:Dexter""],""unavailable"":[]}}"
1784119728.8035896,1784119728.803465,246,ble,"{""index"":{""age_s"":0.009160518646240234,""channels"":3,""force"":[0.03797493542485775,0.017484365429996984],""has_data"":true,""last_update_ts"":1784119728.7943044,""raw"":[17044,17123,17052]},""middle"":{""age_s"":0.009160518646240234,""channels"":3,""force"":[-0.2860137541492396,-0.46208680065000074],""has_data"":true,""last_update_ts"":1784119728.7943044,""raw"":[15951,15356,16486]},""pinky"":{""age_s"":0.009160518646240234,""channels"":3,""force"":[-1.025323256471145,-0.7507175950500029],""has_data"":true,""last_update_ts"":1784119728.7943044,""raw"":[17419,15286,17705]},""ring"":{""age_s"":0.009160518646240234,""channels"":3,""force"":[0.2778419326021222,0.24866653055999866],""has_data"":true,""last_update_ts"":1784119728.7943044,""raw"":[15791,16369,15632]},""thumb"":{""age_s"":0.009160518646240234,""channels"":3,""force"":[0.0,-2.220446049250313e-16],""has_data"":true,""last_update_ts"":1784119728.7943044,""raw"":[0,0,0]}}","{""ble"":{""connection_state"":""connected"",""counter"":1054080,""finger_order"":""DexterController.Visualizer"",""last_error"":null,""last_sample_age_s"":0.009187691990518942,""reconnect_count"":0,""sample_hz"":20.0,""sample_sequence"":245,""timestamp_us"":10693639040},""fingers"":{""index"":{""has_data"":true,""last_update_ts"":1784119728.7943044,""mapped"":true},""middle"":{""has_data"":true,""last_update_ts"":1784119728.7943044,""mapped"":true},""pinky"":{""has_data"":true,""last_update_ts"":1784119728.7943044,""mapped"":true},""ring"":{""has_data"":true,""last_update_ts"":1784119728.7943044,""mapped"":true},""thumb"":{""has_data"":true,""last_update_ts"":1784119728.7943044,""mapped"":true}},""ports"":{""available"":[""BLE:Dexter""],""unavailable"":[]}}"
1784119728.8535664,1784119728.8534539,247,ble,"{""index"":{""age_s"":0.009153366088867188,""channels"":3,""force"":[0.1480541786184304,0.8753283899399973],""has_data"":true,""last_update_ts"":1784119728.8443005,""raw"":[17410,17718,15987]},""middle"":{""age_s"":0.009153366088867188,""channels"":3,""force"":[-0.362925015769207,-1.7365027697700004],""has_data"":true,""last_update_ts"":1784119728.8443005,""raw"":[15330,14575,18081]},""pinky"":{""age_s"":0.009153366088867188,""channels"":3,""force"":[-1.0229197795455214,-0.7476647693400036],""has_data"":true,""last_update_ts"":1784119728.8443005,""raw"":[17418,15290,17701]},""ring"":{""age_s"":0.009153366088867188,""channels"":3,""force"":[0.2754384556764986,0.2506092378299982],""has_data"":true,""last_update_ts"":1784119728.8443005,""raw"":[15795,16368,15630]},""thumb"":{""age_s"":0.009153366088867188,""channels"":3,""force"":[0.0,-2.220446049250313e-16],""has_data"":true,""last_update_ts"":1784119728.8443005,""raw"":[0,0,0]}}","{""ble"":{""connection_state"":""connected"",""counter"":1054086,""finger_order"":""DexterController.Visualizer"",""last_error"":null,""last_sample_age_s"":0.009178324995446019,""reconnect_count"":0,""sample_hz"":20.0,""sample_sequence"":246,""timestamp_us"":10693695456},""fingers"":{""index"":{""has_data"":true,""last_update_ts"":1784119728.8443005,""mapped"":true},""middle"":{""has_data"":true,""last_update_ts"":1784119728.8443005,""mapped"":true},""pinky"":{""has_data"":true,""last_update_ts"":1784119728.8443005,""mapped"":true},""ring"":{""has_data"":true,""last_update_ts"":1784119728.8443005,""mapped"":true},""thumb"":{""has_data"":true,""last_update_ts"":1784119728.8443005,""mapped"":true}},""ports"":{""available"":[""BLE:Dexter""],""unavailable"":[]}}"
1784119728.903596,1784119728.9034579,248,ble,"{""index"":{""age_s"":0.009157419204711914,""channels"":3,""force"":[0.21198666484002793,1.3307544799499977],""has_data"":true,""last_update_ts"":1784119728.8943005,""raw"":[17581,18022,15404]},""middle"":{""age_s"":0.009157419204711914,""channels"":3,""force"":[-0.3638864065394545,-2.70064063491],""has_data"":true,""last_update_ts"":1784119728.8943005,""raw"":[14599,13842,19086]},""pinky"":{""age_s"":0.009157419204711914,""channels"":3,""force"":[1.9525846543768388,0.6127853788799982],""has_data"":true,""last_update_ts"":1784119728.8943005,""raw"":[16351,20413,17278]},""ring"":{""age_s"":0.009157419204711914,""channels"":3,""force"":[0.2999539203178614,0.8892048704399986],""has_data"":true,""last_update_ts"":1784119728.8943005,""raw"":[15749,16373,14459]},""thumb"":{""age_s"":0.009157419204711914,""channels"":3,""force"":[0.0,-2.220446049250313e-16],""has_data"":true,""last_update_ts"":1784119728.8943005,""raw"":[0,0,0]}}","{""ble"":{""connection_state"":""connected"",""counter"":1054091,""finger_order"":""DexterController.Visualizer"",""last_error"":null,""last_sample_age_s"":0.009187001007376239,""reconnect_count"":0,""sample_hz"":20.0,""sample_sequence"":247,""timestamp_us"":10693742432},""fingers"":{""index"":{""has_data"":true,""last_update_ts"":1784119728.8943005,""mapped"":true},""middle"":{""has_data"":true,""last_update_ts"":1784119728.8943005,""mapped"":true},""pinky"":{""has_data"":true,""last_update_ts"":1784119728.8943005,""mapped"":true},""ring"":{""has_data"":true,""last_update_ts"":1784119728.8943005,""mapped"":true},""thumb"":{""has_data"":true,""last_update_ts"":1784119728.8943005,""mapped"":true}},""ports"":{""available"":[""BLE:Dexter""],""unavailable"":[]}}"
1784119728.9535658,1784119728.953454,249,ble,"{""index"":{""age_s"":0.009153127670288086,""channels"":3,""force"":[0.35667597576258103,1.7134678121399975],""has_data"":true,""last_update_ts"":1784119728.944301,""raw"":[17701,18443,14985]},""middle"":{""age_s"":0.009153127670288086,""channels"":3,""force"":[-0.36292501576920433,-3.0331211076900013],""has_data"":true,""last_update_ts"":1784119728.944301,""raw"":[14567,13812,19654]},""pinky"":{""age_s"":0.009153127670288086,""channels"":3,""force"":[-1.0224390841603963,-0.7479422989500017],""has_data"":true,""last_update_ts"":1784119728.944301,""raw"":[17418,15291,17702]},""ring"":{""age_s"":0.009153127670288086,""channels"":3,""force"":[0.27159289259549624,0.25060923782999733],""has_data"":true,""last_update_ts"":1784119728.944301,""raw"":[15802,16367,15633]},""thumb"":{""age_s"":0.009153127670288086,""channels"":3,""force"":[0.0,-2.220446049250313e-16],""has_data"":true,""last_update_ts"":1784119728.944301,""raw"":[0,0,0]}}","{""ble"":{""connection_state"":""connected"",""counter"":1054096,""finger_order"":""DexterController.Visualizer"",""last_error"":null,""last_sample_age_s"":0.00917838500754442,""reconnect_count"":0,""sample_hz"":20.0,""sample_sequence"":248,""timestamp_us"":10693789440},""fingers"":{""index"":{""has_data"":true,""last_update_ts"":1784119728.944301,""mapped"":true},""middle"":{""has_data"":true,""last_update_ts"":1784119728.944301,""mapped"":true},""pinky"":{""has_data"":true,""last_update_ts"":1784119728.944301,""mapped"":true},""ring"":{""has_data"":true,""last_update_ts"":1784119728.944301,""mapped"":true},""thumb"":{""has_data"":true,""last_update_ts"":1784119728.944301,""mapped"":true}},""ports"":{""available"":[""BLE:Dexter""],""unavailable"":[]}}"
1784119729.0036113,1784119729.0034616,250,ble,"{""index"":{""age_s"":0.009160995483398438,""channels"":3,""force"":[0.5138633666983843,1.787568218009997],""has_data"":true,""last_update_ts"":1784119728.9943006,""raw"":[17575,18644,14889]},""middle"":{""age_s"":0.009160995483398438,""channels"":3,""force"":[-0.3086064372501047,-3.388636538100001],""has_data"":true,""last_update_ts"":1784119728.9943006,""raw"":[14312,13670,20096]},""pinky"":{""age_s"":0.009160995483398438,""channels"":3,""force"":[-1.0248425610860235,-0.7487748877800007],""has_data"":true,""last_update_ts"":1784119728.9943006,""raw"":[17421,15289,17704]},""ring"":{""age_s"":0.009160995483398438,""channels"":3,""force"":[0.27351567413599476,0.24783394173000062],""has_data"":true,""last_update_ts"":1784119728.9943006,""raw"":[15797,16366,15635]},""thumb"":{""age_s"":0.009160995483398438,""channels"":3,""force"":[0.0,-2.220446049250313e-16],""has_data"":true,""last_update_ts"":1784119728.9943006,""raw"":[0,0,0]}}","{""ble"":{""connection_state"":""connected"",""counter"":1054102,""finger_order"":""DexterController.Visualizer"",""last_error"":null,""last_sample_age_s"":0.009191611999995075,""reconnect_count"":0,""sample_hz"":20.0,""sample_sequence"":249,""timestamp_us"":10693845888},""fingers"":{""index"":{""has_data"":true,""last_update_ts"":1784119728.9943006,""mapped"":true},""middle"":{""has_data"":true,""last_update_ts"":1784119728.9943006,""mapped"":true},""pinky"":{""has_data"":true,""last_update_ts"":1784119728.9943006,""mapped"":true},""ring"":{""has_data"":true,""last_update_ts"":1784119728.9943006,""mapped"":true},""thumb"":{""has_data"":true,""last_update_ts"":1784119728.9943006,""mapped"":true}},""ports"":{""available"":[""BLE:Dexter""],""unavailable"":[]}}"
1784119729.0536964,1784119729.053475,251,ble,"{""index"":{""age_s"":0.009166717529296875,""channels"":3,""force"":[0.5403016128802474,1.8022772873399981],""has_data"":true,""last_update_ts"":1784119729.0443082,""raw"":[17552,18676,14867]},""middle"":{""age_s"":0.009166717529296875,""channels"":3,""force"":[-0.3114906095608543,-3.44025704556],""has_data"":true,""last_update_ts"":1784119729.0443082,""raw"":[14285,13637,20159]},""pinky"":{""age_s"":0.009166717529296875,""channels"":3,""force"":[-1.0243618657008984,-0.7451670028499997],""has_data"":true,""last_update_ts"":1784119729.0443082,""raw"":[17417,15286,17694]},""ring"":{""age_s"":0.009166717529296875,""channels"":3,""force"":[0.2744770649062449,0.25005417860999835],""has_data"":true,""last_update_ts"":1784119729.0443082,""raw"":[15796,16367,15631]},""thumb"":{""age_s"":0.009166717529296875,""channels"":3,""force"":[0.0,-2.220446049250313e-16],""has_data"":true,""last_update_ts"":1784119729.0443082,""raw"":[0,0,0]}}","{""ble"":{""connection_state"":""connected"",""counter"":1054104,""finger_order"":""DexterController.Visualizer"",""last_error"":null,""last_sample_age_s"":0.009208817995386198,""reconnect_count"":0,""sample_hz"":20.0,""sample_sequence"":250,""timestamp_us"":10693864800},""fingers"":{""index"":{""has_data"":true,""last_update_ts"":1784119729.0443082,""mapped"":true},""middle"":{""has_data"":true,""last_update_ts"":1784119729.0443082,""mapped"":true},""pinky"":{""has_data"":true,""last_update_ts"":1784119729.0443082,""mapped"":true},""ring"":{""has_data"":true,""last_update_ts"":1784119729.0443082,""mapped"":true},""thumb"":{""has_data"":true,""last_update_ts"":1784119729.0443082,""mapped"":true}},""ports"":{""available"":[""BLE:Dexter""],""unavailable"":[]}}"
1784119729.103605,1784119729.1034582,252,ble,"{""index"":{""age_s"":0.009154081344604492,""channels"":3,""force"":[0.681145360721807,1.7020890981299992],""has_data"":true,""last_update_ts"":1784119729.094304,""raw"":[17339,18756,14981]},""middle"":{""age_s"":0.009154081344604492,""channels"":3,""force"":[-0.34706206806008844,-3.5928983310600024],""has_data"":true,""last_update_ts"":1784119729.094304,""raw"":[14262,13540,20374]},""pinky"":{""age_s"":0.009154081344604492,""channels"":3,""force"":[-1.017151434924024,-0.7454445324600032],""has_data"":true,""last_update_ts"":1784119729.094304,""raw"":[17416,15300,17701]},""ring"":{""age_s"":0.009154081344604492,""channels"":3,""force"":[0.2773612372169936,0.24838900094999872],""has_data"":true,""last_update_ts"":1784119729.094304,""raw"":[15785,16362,15626]},""thumb"":{""age_s"":0.009154081344604492,""channels"":3,""force"":[0.0,-2.220446049250313e-16],""has_data"":true,""last_update_ts"":1784119729.094304,""raw"":[0,0,0]}}","{""ble"":{""connection_state"":""connected"",""counter"":1054113,""finger_order"":""DexterController.Visualizer"",""last_error"":null,""last_sample_age_s"":0.009185284987324849,""reconnect_count"":0,""sample_hz"":20.0,""sample_sequence"":251,""timestamp_us"":10693949696},""fingers"":{""index"":{""has_data"":true,""last_update_ts"":1784119729.094304,""mapped"":true},""middle"":{""has_data"":true,""last_update_ts"":1784119729.094304,""mapped"":true},""pinky"":{""has_data"":true,""last_update_ts"":1784119729.094304,""mapped"":true},""ring"":{""has_data"":true,""last_update_ts"":1784119729.094304,""mapped"":true},""thumb"":{""has_data"":true,""last_update_ts"":1784119729.094304,""mapped"":true}},""ports"":{""available"":[""BLE:Dexter""],""unavailable"":[]}}"
1784119729.1535587,1784119729.153448,253,ble,"{""index"":{""age_s"":0.009139537811279297,""channels"":3,""force"":[0.7383481115516553,1.6468607057399973],""has_data"":true,""last_update_ts"":1784119729.1443086,""raw"":[17239,18775,15040]},""middle"":{""age_s"":0.009139537811279297,""channels"":3,""force"":[-0.3850370034849453,-3.6570076709700015],""has_data"":true,""last_update_ts"":1784119729.1443086,""raw"":[14286,13485,20474]},""pinky"":{""age_s"":0.009139537811279297,""channels"":3,""force"":[-1.0238811703157715,-0.747109710120001],""has_data"":true,""last_update_ts"":1784119729.1443086,""raw"":[17414,15284,17695]},""ring"":{""age_s"":0.009139537811279297,""channels"":3,""force"":[0.28553305876411805,0.25921265573999897],""has_data"":true,""last_update_ts"":1784119729.1443086,""raw"":[15796,16390,15626]},""thumb"":{""age_s"":0.009139537811279297,""channels"":3,""force"":[0.0,-2.220446049250313e-16],""has_data"":true,""last_update_ts"":1784119729.1443086,""raw"":[0,0,0]}}","{""ble"":{""connection_state"":""connected"",""counter"":1054117,""finger_order"":""DexterController.Visualizer"",""last_error"":null,""last_sample_age_s"":0.00916564000362996,""reconnect_count"":0,""sample_hz"":20.0,""sample_sequence"":252,""timestamp_us"":10693987264},""fingers"":{""index"":{""has_data"":true,""last_update_ts"":1784119729.1443086,""mapped"":true},""middle"":{""has_data"":true,""last_update_ts"":1784119729.1443086,""mapped"":true},""pinky"":{""has_data"":true,""last_update_ts"":1784119729.1443086,""mapped"":true},""ring"":{""has_data"":true,""last_update_ts"":1784119729.1443086,""mapped"":true},""thumb"":{""has_data"":true,""last_update_ts"":1784119729.1443086,""mapped"":true}},""ports"":{""available"":[""BLE:Dexter""],""unavailable"":[]}}"
1784119729.2035801,1784119729.203458,254,ble,"{""index"":{""age_s"":0.009144783020019531,""channels"":3,""force"":[0.7864176500641342,1.4298325507199978],""has_data"":true,""last_update_ts"":1784119729.1943133,""raw"":[17065,18701,15307]},""middle"":{""age_s"":0.009144783020019531,""channels"":3,""force"":[-0.4590640927941587,-3.49215508263],""has_data"":true,""last_update_ts"":1784119729.1943133,""raw"":[14465,13510,20279]},""pinky"":{""age_s"":0.009144783020019531,""channels"":3,""force"":[-1.0176321303091491,-0.7435018251899992],""has_data"":true,""last_update_ts"":1784119729.1943133,""raw"":[17410,15293,17691]},""ring"":{""age_s"":0.009144783020019531,""channels"":3,""force"":[0.2855330587641163,0.25810253729999655],""has_data"":true,""last_update_ts"":1784119729.1943133,""raw"":[15792,16386,15624]},""thumb"":{""age_s"":0.009144783020019531,""channels"":3,""force"":[0.0,-2.220446049250313e-16],""has_data"":true,""last_update_ts"":1784119729.1943133,""raw"":[0,0,0]}}","{""ble"":{""connection_state"":""connected"",""counter"":1054123,""finger_order"":""DexterController.Visualizer"",""last_error"":null,""last_sample_age_s"":0.009172923004371114,""reconnect_count"":0,""sample_hz"":20.0,""sample_sequence"":253,""timestamp_us"":10694043680},""fingers"":{""index"":{""has_data"":true,""last_update_ts"":1784119729.1943133,""mapped"":true},""middle"":{""has_data"":true,""last_update_ts"":1784119729.1943133,""mapped"":true},""pinky"":{""has_data"":true,""last_update_ts"":1784119729.1943133,""mapped"":true},""ring"":{""has_data"":true,""last_update_ts"":1784119729.1943133,""mapped"":true},""thumb"":{""has_data"":true,""last_update_ts"":1784119729.1943133,""mapped"":true}},""ports"":{""available"":[""BLE:Dexter""],""unavailable"":[]}}"
1784119729.2535875,1784119729.253464,255,ble,"{""index"":{""age_s"":0.009159326553344727,""channels"":3,""force"":[0.727772813078909,0.9558119768399989],""has_data"":true,""last_update_ts"":1784119729.2443047,""raw"":[16870,18384,15905]},""middle"":{""age_s"":0.009159326553344727,""channels"":3,""force"":[-0.5725082036836078,-2.4625202295300017],""has_data"":true,""last_update_ts"":1784119729.2443047,""raw"":[15148,13957,18989]},""pinky"":{""age_s"":0.009159326553344727,""channels"":3,""force"":[-1.022439084160398,-0.7468321805100011],""has_data"":true,""last_update_ts"":1784119729.2443047,""raw"":[17420,15293,17702]},""ring"":{""age_s"":0.009159326553344727,""channels"":3,""force"":[0.27880332337237057,0.25088676743999905],""has_data"":true,""last_update_ts"":1784119729.2443047,""raw"":[15794,16374,15632]},""thumb"":{""age_s"":0.009159326553344727,""channels"":3,""force"":[0.0,-2.220446049250313e-16],""has_data"":true,""last_update_ts"":1784119729.2443047,""raw"":[0,0,0]}}","{""ble"":{""connection_state"":""connected"",""counter"":1054128,""finger_order"":""DexterController.Visualizer"",""last_error"":null,""last_sample_age_s"":0.009186107010464184,""reconnect_count"":0,""sample_hz"":20.0,""sample_sequence"":254,""timestamp_us"":10694090848},""fingers"":{""index"":{""has_data"":true,""last_update_ts"":1784119729.2443047,""mapped"":true},""middle"":{""has_data"":true,""last_update_ts"":1784119729.2443047,""mapped"":true},""pinky"":{""has_data"":true,""last_update_ts"":1784119729.2443047,""mapped"":true},""ring"":{""has_data"":true,""last_update_ts"":1784119729.2443047,""mapped"":true},""thumb"":{""has_data"":true,""last_update_ts"":1784119729.2443047,""mapped"":true}},""ports"":{""available"":[""BLE:Dexter""],""unavailable"":[]}}"
1784119729.3035884,1784119729.3034637,256,ble,"{""index"":{""age_s"":0.009158849716186523,""channels"":3,""force"":[0.5777958529199818,0.43516642847999787],""has_data"":true,""last_update_ts"":1784119729.2943048,""raw"":[16733,17935,16550]},""middle"":{""age_s"":0.009158849716186523,""channels"":3,""force"":[-0.6825874468771804,-1.049616985020001],""has_data"":true,""last_update_ts"":1784119729.2943048,""raw"":[16089,14669,17270]},""pinky"":{""age_s"":0.009158849716186523,""channels"":3,""force"":[-1.0243618657008984,-0.7484973581700007],""has_data"":true,""last_update_ts"":1784119729.2943048,""raw"":[17417,15286,17700]},""ring"":{""age_s"":0.009158849716186523,""channels"":3,""force"":[0.27736123721699535,0.2467238232899982],""has_data"":true,""last_update_ts"":1784119729.2943048,""raw"":[15792,16369,15636]},""thumb"":{""age_s"":0.009158849716186523,""channels"":3,""force"":[0.0,-2.220446049250313e-16],""has_data"":true,""last_update_ts"":1784119729.2943048,""raw"":[0,0,0]}}","{""ble"":{""connection_state"":""connected"",""counter"":1054132,""finger_order"":""DexterController.Visualizer"",""last_error"":null,""last_sample_age_s"":0.009185856994008645,""reconnect_count"":0,""sample_hz"":20.0,""sample_sequence"":255,""timestamp_us"":10694128480},""fingers"":{""index"":{""has_data"":true,""last_update_ts"":1784119729.2943048,""mapped"":true},""middle"":{""has_data"":true,""last_update_ts"":1784119729.2943048,""mapped"":true},""pinky"":{""has_data"":true,""last_update_ts"":1784119729.2943048,""mapped"":true},""ring"":{""has_data"":true,""last_update_ts"":1784119729.2943048,""mapped"":true},""thumb"":{""has_data"":true,""last_update_ts"":1784119729.2943048,""mapped"":true}},""ports"":{""available"":[""BLE:Dexter""],""unavailable"":[]}}"
1784119729.3536007,1784119729.3534648,257,ble,"{""index"":{""age_s"":0.009161233901977539,""channels"":3,""force"":[0.2744770649062467,-0.14681316369000097],""has_data"":true,""last_update_ts"":1784119729.3443036,""raw"":[16701,17272,17251]},""middle"":{""age_s"":0.009161233901977539,""channels"":3,""force"":[-0.5508769113529954,0.31638375539999775],""has_data"":true,""last_update_ts"":1784119729.3443036,""raw"":[16723,15577,15580]},""pinky"":{""age_s"":0.009161233901977539,""channels"":3,""force"":[-1.022439084160398,-0.7496074766099996],""has_data"":true,""last_update_ts"":1784119729.3443036,""raw"":[17416,15289,17703]},""ring"":{""age_s"":0.009161233901977539,""channels"":3,""force"":[0.2763998464467434,0.2489440601699986],""has_data"":true,""last_update_ts"":1784119729.3443036,""raw"":[15792,16367,15631]},""thumb"":{""age_s"":0.009161233901977539,""channels"":3,""force"":[0.0,-2.220446049250313e-16],""has_data"":true,""last_update_ts"":1784119729.3443036,""raw"":[0,0,0]}}","{""ble"":{""connection_state"":""connected"",""counter"":1054139,""finger_order"":""DexterController.Visualizer"",""last_error"":null,""last_sample_age_s"":0.009187760995700955,""reconnect_count"":0,""sample_hz"":20.0,""sample_sequence"":256,""timestamp_us"":10694194336},""fingers"":{""index"":{""has_data"":true,""last_update_ts"":1784119729.3443036,""mapped"":true},""middle"":{""has_data"":true,""last_update_ts"":1784119729.3443036,""mapped"":true},""pinky"":{""has_data"":true,""last_update_ts"":1784119729.3443036,""mapped"":true},""ring"":{""has_data"":true,""last_update_ts"":1784119729.3443036,""mapped"":true},""thumb"":{""has_data"":true,""last_update_ts"":1784119729.3443036,""mapped"":true}},""ports"":{""available"":[""BLE:Dexter""],""unavailable"":[]}}"
1784119729.4037294,1784119729.4034965,258,ble,"{""index"":{""age_s"":0.009182214736938477,""channels"":3,""force"":[-0.02451546464136456,-0.17734142079000303],""has_data"":true,""last_update_ts"":1784119729.3943143,""raw"":[17025,16974,17319]},""middle"":{""age_s"":0.009182214736938477,""channels"":3,""force"":[-0.38023004963369544,0.5481209797499966],""has_data"":true,""last_update_ts"":1784119729.3943143,""raw"":[16638,15847,15255]},""pinky"":{""age_s"":0.009182214736938477,""channels"":3,""force"":[-1.0315722964777692,-0.7515501838800027],""has_data"":true,""last_update_ts"":1784119729.3943143,""raw"":[17420,15274,17701]},""ring"":{""age_s"":0.009182214736938477,""channels"":3,""force"":[0.27351567413599476,0.24228334952999653],""has_data"":true,""last_update_ts"":1784119729.3943143,""raw"":[15798,16367,15646]},""thumb"":{""age_s"":0.009182214736938477,""channels"":3,""force"":[0.0,-2.220446049250313e-16],""has_data"":true,""last_update_ts"":1784119729.3943143,""raw"":[0,0,0]}}","{""ble"":{""connection_state"":""connected"",""counter"":1054144,""finger_order"":""DexterController.Visualizer"",""last_error"":null,""last_sample_age_s"":0.009224756999174133,""reconnect_count"":0,""sample_hz"":20.0,""sample_sequence"":257,""timestamp_us"":10694241280},""fingers"":{""index"":{""has_data"":true,""last_update_ts"":1784119729.3943143,""mapped"":true},""middle"":{""has_data"":true,""last_update_ts"":1784119729.3943143,""mapped"":true},""pinky"":{""has_data"":true,""last_update_ts"":1784119729.3943143,""mapped"":true},""ring"":{""has_data"":true,""last_update_ts"":1784119729.3943143,""mapped"":true},""thumb"":{""has_data"":true,""last_update_ts"":1784119729.3943143,""mapped"":true}},""ports"":{""available"":[""BLE:Dexter""],""unavailable"":[]}}"
1784119729.4535632,1784119729.4534464,259,ble,"{""index"":{""age_s"":0.009145498275756836,""channels"":3,""force"":[-0.14901556938868055,-0.18372460182000339],""has_data"":true,""last_update_ts"":1784119729.444301,""raw"":[17171,16861,17347]},""middle"":{""age_s"":0.009145498275756836,""channels"":3,""force"":[-0.4109945542816824,0.6313798627499985],""has_data"":true,""last_update_ts"":1784119729.444301,""raw"":[16704,15849,15139]},""pinky"":{""age_s"":0.009145498275756836,""channels"":3,""force"":[-1.0195549118496494,-0.7507175950500011],""has_data"":true,""last_update_ts"":1784119729.444301,""raw"":[17412,15291,17704]},""ring"":{""age_s"":0.009145498275756836,""channels"":3,""force"":[0.2759191510616237,0.24922158977999675],""has_data"":true,""last_update_ts"":1784119729.444301,""raw"":[15791,16365,15629]},""thumb"":{""age_s"":0.009145498275756836,""channels"":3,""force"":[0.0,-2.220446049250313e-16],""has_data"":true,""last_update_ts"":1784119729.444301,""raw"":[0,0,0]}}","{""ble"":{""connection_state"":""connected"",""counter"":1054149,""finger_order"":""DexterController.Visualizer"",""last_error"":null,""last_sample_age_s"":0.00917297400883399,""reconnect_count"":0,""sample_hz"":20.0,""sample_sequence"":258,""timestamp_us"":10694288384},""fingers"":{""index"":{""has_data"":true,""last_update_ts"":1784119729.444301,""mapped"":true},""middle"":{""has_data"":true,""last_update_ts"":1784119729.444301,""mapped"":true},""pinky"":{""has_data"":true,""last_update_ts"":1784119729.444301,""mapped"":true},""ring"":{""has_data"":true,""last_update_ts"":1784119729.444301,""mapped"":true},""thumb"":{""has_data"":true,""last_update_ts"":1784119729.444301,""mapped"":true}},""ports"":{""available"":[""BLE:Dexter""],""unavailable"":[]}}"
1784119729.5036972,1784119729.5034707,260,ble,"{""index"":{""age_s"":0.009153604507446289,""channels"":3,""force"":[-0.17305033864492003,-0.21480791814000177],""has_data"":true,""last_update_ts"":1784119729.494317,""raw"":[17171,16811,17378]},""middle"":{""age_s"":0.009153604507446289,""channels"":3,""force"":[-0.43358723738254845,0.7559906576399991],""has_data"":true,""last_update_ts"":1784119729.494317,""raw"":[16805,15903,14992]},""pinky"":{""age_s"":0.009153604507446289,""channels"":3,""force"":[-1.0195549118496476,-0.7423917067499994],""has_data"":true,""last_update_ts"":1784119729.494317,""raw"":[17414,15293,17691]},""ring"":{""age_s"":0.009153604507446289,""channels"":3,""force"":[0.2855330587641163,0.2614328926199976],""has_data"":true,""last_update_ts"":1784119729.494317,""raw"":[15793,16387,15619]},""thumb"":{""age_s"":0.009153604507446289,""channels"":3,""force"":[0.0,-2.220446049250313e-16],""has_data"":true,""last_update_ts"":1784119729.494317,""raw"":[0,0,0]}}","{""ble"":{""connection_state"":""connected"",""counter"":1054155,""finger_order"":""DexterController.Visualizer"",""last_error"":null,""last_sample_age_s"":0.009197628998663276,""reconnect_count"":0,""sample_hz"":20.0,""sample_sequence"":259,""timestamp_us"":10694344864},""fingers"":{""index"":{""has_data"":true,""last_update_ts"":1784119729.494317,""mapped"":true},""middle"":{""has_data"":true,""last_update_ts"":1784119729.494317,""mapped"":true},""pinky"":{""has_data"":true,""last_update_ts"":1784119729.494317,""mapped"":true},""ring"":{""has_data"":true,""last_update_ts"":1784119729.494317,""mapped"":true},""thumb"":{""has_data"":true,""last_update_ts"":1784119729.494317,""mapped"":true}},""ports"":{""available"":[""BLE:Dexter""],""unavailable"":[]}}"
1784119729.5536015,1784119729.5534644,261,ble,"{""index"":{""age_s"":0.009163379669189453,""channels"":3,""force"":[-0.20189206175240493,-0.24200581992000192],""has_data"":true,""last_update_ts"":1784119729.544301,""raw"":[17184,16764,17410]},""middle"":{""age_s"":0.009163379669189453,""channels"":3,""force"":[-0.4499308804767903,0.8425798959599966],""has_data"":true,""last_update_ts"":1784119729.544301,""raw"":[16871,15935,14885]},""pinky"":{""age_s"":0.009163379669189453,""channels"":3,""force"":[-1.0205163026198996,-0.7462771212899995],""has_data"":true,""last_update_ts"":1784119729.544301,""raw"":[17413,15290,17696]},""ring"":{""age_s"":0.009163379669189453,""channels"":3,""force"":[0.2821681910682461,0.2600452445699952],""has_data"":true,""last_update_ts"":1784119729.544301,""raw"":[15795,16382,15620]},""thumb"":{""age_s"":0.009163379669189453,""channels"":3,""force"":[0.0,-2.220446049250313e-16],""has_data"":true,""last_update_ts"":1784119729.544301,""raw"":[0,0,0]}}","{""ble"":{""connection_state"":""connected"",""counter"":1054160,""finger_order"":""DexterController.Visualizer"",""last_error"":null,""last_sample_age_s"":0.009190115000819787,""reconnect_count"":0,""sample_hz"":20.0,""sample_sequence"":260,""timestamp_us"":10694391776},""fingers"":{""index"":{""has_data"":true,""last_update_ts"":1784119729.544301,""mapped"":true},""middle"":{""has_data"":true,""last_update_ts"":1784119729.544301,""mapped"":true},""pinky"":{""has_data"":true,""last_update_ts"":1784119729.544301,""mapped"":true},""ring"":{""has_data"":true,""last_update_ts"":1784119729.544301,""mapped"":true},""thumb"":{""has_data"":true,""last_update_ts"":1784119729.544301,""mapped"":true}},""ports"":{""available"":[""BLE:Dexter""],""unavailable"":[]}}"
1784119729.6036017,1784119729.6034675,262,ble,"{""index"":{""age_s"":0.009162187576293945,""channels"":3,""force"":[-0.2869751449194933,-0.33830859459000173],""has_data"":true,""last_update_ts"":1784119729.5943053,""raw"":[17235,16638,17546]},""middle"":{""age_s"":0.009162187576293945,""channels"":3,""force"":[-0.44896948970654016,0.9036364101599972],""has_data"":true,""last_update_ts"":1784119729.5943053,""raw"":[16909,15975,14814]},""pinky"":{""age_s"":0.009162187576293945,""channels"":3,""force"":[-1.0234004749306465,-0.7529378319300006],""has_data"":true,""last_update_ts"":1784119729.5943053,""raw"":[17414,15285,17706]},""ring"":{""age_s"":0.009162187576293945,""channels"":3,""force"":[0.2754384556764986,0.2511642970499963],""has_data"":true,""last_update_ts"":1784119729.5943053,""raw"":[15795,16368,15629]},""thumb"":{""age_s"":0.009162187576293945,""channels"":3,""force"":[0.0,-2.220446049250313e-16],""has_data"":true,""last_update_ts"":1784119729.5943053,""raw"":[0,0,0]}}","{""ble"":{""connection_state"":""connected"",""counter"":1054165,""finger_order"":""DexterController.Visualizer"",""last_error"":null,""last_sample_age_s"":0.009189734002575278,""reconnect_count"":0,""sample_hz"":20.0,""sample_sequence"":261,""timestamp_us"":10694438752},""fingers"":{""index"":{""has_data"":true,""last_update_ts"":1784119729.5943053,""mapped"":true},""middle"":{""has_data"":true,""last_update_ts"":1784119729.5943053,""mapped"":true},""pinky"":{""has_data"":true,""last_update_ts"":1784119729.5943053,""mapped"":true},""ring"":{""has_data"":true,""last_update_ts"":1784119729.5943053,""mapped"":true},""thumb"":{""has_data"":true,""last_update_ts"":1784119729.5943053,""mapped"":true}},""ports"":{""available"":[""BLE:Dexter""],""unavailable"":[]}}"
1784119729.6535923,1784119729.653468,263,ble,"{""index"":{""age_s"":0.009162187576293945,""channels"":3,""force"":[-0.24851951410951045,-0.607512316290002],""has_data"":true,""last_update_ts"":1784119729.6443057,""raw"":[17035,16518,17871]},""middle"":{""age_s"":0.009162187576293945,""channels"":3,""force"":[-0.4388748866189207,0.9488737365899977],""has_data"":true,""last_update_ts"":1784119729.6443057,""raw"":[16929,16016,14763]},""pinky"":{""age_s"":0.009162187576293945,""channels"":3,""force"":[-1.0219583887752712,-0.7471097101200028],""has_data"":true,""last_update_ts"":1784119729.6443057,""raw"":[17415,15289,17698]},""ring"":{""age_s"":0.009162187576293945,""channels"":3,""force"":[0.2783226279872455,0.24561370484999845],""has_data"":true,""last_update_ts"":1784119729.6443057,""raw"":[15790,16369,15637]},""thumb"":{""age_s"":0.009162187576293945,""channels"":3,""force"":[0.0,-2.220446049250313e-16],""has_data"":true,""last_update_ts"":1784119729.6443057,""raw"":[0,0,0]}}","{""ble"":{""connection_state"":""connected"",""counter"":1054171,""finger_order"":""DexterController.Visualizer"",""last_error"":null,""last_sample_age_s"":0.009190143988234922,""reconnect_count"":0,""sample_hz"":20.0,""sample_sequence"":262,""timestamp_us"":10694495168},""fingers"":{""index"":{""has_data"":true,""last_update_ts"":1784119729.6443057,""mapped"":true},""middle"":{""has_data"":true,""last_update_ts"":1784119729.6443057,""mapped"":true},""pinky"":{""has_data"":true,""last_update_ts"":1784119729.6443057,""mapped"":true},""ring"":{""has_data"":true,""last_update_ts"":1784119729.6443057,""mapped"":true},""thumb"":{""has_data"":true,""last_update_ts"":1784119729.6443057,""mapped"":true}},""ports"":{""available"":[""BLE:Dexter""],""unavailable"":[]}}"
1784119729.7035935,1784119729.7034638,264,ble,"{""index"":{""age_s"":0.009157896041870117,""channels"":3,""force"":[-0.09517768625470424,-1.1539681183800043],""has_data"":true,""last_update_ts"":1784119729.694306,""raw"":[16515,16317,18495]},""middle"":{""age_s"":0.009157896041870117,""channels"":3,""force"":[-0.595100886784472,1.3876480499999975],""has_data"":true,""last_update_ts"":1784119729.694306,""raw"":[17231,15993,14112]},""pinky"":{""age_s"":0.009157896041870117,""channels"":3,""force"":[1.3041265798435138,0.3616210818299974],""has_data"":true,""last_update_ts"":1784119729.694306,""raw"":[16692,19405,17397]},""ring"":{""age_s"":0.009157896041870117,""channels"":3,""force"":[0.3331219018914684,0.7307354631299976],""has_data"":true,""last_update_ts"":1784119729.694306,""raw"":[15731,16424,14761]},""thumb"":{""age_s"":0.009157896041870117,""channels"":3,""force"":[0.0,-2.220446049250313e-16],""has_data"":true,""last_update_ts"":1784119729.694306,""raw"":[0,0,0]}}","{""ble"":{""connection_state"":""connected"",""counter"":1054176,""finger_order"":""DexterController.Visualizer"",""last_error"":null,""last_sample_age_s"":0.009186337993014604,""reconnect_count"":0,""sample_hz"":20.0,""sample_sequence"":263,""timestamp_us"":10694542080},""fingers"":{""index"":{""has_data"":true,""last_update_ts"":1784119729.694306,""mapped"":true},""middle"":{""has_data"":true,""last_update_ts"":1784119729.694306,""mapped"":true},""pinky"":{""has_data"":true,""last_update_ts"":1784119729.694306,""mapped"":true},""ring"":{""has_data"":true,""last_update_ts"":1784119729.694306,""mapped"":true},""thumb"":{""has_data"":true,""last_update_ts"":1784119729.694306,""mapped"":true}},""ports"":{""available"":[""BLE:Dexter""],""unavailable"":[]}}"
1784119729.7535865,1784119729.7534544,265,ble,"{""index"":{""age_s"":0.009148597717285156,""channels"":3,""force"":[-0.09133212317370898,-1.8755451043800004],""has_data"":true,""last_update_ts"":1784119729.7443058,""raw"":[16100,15910,19384]},""middle"":{""age_s"":0.009148597717285156,""channels"":3,""force"":[-0.8412169239683553,1.6718383706399988],""has_data"":true,""last_update_ts"":1784119729.7443058,""raw"":[17810,16060,13923]},""pinky"":{""age_s"":0.009148597717285156,""channels"":3,""force"":[-1.021477693390148,-0.7440568844100008],""has_data"":true,""last_update_ts"":1784119729.7443058,""raw"":[17416,15291,17694]},""ring"":{""age_s"":0.009148597717285156,""channels"":3,""force"":[0.28216819106824254,0.25671488924999686],""has_data"":true,""last_update_ts"":1784119729.7443058,""raw"":[15793,16380,15624]},""thumb"":{""age_s"":0.009148597717285156,""channels"":3,""force"":[0.0,-2.220446049250313e-16],""has_data"":true,""last_update_ts"":1784119729.7443058,""raw"":[0,0,0]}}","{""ble"":{""connection_state"":""connected"",""counter"":1054181,""finger_order"":""DexterController.Visualizer"",""last_error"":null,""last_sample_age_s"":0.009175598999718204,""reconnect_count"":0,""sample_hz"":20.0,""sample_sequence"":264,""timestamp_us"":10694589120},""fingers"":{""index"":{""has_data"":true,""last_update_ts"":1784119729.7443058,""mapped"":true},""middle"":{""has_data"":true,""last_update_ts"":1784119729.7443058,""mapped"":true},""pinky"":{""has_data"":true,""last_update_ts"":1784119729.7443058,""mapped"":true},""ring"":{""has_data"":true,""last_update_ts"":1784119729.7443058,""mapped"":true},""thumb"":{""has_data"":true,""last_update_ts"":1784119729.7443058,""mapped"":true}},""ports"":{""available"":[""BLE:Dexter""],""unavailable"":[]}}"
1784119729.8035913,1784119729.803457,266,ble,"{""index"":{""age_s"":0.009151697158813477,""channels"":3,""force"":[-0.1345947078349372,-2.7408824283600026],""has_data"":true,""last_update_ts"":1784119729.7943053,""raw"":[15634,15354,20432]},""middle"":{""age_s"":0.009151697158813477,""channels"":3,""force"":[-1.086371570381992,2.0520539363399974],""has_data"":true,""last_update_ts"":1784119729.7943053,""raw"":[18282,16022,13455]},""pinky"":{""age_s"":0.009151697158813477,""channels"":3,""force"":[-1.020516302619896,-0.742946765970002],""has_data"":true,""last_update_ts"":1784119729.7943053,""raw"":[17415,15292,17692]},""ring"":{""age_s"":0.009151697158813477,""channels"":3,""force"":[0.2864944495343664,0.25532724119999717],""has_data"":true,""last_update_ts"":1784119729.7943053,""raw"":[15787,16383,15625]},""thumb"":{""age_s"":0.009151697158813477,""channels"":3,""force"":[0.0,-2.220446049250313e-16],""has_data"":true,""last_update_ts"":1784119729.7943053,""raw"":[0,0,0]}}","{""ble"":{""connection_state"":""connected"",""counter"":1054187,""finger_order"":""DexterController.Visualizer"",""last_error"":null,""last_sample_age_s"":0.009178963999147527,""reconnect_count"":0,""sample_hz"":20.0,""sample_sequence"":265,""timestamp_us"":10694645472},""fingers"":{""index"":{""has_data"":true,""last_update_ts"":1784119729.7943053,""mapped"":true},""middle"":{""has_data"":true,""last_update_ts"":1784119729.7943053,""mapped"":true},""pinky"":{""has_data"":true,""last_update_ts"":1784119729.7943053,""mapped"":true},""ring"":{""has_data"":true,""last_update_ts"":1784119729.7943053,""mapped"":true},""thumb"":{""has_data"":true,""last_update_ts"":1784119729.7943053,""mapped"":true}},""ports"":{""available"":[""BLE:Dexter""],""unavailable"":[]}}"
1784119729.8535874,1784119729.8534565,267,ble,"{""index"":{""age_s"":0.009150505065917969,""channels"":3,""force"":[-0.13315262167956377,-3.3994601928900003],""has_data"":true,""last_update_ts"":1784119729.844306,""raw"":[15260,14983,21246]},""middle"":{""age_s"":0.009150505065917969,""channels"":3,""force"":[-1.2123137612846833,2.284623749519998],""has_data"":true,""last_update_ts"":1784119729.844306,""raw"":[18546,16024,13169]},""pinky"":{""age_s"":0.009150505065917969,""channels"":3,""force"":[-1.0286881241670187,-0.7498850062200022],""has_data"":true,""last_update_ts"":1784119729.844306,""raw"":[17419,15279,17700]},""ring"":{""age_s"":0.009150505065917969,""channels"":3,""force"":[0.2754384556765004,0.24949911938999758],""has_data"":true,""last_update_ts"":1784119729.844306,""raw"":[15791,16364,15628]},""thumb"":{""age_s"":0.009150505065917969,""channels"":3,""force"":[0.0,-2.220446049250313e-16],""has_data"":true,""last_update_ts"":1784119729.844306,""raw"":[0,0,0]}}","{""ble"":{""connection_state"":""connected"",""counter"":1054191,""finger_order"":""DexterController.Visualizer"",""last_error"":null,""last_sample_age_s"":0.009177390995319001,""reconnect_count"":0,""sample_hz"":20.0,""sample_sequence"":266,""timestamp_us"":10694683136},""fingers"":{""index"":{""has_data"":true,""last_update_ts"":1784119729.844306,""mapped"":true},""middle"":{""has_data"":true,""last_update_ts"":1784119729.844306,""mapped"":true},""pinky"":{""has_data"":true,""last_update_ts"":1784119729.844306,""mapped"":true},""ring"":{""has_data"":true,""last_update_ts"":1784119729.844306,""mapped"":true},""thumb"":{""has_data"":true,""last_update_ts"":1784119729.844306,""mapped"":true}},""ports"":{""available"":[""BLE:Dexter""],""unavailable"":[]}}"
1784119729.9035861,1784119729.9034588,268,ble,"{""index"":{""age_s"":0.009153127670288086,""channels"":3,""force"":[-0.06152900929597216,-3.7710723406800017],""has_data"":true,""last_update_ts"":1784119729.8943057,""raw"":[14948,14820,21678]},""middle"":{""age_s"":0.009153127670288086,""channels"":3,""force"":[-1.315182573701387,2.3773186392599976],""has_data"":true,""last_update_ts"":1784119729.8943057,""raw"":[18712,15976,13061]},""pinky"":{""age_s"":0.009153127670288086,""channels"":3,""force"":[-1.025323256471145,-0.7490524173900015],""has_data"":true,""last_update_ts"":1784119729.8943057,""raw"":[17419,15286,17702]},""ring"":{""age_s"":0.009153127670288086,""channels"":3,""force"":[0.2773612372169971,0.2461687640699992],""has_data"":true,""last_update_ts"":1784119729.8943057,""raw"":[15786,16363,15631]},""thumb"":{""age_s"":0.009153127670288086,""channels"":3,""force"":[0.0,-2.220446049250313e-16],""has_data"":true,""last_update_ts"":1784119729.8943057,""raw"":[0,0,0]}}","{""ble"":{""connection_state"":""connected"",""counter"":1054196,""finger_order"":""DexterController.Visualizer"",""last_error"":null,""last_sample_age_s"":0.009177943007671274,""reconnect_count"":0,""sample_hz"":20.0,""sample_sequence"":267,""timestamp_us"":10694730144},""fingers"":{""index"":{""has_data"":true,""last_update_ts"":1784119729.8943057,""mapped"":true},""middle"":{""has_data"":true,""last_update_ts"":1784119729.8943057,""mapped"":true},""pinky"":{""has_data"":true,""last_update_ts"":1784119729.8943057,""mapped"":true},""ring"":{""has_data"":true,""last_update_ts"":1784119729.8943057,""mapped"":true},""thumb"":{""has_data"":true,""last_update_ts"":1784119729.8943057,""mapped"":true}},""ports"":{""available"":[""BLE:Dexter""],""unavailable"":[]}}"
1784119729.9535902,1784119729.9534662,269,ble,"{""index"":{""age_s"":0.009160757064819336,""channels"":3,""force"":[-0.09517768625470602,-3.8360142694200015],""has_data"":true,""last_update_ts"":1784119729.9443054,""raw"":[14965,14767,21777]},""middle"":{""age_s"":0.009160757064819336,""channels"":3,""force"":[-1.4343950292123289,2.3773186392599976],""has_data"":true,""last_update_ts"":1784119729.9443054,""raw"":[18846,15862,13071]},""pinky"":{""age_s"":0.009160757064819336,""channels"":3,""force"":[-1.0190742164645226,-0.7465546508999994],""has_data"":true,""last_update_ts"":1784119729.9443054,""raw"":[17418,15298,17703]},""ring"":{""age_s"":0.009160757064819336,""channels"":3,""force"":[0.2778419326021222,0.2519968858799979],""has_data"":true,""last_update_ts"":1784119729.9443054,""raw"":[15791,16369,15626]},""thumb"":{""age_s"":0.009160757064819336,""channels"":3,""force"":[0.0,-2.220446049250313e-16],""has_data"":true,""last_update_ts"":1784119729.9443054,""raw"":[0,0,0]}}","{""ble"":{""connection_state"":""connected"",""counter"":1054201,""finger_order"":""DexterController.Visualizer"",""last_error"":null,""last_sample_age_s"":0.009187087998725474,""reconnect_count"":0,""sample_hz"":20.0,""sample_sequence"":268,""timestamp_us"":10694777312},""fingers"":{""index"":{""has_data"":true,""last_update_ts"":1784119729.9443054,""mapped"":true},""middle"":{""has_data"":true,""last_update_ts"":1784119729.9443054,""mapped"":true},""pinky"":{""has_data"":true,""last_update_ts"":1784119729.9443054,""mapped"":true},""ring"":{""has_data"":true,""last_update_ts"":1784119729.9443054,""mapped"":true},""thumb"":{""has_data"":true,""last_update_ts"":1784119729.9443054,""mapped"":true}},""ports"":{""available"":[""BLE:Dexter""],""unavailable"":[]}}"
1784119730.0036232,1784119730.003478,270,ble,"{""index"":{""age_s"":0.009171724319458008,""channels"":3,""force"":[-0.13363331706468706,-3.840454743180004],""has_data"":true,""last_update_ts"":1784119729.9943063,""raw"":[15025,14747,21805]},""middle"":{""age_s"":0.009171724319458008,""channels"":3,""force"":[-1.48775221696118,2.3614994514899985],""has_data"":true,""last_update_ts"":1784119729.9943063,""raw"":[18875,15780,13073]},""pinky"":{""age_s"":0.009171724319458008,""channels"":3,""force"":[-1.022439084160398,-0.7490524173900006],""has_data"":true,""last_update_ts"":1784119729.9943063,""raw"":[17420,15293,17706]},""ring"":{""age_s"":0.009171724319458008,""channels"":3,""force"":[0.2720735879806231,0.24922158977999764],""has_data"":true,""last_update_ts"":1784119729.9943063,""raw"":[15800,16366,15634]},""thumb"":{""age_s"":0.009171724319458008,""channels"":3,""force"":[0.0,-2.220446049250313e-16],""has_data"":true,""last_update_ts"":1784119729.9943063,""raw"":[0,0,0]}}","{""ble"":{""connection_state"":""connected"",""counter"":1054207,""finger_order"":""DexterController.Visualizer"",""last_error"":null,""last_sample_age_s"":0.009204001995385624,""reconnect_count"":0,""sample_hz"":20.0,""sample_sequence"":269,""timestamp_us"":10694833792},""fingers"":{""index"":{""has_data"":true,""last_update_ts"":1784119729.9943063,""mapped"":true},""middle"":{""has_data"":true,""last_update_ts"":1784119729.9943063,""mapped"":true},""pinky"":{""has_data"":true,""last_update_ts"":1784119729.9943063,""mapped"":true},""ring"":{""has_data"":true,""last_update_ts"":1784119729.9943063,""mapped"":true},""thumb"":{""has_data"":true,""last_update_ts"":1784119729.9943063,""mapped"":true}},""ports"":{""available"":[""BLE:Dexter""],""unavailable"":[]}}"
1784119730.053618,1784119730.0534585,271,ble,"{""index"":{""age_s"":0.00915217399597168,""channels"":3,""force"":[-0.09902324933570483,-3.9109472641200016],""has_data"":true,""last_update_ts"":1784119730.0443063,""raw"":[14926,14720,21869]},""middle"":{""age_s"":0.00915217399597168,""channels"":3,""force"":[-1.5103449000620426,2.4294942059399975],""has_data"":true,""last_update_ts"":1784119730.0443063,""raw"":[18817,15675,12869]},""pinky"":{""age_s"":0.00915217399597168,""channels"":3,""force"":[0.7715160931252623,0.13293668318999785],""has_data"":true,""last_update_ts"":1784119730.0443063,""raw"":[16920,18525,17483]},""ring"":{""age_s"":0.00915217399597168,""channels"":3,""force"":[0.3547531942220843,0.6150056157599977],""has_data"":true,""last_update_ts"":1784119730.0443063,""raw"":[15714,16452,14975]},""thumb"":{""age_s"":0.00915217399597168,""channels"":3,""force"":[0.0,-2.220446049250313e-16],""has_data"":true,""last_update_ts"":1784119730.0443063,""raw"":[0,0,0]}}","{""ble"":{""connection_state"":""connected"",""counter"":1054212,""finger_order"":""DexterController.Visualizer"",""last_error"":null,""last_sample_age_s"":0.009184702998027205,""reconnect_count"":0,""sample_hz"":20.0,""sample_sequence"":270,""timestamp_us"":10694880832},""fingers"":{""index"":{""has_data"":true,""last_update_ts"":1784119730.0443063,""mapped"":true},""middle"":{""has_data"":true,""last_update_ts"":1784119730.0443063,""mapped"":true},""pinky"":{""has_data"":true,""last_update_ts"":1784119730.0443063,""mapped"":true},""ring"":{""has_data"":true,""last_update_ts"":1784119730.0443063,""mapped"":true},""thumb"":{""has_data"":true,""last_update_ts"":1784119730.0443063,""mapped"":true}},""ports"":{""available"":[""BLE:Dexter""],""unavailable"":[]}}"
1784119730.103588,1784119730.10345,272,ble,"{""index"":{""age_s"":0.00914454460144043,""channels"":3,""force"":[-0.07787265239021224,-4.010302864500001],""has_data"":true,""last_update_ts"":1784119730.0943055,""raw"":[14874,14712,22018]},""middle"":{""age_s"":0.00914454460144043,""channels"":3,""force"":[-1.5084221185215458,2.320702598819998],""has_data"":true,""last_update_ts"":1784119730.0943055,""raw"":[18863,15725,13113]},""pinky"":{""age_s"":0.00914454460144043,""channels"":3,""force"":[-1.025323256471145,-0.7529378319300042],""has_data"":true,""last_update_ts"":1784119730.0943055,""raw"":[17423,15290,17713]},""ring"":{""age_s"":0.00914454460144043,""channels"":3,""force"":[0.2759191510616201,0.24700135289999814],""has_data"":true,""last_update_ts"":1784119730.0943055,""raw"":[15792,16366,15634]},""thumb"":{""age_s"":0.00914454460144043,""channels"":3,""force"":[0.0,-2.220446049250313e-16],""has_data"":true,""last_update_ts"":1784119730.0943055,""raw"":[0,0,0]}}","{""ble"":{""connection_state"":""connected"",""counter"":1054214,""finger_order"":""DexterController.Visualizer"",""last_error"":null,""last_sample_age_s"":0.009173893005936407,""reconnect_count"":0,""sample_hz"":20.0,""sample_sequence"":271,""timestamp_us"":10694899616},""fingers"":{""index"":{""has_data"":true,""last_update_ts"":1784119730.0943055,""mapped"":true},""middle"":{""has_data"":true,""last_update_ts"":1784119730.0943055,""mapped"":true},""pinky"":{""has_data"":true,""last_update_ts"":1784119730.0943055,""mapped"":true},""ring"":{""has_data"":true,""last_update_ts"":1784119730.0943055,""mapped"":true},""thumb"":{""has_data"":true,""last_update_ts"":1784119730.0943055,""mapped"":true}},""ports"":{""available"":[""BLE:Dexter""],""unavailable"":[]}}"
1784119730.1536052,1784119730.1534603,273,ble,"{""index"":{""age_s"":0.009153127670288086,""channels"":3,""force"":[-0.026918941566988153,-4.084125740760002],""has_data"":true,""last_update_ts"":1784119730.1443071,""raw"":[14773,14717,22103]},""middle"":{""age_s"":0.009153127670288086,""channels"":3,""force"":[-1.513709767757918,2.315984595449998],""has_data"":true,""last_update_ts"":1784119730.1443071,""raw"":[18871,15722,13124]},""pinky"":{""age_s"":0.009153127670288086,""channels"":3,""force"":[-1.0248425610860217,-0.7482198285600026],""has_data"":true,""last_update_ts"":1784119730.1443071,""raw"":[17416,15284,17698]},""ring"":{""age_s"":0.009153127670288086,""channels"":3,""force"":[0.27736123721699535,0.24561370485000023],""has_data"":true,""last_update_ts"":1784119730.1443071,""raw"":[15793,16370,15639]},""thumb"":{""age_s"":0.009153127670288086,""channels"":3,""force"":[0.0,-2.220446049250313e-16],""has_data"":true,""last_update_ts"":1784119730.1443071,""raw"":[0,0,0]}}","{""ble"":{""connection_state"":""connected"",""counter"":1054224,""finger_order"":""DexterController.Visualizer"",""last_error"":null,""last_sample_age_s"":0.009184352005831897,""reconnect_count"":0,""sample_hz"":20.0,""sample_sequence"":272,""timestamp_us"":10694994016},""fingers"":{""index"":{""has_data"":true,""last_update_ts"":1784119730.1443071,""mapped"":true},""middle"":{""has_data"":true,""last_update_ts"":1784119730.1443071,""mapped"":true},""pinky"":{""has_data"":true,""last_update_ts"":1784119730.1443071,""mapped"":true},""ring"":{""has_data"":true,""last_update_ts"":1784119730.1443071,""mapped"":true},""thumb"":{""has_data"":true,""last_update_ts"":1784119730.1443071,""mapped"":true}},""ports"":{""available"":[""BLE:Dexter""],""unavailable"":[]}}"
1784119730.203595,1784119730.2034595,274,ble,"{""index"":{""age_s"":0.009152412414550781,""channels"":3,""force"":[-0.021150596945489042,-4.10022245814],""has_data"":true,""last_update_ts"":1784119730.194307,""raw"":[14743,14699,22108]},""middle"":{""age_s"":0.009152412414550781,""channels"":3,""force"":[-1.5151518539132915,2.3467903821599974],""has_data"":true,""last_update_ts"":1784119730.194307,""raw"":[18858,15706,13054]},""pinky"":{""age_s"":0.009152412414550781,""channels"":3,""force"":[-0.44079766815941923,-0.4687475112900019],""has_data"":true,""last_update_ts"":1784119730.194307,""raw"":[17248,16331,17634]},""ring"":{""age_s"":0.009152412414550781,""channels"":3,""force"":[0.3004346157029847,0.37161214778999874],""has_data"":true,""last_update_ts"":1784119730.194307,""raw"":[15775,16400,15418]},""thumb"":{""age_s"":0.009152412414550781,""channels"":3,""force"":[0.0,-2.220446049250313e-16],""has_data"":true,""last_update_ts"":1784119730.194307,""raw"":[0,0,0]}}","{""ble"":{""connection_state"":""connected"",""counter"":1054227,""finger_order"":""DexterController.Visualizer"",""last_error"":null,""last_sample_age_s"":0.009184882990666665,""reconnect_count"":0,""sample_hz"":20.0,""sample_sequence"":273,""timestamp_us"":10695022080},""fingers"":{""index"":{""has_data"":true,""last_update_ts"":1784119730.194307,""mapped"":true},""middle"":{""has_data"":true,""last_update_ts"":1784119730.194307,""mapped"":true},""pinky"":{""has_data"":true,""last_update_ts"":1784119730.194307,""mapped"":true},""ring"":{""has_data"":true,""last_update_ts"":1784119730.194307,""mapped"":true},""thumb"":{""has_data"":true,""last_update_ts"":1784119730.194307,""mapped"":true}},""ports"":{""available"":[""BLE:Dexter""],""unavailable"":[]}}"
1784119730.2535954,1784119730.2534573,275,ble,"{""index"":{""age_s"":0.009150981903076172,""channels"":3,""force"":[-0.04278188927610316,-4.046104184189999],""has_data"":true,""last_update_ts"":1784119730.2443063,""raw"":[14798,14709,22043]},""middle"":{""age_s"":0.009150981903076172,""channels"":3,""force"":[-1.5319761923926603,2.2738000947299977],""has_data"":true,""last_update_ts"":1784119730.2443063,""raw"":[18875,15688,13185]},""pinky"":{""age_s"":0.009150981903076172,""channels"":3,""force"":[-1.0190742164645261,-0.7432242955799993],""has_data"":true,""last_update_ts"":1784119730.2443063,""raw"":[17417,15297,17696]},""ring"":{""age_s"":0.009150981903076172,""channels"":3,""force"":[0.2812068002979924,0.26115536300999853],""has_data"":true,""last_update_ts"":1784119730.2443063,""raw"":[15797,16382,15619]},""thumb"":{""age_s"":0.009150981903076172,""channels"":3,""force"":[0.0,-2.220446049250313e-16],""has_data"":true,""last_update_ts"":1784119730.2443063,""raw"":[0,0,0]}}","{""ble"":{""connection_state"":""connected"",""counter"":1054234,""finger_order"":""DexterController.Visualizer"",""last_error"":null,""last_sample_age_s"":0.0091823580005439,""reconnect_count"":0,""sample_hz"":20.0,""sample_sequence"":274,""timestamp_us"":10695088000},""fingers"":{""index"":{""has_data"":true,""last_update_ts"":1784119730.2443063,""mapped"":true},""middle"":{""has_data"":true,""last_update_ts"":1784119730.2443063,""mapped"":true},""pinky"":{""has_data"":true,""last_update_ts"":1784119730.2443063,""mapped"":true},""ring"":{""has_data"":true,""last_update_ts"":1784119730.2443063,""mapped"":true},""thumb"":{""has_data"":true,""last_update_ts"":1784119730.2443063,""mapped"":true}},""ports"":{""available"":[""BLE:Dexter""],""unavailable"":[]}}"
1784119730.3036714,1784119730.303507,276,ble,"{""index"":{""age_s"":0.009201288223266602,""channels"":3,""force"":[-0.009133212317371076,-3.8174197855500003],""has_data"":true,""last_update_ts"":1784119730.2943058,""raw"":[14887,14868,21755]},""middle"":{""age_s"":0.009201288223266602,""channels"":3,""force"":[-1.5064993369810473,2.2424392487999976],""has_data"":true,""last_update_ts"":1784119730.2943058,""raw"":[18839,15705,13232]},""pinky"":{""age_s"":0.009201288223266602,""channels"":3,""force"":[-1.0243618657008948,-0.751272654270001],""has_data"":true,""last_update_ts"":1784119730.2943058,""raw"":[17419,15288,17707]},""ring"":{""age_s"":0.009201288223266602,""channels"":3,""force"":[0.2754384556764986,0.2472788825099972],""has_data"":true,""last_update_ts"":1784119730.2943058,""raw"":[15795,16368,15636]},""thumb"":{""age_s"":0.009201288223266602,""channels"":3,""force"":[0.0,-2.220446049250313e-16],""has_data"":true,""last_update_ts"":1784119730.2943058,""raw"":[0,0,0]}}","{""ble"":{""connection_state"":""connected"",""counter"":1054238,""finger_order"":""DexterController.Visualizer"",""last_error"":null,""last_sample_age_s"":0.009232639000401832,""reconnect_count"":0,""sample_hz"":20.0,""sample_sequence"":275,""timestamp_us"":10695125568},""fingers"":{""index"":{""has_data"":true,""last_update_ts"":1784119730.2943058,""mapped"":true},""middle"":{""has_data"":true,""last_update_ts"":1784119730.2943058,""mapped"":true},""pinky"":{""has_data"":true,""last_update_ts"":1784119730.2943058,""mapped"":true},""ring"":{""has_data"":true,""last_update_ts"":1784119730.2943058,""mapped"":true},""thumb"":{""has_data"":true,""last_update_ts"":1784119730.2943058,""mapped"":true}},""ports"":{""available"":[""BLE:Dexter""],""unavailable"":[]}}"
1784119730.3536177,1784119730.3534696,277,ble,"{""index"":{""age_s"":0.009164810180664062,""channels"":3,""force"":[-0.009133212317372852,-3.6731043883500014],""has_data"":true,""last_update_ts"":1784119730.3443048,""raw"":[14968,14949,21576]},""middle"":{""age_s"":0.009164810180664062,""channels"":3,""force"":[-1.4935205615826774,2.2277301794699973],""has_data"":true,""last_update_ts"":1784119730.3443048,""raw"":[18821,15714,13254]},""pinky"":{""age_s"":0.009164810180664062,""channels"":3,""force"":[-1.0205163026198996,-0.7468321805100011],""has_data"":true,""last_update_ts"":1784119730.3443048,""raw"":[17413,15290,17697]},""ring"":{""age_s"":0.009164810180664062,""channels"":3,""force"":[0.2783226279872437,0.25227441548999874],""has_data"":true,""last_update_ts"":1784119730.3443048,""raw"":[15796,16375,15631]},""thumb"":{""age_s"":0.009164810180664062,""channels"":3,""force"":[0.0,-2.220446049250313e-16],""has_data"":true,""last_update_ts"":1784119730.3443048,""raw"":[0,0,0]}}","{""ble"":{""connection_state"":""connected"",""counter"":1054239,""finger_order"":""DexterController.Visualizer"",""last_error"":null,""last_sample_age_s"":0.009196814004098997,""reconnect_count"":0,""sample_hz"":20.0,""sample_sequence"":276,""timestamp_us"":10695135040},""fingers"":{""index"":{""has_data"":true,""last_update_ts"":1784119730.3443048,""mapped"":true},""middle"":{""has_data"":true,""last_update_ts"":1784119730.3443048,""mapped"":true},""pinky"":{""has_data"":true,""last_update_ts"":1784119730.3443048,""mapped"":true},""ring"":{""has_data"":true,""last_update_ts"":1784119730.3443048,""mapped"":true},""thumb"":{""has_data"":true,""last_update_ts"":1784119730.3443048,""mapped"":true}},""ports"":{""available"":[""BLE:Dexter""],""unavailable"":[]}}"
1784119730.403604,1784119730.4034615,278,ble,"{""index"":{""age_s"":0.009158134460449219,""channels"":3,""force"":[-0.18602911404328815,-1.4134583037300015],""has_data"":true,""last_update_ts"":1784119730.3943033,""raw"":[16447,16060,18800]},""middle"":{""age_s"":0.009158134460449219,""channels"":3,""force"":[-0.7397901977070287,1.7725816190699994],""has_data"":true,""last_update_ts"":1784119730.3943033,""raw"":[17780,16241,13817]},""pinky"":{""age_s"":0.009158134460449219,""channels"":3,""force"":[-1.02580395185627,-0.7459995916799995],""has_data"":true,""last_update_ts"":1784119730.3943033,""raw"":[17426,15292,17703]},""ring"":{""age_s"":0.009158134460449219,""channels"":3,""force"":[0.2759191510616219,0.2547721819799964],""has_data"":true,""last_update_ts"":1784119730.3943033,""raw"":[15800,16374,15628]},""thumb"":{""age_s"":0.009158134460449219,""channels"":3,""force"":[0.0,-2.220446049250313e-16],""has_data"":true,""last_update_ts"":1784119730.3943033,""raw"":[0,0,0]}}","{""ble"":{""connection_state"":""connected"",""counter"":1054251,""finger_order"":""DexterController.Visualizer"",""last_error"":null,""last_sample_age_s"":0.009189270989736542,""reconnect_count"":0,""sample_hz"":20.0,""sample_sequence"":277,""timestamp_us"":10695248288},""fingers"":{""index"":{""has_data"":true,""last_update_ts"":1784119730.3943033,""mapped"":true},""middle"":{""has_data"":true,""last_update_ts"":1784119730.3943033,""mapped"":true},""pinky"":{""has_data"":true,""last_update_ts"":1784119730.3943033,""mapped"":true},""ring"":{""has_data"":true,""last_update_ts"":1784119730.3943033,""mapped"":true},""thumb"":{""has_data"":true,""last_update_ts"":1784119730.3943033,""mapped"":true}},""ports"":{""available"":[""BLE:Dexter""],""unavailable"":[]}}"
1784119730.453617,1784119730.4534786,279,ble,"{""index"":{""age_s"":0.009173393249511719,""channels"":3,""force"":[-0.2191970956168987,-0.9646929243599995],""has_data"":true,""last_update_ts"":1784119730.4443052,""raw"":[16755,16299,18265]},""middle"":{""age_s"":0.009173393249511719,""channels"":3,""force"":[-0.5364560497992503,1.5003250716599972],""has_data"":true,""last_update_ts"":1784119730.4443052,""raw"":[17396,16280,14135]},""pinky"":{""age_s"":0.009173393249511719,""channels"":3,""force"":[-1.0248425610860217,-0.7454445324599996],""has_data"":true,""last_update_ts"":1784119730.4443052,""raw"":[17426,15294,17703]},""ring"":{""age_s"":0.009173393249511719,""channels"":3,""force"":[0.2744770649062449,0.25060923783],""has_data"":true,""last_update_ts"":1784119730.4443052,""raw"":[15797,16368,15631]},""thumb"":{""age_s"":0.009173393249511719,""channels"":3,""force"":[0.0,-2.220446049250313e-16],""has_data"":true,""last_update_ts"":1784119730.4443052,""raw"":[0,0,0]}}","{""ble"":{""connection_state"":""connected"",""counter"":1054254,""finger_order"":""DexterController.Visualizer"",""last_error"":null,""last_sample_age_s"":0.009203977009747177,""reconnect_count"":0,""sample_hz"":20.0,""sample_sequence"":278,""timestamp_us"":10695276320},""fingers"":{""index"":{""has_data"":true,""last_update_ts"":1784119730.4443052,""mapped"":true},""middle"":{""has_data"":true,""last_update_ts"":1784119730.4443052,""mapped"":true},""pinky"":{""has_data"":true,""last_update_ts"":1784119730.4443052,""mapped"":true},""ring"":{""has_data"":true,""last_update_ts"":1784119730.4443052,""mapped"":true},""thumb"":{""has_data"":true,""last_update_ts"":1784119730.4443052,""mapped"":true}},""ports"":{""available"":[""BLE:Dexter""],""unavailable"":[]}}"
1784119730.503603,1784119730.5034668,280,ble,"{""index"":{""age_s"":0.009161710739135742,""channels"":3,""force"":[-0.19468163097553415,-0.5847548882700027],""has_data"":true,""last_update_ts"":1784119730.4943051,""raw"":[16953,16548,17804]},""middle"":{""age_s"":0.009161710739135742,""channels"":3,""force"":[-0.33744816035759406,0.8836542782399981],""has_data"":true,""last_update_ts"":1784119730.4943051,""raw"":[16781,16079,14838]},""pinky"":{""age_s"":0.009161710739135742,""channels"":3,""force"":[-1.0209969980050246,-0.7459995916799995],""has_data"":true,""last_update_ts"":1784119730.4943051,""raw"":[17417,15293,17699]},""ring"":{""age_s"":0.009161710739135742,""channels"":3,""force"":[0.2884172310748667,0.25699241885999946],""has_data"":true,""last_update_ts"":1784119730.4943051,""raw"":[15794,16394,15631]},""thumb"":{""age_s"":0.009161710739135742,""channels"":3,""force"":[0.0,-2.220446049250313e-16],""has_data"":true,""last_update_ts"":1784119730.4943051,""raw"":[0,0,0]}}","{""ble"":{""connection_state"":""connected"",""counter"":1054260,""finger_order"":""DexterController.Visualizer"",""last_error"":null,""last_sample_age_s"":0.009193277001031674,""reconnect_count"":0,""sample_hz"":20.0,""sample_sequence"":279,""timestamp_us"":10695332768},""fingers"":{""index"":{""has_data"":true,""last_update_ts"":1784119730.4943051,""mapped"":true},""middle"":{""has_data"":true,""last_update_ts"":1784119730.4943051,""mapped"":true},""pinky"":{""has_data"":true,""last_update_ts"":1784119730.4943051,""mapped"":true},""ring"":{""has_data"":true,""last_update_ts"":1784119730.4943051,""mapped"":true},""thumb"":{""has_data"":true,""last_update_ts"":1784119730.4943051,""mapped"":true}},""ports"":{""available"":[""BLE:Dexter""],""unavailable"":[]}}"
1784119730.5536048,1784119730.5534718,281,ble,"{""index"":{""age_s"":0.009166955947875977,""channels"":3,""force"":[-0.17016616633417136,-0.3957572238600031],""has_data"":true,""last_update_ts"":1784119730.5443048,""raw"":[17049,16695,17585]},""middle"":{""age_s"":0.009166955947875977,""channels"":3,""force"":[-0.3052415695542354,0.6541372907699978],""has_data"":true,""last_update_ts"":1784119730.5443048,""raw"":[16603,15968,15107]},""pinky"":{""age_s"":0.009166955947875977,""channels"":3,""force"":[-1.0238811703157698,-0.7487748877800016],""has_data"":true,""last_update_ts"":1784119730.5443048,""raw"":[17418,15288,17702]},""ring"":{""age_s"":0.009166955947875977,""channels"":3,""force"":[0.2768805418318703,0.24644629367999826],""has_data"":true,""last_update_ts"":1784119730.5443048,""raw"":[15791,16367,15635]},""thumb"":{""age_s"":0.009166955947875977,""channels"":3,""force"":[0.0,-2.220446049250313e-16],""has_data"":true,""last_update_ts"":1784119730.5443048,""raw"":[0,0,0]}}","{""ble"":{""connection_state"":""connected"",""counter"":1054265,""finger_order"":""DexterController.Visualizer"",""last_error"":null,""last_sample_age_s"":0.009199730004183948,""reconnect_count"":0,""sample_hz"":20.0,""sample_sequence"":280,""timestamp_us"":10695379744},""fingers"":{""index"":{""has_data"":true,""last_update_ts"":1784119730.5443048,""mapped"":true},""middle"":{""has_data"":true,""last_update_ts"":1784119730.5443048,""mapped"":true},""pinky"":{""has_data"":true,""last_update_ts"":1784119730.5443048,""mapped"":true},""ring"":{""has_data"":true,""last_update_ts"":1784119730.5443048,""mapped"":true},""thumb"":{""has_data"":true,""last_update_ts"":1784119730.5443048,""mapped"":true}},""ports"":{""available"":[""BLE:Dexter""],""unavailable"":[]}}"
1784119730.6036053,1784119730.6034672,282,ble,"{""index"":{""age_s"":0.009162187576293945,""channels"":3,""force"":[-0.17305033864491826,-0.29584656426000233],""has_data"":true,""last_update_ts"":1784119730.594305,""raw"":[17108,16748,17461]},""middle"":{""age_s"":0.009162187576293945,""channels"":3,""force"":[-0.3552338896072076,0.7174140418499988],""has_data"":true,""last_update_ts"":1784119730.594305,""raw"":[16696,15957,15034]},""pinky"":{""age_s"":0.009162187576293945,""channels"":3,""force"":[-1.018112825694276,-0.7459995916800022],""has_data"":true,""last_update_ts"":1784119730.594305,""raw"":[17412,15294,17697]},""ring"":{""age_s"":0.009162187576293945,""channels"":3,""force"":[0.28024540952774224,0.2550497115899981],""has_data"":true,""last_update_ts"":1784119730.594305,""raw"":[15797,16380,15629]},""thumb"":{""age_s"":0.009162187576293945,""channels"":3,""force"":[0.0,-2.220446049250313e-16],""has_data"":true,""last_update_ts"":1784119730.594305,""raw"":[0,0,0]}}","{""ble"":{""connection_state"":""connected"",""counter"":1054271,""finger_order"":""DexterController.Visualizer"",""last_error"":null,""last_sample_age_s"":0.009194359998218715,""reconnect_count"":0,""sample_hz"":20.0,""sample_sequence"":281,""timestamp_us"":10695436000},""fingers"":{""index"":{""has_data"":true,""last_update_ts"":1784119730.594305,""mapped"":true},""middle"":{""has_data"":true,""last_update_ts"":1784119730.594305,""mapped"":true},""pinky"":{""has_data"":true,""last_update_ts"":1784119730.594305,""mapped"":true},""ring"":{""has_data"":true,""last_update_ts"":1784119730.594305,""mapped"":true},""thumb"":{""has_data"":true,""last_update_ts"":1784119730.594305,""mapped"":true}},""ports"":{""available"":[""BLE:Dexter""],""unavailable"":[]}}"
1784119730.6536114,1784119730.6534693,283,ble,"{""index"":{""age_s"":0.00916433334350586,""channels"":3,""force"":[-0.16920477556392122,-0.24145076070000382],""has_data"":true,""last_update_ts"":1784119730.644305,""raw"":[17142,16790,17401]},""middle"":{""age_s"":0.00916433334350586,""channels"":3,""force"":[-0.3970543881130659,0.8048358689999962],""has_data"":true,""last_update_ts"":1784119730.644305,""raw"":[16790,15964,14927]},""pinky"":{""age_s"":0.00916433334350586,""channels"":3,""force"":[-1.0238811703157733,-0.7476647693399991],""has_data"":true,""last_update_ts"":1784119730.644305,""raw"":[17421,15291,17703]},""ring"":{""age_s"":0.00916433334350586,""channels"":3,""force"":[0.27303497875087146,0.24977664900000018],""has_data"":true,""last_update_ts"":1784119730.644305,""raw"":[15797,16365,15631]},""thumb"":{""age_s"":0.00916433334350586,""channels"":3,""force"":[0.0,-2.220446049250313e-16],""has_data"":true,""last_update_ts"":1784119730.644305,""raw"":[0,0,0]}}","{""ble"":{""connection_state"":""connected"",""counter"":1054276,""finger_order"":""DexterController.Visualizer"",""last_error"":null,""last_sample_age_s"":0.009195391001412645,""reconnect_count"":0,""sample_hz"":20.0,""sample_sequence"":282,""timestamp_us"":10695483072},""fingers"":{""index"":{""has_data"":true,""last_update_ts"":1784119730.644305,""mapped"":true},""middle"":{""has_data"":true,""last_update_ts"":1784119730.644305,""mapped"":true},""pinky"":{""has_data"":true,""last_update_ts"":1784119730.644305,""mapped"":true},""ring"":{""has_data"":true,""last_update_ts"":1784119730.644305,""mapped"":true},""thumb"":{""has_data"":true,""last_update_ts"":1784119730.644305,""mapped"":true}},""ports"":{""available"":[""BLE:Dexter""],""unavailable"":[]}}"
1784119730.703808,1784119730.7034702,284,ble,"{""index"":{""age_s"":0.009165287017822266,""channels"":3,""force"":[-0.16055225863167344,-0.21758321424000293],""has_data"":true,""last_update_ts"":1784119730.694305,""raw"":[17144,16810,17369]},""middle"":{""age_s"":0.009165287017822266,""channels"":3,""force"":[-0.4071489912006854,0.6985420283699977],""has_data"":true,""last_update_ts"":1784119730.694305,""raw"":[16709,15862,15027]},""pinky"":{""age_s"":0.009165287017822266,""channels"":3,""force"":[-0.5494348251976184,-0.5153724857700004],""has_data"":true,""last_update_ts"":1784119730.694305,""raw"":[17284,16141,17641]},""ring"":{""age_s"":0.009165287017822266,""channels"":3,""force"":[0.29755044339223957,0.35163001586999876],""has_data"":true,""last_update_ts"":1784119730.694305,""raw"":[15774,16393,15450]},""thumb"":{""age_s"":0.009165287017822266,""channels"":3,""force"":[0.0,-2.220446049250313e-16],""has_data"":true,""last_update_ts"":1784119730.694305,""raw"":[0,0,0]}}","{""ble"":{""connection_state"":""connected"",""counter"":1054280,""finger_order"":""DexterController.Visualizer"",""last_error"":null,""last_sample_age_s"":0.009205129987094551,""reconnect_count"":0,""sample_hz"":20.0,""sample_sequence"":283,""timestamp_us"":10695520544},""fingers"":{""index"":{""has_data"":true,""last_update_ts"":1784119730.694305,""mapped"":true},""middle"":{""has_data"":true,""last_update_ts"":1784119730.694305,""mapped"":true},""pinky"":{""has_data"":true,""last_update_ts"":1784119730.694305,""mapped"":true},""ring"":{""has_data"":true,""last_update_ts"":1784119730.694305,""mapped"":true},""thumb"":{""has_data"":true,""last_update_ts"":1784119730.694305,""mapped"":true}},""ports"":{""available"":[""BLE:Dexter""],""unavailable"":[]}}"
1784119730.7536213,1784119730.7534695,285,ble,"{""index"":{""age_s"":0.009164571762084961,""channels"":3,""force"":[-0.005768344621497334,-0.04218450072000213],""has_data"":true,""last_update_ts"":1784119730.744305,""raw"":[17106,17094,17176]},""middle"":{""age_s"":0.009164571762084961,""channels"":3,""force"":[-0.30524156955423365,-0.22119109917000124],""has_data"":true,""last_update_ts"":1784119730.744305,""raw"":[16089,15454,16170]},""pinky"":{""age_s"":0.009164571762084961,""channels"":3,""force"":[-1.0224390841603963,-0.7490524173900033],""has_data"":true,""last_update_ts"":1784119730.744305,""raw"":[17419,15292,17705]},""ring"":{""age_s"":0.009164571762084961,""channels"":3,""force"":[0.2864944495343664,0.2575474780799967],""has_data"":true,""last_update_ts"":1784119730.744305,""raw"":[15799,16395,15633]},""thumb"":{""age_s"":0.009164571762084961,""channels"":3,""force"":[0.0,-2.220446049250313e-16],""has_data"":true,""last_update_ts"":1784119730.744305,""raw"":[0,0,0]}}","{""ble"":{""connection_state"":""connected"",""counter"":1054287,""finger_order"":""DexterController.Visualizer"",""last_error"":null,""last_sample_age_s"":0.009196294005960226,""reconnect_count"":0,""sample_hz"":20.0,""sample_sequence"":284,""timestamp_us"":10695586560},""fingers"":{""index"":{""has_data"":true,""last_update_ts"":1784119730.744305,""mapped"":true},""middle"":{""has_data"":true,""last_update_ts"":1784119730.744305,""mapped"":true},""pinky"":{""has_data"":true,""last_update_ts"":1784119730.744305,""mapped"":true},""ring"":{""has_data"":true,""last_update_ts"":1784119730.744305,""mapped"":true},""thumb"":{""has_data"":true,""last_update_ts"":1784119730.744305,""mapped"":true}},""ports"":{""available"":[""BLE:Dexter""],""unavailable"":[]}}"
1784119730.8036156,1784119730.8034685,286,ble,"{""index"":{""age_s"":0.00916290283203125,""channels"":3,""force"":[0.15526460939530295,0.5248084925099992],""has_data"":true,""last_update_ts"":1784119730.7943056,""raw"":[17286,17609,16502]},""middle"":{""age_s"":0.00916290283203125,""channels"":3,""force"":[-0.1985271940565312,-1.2258482873700016],""has_data"":true,""last_update_ts"":1784119730.7943056,""raw"":[15398,14985,17400]},""pinky"":{""age_s"":0.00916290283203125,""channels"":3,""force"":[-1.0166707395389007,-0.7457220620700005],""has_data"":true,""last_update_ts"":1784119730.7943056,""raw"":[17410,15295,17696]},""ring"":{""age_s"":0.00916290283203125,""channels"":3,""force"":[0.2812068002979924,0.25671488924999775],""has_data"":true,""last_update_ts"":1784119730.7943056,""raw"":[15797,16382,15627]},""thumb"":{""age_s"":0.00916290283203125,""channels"":3,""force"":[0.0,-2.220446049250313e-16],""has_data"":true,""last_update_ts"":1784119730.7943056,""raw"":[0,0,0]}}","{""ble"":{""connection_state"":""connected"",""counter"":1054292,""finger_order"":""DexterController.Visualizer"",""last_error"":null,""last_sample_age_s"":0.009190272001433186,""reconnect_count"":0,""sample_hz"":20.0,""sample_sequence"":285,""timestamp_us"":10695633440},""fingers"":{""index"":{""has_data"":true,""last_update_ts"":1784119730.7943056,""mapped"":true},""middle"":{""has_data"":true,""last_update_ts"":1784119730.7943056,""mapped"":true},""pinky"":{""has_data"":true,""last_update_ts"":1784119730.7943056,""mapped"":true},""ring"":{""has_data"":true,""last_update_ts"":1784119730.7943056,""mapped"":true},""thumb"":{""has_data"":true,""last_update_ts"":1784119730.7943056,""mapped"":true}},""ports"":{""available"":[""BLE:Dexter""],""unavailable"":[]}}"
1784119730.8536234,1784119730.8534696,287,ble,"{""index"":{""age_s"":0.009163141250610352,""channels"":3,""force"":[0.4167628989031815,1.1059554958499973],""has_data"":true,""last_update_ts"":1784119730.8443065,""raw"":[17324,18191,15765]},""middle"":{""age_s"":0.009163141250610352,""channels"":3,""force"":[-0.10383020318695202,-2.1480791814000026],""has_data"":true,""last_update_ts"":1784119730.8443065,""raw"":[14678,14462,18440]},""pinky"":{""age_s"":0.009163141250610352,""channels"":3,""force"":[0.3710968373163279,-0.048290152139999876],""has_data"":true,""last_update_ts"":1784119730.8443065,""raw"":[17048,17820,17521]},""ring"":{""age_s"":0.009163141250610352,""channels"":3,""force"":[0.35138832652621055,0.5325793215899974],""has_data"":true,""last_update_ts"":1784119730.8443065,""raw"":[15713,16444,15119]},""thumb"":{""age_s"":0.009163141250610352,""channels"":3,""force"":[0.0,-2.220446049250313e-16],""has_data"":true,""last_update_ts"":1784119730.8443065,""raw"":[0,0,0]}}","{""ble"":{""connection_state"":""connected"",""counter"":1054297,""finger_order"":""DexterController.Visualizer"",""last_error"":null,""last_sample_age_s"":0.009195502003422007,""reconnect_count"":0,""sample_hz"":20.0,""sample_sequence"":286,""timestamp_us"":10695680512},""fingers"":{""index"":{""has_data"":true,""last_update_ts"":1784119730.8443065,""mapped"":true},""middle"":{""has_data"":true,""last_update_ts"":1784119730.8443065,""mapped"":true},""pinky"":{""has_data"":true,""last_update_ts"":1784119730.8443065,""mapped"":true},""ring"":{""has_data"":true,""last_update_ts"":1784119730.8443065,""mapped"":true},""thumb"":{""has_data"":true,""last_update_ts"":1784119730.8443065,""mapped"":true}},""ports"":{""available"":[""BLE:Dexter""],""unavailable"":[]}}"
1784119730.9035904,1784119730.9034684,288,ble,"{""index"":{""age_s"":0.00916290283203125,""channels"":3,""force"":[0.5662591636769854,1.444264090439999],""has_data"":true,""last_update_ts"":1784119730.8943055,""raw"":[17350,18528,15337]},""middle"":{""age_s"":0.00916290283203125,""channels"":3,""force"":[-0.10575298472745054,-2.970121886220002],""has_data"":true,""last_update_ts"":1784119730.8943055,""raw"":[14336,14116,19577]},""pinky"":{""age_s"":0.00916290283203125,""channels"":3,""force"":[-1.0253232564711485,-0.751272654270001],""has_data"":true,""last_update_ts"":1784119730.8943055,""raw"":[17417,15284,17704]},""ring"":{""age_s"":0.00916290283203125,""channels"":3,""force"":[0.27495776029137176,0.24977664899999752],""has_data"":true,""last_update_ts"":1784119730.8943055,""raw"":[15793,16365,15629]},""thumb"":{""age_s"":0.00916290283203125,""channels"":3,""force"":[0.0,-2.220446049250313e-16],""has_data"":true,""last_update_ts"":1784119730.8943055,""raw"":[0,0,0]}}","{""ble"":{""connection_state"":""connected"",""counter"":1054302,""finger_order"":""DexterController.Visualizer"",""last_error"":null,""last_sample_age_s"":0.009189440999762155,""reconnect_count"":0,""sample_hz"":20.0,""sample_sequence"":287,""timestamp_us"":10695727552},""fingers"":{""index"":{""has_data"":true,""last_update_ts"":1784119730.8943055,""mapped"":true},""middle"":{""has_data"":true,""last_update_ts"":1784119730.8943055,""mapped"":true},""pinky"":{""has_data"":true,""last_update_ts"":1784119730.8943055,""mapped"":true},""ring"":{""has_data"":true,""last_update_ts"":1784119730.8943055,""mapped"":true},""thumb"":{""has_data"":true,""last_update_ts"":1784119730.8943055,""mapped"":true}},""ports"":{""available"":[""BLE:Dexter""],""unavailable"":[]}}"
1784119730.9536083,1784119730.9534767,289,ble,"{""index"":{""age_s"":0.0091705322265625,""channels"":3,""force"":[0.6383634714457003,1.8955272362999978],""has_data"":true,""last_update_ts"":1784119730.9443061,""raw"":[17491,18819,14740]},""middle"":{""age_s"":0.0091705322265625,""channels"":3,""force"":[-0.1345947078349381,-3.833794032540003],""has_data"":true,""last_update_ts"":1784119730.9443061,""raw"":[13932,13652,20699]},""pinky"":{""age_s"":0.0091705322265625,""channels"":3,""force"":[-1.0200356072347745,-0.7482198285599999],""has_data"":true,""last_update_ts"":1784119730.9443061,""raw"":[17416,15294,17703]},""ring"":{""age_s"":0.0091705322265625,""channels"":3,""force"":[0.28120680029799594,0.26504077754999944],""has_data"":true,""last_update_ts"":1784119730.9443061,""raw"":[15808,16393,15623]},""thumb"":{""age_s"":0.0091705322265625,""channels"":3,""force"":[0.0,-2.220446049250313e-16],""has_data"":true,""last_update_ts"":1784119730.9443061,""raw"":[0,0,0]}}","{""ble"":{""connection_state"":""connected"",""counter"":1054308,""finger_order"":""DexterController.Visualizer"",""last_error"":null,""last_sample_age_s"":0.009197416002280079,""reconnect_count"":0,""sample_hz"":20.0,""sample_sequence"":288,""timestamp_us"":10695784032},""fingers"":{""index"":{""has_data"":true,""last_update_ts"":1784119730.9443061,""mapped"":true},""middle"":{""has_data"":true,""last_update_ts"":1784119730.9443061,""mapped"":true},""pinky"":{""has_data"":true,""last_update_ts"":1784119730.9443061,""mapped"":true},""ring"":{""has_data"":true,""last_update_ts"":1784119730.9443061,""mapped"":true},""thumb"":{""has_data"":true,""last_update_ts"":1784119730.9443061,""mapped"":true}},""ports"":{""available"":[""BLE:Dexter""],""unavailable"":[]}}"
1784119731.003598,1784119731.003465,290,ble,"{""index"":{""age_s"":0.009157419204711914,""channels"":3,""force"":[0.6311530406688313,1.9341038520899962],""has_data"":true,""last_update_ts"":1784119730.9943075,""raw"":[17497,18810,14669]},""middle"":{""age_s"":0.009157419204711914,""channels"":3,""force"":[-0.07546917546458953,-4.202630884230001],""has_data"":true,""last_update_ts"":1784119730.9943075,""raw"":[13681,13524,21174]},""pinky"":{""age_s"":0.009157419204711914,""channels"":3,""force"":[-1.0291688195521456,-0.7351759368900037],""has_data"":true,""last_update_ts"":1784119730.9943075,""raw"":[17430,15289,17684]},""ring"":{""age_s"":0.009157419204711914,""channels"":3,""force"":[0.2831295818384927,0.25893512612999725],""has_data"":true,""last_update_ts"":1784119730.9943075,""raw"":[15794,16383,15622]},""thumb"":{""age_s"":0.009157419204711914,""channels"":3,""force"":[0.0,-2.220446049250313e-16],""has_data"":true,""last_update_ts"":1784119730.9943075,""raw"":[0,0,0]}}","{""ble"":{""connection_state"":""connected"",""counter"":1054313,""finger_order"":""DexterController.Visualizer"",""last_error"":null,""last_sample_age_s"":0.009184273993014358,""reconnect_count"":0,""sample_hz"":20.0,""sample_sequence"":289,""timestamp_us"":10695831040},""fingers"":{""index"":{""has_data"":true,""last_update_ts"":1784119730.9943075,""mapped"":true},""middle"":{""has_data"":true,""last_update_ts"":1784119730.9943075,""mapped"":true},""pinky"":{""has_data"":true,""last_update_ts"":1784119730.9943075,""mapped"":true},""ring"":{""has_data"":true,""last_update_ts"":1784119730.9943075,""mapped"":true},""thumb"":{""has_data"":true,""last_update_ts"":1784119730.9943075,""mapped"":true}},""ports"":{""available"":[""BLE:Dexter""],""unavailable"":[]}}"
1784119731.0535975,1784119731.0534637,291,ble,"{""index"":{""age_s"":0.009157180786132812,""channels"":3,""force"":[0.6917206591945515,2.0029311953699986],""has_data"":true,""last_update_ts"":1784119731.0443065,""raw"":[17467,18906,14578]},""middle"":{""age_s"":0.009157180786132812,""channels"":3,""force"":[-0.006729735391744818,-4.399399377720002],""has_data"":true,""last_update_ts"":1784119731.0443065,""raw"":[13509,13495,21428]},""pinky"":{""age_s"":0.009157180786132812,""channels"":3,""force"":[-1.0286881241670223,-0.758210894520003],""has_data"":true,""last_update_ts"":1784119731.0443065,""raw"":[17417,15277,17713]},""ring"":{""age_s"":0.009157180786132812,""channels"":3,""force"":[0.27880332337237057,0.2514418266599989],""has_data"":true,""last_update_ts"":1784119731.0443065,""raw"":[15794,16374,15631]},""thumb"":{""age_s"":0.009157180786132812,""channels"":3,""force"":[0.0,-2.220446049250313e-16],""has_data"":true,""last_update_ts"":1784119731.0443065,""raw"":[0,0,0]}}","{""ble"":{""connection_state"":""connected"",""counter"":1054318,""finger_order"":""DexterController.Visualizer"",""last_error"":null,""last_sample_age_s"":0.009184980997815728,""reconnect_count"":0,""sample_hz"":20.0,""sample_sequence"":290,""timestamp_us"":10695878048},""fingers"":{""index"":{""has_data"":true,""last_update_ts"":1784119731.0443065,""mapped"":true},""middle"":{""has_data"":true,""last_update_ts"":1784119731.0443065,""mapped"":true},""pinky"":{""has_data"":true,""last_update_ts"":1784119731.0443065,""mapped"":true},""ring"":{""has_data"":true,""last_update_ts"":1784119731.0443065,""mapped"":true},""thumb"":{""has_data"":true,""last_update_ts"":1784119731.0443065,""mapped"":true}},""ports"":{""available"":[""BLE:Dexter""],""unavailable"":[]}}"
1784119731.103615,1784119731.1034648,292,ble,"{""index"":{""age_s"":0.009159088134765625,""channels"":3,""force"":[0.7147940376805391,2.0029311953699995],""has_data"":true,""last_update_ts"":1784119731.0943058,""raw"":[17425,18912,14560]},""middle"":{""age_s"":0.009159088134765625,""channels"":3,""force"":[0.004326258466122113,-4.683867227970001],""has_data"":true,""last_update_ts"":1784119731.0943058,""raw"":[13353,13362,21796]},""pinky"":{""age_s"":0.009159088134765625,""channels"":3,""force"":[-1.0229197795455232,-0.7487748877800025],""has_data"":true,""last_update_ts"":1784119731.0943058,""raw"":[17412,15284,17697]},""ring"":{""age_s"":0.009159088134765625,""channels"":3,""force"":[0.2908207080004921,0.25393959314999837],""has_data"":true,""last_update_ts"":1784119731.0943058,""raw"":[15788,16393,15633]},""thumb"":{""age_s"":0.009159088134765625,""channels"":3,""force"":[0.0,-2.220446049250313e-16],""has_data"":true,""last_update_ts"":1784119731.0943058,""raw"":[0,0,0]}}","{""ble"":{""connection_state"":""connected"",""counter"":1054324,""finger_order"":""DexterController.Visualizer"",""last_error"":null,""last_sample_age_s"":0.009187073999783024,""reconnect_count"":0,""sample_hz"":20.0,""sample_sequence"":291,""timestamp_us"":10695934528},""fingers"":{""index"":{""has_data"":true,""last_update_ts"":1784119731.0943058,""mapped"":true},""middle"":{""has_data"":true,""last_update_ts"":1784119731.0943058,""mapped"":true},""pinky"":{""has_data"":true,""last_update_ts"":1784119731.0943058,""mapped"":true},""ring"":{""has_data"":true,""last_update_ts"":1784119731.0943058,""mapped"":true},""thumb"":{""has_data"":true,""last_update_ts"":1784119731.0943058,""mapped"":true}},""ports"":{""available"":[""BLE:Dexter""],""unavailable"":[]}}"
1784119731.1535745,1784119731.1534534,293,ble,"{""index"":{""age_s"":0.009147167205810547,""channels"":3,""force"":[0.7061415207482931,1.997935662389998],""has_data"":true,""last_update_ts"":1784119731.1443062,""raw"":[17455,18924,14590]},""middle"":{""age_s"":0.009147167205810547,""channels"":3,""force"":[-0.029803113877737708,-4.7468664494400015],""has_data"":true,""last_update_ts"":1784119731.1443062,""raw"":[13348,13286,21869]},""pinky"":{""age_s"":0.009147167205810547,""channels"":3,""force"":[-1.026284647241397,-0.7490524173900024],""has_data"":true,""last_update_ts"":1784119731.1443062,""raw"":[17416,15281,17698]},""ring"":{""age_s"":0.009147167205810547,""channels"":3,""force"":[0.27880332337237057,0.24478111601999775],""has_data"":true,""last_update_ts"":1784119731.1443062,""raw"":[15788,16368,15637]},""thumb"":{""age_s"":0.009147167205810547,""channels"":3,""force"":[0.0,-2.220446049250313e-16],""has_data"":true,""last_update_ts"":1784119731.1443062,""raw"":[0,0,0]}}","{""ble"":{""connection_state"":""connected"",""counter"":1054328,""finger_order"":""DexterController.Visualizer"",""last_error"":null,""last_sample_age_s"":0.009174000995699316,""reconnect_count"":0,""sample_hz"":20.0,""sample_sequence"":292,""timestamp_us"":10695972160},""fingers"":{""index"":{""has_data"":true,""last_update_ts"":1784119731.1443062,""mapped"":true},""middle"":{""has_data"":true,""last_update_ts"":1784119731.1443062,""mapped"":true},""pinky"":{""has_data"":true,""last_update_ts"":1784119731.1443062,""mapped"":true},""ring"":{""has_data"":true,""last_update_ts"":1784119731.1443062,""mapped"":true},""thumb"":{""has_data"":true,""last_update_ts"":1784119731.1443062,""mapped"":true}},""ports"":{""available"":[""BLE:Dexter""],""unavailable"":[]}}"
1784119731.2035785,1784119731.2034545,294,ble,"{""index"":{""age_s"":0.009145259857177734,""channels"":3,""force"":[0.7268114223086606,1.953808454399998],""has_data"":true,""last_update_ts"":1784119731.1943092,""raw"":[17424,18936,14660]},""middle"":{""age_s"":0.009145259857177734,""channels"":3,""force"":[-0.09373560009932991,-4.764905874090001],""has_data"":true,""last_update_ts"":1784119731.1943092,""raw"":[13398,13203,21885]},""pinky"":{""age_s"":0.009145259857177734,""channels"":3,""force"":[-1.0262846472413951,-0.750717595050002],""has_data"":true,""last_update_ts"":1784119731.1943092,""raw"":[17419,15284,17704]},""ring"":{""age_s"":0.009145259857177734,""channels"":3,""force"":[0.2739963695211216,0.2531070043199968],""has_data"":true,""last_update_ts"":1784119731.1943092,""raw"":[15798,16368,15627]},""thumb"":{""age_s"":0.009145259857177734,""channels"":3,""force"":[0.0,-2.220446049250313e-16],""has_data"":true,""last_update_ts"":1784119731.1943092,""raw"":[0,0,0]}}","{""ble"":{""connection_state"":""connected"",""counter"":1054335,""finger_order"":""DexterController.Visualizer"",""last_error"":null,""last_sample_age_s"":0.009172667996608652,""reconnect_count"":0,""sample_hz"":20.0,""sample_sequence"":293,""timestamp_us"":10696037984},""fingers"":{""index"":{""has_data"":true,""last_update_ts"":1784119731.1943092,""mapped"":true},""middle"":{""has_data"":true,""last_update_ts"":1784119731.1943092,""mapped"":true},""pinky"":{""has_data"":true,""last_update_ts"":1784119731.1943092,""mapped"":true},""ring"":{""has_data"":true,""last_update_ts"":1784119731.1943092,""mapped"":true},""thumb"":{""has_data"":true,""last_update_ts"":1784119731.1943092,""mapped"":true}},""ports"":{""available"":[""BLE:Dexter""],""unavailable"":[]}}"
1784119731.2535923,1784119731.2534556,295,ble,"{""index"":{""age_s"":0.009150981903076172,""channels"":3,""force"":[0.73690602539628,1.8785979300899998],""has_data"":true,""last_update_ts"":1784119731.2443047,""raw"":[17384,18917,14766]},""middle"":{""age_s"":0.009150981903076172,""channels"":3,""force"":[-0.1783379878812923,-4.493481915510002],""has_data"":true,""last_update_ts"":1784119731.2443047,""raw"":[13636,13265,21546]},""pinky"":{""age_s"":0.009150981903076172,""channels"":3,""force"":[-1.0267653426265202,-0.7465546508999994],""has_data"":true,""last_update_ts"":1784119731.2443047,""raw"":[17422,15286,17699]},""ring"":{""age_s"":0.009150981903076172,""channels"":3,""force"":[0.27303497875087324,0.2553272411999963],""has_data"":true,""last_update_ts"":1784119731.2443047,""raw"":[15800,16368,15624]},""thumb"":{""age_s"":0.009150981903076172,""channels"":3,""force"":[0.0,-2.220446049250313e-16],""has_data"":true,""last_update_ts"":1784119731.2443047,""raw"":[0,0,0]}}","{""ble"":{""connection_state"":""connected"",""counter"":1054339,""finger_order"":""DexterController.Visualizer"",""last_error"":null,""last_sample_age_s"":0.009182696987409145,""reconnect_count"":0,""sample_hz"":20.0,""sample_sequence"":294,""timestamp_us"":10696075520},""fingers"":{""index"":{""has_data"":true,""last_update_ts"":1784119731.2443047,""mapped"":true},""middle"":{""has_data"":true,""last_update_ts"":1784119731.2443047,""mapped"":true},""pinky"":{""has_data"":true,""last_update_ts"":1784119731.2443047,""mapped"":true},""ring"":{""has_data"":true,""last_update_ts"":1784119731.2443047,""mapped"":true},""thumb"":{""has_data"":true,""last_update_ts"":1784119731.2443047,""mapped"":true}},""ports"":{""available"":[""BLE:Dexter""],""unavailable"":[]}}"
1784119731.3035696,1784119731.303453,296,ble,"{""index"":{""age_s"":0.009148359298706055,""channels"":3,""force"":[0.7527689731054004,1.6013458496999977],""has_data"":true,""last_update_ts"":1784119731.2943046,""raw"":[17205,18771,15103]},""middle"":{""age_s"":0.009148359298706055,""channels"":3,""force"":[-0.21102527406977778,-4.240374911190003],""has_data"":true,""last_update_ts"":1784119731.2943046,""raw"":[13811,13372,21231]},""pinky"":{""age_s"":0.009148359298706055,""channels"":3,""force"":[-1.0157093487686506,-0.74405688441],""has_data"":true,""last_update_ts"":1784119731.2943046,""raw"":[17412,15299,17696]},""ring"":{""age_s"":0.009148359298706055,""channels"":3,""force"":[0.2807261049128691,0.25033170821999917],""has_data"":true,""last_update_ts"":1784119731.2943046,""raw"":[15790,16374,15631]},""thumb"":{""age_s"":0.009148359298706055,""channels"":3,""force"":[0.0,-2.220446049250313e-16],""has_data"":true,""last_update_ts"":1784119731.2943046,""raw"":[0,0,0]}}","{""ble"":{""connection_state"":""connected"",""counter"":1054345,""finger_order"":""DexterController.Visualizer"",""last_error"":null,""last_sample_age_s"":0.00917618500534445,""reconnect_count"":0,""sample_hz"":20.0,""sample_sequence"":295,""timestamp_us"":10696131872},""fingers"":{""index"":{""has_data"":true,""last_update_ts"":1784119731.2943046,""mapped"":true},""middle"":{""has_data"":true,""last_update_ts"":1784119731.2943046,""mapped"":true},""pinky"":{""has_data"":true,""last_update_ts"":1784119731.2943046,""mapped"":true},""ring"":{""has_data"":true,""last_update_ts"":1784119731.2943046,""mapped"":true},""thumb"":{""has_data"":true,""last_update_ts"":1784119731.2943046,""mapped"":true}},""ports"":{""available"":[""BLE:Dexter""],""unavailable"":[]}}"
1784119731.3535843,1784119731.3534584,297,ble,"{""index"":{""age_s"":0.00915384292602539,""channels"":3,""force"":[0.7373867207814069,1.3260364765799988],""has_data"":true,""last_update_ts"":1784119731.3443046,""raw"":[17074,18608,15452]},""middle"":{""age_s"":0.00915384292602539,""channels"":3,""force"":[-0.23121448024501845,-3.7269451326900027],""has_data"":true,""last_update_ts"":1784119731.3443046,""raw"":[14102,13621,20576]},""pinky"":{""age_s"":0.00915384292602539,""channels"":3,""force"":[-1.0219583887752712,-0.7543254799800003],""has_data"":true,""last_update_ts"":1784119731.3443046,""raw"":[17419,15293,17715]},""ring"":{""age_s"":0.00915384292602539,""channels"":3,""force"":[0.2783226279872473,0.2517193562699962],""has_data"":true,""last_update_ts"":1784119731.3443046,""raw"":[15791,16370,15627]},""thumb"":{""age_s"":0.00915384292602539,""channels"":3,""force"":[0.0,-2.220446049250313e-16],""has_data"":true,""last_update_ts"":1784119731.3443046,""raw"":[0,0,0]}}","{""ble"":{""connection_state"":""connected"",""counter"":1054350,""finger_order"":""DexterController.Visualizer"",""last_error"":null,""last_sample_age_s"":0.00918692399864085,""reconnect_count"":0,""sample_hz"":20.0,""sample_sequence"":296,""timestamp_us"":10696178720},""fingers"":{""index"":{""has_data"":true,""last_update_ts"":1784119731.3443046,""mapped"":true},""middle"":{""has_data"":true,""last_update_ts"":1784119731.3443046,""mapped"":true},""pinky"":{""has_data"":true,""last_update_ts"":1784119731.3443046,""mapped"":true},""ring"":{""has_data"":true,""last_update_ts"":1784119731.3443046,""mapped"":true},""thumb"":{""has_data"":true,""last_update_ts"":1784119731.3443046,""mapped"":true}},""ports"":{""available"":[""BLE:Dexter""],""unavailable"":[]}}"
1784119731.4035914,1784119731.4034584,298,ble,"{""index"":{""age_s"":0.009152412414550781,""channels"":3,""force"":[0.5571259513596161,0.90280382133],""has_data"":true,""last_update_ts"":1784119731.394306,""raw"":[17056,18215,16009]},""middle"":{""age_s"":0.009152412414550781,""channels"":3,""force"":[-0.14084374784155784,-2.836630143810001],""has_data"":true,""last_update_ts"":1784119731.394306,""raw"":[14445,14152,19409]},""pinky"":{""age_s"":0.009152412414550781,""channels"":3,""force"":[-1.0248425610860235,-0.7509951246600002],""has_data"":true,""last_update_ts"":1784119731.394306,""raw"":[17417,15285,17704]},""ring"":{""age_s"":0.009152412414550781,""channels"":3,""force"":[0.2768805418318703,0.25088676743999727],""has_data"":true,""last_update_ts"":1784119731.394306,""raw"":[15798,16374,15634]},""thumb"":{""age_s"":0.009152412414550781,""channels"":3,""force"":[0.0,-2.220446049250313e-16],""has_data"":true,""last_update_ts"":1784119731.394306,""raw"":[0,0,0]}}","{""ble"":{""connection_state"":""connected"",""counter"":1054356,""finger_order"":""DexterController.Visualizer"",""last_error"":null,""last_sample_age_s"":0.009182245994452387,""reconnect_count"":0,""sample_hz"":20.0,""sample_sequence"":297,""timestamp_us"":10696235136},""fingers"":{""index"":{""has_data"":true,""last_update_ts"":1784119731.394306,""mapped"":true},""middle"":{""has_data"":true,""last_update_ts"":1784119731.394306,""mapped"":true},""pinky"":{""has_data"":true,""last_update_ts"":1784119731.394306,""mapped"":true},""ring"":{""has_data"":true,""last_update_ts"":1784119731.394306,""mapped"":true},""thumb"":{""has_data"":true,""last_update_ts"":1784119731.394306,""mapped"":true}},""ports"":{""available"":[""BLE:Dexter""],""unavailable"":[]}}"
1784119731.4535892,1784119731.453458,299,ble,"{""index"":{""age_s"":0.009151458740234375,""channels"":3,""force"":[0.26053689873762664,0.6705115377599986],""has_data"":true,""last_update_ts"":1784119731.4443066,""raw"":[17261,17803,16324]},""middle"":{""age_s"":0.009151458740234375,""channels"":3,""force"":[-0.18506772327303977,-1.2308438203500032],""has_data"":true,""last_update_ts"":1784119731.4443066,""raw"":[15212,14827,17237]},""pinky"":{""age_s"":0.009151458740234375,""channels"":3,""force"":[1.8963432943172407,0.5769840591899973],""has_data"":true,""last_update_ts"":1784119731.4443066,""raw"":[16374,20319,17307]},""ring"":{""age_s"":0.009151458740234375,""channels"":3,""force"":[0.2999539203178614,0.8570114356799987],""has_data"":true,""last_update_ts"":1784119731.4443066,""raw"":[15741,16365,14509]},""thumb"":{""age_s"":0.009151458740234375,""channels"":3,""force"":[0.0,-2.220446049250313e-16],""has_data"":true,""last_update_ts"":1784119731.4443066,""raw"":[0,0,0]}}","{""ble"":{""connection_state"":""connected"",""counter"":1054361,""finger_order"":""DexterController.Visualizer"",""last_error"":null,""last_sample_age_s"":0.009179810993373394,""reconnect_count"":0,""sample_hz"":20.0,""sample_sequence"":298,""timestamp_us"":10696282016},""fingers"":{""index"":{""has_data"":true,""last_update_ts"":1784119731.4443066,""mapped"":true},""middle"":{""has_data"":true,""last_update_ts"":1784119731.4443066,""mapped"":true},""pinky"":{""has_data"":true,""last_update_ts"":1784119731.4443066,""mapped"":true},""ring"":{""has_data"":true,""last_update_ts"":1784119731.4443066,""mapped"":true},""thumb"":{""has_data"":true,""last_update_ts"":1784119731.4443066,""mapped"":true}},""ports"":{""available"":[""BLE:Dexter""],""unavailable"":[]}}"
1784119731.503594,1784119731.5034585,300,ble,"{""index"":{""age_s"":0.009152889251708984,""channels"":3,""force"":[0.09517768625470424,0.4129640596799993],""has_data"":true,""last_update_ts"":1784119731.4943056,""raw"":[17307,17505,16662]},""middle"":{""age_s"":0.009152889251708984,""channels"":3,""force"":[-0.2278496125491447,-0.23701028694000126],""has_data"":true,""last_update_ts"":1784119731.4943056,""raw"":[16000,15526,16190]},""pinky"":{""age_s"":0.009152889251708984,""channels"":3,""force"":[-1.0200356072347745,-0.743224295580001],""has_data"":true,""last_update_ts"":1784119731.4943056,""raw"":[17416,15294,17694]},""ring"":{""age_s"":0.009152889251708984,""channels"":3,""force"":[0.2788033233723688,0.24200581992000103],""has_data"":true,""last_update_ts"":1784119731.4943056,""raw"":[15785,16365,15639]},""thumb"":{""age_s"":0.009152889251708984,""channels"":3,""force"":[0.0,-2.220446049250313e-16],""has_data"":true,""last_update_ts"":1784119731.4943056,""raw"":[0,0,0]}}","{""ble"":{""connection_state"":""connected"",""counter"":1054366,""finger_order"":""DexterController.Visualizer"",""last_error"":null,""last_sample_age_s"":0.009182125999359414,""reconnect_count"":0,""sample_hz"":20.0,""sample_sequence"":299,""timestamp_us"":10696329024},""fingers"":{""index"":{""has_data"":true,""last_update_ts"":1784119731.4943056,""mapped"":true},""middle"":{""has_data"":true,""last_update_ts"":1784119731.4943056,""mapped"":true},""pinky"":{""has_data"":true,""last_update_ts"":1784119731.4943056,""mapped"":true},""ring"":{""has_data"":true,""last_update_ts"":1784119731.4943056,""mapped"":true},""thumb"":{""has_data"":true,""last_update_ts"":1784119731.4943056,""mapped"":true}},""ports"":{""available"":[""BLE:Dexter""],""unavailable"":[]}}"
1784119731.553602,1784119731.5534596,301,ble,"{""index"":{""age_s"":0.009153366088867188,""channels"":3,""force"":[0.005768344621497334,0.011101184399996633],""has_data"":true,""last_update_ts"":1784119731.5443063,""raw"":[17147,17159,17133]},""middle"":{""age_s"":0.009153366088867188,""channels"":3,""force"":[-0.16055225863167344,0.1565267000399988],""has_data"":true,""last_update_ts"":1784119731.5443063,""raw"":[16146,15812,15697]},""pinky"":{""age_s"":0.009153366088867188,""channels"":3,""force"":[-1.0185935210793975,-0.7484973581700025],""has_data"":true,""last_update_ts"":1784119731.5443063,""raw"":[17415,15296,17704]},""ring"":{""age_s"":0.009153366088867188,""channels"":3,""force"":[0.27303497875087146,0.25033170821999917],""has_data"":true,""last_update_ts"":1784119731.5443063,""raw"":[15798,16366,15631]},""thumb"":{""age_s"":0.009153366088867188,""channels"":3,""force"":[0.0,-2.220446049250313e-16],""has_data"":true,""last_update_ts"":1784119731.5443063,""raw"":[0,0,0]}}","{""ble"":{""connection_state"":""connected"",""counter"":1054372,""finger_order"":""DexterController.Visualizer"",""last_error"":null,""last_sample_age_s"":0.0091835779894609,""reconnect_count"":0,""sample_hz"":20.0,""sample_sequence"":300,""timestamp_us"":10696385760},""fingers"":{""index"":{""has_data"":true,""last_update_ts"":1784119731.5443063,""mapped"":true},""middle"":{""has_data"":true,""last_update_ts"":1784119731.5443063,""mapped"":true},""pinky"":{""has_data"":true,""last_update_ts"":1784119731.5443063,""mapped"":true},""ring"":{""has_data"":true,""last_update_ts"":1784119731.5443063,""mapped"":true},""thumb"":{""has_data"":true,""last_update_ts"":1784119731.5443063,""mapped"":true}},""ports"":{""available"":[""BLE:Dexter""],""unavailable"":[]}}"
1784119731.6536417,1784119731.6534593,302,ble,"{""index"":{""age_s"":0.009152889251708984,""channels"":3,""force"":[-0.1220966278216924,-0.3902066316600017],""has_data"":true,""last_update_ts"":1784119731.6443064,""raw"":[17024,16770,17600]},""middle"":{""age_s"":0.009152889251708984,""channels"":3,""force"":[-0.16535921248292063,0.3630087298799971],""has_data"":true,""last_update_ts"":1784119731.6443064,""raw"":[16256,15912,15430]},""pinky"":{""age_s"":0.009152889251708984,""channels"":3,""force"":[-1.0209969980050246,-0.7493299470000023],""has_data"":true,""last_update_ts"":1784119731.6443064,""raw"":[17417,15293,17705]},""ring"":{""age_s"":0.009152889251708984,""channels"":3,""force"":[0.2768805418318703,0.2514418266599989],""has_data"":true,""last_update_ts"":1784119731.6443064,""raw"":[15796,16372,15631]},""thumb"":{""age_s"":0.009152889251708984,""channels"":3,""force"":[0.0,-2.220446049250313e-16],""has_data"":true,""last_update_ts"":1784119731.6443064,""raw"":[0,0,0]}}","{""ble"":{""connection_state"":""connected"",""counter"":1054384,""finger_order"":""DexterController.Visualizer"",""last_error"":null,""last_sample_age_s"":0.009183317990391515,""reconnect_count"":0,""sample_hz"":20.0,""sample_sequence"":301,""timestamp_us"":10696498944},""fingers"":{""index"":{""has_data"":true,""last_update_ts"":1784119731.6443064,""mapped"":true},""middle"":{""has_data"":true,""last_update_ts"":1784119731.6443064,""mapped"":true},""pinky"":{""has_data"":true,""last_update_ts"":1784119731.6443064,""mapped"":true},""ring"":{""has_data"":true,""last_update_ts"":1784119731.6443064,""mapped"":true},""thumb"":{""has_data"":true,""last_update_ts"":1784119731.6443064,""mapped"":true}},""ports"":{""available"":[""BLE:Dexter""],""unavailable"":[]}}"
1784119731.703607,1784119731.7034597,303,ble,"{""index"":{""age_s"":0.009153127670288086,""channels"":3,""force"":[-0.14901556938868055,-0.38521109868000103],""has_data"":true,""last_update_ts"":1784119731.6943066,""raw"":[17060,16750,17599]},""middle"":{""age_s"":0.009153127670288086,""channels"":3,""force"":[-0.20189206175240493,0.40297299371999795],""has_data"":true,""last_update_ts"":1784119731.6943066,""raw"":[16313,15893,15377]},""pinky"":{""age_s"":0.009153127670288086,""channels"":3,""force"":[-1.0248425610860217,-0.7482198285600008],""has_data"":true,""last_update_ts"":1784119731.6943066,""raw"":[17414,15282,17696]},""ring"":{""age_s"":0.009153127670288086,""channels"":3,""force"":[0.2778419326021204,0.2497766489999993],""has_data"":true,""last_update_ts"":1784119731.6943066,""raw"":[15792,16370,15631]},""thumb"":{""age_s"":0.009153127670288086,""channels"":3,""force"":[0.0,-2.220446049250313e-16],""has_data"":true,""last_update_ts"":1784119731.6943066,""raw"":[0,0,0]}}","{""ble"":{""connection_state"":""connected"",""counter"":1054387,""finger_order"":""DexterController.Visualizer"",""last_error"":null,""last_sample_age_s"":0.00918481100234203,""reconnect_count"":0,""sample_hz"":20.0,""sample_sequence"":302,""timestamp_us"":10696527104},""fingers"":{""index"":{""has_data"":true,""last_update_ts"":1784119731.6943066,""mapped"":true},""middle"":{""has_data"":true,""last_update_ts"":1784119731.6943066,""mapped"":true},""pinky"":{""has_data"":true,""last_update_ts"":1784119731.6943066,""mapped"":true},""ring"":{""has_data"":true,""last_update_ts"":1784119731.6943066,""mapped"":true},""thumb"":{""has_data"":true,""last_update_ts"":1784119731.6943066,""mapped"":true}},""ports"":{""available"":[""BLE:Dexter""],""unavailable"":[]}}"
1784119731.7536316,1784119731.7534816,304,ble,"{""index"":{""age_s"":0.009175300598144531,""channels"":3,""force"":[-0.16680129863829585,-0.5586671049300014],""has_data"":true,""last_update_ts"":1784119731.7443063,""raw"":[16972,16625,17805]},""middle"":{""age_s"":0.009175300598144531,""channels"":3,""force"":[-0.3177396495674767,0.5891953620299981],""has_data"":true,""last_update_ts"":1784119731.7443063,""raw"":[16565,15904,15173]},""pinky"":{""age_s"":0.009175300598144531,""channels"":3,""force"":[-1.0205163026198978,-0.7479422989500017],""has_data"":true,""last_update_ts"":1784119731.7443063,""raw"":[17414,15291,17700]},""ring"":{""age_s"":0.009175300598144531,""channels"":3,""force"":[0.27928401875749564,0.25005417860999657],""has_data"":true,""last_update_ts"":1784119731.7443063,""raw"":[15787,16368,15627]},""thumb"":{""age_s"":0.009175300598144531,""channels"":3,""force"":[0.0,-2.220446049250313e-16],""has_data"":true,""last_update_ts"":1784119731.7443063,""raw"":[0,0,0]}}","{""ble"":{""connection_state"":""connected"",""counter"":1054393,""finger_order"":""DexterController.Visualizer"",""last_error"":null,""last_sample_age_s"":0.009205477996147238,""reconnect_count"":0,""sample_hz"":20.0,""sample_sequence"":303,""timestamp_us"":10696583616},""fingers"":{""index"":{""has_data"":true,""last_update_ts"":1784119731.7443063,""mapped"":true},""middle"":{""has_data"":true,""last_update_ts"":1784119731.7443063,""mapped"":true},""pinky"":{""has_data"":true,""last_update_ts"":1784119731.7443063,""mapped"":true},""ring"":{""has_data"":true,""last_update_ts"":1784119731.7443063,""mapped"":true},""thumb"":{""has_data"":true,""last_update_ts"":1784119731.7443063,""mapped"":true}},""ports"":{""available"":[""BLE:Dexter""],""unavailable"":[]}}"
1784119731.803631,1784119731.8034816,305,ble,"{""index"":{""age_s"":0.009170055389404297,""channels"":3,""force"":[-0.2552492495012544,-1.0565552252700021],""has_data"":true,""last_update_ts"":1784119731.7943115,""raw"":[16765,16234,18403]},""middle"":{""age_s"":0.009170055389404297,""channels"":3,""force"":[-0.37542309578245003,0.9716311646099998],""has_data"":true,""last_update_ts"":1784119731.7943115,""raw"":[16866,16085,14725]},""pinky"":{""age_s"":0.009170055389404297,""channels"":3,""force"":[-1.0200356072347727,-0.7498850062200013],""has_data"":true,""last_update_ts"":1784119731.7943115,""raw"":[17410,15288,17700]},""ring"":{""age_s"":0.009170055389404297,""channels"":3,""force"":[0.2768805418318703,0.2508867674399955],""has_data"":true,""last_update_ts"":1784119731.7943115,""raw"":[15791,16367,15627]},""thumb"":{""age_s"":0.009170055389404297,""channels"":3,""force"":[0.0,-2.220446049250313e-16],""has_data"":true,""last_update_ts"":1784119731.7943115,""raw"":[0,0,0]}}","{""ble"":{""connection_state"":""connected"",""counter"":1054398,""finger_order"":""DexterController.Visualizer"",""last_error"":null,""last_sample_age_s"":0.009202231987728737,""reconnect_count"":0,""sample_hz"":20.0,""sample_sequence"":304,""timestamp_us"":10696630656},""fingers"":{""index"":{""has_data"":true,""last_update_ts"":1784119731.7943115,""mapped"":true},""middle"":{""has_data"":true,""last_update_ts"":1784119731.7943115,""mapped"":true},""pinky"":{""has_data"":true,""last_update_ts"":1784119731.7943115,""mapped"":true},""ring"":{""has_data"":true,""last_update_ts"":1784119731.7943115,""mapped"":true},""thumb"":{""has_data"":true,""last_update_ts"":1784119731.7943115,""mapped"":true}},""ports"":{""available"":[""BLE:Dexter""],""unavailable"":[]}}"
1784119731.8537045,1784119731.8534813,306,ble,"{""index"":{""age_s"":0.009175539016723633,""channels"":3,""force"":[-0.32014312649310206,-1.9310510263800031],""has_data"":true,""last_update_ts"":1784119731.8443058,""raw"":[16305,15639,19451]},""middle"":{""age_s"":0.009175539016723633,""channels"":3,""force"":[-0.5609715144406131,1.9152318386099996],""has_data"":true,""last_update_ts"":1784119731.8443058,""raw"":[17651,16484,13617]},""pinky"":{""age_s"":0.009175539016723633,""channels"":3,""force"":[-1.0248425610860217,-0.7504400654400021],""has_data"":true,""last_update_ts"":1784119731.8443058,""raw"":[17422,15290,17708]},""ring"":{""age_s"":0.009175539016723633,""channels"":3,""force"":[0.27495776029137176,0.2531070043199968],""has_data"":true,""last_update_ts"":1784119731.8443058,""raw"":[15798,16370,15628]},""thumb"":{""age_s"":0.009175539016723633,""channels"":3,""force"":[0.0,-2.220446049250313e-16],""has_data"":true,""last_update_ts"":1784119731.8443058,""raw"":[0,0,0]}}","{""ble"":{""connection_state"":""connected"",""counter"":1054403,""finger_order"":""DexterController.Visualizer"",""last_error"":null,""last_sample_age_s"":0.009208784002112225,""reconnect_count"":0,""sample_hz"":20.0,""sample_sequence"":305,""timestamp_us"":10696677696},""fingers"":{""index"":{""has_data"":true,""last_update_ts"":1784119731.8443058,""mapped"":true},""middle"":{""has_data"":true,""last_update_ts"":1784119731.8443058,""mapped"":true},""pinky"":{""has_data"":true,""last_update_ts"":1784119731.8443058,""mapped"":true},""ring"":{""has_data"":true,""last_update_ts"":1784119731.8443058,""mapped"":true},""thumb"":{""has_data"":true,""last_update_ts"":1784119731.8443058,""mapped"":true}},""ports"":{""available"":[""BLE:Dexter""],""unavailable"":[]}}"
1784119731.903733,1784119731.903482,307,ble,"{""index"":{""age_s"":0.009176492691040039,""channels"":3,""force"":[-0.44079766815941923,-2.9087878424099998],""has_data"":true,""last_update_ts"":1784119731.8943055,""raw"":[15840,14923,20622]},""middle"":{""age_s"":0.009176492691040039,""channels"":3,""force"":[-0.8657323886097217,2.944866691709998],""has_data"":true,""last_update_ts"":1784119731.8943055,""raw"":[18596,16795,12390]},""pinky"":{""age_s"":0.009176492691040039,""channels"":3,""force"":[-1.0214776933901462,-0.7440568844100035],""has_data"":true,""last_update_ts"":1784119731.8943055,""raw"":[17415,15290,17693]},""ring"":{""age_s"":0.009176492691040039,""channels"":3,""force"":[0.2826488864533694,0.2586575965199982],""has_data"":true,""last_update_ts"":1784119731.8943055,""raw"":[15794,16382,15622]},""thumb"":{""age_s"":0.009176492691040039,""channels"":3,""force"":[0.0,-2.220446049250313e-16],""has_data"":true,""last_update_ts"":1784119731.8943055,""raw"":[0,0,0]}}","{""ble"":{""connection_state"":""connected"",""counter"":1054409,""finger_order"":""DexterController.Visualizer"",""last_error"":null,""last_sample_age_s"":0.009208132993080653,""reconnect_count"":0,""sample_hz"":20.0,""sample_sequence"":306,""timestamp_us"":10696734112},""fingers"":{""index"":{""has_data"":true,""last_update_ts"":1784119731.8943055,""mapped"":true},""middle"":{""has_data"":true,""last_update_ts"":1784119731.8943055,""mapped"":true},""pinky"":{""has_data"":true,""last_update_ts"":1784119731.8943055,""mapped"":true},""ring"":{""has_data"":true,""last_update_ts"":1784119731.8943055,""mapped"":true},""thumb"":{""has_data"":true,""last_update_ts"":1784119731.8943055,""mapped"":true}},""ports"":{""available"":[""BLE:Dexter""],""unavailable"":[]}}"
1784119731.9536426,1784119731.9534814,308,ble,"{""index"":{""age_s"":0.009174585342407227,""channels"":3,""force"":[-0.46435174203053364,-3.1077765727800015],""has_data"":true,""last_update_ts"":1784119731.9443069,""raw"":[15760,14794,20876]},""middle"":{""age_s"":0.009174585342407227,""channels"":3,""force"":[-0.9032266286494526,3.2967742371899984],""has_data"":true,""last_update_ts"":1784119731.9443069,""raw"":[18832,16953,11953]},""pinky"":{""age_s"":0.009174585342407227,""channels"":3,""force"":[-1.0176321303091491,-0.7529378319300033],""has_data"":true,""last_update_ts"":1784119731.9443069,""raw"":[17407,15290,17705]},""ring"":{""age_s"":0.009174585342407227,""channels"":3,""force"":[0.2783226279872455,0.2422833495299983],""has_data"":true,""last_update_ts"":1784119731.9443069,""raw"":[15780,16359,15633]},""thumb"":{""age_s"":0.009174585342407227,""channels"":3,""force"":[0.0,-2.220446049250313e-16],""has_data"":true,""last_update_ts"":1784119731.9443069,""raw"":[0,0,0]}}","{""ble"":{""connection_state"":""connected"",""counter"":1054411,""finger_order"":""DexterController.Visualizer"",""last_error"":null,""last_sample_age_s"":0.009205527996527962,""reconnect_count"":0,""sample_hz"":20.0,""sample_sequence"":307,""timestamp_us"":10696752896},""fingers"":{""index"":{""has_data"":true,""last_update_ts"":1784119731.9443069,""mapped"":true},""middle"":{""has_data"":true,""last_update_ts"":1784119731.9443069,""mapped"":true},""pinky"":{""has_data"":true,""last_update_ts"":1784119731.9443069,""mapped"":true},""ring"":{""has_data"":true,""last_update_ts"":1784119731.9443069,""mapped"":true},""thumb"":{""has_data"":true,""last_update_ts"":1784119731.9443069,""mapped"":true}},""ports"":{""available"":[""BLE:Dexter""],""unavailable"":[]}}"
1784119732.0036204,1784119732.003482,309,ble,"{""index"":{""age_s"":0.009175777435302734,""channels"":3,""force"":[-0.510017803617389,-4.472389665150002],""has_data"":true,""last_update_ts"":1784119731.9943063,""raw"":[15039,13978,22566]},""middle"":{""age_s"":0.009175777435302734,""channels"":3,""force"":[-0.7868983454492575,3.5698633734299996],""has_data"":true,""last_update_ts"":1784119731.9943063,""raw"":[18836,17199,11586]},""pinky"":{""age_s"":0.009175777435302734,""channels"":3,""force"":[-1.021477693390148,-0.7440568844099982],""has_data"":true,""last_update_ts"":1784119731.9943063,""raw"":[17413,15288,17691]},""ring"":{""age_s"":0.009175777435302734,""channels"":3,""force"":[0.28841723107486494,0.263653129499998],""has_data"":true,""last_update_ts"":1784119731.9943063,""raw"":[15796,16396,15621]},""thumb"":{""age_s"":0.009175777435302734,""channels"":3,""force"":[0.0,-2.220446049250313e-16],""has_data"":true,""last_update_ts"":1784119731.9943063,""raw"":[0,0,0]}}","{""ble"":{""connection_state"":""connected"",""counter"":1054421,""finger_order"":""DexterController.Visualizer"",""last_error"":null,""last_sample_age_s"":0.009203185996739194,""reconnect_count"":0,""sample_hz"":20.0,""sample_sequence"":308,""timestamp_us"":10696847296},""fingers"":{""index"":{""has_data"":true,""last_update_ts"":1784119731.9943063,""mapped"":true},""middle"":{""has_data"":true,""last_update_ts"":1784119731.9943063,""mapped"":true},""pinky"":{""has_data"":true,""last_update_ts"":1784119731.9943063,""mapped"":true},""ring"":{""has_data"":true,""last_update_ts"":1784119731.9943063,""mapped"":true},""thumb"":{""has_data"":true,""last_update_ts"":1784119731.9943063,""mapped"":true}},""ports"":{""available"":[""BLE:Dexter""],""unavailable"":[]}}"
1784119732.0536947,1784119732.0534806,310,ble,"{""index"":{""age_s"":0.009174823760986328,""channels"":3,""force"":[-0.4071489912006854,-4.53289112013],""has_data"":true,""last_update_ts"":1784119732.0443058,""raw"":[14889,14042,22632]},""middle"":{""age_s"":0.009174823760986328,""channels"":3,""force"":[-0.7354639392409084,3.469120124999998],""has_data"":true,""last_update_ts"":1784119732.0443058,""raw"":[18723,17193,11708]},""pinky"":{""age_s"":0.009174823760986328,""channels"":3,""force"":[-1.0238811703157698,-0.7487748877800016],""has_data"":true,""last_update_ts"":1784119732.0443058,""raw"":[17418,15288,17702]},""ring"":{""age_s"":0.009174823760986328,""channels"":3,""force"":[0.2739963695211216,0.24700135289999903],""has_data"":true,""last_update_ts"":1784119732.0443058,""raw"":[15792,16362,15632]},""thumb"":{""age_s"":0.009174823760986328,""channels"":3,""force"":[0.0,-2.220446049250313e-16],""has_data"":true,""last_update_ts"":1784119732.0443058,""raw"":[0,0,0]}}","{""ble"":{""connection_state"":""connected"",""counter"":1054424,""finger_order"":""DexterController.Visualizer"",""last_error"":null,""last_sample_age_s"":0.009205684997141361,""reconnect_count"":0,""sample_hz"":20.0,""sample_sequence"":309,""timestamp_us"":10696875392},""fingers"":{""index"":{""has_data"":true,""last_update_ts"":1784119732.0443058,""mapped"":true},""middle"":{""has_data"":true,""last_update_ts"":1784119732.0443058,""mapped"":true},""pinky"":{""has_data"":true,""last_update_ts"":1784119732.0443058,""mapped"":true},""ring"":{""has_data"":true,""last_update_ts"":1784119732.0443058,""mapped"":true},""thumb"":{""has_data"":true,""last_update_ts"":1784119732.0443058,""mapped"":true}},""ports"":{""available"":[""BLE:Dexter""],""unavailable"":[]}}"
1784119732.1036146,1784119732.1034727,311,ble,"{""index"":{""age_s"":0.009167194366455078,""channels"":3,""force"":[-0.3158168680269764,-4.572855383970002],""has_data"":true,""last_update_ts"":1784119732.0943055,""raw"":[14766,14109,22676]},""middle"":{""age_s"":0.009167194366455078,""channels"":3,""force"":[-0.7397901977070269,3.2645808024299994],""has_data"":true,""last_update_ts"":1784119732.0943055,""raw"":[18623,17084,11972]},""pinky"":{""age_s"":0.009167194366455078,""channels"":3,""force"":[-1.0238811703157733,-0.7504400654400003],""has_data"":true,""last_update_ts"":1784119732.0943055,""raw"":[17417,15287,17704]},""ring"":{""age_s"":0.009167194366455078,""channels"":3,""force"":[0.2754384556765004,0.2467238232899982],""has_data"":true,""last_update_ts"":1784119732.0943055,""raw"":[15791,16364,15633]},""thumb"":{""age_s"":0.009167194366455078,""channels"":3,""force"":[0.0,-2.220446049250313e-16],""has_data"":true,""last_update_ts"":1784119732.0943055,""raw"":[0,0,0]}}","{""ble"":{""connection_state"":""connected"",""counter"":1054430,""finger_order"":""DexterController.Visualizer"",""last_error"":null,""last_sample_age_s"":0.009197791005135514,""reconnect_count"":0,""sample_hz"":20.0,""sample_sequence"":310,""timestamp_us"":10696931904},""fingers"":{""index"":{""has_data"":true,""last_update_ts"":1784119732.0943055,""mapped"":true},""middle"":{""has_data"":true,""last_update_ts"":1784119732.0943055,""mapped"":true},""pinky"":{""has_data"":true,""last_update_ts"":1784119732.0943055,""mapped"":true},""ring"":{""has_data"":true,""last_update_ts"":1784119732.0943055,""mapped"":true},""thumb"":{""has_data"":true,""last_update_ts"":1784119732.0943055,""mapped"":true}},""ports"":{""available"":[""BLE:Dexter""],""unavailable"":[]}}"
1784119732.1537247,1784119732.1534789,312,ble,"{""index"":{""age_s"":0.009171247482299805,""channels"":3,""force"":[-0.2917820987707387,-4.524565231830002],""has_data"":true,""last_update_ts"":1784119732.1443076,""raw"":[14777,14170,22625]},""middle"":{""age_s"":0.009171247482299805,""channels"":3,""force"":[-0.7888211269897578,3.1890927485099976],""has_data"":true,""last_update_ts"":1784119732.1443076,""raw"":[18627,16986,12061]},""pinky"":{""age_s"":0.009171247482299805,""channels"":3,""force"":[-1.0258039518562718,-0.7465546509000012],""has_data"":true,""last_update_ts"":1784119732.1443076,""raw"":[17420,15286,17698]},""ring"":{""age_s"":0.009171247482299805,""channels"":3,""force"":[0.27303497875087146,0.251996885879997],""has_data"":true,""last_update_ts"":1784119732.1443076,""raw"":[15798,16366,15628]},""thumb"":{""age_s"":0.009171247482299805,""channels"":3,""force"":[0.0,-2.220446049250313e-16],""has_data"":true,""last_update_ts"":1784119732.1443076,""raw"":[0,0,0]}}","{""ble"":{""connection_state"":""connected"",""counter"":1054435,""finger_order"":""DexterController.Visualizer"",""last_error"":null,""last_sample_age_s"":0.009202821005601436,""reconnect_count"":0,""sample_hz"":20.0,""sample_sequence"":311,""timestamp_us"":10696978880},""fingers"":{""index"":{""has_data"":true,""last_update_ts"":1784119732.1443076,""mapped"":true},""middle"":{""has_data"":true,""last_update_ts"":1784119732.1443076,""mapped"":true},""pinky"":{""has_data"":true,""last_update_ts"":1784119732.1443076,""mapped"":true},""ring"":{""has_data"":true,""last_update_ts"":1784119732.1443076,""mapped"":true},""thumb"":{""has_data"":true,""last_update_ts"":1784119732.1443076,""mapped"":true}},""ports"":{""available"":[""BLE:Dexter""],""unavailable"":[]}}"
1784119732.203813,1784119732.2034864,313,ble,"{""index"":{""age_s"":0.009180307388305664,""channels"":3,""force"":[-0.28793653568973987,-4.310867432130004],""has_data"":true,""last_update_ts"":1784119732.1943061,""raw"":[14897,14298,22364]},""middle"":{""age_s"":0.009180307388305664,""channels"":3,""force"":[-0.9287034840610655,3.1782690937199973],""has_data"":true,""last_update_ts"":1784119732.1943061,""raw"":[18772,16840,12080]},""pinky"":{""age_s"":0.009180307388305664,""channels"":3,""force"":[-1.0219583887752712,-0.7448894732400024],""has_data"":true,""last_update_ts"":1784119732.1943061,""raw"":[17414,15288,17693]},""ring"":{""age_s"":0.009180307388305664,""channels"":3,""force"":[0.28312958183849446,0.2594901853499989],""has_data"":true,""last_update_ts"":1784119732.1943061,""raw"":[15796,16385,15623]},""thumb"":{""age_s"":0.009180307388305664,""channels"":3,""force"":[0.0,-2.220446049250313e-16],""has_data"":true,""last_update_ts"":1784119732.1943061,""raw"":[0,0,0]}}","{""ble"":{""connection_state"":""connected"",""counter"":1054441,""finger_order"":""DexterController.Visualizer"",""last_error"":null,""last_sample_age_s"":0.009212127013597637,""reconnect_count"":0,""sample_hz"":20.0,""sample_sequence"":312,""timestamp_us"":10697035424},""fingers"":{""index"":{""has_data"":true,""last_update_ts"":1784119732.1943061,""mapped"":true},""middle"":{""has_data"":true,""last_update_ts"":1784119732.1943061,""mapped"":true},""pinky"":{""has_data"":true,""last_update_ts"":1784119732.1943061,""mapped"":true},""ring"":{""has_data"":true,""last_update_ts"":1784119732.1943061,""mapped"":true},""thumb"":{""has_data"":true,""last_update_ts"":1784119732.1943061,""mapped"":true}},""ports"":{""available"":[""BLE:Dexter""],""unavailable"":[]}}"
1784119732.2537348,1784119732.253481,314,ble,"{""index"":{""age_s"":0.00917363166809082,""channels"":3,""force"":[-0.24034769256238775,-4.066918904940001],""has_data"":true,""last_update_ts"":1784119732.2443073,""raw"":[14978,14478,22055]},""middle"":{""age_s"":0.00917363166809082,""channels"":3,""force"":[-0.9065914963453281,3.066702190499999],""has_data"":true,""last_update_ts"":1784119732.2443073,""raw"":[18687,16801,12219]},""pinky"":{""age_s"":0.00917363166809082,""channels"":3,""force"":[-1.0234004749306465,-0.7451670028500006],""has_data"":true,""last_update_ts"":1784119732.2443073,""raw"":[17418,15289,17696]},""ring"":{""age_s"":0.00917363166809082,""channels"":3,""force"":[0.27255428336574816,0.2461687640700001],""has_data"":true,""last_update_ts"":1784119732.2443073,""raw"":[15799,16366,15639]},""thumb"":{""age_s"":0.00917363166809082,""channels"":3,""force"":[0.0,-2.220446049250313e-16],""has_data"":true,""last_update_ts"":1784119732.2443073,""raw"":[0,0,0]}}","{""ble"":{""connection_state"":""connected"",""counter"":1054446,""finger_order"":""DexterController.Visualizer"",""last_error"":null,""last_sample_age_s"":0.009206818009261042,""reconnect_count"":0,""sample_hz"":20.0,""sample_sequence"":313,""timestamp_us"":10697082368},""fingers"":{""index"":{""has_data"":true,""last_update_ts"":1784119732.2443073,""mapped"":true},""middle"":{""has_data"":true,""last_update_ts"":1784119732.2443073,""mapped"":true},""pinky"":{""has_data"":true,""last_update_ts"":1784119732.2443073,""mapped"":true},""ring"":{""has_data"":true,""last_update_ts"":1784119732.2443073,""mapped"":true},""thumb"":{""has_data"":true,""last_update_ts"":1784119732.2443073,""mapped"":true}},""ports"":{""available"":[""BLE:Dexter""],""unavailable"":[]}}"
1784119732.3037174,1784119732.3035343,315,ble,"{""index"":{""age_s"":0.009224176406860352,""channels"":3,""force"":[-0.24082838794751282,-4.01002533489],""has_data"":true,""last_update_ts"":1784119732.29431,""raw"":[15005,14504,21979]},""middle"":{""age_s"":0.009224176406860352,""channels"":3,""force"":[-0.9046687148048278,3.011751327719998],""has_data"":true,""last_update_ts"":1784119732.29431,""raw"":[18665,16783,12298]},""pinky"":{""age_s"":0.009224176406860352,""channels"":3,""force"":[-1.018593521079401,-0.7457220620700014],""has_data"":true,""last_update_ts"":1784119732.29431,""raw"":[17413,15294,17697]},""ring"":{""age_s"":0.009224176406860352,""channels"":3,""force"":[0.2831295818384927,0.2583800669099974],""has_data"":true,""last_update_ts"":1784119732.29431,""raw"":[15794,16383,15623]},""thumb"":{""age_s"":0.009224176406860352,""channels"":3,""force"":[0.0,-2.220446049250313e-16],""has_data"":true,""last_update_ts"":1784119732.29431,""raw"":[0,0,0]}}","{""ble"":{""connection_state"":""connected"",""counter"":1054447,""finger_order"":""DexterController.Visualizer"",""last_error"":null,""last_sample_age_s"":0.00925419299164787,""reconnect_count"":0,""sample_hz"":20.0,""sample_sequence"":314,""timestamp_us"":10697091680},""fingers"":{""index"":{""has_data"":true,""last_update_ts"":1784119732.29431,""mapped"":true},""middle"":{""has_data"":true,""last_update_ts"":1784119732.29431,""mapped"":true},""pinky"":{""has_data"":true,""last_update_ts"":1784119732.29431,""mapped"":true},""ring"":{""has_data"":true,""last_update_ts"":1784119732.29431,""mapped"":true},""thumb"":{""has_data"":true,""last_update_ts"":1784119732.29431,""mapped"":true}},""ports"":{""available"":[""BLE:Dexter""],""unavailable"":[]}}"
1784119732.3537061,1784119732.3534808,316,ble,"{""index"":{""age_s"":0.00917506217956543,""channels"":3,""force"":[-0.14949626477380562,-1.800334580070003],""has_data"":true,""last_update_ts"":1784119732.3443058,""raw"":[16151,15840,19239]},""middle"":{""age_s"":0.00917506217956543,""channels"":3,""force"":[-0.4806953851247773,2.275187742779999],""has_data"":true,""last_update_ts"":1784119732.3443058,""raw"":[17808,16808,13209]},""pinky"":{""age_s"":0.00917506217956543,""channels"":3,""force"":[-1.0234004749306447,-0.749607476610004],""has_data"":true,""last_update_ts"":1784119732.3443058,""raw"":[17415,15286,17701]},""ring"":{""age_s"":0.00917506217956543,""channels"":3,""force"":[0.28361027722361953,0.25810253729999744],""has_data"":true,""last_update_ts"":1784119732.3443058,""raw"":[15799,16389,15629]},""thumb"":{""age_s"":0.00917506217956543,""channels"":3,""force"":[0.0,-2.220446049250313e-16],""has_data"":true,""last_update_ts"":1784119732.3443058,""raw"":[0,0,0]}}","{""ble"":{""connection_state"":""connected"",""counter"":1054458,""finger_order"":""DexterController.Visualizer"",""last_error"":null,""last_sample_age_s"":0.009204884001519531,""reconnect_count"":0,""sample_hz"":20.0,""sample_sequence"":315,""timestamp_us"":10697195392},""fingers"":{""index"":{""has_data"":true,""last_update_ts"":1784119732.3443058,""mapped"":true},""middle"":{""has_data"":true,""last_update_ts"":1784119732.3443058,""mapped"":true},""pinky"":{""has_data"":true,""last_update_ts"":1784119732.3443058,""mapped"":true},""ring"":{""has_data"":true,""last_update_ts"":1784119732.3443058,""mapped"":true},""thumb"":{""has_data"":true,""last_update_ts"":1784119732.3443058,""mapped"":true}},""ports"":{""available"":[""BLE:Dexter""],""unavailable"":[]}}"
1784119732.4036152,1784119732.4034686,317,ble,"{""index"":{""age_s"":0.009162664413452148,""channels"":3,""force"":[-0.18170285557716426,-1.025194379340002],""has_data"":true,""last_update_ts"":1784119732.394306,""raw"":[16672,16294,18330]},""middle"":{""age_s"":0.009162664413452148,""channels"":3,""force"":[-0.32543077572947254,1.9318836152099976],""has_data"":true,""last_update_ts"":1784119732.394306,""raw"":[17423,16746,13604]},""pinky"":{""age_s"":0.009162664413452148,""channels"":3,""force"":[-1.0190742164645226,-0.7593210129600001],""has_data"":true,""last_update_ts"":1784119732.394306,""raw"":[17407,15287,17715]},""ring"":{""age_s"":0.009162664413452148,""channels"":3,""force"":[0.27111219721037116,0.2542171227599983],""has_data"":true,""last_update_ts"":1784119732.394306,""raw"":[15805,16369,15629]},""thumb"":{""age_s"":0.009162664413452148,""channels"":3,""force"":[0.0,-2.220446049250313e-16],""has_data"":true,""last_update_ts"":1784119732.394306,""raw"":[0,0,0]}}","{""ble"":{""connection_state"":""connected"",""counter"":1054462,""finger_order"":""DexterController.Visualizer"",""last_error"":null,""last_sample_age_s"":0.00918916599766817,""reconnect_count"":0,""sample_hz"":20.0,""sample_sequence"":316,""timestamp_us"":10697233024},""fingers"":{""index"":{""has_data"":true,""last_update_ts"":1784119732.394306,""mapped"":true},""middle"":{""has_data"":true,""last_update_ts"":1784119732.394306,""mapped"":true},""pinky"":{""has_data"":true,""last_update_ts"":1784119732.394306,""mapped"":true},""ring"":{""has_data"":true,""last_update_ts"":1784119732.394306,""mapped"":true},""thumb"":{""has_data"":true,""last_update_ts"":1784119732.394306,""mapped"":true}},""ports"":{""available"":[""BLE:Dexter""],""unavailable"":[]}}"
1784119732.4536455,1784119732.4534807,318,ble,"{""index"":{""age_s"":0.009175300598144531,""channels"":3,""force"":[-0.19804649867140967,-0.616115734200001],""has_data"":true,""last_update_ts"":1784119732.4443054,""raw"":[16935,16523,17839]},""middle"":{""age_s"":0.009175300598144531,""channels"":3,""force"":[-0.21054457868465093,1.408740300359998],""has_data"":true,""last_update_ts"":1784119732.4443054,""raw"":[16962,16524,14205]},""pinky"":{""age_s"":0.009175300598144531,""channels"":3,""force"":[-1.0224390841603999,-0.7451670028499997],""has_data"":true,""last_update_ts"":1784119732.4443054,""raw"":[17417,15290,17696]},""ring"":{""age_s"":0.009175300598144531,""channels"":3,""force"":[0.2763998464467434,0.24838900094999694],""has_data"":true,""last_update_ts"":1784119732.4443054,""raw"":[15796,16371,15636]},""thumb"":{""age_s"":0.009175300598144531,""channels"":3,""force"":[0.0,-2.220446049250313e-16],""has_data"":true,""last_update_ts"":1784119732.4443054,""raw"":[0,0,0]}}","{""ble"":{""connection_state"":""connected"",""counter"":1054467,""finger_order"":""DexterController.Visualizer"",""last_error"":null,""last_sample_age_s"":0.009207459006574936,""reconnect_count"":0,""sample_hz"":20.0,""sample_sequence"":317,""timestamp_us"":10697280096},""fingers"":{""index"":{""has_data"":true,""last_update_ts"":1784119732.4443054,""mapped"":true},""middle"":{""has_data"":true,""last_update_ts"":1784119732.4443054,""mapped"":true},""pinky"":{""has_data"":true,""last_update_ts"":1784119732.4443054,""mapped"":true},""ring"":{""has_data"":true,""last_update_ts"":1784119732.4443054,""mapped"":true},""thumb"":{""has_data"":true,""last_update_ts"":1784119732.4443054,""mapped"":true}},""ports"":{""available"":[""BLE:Dexter""],""unavailable"":[]}}"
1784119732.5036232,1784119732.5034702,319,ble,"{""index"":{""age_s"":0.009165525436401367,""channels"":3,""force"":[-0.18699050481354007,-0.33553329849000146],""has_data"":true,""last_update_ts"":1784119732.4943047,""raw"":[17088,16699,17498]},""middle"":{""age_s"":0.009165525436401367,""channels"":3,""force"":[-0.17449242480029348,1.0099302507899974],""has_data"":true,""last_update_ts"":1784119732.4943047,""raw"":[16670,16307,14669]},""pinky"":{""age_s"":0.009165525436401367,""channels"":3,""force"":[-1.021477693390148,-0.7429467659700029],""has_data"":true,""last_update_ts"":1784119732.4943047,""raw"":[17412,15287,17688]},""ring"":{""age_s"":0.009165525436401367,""channels"":3,""force"":[0.2821681910682443,0.258935126129999],""has_data"":true,""last_update_ts"":1784119732.4943047,""raw"":[15798,16385,15625]},""thumb"":{""age_s"":0.009165525436401367,""channels"":3,""force"":[0.0,-2.220446049250313e-16],""has_data"":true,""last_update_ts"":1784119732.4943047,""raw"":[0,0,0]}}","{""ble"":{""connection_state"":""connected"",""counter"":1054473,""finger_order"":""DexterController.Visualizer"",""last_error"":null,""last_sample_age_s"":0.009197291001328267,""reconnect_count"":0,""sample_hz"":20.0,""sample_sequence"":318,""timestamp_us"":10697336448},""fingers"":{""index"":{""has_data"":true,""last_update_ts"":1784119732.4943047,""mapped"":true},""middle"":{""has_data"":true,""last_update_ts"":1784119732.4943047,""mapped"":true},""pinky"":{""has_data"":true,""last_update_ts"":1784119732.4943047,""mapped"":true},""ring"":{""has_data"":true,""last_update_ts"":1784119732.4943047,""mapped"":true},""thumb"":{""has_data"":true,""last_update_ts"":1784119732.4943047,""mapped"":true}},""ports"":{""available"":[""BLE:Dexter""],""unavailable"":[]}}"
1784119732.5537188,1784119732.5534804,320,ble,"{""index"":{""age_s"":0.009173154830932617,""channels"":3,""force"":[-0.141805138611808,-0.33442318004999994],""has_data"":true,""last_update_ts"":1784119732.5443072,""raw"":[17038,16743,17493]},""middle"":{""age_s"":0.009173154830932617,""channels"":3,""force"":[-0.14709278784818025,0.948041147759997],""has_data"":true,""last_update_ts"":1784119732.5443072,""raw"":[16602,16296,14741]},""pinky"":{""age_s"":0.009173154830932617,""channels"":3,""force"":[-1.0234004749306482,-0.7468321805100029],""has_data"":true,""last_update_ts"":1784119732.5443072,""raw"":[17420,15291,17701]},""ring"":{""age_s"":0.009173154830932617,""channels"":3,""force"":[0.2783226279872455,0.24949911938999936],""has_data"":true,""last_update_ts"":1784119732.5443072,""raw"":[15790,16369,15630]},""thumb"":{""age_s"":0.009173154830932617,""channels"":3,""force"":[0.0,-2.220446049250313e-16],""has_data"":true,""last_update_ts"":1784119732.5443072,""raw"":[0,0,0]}}","{""ble"":{""connection_state"":""connected"",""counter"":1054478,""finger_order"":""DexterController.Visualizer"",""last_error"":null,""last_sample_age_s"":0.009203552006511018,""reconnect_count"":0,""sample_hz"":20.0,""sample_sequence"":319,""timestamp_us"":10697383520},""fingers"":{""index"":{""has_data"":true,""last_update_ts"":1784119732.5443072,""mapped"":true},""middle"":{""has_data"":true,""last_update_ts"":1784119732.5443072,""mapped"":true},""pinky"":{""has_data"":true,""last_update_ts"":1784119732.5443072,""mapped"":true},""ring"":{""has_data"":true,""last_update_ts"":1784119732.5443072,""mapped"":true},""thumb"":{""has_data"":true,""last_update_ts"":1784119732.5443072,""mapped"":true}},""ports"":{""available"":[""BLE:Dexter""],""unavailable"":[]}}"
1784119732.6037354,1784119732.6034913,321,ble,"{""index"":{""age_s"":0.00917196273803711,""channels"":3,""force"":[-0.1413244432266847,-0.3424715387400026],""has_data"":true,""last_update_ts"":1784119732.5943193,""raw"":[17038,16744,17508]},""middle"":{""age_s"":0.00917196273803711,""channels"":3,""force"":[-0.15959086786142684,0.931944430379998],""has_data"":true,""last_update_ts"":1784119732.5943193,""raw"":[16616,16284,14771]},""pinky"":{""age_s"":0.00917196273803711,""channels"":3,""force"":[-1.0234004749306465,-0.751272654270001],""has_data"":true,""last_update_ts"":1784119732.5943193,""raw"":[17418,15289,17707]},""ring"":{""age_s"":0.00917196273803711,""channels"":3,""force"":[0.2773612372169936,0.24783394172999884],""has_data"":true,""last_update_ts"":1784119732.5943193,""raw"":[15790,16367,15632]},""thumb"":{""age_s"":0.00917196273803711,""channels"":3,""force"":[0.0,-2.220446049250313e-16],""has_data"":true,""last_update_ts"":1784119732.5943193,""raw"":[0,0,0]}}","{""ble"":{""connection_state"":""connected"",""counter"":1054481,""finger_order"":""DexterController.Visualizer"",""last_error"":null,""last_sample_age_s"":0.009220831998391077,""reconnect_count"":0,""sample_hz"":20.0,""sample_sequence"":320,""timestamp_us"":10697411712},""fingers"":{""index"":{""has_data"":true,""last_update_ts"":1784119732.5943193,""mapped"":true},""middle"":{""has_data"":true,""last_update_ts"":1784119732.5943193,""mapped"":true},""pinky"":{""has_data"":true,""last_update_ts"":1784119732.5943193,""mapped"":true},""ring"":{""has_data"":true,""last_update_ts"":1784119732.5943193,""mapped"":true},""thumb"":{""has_data"":true,""last_update_ts"":1784119732.5943193,""mapped"":true}},""ports"":{""available"":[""BLE:Dexter""],""unavailable"":[]}}"
1784119732.6536217,1784119732.6534743,322,ble,"{""index"":{""age_s"":0.00916743278503418,""channels"":3,""force"":[-0.15141904631430592,-0.3804930953100012],""has_data"":true,""last_update_ts"":1784119732.644307,""raw"":[17027,16712,17555]},""middle"":{""age_s"":0.00916743278503418,""channels"":3,""force"":[-0.1932395448201607,0.9180679498799966],""has_data"":true,""last_update_ts"":1784119732.644307,""raw"":[16641,16239,14786]},""pinky"":{""age_s"":0.00916743278503418,""channels"":3,""force"":[-1.0253232564711467,-0.7490524173899988],""has_data"":true,""last_update_ts"":1784119732.644307,""raw"":[17420,15287,17703]},""ring"":{""age_s"":0.00916743278503418,""channels"":3,""force"":[0.2788033233723688,0.24755641211999801],""has_data"":true,""last_update_ts"":1784119732.644307,""raw"":[15791,16371,15635]},""thumb"":{""age_s"":0.00916743278503418,""channels"":3,""force"":[0.0,-2.220446049250313e-16],""has_data"":true,""last_update_ts"":1784119732.644307,""raw"":[0,0,0]}}","{""ble"":{""connection_state"":""connected"",""counter"":1054489,""finger_order"":""DexterController.Visualizer"",""last_error"":null,""last_sample_age_s"":0.009194546000799164,""reconnect_count"":0,""sample_hz"":20.0,""sample_sequence"":321,""timestamp_us"":10697487264},""fingers"":{""index"":{""has_data"":true,""last_update_ts"":1784119732.644307,""mapped"":true},""middle"":{""has_data"":true,""last_update_ts"":1784119732.644307,""mapped"":true},""pinky"":{""has_data"":true,""last_update_ts"":1784119732.644307,""mapped"":true},""ring"":{""has_data"":true,""last_update_ts"":1784119732.644307,""mapped"":true},""thumb"":{""has_data"":true,""last_update_ts"":1784119732.644307,""mapped"":true}},""ports"":{""available"":[""BLE:Dexter""],""unavailable"":[]}}"
1784119732.7037547,1784119732.7034805,323,ble,"{""index"":{""age_s"":0.009123563766479492,""channels"":3,""force"":[-0.12161593243656554,-0.4176820630500009],""has_data"":true,""last_update_ts"":1784119732.694357,""raw"":[16979,16726,17605]},""middle"":{""age_s"":0.009123563766479492,""channels"":3,""force"":[-0.18602911404328815,0.7795806744899973],""has_data"":true,""last_update_ts"":1784119732.694357,""raw"":[16560,16173,14962]},""pinky"":{""age_s"":0.009123563766479492,""channels"":3,""force"":[-1.0205163026198996,-0.7490524173900024],""has_data"":true,""last_update_ts"":1784119732.694357,""raw"":[17413,15290,17701]},""ring"":{""age_s"":0.009123563766479492,""channels"":3,""force"":[0.27736123721699535,0.24949911938999936],""has_data"":true,""last_update_ts"":1784119732.694357,""raw"":[15793,16370,15632]},""thumb"":{""age_s"":0.009123563766479492,""channels"":3,""force"":[0.0,-2.220446049250313e-16],""has_data"":true,""last_update_ts"":1784119732.694357,""raw"":[0,0,0]}}","{""ble"":{""connection_state"":""connected"",""counter"":1054493,""finger_order"":""DexterController.Visualizer"",""last_error"":null,""last_sample_age_s"":0.009167145006358624,""reconnect_count"":0,""sample_hz"":20.0,""sample_sequence"":322,""timestamp_us"":10697524736},""fingers"":{""index"":{""has_data"":true,""last_update_ts"":1784119732.694357,""mapped"":true},""middle"":{""has_data"":true,""last_update_ts"":1784119732.694357,""mapped"":true},""pinky"":{""has_data"":true,""last_update_ts"":1784119732.694357,""mapped"":true},""ring"":{""has_data"":true,""last_update_ts"":1784119732.694357,""mapped"":true},""thumb"":{""has_data"":true,""last_update_ts"":1784119732.694357,""mapped"":true}},""ports"":{""available"":[""BLE:Dexter""],""unavailable"":[]}}"
1784119732.7536192,1784119732.7534792,324,ble,"{""index"":{""age_s"":0.009170770645141602,""channels"":3,""force"":[0.06297109545134383,-0.30333986373000155],""has_data"":true,""last_update_ts"":1784119732.7443085,""raw"":[16865,16996,17477]},""middle"":{""age_s"":0.009170770645141602,""channels"":3,""force"":[-0.0658552677620925,-0.25949018535000157],""has_data"":true,""last_update_ts"":1784119732.7443085,""raw"":[15803,15666,16202]},""pinky"":{""age_s"":0.009170770645141602,""channels"":3,""force"":[-1.0200356072347727,-0.7454445324600005],""has_data"":true,""last_update_ts"":1784119732.7443085,""raw"":[17414,15292,17696]},""ring"":{""age_s"":0.009170770645141602,""channels"":3,""force"":[0.28409097260874283,0.25838006690999826],""has_data"":true,""last_update_ts"":1784119732.7443085,""raw"":[15796,16387,15626]},""thumb"":{""age_s"":0.009170770645141602,""channels"":3,""force"":[0.0,-2.220446049250313e-16],""has_data"":true,""last_update_ts"":1784119732.7443085,""raw"":[0,0,0]}}","{""ble"":{""connection_state"":""connected"",""counter"":1054499,""finger_order"":""DexterController.Visualizer"",""last_error"":null,""last_sample_age_s"":0.00919793099456001,""reconnect_count"":0,""sample_hz"":20.0,""sample_sequence"":323,""timestamp_us"":10697581408},""fingers"":{""index"":{""has_data"":true,""last_update_ts"":1784119732.7443085,""mapped"":true},""middle"":{""has_data"":true,""last_update_ts"":1784119732.7443085,""mapped"":true},""pinky"":{""has_data"":true,""last_update_ts"":1784119732.7443085,""mapped"":true},""ring"":{""has_data"":true,""last_update_ts"":1784119732.7443085,""mapped"":true},""thumb"":{""has_data"":true,""last_update_ts"":1784119732.7443085,""mapped"":true}},""ports"":{""available"":[""BLE:Dexter""],""unavailable"":[]}}"
1784119732.8036082,1784119732.8034596,325,ble,"{""index"":{""age_s"":0.009153127670288086,""channels"":3,""force"":[0.3283149480402212,0.19454825660999653],""has_data"":true,""last_update_ts"":1784119732.7943065,""raw"":[16876,17559,16867]},""middle"":{""age_s"":0.009153127670288086,""channels"":3,""force"":[0.011055993857869595,-1.4123481852900008],""has_data"":true,""last_update_ts"":1784119732.7943065,""raw"":[15089,15112,17645]},""pinky"":{""age_s"":0.009153127670288086,""channels"":3,""force"":[-1.0200356072347745,-0.7454445324599996],""has_data"":true,""last_update_ts"":1784119732.7943065,""raw"":[17413,15291,17695]},""ring"":{""age_s"":0.009153127670288086,""channels"":3,""force"":[0.2773612372169971,0.25005417860999835],""has_data"":true,""last_update_ts"":1784119732.7943065,""raw"":[15800,16377,15638]},""thumb"":{""age_s"":0.009153127670288086,""channels"":3,""force"":[0.0,-2.220446049250313e-16],""has_data"":true,""last_update_ts"":1784119732.7943065,""raw"":[0,0,0]}}","{""ble"":{""connection_state"":""connected"",""counter"":1054504,""finger_order"":""DexterController.Visualizer"",""last_error"":null,""last_sample_age_s"":0.009181090994388796,""reconnect_count"":0,""sample_hz"":20.0,""sample_sequence"":324,""timestamp_us"":10697628384},""fingers"":{""index"":{""has_data"":true,""last_update_ts"":1784119732.7943065,""mapped"":true},""middle"":{""has_data"":true,""last_update_ts"":1784119732.7943065,""mapped"":true},""pinky"":{""has_data"":true,""last_update_ts"":1784119732.7943065,""mapped"":true},""ring"":{""has_data"":true,""last_update_ts"":1784119732.7943065,""mapped"":true},""thumb"":{""has_data"":true,""last_update_ts"":1784119732.7943065,""mapped"":true}},""ports"":{""available"":[""BLE:Dexter""],""unavailable"":[]}}"
1784119732.8537228,1784119732.8534877,326,ble,"{""index"":{""age_s"":0.009141683578491211,""channels"":3,""force"":[0.49223207436777017,0.5500636870199989],""has_data"":true,""last_update_ts"":1784119732.844346,""raw"":[16896,17920,16417]},""middle"":{""age_s"":0.009141683578491211,""channels"":3,""force"":[-0.028841723107486672,-2.596567031160002],""has_data"":true,""last_update_ts"":1784119732.844346,""raw"":[14444,14384,19092]},""pinky"":{""age_s"":0.009141683578491211,""channels"":3,""force"":[-1.0185935210793975,-0.7529378319300033],""has_data"":true,""last_update_ts"":1784119732.844346,""raw"":[17411,15292,17708]},""ring"":{""age_s"":0.009141683578491211,""channels"":3,""force"":[0.276399846446747,0.24616876406999832],""has_data"":true,""last_update_ts"":1784119732.844346,""raw"":[15790,16365,15634]},""thumb"":{""age_s"":0.009141683578491211,""channels"":3,""force"":[0.0,-2.220446049250313e-16],""has_data"":true,""last_update_ts"":1784119732.844346,""raw"":[0,0,0]}}","{""ble"":{""connection_state"":""connected"",""counter"":1054510,""finger_order"":""DexterController.Visualizer"",""last_error"":null,""last_sample_age_s"":0.009184537004330195,""reconnect_count"":0,""sample_hz"":20.0,""sample_sequence"":325,""timestamp_us"":10697684928},""fingers"":{""index"":{""has_data"":true,""last_update_ts"":1784119732.844346,""mapped"":true},""middle"":{""has_data"":true,""last_update_ts"":1784119732.844346,""mapped"":true},""pinky"":{""has_data"":true,""last_update_ts"":1784119732.844346,""mapped"":true},""ring"":{""has_data"":true,""last_update_ts"":1784119732.844346,""mapped"":true},""thumb"":{""has_data"":true,""last_update_ts"":1784119732.844346,""mapped"":true}},""ports"":{""available"":[""BLE:Dexter""],""unavailable"":[]}}"
1784119732.9035966,1784119732.903462,327,ble,"{""index"":{""age_s"":0.009155511856079102,""channels"":3,""force"":[0.573950289838983,1.0318550899799988],""has_data"":true,""last_update_ts"":1784119732.8943064,""raw"":[17115,18309,15853]},""middle"":{""age_s"":0.009155511856079102,""channels"":3,""force"":[-0.07402708930921609,-3.2038018178400014],""has_data"":true,""last_update_ts"":1784119732.8943064,""raw"":[14135,13981,19830]},""pinky"":{""age_s"":0.009155511856079102,""channels"":3,""force"":[-1.022919779545525,-0.7476647693400009],""has_data"":true,""last_update_ts"":1784119732.8943064,""raw"":[17417,15289,17700]},""ring"":{""age_s"":0.009155511856079102,""channels"":3,""force"":[0.2739963695211234,0.2503317082199974],""has_data"":true,""last_update_ts"":1784119732.8943064,""raw"":[15799,16369,15633]},""thumb"":{""age_s"":0.009155511856079102,""channels"":3,""force"":[0.0,-2.220446049250313e-16],""has_data"":true,""last_update_ts"":1784119732.8943064,""raw"":[0,0,0]}}","{""ble"":{""connection_state"":""connected"",""counter"":1054515,""finger_order"":""DexterController.Visualizer"",""last_error"":null,""last_sample_age_s"":0.009182973997667432,""reconnect_count"":0,""sample_hz"":20.0,""sample_sequence"":326,""timestamp_us"":10697731872},""fingers"":{""index"":{""has_data"":true,""last_update_ts"":1784119732.8943064,""mapped"":true},""middle"":{""has_data"":true,""last_update_ts"":1784119732.8943064,""mapped"":true},""pinky"":{""has_data"":true,""last_update_ts"":1784119732.8943064,""mapped"":true},""ring"":{""has_data"":true,""last_update_ts"":1784119732.8943064,""mapped"":true},""thumb"":{""has_data"":true,""last_update_ts"":1784119732.8943064,""mapped"":true}},""ports"":{""available"":[""BLE:Dexter""],""unavailable"":[]}}"
1784119732.9537284,1784119732.9534876,328,ble,"{""index"":{""age_s"":0.009133100509643555,""channels"":3,""force"":[0.6455739022225764,1.3807098097499964],""has_data"":true,""last_update_ts"":1784119732.9443545,""raw"":[17259,18602,15443]},""middle"":{""age_s"":0.009133100509643555,""channels"":3,""force"":[-0.12257732320681658,-3.5609824259100007],""has_data"":true,""last_update_ts"":1784119732.9443545,""raw"":[13975,13720,20263]},""pinky"":{""age_s"":0.009133100509643555,""channels"":3,""force"":[-1.02484256108602,-0.7454445324600023],""has_data"":true,""last_update_ts"":1784119732.9443545,""raw"":[17415,15283,17692]},""ring"":{""age_s"":0.009133100509643555,""channels"":3,""force"":[0.2773612372169971,0.25005417860999657],""has_data"":true,""last_update_ts"":1784119732.9443545,""raw"":[15791,16368,15629]},""thumb"":{""age_s"":0.009133100509643555,""channels"":3,""force"":[0.0,-2.220446049250313e-16],""has_data"":true,""last_update_ts"":1784119732.9443545,""raw"":[0,0,0]}}","{""ble"":{""connection_state"":""connected"",""counter"":1054520,""finger_order"":""DexterController.Visualizer"",""last_error"":null,""last_sample_age_s"":0.0091760119976243,""reconnect_count"":0,""sample_hz"":20.0,""sample_sequence"":327,""timestamp_us"":10697778816},""fingers"":{""index"":{""has_data"":true,""last_update_ts"":1784119732.9443545,""mapped"":true},""middle"":{""has_data"":true,""last_update_ts"":1784119732.9443545,""mapped"":true},""pinky"":{""has_data"":true,""last_update_ts"":1784119732.9443545,""mapped"":true},""ring"":{""has_data"":true,""last_update_ts"":1784119732.9443545,""mapped"":true},""thumb"":{""has_data"":true,""last_update_ts"":1784119732.9443545,""mapped"":true}},""ports"":{""available"":[""BLE:Dexter""],""unavailable"":[]}}"
1784119733.0036068,1784119733.0034592,329,ble,"{""index"":{""age_s"":0.009152889251708984,""channels"":3,""force"":[0.6797032745664335,1.3709962733999967],""has_data"":true,""last_update_ts"":1784119732.9943063,""raw"":[17185,18599,15422]},""middle"":{""age_s"":0.009152889251708984,""channels"":3,""force"":[-0.0831603016265845,-3.8956831355700006],""has_data"":true,""last_update_ts"":1784119732.9943063,""raw"":[13779,13606,20711]},""pinky"":{""age_s"":0.009152889251708984,""channels"":3,""force"":[-1.0190742164645243,-0.7482198285600017],""has_data"":true,""last_update_ts"":1784119732.9943063,""raw"":[17410,15290,17698]},""ring"":{""age_s"":0.009152889251708984,""channels"":3,""force"":[0.2840909726087446,0.23950805342999804],""has_data"":true,""last_update_ts"":1784119732.9943063,""raw"":[15783,16374,15647]},""thumb"":{""age_s"":0.009152889251708984,""channels"":3,""force"":[0.0,-2.220446049250313e-16],""has_data"":true,""last_update_ts"":1784119732.9943063,""raw"":[0,0,0]}}","{""ble"":{""connection_state"":""connected"",""counter"":1054526,""finger_order"":""DexterController.Visualizer"",""last_error"":null,""last_sample_age_s"":0.009180982990073971,""reconnect_count"":0,""sample_hz"":20.0,""sample_sequence"":328,""timestamp_us"":10697835392},""fingers"":{""index"":{""has_data"":true,""last_update_ts"":1784119732.9943063,""mapped"":true},""middle"":{""has_data"":true,""last_update_ts"":1784119732.9943063,""mapped"":true},""pinky"":{""has_data"":true,""last_update_ts"":1784119732.9943063,""mapped"":true},""ring"":{""has_data"":true,""last_update_ts"":1784119732.9943063,""mapped"":true},""thumb"":{""has_data"":true,""last_update_ts"":1784119732.9943063,""mapped"":true}},""ports"":{""available"":[""BLE:Dexter""],""unavailable"":[]}}"
1784119733.053718,1784119733.0534866,330,ble,"{""index"":{""age_s"":0.0091400146484375,""channels"":3,""force"":[0.7080643022887934,1.154800707209998],""has_data"":true,""last_update_ts"":1784119733.0443466,""raw"":[16990,18463,15646]},""middle"":{""age_s"":0.0091400146484375,""channels"":3,""force"":[-0.03845563080998193,-4.126865300700002],""has_data"":true,""last_update_ts"":1784119733.0443466,""raw"":[13643,13563,21038]},""pinky"":{""age_s"":0.0091400146484375,""channels"":3,""force"":[-1.0190742164645226,-0.7454445324600032],""has_data"":true,""last_update_ts"":1784119733.0443466,""raw"":[17415,15295,17698]},""ring"":{""age_s"":0.0091400146484375,""channels"":3,""force"":[0.27639984644674875,0.2472788825099972],""has_data"":true,""last_update_ts"":1784119733.0443466,""raw"":[15795,16370,15637]},""thumb"":{""age_s"":0.0091400146484375,""channels"":3,""force"":[0.0,-2.220446049250313e-16],""has_data"":true,""last_update_ts"":1784119733.0443466,""raw"":[0,0,0]}}","{""ble"":{""connection_state"":""connected"",""counter"":1054531,""finger_order"":""DexterController.Visualizer"",""last_error"":null,""last_sample_age_s"":0.00918379399809055,""reconnect_count"":0,""sample_hz"":20.0,""sample_sequence"":329,""timestamp_us"":10697882368},""fingers"":{""index"":{""has_data"":true,""last_update_ts"":1784119733.0443466,""mapped"":true},""middle"":{""has_data"":true,""last_update_ts"":1784119733.0443466,""mapped"":true},""pinky"":{""has_data"":true,""last_update_ts"":1784119733.0443466,""mapped"":true},""ring"":{""has_data"":true,""last_update_ts"":1784119733.0443466,""mapped"":true},""thumb"":{""has_data"":true,""last_update_ts"":1784119733.0443466,""mapped"":true}},""ports"":{""available"":[""BLE:Dexter""],""unavailable"":[]}}"
1784119733.1037178,1784119733.1034784,331,ble,"{""index"":{""age_s"":0.00916433334350586,""channels"":3,""force"":[0.7095063884441686,1.0168684910399994],""has_data"":true,""last_update_ts"":1784119733.094314,""raw"":[16894,18370,15800]},""middle"":{""age_s"":0.00916433334350586,""channels"":3,""force"":[-0.029803113877737708,-4.231771493280002],""has_data"":true,""last_update_ts"":1784119733.094314,""raw"":[13594,13532,21187]},""pinky"":{""age_s"":0.00916433334350586,""channels"":3,""force"":[-1.0234004749306465,-0.7501625358299995],""has_data"":true,""last_update_ts"":1784119733.094314,""raw"":[17416,15287,17703]},""ring"":{""age_s"":0.00916433334350586,""channels"":3,""force"":[0.2759191510616166,0.2525519450999969],""has_data"":true,""last_update_ts"":1784119733.094314,""raw"":[15797,16371,15629]},""thumb"":{""age_s"":0.00916433334350586,""channels"":3,""force"":[0.0,-2.220446049250313e-16],""has_data"":true,""last_update_ts"":1784119733.094314,""raw"":[0,0,0]}}","{""ble"":{""connection_state"":""connected"",""counter"":1054536,""finger_order"":""DexterController.Visualizer"",""last_error"":null,""last_sample_age_s"":0.009210902004269883,""reconnect_count"":0,""sample_hz"":20.0,""sample_sequence"":330,""timestamp_us"":10697929312},""fingers"":{""index"":{""has_data"":true,""last_update_ts"":1784119733.094314,""mapped"":true},""middle"":{""has_data"":true,""last_update_ts"":1784119733.094314,""mapped"":true},""pinky"":{""has_data"":true,""last_update_ts"":1784119733.094314,""mapped"":true},""ring"":{""has_data"":true,""last_update_ts"":1784119733.094314,""mapped"":true},""thumb"":{""has_data"":true,""last_update_ts"":1784119733.094314,""mapped"":true}},""ports"":{""available"":[""BLE:Dexter""],""unavailable"":[]}}"
1784119733.1536064,1784119733.1534624,332,ble,"{""index"":{""age_s"":0.009156465530395508,""channels"":3,""force"":[0.684510228417679,0.9991065959999998],""has_data"":true,""last_update_ts"":1784119733.144306,""raw"":[16903,18327,15815]},""middle"":{""age_s"":0.009156465530395508,""channels"":3,""force"":[-0.14709278784818203,-4.163499209220003],""has_data"":true,""last_update_ts"":1784119733.144306,""raw"":[13772,13466,21120]},""pinky"":{""age_s"":0.009156465530395508,""channels"":3,""force"":[-1.0224390841603963,-0.7484973581700016],""has_data"":true,""last_update_ts"":1784119733.144306,""raw"":[17411,15284,17696]},""ring"":{""age_s"":0.009156465530395508,""channels"":3,""force"":[0.2763998464467452,0.24949911938999936],""has_data"":true,""last_update_ts"":1784119733.144306,""raw"":[15793,16368,15631]},""thumb"":{""age_s"":0.009156465530395508,""channels"":3,""force"":[0.0,-2.220446049250313e-16],""has_data"":true,""last_update_ts"":1784119733.144306,""raw"":[0,0,0]}}","{""ble"":{""connection_state"":""connected"",""counter"":1054542,""finger_order"":""DexterController.Visualizer"",""last_error"":null,""last_sample_age_s"":0.009182891008094884,""reconnect_count"":0,""sample_hz"":20.0,""sample_sequence"":331,""timestamp_us"":10697985760},""fingers"":{""index"":{""has_data"":true,""last_update_ts"":1784119733.144306,""mapped"":true},""middle"":{""has_data"":true,""last_update_ts"":1784119733.144306,""mapped"":true},""pinky"":{""has_data"":true,""last_update_ts"":1784119733.144306,""mapped"":true},""ring"":{""has_data"":true,""last_update_ts"":1784119733.144306,""mapped"":true},""thumb"":{""has_data"":true,""last_update_ts"":1784119733.144306,""mapped"":true}},""ports"":{""available"":[""BLE:Dexter""],""unavailable"":[]}}"
1784119733.2036872,1784119733.203459,333,ble,"{""index"":{""age_s"":0.009153604507446289,""channels"":3,""force"":[0.6489387699184483,1.0018818920999992],""has_data"":true,""last_update_ts"":1784119733.1943054,""raw"":[16962,18312,15832]},""middle"":{""age_s"":0.009153604507446289,""channels"":3,""force"":[-0.1850677232730371,-3.9872679068700023],""has_data"":true,""last_update_ts"":1784119733.1943054,""raw"":[13907,13522,20898]},""pinky"":{""age_s"":0.009153604507446289,""channels"":3,""force"":[-1.0152286533835255,-0.7459995916800013],""has_data"":true,""last_update_ts"":1784119733.1943054,""raw"":[17409,15297,17697]},""ring"":{""age_s"":0.009153604507446289,""channels"":3,""force"":[0.2869751449194915,0.2578250076899993],""has_data"":true,""last_update_ts"":1784119733.1943054,""raw"":[15792,16389,15626]},""thumb"":{""age_s"":0.009153604507446289,""channels"":3,""force"":[0.0,-2.220446049250313e-16],""has_data"":true,""last_update_ts"":1784119733.1943054,""raw"":[0,0,0]}}","{""ble"":{""connection_state"":""connected"",""counter"":1054547,""finger_order"":""DexterController.Visualizer"",""last_error"":null,""last_sample_age_s"":0.009180446999380365,""reconnect_count"":0,""sample_hz"":20.0,""sample_sequence"":332,""timestamp_us"":10698032800},""fingers"":{""index"":{""has_data"":true,""last_update_ts"":1784119733.1943054,""mapped"":true},""middle"":{""has_data"":true,""last_update_ts"":1784119733.1943054,""mapped"":true},""pinky"":{""has_data"":true,""last_update_ts"":1784119733.1943054,""mapped"":true},""ring"":{""has_data"":true,""last_update_ts"":1784119733.1943054,""mapped"":true},""thumb"":{""has_data"":true,""last_update_ts"":1784119733.1943054,""mapped"":true}},""ports"":{""available"":[""BLE:Dexter""],""unavailable"":[]}}"
1784119733.2536068,1784119733.2534595,334,ble,"{""index"":{""age_s"":0.009153604507446289,""channels"":3,""force"":[0.6575912868506926,0.9524816215199978],""has_data"":true,""last_update_ts"":1784119733.2443058,""raw"":[16929,18297,15897]},""middle"":{""age_s"":0.009153604507446289,""channels"":3,""force"":[-0.2066990156036539,-3.9664531861200008],""has_data"":true,""last_update_ts"":1784119733.2443058,""raw"":[13950,13520,20881]},""pinky"":{""age_s"":0.009153604507446289,""channels"":3,""force"":[-1.0234004749306482,-0.750717595050002],""has_data"":true,""last_update_ts"":1784119733.2443058,""raw"":[17417,15288,17705]},""ring"":{""age_s"":0.009153604507446289,""channels"":3,""force"":[0.27495776029137176,0.24922158977999942],""has_data"":true,""last_update_ts"":1784119733.2443058,""raw"":[15793,16365,15630]},""thumb"":{""age_s"":0.009153604507446289,""channels"":3,""force"":[0.0,-2.220446049250313e-16],""has_data"":true,""last_update_ts"":1784119733.2443058,""raw"":[0,0,0]}}","{""ble"":{""connection_state"":""connected"",""counter"":1054552,""finger_order"":""DexterController.Visualizer"",""last_error"":null,""last_sample_age_s"":0.009181218993035145,""reconnect_count"":0,""sample_hz"":20.0,""sample_sequence"":333,""timestamp_us"":10698079840},""fingers"":{""index"":{""has_data"":true,""last_update_ts"":1784119733.2443058,""mapped"":true},""middle"":{""has_data"":true,""last_update_ts"":1784119733.2443058,""mapped"":true},""pinky"":{""has_data"":true,""last_update_ts"":1784119733.2443058,""mapped"":true},""ring"":{""has_data"":true,""last_update_ts"":1784119733.2443058,""mapped"":true},""thumb"":{""has_data"":true,""last_update_ts"":1784119733.2443058,""mapped"":true}},""ports"":{""available"":[""BLE:Dexter""],""unavailable"":[]}}"
1784119733.3035989,1784119733.3034563,335,ble,"{""index"":{""age_s"":0.009148836135864258,""channels"":3,""force"":[0.6614368499316896,0.9125173576799979],""has_data"":true,""last_update_ts"":1784119733.2943075,""raw"":[16916,18292,15960]},""middle"":{""age_s"":0.009148836135864258,""channels"":3,""force"":[-0.2691894156698744,-3.7921645910400015],""has_data"":true,""last_update_ts"":1784119733.2943075,""raw"":[14106,13546,20658]},""pinky"":{""age_s"":0.009148836135864258,""channels"":3,""force"":[-1.0190742164645243,-0.7471097101200019],""has_data"":true,""last_update_ts"":1784119733.2943075,""raw"":[17414,15294,17700]},""ring"":{""age_s"":0.009148836135864258,""channels"":3,""force"":[0.2759191510616219,0.24866653055999777],""has_data"":true,""last_update_ts"":1784119733.2943075,""raw"":[15794,16368,15633]},""thumb"":{""age_s"":0.009148836135864258,""channels"":3,""force"":[0.0,-2.220446049250313e-16],""has_data"":true,""last_update_ts"":1784119733.2943075,""raw"":[0,0,0]}}","{""ble"":{""connection_state"":""connected"",""counter"":1054558,""finger_order"":""DexterController.Visualizer"",""last_error"":null,""last_sample_age_s"":0.009174035003525205,""reconnect_count"":0,""sample_hz"":20.0,""sample_sequence"":334,""timestamp_us"":10698136192},""fingers"":{""index"":{""has_data"":true,""last_update_ts"":1784119733.2943075,""mapped"":true},""middle"":{""has_data"":true,""last_update_ts"":1784119733.2943075,""mapped"":true},""pinky"":{""has_data"":true,""last_update_ts"":1784119733.2943075,""mapped"":true},""ring"":{""has_data"":true,""last_update_ts"":1784119733.2943075,""mapped"":true},""thumb"":{""has_data"":true,""last_update_ts"":1784119733.2943075,""mapped"":true}},""ports"":{""available"":[""BLE:Dexter""],""unavailable"":[]}}"
1784119733.3536363,1784119733.3534749,336,ble,"{""index"":{""age_s"":0.009167671203613281,""channels"":3,""force"":[0.6619175453168165,0.764594075549998],""has_data"":true,""last_update_ts"":1784119733.3443072,""raw"":[16843,18220,16154]},""middle"":{""age_s"":0.009167671203613281,""channels"":3,""force"":[-0.27543845567649505,-3.4410896343900017],""has_data"":true,""last_update_ts"":1784119733.3443072,""raw"":[14283,13710,20196]},""pinky"":{""age_s"":0.009167671203613281,""channels"":3,""force"":[-1.0224390841603999,-0.7435018251900019],""has_data"":true,""last_update_ts"":1784119733.3443072,""raw"":[17421,15294,17697]},""ring"":{""age_s"":0.009167671203613281,""channels"":3,""force"":[0.28793653568973987,0.2539395931499975],""has_data"":true,""last_update_ts"":1784119733.3443072,""raw"":[15792,16391,15634]},""thumb"":{""age_s"":0.009167671203613281,""channels"":3,""force"":[0.0,-2.220446049250313e-16],""has_data"":true,""last_update_ts"":1784119733.3443072,""raw"":[0,0,0]}}","{""ble"":{""connection_state"":""connected"",""counter"":1054563,""finger_order"":""DexterController.Visualizer"",""last_error"":null,""last_sample_age_s"":0.009200002998113632,""reconnect_count"":0,""sample_hz"":20.0,""sample_sequence"":335,""timestamp_us"":10698183360},""fingers"":{""index"":{""has_data"":true,""last_update_ts"":1784119733.3443072,""mapped"":true},""middle"":{""has_data"":true,""last_update_ts"":1784119733.3443072,""mapped"":true},""pinky"":{""has_data"":true,""last_update_ts"":1784119733.3443072,""mapped"":true},""ring"":{""has_data"":true,""last_update_ts"":1784119733.3443072,""mapped"":true},""thumb"":{""has_data"":true,""last_update_ts"":1784119733.3443072,""mapped"":true}},""ports"":{""available"":[""BLE:Dexter""],""unavailable"":[]}}"
1784119733.4036262,1784119733.4034724,337,ble,"{""index"":{""age_s"":0.009165287017822266,""channels"":3,""force"":[0.48742512051652476,0.5866975955399969],""has_data"":true,""last_update_ts"":1784119733.3943071,""raw"":[16971,17985,16421]},""middle"":{""age_s"":0.009165287017822266,""channels"":3,""force"":[-0.34706206806008844,-2.0737012459200006],""has_data"":true,""last_update_ts"":1784119733.3943071,""raw"":[15090,14368,18465]},""pinky"":{""age_s"":0.009165287017822266,""channels"":3,""force"":[-1.0234004749306465,-0.7490524173900033],""has_data"":true,""last_update_ts"":1784119733.3943071,""raw"":[17416,15287,17701]},""ring"":{""age_s"":0.009165287017822266,""channels"":3,""force"":[0.27495776029137176,0.25033170821999917],""has_data"":true,""last_update_ts"":1784119733.3943071,""raw"":[15800,16372,15635]},""thumb"":{""age_s"":0.009165287017822266,""channels"":3,""force"":[0.0,-2.220446049250313e-16],""has_data"":true,""last_update_ts"":1784119733.3943071,""raw"":[0,0,0]}}","{""ble"":{""connection_state"":""connected"",""counter"":1054568,""finger_order"":""DexterController.Visualizer"",""last_error"":null,""last_sample_age_s"":0.009196736995363608,""reconnect_count"":0,""sample_hz"":20.0,""sample_sequence"":336,""timestamp_us"":10698230432},""fingers"":{""index"":{""has_data"":true,""last_update_ts"":1784119733.3943071,""mapped"":true},""middle"":{""has_data"":true,""last_update_ts"":1784119733.3943071,""mapped"":true},""pinky"":{""has_data"":true,""last_update_ts"":1784119733.3943071,""mapped"":true},""ring"":{""has_data"":true,""last_update_ts"":1784119733.3943071,""mapped"":true},""thumb"":{""has_data"":true,""last_update_ts"":1784119733.3943071,""mapped"":true}},""ports"":{""available"":[""BLE:Dexter""],""unavailable"":[]}}"
1784119733.4536428,1784119733.4534814,338,ble,"{""index"":{""age_s"":0.009175300598144531,""channels"":3,""force"":[0.1932395448201607,0.1437603379799981],""has_data"":true,""last_update_ts"":1784119733.4443061,""raw"":[17045,17447,16987]},""middle"":{""age_s"":0.009175300598144531,""channels"":3,""force"":[-0.4480080989362918,-0.3269298805800007],""has_data"":true,""last_update_ts"":1784119733.4443061,""raw"":[16175,15243,16298]},""pinky"":{""age_s"":0.009175300598144531,""channels"":3,""force"":[-1.012825176457902,-0.7385062922099994],""has_data"":true,""last_update_ts"":1784119733.4443061,""raw"":[17414,15307,17691]},""ring"":{""age_s"":0.009175300598144531,""channels"":3,""force"":[0.2778419326021204,0.2747543139000008],""has_data"":true,""last_update_ts"":1784119733.4443061,""raw"":[15812,16390,15606]},""thumb"":{""age_s"":0.009175300598144531,""channels"":3,""force"":[0.0,-2.220446049250313e-16],""has_data"":true,""last_update_ts"":1784119733.4443061,""raw"":[0,0,0]}}","{""ble"":{""connection_state"":""connected"",""counter"":1054573,""finger_order"":""DexterController.Visualizer"",""last_error"":null,""last_sample_age_s"":0.00920694500382524,""reconnect_count"":0,""sample_hz"":20.0,""sample_sequence"":337,""timestamp_us"":10698277440},""fingers"":{""index"":{""has_data"":true,""last_update_ts"":1784119733.4443061,""mapped"":true},""middle"":{""has_data"":true,""last_update_ts"":1784119733.4443061,""mapped"":true},""pinky"":{""has_data"":true,""last_update_ts"":1784119733.4443061,""mapped"":true},""ring"":{""has_data"":true,""last_update_ts"":1784119733.4443061,""mapped"":true},""thumb"":{""has_data"":true,""last_update_ts"":1784119733.4443061,""mapped"":true}},""ports"":{""available"":[""BLE:Dexter""],""unavailable"":[]}}"
1784119733.5036485,1784119733.5034845,339,ble,"{""index"":{""age_s"":0.009178638458251953,""channels"":3,""force"":[-0.029803113877735044,-0.48900717281999917],""has_data"":true,""last_update_ts"":1784119733.4943058,""raw"":[16865,16803,17715]},""middle"":{""age_s"":0.009178638458251953,""channels"":3,""force"":[-0.3619636249989586,0.6391506918299976],""has_data"":true,""last_update_ts"":1784119733.4943058,""raw"":[16651,15898,15123]},""pinky"":{""age_s"":0.009178638458251953,""channels"":3,""force"":[-1.00946030876203,-0.7310129927400029],""has_data"":true,""last_update_ts"":1784119733.4943058,""raw"":[17417,15317,17684]},""ring"":{""age_s"":0.009178638458251953,""channels"":3,""force"":[0.2754384556764933,0.2583800669099965],""has_data"":true,""last_update_ts"":1784119733.4943058,""raw"":[15806,16379,15627]},""thumb"":{""age_s"":0.009178638458251953,""channels"":3,""force"":[0.0,-2.220446049250313e-16],""has_data"":true,""last_update_ts"":1784119733.4943058,""raw"":[0,0,0]}}","{""ble"":{""connection_state"":""connected"",""counter"":1054579,""finger_order"":""DexterController.Visualizer"",""last_error"":null,""last_sample_age_s"":0.009209800002281554,""reconnect_count"":0,""sample_hz"":20.0,""sample_sequence"":338,""timestamp_us"":10698333952},""fingers"":{""index"":{""has_data"":true,""last_update_ts"":1784119733.4943058,""mapped"":true},""middle"":{""has_data"":true,""last_update_ts"":1784119733.4943058,""mapped"":true},""pinky"":{""has_data"":true,""last_update_ts"":1784119733.4943058,""mapped"":true},""ring"":{""has_data"":true,""last_update_ts"":1784119733.4943058,""mapped"":true},""thumb"":{""has_data"":true,""last_update_ts"":1784119733.4943058,""mapped"":true}},""ports"":{""available"":[""BLE:Dexter""],""unavailable"":[]}}"
1784119733.5536406,1784119733.5534816,340,ble,"{""index"":{""age_s"":0.009175777435302734,""channels"":3,""force"":[-0.15478391401017788,-0.7493299470000006],""has_data"":true,""last_update_ts"":1784119733.5443058,""raw"":[16817,16495,18006]},""middle"":{""age_s"":0.009175777435302734,""channels"":3,""force"":[-0.2773612372169936,0.9971638887299976],""has_data"":true,""last_update_ts"":1784119733.5443058,""raw"":[16787,16210,14702]},""pinky"":{""age_s"":0.009175777435302734,""channels"":3,""force"":[-1.018112825694276,-0.7626513682800011],""has_data"":true,""last_update_ts"":1784119733.5443058,""raw"":[17401,15283,17716]},""ring"":{""age_s"":0.009175777435302734,""channels"":3,""force"":[0.2788033233723688,0.24811147133999967],""has_data"":true,""last_update_ts"":1784119733.5443058,""raw"":[15792,16372,15635]},""thumb"":{""age_s"":0.009175777435302734,""channels"":3,""force"":[0.0,-2.220446049250313e-16],""has_data"":true,""last_update_ts"":1784119733.5443058,""raw"":[0,0,0]}}","{""ble"":{""connection_state"":""connected"",""counter"":1054584,""finger_order"":""DexterController.Visualizer"",""last_error"":null,""last_sample_age_s"":0.009206004004226997,""reconnect_count"":0,""sample_hz"":20.0,""sample_sequence"":339,""timestamp_us"":10698380928},""fingers"":{""index"":{""has_data"":true,""last_update_ts"":1784119733.5443058,""mapped"":true},""middle"":{""has_data"":true,""last_update_ts"":1784119733.5443058,""mapped"":true},""pinky"":{""has_data"":true,""last_update_ts"":1784119733.5443058,""mapped"":true},""ring"":{""has_data"":true,""last_update_ts"":1784119733.5443058,""mapped"":true},""thumb"":{""has_data"":true,""last_update_ts"":1784119733.5443058,""mapped"":true}},""ports"":{""available"":[""BLE:Dexter""],""unavailable"":[]}}"
1784119733.6036375,1784119733.6034865,341,ble,"{""index"":{""age_s"":0.009180784225463867,""channels"":3,""force"":[-0.23409865255576712,-0.9028038213300027],""has_data"":true,""last_update_ts"":1784119733.5943058,""raw"":[16799,16312,18182]},""middle"":{""age_s"":0.009180784225463867,""channels"":3,""force"":[-0.20958318791440256,1.1123386768799985],""has_data"":true,""last_update_ts"":1784119733.5943058,""raw"":[16790,16354,14568]},""pinky"":{""age_s"":0.009180784225463867,""channels"":3,""force"":[-1.0209969980050246,-0.7459995916799995],""has_data"":true,""last_update_ts"":1784119733.5943058,""raw"":[17417,15293,17699]},""ring"":{""age_s"":0.009180784225463867,""channels"":3,""force"":[0.281687495683121,0.2481114713399979],""has_data"":true,""last_update_ts"":1784119733.5943058,""raw"":[15791,16377,15637]},""thumb"":{""age_s"":0.009180784225463867,""channels"":3,""force"":[0.0,-2.220446049250313e-16],""has_data"":true,""last_update_ts"":1784119733.5943058,""raw"":[0,0,0]}}","{""ble"":{""connection_state"":""connected"",""counter"":1054589,""finger_order"":""DexterController.Visualizer"",""last_error"":null,""last_sample_age_s"":0.009211894008331,""reconnect_count"":0,""sample_hz"":20.0,""sample_sequence"":340,""timestamp_us"":10698427840},""fingers"":{""index"":{""has_data"":true,""last_update_ts"":1784119733.5943058,""mapped"":true},""middle"":{""has_data"":true,""last_update_ts"":1784119733.5943058,""mapped"":true},""pinky"":{""has_data"":true,""last_update_ts"":1784119733.5943058,""mapped"":true},""ring"":{""has_data"":true,""last_update_ts"":1784119733.5943058,""mapped"":true},""thumb"":{""has_data"":true,""last_update_ts"":1784119733.5943058,""mapped"":true}},""ports"":{""available"":[""BLE:Dexter""],""unavailable"":[]}}"
1784119733.6536438,1784119733.6534832,342,ble,"{""index"":{""age_s"":0.009177684783935547,""channels"":3,""force"":[-0.29034001261536346,-1.0318550899800014],""has_data"":true,""last_update_ts"":1784119733.6443055,""raw"":[16778,16174,18335]},""middle"":{""age_s"":0.009177684783935547,""channels"":3,""force"":[-0.2590948125822532,1.21363698453],""has_data"":true,""last_update_ts"":1784119733.6443055,""raw"":[16903,16364,14447]},""pinky"":{""age_s"":0.009177684783935547,""channels"":3,""force"":[-1.0243618657008966,-0.7468321805100011],""has_data"":true,""last_update_ts"":1784119733.6443055,""raw"":[17422,15291,17702]},""ring"":{""age_s"":0.009177684783935547,""channels"":3,""force"":[0.27255428336574816,0.251164297049999],""has_data"":true,""last_update_ts"":1784119733.6443055,""raw"":[15799,16366,15630]},""thumb"":{""age_s"":0.009177684783935547,""channels"":3,""force"":[0.0,-2.220446049250313e-16],""has_data"":true,""last_update_ts"":1784119733.6443055,""raw"":[0,0,0]}}","{""ble"":{""connection_state"":""connected"",""counter"":1054595,""finger_order"":""DexterController.Visualizer"",""last_error"":null,""last_sample_age_s"":0.009208667994244024,""reconnect_count"":0,""sample_hz"":20.0,""sample_sequence"":341,""timestamp_us"":10698484288},""fingers"":{""index"":{""has_data"":true,""last_update_ts"":1784119733.6443055,""mapped"":true},""middle"":{""has_data"":true,""last_update_ts"":1784119733.6443055,""mapped"":true},""pinky"":{""has_data"":true,""last_update_ts"":1784119733.6443055,""mapped"":true},""ring"":{""has_data"":true,""last_update_ts"":1784119733.6443055,""mapped"":true},""thumb"":{""has_data"":true,""last_update_ts"":1784119733.6443055,""mapped"":true}},""ports"":{""available"":[""BLE:Dexter""],""unavailable"":[]}}"
1784119733.703632,1784119733.70346,343,ble,"{""index"":{""age_s"":0.009154558181762695,""channels"":3,""force"":[-0.3037994833988602,-1.0956869002800014],""has_data"":true,""last_update_ts"":1784119733.6943054,""raw"":[16756,16124,18414]},""middle"":{""age_s"":0.009154558181762695,""channels"":3,""force"":[-0.30764504647985547,1.3088296407599973],""has_data"":true,""last_update_ts"":1784119733.6943054,""raw"":[17017,16377,14339]},""pinky"":{""age_s"":0.009154558181762695,""channels"":3,""force"":[-1.0209969980050246,-0.7476647693400009],""has_data"":true,""last_update_ts"":1784119733.6943054,""raw"":[17413,15289,17698]},""ring"":{""age_s"":0.009154558181762695,""channels"":3,""force"":[0.2788033233723688,0.25643735963999603],""has_data"":true,""last_update_ts"":1784119733.6943054,""raw"":[15791,16371,15619]},""thumb"":{""age_s"":0.009154558181762695,""channels"":3,""force"":[0.0,-2.220446049250313e-16],""has_data"":true,""last_update_ts"":1784119733.6943054,""raw"":[0,0,0]}}","{""ble"":{""connection_state"":""connected"",""counter"":1054600,""finger_order"":""DexterController.Visualizer"",""last_error"":null,""last_sample_age_s"":0.00918204900517594,""reconnect_count"":0,""sample_hz"":20.0,""sample_sequence"":342,""timestamp_us"":10698531264},""fingers"":{""index"":{""has_data"":true,""last_update_ts"":1784119733.6943054,""mapped"":true},""middle"":{""has_data"":true,""last_update_ts"":1784119733.6943054,""mapped"":true},""pinky"":{""has_data"":true,""last_update_ts"":1784119733.6943054,""mapped"":true},""ring"":{""has_data"":true,""last_update_ts"":1784119733.6943054,""mapped"":true},""thumb"":{""has_data"":true,""last_update_ts"":1784119733.6943054,""mapped"":true}},""ports"":{""available"":[""BLE:Dexter""],""unavailable"":[]}}"
1784119733.753587,1784119733.753457,344,ble,"{""index"":{""age_s"":0.009150981903076172,""channels"":3,""force"":[-0.2913014033856154,-1.5963503167200015],""has_data"":true,""last_update_ts"":1784119733.744306,""raw"":[16447,15841,19020]},""middle"":{""age_s"":0.009150981903076172,""channels"":3,""force"":[-0.3634057111543303,1.528633091879997],""has_data"":true,""last_update_ts"":1784119733.744306,""raw"":[17213,16457,14081]},""pinky"":{""age_s"":0.009150981903076172,""channels"":3,""force"":[-1.0209969980050246,-0.748219828559999],""has_data"":true,""last_update_ts"":1784119733.744306,""raw"":[17413,15289,17699]},""ring"":{""age_s"":0.009150981903076172,""channels"":3,""force"":[0.2759191510616237,0.24866653055999688],""has_data"":true,""last_update_ts"":1784119733.744306,""raw"":[15795,16369,15634]},""thumb"":{""age_s"":0.009150981903076172,""channels"":3,""force"":[0.0,-2.220446049250313e-16],""has_data"":true,""last_update_ts"":1784119733.744306,""raw"":[0,0,0]}}","{""ble"":{""connection_state"":""connected"",""counter"":1054605,""finger_order"":""DexterController.Visualizer"",""last_error"":null,""last_sample_age_s"":0.009177240994176827,""reconnect_count"":0,""sample_hz"":20.0,""sample_sequence"":343,""timestamp_us"":10698578272},""fingers"":{""index"":{""has_data"":true,""last_update_ts"":1784119733.744306,""mapped"":true},""middle"":{""has_data"":true,""last_update_ts"":1784119733.744306,""mapped"":true},""pinky"":{""has_data"":true,""last_update_ts"":1784119733.744306,""mapped"":true},""ring"":{""has_data"":true,""last_update_ts"":1784119733.744306,""mapped"":true},""thumb"":{""has_data"":true,""last_update_ts"":1784119733.744306,""mapped"":true}},""ports"":{""available"":[""BLE:Dexter""],""unavailable"":[]}}"
1784119733.8036022,1784119733.8034556,345,ble,"{""index"":{""age_s"":0.009149312973022461,""channels"":3,""force"":[-0.38599839425519455,-2.6312582324100005],""has_data"":true,""last_update_ts"":1784119733.7943063,""raw"":[15942,15139,20281]},""middle"":{""age_s"":0.009149312973022461,""channels"":3,""force"":[-0.5350139636438769,2.012922261329998],""has_data"":true,""last_update_ts"":1784119733.7943063,""raw"":[17686,16573,13503]},""pinky"":{""age_s"":0.009149312973022461,""channels"":3,""force"":[-1.0171514349240258,-0.7404489994800034],""has_data"":true,""last_update_ts"":1784119733.7943063,""raw"":[17412,15296,17688]},""ring"":{""age_s"":0.009149312973022461,""channels"":3,""force"":[0.2845716679938697,0.2575474780799958],""has_data"":true,""last_update_ts"":1784119733.7943063,""raw"":[15795,16387,15627]},""thumb"":{""age_s"":0.009149312973022461,""channels"":3,""force"":[0.0,-2.220446049250313e-16],""has_data"":true,""last_update_ts"":1784119733.7943063,""raw"":[0,0,0]}}","{""ble"":{""connection_state"":""connected"",""counter"":1054611,""finger_order"":""DexterController.Visualizer"",""last_error"":null,""last_sample_age_s"":0.009175808998406865,""reconnect_count"":0,""sample_hz"":20.0,""sample_sequence"":344,""timestamp_us"":10698634656},""fingers"":{""index"":{""has_data"":true,""last_update_ts"":1784119733.7943063,""mapped"":true},""middle"":{""has_data"":true,""last_update_ts"":1784119733.7943063,""mapped"":true},""pinky"":{""has_data"":true,""last_update_ts"":1784119733.7943063,""mapped"":true},""ring"":{""has_data"":true,""last_update_ts"":1784119733.7943063,""mapped"":true},""thumb"":{""has_data"":true,""last_update_ts"":1784119733.7943063,""mapped"":true}},""ports"":{""available"":[""BLE:Dexter""],""unavailable"":[]}}"
1784119733.8535962,1784119733.8534634,346,ble,"{""index"":{""age_s"":0.009157180786132812,""channels"":3,""force"":[-0.42301193890980215,-3.5812420874400006],""has_data"":true,""last_update_ts"":1784119733.8443062,""raw"":[15405,14525,21417]},""middle"":{""age_s"":0.009157180786132812,""channels"":3,""force"":[-0.6821067514920571,2.534122868909998],""has_data"":true,""last_update_ts"":1784119733.8443062,""raw"":[17992,16573,12717]},""pinky"":{""age_s"":0.009157180786132812,""channels"":3,""force"":[1.185875515102822,0.3094455151499984],""has_data"":true,""last_update_ts"":1784119733.8443062,""raw"":[16750,19217,17426]},""ring"":{""age_s"":0.009157180786132812,""channels"":3,""force"":[0.34225511420884125,0.7065903870599985],""has_data"":true,""last_update_ts"":1784119733.8443062,""raw"":[15719,16431,14802]},""thumb"":{""age_s"":0.009157180786132812,""channels"":3,""force"":[0.0,-2.220446049250313e-16],""has_data"":true,""last_update_ts"":1784119733.8443062,""raw"":[0,0,0]}}","{""ble"":{""connection_state"":""connected"",""counter"":1054616,""finger_order"":""DexterController.Visualizer"",""last_error"":null,""last_sample_age_s"":0.00918361300136894,""reconnect_count"":0,""sample_hz"":20.0,""sample_sequence"":345,""timestamp_us"":10698681696},""fingers"":{""index"":{""has_data"":true,""last_update_ts"":1784119733.8443062,""mapped"":true},""middle"":{""has_data"":true,""last_update_ts"":1784119733.8443062,""mapped"":true},""pinky"":{""has_data"":true,""last_update_ts"":1784119733.8443062,""mapped"":true},""ring"":{""has_data"":true,""last_update_ts"":1784119733.8443062,""mapped"":true},""thumb"":{""has_data"":true,""last_update_ts"":1784119733.8443062,""mapped"":true}},""ports"":{""available"":[""BLE:Dexter""],""unavailable"":[]}}"
1784119733.9035878,1784119733.9034567,347,ble,"{""index"":{""age_s"":0.009150266647338867,""channels"":3,""force"":[-0.4595447881792847,-4.120759649280002],""has_data"":true,""last_update_ts"":1784119733.8943064,""raw"":[15158,14202,22104]},""middle"":{""age_s"":0.009150266647338867,""channels"":3,""force"":[-0.8493887455154798,2.7589218530099986],""has_data"":true,""last_update_ts"":1784119733.8943064,""raw"":[18441,16674,12587]},""pinky"":{""age_s"":0.009150266647338867,""channels"":3,""force"":[-1.0195549118496476,-0.749607476610004],""has_data"":true,""last_update_ts"":1784119733.8943064,""raw"":[17415,15294,17705]},""ring"":{""age_s"":0.009150266647338867,""channels"":3,""force"":[0.27495776029137,0.2592126557399981],""has_data"":true,""last_update_ts"":1784119733.8943064,""raw"":[15805,16377,15624]},""thumb"":{""age_s"":0.009150266647338867,""channels"":3,""force"":[0.0,-2.220446049250313e-16],""has_data"":true,""last_update_ts"":1784119733.8943064,""raw"":[0,0,0]}}","{""ble"":{""connection_state"":""connected"",""counter"":1054621,""finger_order"":""DexterController.Visualizer"",""last_error"":null,""last_sample_age_s"":0.00917684099113103,""reconnect_count"":0,""sample_hz"":20.0,""sample_sequence"":346,""timestamp_us"":10698728704},""fingers"":{""index"":{""has_data"":true,""last_update_ts"":1784119733.8943064,""mapped"":true},""middle"":{""has_data"":true,""last_update_ts"":1784119733.8943064,""mapped"":true},""pinky"":{""has_data"":true,""last_update_ts"":1784119733.8943064,""mapped"":true},""ring"":{""has_data"":true,""last_update_ts"":1784119733.8943064,""mapped"":true},""thumb"":{""has_data"":true,""last_update_ts"":1784119733.8943064,""mapped"":true}},""ports"":{""available"":[""BLE:Dexter""],""unavailable"":[]}}"
1784119733.9538202,1784119733.9534853,348,ble,"{""index"":{""age_s"":0.009136676788330078,""channels"":3,""force"":[-0.3696547511609527,-4.023901815390003],""has_data"":true,""last_update_ts"":1784119733.9443486,""raw"":[15135,14366,22000]},""middle"":{""age_s"":0.009136676788330078,""channels"":3,""force"":[-0.9753309364181675,2.8593875718299993],""has_data"":true,""last_update_ts"":1784119733.9443486,""raw"":[18640,16611,12474]},""pinky"":{""age_s"":0.009136676788330078,""channels"":3,""force"":[-1.013305871843027,-0.7410040587000015],""has_data"":true,""last_update_ts"":1784119733.9443486,""raw"":[17409,15301,17690]},""ring"":{""age_s"":0.009136676788330078,""channels"":3,""force"":[0.285052363378993,0.26115536300999587],""has_data"":true,""last_update_ts"":1784119733.9443486,""raw"":[15794,16387,15620]},""thumb"":{""age_s"":0.009136676788330078,""channels"":3,""force"":[0.0,-2.220446049250313e-16],""has_data"":true,""last_update_ts"":1784119733.9443486,""raw"":[0,0,0]}}","{""ble"":{""connection_state"":""connected"",""counter"":1054627,""finger_order"":""DexterController.Visualizer"",""last_error"":null,""last_sample_age_s"":0.009182450012303889,""reconnect_count"":0,""sample_hz"":20.0,""sample_sequence"":347,""timestamp_us"":10698785376},""fingers"":{""index"":{""has_data"":true,""last_update_ts"":1784119733.9443486,""mapped"":true},""middle"":{""has_data"":true,""last_update_ts"":1784119733.9443486,""mapped"":true},""pinky"":{""has_data"":true,""last_update_ts"":1784119733.9443486,""mapped"":true},""ring"":{""has_data"":true,""last_update_ts"":1784119733.9443486,""mapped"":true},""thumb"":{""has_data"":true,""last_update_ts"":1784119733.9443486,""mapped"":true}},""ports"":{""available"":[""BLE:Dexter""],""unavailable"":[]}}"
1784119734.003608,1784119734.0034592,349,ble,"{""index"":{""age_s"":0.009152889251708984,""channels"":3,""force"":[-0.2393863017921376,-3.663390852000001],""has_data"":true,""last_update_ts"":1784119733.9943063,""raw"":[15208,14710,21559]},""middle"":{""age_s"":0.009152889251708984,""channels"":3,""force"":[-0.9767730225735427,2.6726101442999974],""has_data"":true,""last_update_ts"":1784119733.9943063,""raw"":[18556,16524,12725]},""pinky"":{""age_s"":0.009152889251708984,""channels"":3,""force"":[-1.0200356072347727,-0.7554355984200019],""has_data"":true,""last_update_ts"":1784119733.9943063,""raw"":[17410,15288,17710]},""ring"":{""age_s"":0.009152889251708984,""channels"":3,""force"":[0.2773612372169936,0.24894406016999682],""has_data"":true,""last_update_ts"":1784119733.9943063,""raw"":[15794,16371,15634]},""thumb"":{""age_s"":0.009152889251708984,""channels"":3,""force"":[0.0,-2.220446049250313e-16],""has_data"":true,""last_update_ts"":1784119733.9943063,""raw"":[0,0,0]}}","{""ble"":{""connection_state"":""connected"",""counter"":1054632,""finger_order"":""DexterController.Visualizer"",""last_error"":null,""last_sample_age_s"":0.009180419001495466,""reconnect_count"":0,""sample_hz"":20.0,""sample_sequence"":348,""timestamp_us"":10698832320},""fingers"":{""index"":{""has_data"":true,""last_update_ts"":1784119733.9943063,""mapped"":true},""middle"":{""has_data"":true,""last_update_ts"":1784119733.9943063,""mapped"":true},""pinky"":{""has_data"":true,""last_update_ts"":1784119733.9943063,""mapped"":true},""ring"":{""has_data"":true,""last_update_ts"":1784119733.9943063,""mapped"":true},""thumb"":{""has_data"":true,""last_update_ts"":1784119733.9943063,""mapped"":true}},""ports"":{""available"":[""BLE:Dexter""],""unavailable"":[]}}"
1784119734.053737,1784119734.0534942,350,ble,"{""index"":{""age_s"":0.009144783020019531,""channels"":3,""force"":[-0.15862947709117492,-2.6748303811800014],""has_data"":true,""last_update_ts"":1784119734.0443494,""raw"":[15688,15358,20342]},""middle"":{""age_s"":0.009144783020019531,""channels"":3,""force"":[-0.8090103331649949,1.6454730576899985],""has_data"":true,""last_update_ts"":1784119734.0443494,""raw"":[17797,16114,13991]},""pinky"":{""age_s"":0.009144783020019531,""channels"":3,""force"":[-1.0229197795455232,-0.746554650900003],""has_data"":true,""last_update_ts"":1784119734.0443494,""raw"":[17420,15292,17701]},""ring"":{""age_s"":0.009144783020019531,""channels"":3,""force"":[0.27495776029137,0.2497766489999984],""has_data"":true,""last_update_ts"":1784119734.0443494,""raw"":[15799,16371,15635]},""thumb"":{""age_s"":0.009144783020019531,""channels"":3,""force"":[0.0,-2.220446049250313e-16],""has_data"":true,""last_update_ts"":1784119734.0443494,""raw"":[0,0,0]}}","{""ble"":{""connection_state"":""connected"",""counter"":1054637,""finger_order"":""DexterController.Visualizer"",""last_error"":null,""last_sample_age_s"":0.009187438001390547,""reconnect_count"":0,""sample_hz"":20.0,""sample_sequence"":349,""timestamp_us"":10698879264},""fingers"":{""index"":{""has_data"":true,""last_update_ts"":1784119734.0443494,""mapped"":true},""middle"":{""has_data"":true,""last_update_ts"":1784119734.0443494,""mapped"":true},""pinky"":{""has_data"":true,""last_update_ts"":1784119734.0443494,""mapped"":true},""ring"":{""has_data"":true,""last_update_ts"":1784119734.0443494,""mapped"":true},""thumb"":{""has_data"":true,""last_update_ts"":1784119734.0443494,""mapped"":true}},""ports"":{""available"":[""BLE:Dexter""],""unavailable"":[]}}"
1784119734.1036007,1784119734.1034658,351,ble,"{""index"":{""age_s"":0.009159326553344727,""channels"":3,""force"":[0.04758884312735212,-0.8767160379900005],""has_data"":true,""last_update_ts"":1784119734.0943065,""raw"":[16582,16681,18211]},""middle"":{""age_s"":0.009159326553344727,""channels"":3,""force"":[-0.2951469664666124,-0.4462676128800025],""has_data"":true,""last_update_ts"":1784119734.0943065,""raw"":[15996,15382,16493]},""pinky"":{""age_s"":0.009159326553344727,""channels"":3,""force"":[-1.0176321303091491,-0.7468321805100029],""has_data"":true,""last_update_ts"":1784119734.0943065,""raw"":[17414,15297,17701]},""ring"":{""age_s"":0.009159326553344727,""channels"":3,""force"":[0.2768805418318703,0.2564373596399978],""has_data"":true,""last_update_ts"":1784119734.0943065,""raw"":[15796,16372,15622]},""thumb"":{""age_s"":0.009159326553344727,""channels"":3,""force"":[0.0,-2.220446049250313e-16],""has_data"":true,""last_update_ts"":1784119734.0943065,""raw"":[0,0,0]}}","{""ble"":{""connection_state"":""connected"",""counter"":1054643,""finger_order"":""DexterController.Visualizer"",""last_error"":null,""last_sample_age_s"":0.009186576004140079,""reconnect_count"":0,""sample_hz"":20.0,""sample_sequence"":350,""timestamp_us"":10698935648},""fingers"":{""index"":{""has_data"":true,""last_update_ts"":1784119734.0943065,""mapped"":true},""middle"":{""has_data"":true,""last_update_ts"":1784119734.0943065,""mapped"":true},""pinky"":{""has_data"":true,""last_update_ts"":1784119734.0943065,""mapped"":true},""ring"":{""has_data"":true,""last_update_ts"":1784119734.0943065,""mapped"":true},""thumb"":{""has_data"":true,""last_update_ts"":1784119734.0943065,""mapped"":true}},""ports"":{""available"":[""BLE:Dexter""],""unavailable"":[]}}"
1784119734.1537156,1784119734.153484,352,ble,"{""index"":{""age_s"":0.009129762649536133,""channels"":3,""force"":[0.33937094189808725,-0.13765468656000213],""has_data"":true,""last_update_ts"":1784119734.1443543,""raw"":[16693,17399,17294]},""middle"":{""age_s"":0.009129762649536133,""channels"":3,""force"":[0.04182049850585656,-1.960746694650001],""has_data"":true,""last_update_ts"":1784119734.1443543,""raw"":[14743,14830,18319]},""pinky"":{""age_s"":0.009129762649536133,""channels"":3,""force"":[-1.0296495149372689,-0.750995124660002],""has_data"":true,""last_update_ts"":1784119734.1443543,""raw"":[17428,15286,17710]},""ring"":{""age_s"":0.009129762649536133,""channels"":3,""force"":[0.276399846446747,0.24339346797000072],""has_data"":true,""last_update_ts"":1784119734.1443543,""raw"":[15790,16365,15639]},""thumb"":{""age_s"":0.009129762649536133,""channels"":3,""force"":[0.0,-2.220446049250313e-16],""has_data"":true,""last_update_ts"":1784119734.1443543,""raw"":[0,0,0]}}","{""ble"":{""connection_state"":""connected"",""counter"":1054648,""finger_order"":""DexterController.Visualizer"",""last_error"":null,""last_sample_age_s"":0.00917296000989154,""reconnect_count"":0,""sample_hz"":20.0,""sample_sequence"":351,""timestamp_us"":10698982528},""fingers"":{""index"":{""has_data"":true,""last_update_ts"":1784119734.1443543,""mapped"":true},""middle"":{""has_data"":true,""last_update_ts"":1784119734.1443543,""mapped"":true},""pinky"":{""has_data"":true,""last_update_ts"":1784119734.1443543,""mapped"":true},""ring"":{""has_data"":true,""last_update_ts"":1784119734.1443543,""mapped"":true},""thumb"":{""has_data"":true,""last_update_ts"":1784119734.1443543,""mapped"":true}},""ports"":{""available"":[""BLE:Dexter""],""unavailable"":[]}}"
1784119734.2035944,1784119734.2034562,353,ble,"{""index"":{""age_s"":0.009149551391601562,""channels"":3,""force"":[0.42589611122054905,0.310833163199999],""has_data"":true,""last_update_ts"":1784119734.1943066,""raw"":[16866,17752,16749]},""middle"":{""age_s"":0.009149551391601562,""channels"":3,""force"":[0.030283809262861894,-2.857722394170003],""has_data"":true,""last_update_ts"":1784119734.1943066,""raw"":[14246,14309,19426]},""pinky"":{""age_s"":0.009149551391601562,""channels"":3,""force"":[-1.0248425610860235,-0.748219828559999],""has_data"":true,""last_update_ts"":1784119734.1943066,""raw"":[17421,15289,17703]},""ring"":{""age_s"":0.009149551391601562,""channels"":3,""force"":[0.2763998464467434,0.2494991193899967],""has_data"":true,""last_update_ts"":1784119734.1943066,""raw"":[15796,16371,15634]},""thumb"":{""age_s"":0.009149551391601562,""channels"":3,""force"":[0.0,-2.220446049250313e-16],""has_data"":true,""last_update_ts"":1784119734.1943066,""raw"":[0,0,0]}}","{""ble"":{""connection_state"":""connected"",""counter"":1054653,""finger_order"":""DexterController.Visualizer"",""last_error"":null,""last_sample_age_s"":0.009178191001410596,""reconnect_count"":0,""sample_hz"":20.0,""sample_sequence"":352,""timestamp_us"":10699029504},""fingers"":{""index"":{""has_data"":true,""last_update_ts"":1784119734.1943066,""mapped"":true},""middle"":{""has_data"":true,""last_update_ts"":1784119734.1943066,""mapped"":true},""pinky"":{""has_data"":true,""last_update_ts"":1784119734.1943066,""mapped"":true},""ring"":{""has_data"":true,""last_update_ts"":1784119734.1943066,""mapped"":true},""thumb"":{""has_data"":true,""last_update_ts"":1784119734.1943066,""mapped"":true}},""ports"":{""available"":[""BLE:Dexter""],""unavailable"":[]}}"
1784119734.2535875,1784119734.2534575,354,ble,"{""index"":{""age_s"":0.009151458740234375,""channels"":3,""force"":[0.4936741605231454,0.7607086610099989],""has_data"":true,""last_update_ts"":1784119734.244306,""raw"":[17081,18108,16224]},""middle"":{""age_s"":0.009151458740234375,""channels"":3,""force"":[-0.1350754032200614,-3.317311428330001],""has_data"":true,""last_update_ts"":1784119734.244306,""raw"":[14148,13867,19984]},""pinky"":{""age_s"":0.009151458740234375,""channels"":3,""force"":[-1.025323256471145,-0.7423917067500012],""has_data"":true,""last_update_ts"":1784119734.244306,""raw"":[17419,15286,17690]},""ring"":{""age_s"":0.009151458740234375,""channels"":3,""force"":[0.2720735879806231,0.24866653055999866],""has_data"":true,""last_update_ts"":1784119734.244306,""raw"":[15802,16368,15637]},""thumb"":{""age_s"":0.009151458740234375,""channels"":3,""force"":[0.0,-2.220446049250313e-16],""has_data"":true,""last_update_ts"":1784119734.244306,""raw"":[0,0,0]}}","{""ble"":{""connection_state"":""connected"",""counter"":1054659,""finger_order"":""DexterController.Visualizer"",""last_error"":null,""last_sample_age_s"":0.009177429004921578,""reconnect_count"":0,""sample_hz"":20.0,""sample_sequence"":353,""timestamp_us"":10699086048},""fingers"":{""index"":{""has_data"":true,""last_update_ts"":1784119734.244306,""mapped"":true},""middle"":{""has_data"":true,""last_update_ts"":1784119734.244306,""mapped"":true},""pinky"":{""has_data"":true,""last_update_ts"":1784119734.244306,""mapped"":true},""ring"":{""has_data"":true,""last_update_ts"":1784119734.244306,""mapped"":true},""thumb"":{""has_data"":true,""last_update_ts"":1784119734.244306,""mapped"":true}},""ports"":{""available"":[""BLE:Dexter""],""unavailable"":[]}}"
1784119734.303703,1784119734.3034794,355,ble,"{""index"":{""age_s"":0.009123802185058594,""channels"":3,""force"":[0.525880751326504,0.8497956658200003],""has_data"":true,""last_update_ts"":1784119734.2943556,""raw"":[17113,18207,16129]},""middle"":{""age_s"":0.009123802185058594,""channels"":3,""force"":[-0.21487083715077482,-3.109164220830001],""has_data"":true,""last_update_ts"":1784119734.2943556,""raw"":[14350,13903,19728]},""pinky"":{""age_s"":0.009123802185058594,""channels"":3,""force"":[-1.0248425610860217,-0.7537704207600013],""has_data"":true,""last_update_ts"":1784119734.2943556,""raw"":[17420,15288,17712]},""ring"":{""age_s"":0.009123802185058594,""channels"":3,""force"":[0.2797647141426154,0.24422605679999787],""has_data"":true,""last_update_ts"":1784119734.2943556,""raw"":[15789,16371,15640]},""thumb"":{""age_s"":0.009123802185058594,""channels"":3,""force"":[0.0,-2.220446049250313e-16],""has_data"":true,""last_update_ts"":1784119734.2943556,""raw"":[0,0,0]}}","{""ble"":{""connection_state"":""connected"",""counter"":1054664,""finger_order"":""DexterController.Visualizer"",""last_error"":null,""last_sample_age_s"":0.00916621800570283,""reconnect_count"":0,""sample_hz"":20.0,""sample_sequence"":354,""timestamp_us"":10699133056},""fingers"":{""index"":{""has_data"":true,""last_update_ts"":1784119734.2943556,""mapped"":true},""middle"":{""has_data"":true,""last_update_ts"":1784119734.2943556,""mapped"":true},""pinky"":{""has_data"":true,""last_update_ts"":1784119734.2943556,""mapped"":true},""ring"":{""has_data"":true,""last_update_ts"":1784119734.2943556,""mapped"":true},""thumb"":{""has_data"":true,""last_update_ts"":1784119734.2943556,""mapped"":true}},""ports"":{""available"":[""BLE:Dexter""],""unavailable"":[]}}"
1784119734.3536363,1784119734.3534985,356,ble,"{""index"":{""age_s"":0.009192466735839844,""channels"":3,""force"":[0.44416253585529475,-0.10879160712000058],""has_data"":true,""last_update_ts"":1784119734.344306,""raw"":[16621,17545,17279]},""middle"":{""age_s"":0.009192466735839844,""channels"":3,""force"":[-0.43551001892304875,-1.5824738362200002],""has_data"":true,""last_update_ts"":1784119734.344306,""raw"":[15482,14576,17880]},""pinky"":{""age_s"":0.009192466735839844,""channels"":3,""force"":[-1.0253232564711467,-0.7534928911500014],""has_data"":true,""last_update_ts"":1784119734.344306,""raw"":[17416,15283,17707]},""ring"":{""age_s"":0.009192466735839844,""channels"":3,""force"":[0.2768805418318703,0.24977664899999752],""has_data"":true,""last_update_ts"":1784119734.344306,""raw"":[15796,16372,15634]},""thumb"":{""age_s"":0.009192466735839844,""channels"":3,""force"":[0.0,-2.220446049250313e-16],""has_data"":true,""last_update_ts"":1784119734.344306,""raw"":[0,0,0]}}","{""ble"":{""connection_state"":""connected"",""counter"":1054669,""finger_order"":""DexterController.Visualizer"",""last_error"":null,""last_sample_age_s"":0.009218201987096108,""reconnect_count"":0,""sample_hz"":20.0,""sample_sequence"":355,""timestamp_us"":10699180096},""fingers"":{""index"":{""has_data"":true,""last_update_ts"":1784119734.344306,""mapped"":true},""middle"":{""has_data"":true,""last_update_ts"":1784119734.344306,""mapped"":true},""pinky"":{""has_data"":true,""last_update_ts"":1784119734.344306,""mapped"":true},""ring"":{""has_data"":true,""last_update_ts"":1784119734.344306,""mapped"":true},""thumb"":{""has_data"":true,""last_update_ts"":1784119734.344306,""mapped"":true}},""ports"":{""available"":[""BLE:Dexter""],""unavailable"":[]}}"
1784119734.403627,1784119734.4034774,357,ble,"{""index"":{""age_s"":0.009171485900878906,""channels"":3,""force"":[0.27207358798062486,-1.2255707577600026],""has_data"":true,""last_update_ts"":1784119734.394306,""raw"":[16107,16673,18598]},""middle"":{""age_s"":0.009171485900878906,""channels"":3,""force"":[-0.7931473854558799,0.4407170206799984],""has_data"":true,""last_update_ts"":1784119734.394306,""raw"":[17085,15435,15466]},""pinky"":{""age_s"":0.009171485900878906,""channels"":3,""force"":[-1.0176321303091491,-0.7451670028500015],""has_data"":true,""last_update_ts"":1784119734.394306,""raw"":[17411,15294,17695]},""ring"":{""age_s"":0.009171485900878906,""channels"":3,""force"":[0.2797647141426225,0.24866653055999777],""has_data"":true,""last_update_ts"":1784119734.394306,""raw"":[15791,16373,15634]},""thumb"":{""age_s"":0.009171485900878906,""channels"":3,""force"":[0.0,-2.220446049250313e-16],""has_data"":true,""last_update_ts"":1784119734.394306,""raw"":[0,0,0]}}","{""ble"":{""connection_state"":""connected"",""counter"":1054674,""finger_order"":""DexterController.Visualizer"",""last_error"":null,""last_sample_age_s"":0.00920275499811396,""reconnect_count"":0,""sample_hz"":20.0,""sample_sequence"":356,""timestamp_us"":10699227200},""fingers"":{""index"":{""has_data"":true,""last_update_ts"":1784119734.394306,""mapped"":true},""middle"":{""has_data"":true,""last_update_ts"":1784119734.394306,""mapped"":true},""pinky"":{""has_data"":true,""last_update_ts"":1784119734.394306,""mapped"":true},""ring"":{""has_data"":true,""last_update_ts"":1784119734.394306,""mapped"":true},""thumb"":{""has_data"":true,""last_update_ts"":1784119734.394306,""mapped"":true}},""ports"":{""available"":[""BLE:Dexter""],""unavailable"":[]}}"
1784119734.4537108,1784119734.4534771,358,ble,"{""index"":{""age_s"":0.00912618637084961,""channels"":3,""force"":[0.23554073871114234,-1.423726899300001],""has_data"":true,""last_update_ts"":1784119734.444351,""raw"":[16018,16508,18828]},""middle"":{""age_s"":0.00912618637084961,""channels"":3,""force"":[-0.8325644070361111,0.6949341434399985],""has_data"":true,""last_update_ts"":1784119734.444351,""raw"":[17283,15551,15165]},""pinky"":{""age_s"":0.00912618637084961,""channels"":3,""force"":[-1.0205163026198978,-0.7479422989500017],""has_data"":true,""last_update_ts"":1784119734.444351,""raw"":[17414,15291,17700]},""ring"":{""age_s"":0.00912618637084961,""channels"":3,""force"":[0.2860137541492396,0.2567148892500004],""has_data"":true,""last_update_ts"":1784119734.444351,""raw"":[15797,16392,15632]},""thumb"":{""age_s"":0.00912618637084961,""channels"":3,""force"":[0.0,-2.220446049250313e-16],""has_data"":true,""last_update_ts"":1784119734.444351,""raw"":[0,0,0]}}","{""ble"":{""connection_state"":""connected"",""counter"":1054675,""finger_order"":""DexterController.Visualizer"",""last_error"":null,""last_sample_age_s"":0.009171468991553411,""reconnect_count"":0,""sample_hz"":20.0,""sample_sequence"":357,""timestamp_us"":10699236544},""fingers"":{""index"":{""has_data"":true,""last_update_ts"":1784119734.444351,""mapped"":true},""middle"":{""has_data"":true,""last_update_ts"":1784119734.444351,""mapped"":true},""pinky"":{""has_data"":true,""last_update_ts"":1784119734.444351,""mapped"":true},""ring"":{""has_data"":true,""last_update_ts"":1784119734.444351,""mapped"":true},""thumb"":{""has_data"":true,""last_update_ts"":1784119734.444351,""mapped"":true}},""ports"":{""available"":[""BLE:Dexter""],""unavailable"":[]}}"
1784119734.5036278,1784119734.503457,359,ble,"{""index"":{""age_s"":0.009146928787231445,""channels"":3,""force"":[0.07979543393071431,-3.35644310334],""has_data"":true,""last_update_ts"":1784119734.4943101,""raw"":[15008,15174,21138]},""middle"":{""age_s"":0.009146928787231445,""channels"":3,""force"":[-0.9474506040809327,1.7831277442499989],""has_data"":true,""last_update_ts"":1784119734.4943101,""raw"":[18039,16068,13841]},""pinky"":{""age_s"":0.009146928787231445,""channels"":3,""force"":[-1.0080182226066547,-0.7529378319300015],""has_data"":true,""last_update_ts"":1784119734.4943101,""raw"":[17398,15301,17706]},""ring"":{""age_s"":0.009146928787231445,""channels"":3,""force"":[0.28985931723024194,0.26060030378999954],""has_data"":true,""last_update_ts"":1784119734.4943101,""raw"":[15790,16393,15622]},""thumb"":{""age_s"":0.009146928787231445,""channels"":3,""force"":[0.0,-2.220446049250313e-16],""has_data"":true,""last_update_ts"":1784119734.4943101,""raw"":[0,0,0]}}","{""ble"":{""connection_state"":""connected"",""counter"":1054687,""finger_order"":""DexterController.Visualizer"",""last_error"":null,""last_sample_age_s"":0.009176488005323336,""reconnect_count"":0,""sample_hz"":20.0,""sample_sequence"":358,""timestamp_us"":10699349728},""fingers"":{""index"":{""has_data"":true,""last_update_ts"":1784119734.4943101,""mapped"":true},""middle"":{""has_data"":true,""last_update_ts"":1784119734.4943101,""mapped"":true},""pinky"":{""has_data"":true,""last_update_ts"":1784119734.4943101,""mapped"":true},""ring"":{""has_data"":true,""last_update_ts"":1784119734.4943101,""mapped"":true},""thumb"":{""has_data"":true,""last_update_ts"":1784119734.4943101,""mapped"":true}},""ports"":{""available"":[""BLE:Dexter""],""unavailable"":[]}}"
1784119734.5536206,1784119734.5534668,360,ble,"{""index"":{""age_s"":0.009160518646240234,""channels"":3,""force"":[0.07883404316046239,-3.514634981040003],""has_data"":true,""last_update_ts"":1784119734.5443063,""raw"":[14923,15087,21337]},""middle"":{""age_s"":0.009160518646240234,""channels"":3,""force"":[-1.0310916010926459,1.8208717712099975],""has_data"":true,""last_update_ts"":1784119734.5443063,""raw"":[18154,16009,13801]},""pinky"":{""age_s"":0.009160518646240234,""channels"":3,""force"":[-1.0277267333967703,-0.7448894732400015],""has_data"":true,""last_update_ts"":1784119734.5443063,""raw"":[17424,15286,17697]},""ring"":{""age_s"":0.009160518646240234,""channels"":3,""force"":[0.2773612372169971,0.2378428757699993],""has_data"":true,""last_update_ts"":1784119734.5443063,""raw"":[15782,16359,15642]},""thumb"":{""age_s"":0.009160518646240234,""channels"":3,""force"":[0.0,-2.220446049250313e-16],""has_data"":true,""last_update_ts"":1784119734.5443063,""raw"":[0,0,0]}}","{""ble"":{""connection_state"":""connected"",""counter"":1054690,""finger_order"":""DexterController.Visualizer"",""last_error"":null,""last_sample_age_s"":0.009186885989038274,""reconnect_count"":0,""sample_hz"":20.0,""sample_sequence"":359,""timestamp_us"":10699377824},""fingers"":{""index"":{""has_data"":true,""last_update_ts"":1784119734.5443063,""mapped"":true},""middle"":{""has_data"":true,""last_update_ts"":1784119734.5443063,""mapped"":true},""pinky"":{""has_data"":true,""last_update_ts"":1784119734.5443063,""mapped"":true},""ring"":{""has_data"":true,""last_update_ts"":1784119734.5443063,""mapped"":true},""thumb"":{""has_data"":true,""last_update_ts"":1784119734.5443063,""mapped"":true}},""ports"":{""available"":[""BLE:Dexter""],""unavailable"":[]}}"
1784119734.6036298,1784119734.6034565,361,ble,"{""index"":{""age_s"":0.00915074348449707,""channels"":3,""force"":[0.04278188927610316,-3.1480183662300023],""has_data"":true,""last_update_ts"":1784119734.5943058,""raw"":[15184,15273,20900]},""middle"":{""age_s"":0.00915074348449707,""channels"":3,""force"":[-1.0709893180579986,1.508650959959998],""has_data"":true,""last_update_ts"":1784119734.5943058,""raw"":[18021,15793,14189]},""pinky"":{""age_s"":0.00915074348449707,""channels"":3,""force"":[-1.017151434924024,-0.7454445324600032],""has_data"":true,""last_update_ts"":1784119734.5943058,""raw"":[17416,15300,17701]},""ring"":{""age_s"":0.00915074348449707,""channels"":3,""force"":[0.27928401875749387,0.24394852718999704],""has_data"":true,""last_update_ts"":1784119734.5943058,""raw"":[15786,16367,15637]},""thumb"":{""age_s"":0.00915074348449707,""channels"":3,""force"":[0.0,-2.220446049250313e-16],""has_data"":true,""last_update_ts"":1784119734.5943058,""raw"":[0,0,0]}}","{""ble"":{""connection_state"":""connected"",""counter"":1054696,""finger_order"":""DexterController.Visualizer"",""last_error"":null,""last_sample_age_s"":0.009182779002003372,""reconnect_count"":0,""sample_hz"":20.0,""sample_sequence"":360,""timestamp_us"":10699434272},""fingers"":{""index"":{""has_data"":true,""last_update_ts"":1784119734.5943058,""mapped"":true},""middle"":{""has_data"":true,""last_update_ts"":1784119734.5943058,""mapped"":true},""pinky"":{""has_data"":true,""last_update_ts"":1784119734.5943058,""mapped"":true},""ring"":{""has_data"":true,""last_update_ts"":1784119734.5943058,""mapped"":true},""thumb"":{""has_data"":true,""last_update_ts"":1784119734.5943058,""mapped"":true}},""ports"":{""available"":[""BLE:Dexter""],""unavailable"":[]}}"
1784119734.653608,1784119734.65346,362,ble,"{""index"":{""age_s"":0.009157180786132812,""channels"":3,""force"":[0.052395796978601084,-3.0669797201100018],""has_data"":true,""last_update_ts"":1784119734.6443028,""raw"":[15226,15335,20806]},""middle"":{""age_s"":0.009157180786132812,""channels"":3,""force"":[-0.9719660687222973,1.1223297428399963],""has_data"":true,""last_update_ts"":1784119734.6443028,""raw"":[17690,15668,14657]},""pinky"":{""age_s"":0.009157180786132812,""channels"":3,""force"":[-1.022919779545525,-0.7493299469999988],""has_data"":true,""last_update_ts"":1784119734.6443028,""raw"":[17417,15289,17703]},""ring"":{""age_s"":0.009157180786132812,""channels"":3,""force"":[0.27207358798062486,0.24755641212000068],""has_data"":true,""last_update_ts"":1784119734.6443028,""raw"":[15798,16364,15635]},""thumb"":{""age_s"":0.009157180786132812,""channels"":3,""force"":[0.0,-2.220446049250313e-16],""has_data"":true,""last_update_ts"":1784119734.6443028,""raw"":[0,0,0]}}","{""ble"":{""connection_state"":""connected"",""counter"":1054699,""finger_order"":""DexterController.Visualizer"",""last_error"":null,""last_sample_age_s"":0.009183781003230251,""reconnect_count"":0,""sample_hz"":20.0,""sample_sequence"":361,""timestamp_us"":10699462400},""fingers"":{""index"":{""has_data"":true,""last_update_ts"":1784119734.6443028,""mapped"":true},""middle"":{""has_data"":true,""last_update_ts"":1784119734.6443028,""mapped"":true},""pinky"":{""has_data"":true,""last_update_ts"":1784119734.6443028,""mapped"":true},""ring"":{""has_data"":true,""last_update_ts"":1784119734.6443028,""mapped"":true},""thumb"":{""has_data"":true,""last_update_ts"":1784119734.6443028,""mapped"":true}},""ports"":{""available"":[""BLE:Dexter""],""unavailable"":[]}}"
1784119734.7036135,1784119734.7034688,363,ble,"{""index"":{""age_s"":0.009163379669189453,""channels"":3,""force"":[0.24227047410288804,-1.7206835820000004],""has_data"":true,""last_update_ts"":1784119734.6943054,""raw"":[15849,16353,19201]},""middle"":{""age_s"":0.009163379669189453,""channels"":3,""force"":[-0.4307030650717998,-1.3598950890000028],""has_data"":true,""last_update_ts"":1784119734.6943054,""raw"":[15608,14712,17610]},""pinky"":{""age_s"":0.009163379669189453,""channels"":3,""force"":[-1.0181128256942742,-0.7476647693400018],""has_data"":true,""last_update_ts"":1784119734.6943054,""raw"":[17409,15291,17697]},""ring"":{""age_s"":0.009163379669189453,""channels"":3,""force"":[0.27351567413599476,0.23895299420999905],""has_data"":true,""last_update_ts"":1784119734.6943054,""raw"":[15789,16358,15643]},""thumb"":{""age_s"":0.009163379669189453,""channels"":3,""force"":[0.0,-2.220446049250313e-16],""has_data"":true,""last_update_ts"":1784119734.6943054,""raw"":[0,0,0]}}","{""ble"":{""connection_state"":""connected"",""counter"":1054707,""finger_order"":""DexterController.Visualizer"",""last_error"":null,""last_sample_age_s"":0.009192867000820115,""reconnect_count"":0,""sample_hz"":20.0,""sample_sequence"":362,""timestamp_us"":10699537856},""fingers"":{""index"":{""has_data"":true,""last_update_ts"":1784119734.6943054,""mapped"":true},""middle"":{""has_data"":true,""last_update_ts"":1784119734.6943054,""mapped"":true},""pinky"":{""has_data"":true,""last_update_ts"":1784119734.6943054,""mapped"":true},""ring"":{""has_data"":true,""last_update_ts"":1784119734.6943054,""mapped"":true},""thumb"":{""has_data"":true,""last_update_ts"":1784119734.6943054,""mapped"":true}},""ports"":{""available"":[""BLE:Dexter""],""unavailable"":[]}}"
1784119734.7537134,1784119734.7534845,364,ble,"{""index"":{""age_s"":0.009138345718383789,""channels"":3,""force"":[0.39657369272794085,-0.7745851415100029],""has_data"":true,""last_update_ts"":1784119734.7443461,""raw"":[16260,17085,18068]},""middle"":{""age_s"":0.009138345718383789,""channels"":3,""force"":[-0.3071643510947304,-2.2804608053700024],""has_data"":true,""last_update_ts"":1784119734.7443461,""raw"":[14941,14302,18730]},""pinky"":{""age_s"":0.009138345718383789,""channels"":3,""force"":[-1.0214776933901462,-0.7523827727100016],""has_data"":true,""last_update_ts"":1784119734.7443461,""raw"":[17411,15286,17704]},""ring"":{""age_s"":0.009138345718383789,""channels"":3,""force"":[0.2855330587641163,0.24478111601999775],""has_data"":true,""last_update_ts"":1784119734.7443461,""raw"":[15782,16376,15638]},""thumb"":{""age_s"":0.009138345718383789,""channels"":3,""force"":[0.0,-2.220446049250313e-16],""has_data"":true,""last_update_ts"":1784119734.7443461,""raw"":[0,0,0]}}","{""ble"":{""connection_state"":""connected"",""counter"":1054711,""finger_order"":""DexterController.Visualizer"",""last_error"":null,""last_sample_age_s"":0.009182888999930583,""reconnect_count"":0,""sample_hz"":20.0,""sample_sequence"":363,""timestamp_us"":10699575552},""fingers"":{""index"":{""has_data"":true,""last_update_ts"":1784119734.7443461,""mapped"":true},""middle"":{""has_data"":true,""last_update_ts"":1784119734.7443461,""mapped"":true},""pinky"":{""has_data"":true,""last_update_ts"":1784119734.7443461,""mapped"":true},""ring"":{""has_data"":true,""last_update_ts"":1784119734.7443461,""mapped"":true},""thumb"":{""has_data"":true,""last_update_ts"":1784119734.7443461,""mapped"":true}},""ports"":{""available"":[""BLE:Dexter""],""unavailable"":[]}}"
1784119734.8036084,1784119734.8034585,365,ble,"{""index"":{""age_s"":0.009154081344604492,""channels"":3,""force"":[0.4148401173626812,-0.10407360375000341],""has_data"":true,""last_update_ts"":1784119734.7943044,""raw"":[16605,17468,17224]},""middle"":{""age_s"":0.009154081344604492,""channels"":3,""force"":[-0.06777804930259368,-3.3456194485500026],""has_data"":true,""last_update_ts"":1784119734.7943044,""raw"":[14072,13931,20029]},""pinky"":{""age_s"":0.009154081344604492,""channels"":3,""force"":[-1.0330143826331408,-0.7379512329900031],""has_data"":true,""last_update_ts"":1784119734.7943044,""raw"":[17432,15283,17687]},""ring"":{""age_s"":0.009154081344604492,""channels"":3,""force"":[0.28024540952774757,0.27003631052999655],""has_data"":true,""last_update_ts"":1784119734.7943044,""raw"":[15807,16390,15612]},""thumb"":{""age_s"":0.009154081344604492,""channels"":3,""force"":[0.0,-2.220446049250313e-16],""has_data"":true,""last_update_ts"":1784119734.7943044,""raw"":[0,0,0]}}","{""ble"":{""connection_state"":""connected"",""counter"":1054717,""finger_order"":""DexterController.Visualizer"",""last_error"":null,""last_sample_age_s"":0.009180463996017352,""reconnect_count"":0,""sample_hz"":20.0,""sample_sequence"":364,""timestamp_us"":10699632096},""fingers"":{""index"":{""has_data"":true,""last_update_ts"":1784119734.7943044,""mapped"":true},""middle"":{""has_data"":true,""last_update_ts"":1784119734.7943044,""mapped"":true},""pinky"":{""has_data"":true,""last_update_ts"":1784119734.7943044,""mapped"":true},""ring"":{""has_data"":true,""last_update_ts"":1784119734.7943044,""mapped"":true},""thumb"":{""has_data"":true,""last_update_ts"":1784119734.7943044,""mapped"":true}},""ports"":{""available"":[""BLE:Dexter""],""unavailable"":[]}}"
1784119734.8536084,1784119734.8534641,366,ble,"{""index"":{""age_s"":0.009157657623291016,""channels"":3,""force"":[0.44993088047678853,0.5345220288599997],""has_data"":true,""last_update_ts"":1784119734.8443065,""raw"":[17014,17950,16519]},""middle"":{""age_s"":0.009157657623291016,""channels"":3,""force"":[-0.09854255395057976,-3.6109377557100037],""has_data"":true,""last_update_ts"":1784119734.8443065,""raw"":[13930,13725,20333]},""pinky"":{""age_s"":0.009157657623291016,""channels"":3,""force"":[-1.0253232564711467,-0.7634839571100009],""has_data"":true,""last_update_ts"":1784119734.8443065,""raw"":[17410,15277,17719]},""ring"":{""age_s"":0.009157657623291016,""channels"":3,""force"":[0.27351567413600186,0.24561370484999845],""has_data"":true,""last_update_ts"":1784119734.8443065,""raw"":[15795,16364,15637]},""thumb"":{""age_s"":0.009157657623291016,""channels"":3,""force"":[0.0,-2.220446049250313e-16],""has_data"":true,""last_update_ts"":1784119734.8443065,""raw"":[0,0,0]}}","{""ble"":{""connection_state"":""connected"",""counter"":1054722,""finger_order"":""DexterController.Visualizer"",""last_error"":null,""last_sample_age_s"":0.009183761008898728,""reconnect_count"":0,""sample_hz"":20.0,""sample_sequence"":365,""timestamp_us"":10699679168},""fingers"":{""index"":{""has_data"":true,""last_update_ts"":1784119734.8443065,""mapped"":true},""middle"":{""has_data"":true,""last_update_ts"":1784119734.8443065,""mapped"":true},""pinky"":{""has_data"":true,""last_update_ts"":1784119734.8443065,""mapped"":true},""ring"":{""has_data"":true,""last_update_ts"":1784119734.8443065,""mapped"":true},""thumb"":{""has_data"":true,""last_update_ts"":1784119734.8443065,""mapped"":true}},""ports"":{""available"":[""BLE:Dexter""],""unavailable"":[]}}"
1784119734.9036188,1784119734.903458,367,ble,"{""index"":{""age_s"":0.009152412414550781,""channels"":3,""force"":[0.5345332682587518,0.6372079845599998],""has_data"":true,""last_update_ts"":1784119734.8943057,""raw"":[16968,18080,16376]},""middle"":{""age_s"":0.009152412414550781,""channels"":3,""force"":[-0.138920966301062,-3.6159332886900017],""has_data"":true,""last_update_ts"":1784119734.8943057,""raw"":[13977,13688,20347]},""pinky"":{""age_s"":0.009152412414550781,""channels"":3,""force"":[-1.0017691826000323,-0.7571007760800041],""has_data"":true,""last_update_ts"":1784119734.8943057,""raw"":[17395,15311,17717]},""ring"":{""age_s"":0.009152412414550781,""channels"":3,""force"":[0.2956276618517393,0.25005417860999746],""has_data"":true,""last_update_ts"":1784119734.8943057,""raw"":[15770,16385,15627]},""thumb"":{""age_s"":0.009152412414550781,""channels"":3,""force"":[0.0,-2.220446049250313e-16],""has_data"":true,""last_update_ts"":1784119734.8943057,""raw"":[0,0,0]}}","{""ble"":{""connection_state"":""connected"",""counter"":1054728,""finger_order"":""DexterController.Visualizer"",""last_error"":null,""last_sample_age_s"":0.00917968300927896,""reconnect_count"":0,""sample_hz"":20.0,""sample_sequence"":366,""timestamp_us"":10699735584},""fingers"":{""index"":{""has_data"":true,""last_update_ts"":1784119734.8943057,""mapped"":true},""middle"":{""has_data"":true,""last_update_ts"":1784119734.8943057,""mapped"":true},""pinky"":{""has_data"":true,""last_update_ts"":1784119734.8943057,""mapped"":true},""ring"":{""has_data"":true,""last_update_ts"":1784119734.8943057,""mapped"":true},""thumb"":{""has_data"":true,""last_update_ts"":1784119734.8943057,""mapped"":true}},""ports"":{""available"":[""BLE:Dexter""],""unavailable"":[]}}"
1784119734.9536011,1784119734.9534569,368,ble,"{""index"":{""age_s"":0.009151697158813477,""channels"":3,""force"":[0.5758730713794797,0.4218450071999973],""has_data"":true,""last_update_ts"":1784119734.9443052,""raw"":[16780,17978,16619]},""middle"":{""age_s"":0.009151697158813477,""channels"":3,""force"":[-0.08171821547121194,-3.562370073960003],""has_data"":true,""last_update_ts"":1784119734.9443052,""raw"":[13975,13805,20308]},""pinky"":{""age_s"":0.009151697158813477,""channels"":3,""force"":[-1.0214776933901462,-0.7379512329900013],""has_data"":true,""last_update_ts"":1784119734.9443052,""raw"":[17423,15298,17690]},""ring"":{""age_s"":0.009151697158813477,""channels"":3,""force"":[0.2691894156698744,0.25144182665999804],""has_data"":true,""last_update_ts"":1784119734.9443052,""raw"":[15801,16361,15628]},""thumb"":{""age_s"":0.009151697158813477,""channels"":3,""force"":[0.0,-2.220446049250313e-16],""has_data"":true,""last_update_ts"":1784119734.9443052,""raw"":[0,0,0]}}","{""ble"":{""connection_state"":""connected"",""counter"":1054733,""finger_order"":""DexterController.Visualizer"",""last_error"":null,""last_sample_age_s"":0.009176327002933249,""reconnect_count"":0,""sample_hz"":20.0,""sample_sequence"":367,""timestamp_us"":10699782560},""fingers"":{""index"":{""has_data"":true,""last_update_ts"":1784119734.9443052,""mapped"":true},""middle"":{""has_data"":true,""last_update_ts"":1784119734.9443052,""mapped"":true},""pinky"":{""has_data"":true,""last_update_ts"":1784119734.9443052,""mapped"":true},""ring"":{""has_data"":true,""last_update_ts"":1784119734.9443052,""mapped"":true},""thumb"":{""has_data"":true,""last_update_ts"":1784119734.9443052,""mapped"":true}},""ports"":{""available"":[""BLE:Dexter""],""unavailable"":[]}}"
1784119735.003597,1784119735.0034635,369,ble,"{""index"":{""age_s"":0.009157657623291016,""channels"":3,""force"":[0.5446278713463713,0.10851407750999797],""has_data"":true,""last_update_ts"":1784119734.9943058,""raw"":[16633,17766,17004]},""middle"":{""age_s"":0.009157657623291016,""channels"":3,""force"":[-0.09181281855883316,-3.3273024942900014],""has_data"":true,""last_update_ts"":1784119734.9943058,""raw"":[14109,13918,20008]},""pinky"":{""age_s"":0.009157657623291016,""channels"":3,""force"":[-1.0330143826331426,-0.7484973581700034],""has_data"":true,""last_update_ts"":1784119734.9943058,""raw"":[17431,15282,17705]},""ring"":{""age_s"":0.009157657623291016,""channels"":3,""force"":[0.267747329514501,0.2511642970499981],""has_data"":true,""last_update_ts"":1784119734.9943058,""raw"":[15800,16357,15626]},""thumb"":{""age_s"":0.009157657623291016,""channels"":3,""force"":[0.0,-2.220446049250313e-16],""has_data"":true,""last_update_ts"":1784119734.9943058,""raw"":[0,0,0]}}","{""ble"":{""connection_state"":""connected"",""counter"":1054738,""finger_order"":""DexterController.Visualizer"",""last_error"":null,""last_sample_age_s"":0.009183932997984812,""reconnect_count"":0,""sample_hz"":20.0,""sample_sequence"":368,""timestamp_us"":10699829504},""fingers"":{""index"":{""has_data"":true,""last_update_ts"":1784119734.9943058,""mapped"":true},""middle"":{""has_data"":true,""last_update_ts"":1784119734.9943058,""mapped"":true},""pinky"":{""has_data"":true,""last_update_ts"":1784119734.9943058,""mapped"":true},""ring"":{""has_data"":true,""last_update_ts"":1784119734.9943058,""mapped"":true},""thumb"":{""has_data"":true,""last_update_ts"":1784119734.9943058,""mapped"":true}},""ports"":{""available"":[""BLE:Dexter""],""unavailable"":[]}}"
1784119735.0536084,1784119735.0534647,370,ble,"{""index"":{""age_s"":0.009159088134765625,""channels"":3,""force"":[0.3975350834981892,-0.8289809450700032],""has_data"":true,""last_update_ts"":1784119735.0443056,""raw"":[16251,17078,18158]},""middle"":{""age_s"":0.009159088134765625,""channels"":3,""force"":[-0.5369367451843754,-1.7348375921100025],""has_data"":true,""last_update_ts"":1784119735.0443056,""raw"":[15501,14384,18068]},""pinky"":{""age_s"":0.009159088134765625,""channels"":3,""force"":[-1.0128251764579002,-0.7518277134900027],""has_data"":true,""last_update_ts"":1784119735.0443056,""raw"":[17403,15296,17704]},""ring"":{""age_s"":0.009159088134765625,""channels"":3,""force"":[0.27688054183187205,0.24200581992000014],""has_data"":true,""last_update_ts"":1784119735.0443056,""raw"":[15787,16363,15639]},""thumb"":{""age_s"":0.009159088134765625,""channels"":3,""force"":[0.0,-2.220446049250313e-16],""has_data"":true,""last_update_ts"":1784119735.0443056,""raw"":[0,0,0]}}","{""ble"":{""connection_state"":""connected"",""counter"":1054744,""finger_order"":""DexterController.Visualizer"",""last_error"":null,""last_sample_age_s"":0.009185560993500985,""reconnect_count"":0,""sample_hz"":20.0,""sample_sequence"":369,""timestamp_us"":10699886016},""fingers"":{""index"":{""has_data"":true,""last_update_ts"":1784119735.0443056,""mapped"":true},""middle"":{""has_data"":true,""last_update_ts"":1784119735.0443056,""mapped"":true},""pinky"":{""has_data"":true,""last_update_ts"":1784119735.0443056,""mapped"":true},""ring"":{""has_data"":true,""last_update_ts"":1784119735.0443056,""mapped"":true},""thumb"":{""has_data"":true,""last_update_ts"":1784119735.0443056,""mapped"":true}},""ports"":{""available"":[""BLE:Dexter""],""unavailable"":[]}}"
1784119735.1035872,1784119735.103464,371,ble,"{""index"":{""age_s"":0.009158611297607422,""channels"":3,""force"":[0.3374481603575923,-1.7539871352000018],""has_data"":true,""last_update_ts"":1784119735.0943053,""raw"":[15758,16460,19269]},""middle"":{""age_s"":0.009158611297607422,""channels"":3,""force"":[-0.9536996440875551,-0.18372460182000072],""has_data"":true,""last_update_ts"":1784119735.0943053,""raw"":[16863,14879,16202]},""pinky"":{""age_s"":0.009158611297607422,""channels"":3,""force"":[-1.031572296477771,-0.7448894732399998],""has_data"":true,""last_update_ts"":1784119735.0943053,""raw"":[17425,15279,17694]},""ring"":{""age_s"":0.009158611297607422,""channels"":3,""force"":[0.2759191510616201,0.2347900500599991],""has_data"":true,""last_update_ts"":1784119735.0943053,""raw"":[15785,16359,15649]},""thumb"":{""age_s"":0.009158611297607422,""channels"":3,""force"":[0.0,-2.220446049250313e-16],""has_data"":true,""last_update_ts"":1784119735.0943053,""raw"":[0,0,0]}}","{""ble"":{""connection_state"":""connected"",""counter"":1054749,""finger_order"":""DexterController.Visualizer"",""last_error"":null,""last_sample_age_s"":0.009186162002151832,""reconnect_count"":0,""sample_hz"":20.0,""sample_sequence"":370,""timestamp_us"":10699933056},""fingers"":{""index"":{""has_data"":true,""last_update_ts"":1784119735.0943053,""mapped"":true},""middle"":{""has_data"":true,""last_update_ts"":1784119735.0943053,""mapped"":true},""pinky"":{""has_data"":true,""last_update_ts"":1784119735.0943053,""mapped"":true},""ring"":{""has_data"":true,""last_update_ts"":1784119735.0943053,""mapped"":true},""thumb"":{""has_data"":true,""last_update_ts"":1784119735.0943053,""mapped"":true}},""ports"":{""available"":[""BLE:Dexter""],""unavailable"":[]}}"
1784119735.153607,1784119735.1534638,372,ble,"{""index"":{""age_s"":0.009157896041870117,""channels"":3,""force"":[0.20573762483340374,-2.6942574538800024],""has_data"":true,""last_update_ts"":1784119735.144306,""raw"":[15310,15738,20378]},""middle"":{""age_s"":0.009157896041870117,""channels"":3,""force"":[-1.169051176623455,0.8936453441999976],""has_data"":true,""last_update_ts"":1784119735.144306,""raw"":[17751,15319,14925]},""pinky"":{""age_s"":0.009157896041870117,""channels"":3,""force"":[-1.0243618657008948,-0.7496074766099996],""has_data"":true,""last_update_ts"":1784119735.144306,""raw"":[17418,15287,17703]},""ring"":{""age_s"":0.009157896041870117,""channels"":3,""force"":[0.2768805418318703,0.24644629367999826],""has_data"":true,""last_update_ts"":1784119735.144306,""raw"":[15791,16367,15635]},""thumb"":{""age_s"":0.009157896041870117,""channels"":3,""force"":[0.0,-2.220446049250313e-16],""has_data"":true,""last_update_ts"":1784119735.144306,""raw"":[0,0,0]}}","{""ble"":{""connection_state"":""connected"",""counter"":1054755,""finger_order"":""DexterController.Visualizer"",""last_error"":null,""last_sample_age_s"":0.00918455800274387,""reconnect_count"":0,""sample_hz"":20.0,""sample_sequence"":371,""timestamp_us"":10699989408},""fingers"":{""index"":{""has_data"":true,""last_update_ts"":1784119735.144306,""mapped"":true},""middle"":{""has_data"":true,""last_update_ts"":1784119735.144306,""mapped"":true},""pinky"":{""has_data"":true,""last_update_ts"":1784119735.144306,""mapped"":true},""ring"":{""has_data"":true,""last_update_ts"":1784119735.144306,""mapped"":true},""thumb"":{""has_data"":true,""last_update_ts"":1784119735.144306,""mapped"":true}},""ports"":{""available"":[""BLE:Dexter""],""unavailable"":[]}}"
1784119735.2036016,1784119735.203456,373,ble,"{""index"":{""age_s"":0.009148836135864258,""channels"":3,""force"":[0.176415206340792,-3.364491462030003],""has_data"":true,""last_update_ts"":1784119735.194307,""raw"":[14931,15298,21176]},""middle"":{""age_s"":0.009148836135864258,""channels"":3,""force"":[-1.2440396567029204,1.3227061212599986],""has_data"":true,""last_update_ts"":1784119735.194307,""raw"":[18082,15494,14405]},""pinky"":{""age_s"":0.009148836135864258,""channels"":3,""force"":[-1.0267653426265237,-0.7459995916800022],""has_data"":true,""last_update_ts"":1784119735.194307,""raw"":[17425,15289,17701]},""ring"":{""age_s"":0.009148836135864258,""channels"":3,""force"":[0.2826488864533694,0.2553272411999954],""has_data"":true,""last_update_ts"":1784119735.194307,""raw"":[15795,16383,15629]},""thumb"":{""age_s"":0.009148836135864258,""channels"":3,""force"":[0.0,-2.220446049250313e-16],""has_data"":true,""last_update_ts"":1784119735.194307,""raw"":[0,0,0]}}","{""ble"":{""connection_state"":""connected"",""counter"":1054760,""finger_order"":""DexterController.Visualizer"",""last_error"":null,""last_sample_age_s"":0.009175601997412741,""reconnect_count"":0,""sample_hz"":20.0,""sample_sequence"":372,""timestamp_us"":10700036320},""fingers"":{""index"":{""has_data"":true,""last_update_ts"":1784119735.194307,""mapped"":true},""middle"":{""has_data"":true,""last_update_ts"":1784119735.194307,""mapped"":true},""pinky"":{""has_data"":true,""last_update_ts"":1784119735.194307,""mapped"":true},""ring"":{""has_data"":true,""last_update_ts"":1784119735.194307,""mapped"":true},""thumb"":{""has_data"":true,""last_update_ts"":1784119735.194307,""mapped"":true}},""ports"":{""available"":[""BLE:Dexter""],""unavailable"":[]}}"
1784119735.2537203,1784119735.2534811,374,ble,"{""index"":{""age_s"":0.009135961532592773,""channels"":3,""force"":[0.14084374784155962,-3.7674644557500008],""has_data"":true,""last_update_ts"":1784119735.2443452,""raw"":[14738,15031,21672]},""middle"":{""age_s"":0.009135961532592773,""channels"":3,""force"":[-1.3209509183228842,1.5352938025199983],""has_data"":true,""last_update_ts"":1784119735.2443452,""raw"":[18273,15525,14133]},""pinky"":{""age_s"":0.009135961532592773,""channels"":3,""force"":[-1.020516302619896,-0.7440568844100017],""has_data"":true,""last_update_ts"":1784119735.2443452,""raw"":[17415,15292,17694]},""ring"":{""age_s"":0.009135961532592773,""channels"":3,""force"":[0.2812068002979924,0.25615983002999787],""has_data"":true,""last_update_ts"":1784119735.2443452,""raw"":[15794,16379,15625]},""thumb"":{""age_s"":0.009135961532592773,""channels"":3,""force"":[0.0,-2.220446049250313e-16],""has_data"":true,""last_update_ts"":1784119735.2443452,""raw"":[0,0,0]}}","{""ble"":{""connection_state"":""connected"",""counter"":1054765,""finger_order"":""DexterController.Visualizer"",""last_error"":null,""last_sample_age_s"":0.009179571003187448,""reconnect_count"":0,""sample_hz"":20.0,""sample_sequence"":373,""timestamp_us"":10700083328},""fingers"":{""index"":{""has_data"":true,""last_update_ts"":1784119735.2443452,""mapped"":true},""middle"":{""has_data"":true,""last_update_ts"":1784119735.2443452,""mapped"":true},""pinky"":{""has_data"":true,""last_update_ts"":1784119735.2443452,""mapped"":true},""ring"":{""has_data"":true,""last_update_ts"":1784119735.2443452,""mapped"":true},""thumb"":{""has_data"":true,""last_update_ts"":1784119735.2443452,""mapped"":true}},""ports"":{""available"":[""BLE:Dexter""],""unavailable"":[]}}"
1784119735.30373,1784119735.3034856,375,ble,"{""index"":{""age_s"":0.009139299392700195,""channels"":3,""force"":[0.10911785242332428,-3.699747230909999],""has_data"":true,""last_update_ts"":1784119735.2943463,""raw"":[14815,15042,21594]},""middle"":{""age_s"":0.009139299392700195,""channels"":3,""force"":[-1.3296034352551285,1.587469369199999],""has_data"":true,""last_update_ts"":1784119735.2943463,""raw"":[18316,15550,14073]},""pinky"":{""age_s"":0.009139299392700195,""channels"":3,""force"":[-1.0253232564711467,-0.7473872397300028],""has_data"":true,""last_update_ts"":1784119735.2943463,""raw"":[17421,15288,17701]},""ring"":{""age_s"":0.009139299392700195,""channels"":3,""force"":[0.27495776029137176,0.24922158977999764],""has_data"":true,""last_update_ts"":1784119735.2943463,""raw"":[15796,16368,15633]},""thumb"":{""age_s"":0.009139299392700195,""channels"":3,""force"":[0.0,-2.220446049250313e-16],""has_data"":true,""last_update_ts"":1784119735.2943463,""raw"":[0,0,0]}}","{""ble"":{""connection_state"":""connected"",""counter"":1054770,""finger_order"":""DexterController.Visualizer"",""last_error"":null,""last_sample_age_s"":0.009183267000480555,""reconnect_count"":0,""sample_hz"":20.0,""sample_sequence"":374,""timestamp_us"":10700130304},""fingers"":{""index"":{""has_data"":true,""last_update_ts"":1784119735.2943463,""mapped"":true},""middle"":{""has_data"":true,""last_update_ts"":1784119735.2943463,""mapped"":true},""pinky"":{""has_data"":true,""last_update_ts"":1784119735.2943463,""mapped"":true},""ring"":{""has_data"":true,""last_update_ts"":1784119735.2943463,""mapped"":true},""thumb"":{""has_data"":true,""last_update_ts"":1784119735.2943463,""mapped"":true}},""ports"":{""available"":[""BLE:Dexter""],""unavailable"":[]}}"
1784119735.353713,1784119735.3534844,376,ble,"{""index"":{""age_s"":0.009156465530395508,""channels"":3,""force"":[0.08604447393733494,-2.5274621582700014],""has_data"":true,""last_update_ts"":1784119735.344328,""raw"":[15536,15715,20179]},""middle"":{""age_s"":0.009156465530395508,""channels"":3,""force"":[-1.0988696503952369,0.3785503880399981],""has_data"":true,""last_update_ts"":1784119735.344328,""raw"":[17353,15067,15528]},""pinky"":{""age_s"":0.009156465530395508,""channels"":3,""force"":[-1.0214776933901462,-0.742391706750003],""has_data"":true,""last_update_ts"":1784119735.344328,""raw"":[17418,15293,17693]},""ring"":{""age_s"":0.009156465530395508,""channels"":3,""force"":[0.27688054183187205,0.2586575965199973],""has_data"":true,""last_update_ts"":1784119735.344328,""raw"":[15802,16378,15624]},""thumb"":{""age_s"":0.009156465530395508,""channels"":3,""force"":[0.0,-2.220446049250313e-16],""has_data"":true,""last_update_ts"":1784119735.344328,""raw"":[0,0,0]}}","{""ble"":{""connection_state"":""connected"",""counter"":1054776,""finger_order"":""DexterController.Visualizer"",""last_error"":null,""last_sample_age_s"":0.00919869399513118,""reconnect_count"":0,""sample_hz"":20.0,""sample_sequence"":375,""timestamp_us"":10700186496},""fingers"":{""index"":{""has_data"":true,""last_update_ts"":1784119735.344328,""mapped"":true},""middle"":{""has_data"":true,""last_update_ts"":1784119735.344328,""mapped"":true},""pinky"":{""has_data"":true,""last_update_ts"":1784119735.344328,""mapped"":true},""ring"":{""has_data"":true,""last_update_ts"":1784119735.344328,""mapped"":true},""thumb"":{""has_data"":true,""last_update_ts"":1784119735.344328,""mapped"":true}},""ports"":{""available"":[""BLE:Dexter""],""unavailable"":[]}}"
1784119735.4036043,1784119735.403458,377,ble,"{""index"":{""age_s"":0.009152889251708984,""channels"":3,""force"":[0.2888979264599918,-1.021586494410002],""has_data"":true,""last_update_ts"":1784119735.3943052,""raw"":[16298,16899,18439]},""middle"":{""age_s"":0.009152889251708984,""channels"":3,""force"":[-0.41628220351805645,-2.0886878448600035],""has_data"":true,""last_update_ts"":1784119735.3943052,""raw"":[15103,14237,18433]},""pinky"":{""age_s"":0.009152889251708984,""channels"":3,""force"":[-1.0219583887752712,-0.7443344140200008],""has_data"":true,""last_update_ts"":1784119735.3943052,""raw"":[17414,15288,17692]},""ring"":{""age_s"":0.009152889251708984,""channels"":3,""force"":[0.285052363378993,0.25671488924999775],""has_data"":true,""last_update_ts"":1784119735.3943052,""raw"":[15791,16384,15625]},""thumb"":{""age_s"":0.009152889251708984,""channels"":3,""force"":[0.0,-2.220446049250313e-16],""has_data"":true,""last_update_ts"":1784119735.3943052,""raw"":[0,0,0]}}","{""ble"":{""connection_state"":""connected"",""counter"":1054782,""finger_order"":""DexterController.Visualizer"",""last_error"":null,""last_sample_age_s"":0.009179439002764411,""reconnect_count"":0,""sample_hz"":20.0,""sample_sequence"":376,""timestamp_us"":10700242976},""fingers"":{""index"":{""has_data"":true,""last_update_ts"":1784119735.3943052,""mapped"":true},""middle"":{""has_data"":true,""last_update_ts"":1784119735.3943052,""mapped"":true},""pinky"":{""has_data"":true,""last_update_ts"":1784119735.3943052,""mapped"":true},""ring"":{""has_data"":true,""last_update_ts"":1784119735.3943052,""mapped"":true},""thumb"":{""has_data"":true,""last_update_ts"":1784119735.3943052,""mapped"":true}},""ports"":{""available"":[""BLE:Dexter""],""unavailable"":[]}}"
1784119735.4537141,1784119735.4534802,378,ble,"{""index"":{""age_s"":0.009149551391601562,""channels"":3,""force"":[0.37350031424194974,-0.004718003369999835],""has_data"":true,""last_update_ts"":1784119735.4443307,""raw"":[16841,17618,17238]},""middle"":{""age_s"":0.009149551391601562,""channels"":3,""force"":[-0.1413244432266847,-2.9573555241600014],""has_data"":true,""last_update_ts"":1784119735.4443307,""raw"":[14285,13991,19466]},""pinky"":{""age_s"":0.009149551391601562,""channels"":3,""force"":[-1.0209969980050229,-0.7476647693400036],""has_data"":true,""last_update_ts"":1784119735.4443307,""raw"":[17416,15292,17701]},""ring"":{""age_s"":0.009149551391601562,""channels"":3,""force"":[0.27543845567649505,0.24727888250999808],""has_data"":true,""last_update_ts"":1784119735.4443307,""raw"":[15793,16366,15634]},""thumb"":{""age_s"":0.009149551391601562,""channels"":3,""force"":[0.0,-2.220446049250313e-16],""has_data"":true,""last_update_ts"":1784119735.4443307,""raw"":[0,0,0]}}","{""ble"":{""connection_state"":""connected"",""counter"":1054787,""finger_order"":""DexterController.Visualizer"",""last_error"":null,""last_sample_age_s"":0.009192173994961195,""reconnect_count"":0,""sample_hz"":20.0,""sample_sequence"":377,""timestamp_us"":10700290080},""fingers"":{""index"":{""has_data"":true,""last_update_ts"":1784119735.4443307,""mapped"":true},""middle"":{""has_data"":true,""last_update_ts"":1784119735.4443307,""mapped"":true},""pinky"":{""has_data"":true,""last_update_ts"":1784119735.4443307,""mapped"":true},""ring"":{""has_data"":true,""last_update_ts"":1784119735.4443307,""mapped"":true},""thumb"":{""has_data"":true,""last_update_ts"":1784119735.4443307,""mapped"":true}},""ports"":{""available"":[""BLE:Dexter""],""unavailable"":[]}}"
1784119735.5036082,1784119735.503457,379,ble,"{""index"":{""age_s"":0.009148359298706055,""channels"":3,""force"":[0.4653131328007838,0.6588552941399985],""has_data"":true,""last_update_ts"":1784119735.4943087,""raw"":[17112,18080,16409]},""middle"":{""age_s"":0.009148359298706055,""channels"":3,""force"":[-0.20093067098215656,-3.5540441856600022],""has_data"":true,""last_update_ts"":1784119735.4943087,""raw"":[14036,13618,20230]},""pinky"":{""age_s"":0.009148359298706055,""channels"":3,""force"":[-1.0205163026198996,-0.730180403910003],""has_data"":true,""last_update_ts"":1784119735.4943087,""raw"":[17426,15303,17680]},""ring"":{""age_s"":0.009148359298706055,""channels"":3,""force"":[0.2831295818384927,0.299454449189998],""has_data"":true,""last_update_ts"":1784119735.4943087,""raw"":[15821,16410,15576]},""thumb"":{""age_s"":0.009148359298706055,""channels"":3,""force"":[0.0,-2.220446049250313e-16],""has_data"":true,""last_update_ts"":1784119735.4943087,""raw"":[0,0,0]}}","{""ble"":{""connection_state"":""connected"",""counter"":1054792,""finger_order"":""DexterController.Visualizer"",""last_error"":null,""last_sample_age_s"":0.009175692001008429,""reconnect_count"":0,""sample_hz"":20.0,""sample_sequence"":378,""timestamp_us"":10700337088},""fingers"":{""index"":{""has_data"":true,""last_update_ts"":1784119735.4943087,""mapped"":true},""middle"":{""has_data"":true,""last_update_ts"":1784119735.4943087,""mapped"":true},""pinky"":{""has_data"":true,""last_update_ts"":1784119735.4943087,""mapped"":true},""ring"":{""has_data"":true,""last_update_ts"":1784119735.4943087,""mapped"":true},""thumb"":{""has_data"":true,""last_update_ts"":1784119735.4943087,""mapped"":true}},""ports"":{""available"":[""BLE:Dexter""],""unavailable"":[]}}"
1784119735.5535989,1784119735.5534542,380,ble,"{""index"":{""age_s"":0.009145498275756836,""channels"":3,""force"":[0.41868568044367827,0.8800463933099989],""has_data"":true,""last_update_ts"":1784119735.5443087,""raw"":[17314,18185,16164]},""middle"":{""age_s"":0.009145498275756836,""channels"":3,""force"":[-0.3436972003642156,-3.5526565376100026],""has_data"":true,""last_update_ts"":1784119735.5443087,""raw"":[14173,13458,20216]},""pinky"":{""age_s"":0.009145498275756836,""channels"":3,""force"":[-1.0118637856876518,-0.7446119436300016],""has_data"":true,""last_update_ts"":1784119735.5443087,""raw"":[17409,15304,17698]},""ring"":{""age_s"":0.009145498275756836,""channels"":3,""force"":[0.27303497875087324,0.24922158977999942],""has_data"":true,""last_update_ts"":1784119735.5443087,""raw"":[15800,16368,15635]},""thumb"":{""age_s"":0.009145498275756836,""channels"":3,""force"":[0.0,-2.220446049250313e-16],""has_data"":true,""last_update_ts"":1784119735.5443087,""raw"":[0,0,0]}}","{""ble"":{""connection_state"":""connected"",""counter"":1054798,""finger_order"":""DexterController.Visualizer"",""last_error"":null,""last_sample_age_s"":0.009171576006338,""reconnect_count"":0,""sample_hz"":20.0,""sample_sequence"":379,""timestamp_us"":10700393536},""fingers"":{""index"":{""has_data"":true,""last_update_ts"":1784119735.5443087,""mapped"":true},""middle"":{""has_data"":true,""last_update_ts"":1784119735.5443087,""mapped"":true},""pinky"":{""has_data"":true,""last_update_ts"":1784119735.5443087,""mapped"":true},""ring"":{""has_data"":true,""last_update_ts"":1784119735.5443087,""mapped"":true},""thumb"":{""has_data"":true,""last_update_ts"":1784119735.5443087,""mapped"":true}},""ports"":{""available"":[""BLE:Dexter""],""unavailable"":[]}}"
1784119735.6035843,1784119735.6034536,381,ble,"{""index"":{""age_s"":0.009145736694335938,""channels"":3,""force"":[0.4590640927941614,0.5631075786899977],""has_data"":true,""last_update_ts"":1784119735.594308,""raw"":[17061,18016,16524]},""middle"":{""age_s"":0.009145736694335938,""channels"":3,""force"":[-0.4504115758619154,-3.0453324105300004],""has_data"":true,""last_update_ts"":1784119735.594308,""raw"":[14512,13575,19530]},""pinky"":{""age_s"":0.009145736694335938,""channels"":3,""force"":[0.8426590101237323,0.07798582040999857],""has_data"":true,""last_update_ts"":1784119735.594308,""raw"":[16716,18469,17452]},""ring"":{""age_s"":0.009145736694335938,""channels"":3,""force"":[0.2773612372169936,0.6313798627499967],""has_data"":true,""last_update_ts"":1784119735.594308,""raw"":[15765,16342,14916]},""thumb"":{""age_s"":0.009145736694335938,""channels"":3,""force"":[0.0,-2.220446049250313e-16],""has_data"":true,""last_update_ts"":1784119735.594308,""raw"":[0,0,0]}}","{""ble"":{""connection_state"":""connected"",""counter"":1054803,""finger_order"":""DexterController.Visualizer"",""last_error"":null,""last_sample_age_s"":0.00917209600447677,""reconnect_count"":0,""sample_hz"":20.0,""sample_sequence"":380,""timestamp_us"":10700440576},""fingers"":{""index"":{""has_data"":true,""last_update_ts"":1784119735.594308,""mapped"":true},""middle"":{""has_data"":true,""last_update_ts"":1784119735.594308,""mapped"":true},""pinky"":{""has_data"":true,""last_update_ts"":1784119735.594308,""mapped"":true},""ring"":{""has_data"":true,""last_update_ts"":1784119735.594308,""mapped"":true},""thumb"":{""has_data"":true,""last_update_ts"":1784119735.594308,""mapped"":true}},""ports"":{""available"":[""BLE:Dexter""],""unavailable"":[]}}"
1784119735.6537602,1784119735.6534781,382,ble,"{""index"":{""age_s"":0.009158849716186523,""channels"":3,""force"":[0.4624289604900369,-0.18705495714000264],""has_data"":true,""last_update_ts"":1784119735.6443193,""raw"":[16602,17564,17420]},""middle"":{""age_s"":0.009158849716186523,""channels"":3,""force"":[-0.538378831339748,-2.7175699411200025],""has_data"":true,""last_update_ts"":1784119735.6443193,""raw"":[14907,13787,19243]},""pinky"":{""age_s"":0.009158849716186523,""channels"":3,""force"":[-1.0267653426265202,-0.7448894732400015],""has_data"":true,""last_update_ts"":1784119735.6443193,""raw"":[17426,15290,17700]},""ring"":{""age_s"":0.009158849716186523,""channels"":3,""force"":[0.27543845567649683,0.24727888250999808],""has_data"":true,""last_update_ts"":1784119735.6443193,""raw"":[15796,16369,15637]},""thumb"":{""age_s"":0.009158849716186523,""channels"":3,""force"":[0.0,-2.220446049250313e-16],""has_data"":true,""last_update_ts"":1784119735.6443193,""raw"":[0,0,0]}}","{""ble"":{""connection_state"":""connected"",""counter"":1054808,""finger_order"":""DexterController.Visualizer"",""last_error"":null,""last_sample_age_s"":0.009203843990690075,""reconnect_count"":0,""sample_hz"":20.0,""sample_sequence"":381,""timestamp_us"":10700487584},""fingers"":{""index"":{""has_data"":true,""last_update_ts"":1784119735.6443193,""mapped"":true},""middle"":{""has_data"":true,""last_update_ts"":1784119735.6443193,""mapped"":true},""pinky"":{""has_data"":true,""last_update_ts"":1784119735.6443193,""mapped"":true},""ring"":{""has_data"":true,""last_update_ts"":1784119735.6443193,""mapped"":true},""thumb"":{""has_data"":true,""last_update_ts"":1784119735.6443193,""mapped"":true}},""ports"":{""available"":[""BLE:Dexter""],""unavailable"":[]}}"
1784119735.70361,1784119735.7034814,383,ble,"{""index"":{""age_s"":0.009176492691040039,""channels"":3,""force"":[0.4456046220106682,-1.67489119635],""has_data"":true,""last_update_ts"":1784119735.694305,""raw"":[15701,16628,19182]},""middle"":{""age_s"":0.009176492691040039,""channels"":3,""force"":[-0.914282622507324,-1.4892238872600005],""has_data"":true,""last_update_ts"":1784119735.694305,""raw"":[16037,14135,17769]},""pinky"":{""age_s"":0.009176492691040039,""channels"":3,""force"":[-1.018112825694276,-0.7476647693400018],""has_data"":true,""last_update_ts"":1784119735.694305,""raw"":[17412,15294,17700]},""ring"":{""age_s"":0.009176492691040039,""channels"":3,""force"":[0.28601375414924135,0.25615983002999876],""has_data"":true,""last_update_ts"":1784119735.694305,""raw"":[15796,16391,15632]},""thumb"":{""age_s"":0.009176492691040039,""channels"":3,""force"":[0.0,-2.220446049250313e-16],""has_data"":true,""last_update_ts"":1784119735.694305,""raw"":[0,0,0]}}","{""ble"":{""connection_state"":""connected"",""counter"":1054814,""finger_order"":""DexterController.Visualizer"",""last_error"":null,""last_sample_age_s"":0.009204525005770847,""reconnect_count"":0,""sample_hz"":20.0,""sample_sequence"":382,""timestamp_us"":10700543936},""fingers"":{""index"":{""has_data"":true,""last_update_ts"":1784119735.694305,""mapped"":true},""middle"":{""has_data"":true,""last_update_ts"":1784119735.694305,""mapped"":true},""pinky"":{""has_data"":true,""last_update_ts"":1784119735.694305,""mapped"":true},""ring"":{""has_data"":true,""last_update_ts"":1784119735.694305,""mapped"":true},""thumb"":{""has_data"":true,""last_update_ts"":1784119735.694305,""mapped"":true}},""ports"":{""available"":[""BLE:Dexter""],""unavailable"":[]}}"
1784119735.7535963,1784119735.7534745,384,ble,"{""index"":{""age_s"":0.009168386459350586,""channels"":3,""force"":[0.293704880311239,-2.473066354710001],""has_data"":true,""last_update_ts"":1784119735.744306,""raw"":[15367,15978,20128]},""middle"":{""age_s"":0.009168386459350586,""channels"":3,""force"":[-1.431510856901582,0.04495979681999707],""has_data"":true,""last_update_ts"":1784119735.744306,""raw"":[17515,14537,15945]},""pinky"":{""age_s"":0.009168386459350586,""channels"":3,""force"":[-1.0243618657008948,-0.7479422989500035],""has_data"":true,""last_update_ts"":1784119735.744306,""raw"":[17419,15288,17701]},""ring"":{""age_s"":0.009168386459350586,""channels"":3,""force"":[0.2773612372169936,0.2445035864099978],""has_data"":true,""last_update_ts"":1784119735.744306,""raw"":[15794,16371,15642]},""thumb"":{""age_s"":0.009168386459350586,""channels"":3,""force"":[0.0,-2.220446049250313e-16],""has_data"":true,""last_update_ts"":1784119735.744306,""raw"":[0,0,0]}}","{""ble"":{""connection_state"":""connected"",""counter"":1054819,""finger_order"":""DexterController.Visualizer"",""last_error"":null,""last_sample_age_s"":0.009194697995553724,""reconnect_count"":0,""sample_hz"":20.0,""sample_sequence"":383,""timestamp_us"":10700590976},""fingers"":{""index"":{""has_data"":true,""last_update_ts"":1784119735.744306,""mapped"":true},""middle"":{""has_data"":true,""last_update_ts"":1784119735.744306,""mapped"":true},""pinky"":{""has_data"":true,""last_update_ts"":1784119735.744306,""mapped"":true},""ring"":{""has_data"":true,""last_update_ts"":1784119735.744306,""mapped"":true},""thumb"":{""has_data"":true,""last_update_ts"":1784119735.744306,""mapped"":true}},""ports"":{""available"":[""BLE:Dexter""],""unavailable"":[]}}"
1784119735.8037384,1784119735.803514,385,ble,"{""index"":{""age_s"":0.009195089340209961,""channels"":3,""force"":[0.21150596945490285,-3.046164999360001],""has_data"":true,""last_update_ts"":1784119735.794319,""raw"":[15097,15537,20805]},""middle"":{""age_s"":0.009195089340209961,""channels"":3,""force"":[-1.6574376879102246,0.720466867559999],""has_data"":true,""last_update_ts"":1784119735.794319,""raw"":[18177,14729,15155]},""pinky"":{""age_s"":0.009195089340209961,""channels"":3,""force"":[-1.0195549118496476,-0.7534928911500032],""has_data"":true,""last_update_ts"":1784119735.794319,""raw"":[17408,15287,17705]},""ring"":{""age_s"":0.009195089340209961,""channels"":3,""force"":[0.2759191510616166,0.2531070043199968],""has_data"":true,""last_update_ts"":1784119735.794319,""raw"":[15797,16371,15628]},""thumb"":{""age_s"":0.009195089340209961,""channels"":3,""force"":[0.0,-2.220446049250313e-16],""has_data"":true,""last_update_ts"":1784119735.794319,""raw"":[0,0,0]}}","{""ble"":{""connection_state"":""connected"",""counter"":1054824,""finger_order"":""DexterController.Visualizer"",""last_error"":null,""last_sample_age_s"":0.009239819002687,""reconnect_count"":0,""sample_hz"":20.0,""sample_sequence"":384,""timestamp_us"":10700638016},""fingers"":{""index"":{""has_data"":true,""last_update_ts"":1784119735.794319,""mapped"":true},""middle"":{""has_data"":true,""last_update_ts"":1784119735.794319,""mapped"":true},""pinky"":{""has_data"":true,""last_update_ts"":1784119735.794319,""mapped"":true},""ring"":{""has_data"":true,""last_update_ts"":1784119735.794319,""mapped"":true},""thumb"":{""has_data"":true,""last_update_ts"":1784119735.794319,""mapped"":true}},""ports"":{""available"":[""BLE:Dexter""],""unavailable"":[]}}"
1784119735.8536227,1784119735.8534822,386,ble,"{""index"":{""age_s"":0.009176492691040039,""channels"":3,""force"":[0.21919709561689693,-3.3175889579400026],""has_data"":true,""last_update_ts"":1784119735.8443058,""raw"":[14917,15373,21122]},""middle"":{""age_s"":0.009176492691040039,""channels"":3,""force"":[-1.694931927949959,0.9585872729399973],""has_data"":true,""last_update_ts"":1784119735.8443058,""raw"":[18364,14838,14874]},""pinky"":{""age_s"":0.009176492691040039,""channels"":3,""force"":[-1.0176321303091491,-0.750717595050002],""has_data"":true,""last_update_ts"":1784119735.8443058,""raw"":[17408,15291,17702]},""ring"":{""age_s"":0.009176492691040039,""channels"":3,""force"":[0.27447706490624846,0.24949911938999847],""has_data"":true,""last_update_ts"":1784119735.8443058,""raw"":[15793,16364,15629]},""thumb"":{""age_s"":0.009176492691040039,""channels"":3,""force"":[0.0,-2.220446049250313e-16],""has_data"":true,""last_update_ts"":1784119735.8443058,""raw"":[0,0,0]}}","{""ble"":{""connection_state"":""connected"",""counter"":1054827,""finger_order"":""DexterController.Visualizer"",""last_error"":null,""last_sample_age_s"":0.009207711002090946,""reconnect_count"":0,""sample_hz"":20.0,""sample_sequence"":385,""timestamp_us"":10700666112},""fingers"":{""index"":{""has_data"":true,""last_update_ts"":1784119735.8443058,""mapped"":true},""middle"":{""has_data"":true,""last_update_ts"":1784119735.8443058,""mapped"":true},""pinky"":{""has_data"":true,""last_update_ts"":1784119735.8443058,""mapped"":true},""ring"":{""has_data"":true,""last_update_ts"":1784119735.8443058,""mapped"":true},""thumb"":{""has_data"":true,""last_update_ts"":1784119735.8443058,""mapped"":true}},""ports"":{""available"":[""BLE:Dexter""],""unavailable"":[]}}"
1784119735.90362,1784119735.9034822,387,ble,"{""index"":{""age_s"":0.009176969528198242,""channels"":3,""force"":[0.20189206175240493,-3.4791111909600003],""has_data"":true,""last_update_ts"":1784119735.8943052,""raw"":[14833,15253,21311]},""middle"":{""age_s"":0.009176969528198242,""channels"":3,""force"":[-1.5329375831629086,0.9266713677899991],""has_data"":true,""last_update_ts"":1784119735.8943052,""raw"":[18163,14974,14899]},""pinky"":{""age_s"":0.009176969528198242,""channels"":3,""force"":[-1.020516302619896,-0.7440568844100017],""has_data"":true,""last_update_ts"":1784119735.8943052,""raw"":[17415,15292,17694]},""ring"":{""age_s"":0.009176969528198242,""channels"":3,""force"":[0.28312958183849446,0.25615983002999965],""has_data"":true,""last_update_ts"":1784119735.8943052,""raw"":[15792,16381,15625]},""thumb"":{""age_s"":0.009176969528198242,""channels"":3,""force"":[0.0,-2.220446049250313e-16],""has_data"":true,""last_update_ts"":1784119735.8943052,""raw"":[0,0,0]}}","{""ble"":{""connection_state"":""connected"",""counter"":1054836,""finger_order"":""DexterController.Visualizer"",""last_error"":null,""last_sample_age_s"":0.009206990012899041,""reconnect_count"":0,""sample_hz"":20.0,""sample_sequence"":386,""timestamp_us"":10700751008},""fingers"":{""index"":{""has_data"":true,""last_update_ts"":1784119735.8943052,""mapped"":true},""middle"":{""has_data"":true,""last_update_ts"":1784119735.8943052,""mapped"":true},""pinky"":{""has_data"":true,""last_update_ts"":1784119735.8943052,""mapped"":true},""ring"":{""has_data"":true,""last_update_ts"":1784119735.8943052,""mapped"":true},""thumb"":{""has_data"":true,""last_update_ts"":1784119735.8943052,""mapped"":true}},""ports"":{""available"":[""BLE:Dexter""],""unavailable"":[]}}"
1784119735.9537737,1784119735.9535031,388,ble,"{""index"":{""age_s"":0.009156465530395508,""channels"":3,""force"":[0.18122216019204096,-3.0758606676300033],""has_data"":true,""last_update_ts"":1784119735.9443467,""raw"":[15098,15475,20828]},""middle"":{""age_s"":0.009156465530395508,""channels"":3,""force"":[-1.4281459892057082,0.6558024684299983],""has_data"":true,""last_update_ts"":1784119735.9443467,""raw"":[17891,14920,15224]},""pinky"":{""age_s"":0.009156465530395508,""channels"":3,""force"":[-1.0238811703157733,-0.7515501838800009],""has_data"":true,""last_update_ts"":1784119735.9443467,""raw"":[17413,15283,17702]},""ring"":{""age_s"":0.009156465530395508,""channels"":3,""force"":[0.2754384556764933,0.25282947470999595],""has_data"":true,""last_update_ts"":1784119735.9443467,""raw"":[15798,16371,15629]},""thumb"":{""age_s"":0.009156465530395508,""channels"":3,""force"":[0.0,-2.220446049250313e-16],""has_data"":true,""last_update_ts"":1784119735.9443467,""raw"":[0,0,0]}}","{""ble"":{""connection_state"":""connected"",""counter"":1054839,""finger_order"":""DexterController.Visualizer"",""last_error"":null,""last_sample_age_s"":0.009207711991621181,""reconnect_count"":0,""sample_hz"":20.0,""sample_sequence"":387,""timestamp_us"":10700779200},""fingers"":{""index"":{""has_data"":true,""last_update_ts"":1784119735.9443467,""mapped"":true},""middle"":{""has_data"":true,""last_update_ts"":1784119735.9443467,""mapped"":true},""pinky"":{""has_data"":true,""last_update_ts"":1784119735.9443467,""mapped"":true},""ring"":{""has_data"":true,""last_update_ts"":1784119735.9443467,""mapped"":true},""thumb"":{""has_data"":true,""last_update_ts"":1784119735.9443467,""mapped"":true}},""ports"":{""available"":[""BLE:Dexter""],""unavailable"":[]}}"
1784119736.003744,1784119736.003485,389,ble,"{""index"":{""age_s"":0.009178400039672852,""channels"":3,""force"":[0.1783379878812923,-2.9315452704300027],""has_data"":true,""last_update_ts"":1784119735.9943066,""raw"":[15193,15564,20660]},""middle"":{""age_s"":0.009178400039672852,""channels"":3,""force"":[-1.4079567830304676,0.6025167833099987],""has_data"":true,""last_update_ts"":1784119735.9943066,""raw"":[17833,14904,15283]},""pinky"":{""age_s"":0.009178400039672852,""channels"":3,""force"":[-1.0229197795455196,-0.7493299470000041],""has_data"":true,""last_update_ts"":1784119735.9943066,""raw"":[17415,15287,17701]},""ring"":{""age_s"":0.009178400039672852,""channels"":3,""force"":[0.27495776029137176,0.24866653055999954],""has_data"":true,""last_update_ts"":1784119735.9943066,""raw"":[15794,16366,15632]},""thumb"":{""age_s"":0.009178400039672852,""channels"":3,""force"":[0.0,-2.220446049250313e-16],""has_data"":true,""last_update_ts"":1784119735.9943066,""raw"":[0,0,0]}}","{""ble"":{""connection_state"":""connected"",""counter"":1054840,""finger_order"":""DexterController.Visualizer"",""last_error"":null,""last_sample_age_s"":0.009226074995240197,""reconnect_count"":0,""sample_hz"":20.0,""sample_sequence"":388,""timestamp_us"":10700788480},""fingers"":{""index"":{""has_data"":true,""last_update_ts"":1784119735.9943066,""mapped"":true},""middle"":{""has_data"":true,""last_update_ts"":1784119735.9943066,""mapped"":true},""pinky"":{""has_data"":true,""last_update_ts"":1784119735.9943066,""mapped"":true},""ring"":{""has_data"":true,""last_update_ts"":1784119735.9943066,""mapped"":true},""thumb"":{""has_data"":true,""last_update_ts"":1784119735.9943066,""mapped"":true}},""ports"":{""available"":[""BLE:Dexter""],""unavailable"":[]}}"
1784119736.0537567,1784119736.053505,390,ble,"{""index"":{""age_s"":0.009183168411254883,""channels"":3,""force"":[0.17449242480029348,-2.776683748050001],""has_data"":true,""last_update_ts"":1784119736.0443218,""raw"":[15292,15655,20476]},""middle"":{""age_s"":0.009183168411254883,""channels"":3,""force"":[-1.375750192227109,0.553394042339999],""has_data"":true,""last_update_ts"":1784119736.0443218,""raw"":[17770,14908,15342]},""pinky"":{""age_s"":0.009183168411254883,""channels"":3,""force"":[-1.018112825694276,-0.750440065440003],""has_data"":true,""last_update_ts"":1784119736.0443218,""raw"":[17412,15294,17705]},""ring"":{""age_s"":0.009183168411254883,""channels"":3,""force"":[0.27976471414261894,0.2503317082199974],""has_data"":true,""last_update_ts"":1784119736.0443218,""raw"":[15794,16376,15634]},""thumb"":{""age_s"":0.009183168411254883,""channels"":3,""force"":[0.0,-2.220446049250313e-16],""has_data"":true,""last_update_ts"":1784119736.0443218,""raw"":[0,0,0]}}","{""ble"":{""connection_state"":""connected"",""counter"":1054841,""finger_order"":""DexterController.Visualizer"",""last_error"":null,""last_sample_age_s"":0.009231110001564957,""reconnect_count"":0,""sample_hz"":20.0,""sample_sequence"":389,""timestamp_us"":10700797920},""fingers"":{""index"":{""has_data"":true,""last_update_ts"":1784119736.0443218,""mapped"":true},""middle"":{""has_data"":true,""last_update_ts"":1784119736.0443218,""mapped"":true},""pinky"":{""has_data"":true,""last_update_ts"":1784119736.0443218,""mapped"":true},""ring"":{""has_data"":true,""last_update_ts"":1784119736.0443218,""mapped"":true},""thumb"":{""has_data"":true,""last_update_ts"":1784119736.0443218,""mapped"":true}},""ports"":{""available"":[""BLE:Dexter""],""unavailable"":[]}}"
1784119736.1037261,1784119736.1034827,391,ble,"{""index"":{""age_s"":0.009176492691040039,""channels"":3,""force"":[0.517228234394258,0.5922481877400001],""has_data"":true,""last_update_ts"":1784119736.0943062,""raw"":[16965,18041,16436]},""middle"":{""age_s"":0.009176492691040039,""channels"":3,""force"":[-0.12498080013244106,-2.8363526142000026],""has_data"":true,""last_update_ts"":1784119736.0943062,""raw"":[14403,14143,19383]},""pinky"":{""age_s"":0.009176492691040039,""channels"":3,""force"":[-1.0190742164645226,-0.7398939402600044],""has_data"":true,""last_update_ts"":1784119736.0943062,""raw"":[17411,15291,17684]},""ring"":{""age_s"":0.009176492691040039,""channels"":3,""force"":[0.28312958183849446,0.2578250076899993],""has_data"":true,""last_update_ts"":1784119736.0943062,""raw"":[15796,16385,15626]},""thumb"":{""age_s"":0.009176492691040039,""channels"":3,""force"":[0.0,-2.220446049250313e-16],""has_data"":true,""last_update_ts"":1784119736.0943062,""raw"":[0,0,0]}}","{""ble"":{""connection_state"":""connected"",""counter"":1054846,""finger_order"":""DexterController.Visualizer"",""last_error"":null,""last_sample_age_s"":0.009207367998897098,""reconnect_count"":0,""sample_hz"":20.0,""sample_sequence"":390,""timestamp_us"":10700939680},""fingers"":{""index"":{""has_data"":true,""last_update_ts"":1784119736.0943062,""mapped"":true},""middle"":{""has_data"":true,""last_update_ts"":1784119736.0943062,""mapped"":true},""pinky"":{""has_data"":true,""last_update_ts"":1784119736.0943062,""mapped"":true},""ring"":{""has_data"":true,""last_update_ts"":1784119736.0943062,""mapped"":true},""thumb"":{""has_data"":true,""last_update_ts"":1784119736.0943062,""mapped"":true}},""ports"":{""available"":[""BLE:Dexter""],""unavailable"":[]}}"
1784119736.1537244,1784119736.1534812,392,ble,"{""index"":{""age_s"":0.009175539016723633,""channels"":3,""force"":[0.48790581590164805,0.6424810471499995],""has_data"":true,""last_update_ts"":1784119736.1443057,""raw"":[17019,18034,16369]},""middle"":{""age_s"":0.009175539016723633,""channels"":3,""force"":[-0.08123752008608687,-3.0636493647900016],""has_data"":true,""last_update_ts"":1784119736.1443057,""raw"":[14212,14043,19647]},""pinky"":{""age_s"":0.009175539016723633,""channels"":3,""force"":[-1.0258039518562718,-0.7465546509000012],""has_data"":true,""last_update_ts"":1784119736.1443057,""raw"":[17424,15290,17702]},""ring"":{""age_s"":0.009175539016723633,""channels"":3,""force"":[0.273034978750875,0.2453361752399994],""has_data"":true,""last_update_ts"":1784119736.1443057,""raw"":[15796,16364,15638]},""thumb"":{""age_s"":0.009175539016723633,""channels"":3,""force"":[0.0,-2.220446049250313e-16],""has_data"":true,""last_update_ts"":1784119736.1443057,""raw"":[0,0,0]}}","{""ble"":{""connection_state"":""connected"",""counter"":1054851,""finger_order"":""DexterController.Visualizer"",""last_error"":null,""last_sample_age_s"":0.009206286005792208,""reconnect_count"":0,""sample_hz"":20.0,""sample_sequence"":391,""timestamp_us"":10700986752},""fingers"":{""index"":{""has_data"":true,""last_update_ts"":1784119736.1443057,""mapped"":true},""middle"":{""has_data"":true,""last_update_ts"":1784119736.1443057,""mapped"":true},""pinky"":{""has_data"":true,""last_update_ts"":1784119736.1443057,""mapped"":true},""ring"":{""has_data"":true,""last_update_ts"":1784119736.1443057,""mapped"":true},""thumb"":{""has_data"":true,""last_update_ts"":1784119736.1443057,""mapped"":true}},""ports"":{""available"":[""BLE:Dexter""],""unavailable"":[]}}"
1784119736.2036185,1784119736.2034714,393,ble,"{""index"":{""age_s"":0.009165287017822266,""channels"":3,""force"":[0.3888825665659432,0.6524721131099973],""has_data"":true,""last_update_ts"":1784119736.1943061,""raw"":[17148,17957,16377]},""middle"":{""age_s"":0.009165287017822266,""channels"":3,""force"":[-0.15526460939530295,-2.983165777890001],""has_data"":true,""last_update_ts"":1784119736.1943061,""raw"":[14327,14004,19540]},""pinky"":{""age_s"":0.009165287017822266,""channels"":3,""force"":[-1.0200356072347727,-0.7476647693400018],""has_data"":true,""last_update_ts"":1784119736.1943061,""raw"":[17418,15296,17704]},""ring"":{""age_s"":0.009165287017822266,""channels"":3,""force"":[0.2759191510616219,0.2453361752400003],""has_data"":true,""last_update_ts"":1784119736.1943061,""raw"":[15794,16368,15639]},""thumb"":{""age_s"":0.009165287017822266,""channels"":3,""force"":[0.0,-2.220446049250313e-16],""has_data"":true,""last_update_ts"":1784119736.1943061,""raw"":[0,0,0]}}","{""ble"":{""connection_state"":""connected"",""counter"":1054857,""finger_order"":""DexterController.Visualizer"",""last_error"":null,""last_sample_age_s"":0.009192319994326681,""reconnect_count"":0,""sample_hz"":20.0,""sample_sequence"":392,""timestamp_us"":10701043104},""fingers"":{""index"":{""has_data"":true,""last_update_ts"":1784119736.1943061,""mapped"":true},""middle"":{""has_data"":true,""last_update_ts"":1784119736.1943061,""mapped"":true},""pinky"":{""has_data"":true,""last_update_ts"":1784119736.1943061,""mapped"":true},""ring"":{""has_data"":true,""last_update_ts"":1784119736.1943061,""mapped"":true},""thumb"":{""has_data"":true,""last_update_ts"":1784119736.1943061,""mapped"":true}},""ports"":{""available"":[""BLE:Dexter""],""unavailable"":[]}}"
1784119736.25371,1784119736.2534847,394,ble,"{""index"":{""age_s"":0.009180068969726562,""channels"":3,""force"":[0.3821528311741975,0.6835554294299966],""has_data"":true,""last_update_ts"":1784119736.2443047,""raw"":[17156,17951,16322]},""middle"":{""age_s"":0.009180068969726562,""channels"":3,""force"":[-0.17353103403004422,-3.009808620450002],""has_data"":true,""last_update_ts"":1784119736.2443047,""raw"":[14316,13955,19558]},""pinky"":{""age_s"":0.009180068969726562,""channels"":3,""force"":[-1.021477693390148,-0.7468321805099993],""has_data"":true,""last_update_ts"":1784119736.2443047,""raw"":[17413,15288,17696]},""ring"":{""age_s"":0.009180068969726562,""channels"":3,""force"":[0.2855330587641163,0.2586575965199964],""has_data"":true,""last_update_ts"":1784119736.2443047,""raw"":[15793,16387,15624]},""thumb"":{""age_s"":0.009180068969726562,""channels"":3,""force"":[0.0,-2.220446049250313e-16],""has_data"":true,""last_update_ts"":1784119736.2443047,""raw"":[0,0,0]}}","{""ble"":{""connection_state"":""connected"",""counter"":1054862,""finger_order"":""DexterController.Visualizer"",""last_error"":null,""last_sample_age_s"":0.009212277000187896,""reconnect_count"":0,""sample_hz"":20.0,""sample_sequence"":393,""timestamp_us"":10701090240},""fingers"":{""index"":{""has_data"":true,""last_update_ts"":1784119736.2443047,""mapped"":true},""middle"":{""has_data"":true,""last_update_ts"":1784119736.2443047,""mapped"":true},""pinky"":{""has_data"":true,""last_update_ts"":1784119736.2443047,""mapped"":true},""ring"":{""has_data"":true,""last_update_ts"":1784119736.2443047,""mapped"":true},""thumb"":{""has_data"":true,""last_update_ts"":1784119736.2443047,""mapped"":true}},""ports"":{""available"":[""BLE:Dexter""],""unavailable"":[]}}"
1784119736.3036125,1784119736.3034601,395,ble,"{""index"":{""age_s"":0.009155750274658203,""channels"":3,""force"":[0.313413391101351,0.7132510976999971],""has_data"":true,""last_update_ts"":1784119736.2943044,""raw"":[17265,17917,16306]},""middle"":{""age_s"":0.009155750274658203,""channels"":3,""force"":[-0.2980311387773602,-2.5227441549000007],""has_data"":true,""last_update_ts"":1784119736.2943044,""raw"":[14701,14081,18936]},""pinky"":{""age_s"":0.009155750274658203,""channels"":3,""force"":[-1.0234004749306465,-0.7507175950500011],""has_data"":true,""last_update_ts"":1784119736.2943044,""raw"":[17414,15285,17702]},""ring"":{""age_s"":0.009155750274658203,""channels"":3,""force"":[0.276399846446747,0.24616876406999832],""has_data"":true,""last_update_ts"":1784119736.2943044,""raw"":[15794,16369,15638]},""thumb"":{""age_s"":0.009155750274658203,""channels"":3,""force"":[0.0,-2.220446049250313e-16],""has_data"":true,""last_update_ts"":1784119736.2943044,""raw"":[0,0,0]}}","{""ble"":{""connection_state"":""connected"",""counter"":1054867,""finger_order"":""DexterController.Visualizer"",""last_error"":null,""last_sample_age_s"":0.009183353002299555,""reconnect_count"":0,""sample_hz"":20.0,""sample_sequence"":394,""timestamp_us"":10701137280},""fingers"":{""index"":{""has_data"":true,""last_update_ts"":1784119736.2943044,""mapped"":true},""middle"":{""has_data"":true,""last_update_ts"":1784119736.2943044,""mapped"":true},""pinky"":{""has_data"":true,""last_update_ts"":1784119736.2943044,""mapped"":true},""ring"":{""has_data"":true,""last_update_ts"":1784119736.2943044,""mapped"":true},""thumb"":{""has_data"":true,""last_update_ts"":1784119736.2943044,""mapped"":true}},""ports"":{""available"":[""BLE:Dexter""],""unavailable"":[]}}"
1784119736.3535936,1784119736.3534596,396,ble,"{""index"":{""age_s"":0.009153366088867188,""channels"":3,""force"":[0.16872408017879437,0.3960347534699977],""has_data"":true,""last_update_ts"":1784119736.3443062,""raw"":[17204,17555,16666]},""middle"":{""age_s"":0.009153366088867188,""channels"":3,""force"":[-0.4595447881792847,-1.3293668319000007],""has_data"":true,""last_update_ts"":1784119736.3443062,""raw"":[15576,14620,17493]},""pinky"":{""age_s"":0.009153366088867188,""channels"":3,""force"":[-1.0214776933901497,-0.7479422989500009],""has_data"":true,""last_update_ts"":1784119736.3443062,""raw"":[17417,15292,17702]},""ring"":{""age_s"":0.009153366088867188,""channels"":3,""force"":[0.2802454095277458,0.26115536300999587],""has_data"":true,""last_update_ts"":1784119736.3443062,""raw"":[15791,16374,15612]},""thumb"":{""age_s"":0.009153366088867188,""channels"":3,""force"":[0.0,-2.220446049250313e-16],""has_data"":true,""last_update_ts"":1784119736.3443062,""raw"":[0,0,0]}}","{""ble"":{""connection_state"":""connected"",""counter"":1054872,""finger_order"":""DexterController.Visualizer"",""last_error"":null,""last_sample_age_s"":0.009181529996567406,""reconnect_count"":0,""sample_hz"":20.0,""sample_sequence"":395,""timestamp_us"":10701184416},""fingers"":{""index"":{""has_data"":true,""last_update_ts"":1784119736.3443062,""mapped"":true},""middle"":{""has_data"":true,""last_update_ts"":1784119736.3443062,""mapped"":true},""pinky"":{""has_data"":true,""last_update_ts"":1784119736.3443062,""mapped"":true},""ring"":{""has_data"":true,""last_update_ts"":1784119736.3443062,""mapped"":true},""thumb"":{""has_data"":true,""last_update_ts"":1784119736.3443062,""mapped"":true}},""ports"":{""available"":[""BLE:Dexter""],""unavailable"":[]}}"
1784119736.4036365,1784119736.403498,397,ble,"{""index"":{""age_s"":0.009193181991577148,""channels"":3,""force"":[0.04518536620172853,-0.3674492036399988],""has_data"":true,""last_update_ts"":1784119736.3943048,""raw"":[16764,16858,17473]},""middle"":{""age_s"":0.009193181991577148,""channels"":3,""force"":[-0.3066836557096053,-0.3552379008000024],""has_data"":true,""last_update_ts"":1784119736.3943048,""raw"":[15973,15335,16294]},""pinky"":{""age_s"":0.009193181991577148,""channels"":3,""force"":[-1.0253232564711467,-0.748497358169999],""has_data"":true,""last_update_ts"":1784119736.3943048,""raw"":[17421,15288,17703]},""ring"":{""age_s"":0.009193181991577148,""channels"":3,""force"":[0.27351567413599476,0.2489440601699986],""has_data"":true,""last_update_ts"":1784119736.3943048,""raw"":[15797,16366,15633]},""thumb"":{""age_s"":0.009193181991577148,""channels"":3,""force"":[0.0,-2.220446049250313e-16],""has_data"":true,""last_update_ts"":1784119736.3943048,""raw"":[0,0,0]}}","{""ble"":{""connection_state"":""connected"",""counter"":1054878,""finger_order"":""DexterController.Visualizer"",""last_error"":null,""last_sample_age_s"":0.009219068000675179,""reconnect_count"":0,""sample_hz"":20.0,""sample_sequence"":396,""timestamp_us"":10701240736},""fingers"":{""index"":{""has_data"":true,""last_update_ts"":1784119736.3943048,""mapped"":true},""middle"":{""has_data"":true,""last_update_ts"":1784119736.3943048,""mapped"":true},""pinky"":{""has_data"":true,""last_update_ts"":1784119736.3943048,""mapped"":true},""ring"":{""has_data"":true,""last_update_ts"":1784119736.3943048,""mapped"":true},""thumb"":{""has_data"":true,""last_update_ts"":1784119736.3943048,""mapped"":true}},""ports"":{""available"":[""BLE:Dexter""],""unavailable"":[]}}"
1784119736.4536428,1784119736.4534802,398,ble,"{""index"":{""age_s"":0.009173393249511719,""channels"":3,""force"":[-0.08700586470758331,-0.8733856826700004],""has_data"":true,""last_update_ts"":1784119736.4443069,""raw"":[16509,16328,17992]},""middle"":{""age_s"":0.009173393249511719,""channels"":3,""force"":[-0.09758116318033316,-0.1551390519900009],""has_data"":true,""last_update_ts"":1784119736.4443069,""raw"":[15838,15635,16016]},""pinky"":{""age_s"":0.009173393249511719,""channels"":3,""force"":[-1.0229197795455214,-0.7504400654400012],""has_data"":true,""last_update_ts"":1784119736.4443069,""raw"":[17418,15290,17706]},""ring"":{""age_s"":0.009173393249511719,""channels"":3,""force"":[0.2759191510616219,0.2436709975799971],""has_data"":true,""last_update_ts"":1784119736.4443069,""raw"":[15788,16362,15636]},""thumb"":{""age_s"":0.009173393249511719,""channels"":3,""force"":[0.0,-2.220446049250313e-16],""has_data"":true,""last_update_ts"":1784119736.4443069,""raw"":[0,0,0]}}","{""ble"":{""connection_state"":""connected"",""counter"":1054882,""finger_order"":""DexterController.Visualizer"",""last_error"":null,""last_sample_age_s"":0.009204973001033068,""reconnect_count"":0,""sample_hz"":20.0,""sample_sequence"":397,""timestamp_us"":10701278432},""fingers"":{""index"":{""has_data"":true,""last_update_ts"":1784119736.4443069,""mapped"":true},""middle"":{""has_data"":true,""last_update_ts"":1784119736.4443069,""mapped"":true},""pinky"":{""has_data"":true,""last_update_ts"":1784119736.4443069,""mapped"":true},""ring"":{""has_data"":true,""last_update_ts"":1784119736.4443069,""mapped"":true},""thumb"":{""has_data"":true,""last_update_ts"":1784119736.4443069,""mapped"":true}},""ports"":{""available"":[""BLE:Dexter""],""unavailable"":[]}}"
1784119736.5036194,1784119736.5034585,399,ble,"{""index"":{""age_s"":0.009157657623291016,""channels"":3,""force"":[-0.12353871397706762,-0.9871728227700034],""has_data"":true,""last_update_ts"":1784119736.4943008,""raw"":[16456,16199,18106]},""middle"":{""age_s"":0.009157657623291016,""channels"":3,""force"":[-0.06249040006622053,-0.13709962734000136],""has_data"":true,""last_update_ts"":1784119736.4943008,""raw"":[15802,15672,15984]},""pinky"":{""age_s"":0.009157657623291016,""channels"":3,""force"":[-1.0229197795455232,-0.7482198285600008],""has_data"":true,""last_update_ts"":1784119736.4943008,""raw"":[17413,15285,17697]},""ring"":{""age_s"":0.009157657623291016,""channels"":3,""force"":[0.2831295818384909,0.25838006690999915],""has_data"":true,""last_update_ts"":1784119736.4943008,""raw"":[15797,16386,15626]},""thumb"":{""age_s"":0.009157657623291016,""channels"":3,""force"":[0.0,-2.220446049250313e-16],""has_data"":true,""last_update_ts"":1784119736.4943008,""raw"":[0,0,0]}}","{""ble"":{""connection_state"":""connected"",""counter"":1054883,""finger_order"":""DexterController.Visualizer"",""last_error"":null,""last_sample_age_s"":0.0091852579935221,""reconnect_count"":0,""sample_hz"":20.0,""sample_sequence"":398,""timestamp_us"":10701287808},""fingers"":{""index"":{""has_data"":true,""last_update_ts"":1784119736.4943008,""mapped"":true},""middle"":{""has_data"":true,""last_update_ts"":1784119736.4943008,""mapped"":true},""pinky"":{""has_data"":true,""last_update_ts"":1784119736.4943008,""mapped"":true},""ring"":{""has_data"":true,""last_update_ts"":1784119736.4943008,""mapped"":true},""thumb"":{""has_data"":true,""last_update_ts"":1784119736.4943008,""mapped"":true}},""ports"":{""available"":[""BLE:Dexter""],""unavailable"":[]}}"
1784119736.5536082,1784119736.553456,400,ble,"{""index"":{""age_s"":0.0091552734375,""channels"":3,""force"":[-0.2725542833657464,-1.172562602250002],""has_data"":true,""last_update_ts"":1784119736.5443008,""raw"":[16335,15768,18164]},""middle"":{""age_s"":0.0091552734375,""channels"":3,""force"":[0.16920477556391944,-0.5811470033400017],""has_data"":true,""last_update_ts"":1784119736.5443008,""raw"":[15114,15466,16337]},""pinky"":{""age_s"":0.0091552734375,""channels"":3,""force"":[-1.0219583887752748,-0.7410040587000024],""has_data"":true,""last_update_ts"":1784119736.5443008,""raw"":[17421,15295,17693]},""ring"":{""age_s"":0.0091552734375,""channels"":3,""force"":[0.28120680029799416,0.26060030378999777],""has_data"":true,""last_update_ts"":1784119736.5443008,""raw"":[15799,16384,15622]},""thumb"":{""age_s"":0.0091552734375,""channels"":3,""force"":[0.0,-2.220446049250313e-16],""has_data"":true,""last_update_ts"":1784119736.5443008,""raw"":[0,0,0]}}","{""ble"":{""connection_state"":""connected"",""counter"":1054896,""finger_order"":""DexterController.Visualizer"",""last_error"":null,""last_sample_age_s"":0.0091837649961235,""reconnect_count"":0,""sample_hz"":20.0,""sample_sequence"":399,""timestamp_us"":10701410368},""fingers"":{""index"":{""has_data"":true,""last_update_ts"":1784119736.5443008,""mapped"":true},""middle"":{""has_data"":true,""last_update_ts"":1784119736.5443008,""mapped"":true},""pinky"":{""has_data"":true,""last_update_ts"":1784119736.5443008,""mapped"":true},""ring"":{""has_data"":true,""last_update_ts"":1784119736.5443008,""mapped"":true},""thumb"":{""has_data"":true,""last_update_ts"":1784119736.5443008,""mapped"":true}},""ports"":{""available"":[""BLE:Dexter""],""unavailable"":[]}}"
1784119736.6036077,1784119736.6034586,401,ble,"{""index"":{""age_s"":0.009157896041870117,""channels"":3,""force"":[-0.27736123721699535,-1.1747828391300033],""has_data"":true,""last_update_ts"":1784119736.5943007,""raw"":[16324,15747,18152]},""middle"":{""age_s"":0.009157896041870117,""channels"":3,""force"":[0.14613139707793188,-0.5955785430600029],""has_data"":true,""last_update_ts"":1784119736.5943007,""raw"":[15107,15411,16332]},""pinky"":{""age_s"":0.009157896041870117,""channels"":3,""force"":[-1.0200356072347763,-0.7459995916800013],""has_data"":true,""last_update_ts"":1784119736.5943007,""raw"":[17417,15295,17700]},""ring"":{""age_s"":0.009157896041870117,""channels"":3,""force"":[0.2739963695211234,0.2519968858799988],""has_data"":true,""last_update_ts"":1784119736.5943007,""raw"":[15799,16369,15630]},""thumb"":{""age_s"":0.009157896041870117,""channels"":3,""force"":[0.0,-2.220446049250313e-16],""has_data"":true,""last_update_ts"":1784119736.5943007,""raw"":[0,0,0]}}","{""ble"":{""connection_state"":""connected"",""counter"":1054898,""finger_order"":""DexterController.Visualizer"",""last_error"":null,""last_sample_age_s"":0.009181519999401644,""reconnect_count"":0,""sample_hz"":20.0,""sample_sequence"":400,""timestamp_us"":10701429152},""fingers"":{""index"":{""has_data"":true,""last_update_ts"":1784119736.5943007,""mapped"":true},""middle"":{""has_data"":true,""last_update_ts"":1784119736.5943007,""mapped"":true},""pinky"":{""has_data"":true,""last_update_ts"":1784119736.5943007,""mapped"":true},""ring"":{""has_data"":true,""last_update_ts"":1784119736.5943007,""mapped"":true},""thumb"":{""has_data"":true,""last_update_ts"":1784119736.5943007,""mapped"":true}},""ports"":{""available"":[""BLE:Dexter""],""unavailable"":[]}}"
1784119736.6536028,1784119736.6534593,402,ble,"{""index"":{""age_s"":0.009152412414550781,""channels"":3,""force"":[-0.4258961112205526,-1.200593092860002],""has_data"":true,""last_update_ts"":1784119736.644307,""raw"":[16407,15521,18127]},""middle"":{""age_s"":0.009152412414550781,""channels"":3,""force"":[0.08989003701833376,-0.6447012840300008],""has_data"":true,""last_update_ts"":1784119736.644307,""raw"":[15058,15245,16313]},""pinky"":{""age_s"":0.009152412414550781,""channels"":3,""force"":[-1.0277267333967721,-0.7493299470000014],""has_data"":true,""last_update_ts"":1784119736.644307,""raw"":[17417,15279,17698]},""ring"":{""age_s"":0.009152412414550781,""channels"":3,""force"":[0.27159289259549624,0.25393959314999925],""has_data"":true,""last_update_ts"":1784119736.644307,""raw"":[15801,16366,15626]},""thumb"":{""age_s"":0.009152412414550781,""channels"":3,""force"":[0.0,-2.220446049250313e-16],""has_data"":true,""last_update_ts"":1784119736.644307,""raw"":[0,0,0]}}","{""ble"":{""connection_state"":""connected"",""counter"":1054905,""finger_order"":""DexterController.Visualizer"",""last_error"":null,""last_sample_age_s"":0.009178624997730367,""reconnect_count"":0,""sample_hz"":20.0,""sample_sequence"":401,""timestamp_us"":10701495136},""fingers"":{""index"":{""has_data"":true,""last_update_ts"":1784119736.644307,""mapped"":true},""middle"":{""has_data"":true,""last_update_ts"":1784119736.644307,""mapped"":true},""pinky"":{""has_data"":true,""last_update_ts"":1784119736.644307,""mapped"":true},""ring"":{""has_data"":true,""last_update_ts"":1784119736.644307,""mapped"":true},""thumb"":{""has_data"":true,""last_update_ts"":1784119736.644307,""mapped"":true}},""ports"":{""available"":[""BLE:Dexter""],""unavailable"":[]}}"
1784119736.703593,1784119736.7034569,403,ble,"{""index"":{""age_s"":0.009148836135864258,""channels"":3,""force"":[-0.45569922509828764,-1.1861615531400016],""has_data"":true,""last_update_ts"":1784119736.694308,""raw"":[16458,15510,18121]},""middle"":{""age_s"":0.009148836135864258,""channels"":3,""force"":[0.06008692314059516,-0.6580227053100005],""has_data"":true,""last_update_ts"":1784119736.694308,""raw"":[15069,15194,16317]},""pinky"":{""age_s"":0.009148836135864258,""channels"":3,""force"":[-1.0205163026198978,-0.7484973581700016],""has_data"":true,""last_update_ts"":1784119736.694308,""raw"":[17410,15287,17697]},""ring"":{""age_s"":0.009148836135864258,""channels"":3,""force"":[0.28312958183849446,0.25615983002999965],""has_data"":true,""last_update_ts"":1784119736.694308,""raw"":[15792,16381,15625]},""thumb"":{""age_s"":0.009148836135864258,""channels"":3,""force"":[0.0,-2.220446049250313e-16],""has_data"":true,""last_update_ts"":1784119736.694308,""raw"":[0,0,0]}}","{""ble"":{""connection_state"":""connected"",""counter"":1054910,""finger_order"":""DexterController.Visualizer"",""last_error"":null,""last_sample_age_s"":0.009176570994895883,""reconnect_count"":0,""sample_hz"":20.0,""sample_sequence"":402,""timestamp_us"":10701542048},""fingers"":{""index"":{""has_data"":true,""last_update_ts"":1784119736.694308,""mapped"":true},""middle"":{""has_data"":true,""last_update_ts"":1784119736.694308,""mapped"":true},""pinky"":{""has_data"":true,""last_update_ts"":1784119736.694308,""mapped"":true},""ring"":{""has_data"":true,""last_update_ts"":1784119736.694308,""mapped"":true},""thumb"":{""has_data"":true,""last_update_ts"":1784119736.694308,""mapped"":true}},""ports"":{""available"":[""BLE:Dexter""],""unavailable"":[]}}"
1784119736.7536447,1784119736.75346,404,ble,"{""index"":{""age_s"":0.009152412414550781,""channels"":3,""force"":[-0.4451239266255431,-1.2017032113000008],""has_data"":true,""last_update_ts"":1784119736.7443075,""raw"":[16419,15493,18121]},""middle"":{""age_s"":0.009152412414550781,""channels"":3,""force"":[0.09469699086958094,-0.7262949893700013],""has_data"":true,""last_update_ts"":1784119736.7443075,""raw"":[14977,15174,16384]},""pinky"":{""age_s"":0.009152412414550781,""channels"":3,""force"":[-1.0200356072347727,-0.7493299470000023],""has_data"":true,""last_update_ts"":1784119736.7443075,""raw"":[17411,15289,17700]},""ring"":{""age_s"":0.009152412414550781,""channels"":3,""force"":[0.2773612372169936,0.2511642970499981],""has_data"":true,""last_update_ts"":1784119736.7443075,""raw"":[15797,16374,15633]},""thumb"":{""age_s"":0.009152412414550781,""channels"":3,""force"":[0.0,-2.220446049250313e-16],""has_data"":true,""last_update_ts"":1784119736.7443075,""raw"":[0,0,0]}}","{""ble"":{""connection_state"":""connected"",""counter"":1054915,""finger_order"":""DexterController.Visualizer"",""last_error"":null,""last_sample_age_s"":0.009183814996504225,""reconnect_count"":0,""sample_hz"":20.0,""sample_sequence"":403,""timestamp_us"":10701589120},""fingers"":{""index"":{""has_data"":true,""last_update_ts"":1784119736.7443075,""mapped"":true},""middle"":{""has_data"":true,""last_update_ts"":1784119736.7443075,""mapped"":true},""pinky"":{""has_data"":true,""last_update_ts"":1784119736.7443075,""mapped"":true},""ring"":{""has_data"":true,""last_update_ts"":1784119736.7443075,""mapped"":true},""thumb"":{""has_data"":true,""last_update_ts"":1784119736.7443075,""mapped"":true}},""ports"":{""available"":[""BLE:Dexter""],""unavailable"":[]}}"
1784119736.8037527,1784119736.8034835,405,ble,"{""index"":{""age_s"":0.009166479110717773,""channels"":3,""force"":[-0.46723591434128053,-1.036850622960002],""has_data"":true,""last_update_ts"":1784119736.794317,""raw"":[16634,15662,18016]},""middle"":{""age_s"":0.009166479110717773,""channels"":3,""force"":[0.11200202473407295,-0.7607086610100033],""has_data"":true,""last_update_ts"":1784119736.794317,""raw"":[14898,15131,16385]},""pinky"":{""age_s"":0.009166479110717773,""channels"":3,""force"":[-1.02484256108602,-0.7465546509000021],""has_data"":true,""last_update_ts"":1784119736.794317,""raw"":[17418,15286,17697]},""ring"":{""age_s"":0.009166479110717773,""channels"":3,""force"":[0.2759191510616219,0.2608778333999968],""has_data"":true,""last_update_ts"":1784119736.794317,""raw"":[15800,16374,15617]},""thumb"":{""age_s"":0.009166479110717773,""channels"":3,""force"":[0.0,-2.220446049250313e-16],""has_data"":true,""last_update_ts"":1784119736.794317,""raw"":[0,0,0]}}","{""ble"":{""connection_state"":""connected"",""counter"":1054918,""finger_order"":""DexterController.Visualizer"",""last_error"":null,""last_sample_age_s"":0.009208358998876065,""reconnect_count"":0,""sample_hz"":20.0,""sample_sequence"":404,""timestamp_us"":10701617248},""fingers"":{""index"":{""has_data"":true,""last_update_ts"":1784119736.794317,""mapped"":true},""middle"":{""has_data"":true,""last_update_ts"":1784119736.794317,""mapped"":true},""pinky"":{""has_data"":true,""last_update_ts"":1784119736.794317,""mapped"":true},""ring"":{""has_data"":true,""last_update_ts"":1784119736.794317,""mapped"":true},""thumb"":{""has_data"":true,""last_update_ts"":1784119736.794317,""mapped"":true}},""ports"":{""available"":[""BLE:Dexter""],""unavailable"":[]}}"
1784119736.8537405,1784119736.8534958,406,ble,"{""index"":{""age_s"":0.009172677993774414,""channels"":3,""force"":[-0.4633903512602817,-1.0340753268600018],""has_data"":true,""last_update_ts"":1784119736.8443232,""raw"":[16708,15744,18089]},""middle"":{""age_s"":0.009172677993774414,""channels"":3,""force"":[0.09181281855883228,-0.6624631790700013],""has_data"":true,""last_update_ts"":1784119736.8443232,""raw"":[15052,15243,16341]},""pinky"":{""age_s"":0.009172677993774414,""channels"":3,""force"":[-1.0363792503290163,-0.7887391516200024],""has_data"":true,""last_update_ts"":1784119736.8443232,""raw"":[17398,15242,17741]},""ring"":{""age_s"":0.009172677993774414,""channels"":3,""force"":[0.2547685541161311,0.23479005005999998],""has_data"":true,""last_update_ts"":1784119736.8443232,""raw"":[15802,16332,15644]},""thumb"":{""age_s"":0.009172677993774414,""channels"":3,""force"":[0.0,-2.220446049250313e-16],""has_data"":true,""last_update_ts"":1784119736.8443232,""raw"":[0,0,0]}}","{""ble"":{""connection_state"":""connected"",""counter"":1054927,""finger_order"":""DexterController.Visualizer"",""last_error"":null,""last_sample_age_s"":0.009222734006471,""reconnect_count"":0,""sample_hz"":20.0,""sample_sequence"":405,""timestamp_us"":10701702080},""fingers"":{""index"":{""has_data"":true,""last_update_ts"":1784119736.8443232,""mapped"":true},""middle"":{""has_data"":true,""last_update_ts"":1784119736.8443232,""mapped"":true},""pinky"":{""has_data"":true,""last_update_ts"":1784119736.8443232,""mapped"":true},""ring"":{""has_data"":true,""last_update_ts"":1784119736.8443232,""mapped"":true},""thumb"":{""has_data"":true,""last_update_ts"":1784119736.8443232,""mapped"":true}},""ports"":{""available"":[""BLE:Dexter""],""unavailable"":[]}}"
1784119736.903726,1784119736.903487,407,ble,"{""index"":{""age_s"":0.009165763854980469,""channels"":3,""force"":[-0.4547378343280375,-0.9979964775600028],""has_data"":true,""last_update_ts"":1784119736.8943212,""raw"":[16750,15804,18075]},""middle"":{""age_s"":0.009165763854980469,""channels"":3,""force"":[0.029322418492611746,-0.5370197953499991],""has_data"":true,""last_update_ts"":1784119736.8943212,""raw"":[15184,15245,16182]},""pinky"":{""age_s"":0.009165763854980469,""channels"":3,""force"":[-1.003691964140529,-0.6982644987600013],""has_data"":true,""last_update_ts"":1784119736.8943212,""raw"":[17423,15335,17637]},""ring"":{""age_s"":0.009165763854980469,""channels"":3,""force"":[0.271592892595498,0.27836219882999735],""has_data"":true,""last_update_ts"":1784119736.8943212,""raw"":[15811,16376,15592]},""thumb"":{""age_s"":0.009165763854980469,""channels"":3,""force"":[0.0,-2.220446049250313e-16],""has_data"":true,""last_update_ts"":1784119736.8943212,""raw"":[0,0,0]}}","{""ble"":{""connection_state"":""connected"",""counter"":1054931,""finger_order"":""DexterController.Visualizer"",""last_error"":null,""last_sample_age_s"":0.009208670002408326,""reconnect_count"":0,""sample_hz"":20.0,""sample_sequence"":406,""timestamp_us"":10701739616},""fingers"":{""index"":{""has_data"":true,""last_update_ts"":1784119736.8943212,""mapped"":true},""middle"":{""has_data"":true,""last_update_ts"":1784119736.8943212,""mapped"":true},""pinky"":{""has_data"":true,""last_update_ts"":1784119736.8943212,""mapped"":true},""ring"":{""has_data"":true,""last_update_ts"":1784119736.8943212,""mapped"":true},""thumb"":{""has_data"":true,""last_update_ts"":1784119736.8943212,""mapped"":true}},""ports"":{""available"":[""BLE:Dexter""],""unavailable"":[]}}"
1784119736.953742,1784119736.953484,408,ble,"{""index"":{""age_s"":0.009161710739135742,""channels"":3,""force"":[-0.5273228374818775,-0.9200106571500015],""has_data"":true,""last_update_ts"":1784119736.9443223,""raw"":[17000,15903,18109]},""middle"":{""age_s"":0.009161710739135742,""channels"":3,""force"":[-0.07979543393071253,-0.5622749898600023],""has_data"":true,""last_update_ts"":1784119736.9443223,""raw"":[15294,15128,16224]},""pinky"":{""age_s"":0.009161710739135742,""channels"":3,""force"":[-1.032052991862896,-0.7640390163300026],""has_data"":true,""last_update_ts"":1784119736.9443223,""raw"":[17417,15270,17720]},""ring"":{""age_s"":0.009161710739135742,""channels"":3,""force"":[0.27495776029137176,0.24755641211999801],""has_data"":true,""last_update_ts"":1784119736.9443223,""raw"":[15794,16366,15634]},""thumb"":{""age_s"":0.009161710739135742,""channels"":3,""force"":[0.0,-2.220446049250313e-16],""has_data"":true,""last_update_ts"":1784119736.9443223,""raw"":[0,0,0]}}","{""ble"":{""connection_state"":""connected"",""counter"":1054936,""finger_order"":""DexterController.Visualizer"",""last_error"":null,""last_sample_age_s"":0.009205204012687318,""reconnect_count"":0,""sample_hz"":20.0,""sample_sequence"":407,""timestamp_us"":10701786688},""fingers"":{""index"":{""has_data"":true,""last_update_ts"":1784119736.9443223,""mapped"":true},""middle"":{""has_data"":true,""last_update_ts"":1784119736.9443223,""mapped"":true},""pinky"":{""has_data"":true,""last_update_ts"":1784119736.9443223,""mapped"":true},""ring"":{""has_data"":true,""last_update_ts"":1784119736.9443223,""mapped"":true},""thumb"":{""has_data"":true,""last_update_ts"":1784119736.9443223,""mapped"":true}},""ports"":{""available"":[""BLE:Dexter""],""unavailable"":[]}}"
1784119737.003598,1784119737.0034544,409,ble,"{""index"":{""age_s"":0.009153604507446289,""channels"":3,""force"":[-0.5489541298124951,-0.8625620278800028],""has_data"":true,""last_update_ts"":1784119736.9943008,""raw"":[17068,15926,18051]},""middle"":{""age_s"":0.009153604507446289,""channels"":3,""force"":[-0.14372792015230829,-0.5409052098900009],""has_data"":true,""last_update_ts"":1784119736.9943008,""raw"":[15400,15101,16225]},""pinky"":{""age_s"":0.009153604507446289,""channels"":3,""force"":[-1.0190742164645243,-0.7493299470000014],""has_data"":true,""last_update_ts"":1784119736.9943008,""raw"":[17416,15296,17706]},""ring"":{""age_s"":0.009153604507446289,""channels"":3,""force"":[0.2778419326021204,0.24200581991999925],""has_data"":true,""last_update_ts"":1784119736.9943008,""raw"":[15790,16368,15643]},""thumb"":{""age_s"":0.009153604507446289,""channels"":3,""force"":[0.0,-2.220446049250313e-16],""has_data"":true,""last_update_ts"":1784119736.9943008,""raw"":[0,0,0]}}","{""ble"":{""connection_state"":""connected"",""counter"":1054942,""finger_order"":""DexterController.Visualizer"",""last_error"":null,""last_sample_age_s"":0.00917909799318295,""reconnect_count"":0,""sample_hz"":20.0,""sample_sequence"":408,""timestamp_us"":10701843104},""fingers"":{""index"":{""has_data"":true,""last_update_ts"":1784119736.9943008,""mapped"":true},""middle"":{""has_data"":true,""last_update_ts"":1784119736.9943008,""mapped"":true},""pinky"":{""has_data"":true,""last_update_ts"":1784119736.9943008,""mapped"":true},""ring"":{""has_data"":true,""last_update_ts"":1784119736.9943008,""mapped"":true},""thumb"":{""has_data"":true,""last_update_ts"":1784119736.9943008,""mapped"":true}},""ports"":{""available"":[""BLE:Dexter""],""unavailable"":[]}}"
1784119737.0538197,1784119737.0534797,410,ble,"{""index"":{""age_s"":0.009156942367553711,""channels"":3,""force"":[-0.5787572436902284,-0.9807896417400022],""has_data"":true,""last_update_ts"":1784119737.0443227,""raw"":[16955,15751,18120]},""middle"":{""age_s"":0.009156942367553711,""channels"":3,""force"":[-0.1432472247671832,-0.44293725756000324],""has_data"":true,""last_update_ts"":1784119737.0443227,""raw"":[15510,15212,16159]},""pinky"":{""age_s"":0.009156942367553711,""channels"":3,""force"":[-1.0200356072347727,-0.7532153615400015],""has_data"":true,""last_update_ts"":1784119737.0443227,""raw"":[17408,15286,17704]},""ring"":{""age_s"":0.009156942367553711,""channels"":3,""force"":[0.28889792645999,0.2728116066299977],""has_data"":true,""last_update_ts"":1784119737.0443227,""raw"":[15798,16399,15607]},""thumb"":{""age_s"":0.009156942367553711,""channels"":3,""force"":[0.0,-2.220446049250313e-16],""has_data"":true,""last_update_ts"":1784119737.0443227,""raw"":[0,0,0]}}","{""ble"":{""connection_state"":""connected"",""counter"":1054947,""finger_order"":""DexterController.Visualizer"",""last_error"":null,""last_sample_age_s"":0.009199749998515472,""reconnect_count"":0,""sample_hz"":20.0,""sample_sequence"":409,""timestamp_us"":10701890272},""fingers"":{""index"":{""has_data"":true,""last_update_ts"":1784119737.0443227,""mapped"":true},""middle"":{""has_data"":true,""last_update_ts"":1784119737.0443227,""mapped"":true},""pinky"":{""has_data"":true,""last_update_ts"":1784119737.0443227,""mapped"":true},""ring"":{""has_data"":true,""last_update_ts"":1784119737.0443227,""mapped"":true},""thumb"":{""has_data"":true,""last_update_ts"":1784119737.0443227,""mapped"":true}},""ports"":{""available"":[""BLE:Dexter""],""unavailable"":[]}}"
1784119737.1036017,1784119737.1034558,411,ble,"{""index"":{""age_s"":0.009154558181762695,""channels"":3,""force"":[-0.5052108497661383,-0.8778261564300012],""has_data"":true,""last_update_ts"":1784119737.0943012,""raw"":[16967,15916,18023]},""middle"":{""age_s"":0.009154558181762695,""channels"":3,""force"":[-0.023073378485989338,-0.11822761386000202],""has_data"":true,""last_update_ts"":1784119737.0943012,""raw"":[15715,15667,15904]},""pinky"":{""age_s"":0.009154558181762695,""channels"":3,""force"":[-1.0508001118827597,-0.7332332296200015],""has_data"":true,""last_update_ts"":1784119737.0943012,""raw"":[17464,15278,17692]},""ring"":{""age_s"":0.009154558181762695,""channels"":3,""force"":[0.27159289259549624,0.2661508959899983],""has_data"":true,""last_update_ts"":1784119737.0943012,""raw"":[15810,16375,15613]},""thumb"":{""age_s"":0.009154558181762695,""channels"":3,""force"":[0.0,-2.220446049250313e-16],""has_data"":true,""last_update_ts"":1784119737.0943012,""raw"":[0,0,0]}}","{""ble"":{""connection_state"":""connected"",""counter"":1054952,""finger_order"":""DexterController.Visualizer"",""last_error"":null,""last_sample_age_s"":0.009184922993881628,""reconnect_count"":0,""sample_hz"":20.0,""sample_sequence"":410,""timestamp_us"":10701937408},""fingers"":{""index"":{""has_data"":true,""last_update_ts"":1784119737.0943012,""mapped"":true},""middle"":{""has_data"":true,""last_update_ts"":1784119737.0943012,""mapped"":true},""pinky"":{""has_data"":true,""last_update_ts"":1784119737.0943012,""mapped"":true},""ring"":{""has_data"":true,""last_update_ts"":1784119737.0943012,""mapped"":true},""thumb"":{""has_data"":true,""last_update_ts"":1784119737.0943012,""mapped"":true}},""ports"":{""available"":[""BLE:Dexter""],""unavailable"":[]}}"
1784119737.1535892,1784119737.1534567,412,ble,"{""index"":{""age_s"":0.0091552734375,""channels"":3,""force"":[-0.4547378343280375,-0.6799475445000009],""has_data"":true,""last_update_ts"":1784119737.1443014,""raw"":[17079,16133,17831]},""middle"":{""age_s"":0.0091552734375,""channels"":3,""force"":[-0.007210430776872556,-0.055783451610001755],""has_data"":true,""last_update_ts"":1784119737.1443014,""raw"":[15736,15721,15829]},""pinky"":{""age_s"":0.0091552734375,""channels"":3,""force"":[-1.0080182226066565,-0.7534928911500032],""has_data"":true,""last_update_ts"":1784119737.1443014,""raw"":[17400,15303,17709]},""ring"":{""age_s"":0.0091552734375,""channels"":3,""force"":[0.2701508064401228,0.2408957014800004],""has_data"":true,""last_update_ts"":1784119737.1443014,""raw"":[15797,16359,15644]},""thumb"":{""age_s"":0.0091552734375,""channels"":3,""force"":[0.0,-2.220446049250313e-16],""has_data"":true,""last_update_ts"":1784119737.1443014,""raw"":[0,0,0]}}","{""ble"":{""connection_state"":""connected"",""counter"":1054958,""finger_order"":""DexterController.Visualizer"",""last_error"":null,""last_sample_age_s"":0.009181978995911777,""reconnect_count"":0,""sample_hz"":20.0,""sample_sequence"":411,""timestamp_us"":10701993728},""fingers"":{""index"":{""has_data"":true,""last_update_ts"":1784119737.1443014,""mapped"":true},""middle"":{""has_data"":true,""last_update_ts"":1784119737.1443014,""mapped"":true},""pinky"":{""has_data"":true,""last_update_ts"":1784119737.1443014,""mapped"":true},""ring"":{""has_data"":true,""last_update_ts"":1784119737.1443014,""mapped"":true},""thumb"":{""has_data"":true,""last_update_ts"":1784119737.1443014,""mapped"":true}},""ports"":{""available"":[""BLE:Dexter""],""unavailable"":[]}}"
1784119737.203589,1784119737.2034543,413,ble,"{""index"":{""age_s"":0.009149789810180664,""channels"":3,""force"":[-0.3874404804105698,-0.7682019604800008],""has_data"":true,""last_update_ts"":1784119737.1943045,""raw"":[16949,16143,17930]},""middle"":{""age_s"":0.009149789810180664,""channels"":3,""force"":[-0.02739963695211145,-0.056893570050003284],""has_data"":true,""last_update_ts"":1784119737.1943045,""raw"":[15757,15700,15831]},""pinky"":{""age_s"":0.009149789810180664,""channels"":3,""force"":[-1.0306109057075155,-0.7371186441600042],""has_data"":true,""last_update_ts"":1784119737.1943045,""raw"":[17432,15288,17688]},""ring"":{""age_s"":0.009149789810180664,""channels"":3,""force"":[0.27880332337237057,0.2642081887199961],""has_data"":true,""last_update_ts"":1784119737.1943045,""raw"":[15803,16383,15617]},""thumb"":{""age_s"":0.009149789810180664,""channels"":3,""force"":[0.0,-2.220446049250313e-16],""has_data"":true,""last_update_ts"":1784119737.1943045,""raw"":[0,0,0]}}","{""ble"":{""connection_state"":""connected"",""counter"":1054963,""finger_order"":""DexterController.Visualizer"",""last_error"":null,""last_sample_age_s"":0.009177450003335252,""reconnect_count"":0,""sample_hz"":20.0,""sample_sequence"":412,""timestamp_us"":10702040704},""fingers"":{""index"":{""has_data"":true,""last_update_ts"":1784119737.1943045,""mapped"":true},""middle"":{""has_data"":true,""last_update_ts"":1784119737.1943045,""mapped"":true},""pinky"":{""has_data"":true,""last_update_ts"":1784119737.1943045,""mapped"":true},""ring"":{""has_data"":true,""last_update_ts"":1784119737.1943045,""mapped"":true},""thumb"":{""has_data"":true,""last_update_ts"":1784119737.1943045,""mapped"":true}},""ports"":{""available"":[""BLE:Dexter""],""unavailable"":[]}}"
1784119737.2535908,1784119737.2534597,414,ble,"{""index"":{""age_s"":0.009155511856079102,""channels"":3,""force"":[-0.42301193890980393,-0.7937346846000022],""has_data"":true,""last_update_ts"":1784119737.2443042,""raw"":[16963,16083,17953]},""middle"":{""age_s"":0.009155511856079102,""channels"":3,""force"":[-0.02836102772235982,-0.030250727490003015],""has_data"":true,""last_update_ts"":1784119737.2443042,""raw"":[15779,15720,15804]},""pinky"":{""age_s"":0.009155511856079102,""channels"":3,""force"":[-1.0248425610860217,-0.7537704207600013],""has_data"":true,""last_update_ts"":1784119737.2443042,""raw"":[17414,15282,17706]},""ring"":{""age_s"":0.009155511856079102,""channels"":3,""force"":[0.28120680029799594,0.2572699484699976],""has_data"":true,""last_update_ts"":1784119737.2443042,""raw"":[15800,16385,15629]},""thumb"":{""age_s"":0.009155511856079102,""channels"":3,""force"":[0.0,-2.220446049250313e-16],""has_data"":true,""last_update_ts"":1784119737.2443042,""raw"":[0,0,0]}}","{""ble"":{""connection_state"":""connected"",""counter"":1054968,""finger_order"":""DexterController.Visualizer"",""last_error"":null,""last_sample_age_s"":0.009181157001876272,""reconnect_count"":0,""sample_hz"":20.0,""sample_sequence"":413,""timestamp_us"":10702087776},""fingers"":{""index"":{""has_data"":true,""last_update_ts"":1784119737.2443042,""mapped"":true},""middle"":{""has_data"":true,""last_update_ts"":1784119737.2443042,""mapped"":true},""pinky"":{""has_data"":true,""last_update_ts"":1784119737.2443042,""mapped"":true},""ring"":{""has_data"":true,""last_update_ts"":1784119737.2443042,""mapped"":true},""thumb"":{""has_data"":true,""last_update_ts"":1784119737.2443042,""mapped"":true}},""ports"":{""available"":[""BLE:Dexter""],""unavailable"":[]}}"
1784119737.3035874,1784119737.3034558,415,ble,"{""index"":{""age_s"":0.009151220321655273,""channels"":3,""force"":[-0.4177242896734299,-0.8173247014500014],""has_data"":true,""last_update_ts"":1784119737.2943046,""raw"":[16947,16078,17985]},""middle"":{""age_s"":0.009151220321655273,""channels"":3,""force"":[-0.02980311387773682,-0.07049252093999936],""has_data"":true,""last_update_ts"":1784119737.2943046,""raw"":[15752,15690,15848]},""pinky"":{""age_s"":0.009151220321655273,""channels"":3,""force"":[-1.0277267333967686,-0.7343433480600012],""has_data"":true,""last_update_ts"":1784119737.2943046,""raw"":[17435,15297,17689]},""ring"":{""age_s"":0.009151220321655273,""channels"":3,""force"":[0.26342107104837886,0.2420058199199966],""has_data"":true,""last_update_ts"":1784119737.2943046,""raw"":[15803,16351,15641]},""thumb"":{""age_s"":0.009151220321655273,""channels"":3,""force"":[0.0,-2.220446049250313e-16],""has_data"":true,""last_update_ts"":1784119737.2943046,""raw"":[0,0,0]}}","{""ble"":{""connection_state"":""connected"",""counter"":1054974,""finger_order"":""DexterController.Visualizer"",""last_error"":null,""last_sample_age_s"":0.00917653800570406,""reconnect_count"":0,""sample_hz"":20.0,""sample_sequence"":414,""timestamp_us"":10702144128},""fingers"":{""index"":{""has_data"":true,""last_update_ts"":1784119737.2943046,""mapped"":true},""middle"":{""has_data"":true,""last_update_ts"":1784119737.2943046,""mapped"":true},""pinky"":{""has_data"":true,""last_update_ts"":1784119737.2943046,""mapped"":true},""ring"":{""has_data"":true,""last_update_ts"":1784119737.2943046,""mapped"":true},""thumb"":{""has_data"":true,""last_update_ts"":1784119737.2943046,""mapped"":true}},""ports"":{""available"":[""BLE:Dexter""],""unavailable"":[]}}"
1784119737.3535903,1784119737.353459,416,ble,"{""index"":{""age_s"":0.009154319763183594,""channels"":3,""force"":[-0.42108915736930363,-0.7976200991400022],""has_data"":true,""last_update_ts"":1784119737.3443046,""raw"":[16963,16087,17962]},""middle"":{""age_s"":0.009154319763183594,""channels"":3,""force"":[-0.025957550796738005,-0.043849678380002644],""has_data"":true,""last_update_ts"":1784119737.3443046,""raw"":[15766,15712,15818]},""pinky"":{""age_s"":0.009154319763183594,""channels"":3,""force"":[-1.0109023949174034,-0.726850048590002],""has_data"":true,""last_update_ts"":1784119737.3443046,""raw"":[17421,15318,17679]},""ring"":{""age_s"":0.009154319763183594,""channels"":3,""force"":[0.26967011105499594,0.24949911938999758],""has_data"":true,""last_update_ts"":1784119737.3443046,""raw"":[15806,16367,15637]},""thumb"":{""age_s"":0.009154319763183594,""channels"":3,""force"":[0.0,-2.220446049250313e-16],""has_data"":true,""last_update_ts"":1784119737.3443046,""raw"":[0,0,0]}}","{""ble"":{""connection_state"":""connected"",""counter"":1054979,""finger_order"":""DexterController.Visualizer"",""last_error"":null,""last_sample_age_s"":0.009179664004477672,""reconnect_count"":0,""sample_hz"":20.0,""sample_sequence"":415,""timestamp_us"":10702191040},""fingers"":{""index"":{""has_data"":true,""last_update_ts"":1784119737.3443046,""mapped"":true},""middle"":{""has_data"":true,""last_update_ts"":1784119737.3443046,""mapped"":true},""pinky"":{""has_data"":true,""last_update_ts"":1784119737.3443046,""mapped"":true},""ring"":{""has_data"":true,""last_update_ts"":1784119737.3443046,""mapped"":true},""thumb"":{""has_data"":true,""last_update_ts"":1784119737.3443046,""mapped"":true}},""ports"":{""available"":[""BLE:Dexter""],""unavailable"":[]}}"
1784119737.4035966,1784119737.4034545,417,ble,"{""index"":{""age_s"":0.009150028228759766,""channels"":3,""force"":[-0.4114752496668075,-0.7715323158000027],""has_data"":true,""last_update_ts"":1784119737.3943045,""raw"":[16971,16115,17933]},""middle"":{""age_s"":0.009150028228759766,""channels"":3,""force"":[-0.02595755079673978,-0.04884521136000064],""has_data"":true,""last_update_ts"":1784119737.3943045,""raw"":[15763,15709,15824]},""pinky"":{""age_s"":0.009150028228759766,""channels"":3,""force"":[-1.0118637856876536,-0.7362860553300017],""has_data"":true,""last_update_ts"":1784119737.3943045,""raw"":[17416,15311,17690]},""ring"":{""age_s"":0.009150028228759766,""channels"":3,""force"":[0.2739963695211216,0.24478111601999863],""has_data"":true,""last_update_ts"":1784119737.3943045,""raw"":[15788,16358,15632]},""thumb"":{""age_s"":0.009150028228759766,""channels"":3,""force"":[0.0,-2.220446049250313e-16],""has_data"":true,""last_update_ts"":1784119737.3943045,""raw"":[0,0,0]}}","{""ble"":{""connection_state"":""connected"",""counter"":1054984,""finger_order"":""DexterController.Visualizer"",""last_error"":null,""last_sample_age_s"":0.009174154009087943,""reconnect_count"":0,""sample_hz"":20.0,""sample_sequence"":416,""timestamp_us"":10702238144},""fingers"":{""index"":{""has_data"":true,""last_update_ts"":1784119737.3943045,""mapped"":true},""middle"":{""has_data"":true,""last_update_ts"":1784119737.3943045,""mapped"":true},""pinky"":{""has_data"":true,""last_update_ts"":1784119737.3943045,""mapped"":true},""ring"":{""has_data"":true,""last_update_ts"":1784119737.3943045,""mapped"":true},""thumb"":{""has_data"":true,""last_update_ts"":1784119737.3943045,""mapped"":true}},""ports"":{""available"":[""BLE:Dexter""],""unavailable"":[]}}"
1784119737.453713,1784119737.4534755,418,ble,"{""index"":{""age_s"":0.0091705322265625,""channels"":3,""force"":[-0.40811038197093374,-0.7762503191700008],""has_data"":true,""last_update_ts"":1784119737.444305,""raw"":[16963,16114,17937]},""middle"":{""age_s"":0.0091705322265625,""channels"":3,""force"":[-0.02355407387111441,-0.03302602359000062],""has_data"":true,""last_update_ts"":1784119737.444305,""raw"":[15781,15732,15816]},""pinky"":{""age_s"":0.0091705322265625,""channels"":3,""force"":[-1.0200356072347745,-0.7215769860000023],""has_data"":true,""last_update_ts"":1784119737.444305,""raw"":[17430,15308,17669]},""ring"":{""age_s"":0.0091705322265625,""channels"":3,""force"":[0.280245409527744,0.2755869027299971],""has_data"":true,""last_update_ts"":1784119737.444305,""raw"":[15808,16391,15603]},""thumb"":{""age_s"":0.0091705322265625,""channels"":3,""force"":[0.0,-2.220446049250313e-16],""has_data"":true,""last_update_ts"":1784119737.444305,""raw"":[0,0,0]}}","{""ble"":{""connection_state"":""connected"",""counter"":1054990,""finger_order"":""DexterController.Visualizer"",""last_error"":null,""last_sample_age_s"":0.009202034998452291,""reconnect_count"":0,""sample_hz"":20.0,""sample_sequence"":417,""timestamp_us"":10702294656},""fingers"":{""index"":{""has_data"":true,""last_update_ts"":1784119737.444305,""mapped"":true},""middle"":{""has_data"":true,""last_update_ts"":1784119737.444305,""mapped"":true},""pinky"":{""has_data"":true,""last_update_ts"":1784119737.444305,""mapped"":true},""ring"":{""has_data"":true,""last_update_ts"":1784119737.444305,""mapped"":true},""thumb"":{""has_data"":true,""last_update_ts"":1784119737.444305,""mapped"":true}},""ports"":{""available"":[""BLE:Dexter""],""unavailable"":[]}}"
1784119737.5037136,1784119737.503481,419,ble,"{""index"":{""age_s"":0.009180068969726562,""channels"":3,""force"":[-0.3989771696535609,-0.755435598420001],""has_data"":true,""last_update_ts"":1784119737.4943008,""raw"":[16968,16138,17914]},""middle"":{""age_s"":0.009180068969726562,""channels"":3,""force"":[-0.020669901560365744,-0.02636531295000122],""has_data"":true,""last_update_ts"":1784119737.4943008,""raw"":[15760,15717,15786]},""pinky"":{""age_s"":0.009180068969726562,""channels"":3,""force"":[-0.9498540810065546,-0.703260031740002],""has_data"":true,""last_update_ts"":1784119737.4943008,""raw"":[17399,15423,17678]},""ring"":{""age_s"":0.009180068969726562,""channels"":3,""force"":[0.27399636952111805,0.2747543138999955],""has_data"":true,""last_update_ts"":1784119737.4943008,""raw"":[15801,16371,15591]},""thumb"":{""age_s"":0.009180068969726562,""channels"":3,""force"":[0.0,-2.220446049250313e-16],""has_data"":true,""last_update_ts"":1784119737.4943008,""raw"":[0,0,0]}}","{""ble"":{""connection_state"":""connected"",""counter"":1054995,""finger_order"":""DexterController.Visualizer"",""last_error"":null,""last_sample_age_s"":0.009211440992658027,""reconnect_count"":0,""sample_hz"":20.0,""sample_sequence"":418,""timestamp_us"":10702341568},""fingers"":{""index"":{""has_data"":true,""last_update_ts"":1784119737.4943008,""mapped"":true},""middle"":{""has_data"":true,""last_update_ts"":1784119737.4943008,""mapped"":true},""pinky"":{""has_data"":true,""last_update_ts"":1784119737.4943008,""mapped"":true},""ring"":{""has_data"":true,""last_update_ts"":1784119737.4943008,""mapped"":true},""thumb"":{""has_data"":true,""last_update_ts"":1784119737.4943008,""mapped"":true}},""ports"":{""available"":[""BLE:Dexter""],""unavailable"":[]}}"
1784119737.5536292,1784119737.553481,420,ble,"{""index"":{""age_s"":0.009179830551147461,""channels"":3,""force"":[-0.40762968658581045,-0.7626513682800011],""has_data"":true,""last_update_ts"":1784119737.5443013,""raw"":[16978,16130,17928]},""middle"":{""age_s"":0.009179830551147461,""channels"":3,""force"":[-0.02355407387111441,-0.0413519118900032],""has_data"":true,""last_update_ts"":1784119737.5443013,""raw"":[15763,15714,15813]},""pinky"":{""age_s"":0.009179830551147461,""channels"":3,""force"":[-1.0262846472413951,-0.7523827727100016],""has_data"":true,""last_update_ts"":1784119737.5443013,""raw"":[17418,15283,17706]},""ring"":{""age_s"":0.009179830551147461,""channels"":3,""force"":[0.277841932602124,0.2453361752399985],""has_data"":true,""last_update_ts"":1784119737.5443013,""raw"":[15786,16364,15633]},""thumb"":{""age_s"":0.009179830551147461,""channels"":3,""force"":[0.0,-2.220446049250313e-16],""has_data"":true,""last_update_ts"":1784119737.5443013,""raw"":[0,0,0]}}","{""ble"":{""connection_state"":""connected"",""counter"":1055000,""finger_order"":""DexterController.Visualizer"",""last_error"":null,""last_sample_age_s"":0.009211020995280705,""reconnect_count"":0,""sample_hz"":20.0,""sample_sequence"":419,""timestamp_us"":10702388640},""fingers"":{""index"":{""has_data"":true,""last_update_ts"":1784119737.5443013,""mapped"":true},""middle"":{""has_data"":true,""last_update_ts"":1784119737.5443013,""mapped"":true},""pinky"":{""has_data"":true,""last_update_ts"":1784119737.5443013,""mapped"":true},""ring"":{""has_data"":true,""last_update_ts"":1784119737.5443013,""mapped"":true},""thumb"":{""has_data"":true,""last_update_ts"":1784119737.5443013,""mapped"":true}},""ports"":{""available"":[""BLE:Dexter""],""unavailable"":[]}}"
1784119737.6036053,1784119737.6034784,421,ble,"{""index"":{""age_s"":0.009177207946777344,""channels"":3,""force"":[-0.40522620966018685,-0.7657041939900022],""has_data"":true,""last_update_ts"":1784119737.5943012,""raw"":[16970,16127,17928]},""middle"":{""age_s"":0.009177207946777344,""channels"":3,""force"":[-0.022111987715740966,-0.04329461916000277],""has_data"":true,""last_update_ts"":1784119737.5943012,""raw"":[15759,15713,15814]},""pinky"":{""age_s"":0.009177207946777344,""channels"":3,""force"":[-1.0291688195521456,-0.7557131280300018],""has_data"":true,""last_update_ts"":1784119737.5943012,""raw"":[17417,15276,17708]},""ring"":{""age_s"":0.009177207946777344,""channels"":3,""force"":[0.2744770649062467,0.24394852718999882],""has_data"":true,""last_update_ts"":1784119737.5943012,""raw"":[15792,16363,15638]},""thumb"":{""age_s"":0.009177207946777344,""channels"":3,""force"":[0.0,-2.220446049250313e-16],""has_data"":true,""last_update_ts"":1784119737.5943012,""raw"":[0,0,0]}}","{""ble"":{""connection_state"":""connected"",""counter"":1055006,""finger_order"":""DexterController.Visualizer"",""last_error"":null,""last_sample_age_s"":0.00920514100289438,""reconnect_count"":0,""sample_hz"":20.0,""sample_sequence"":420,""timestamp_us"":10702445056},""fingers"":{""index"":{""has_data"":true,""last_update_ts"":1784119737.5943012,""mapped"":true},""middle"":{""has_data"":true,""last_update_ts"":1784119737.5943012,""mapped"":true},""pinky"":{""has_data"":true,""last_update_ts"":1784119737.5943012,""mapped"":true},""ring"":{""has_data"":true,""last_update_ts"":1784119737.5943012,""mapped"":true},""thumb"":{""has_data"":true,""last_update_ts"":1784119737.5943012,""mapped"":true}},""ports"":{""available"":[""BLE:Dexter""],""unavailable"":[]}}"
1784119737.6538417,1784119737.6535053,422,ble,"{""index"":{""age_s"":0.009193658828735352,""channels"":3,""force"":[-0.41916637582880334,-0.7904043292799994],""has_data"":true,""last_update_ts"":1784119737.6443117,""raw"":[16965,16093,17953]},""middle"":{""age_s"":0.009193658828735352,""channels"":3,""force"":[-0.019227815404990523,-0.05273062590000155],""has_data"":true,""last_update_ts"":1784119737.6443117,""raw"":[15765,15725,15840]},""pinky"":{""age_s"":0.009193658828735352,""channels"":3,""force"":[-1.0185935210793993,-0.7396164106500009],""has_data"":true,""last_update_ts"":1784119737.6443117,""raw"":[17416,15297,17689]},""ring"":{""age_s"":0.009193658828735352,""channels"":3,""force"":[0.2759191510616237,0.2630980702799972],""has_data"":true,""last_update_ts"":1784119737.6443117,""raw"":[15791,16365,15604]},""thumb"":{""age_s"":0.009193658828735352,""channels"":3,""force"":[0.0,-2.220446049250313e-16],""has_data"":true,""last_update_ts"":1784119737.6443117,""raw"":[0,0,0]}}","{""ble"":{""connection_state"":""connected"",""counter"":1055011,""finger_order"":""DexterController.Visualizer"",""last_error"":null,""last_sample_age_s"":0.009243209002306685,""reconnect_count"":0,""sample_hz"":20.0,""sample_sequence"":421,""timestamp_us"":10702492032},""fingers"":{""index"":{""has_data"":true,""last_update_ts"":1784119737.6443117,""mapped"":true},""middle"":{""has_data"":true,""last_update_ts"":1784119737.6443117,""mapped"":true},""pinky"":{""has_data"":true,""last_update_ts"":1784119737.6443117,""mapped"":true},""ring"":{""has_data"":true,""last_update_ts"":1784119737.6443117,""mapped"":true},""thumb"":{""has_data"":true,""last_update_ts"":1784119737.6443117,""mapped"":true}},""ports"":{""available"":[""BLE:Dexter""],""unavailable"":[]}}"
1784119737.7037096,1784119737.7034824,423,ble,"{""index"":{""age_s"":0.009181737899780273,""channels"":3,""force"":[-0.40474551427506356,-0.7648716051600015],""has_data"":true,""last_update_ts"":1784119737.6943007,""raw"":[16969,16127,17926]},""middle"":{""age_s"":0.009181737899780273,""channels"":3,""force"":[-0.02451546464136456,-0.04135191189000409],""has_data"":true,""last_update_ts"":1784119737.6943007,""raw"":[15760,15709,15809]},""pinky"":{""age_s"":0.009181737899780273,""channels"":3,""force"":[-1.0243618657008966,-0.7523827727100016],""has_data"":true,""last_update_ts"":1784119737.6943007,""raw"":[17410,15279,17700]},""ring"":{""age_s"":0.009181737899780273,""channels"":3,""force"":[0.276399846446747,0.24672382329000087],""has_data"":true,""last_update_ts"":1784119737.6943007,""raw"":[15789,16364,15632]},""thumb"":{""age_s"":0.009181737899780273,""channels"":3,""force"":[0.0,-2.220446049250313e-16],""has_data"":true,""last_update_ts"":1784119737.6943007,""raw"":[0,0,0]}}","{""ble"":{""connection_state"":""connected"",""counter"":1055016,""finger_order"":""DexterController.Visualizer"",""last_error"":null,""last_sample_age_s"":0.009213885990902781,""reconnect_count"":0,""sample_hz"":20.0,""sample_sequence"":422,""timestamp_us"":10702539040},""fingers"":{""index"":{""has_data"":true,""last_update_ts"":1784119737.6943007,""mapped"":true},""middle"":{""has_data"":true,""last_update_ts"":1784119737.6943007,""mapped"":true},""pinky"":{""has_data"":true,""last_update_ts"":1784119737.6943007,""mapped"":true},""ring"":{""has_data"":true,""last_update_ts"":1784119737.6943007,""mapped"":true},""thumb"":{""has_data"":true,""last_update_ts"":1784119737.6943007,""mapped"":true}},""ports"":{""available"":[""BLE:Dexter""],""unavailable"":[]}}"
1784119737.7536292,1784119737.7534807,424,ble,"{""index"":{""age_s"":0.009176492691040039,""channels"":3,""force"":[-0.4052262096601851,-0.7634839571100018],""has_data"":true,""last_update_ts"":1784119737.7443042,""raw"":[16971,16128,17925]},""middle"":{""age_s"":0.009176492691040039,""channels"":3,""force"":[-0.02355407387111441,-0.038576615790002045],""has_data"":true,""last_update_ts"":1784119737.7443042,""raw"":[15763,15714,15808]},""pinky"":{""age_s"":0.009176492691040039,""channels"":3,""force"":[-1.025323256471145,-0.7496074766099996],""has_data"":true,""last_update_ts"":1784119737.7443042,""raw"":[17419,15286,17703]},""ring"":{""age_s"":0.009176492691040039,""channels"":3,""force"":[0.2768805418318703,0.25144182665999715],""has_data"":true,""last_update_ts"":1784119737.7443042,""raw"":[15793,16369,15628]},""thumb"":{""age_s"":0.009176492691040039,""channels"":3,""force"":[0.0,-2.220446049250313e-16],""has_data"":true,""last_update_ts"":1784119737.7443042,""raw"":[0,0,0]}}","{""ble"":{""connection_state"":""connected"",""counter"":1055022,""finger_order"":""DexterController.Visualizer"",""last_error"":null,""last_sample_age_s"":0.009208446994307451,""reconnect_count"":0,""sample_hz"":20.0,""sample_sequence"":423,""timestamp_us"":10702595488},""fingers"":{""index"":{""has_data"":true,""last_update_ts"":1784119737.7443042,""mapped"":true},""middle"":{""has_data"":true,""last_update_ts"":1784119737.7443042,""mapped"":true},""pinky"":{""has_data"":true,""last_update_ts"":1784119737.7443042,""mapped"":true},""ring"":{""has_data"":true,""last_update_ts"":1784119737.7443042,""mapped"":true},""thumb"":{""has_data"":true,""last_update_ts"":1784119737.7443042,""mapped"":true}},""ports"":{""available"":[""BLE:Dexter""],""unavailable"":[]}}"
1784119737.8036306,1784119737.8034813,425,ble,"{""index"":{""age_s"":0.00917673110961914,""channels"":3,""force"":[-0.40041925580894144,-0.7657041939900013],""has_data"":true,""last_update_ts"":1784119737.7943046,""raw"":[16969,16136,17932]},""middle"":{""age_s"":0.00917673110961914,""channels"":3,""force"":[-0.027399636952109674,-0.02803049061000351],""has_data"":true,""last_update_ts"":1784119737.7943046,""raw"":[15779,15722,15801]},""pinky"":{""age_s"":0.00917673110961914,""channels"":3,""force"":[-1.0291688195521456,-0.7346208776699994],""has_data"":true,""last_update_ts"":1784119737.7943046,""raw"":[17429,15288,17682]},""ring"":{""age_s"":0.00917673110961914,""channels"":3,""force"":[0.28312958183849446,0.2744767842899991],""has_data"":true,""last_update_ts"":1784119737.7943046,""raw"":[15811,16400,15611]},""thumb"":{""age_s"":0.00917673110961914,""channels"":3,""force"":[0.0,-2.220446049250313e-16],""has_data"":true,""last_update_ts"":1784119737.7943046,""raw"":[0,0,0]}}","{""ble"":{""connection_state"":""connected"",""counter"":1055027,""finger_order"":""DexterController.Visualizer"",""last_error"":null,""last_sample_age_s"":0.009208656003465876,""reconnect_count"":0,""sample_hz"":20.0,""sample_sequence"":424,""timestamp_us"":10702642688},""fingers"":{""index"":{""has_data"":true,""last_update_ts"":1784119737.7943046,""mapped"":true},""middle"":{""has_data"":true,""last_update_ts"":1784119737.7943046,""mapped"":true},""pinky"":{""has_data"":true,""last_update_ts"":1784119737.7943046,""mapped"":true},""ring"":{""has_data"":true,""last_update_ts"":1784119737.7943046,""mapped"":true},""thumb"":{""has_data"":true,""last_update_ts"":1784119737.7943046,""mapped"":true}},""ports"":{""available"":[""BLE:Dexter""],""unavailable"":[]}}"
1784119737.8537562,1784119737.853503,426,ble,"{""index"":{""age_s"":0.00917816162109375,""channels"":3,""force"":[-0.3956123019576907,-0.7523827727100034],""has_data"":true,""last_update_ts"":1784119737.8443248,""raw"":[16971,16148,17915]},""middle"":{""age_s"":0.00917816162109375,""channels"":3,""force"":[-0.018266424634740375,-0.029418138660002313],""has_data"":true,""last_update_ts"":1784119737.8443248,""raw"":[15762,15724,15796]},""pinky"":{""age_s"":0.00917816162109375,""channels"":3,""force"":[-1.0267653426265202,-0.7432242955800019],""has_data"":true,""last_update_ts"":1784119737.8443248,""raw"":[17427,15291,17698]},""ring"":{""age_s"":0.00917816162109375,""channels"":3,""force"":[0.27399636952111805,0.25643735963999603],""has_data"":true,""last_update_ts"":1784119737.8443248,""raw"":[15801,16371,15624]},""thumb"":{""age_s"":0.00917816162109375,""channels"":3,""force"":[0.0,-2.220446049250313e-16],""has_data"":true,""last_update_ts"":1784119737.8443248,""raw"":[0,0,0]}}","{""ble"":{""connection_state"":""connected"",""counter"":1055032,""finger_order"":""DexterController.Visualizer"",""last_error"":null,""last_sample_age_s"":0.00922625900420826,""reconnect_count"":0,""sample_hz"":20.0,""sample_sequence"":425,""timestamp_us"":10702689856},""fingers"":{""index"":{""has_data"":true,""last_update_ts"":1784119737.8443248,""mapped"":true},""middle"":{""has_data"":true,""last_update_ts"":1784119737.8443248,""mapped"":true},""pinky"":{""has_data"":true,""last_update_ts"":1784119737.8443248,""mapped"":true},""ring"":{""has_data"":true,""last_update_ts"":1784119737.8443248,""mapped"":true},""thumb"":{""has_data"":true,""last_update_ts"":1784119737.8443248,""mapped"":true}},""ports"":{""available"":[""BLE:Dexter""],""unavailable"":[]}}"
1784119737.903634,1784119737.903483,427,ble,"{""index"":{""age_s"":0.009175300598144531,""channels"":3,""force"":[-0.4023420373494364,-0.7718098454100026],""has_data"":true,""last_update_ts"":1784119737.8943076,""raw"":[16967,16130,17939]},""middle"":{""age_s"":0.009175300598144531,""channels"":3,""force"":[-0.026438246181861302,-0.04135191189000231],""has_data"":true,""last_update_ts"":1784119737.8943076,""raw"":[15766,15711,15813]},""pinky"":{""age_s"":0.009175300598144531,""channels"":3,""force"":[-1.0190742164645226,-0.7482198285600008],""has_data"":true,""last_update_ts"":1784119737.8943076,""raw"":[17411,15291,17699]},""ring"":{""age_s"":0.009175300598144531,""channels"":3,""force"":[0.28793653568974165,0.2522744154900005],""has_data"":true,""last_update_ts"":1784119737.8943076,""raw"":[15790,16389,15635]},""thumb"":{""age_s"":0.009175300598144531,""channels"":3,""force"":[0.0,-2.220446049250313e-16],""has_data"":true,""last_update_ts"":1784119737.8943076,""raw"":[0,0,0]}}","{""ble"":{""connection_state"":""connected"",""counter"":1055037,""finger_order"":""DexterController.Visualizer"",""last_error"":null,""last_sample_age_s"":0.009207665003486909,""reconnect_count"":0,""sample_hz"":20.0,""sample_sequence"":426,""timestamp_us"":10702736864},""fingers"":{""index"":{""has_data"":true,""last_update_ts"":1784119737.8943076,""mapped"":true},""middle"":{""has_data"":true,""last_update_ts"":1784119737.8943076,""mapped"":true},""pinky"":{""has_data"":true,""last_update_ts"":1784119737.8943076,""mapped"":true},""ring"":{""has_data"":true,""last_update_ts"":1784119737.8943076,""mapped"":true},""thumb"":{""has_data"":true,""last_update_ts"":1784119737.8943076,""mapped"":true}},""ports"":{""available"":[""BLE:Dexter""],""unavailable"":[]}}"
1784119737.9536462,1784119737.9534843,428,ble,"{""index"":{""age_s"":0.009196758270263672,""channels"":3,""force"":[-0.4109945542816824,-0.7862413851300012],""has_data"":true,""last_update_ts"":1784119737.9442875,""raw"":[16956,16101,17945]},""middle"":{""age_s"":0.009196758270263672,""channels"":3,""force"":[-0.02211198771573919,-0.048845211360002416],""has_data"":true,""last_update_ts"":1784119737.9442875,""raw"":[15773,15727,15838]},""pinky"":{""age_s"":0.009196758270263672,""channels"":3,""force"":[-1.018593521079401,-0.7390613514300002],""has_data"":true,""last_update_ts"":1784119737.9442875,""raw"":[17417,15298,17689]},""ring"":{""age_s"":0.009196758270263672,""channels"":3,""force"":[0.2812068002979924,0.2594901853499971],""has_data"":true,""last_update_ts"":1784119737.9442875,""raw"":[15790,16375,15615]},""thumb"":{""age_s"":0.009196758270263672,""channels"":3,""force"":[0.0,-2.220446049250313e-16],""has_data"":true,""last_update_ts"":1784119737.9442875,""raw"":[0,0,0]}}","{""ble"":{""connection_state"":""connected"",""counter"":1055043,""finger_order"":""DexterController.Visualizer"",""last_error"":null,""last_sample_age_s"":0.00922914399416186,""reconnect_count"":0,""sample_hz"":20.0,""sample_sequence"":427,""timestamp_us"":10702793280},""fingers"":{""index"":{""has_data"":true,""last_update_ts"":1784119737.9442875,""mapped"":true},""middle"":{""has_data"":true,""last_update_ts"":1784119737.9442875,""mapped"":true},""pinky"":{""has_data"":true,""last_update_ts"":1784119737.9442875,""mapped"":true},""ring"":{""has_data"":true,""last_update_ts"":1784119737.9442875,""mapped"":true},""thumb"":{""has_data"":true,""last_update_ts"":1784119737.9442875,""mapped"":true}},""ports"":{""available"":[""BLE:Dexter""],""unavailable"":[]}}"
1784119738.0036297,1784119738.0034766,429,ble,"{""index"":{""age_s"":0.009171247482299805,""channels"":3,""force"":[-0.3869597850254429,-0.7435018251899992],""has_data"":true,""last_update_ts"":1784119737.9943054,""raw"":[16939,16134,17876]},""middle"":{""age_s"":0.009171247482299805,""channels"":3,""force"":[-0.024996160026489633,0.04773509291999911],""has_data"":true,""last_update_ts"":1784119737.9943054,""raw"":[15694,15642,15582]},""pinky"":{""age_s"":0.009171247482299805,""channels"":3,""force"":[1.2752848567360306,0.3594008449499979],""has_data"":true,""last_update_ts"":1784119737.9943054,""raw"":[16701,19354,17380]},""ring"":{""age_s"":0.009171247482299805,""channels"":3,""force"":[0.3446585911344666,0.653582231549998],""has_data"":true,""last_update_ts"":1784119737.9943054,""raw"":[15721,16438,14902]},""thumb"":{""age_s"":0.009171247482299805,""channels"":3,""force"":[0.0,-2.220446049250313e-16],""has_data"":true,""last_update_ts"":1784119737.9943054,""raw"":[0,0,0]}}","{""ble"":{""connection_state"":""connected"",""counter"":1055048,""finger_order"":""DexterController.Visualizer"",""last_error"":null,""last_sample_age_s"":0.009203718000208028,""reconnect_count"":0,""sample_hz"":20.0,""sample_sequence"":428,""timestamp_us"":10702840416},""fingers"":{""index"":{""has_data"":true,""last_update_ts"":1784119737.9943054,""mapped"":true},""middle"":{""has_data"":true,""last_update_ts"":1784119737.9943054,""mapped"":true},""pinky"":{""has_data"":true,""last_update_ts"":1784119737.9943054,""mapped"":true},""ring"":{""has_data"":true,""last_update_ts"":1784119737.9943054,""mapped"":true},""thumb"":{""has_data"":true,""last_update_ts"":1784119737.9943054,""mapped"":true}},""ports"":{""available"":[""BLE:Dexter""],""unavailable"":[]}}"
1784119738.0536397,1784119738.053474,430,ble,"{""index"":{""age_s"":0.009172916412353516,""channels"":3,""force"":[-0.40089995119406296,-0.762651368280002],""has_data"":true,""last_update_ts"":1784119738.044301,""raw"":[16963,16129,17920]},""middle"":{""age_s"":0.009172916412353516,""channels"":3,""force"":[-0.023073378485991114,-0.03718896773999969],""has_data"":true,""last_update_ts"":1784119738.044301,""raw"":[15764,15716,15807]},""pinky"":{""age_s"":0.009172916412353516,""channels"":3,""force"":[-1.0282074287818954,-0.7518277134900035],""has_data"":true,""last_update_ts"":1784119738.044301,""raw"":[17416,15277,17701]},""ring"":{""age_s"":0.009172916412353516,""channels"":3,""force"":[0.2715928925954998,0.251164297049999],""has_data"":true,""last_update_ts"":1784119738.044301,""raw"":[15796,16361,15626]},""thumb"":{""age_s"":0.009172916412353516,""channels"":3,""force"":[0.0,-2.220446049250313e-16],""has_data"":true,""last_update_ts"":1784119738.044301,""raw"":[0,0,0]}}","{""ble"":{""connection_state"":""connected"",""counter"":1055053,""finger_order"":""DexterController.Visualizer"",""last_error"":null,""last_sample_age_s"":0.009213252007612027,""reconnect_count"":0,""sample_hz"":20.0,""sample_sequence"":429,""timestamp_us"":10702887392},""fingers"":{""index"":{""has_data"":true,""last_update_ts"":1784119738.044301,""mapped"":true},""middle"":{""has_data"":true,""last_update_ts"":1784119738.044301,""mapped"":true},""pinky"":{""has_data"":true,""last_update_ts"":1784119738.044301,""mapped"":true},""ring"":{""has_data"":true,""last_update_ts"":1784119738.044301,""mapped"":true},""thumb"":{""has_data"":true,""last_update_ts"":1784119738.044301,""mapped"":true}},""ports"":{""available"":[""BLE:Dexter""],""unavailable"":[]}}"
1784119738.1036355,1784119738.1034837,431,ble,"{""index"":{""age_s"":0.009182214736938477,""channels"":3,""force"":[-0.40762968658580867,-0.7643165459400034],""has_data"":true,""last_update_ts"":1784119738.0943015,""raw"":[16971,16123,17924]},""middle"":{""age_s"":0.009182214736938477,""channels"":3,""force"":[-0.029322418492611746,-0.03635637891000165],""has_data"":true,""last_update_ts"":1784119738.0943015,""raw"":[15775,15714,15810]},""pinky"":{""age_s"":0.009182214736938477,""channels"":3,""force"":[-1.0267653426265202,-0.7415591179200005],""has_data"":true,""last_update_ts"":1784119738.0943015,""raw"":[17424,15288,17692]},""ring"":{""age_s"":0.009182214736938477,""channels"":3,""force"":[0.2879365356897434,0.26504077754999855],""has_data"":true,""last_update_ts"":1784119738.0943015,""raw"":[15794,16393,15616]},""thumb"":{""age_s"":0.009182214736938477,""channels"":3,""force"":[0.0,-2.220446049250313e-16],""has_data"":true,""last_update_ts"":1784119738.0943015,""raw"":[0,0,0]}}","{""ble"":{""connection_state"":""connected"",""counter"":1055059,""finger_order"":""DexterController.Visualizer"",""last_error"":null,""last_sample_age_s"":0.009213452009134926,""reconnect_count"":0,""sample_hz"":20.0,""sample_sequence"":430,""timestamp_us"":10702943776},""fingers"":{""index"":{""has_data"":true,""last_update_ts"":1784119738.0943015,""mapped"":true},""middle"":{""has_data"":true,""last_update_ts"":1784119738.0943015,""mapped"":true},""pinky"":{""has_data"":true,""last_update_ts"":1784119738.0943015,""mapped"":true},""ring"":{""has_data"":true,""last_update_ts"":1784119738.0943015,""mapped"":true},""thumb"":{""has_data"":true,""last_update_ts"":1784119738.0943015,""mapped"":true}},""ports"":{""available"":[""BLE:Dexter""],""unavailable"":[]}}"
