recorded_at,source_timestamp,sequence,transport,fingers_json,status_json
1784118758.6980453,1784118758.6979046,439,ble,"{""index"":{""age_s"":0.009245157241821289,""channels"":3,""force"":[-0.39849647426844115,-0.7651491347700006],""has_data"":true,""last_update_ts"":1784118758.6886594,""raw"":[16965,16136,17929]},""middle"":{""age_s"":0.009245157241821289,""channels"":3,""force"":[-0.016343643094241855,-0.031083316320003718],""has_data"":true,""last_update_ts"":1784118758.6886594,""raw"":[15766,15732,15805]},""pinky"":{""age_s"":0.009245157241821289,""channels"":3,""force"":[-1.02484256108602,-0.7426692363600012],""has_data"":true,""last_update_ts"":1784118758.6886594,""raw"":[17423,15291,17695]},""ring"":{""age_s"":0.009245157241821289,""channels"":3,""force"":[0.273034978750875,0.2519968858799979],""has_data"":true,""last_update_ts"":1784118758.6886594,""raw"":[15795,16363,15625]},""thumb"":{""age_s"":0.009245157241821289,""channels"":3,""force"":[0.0,-2.220446049250313e-16],""has_data"":true,""last_update_ts"":1784118758.6886594,""raw"":[0,0,0]}}","{""ble"":{""connection_state"":""connected"",""counter"":992756,""finger_order"":""DexterController.Visualizer"",""last_error"":null,""last_sample_age_s"":0.009275324991904199,""reconnect_count"":0,""sample_hz"":20.0,""sample_sequence"":438,""timestamp_us"":9723494464},""fingers"":{""index"":{""has_data"":true,""last_update_ts"":1784118758.6886594,""mapped"":true},""middle"":{""has_data"":true,""last_update_ts"":1784118758.6886594,""mapped"":true},""pinky"":{""has_data"":true,""last_update_ts"":1784118758.6886594,""mapped"":true},""ring"":{""has_data"":true,""last_update_ts"":1784118758.6886594,""mapped"":true},""thumb"":{""has_data"":true,""last_update_ts"":1784118758.6886594,""mapped"":true}},""ports"":{""available"":[""BLE:Dexter""],""unavailable"":[]}}"
1784118758.7479336,1784118758.747805,440,ble,"{""index"":{""age_s"":0.00914621353149414,""channels"":3,""force"":[-0.40378412350481163,-0.758765953740002],""has_data"":true,""last_update_ts"":1784118758.738659,""raw"":[16977,16137,17924]},""middle"":{""age_s"":0.00914621353149414,""channels"":3,""force"":[-0.019708510790115596,-0.02858554983000161],""has_data"":true,""last_update_ts"":1784118758.738659,""raw"":[15769,15728,15800]},""pinky"":{""age_s"":0.00914621353149414,""channels"":3,""force"":[-1.0286881241670223,-0.7476647693400018],""has_data"":true,""last_update_ts"":1784118758.738659,""raw"":[17421,15281,17698]},""ring"":{""age_s"":0.00914621353149414,""channels"":3,""force"":[0.2720735879806231,0.251996885879997],""has_data"":true,""last_update_ts"":1784118758.738659,""raw"":[15800,16366,15629]},""thumb"":{""age_s"":0.00914621353149414,""channels"":3,""force"":[0.0,-2.220446049250313e-16],""has_data"":true,""last_update_ts"":1784118758.738659,""raw"":[0,0,0]}}","{""ble"":{""connection_state"":""connected"",""counter"":992762,""finger_order"":""DexterController.Visualizer"",""last_error"":null,""last_sample_age_s"":0.009170850011287257,""reconnect_count"":0,""sample_hz"":20.0,""sample_sequence"":439,""timestamp_us"":9723550752},""fingers"":{""index"":{""has_data"":true,""last_update_ts"":1784118758.738659,""mapped"":true},""middle"":{""has_data"":true,""last_update_ts"":1784118758.738659,""mapped"":true},""pinky"":{""has_data"":true,""last_update_ts"":1784118758.738659,""mapped"":true},""ring"":{""has_data"":true,""last_update_ts"":1784118758.738659,""mapped"":true},""thumb"":{""has_data"":true,""last_update_ts"":1784118758.738659,""mapped"":true}},""ports"":{""available"":[""BLE:Dexter""],""unavailable"":[]}}"
1784118758.797939,1784118758.7978137,441,ble,"{""index"":{""age_s"":0.009154558181762695,""channels"":3,""force"":[-0.40811038197093374,-0.7773604376100041],""has_data"":true,""last_update_ts"":1784118758.788659,""raw"":[16967,16118,17943]},""middle"":{""age_s"":0.009154558181762695,""channels"":3,""force"":[-0.019227815404994075,-0.03940920462000008],""has_data"":true,""last_update_ts"":1784118758.788659,""raw"":[15776,15736,15827]},""pinky"":{""age_s"":0.009154558181762695,""channels"":3,""force"":[-1.0142672626132754,-0.7293478150800015],""has_data"":true,""last_update_ts"":1784118758.788659,""raw"":[17419,15309,17678]},""ring"":{""age_s"":0.009154558181762695,""channels"":3,""force"":[0.2946662710814856,0.27558690272999886],""has_data"":true,""last_update_ts"":1784118758.788659,""raw"":[15792,16405,15602]},""thumb"":{""age_s"":0.009154558181762695,""channels"":3,""force"":[0.0,-2.220446049250313e-16],""has_data"":true,""last_update_ts"":1784118758.788659,""raw"":[0,0,0]}}","{""ble"":{""connection_state"":""connected"",""counter"":992767,""finger_order"":""DexterController.Visualizer"",""last_error"":null,""last_sample_age_s"":0.009177713000099175,""reconnect_count"":0,""sample_hz"":20.0,""sample_sequence"":440,""timestamp_us"":9723597888},""fingers"":{""index"":{""has_data"":true,""last_update_ts"":1784118758.788659,""mapped"":true},""middle"":{""has_data"":true,""last_update_ts"":1784118758.788659,""mapped"":true},""pinky"":{""has_data"":true,""last_update_ts"":1784118758.788659,""mapped"":true},""ring"":{""has_data"":true,""last_update_ts"":1784118758.788659,""mapped"":true},""thumb"":{""has_data"":true,""last_update_ts"":1784118758.788659,""mapped"":true}},""ports"":{""available"":[""BLE:Dexter""],""unavailable"":[]}}"
1784118758.847949,1784118758.8478172,442,ble,"{""index"":{""age_s"":0.009158134460449219,""channels"":3,""force"":[-0.3999385604238128,-0.7582108945200012],""has_data"":true,""last_update_ts"":1784118758.838659,""raw"":[16972,16140,17922]},""middle"":{""age_s"":0.009158134460449219,""channels"":3,""force"":[-0.020669901560365744,-0.03247096437000252],""has_data"":true,""last_update_ts"":1784118758.838659,""raw"":[15767,15724,15804]},""pinky"":{""age_s"":0.009158134460449219,""channels"":3,""force"":[-1.029649514937267,-0.7515501838800036],""has_data"":true,""last_update_ts"":1784118758.838659,""raw"":[17418,15276,17701]},""ring"":{""age_s"":0.009158134460449219,""channels"":3,""force"":[0.2768805418318703,0.25310700431999855],""has_data"":true,""last_update_ts"":1784118758.838659,""raw"":[15798,16374,15630]},""thumb"":{""age_s"":0.009158134460449219,""channels"":3,""force"":[0.0,-2.220446049250313e-16],""has_data"":true,""last_update_ts"":1784118758.838659,""raw"":[0,0,0]}}","{""ble"":{""connection_state"":""connected"",""counter"":992772,""finger_order"":""DexterController.Visualizer"",""last_error"":null,""last_sample_age_s"":0.009181479996186681,""reconnect_count"":0,""sample_hz"":20.0,""sample_sequence"":441,""timestamp_us"":9723644864},""fingers"":{""index"":{""has_data"":true,""last_update_ts"":1784118758.838659,""mapped"":true},""middle"":{""has_data"":true,""last_update_ts"":1784118758.838659,""mapped"":true},""pinky"":{""has_data"":true,""last_update_ts"":1784118758.838659,""mapped"":true},""ring"":{""has_data"":true,""last_update_ts"":1784118758.838659,""mapped"":true},""thumb"":{""has_data"":true,""last_update_ts"":1784118758.838659,""mapped"":true}},""ports"":{""available"":[""BLE:Dexter""],""unavailable"":[]}}"
1784118758.8979397,1784118758.8978171,443,ble,"{""index"":{""age_s"":0.009157657623291016,""channels"":3,""force"":[-0.39657369272794085,-0.762928897890002],""has_data"":true,""last_update_ts"":1784118758.8886595,""raw"":[16965,16140,17927]},""middle"":{""age_s"":0.009157657623291016,""channels"":3,""force"":[-0.02018920617524067,-0.031083316320004606],""has_data"":true,""last_update_ts"":1784118758.8886595,""raw"":[15770,15728,15805]},""pinky"":{""age_s"":0.009157657623291016,""channels"":3,""force"":[-1.0209969980050246,-0.742669236360002],""has_data"":true,""last_update_ts"":1784118758.8886595,""raw"":[17417,15293,17693]},""ring"":{""age_s"":0.009157657623291016,""channels"":3,""force"":[0.27928401875749387,0.25282947470999684],""has_data"":true,""last_update_ts"":1784118758.8886595,""raw"":[15793,16374,15628]},""thumb"":{""age_s"":0.009157657623291016,""channels"":3,""force"":[0.0,-2.220446049250313e-16],""has_data"":true,""last_update_ts"":1784118758.8886595,""raw"":[0,0,0]}}","{""ble"":{""connection_state"":""connected"",""counter"":992777,""finger_order"":""DexterController.Visualizer"",""last_error"":null,""last_sample_age_s"":0.009180969005683437,""reconnect_count"":0,""sample_hz"":20.0,""sample_sequence"":442,""timestamp_us"":9723691872},""fingers"":{""index"":{""has_data"":true,""last_update_ts"":1784118758.8886595,""mapped"":true},""middle"":{""has_data"":true,""last_update_ts"":1784118758.8886595,""mapped"":true},""pinky"":{""has_data"":true,""last_update_ts"":1784118758.8886595,""mapped"":true},""ring"":{""has_data"":true,""last_update_ts"":1784118758.8886595,""mapped"":true},""thumb"":{""has_data"":true,""last_update_ts"":1784118758.8886595,""mapped"":true}},""ports"":{""available"":[""BLE:Dexter""],""unavailable"":[]}}"
1784118758.9479363,1784118758.9478166,444,ble,"{""index"":{""age_s"":0.009147405624389648,""channels"":3,""force"":[-0.39897716965356445,-0.7715323158000018],""has_data"":true,""last_update_ts"":1784118758.9386692,""raw"":[16970,16140,17945]},""middle"":{""age_s"":0.009147405624389648,""channels"":3,""force"":[-0.02643824618186663,-0.03302602359000151],""has_data"":true,""last_update_ts"":1784118758.9386692,""raw"":[15776,15721,15808]},""pinky"":{""age_s"":0.009147405624389648,""channels"":3,""force"":[-1.022439084160398,-0.7446119436300007],""has_data"":true,""last_update_ts"":1784118758.9386692,""raw"":[17416,15289,17694]},""ring"":{""age_s"":0.009147405624389648,""channels"":3,""force"":[0.28889792645999,0.2639306591099979],""has_data"":true,""last_update_ts"":1784118758.9386692,""raw"":[15798,16399,15623]},""thumb"":{""age_s"":0.009147405624389648,""channels"":3,""force"":[0.0,-2.220446049250313e-16],""has_data"":true,""last_update_ts"":1784118758.9386692,""raw"":[0,0,0]}}","{""ble"":{""connection_state"":""connected"",""counter"":992783,""finger_order"":""DexterController.Visualizer"",""last_error"":null,""last_sample_age_s"":0.009170788995106705,""reconnect_count"":0,""sample_hz"":20.0,""sample_sequence"":443,""timestamp_us"":9723748416},""fingers"":{""index"":{""has_data"":true,""last_update_ts"":1784118758.9386692,""mapped"":true},""middle"":{""has_data"":true,""last_update_ts"":1784118758.9386692,""mapped"":true},""pinky"":{""has_data"":true,""last_update_ts"":1784118758.9386692,""mapped"":true},""ring"":{""has_data"":true,""last_update_ts"":1784118758.9386692,""mapped"":true},""thumb"":{""has_data"":true,""last_update_ts"":1784118758.9386692,""mapped"":true}},""ports"":{""available"":[""BLE:Dexter""],""unavailable"":[]}}"
1784118758.9979496,1784118758.9978194,445,ble,"{""index"":{""age_s"":0.009081840515136719,""channels"":3,""force"":[-0.4004192558089379,-0.759043483350001],""has_data"":true,""last_update_ts"":1784118758.9887376,""raw"":[16974,16141,17925]},""middle"":{""age_s"":0.009081840515136719,""channels"":3,""force"":[-0.019708510790117373,-0.029695668270001363],""has_data"":true,""last_update_ts"":1784118758.9887376,""raw"":[15768,15727,15801]},""pinky"":{""age_s"":0.009081840515136719,""channels"":3,""force"":[-1.0190742164645226,-0.7421141771400004],""has_data"":true,""last_update_ts"":1784118758.9887376,""raw"":[17419,15299,17696]},""ring"":{""age_s"":0.009081840515136719,""channels"":3,""force"":[0.2783226279872437,0.25227441548999696],""has_data"":true,""last_update_ts"":1784118758.9887376,""raw"":[15793,16372,15628]},""thumb"":{""age_s"":0.009081840515136719,""channels"":3,""force"":[0.0,-2.220446049250313e-16],""has_data"":true,""last_update_ts"":1784118758.9887376,""raw"":[0,0,0]}}","{""ble"":{""connection_state"":""connected"",""counter"":992788,""finger_order"":""DexterController.Visualizer"",""last_error"":null,""last_sample_age_s"":0.00910447898786515,""reconnect_count"":0,""sample_hz"":20.0,""sample_sequence"":444,""timestamp_us"":9723795392},""fingers"":{""index"":{""has_data"":true,""last_update_ts"":1784118758.9887376,""mapped"":true},""middle"":{""has_data"":true,""last_update_ts"":1784118758.9887376,""mapped"":true},""pinky"":{""has_data"":true,""last_update_ts"":1784118758.9887376,""mapped"":true},""ring"":{""has_data"":true,""last_update_ts"":1784118758.9887376,""mapped"":true},""thumb"":{""has_data"":true,""last_update_ts"":1784118758.9887376,""mapped"":true}},""ports"":{""available"":[""BLE:Dexter""],""unavailable"":[]}}"
1784118759.0480595,1784118759.0478356,446,ble,"{""index"":{""age_s"":0.009133338928222656,""channels"":3,""force"":[-0.4004192558089379,-0.7568232464699998],""has_data"":true,""last_update_ts"":1784118759.0387022,""raw"":[16970,16137,17917]},""middle"":{""age_s"":0.009133338928222656,""channels"":3,""force"":[-0.02211198771573919,-0.03219343476000436],""has_data"":true,""last_update_ts"":1784118759.0387022,""raw"":[15774,15728,15809]},""pinky"":{""age_s"":0.009133338928222656,""channels"":3,""force"":[-1.0205163026198978,-0.7473872397300036],""has_data"":true,""last_update_ts"":1784118759.0387022,""raw"":[17416,15293,17701]},""ring"":{""age_s"":0.009133338928222656,""channels"":3,""force"":[0.2773612372169936,0.2533845339299985],""has_data"":true,""last_update_ts"":1784118759.0387022,""raw"":[15798,16375,15630]},""thumb"":{""age_s"":0.009133338928222656,""channels"":3,""force"":[0.0,-2.220446049250313e-16],""has_data"":true,""last_update_ts"":1784118759.0387022,""raw"":[0,0,0]}}","{""ble"":{""connection_state"":""connected"",""counter"":992793,""finger_order"":""DexterController.Visualizer"",""last_error"":null,""last_sample_age_s"":0.00916975800646469,""reconnect_count"":0,""sample_hz"":20.0,""sample_sequence"":445,""timestamp_us"":9723842304},""fingers"":{""index"":{""has_data"":true,""last_update_ts"":1784118759.0387022,""mapped"":true},""middle"":{""has_data"":true,""last_update_ts"":1784118759.0387022,""mapped"":true},""pinky"":{""has_data"":true,""last_update_ts"":1784118759.0387022,""mapped"":true},""ring"":{""has_data"":true,""last_update_ts"":1784118759.0387022,""mapped"":true},""thumb"":{""has_data"":true,""last_update_ts"":1784118759.0387022,""mapped"":true}},""ports"":{""available"":[""BLE:Dexter""],""unavailable"":[]}}"
1784118759.097951,1784118759.097819,447,ble,"{""index"":{""age_s"":0.00911855697631836,""channels"":3,""force"":[-0.3970543881130659,-0.7609861906200024],""has_data"":true,""last_update_ts"":1784118759.0887005,""raw"":[16973,16147,17931]},""middle"":{""age_s"":0.00911855697631836,""channels"":3,""force"":[-0.022592683100864264,-0.033026023590003284],""has_data"":true,""last_update_ts"":1784118759.0887005,""raw"":[15773,15726,15809]},""pinky"":{""age_s"":0.00911855697631836,""channels"":3,""force"":[-1.016670739538899,-0.7479422989500009],""has_data"":true,""last_update_ts"":1784118759.0887005,""raw"":[17414,15299,17704]},""ring"":{""age_s"":0.00911855697631836,""channels"":3,""force"":[0.2739963695211216,0.24644629367999826],""has_data"":true,""last_update_ts"":1784118759.0887005,""raw"":[15793,16363,15634]},""thumb"":{""age_s"":0.00911855697631836,""channels"":3,""force"":[0.0,-2.220446049250313e-16],""has_data"":true,""last_update_ts"":1784118759.0887005,""raw"":[0,0,0]}}","{""ble"":{""connection_state"":""connected"",""counter"":992799,""finger_order"":""DexterController.Visualizer"",""last_error"":null,""last_sample_age_s"":0.009143154995399527,""reconnect_count"":0,""sample_hz"":20.0,""sample_sequence"":446,""timestamp_us"":9723898848},""fingers"":{""index"":{""has_data"":true,""last_update_ts"":1784118759.0887005,""mapped"":true},""middle"":{""has_data"":true,""last_update_ts"":1784118759.0887005,""mapped"":true},""pinky"":{""has_data"":true,""last_update_ts"":1784118759.0887005,""mapped"":true},""ring"":{""has_data"":true,""last_update_ts"":1784118759.0887005,""mapped"":true},""thumb"":{""has_data"":true,""last_update_ts"":1784118759.0887005,""mapped"":true}},""ports"":{""available"":[""BLE:Dexter""],""unavailable"":[]}}"
1784118759.1479514,1784118759.1478155,448,ble,"{""index"":{""age_s"":0.0091552734375,""channels"":3,""force"":[-0.4057069050453119,-0.7609861906200006],""has_data"":true,""last_update_ts"":1784118759.1386602,""raw"":[16976,16132,17925]},""middle"":{""age_s"":0.0091552734375,""channels"":3,""force"":[-0.024996160026487857,-0.037188967740002354],""has_data"":true,""last_update_ts"":1784118759.1386602,""raw"":[15769,15717,15810]},""pinky"":{""age_s"":0.0091552734375,""channels"":3,""force"":[-1.0219583887752712,-0.7471097101200037],""has_data"":true,""last_update_ts"":1784118759.1386602,""raw"":[17418,15292,17701]},""ring"":{""age_s"":0.0091552734375,""channels"":3,""force"":[0.28216819106824254,0.25671488924999686],""has_data"":true,""last_update_ts"":1784118759.1386602,""raw"":[15793,16380,15624]},""thumb"":{""age_s"":0.0091552734375,""channels"":3,""force"":[0.0,-2.220446049250313e-16],""has_data"":true,""last_update_ts"":1784118759.1386602,""raw"":[0,0,0]}}","{""ble"":{""connection_state"":""connected"",""counter"":992804,""finger_order"":""DexterController.Visualizer"",""last_error"":null,""last_sample_age_s"":0.009178954991512,""reconnect_count"":0,""sample_hz"":20.0,""sample_sequence"":447,""timestamp_us"":9723945792},""fingers"":{""index"":{""has_data"":true,""last_update_ts"":1784118759.1386602,""mapped"":true},""middle"":{""has_data"":true,""last_update_ts"":1784118759.1386602,""mapped"":true},""pinky"":{""has_data"":true,""last_update_ts"":1784118759.1386602,""mapped"":true},""ring"":{""has_data"":true,""last_update_ts"":1784118759.1386602,""mapped"":true},""thumb"":{""has_data"":true,""last_update_ts"":1784118759.1386602,""mapped"":true}},""ports"":{""available"":[""BLE:Dexter""],""unavailable"":[]}}"
1784118759.1979394,1784118759.1978185,449,ble,"{""index"":{""age_s"":0.009161949157714844,""channels"":3,""force"":[-0.3994578650386895,-0.7595985425700027],""has_data"":true,""last_update_ts"":1784118759.1886566,""raw"":[16966,16135,17919]},""middle"":{""age_s"":0.009161949157714844,""channels"":3,""force"":[-0.021631292330615892,-0.03191590514999909],""has_data"":true,""last_update_ts"":1784118759.1886566,""raw"":[15772,15727,15807]},""pinky"":{""age_s"":0.009161949157714844,""channels"":3,""force"":[-1.0229197795455214,-0.743224295580001],""has_data"":true,""last_update_ts"":1784118759.1886566,""raw"":[17419,15291,17694]},""ring"":{""age_s"":0.009161949157714844,""channels"":3,""force"":[0.2788033233723688,0.2542171227599965],""has_data"":true,""last_update_ts"":1784118759.1886566,""raw"":[15791,16371,15623]},""thumb"":{""age_s"":0.009161949157714844,""channels"":3,""force"":[0.0,-2.220446049250313e-16],""has_data"":true,""last_update_ts"":1784118759.1886566,""raw"":[0,0,0]}}","{""ble"":{""connection_state"":""connected"",""counter"":992809,""finger_order"":""DexterController.Visualizer"",""last_error"":null,""last_sample_age_s"":0.009185499002342112,""reconnect_count"":0,""sample_hz"":20.0,""sample_sequence"":448,""timestamp_us"":9723992768},""fingers"":{""index"":{""has_data"":true,""last_update_ts"":1784118759.1886566,""mapped"":true},""middle"":{""has_data"":true,""last_update_ts"":1784118759.1886566,""mapped"":true},""pinky"":{""has_data"":true,""last_update_ts"":1784118759.1886566,""mapped"":true},""ring"":{""has_data"":true,""last_update_ts"":1784118759.1886566,""mapped"":true},""thumb"":{""has_data"":true,""last_update_ts"":1784118759.1886566,""mapped"":true}},""ports"":{""available"":[""BLE:Dexter""],""unavailable"":[]}}"
1784118759.247941,1784118759.2478218,450,ble,"{""index"":{""age_s"":0.009164810180664062,""channels"":3,""force"":[-0.4042648188899367,-0.7706997269700029],""has_data"":true,""last_update_ts"":1784118759.238657,""raw"":[16970,16129,17938]},""middle"":{""age_s"":0.009164810180664062,""channels"":3,""force"":[-0.024515464641366336,-0.03691143812999975],""has_data"":true,""last_update_ts"":1784118759.238657,""raw"":[15776,15725,15817]},""pinky"":{""age_s"":0.009164810180664062,""channels"":3,""force"":[-1.022439084160398,-0.7373961737700014],""has_data"":true,""last_update_ts"":1784118759.238657,""raw"":[17420,15293,17685]},""ring"":{""age_s"":0.009164810180664062,""channels"":3,""force"":[0.2836102772236213,0.2664284256],""has_data"":true,""last_update_ts"":1784118759.238657,""raw"":[15803,16393,15618]},""thumb"":{""age_s"":0.009164810180664062,""channels"":3,""force"":[0.0,-2.220446049250313e-16],""has_data"":true,""last_update_ts"":1784118759.238657,""raw"":[0,0,0]}}","{""ble"":{""connection_state"":""connected"",""counter"":992815,""finger_order"":""DexterController.Visualizer"",""last_error"":null,""last_sample_age_s"":0.00918878499942366,""reconnect_count"":0,""sample_hz"":20.0,""sample_sequence"":449,""timestamp_us"":9724049024},""fingers"":{""index"":{""has_data"":true,""last_update_ts"":1784118759.238657,""mapped"":true},""middle"":{""has_data"":true,""last_update_ts"":1784118759.238657,""mapped"":true},""pinky"":{""has_data"":true,""last_update_ts"":1784118759.238657,""mapped"":true},""ring"":{""has_data"":true,""last_update_ts"":1784118759.238657,""mapped"":true},""thumb"":{""has_data"":true,""last_update_ts"":1784118759.238657,""mapped"":true}},""ports"":{""available"":[""BLE:Dexter""],""unavailable"":[]}}"
1784118759.297943,1784118759.2978187,451,ble,"{""index"":{""age_s"":0.009168148040771484,""channels"":3,""force"":[-0.4042648188899367,-0.771254786190001],""has_data"":true,""last_update_ts"":1784118759.2886505,""raw"":[16968,16127,17937]},""middle"":{""age_s"":0.009168148040771484,""channels"":3,""force"":[-0.02547685541161293,-0.0391316750100037],""has_data"":true,""last_update_ts"":1784118759.2886505,""raw"":[15774,15721,15818]},""pinky"":{""age_s"":0.009168148040771484,""channels"":3,""force"":[-1.018112825694276,-0.7387838218200002],""has_data"":true,""last_update_ts"":1784118759.2886505,""raw"":[17417,15299,17689]},""ring"":{""age_s"":0.009168148040771484,""channels"":3,""force"":[0.293704880311239,0.2617104222299975],""has_data"":true,""last_update_ts"":1784118759.2886505,""raw"":[15787,16398,15621]},""thumb"":{""age_s"":0.009168148040771484,""channels"":3,""force"":[0.0,-2.220446049250313e-16],""has_data"":true,""last_update_ts"":1784118759.2886505,""raw"":[0,0,0]}}","{""ble"":{""connection_state"":""connected"",""counter"":992820,""finger_order"":""DexterController.Visualizer"",""last_error"":null,""last_sample_age_s"":0.009192152007017285,""reconnect_count"":0,""sample_hz"":20.0,""sample_sequence"":450,""timestamp_us"":9724095872},""fingers"":{""index"":{""has_data"":true,""last_update_ts"":1784118759.2886505,""mapped"":true},""middle"":{""has_data"":true,""last_update_ts"":1784118759.2886505,""mapped"":true},""pinky"":{""has_data"":true,""last_update_ts"":1784118759.2886505,""mapped"":true},""ring"":{""has_data"":true,""last_update_ts"":1784118759.2886505,""mapped"":true},""thumb"":{""has_data"":true,""last_update_ts"":1784118759.2886505,""mapped"":true}},""ports"":{""available"":[""BLE:Dexter""],""unavailable"":[]}}"
1784118759.3479395,1784118759.3478193,452,ble,"{""index"":{""age_s"":0.009166240692138672,""channels"":3,""force"":[-0.4004192558089379,-0.7573783056900014],""has_data"":true,""last_update_ts"":1784118759.338653,""raw"":[16970,16137,17918]},""middle"":{""age_s"":0.009166240692138672,""channels"":3,""force"":[-0.02259268310086604,-0.028585549830000723],""has_data"":true,""last_update_ts"":1784118759.338653,""raw"":[15772,15725,15800]},""pinky"":{""age_s"":0.009166240692138672,""channels"":3,""force"":[-1.0238811703157733,-0.7493299470000006],""has_data"":true,""last_update_ts"":1784118759.338653,""raw"":[17417,15287,17702]},""ring"":{""age_s"":0.009166240692138672,""channels"":3,""force"":[0.2759191510616201,0.2531070043199968],""has_data"":true,""last_update_ts"":1784118759.338653,""raw"":[15798,16372,15629]},""thumb"":{""age_s"":0.009166240692138672,""channels"":3,""force"":[0.0,-2.220446049250313e-16],""has_data"":true,""last_update_ts"":1784118759.338653,""raw"":[0,0,0]}}","{""ble"":{""connection_state"":""connected"",""counter"":992825,""finger_order"":""DexterController.Visualizer"",""last_error"":null,""last_sample_age_s"":0.009189787990180776,""reconnect_count"":0,""sample_hz"":20.0,""sample_sequence"":451,""timestamp_us"":9724142720},""fingers"":{""index"":{""has_data"":true,""last_update_ts"":1784118759.338653,""mapped"":true},""middle"":{""has_data"":true,""last_update_ts"":1784118759.338653,""mapped"":true},""pinky"":{""has_data"":true,""last_update_ts"":1784118759.338653,""mapped"":true},""ring"":{""has_data"":true,""last_update_ts"":1784118759.338653,""mapped"":true},""thumb"":{""has_data"":true,""last_update_ts"":1784118759.338653,""mapped"":true}},""ports"":{""available"":[""BLE:Dexter""],""unavailable"":[]}}"
1784118759.3979328,1784118759.3978171,453,ble,"{""index"":{""age_s"":0.009165287017822266,""channels"":3,""force"":[-0.4052262096601851,-0.7684794900900025],""has_data"":true,""last_update_ts"":1784118759.3886518,""raw"":[16971,16128,17934]},""middle"":{""age_s"":0.009165287017822266,""channels"":3,""force"":[-0.016824338479368706,-0.035246260470000124],""has_data"":true,""last_update_ts"":1784118759.3886518,""raw"":[15771,15736,15817]},""pinky"":{""age_s"":0.009165287017822266,""channels"":3,""force"":[-1.0243618657008966,-0.7412815883100006],""has_data"":true,""last_update_ts"":1784118759.3886518,""raw"":[17422,15291,17692]},""ring"":{""age_s"":0.009165287017822266,""channels"":3,""force"":[0.27880332337237057,0.26032277417999605],""has_data"":true,""last_update_ts"":1784118759.3886518,""raw"":[15795,16375,15616]},""thumb"":{""age_s"":0.009165287017822266,""channels"":3,""force"":[0.0,-2.220446049250313e-16],""has_data"":true,""last_update_ts"":1784118759.3886518,""raw"":[0,0,0]}}","{""ble"":{""connection_state"":""connected"",""counter"":992831,""finger_order"":""DexterController.Visualizer"",""last_error"":null,""last_sample_age_s"":0.009190267999656498,""reconnect_count"":0,""sample_hz"":20.0,""sample_sequence"":452,""timestamp_us"":9724199008},""fingers"":{""index"":{""has_data"":true,""last_update_ts"":1784118759.3886518,""mapped"":true},""middle"":{""has_data"":true,""last_update_ts"":1784118759.3886518,""mapped"":true},""pinky"":{""has_data"":true,""last_update_ts"":1784118759.3886518,""mapped"":true},""ring"":{""has_data"":true,""last_update_ts"":1784118759.3886518,""mapped"":true},""thumb"":{""has_data"":true,""last_update_ts"":1784118759.3886518,""mapped"":true}},""ports"":{""available"":[""BLE:Dexter""],""unavailable"":[]}}"
1784118759.4479382,1784118759.4478161,454,ble,"{""index"":{""age_s"":0.009157657623291016,""channels"":3,""force"":[-0.40762968658581045,-0.7715323158000018],""has_data"":true,""last_update_ts"":1784118759.4386585,""raw"":[16968,16120,17934]},""middle"":{""age_s"":0.009157657623291016,""channels"":3,""force"":[-0.02403476925623771,-0.038854145400001094],""has_data"":true,""last_update_ts"":1784118759.4386585,""raw"":[15774,15724,15819]},""pinky"":{""age_s"":0.009157657623291016,""channels"":3,""force"":[-1.0209969980050246,-0.7365635849399998],""has_data"":true,""last_update_ts"":1784118759.4386585,""raw"":[17426,15302,17691]},""ring"":{""age_s"":0.009157657623291016,""channels"":3,""force"":[0.28601375414924135,0.26781607364999793],""has_data"":true,""last_update_ts"":1784118759.4386585,""raw"":[15804,16399,15619]},""thumb"":{""age_s"":0.009157657623291016,""channels"":3,""force"":[0.0,-2.220446049250313e-16],""has_data"":true,""last_update_ts"":1784118759.4386585,""raw"":[0,0,0]}}","{""ble"":{""connection_state"":""connected"",""counter"":992836,""finger_order"":""DexterController.Visualizer"",""last_error"":null,""last_sample_age_s"":0.009180990004097112,""reconnect_count"":0,""sample_hz"":20.0,""sample_sequence"":453,""timestamp_us"":9724245920},""fingers"":{""index"":{""has_data"":true,""last_update_ts"":1784118759.4386585,""mapped"":true},""middle"":{""has_data"":true,""last_update_ts"":1784118759.4386585,""mapped"":true},""pinky"":{""has_data"":true,""last_update_ts"":1784118759.4386585,""mapped"":true},""ring"":{""has_data"":true,""last_update_ts"":1784118759.4386585,""mapped"":true},""thumb"":{""has_data"":true,""last_update_ts"":1784118759.4386585,""mapped"":true}},""ports"":{""available"":[""BLE:Dexter""],""unavailable"":[]}}"
1784118759.497932,1784118759.4978185,455,ble,"{""index"":{""age_s"":0.009157657623291016,""channels"":3,""force"":[-0.3984964742684376,-0.7595985425700018],""has_data"":true,""last_update_ts"":1784118759.4886608,""raw"":[16972,16143,17926]},""middle"":{""age_s"":0.009157657623291016,""channels"":3,""force"":[-0.019708510790117373,-0.02747543139000186],""has_data"":true,""last_update_ts"":1784118759.4886608,""raw"":[15768,15727,15797]},""pinky"":{""age_s"":0.009157657623291016,""channels"":3,""force"":[-1.0243618657008966,-0.7468321805100011],""has_data"":true,""last_update_ts"":1784118759.4886608,""raw"":[17422,15291,17702]},""ring"":{""age_s"":0.009157657623291016,""channels"":3,""force"":[0.27351567413599653,0.25171935626999975],""has_data"":true,""last_update_ts"":1784118759.4886608,""raw"":[15801,16370,15632]},""thumb"":{""age_s"":0.009157657623291016,""channels"":3,""force"":[0.0,-2.220446049250313e-16],""has_data"":true,""last_update_ts"":1784118759.4886608,""raw"":[0,0,0]}}","{""ble"":{""connection_state"":""connected"",""counter"":992841,""finger_order"":""DexterController.Visualizer"",""last_error"":null,""last_sample_age_s"":0.009181300003547221,""reconnect_count"":0,""sample_hz"":20.0,""sample_sequence"":454,""timestamp_us"":9724292960},""fingers"":{""index"":{""has_data"":true,""last_update_ts"":1784118759.4886608,""mapped"":true},""middle"":{""has_data"":true,""last_update_ts"":1784118759.4886608,""mapped"":true},""pinky"":{""has_data"":true,""last_update_ts"":1784118759.4886608,""mapped"":true},""ring"":{""has_data"":true,""last_update_ts"":1784118759.4886608,""mapped"":true},""thumb"":{""has_data"":true,""last_update_ts"":1784118759.4886608,""mapped"":true}},""ports"":{""available"":[""BLE:Dexter""],""unavailable"":[]}}"
1784118759.547917,1784118759.5478065,456,ble,"{""index"":{""age_s"":0.009145736694335938,""channels"":3,""force"":[-0.39849647426844115,-0.7607086610099998],""has_data"":true,""last_update_ts"":1784118759.5386608,""raw"":[16969,16140,17925]},""middle"":{""age_s"":0.009145736694335938,""channels"":3,""force"":[-0.021150596945492595,-0.03219343476000169],""has_data"":true,""last_update_ts"":1784118759.5386608,""raw"":[15772,15728,15808]},""pinky"":{""age_s"":0.009145736694335938,""channels"":3,""force"":[-1.0248425610860217,-0.746554650900003],""has_data"":true,""last_update_ts"":1784118759.5386608,""raw"":[17422,15290,17701]},""ring"":{""age_s"":0.009145736694335938,""channels"":3,""force"":[0.2711121972103765,0.24922158977999853],""has_data"":true,""last_update_ts"":1784118759.5386608,""raw"":[15800,16364,15633]},""thumb"":{""age_s"":0.009145736694335938,""channels"":3,""force"":[0.0,-2.220446049250313e-16],""has_data"":true,""last_update_ts"":1784118759.5386608,""raw"":[0,0,0]}}","{""ble"":{""connection_state"":""connected"",""counter"":992847,""finger_order"":""DexterController.Visualizer"",""last_error"":null,""last_sample_age_s"":0.009169647004455328,""reconnect_count"":0,""sample_hz"":20.0,""sample_sequence"":455,""timestamp_us"":9724349600},""fingers"":{""index"":{""has_data"":true,""last_update_ts"":1784118759.5386608,""mapped"":true},""middle"":{""has_data"":true,""last_update_ts"":1784118759.5386608,""mapped"":true},""pinky"":{""has_data"":true,""last_update_ts"":1784118759.5386608,""mapped"":true},""ring"":{""has_data"":true,""last_update_ts"":1784118759.5386608,""mapped"":true},""thumb"":{""has_data"":true,""last_update_ts"":1784118759.5386608,""mapped"":true}},""ports"":{""available"":[""BLE:Dexter""],""unavailable"":[]}}"
1784118759.5979254,1784118759.5978181,457,ble,"{""index"":{""age_s"":0.009158134460449219,""channels"":3,""force"":[-0.40234203734943463,-0.7618187794500013],""has_data"":true,""last_update_ts"":1784118759.58866,""raw"":[16971,16134,17925]},""middle"":{""age_s"":0.009158134460449219,""channels"":3,""force"":[-0.019708510790115596,-0.029140609050003263],""has_data"":true,""last_update_ts"":1784118759.58866,""raw"":[15773,15732,15805]},""pinky"":{""age_s"":0.009158134460449219,""channels"":3,""force"":[-1.021958388775273,-0.7471097101200002],""has_data"":true,""last_update_ts"":1784118759.58866,""raw"":[17416,15290,17699]},""ring"":{""age_s"":0.009158134460449219,""channels"":3,""force"":[0.2739963695211234,0.2514418266599989],""has_data"":true,""last_update_ts"":1784118759.58866,""raw"":[15800,16370,15632]},""thumb"":{""age_s"":0.009158134460449219,""channels"":3,""force"":[0.0,-2.220446049250313e-16],""has_data"":true,""last_update_ts"":1784118759.58866,""raw"":[0,0,0]}}","{""ble"":{""connection_state"":""connected"",""counter"":992852,""finger_order"":""DexterController.Visualizer"",""last_error"":null,""last_sample_age_s"":0.009182641995721497,""reconnect_count"":0,""sample_hz"":20.0,""sample_sequence"":456,""timestamp_us"":9724396448},""fingers"":{""index"":{""has_data"":true,""last_update_ts"":1784118759.58866,""mapped"":true},""middle"":{""has_data"":true,""last_update_ts"":1784118759.58866,""mapped"":true},""pinky"":{""has_data"":true,""last_update_ts"":1784118759.58866,""mapped"":true},""ring"":{""has_data"":true,""last_update_ts"":1784118759.58866,""mapped"":true},""thumb"":{""has_data"":true,""last_update_ts"":1784118759.58866,""mapped"":true}},""ports"":{""available"":[""BLE:Dexter""],""unavailable"":[]}}"
1784118759.6479561,1784118759.6478293,458,ble,"{""index"":{""age_s"":0.009169816970825195,""channels"":3,""force"":[-0.39320882503206533,-0.7493299470000014],""has_data"":true,""last_update_ts"":1784118759.6386595,""raw"":[16959,16141,17900]},""middle"":{""age_s"":0.009169816970825195,""channels"":3,""force"":[-0.021150596945489042,-0.0072157698600019415],""has_data"":true,""last_update_ts"":1784118759.6386595,""raw"":[15747,15703,15738]},""pinky"":{""age_s"":0.009169816970825195,""channels"":3,""force"":[-0.4537764435577909,-0.4623643302600007],""has_data"":true,""last_update_ts"":1784118759.6386595,""raw"":[17257,16313,17618]},""ring"":{""age_s"":0.009169816970825195,""channels"":3,""force"":[0.29658905262198765,0.36051096338999855],""has_data"":true,""last_update_ts"":1784118759.6386595,""raw"":[15777,16394,15436]},""thumb"":{""age_s"":0.009169816970825195,""channels"":3,""force"":[0.0,-2.220446049250313e-16],""has_data"":true,""last_update_ts"":1784118759.6386595,""raw"":[0,0,0]}}","{""ble"":{""connection_state"":""connected"",""counter"":992857,""finger_order"":""DexterController.Visualizer"",""last_error"":null,""last_sample_age_s"":0.009197152001434006,""reconnect_count"":0,""sample_hz"":20.0,""sample_sequence"":457,""timestamp_us"":9724443360},""fingers"":{""index"":{""has_data"":true,""last_update_ts"":1784118759.6386595,""mapped"":true},""middle"":{""has_data"":true,""last_update_ts"":1784118759.6386595,""mapped"":true},""pinky"":{""has_data"":true,""last_update_ts"":1784118759.6386595,""mapped"":true},""ring"":{""has_data"":true,""last_update_ts"":1784118759.6386595,""mapped"":true},""thumb"":{""has_data"":true,""last_update_ts"":1784118759.6386595,""mapped"":true}},""ports"":{""available"":[""BLE:Dexter""],""unavailable"":[]}}"
1784118759.6979797,1784118759.6978297,459,ble,"{""index"":{""age_s"":0.009169340133666992,""channels"":3,""force"":[-0.4066682958155621,-0.774307611900003],""has_data"":true,""last_update_ts"":1784118759.6886604,""raw"":[16970,16124,17942]},""middle"":{""age_s"":0.009169340133666992,""channels"":3,""force"":[-0.029322418492611746,-0.037466497350001404],""has_data"":true,""last_update_ts"":1784118759.6886604,""raw"":[15782,15721,15819]},""pinky"":{""age_s"":0.009169340133666992,""channels"":3,""force"":[-1.0209969980050246,-0.73989394026],""has_data"":true,""last_update_ts"":1784118759.6886604,""raw"":[17421,15297,17692]},""ring"":{""age_s"":0.009169340133666992,""channels"":3,""force"":[0.29418557569636405,0.2636531294999971],""has_data"":true,""last_update_ts"":1784118759.6886604,""raw"":[15791,16403,15622]},""thumb"":{""age_s"":0.009169340133666992,""channels"":3,""force"":[0.0,-2.220446049250313e-16],""has_data"":true,""last_update_ts"":1784118759.6886604,""raw"":[0,0,0]}}","{""ble"":{""connection_state"":""connected"",""counter"":992863,""finger_order"":""DexterController.Visualizer"",""last_error"":null,""last_sample_age_s"":0.009198143990943208,""reconnect_count"":0,""sample_hz"":20.0,""sample_sequence"":458,""timestamp_us"":9724499904},""fingers"":{""index"":{""has_data"":true,""last_update_ts"":1784118759.6886604,""mapped"":true},""middle"":{""has_data"":true,""last_update_ts"":1784118759.6886604,""mapped"":true},""pinky"":{""has_data"":true,""last_update_ts"":1784118759.6886604,""mapped"":true},""ring"":{""has_data"":true,""last_update_ts"":1784118759.6886604,""mapped"":true},""thumb"":{""has_data"":true,""last_update_ts"":1784118759.6886604,""mapped"":true}},""ports"":{""available"":[""BLE:Dexter""],""unavailable"":[]}}"
1784118759.7479706,1784118759.7478297,460,ble,"{""index"":{""age_s"":0.009171485900878906,""channels"":3,""force"":[-0.3999385604238146,-0.7598760721800017],""has_data"":true,""last_update_ts"":1784118759.7386582,""raw"":[16968,16136,17921]},""middle"":{""age_s"":0.009171485900878906,""channels"":3,""force"":[-0.017785729249617077,-0.03302602359000062],""has_data"":true,""last_update_ts"":1784118759.7386582,""raw"":[15766,15729,15807]},""pinky"":{""age_s"":0.009171485900878906,""channels"":3,""force"":[-1.0214776933901462,-0.7484973581700016],""has_data"":true,""last_update_ts"":1784118759.7386582,""raw"":[17418,15293,17704]},""ring"":{""age_s"":0.009171485900878906,""channels"":3,""force"":[0.27543845567649505,0.25393959314999925],""has_data"":true,""last_update_ts"":1784118759.7386582,""raw"":[15797,16370,15626]},""thumb"":{""age_s"":0.009171485900878906,""channels"":3,""force"":[0.0,-2.220446049250313e-16],""has_data"":true,""last_update_ts"":1784118759.7386582,""raw"":[0,0,0]}}","{""ble"":{""connection_state"":""connected"",""counter"":992868,""finger_order"":""DexterController.Visualizer"",""last_error"":null,""last_sample_age_s"":0.00920000699989032,""reconnect_count"":0,""sample_hz"":20.0,""sample_sequence"":459,""timestamp_us"":9724546848},""fingers"":{""index"":{""has_data"":true,""last_update_ts"":1784118759.7386582,""mapped"":true},""middle"":{""has_data"":true,""last_update_ts"":1784118759.7386582,""mapped"":true},""pinky"":{""has_data"":true,""last_update_ts"":1784118759.7386582,""mapped"":true},""ring"":{""has_data"":true,""last_update_ts"":1784118759.7386582,""mapped"":true},""thumb"":{""has_data"":true,""last_update_ts"":1784118759.7386582,""mapped"":true}},""ports"":{""available"":[""BLE:Dexter""],""unavailable"":[]}}"
1784118759.797961,1784118759.797832,461,ble,"{""index"":{""age_s"":0.009171247482299805,""channels"":3,""force"":[-0.4008999511940594,-0.7609861906200015],""has_data"":true,""last_update_ts"":1784118759.7886608,""raw"":[16972,16138,17926]},""middle"":{""age_s"":0.009171247482299805,""channels"":3,""force"":[-0.017785729249617077,-0.033581082810000495],""has_data"":true,""last_update_ts"":1784118759.7886608,""raw"":[15765,15728,15807]},""pinky"":{""age_s"":0.009171247482299805,""channels"":3,""force"":[-1.0234004749306465,-0.7446119436300007],""has_data"":true,""last_update_ts"":1784118759.7886608,""raw"":[17419,15290,17696]},""ring"":{""age_s"":0.009171247482299805,""channels"":3,""force"":[0.2768805418318703,0.2525519450999987],""has_data"":true,""last_update_ts"":1784118759.7886608,""raw"":[15798,16374,15631]},""thumb"":{""age_s"":0.009171247482299805,""channels"":3,""force"":[0.0,-2.220446049250313e-16],""has_data"":true,""last_update_ts"":1784118759.7886608,""raw"":[0,0,0]}}","{""ble"":{""connection_state"":""connected"",""counter"":992873,""finger_order"":""DexterController.Visualizer"",""last_error"":null,""last_sample_age_s"":0.009201239998219535,""reconnect_count"":0,""sample_hz"":20.0,""sample_sequence"":460,""timestamp_us"":9724593824},""fingers"":{""index"":{""has_data"":true,""last_update_ts"":1784118759.7886608,""mapped"":true},""middle"":{""has_data"":true,""last_update_ts"":1784118759.7886608,""mapped"":true},""pinky"":{""has_data"":true,""last_update_ts"":1784118759.7886608,""mapped"":true},""ring"":{""has_data"":true,""last_update_ts"":1784118759.7886608,""mapped"":true},""thumb"":{""has_data"":true,""last_update_ts"":1784118759.7886608,""mapped"":true}},""ports"":{""available"":[""BLE:Dexter""],""unavailable"":[]}}"
1784118759.847959,1784118759.847831,462,ble,"{""index"":{""age_s"":0.009172916412353516,""channels"":3,""force"":[-0.40282273273456326,-0.774862671120002],""has_data"":true,""last_update_ts"":1784118759.838658,""raw"":[16965,16127,17942]},""middle"":{""age_s"":0.009172916412353516,""channels"":3,""force"":[-0.023073378485989338,-0.035523790080002726],""has_data"":true,""last_update_ts"":1784118759.838658,""raw"":[15773,15725,15813]},""pinky"":{""age_s"":0.009172916412353516,""channels"":3,""force"":[-1.0181128256942724,-0.7382287626000021],""has_data"":true,""last_update_ts"":1784118759.838658,""raw"":[17415,15297,17686]},""ring"":{""age_s"":0.009172916412353516,""channels"":3,""force"":[0.2879365356897434,0.2667059552099982],""has_data"":true,""last_update_ts"":1784118759.838658,""raw"":[15795,16394,15614]},""thumb"":{""age_s"":0.009172916412353516,""channels"":3,""force"":[0.0,-2.220446049250313e-16],""has_data"":true,""last_update_ts"":1784118759.838658,""raw"":[0,0,0]}}","{""ble"":{""connection_state"":""connected"",""counter"":992879,""finger_order"":""DexterController.Visualizer"",""last_error"":null,""last_sample_age_s"":0.009200378000969067,""reconnect_count"":0,""sample_hz"":20.0,""sample_sequence"":461,""timestamp_us"":9724650400},""fingers"":{""index"":{""has_data"":true,""last_update_ts"":1784118759.838658,""mapped"":true},""middle"":{""has_data"":true,""last_update_ts"":1784118759.838658,""mapped"":true},""pinky"":{""has_data"":true,""last_update_ts"":1784118759.838658,""mapped"":true},""ring"":{""has_data"":true,""last_update_ts"":1784118759.838658,""mapped"":true},""thumb"":{""has_data"":true,""last_update_ts"":1784118759.838658,""mapped"":true}},""ports"":{""available"":[""BLE:Dexter""],""unavailable"":[]}}"
1784118759.8979416,1784118759.89782,463,ble,"{""index"":{""age_s"":0.009171485900878906,""channels"":3,""force"":[-0.40138064657918804,-0.7562681872500017],""has_data"":true,""last_update_ts"":1784118759.8886485,""raw"":[16975,16140,17920]},""middle"":{""age_s"":0.009171485900878906,""channels"":3,""force"":[-0.024515464641361007,-0.030805786710002003],""has_data"":true,""last_update_ts"":1784118759.8886485,""raw"":[15774,15723,15804]},""pinky"":{""age_s"":0.009171485900878906,""channels"":3,""force"":[-1.0272460380116453,-0.7457220620700014],""has_data"":true,""last_update_ts"":1784118759.8886485,""raw"":[17427,15290,17702]},""ring"":{""age_s"":0.009171485900878906,""channels"":3,""force"":[0.27495776029137176,0.25588230041999793],""has_data"":true,""last_update_ts"":1784118759.8886485,""raw"":[15800,16372,15625]},""thumb"":{""age_s"":0.009171485900878906,""channels"":3,""force"":[0.0,-2.220446049250313e-16],""has_data"":true,""last_update_ts"":1784118759.8886485,""raw"":[0,0,0]}}","{""ble"":{""connection_state"":""connected"",""counter"":992884,""finger_order"":""DexterController.Visualizer"",""last_error"":null,""last_sample_age_s"":0.009195737991831265,""reconnect_count"":0,""sample_hz"":20.0,""sample_sequence"":462,""timestamp_us"":9724697472},""fingers"":{""index"":{""has_data"":true,""last_update_ts"":1784118759.8886485,""mapped"":true},""middle"":{""has_data"":true,""last_update_ts"":1784118759.8886485,""mapped"":true},""pinky"":{""has_data"":true,""last_update_ts"":1784118759.8886485,""mapped"":true},""ring"":{""has_data"":true,""last_update_ts"":1784118759.8886485,""mapped"":true},""thumb"":{""has_data"":true,""last_update_ts"":1784118759.8886485,""mapped"":true}},""ports"":{""available"":[""BLE:Dexter""],""unavailable"":[]}}"
1784118759.9480293,1784118759.9478278,464,ble,"{""index"":{""age_s"":0.009180307388305664,""channels"":3,""force"":[-0.396092997342814,-0.7482198285600008],""has_data"":true,""last_update_ts"":1784118759.9386475,""raw"":[16964,16140,17900]},""middle"":{""age_s"":0.009180307388305664,""channels"":3,""force"":[-0.02355407387111441,-0.008048358690000867],""has_data"":true,""last_update_ts"":1784118759.9386475,""raw"":[15751,15702,15741]},""pinky"":{""age_s"":0.009180307388305664,""channels"":3,""force"":[-0.39032465272131844,-0.44127207990000183],""has_data"":true,""last_update_ts"":1784118759.9386475,""raw"":[17227,16415,17616]},""ring"":{""age_s"":0.009180307388305664,""channels"":3,""force"":[0.2913014033856136,0.3741099142799982],""has_data"":true,""last_update_ts"":1784118759.9386475,""raw"":[15782,16388,15411]},""thumb"":{""age_s"":0.009180307388305664,""channels"":3,""force"":[0.0,-2.220446049250313e-16],""has_data"":true,""last_update_ts"":1784118759.9386475,""raw"":[0,0,0]}}","{""ble"":{""connection_state"":""connected"",""counter"":992889,""finger_order"":""DexterController.Visualizer"",""last_error"":null,""last_sample_age_s"":0.009203234003507532,""reconnect_count"":0,""sample_hz"":20.0,""sample_sequence"":463,""timestamp_us"":9724744416},""fingers"":{""index"":{""has_data"":true,""last_update_ts"":1784118759.9386475,""mapped"":true},""middle"":{""has_data"":true,""last_update_ts"":1784118759.9386475,""mapped"":true},""pinky"":{""has_data"":true,""last_update_ts"":1784118759.9386475,""mapped"":true},""ring"":{""has_data"":true,""last_update_ts"":1784118759.9386475,""mapped"":true},""thumb"":{""has_data"":true,""last_update_ts"":1784118759.9386475,""mapped"":true}},""ports"":{""available"":[""BLE:Dexter""],""unavailable"":[]}}"
1784118759.9979439,1784118759.9978175,465,ble,"{""index"":{""age_s"":0.009170055389404297,""channels"":3,""force"":[-0.3956123019576907,-0.7590434833500037],""has_data"":true,""last_update_ts"":1784118759.9886475,""raw"":[16963,16140,17919]},""middle"":{""age_s"":0.009170055389404297,""channels"":3,""force"":[-0.017305033864490227,-0.03108331632000194],""has_data"":true,""last_update_ts"":1784118759.9886475,""raw"":[15770,15734,15808]},""pinky"":{""age_s"":0.009170055389404297,""channels"":3,""force"":[-1.0166707395389043,-0.7457220620699996],""has_data"":true,""last_update_ts"":1784118759.9886475,""raw"":[17417,15302,17703]},""ring"":{""age_s"":0.009170055389404297,""channels"":3,""force"":[0.2768805418318703,0.25366206353999665],""has_data"":true,""last_update_ts"":1784118759.9886475,""raw"":[15796,16372,15627]},""thumb"":{""age_s"":0.009170055389404297,""channels"":3,""force"":[0.0,-2.220446049250313e-16],""has_data"":true,""last_update_ts"":1784118759.9886475,""raw"":[0,0,0]}}","{""ble"":{""connection_state"":""connected"",""counter"":992895,""finger_order"":""DexterController.Visualizer"",""last_error"":null,""last_sample_age_s"":0.00919419499405194,""reconnect_count"":0,""sample_hz"":20.0,""sample_sequence"":464,""timestamp_us"":9724800736},""fingers"":{""index"":{""has_data"":true,""last_update_ts"":1784118759.9886475,""mapped"":true},""middle"":{""has_data"":true,""last_update_ts"":1784118759.9886475,""mapped"":true},""pinky"":{""has_data"":true,""last_update_ts"":1784118759.9886475,""mapped"":true},""ring"":{""has_data"":true,""last_update_ts"":1784118759.9886475,""mapped"":true},""thumb"":{""has_data"":true,""last_update_ts"":1784118759.9886475,""mapped"":true}},""ports"":{""available"":[""BLE:Dexter""],""unavailable"":[]}}"
1784118760.0479565,1784118760.0478208,466,ble,"{""index"":{""age_s"":0.009179115295410156,""channels"":3,""force"":[-0.4047455142750618,-0.7731974934600023],""has_data"":true,""last_update_ts"":1784118760.0386417,""raw"":[16962,16120,17934]},""middle"":{""age_s"":0.009179115295410156,""channels"":3,""force"":[-0.022592683100862487,-0.039131675009999256],""has_data"":true,""last_update_ts"":1784118760.0386417,""raw"":[15777,15730,15824]},""pinky"":{""age_s"":0.009179115295410156,""channels"":3,""force"":[-1.0171514349240223,-0.7337882888400031],""has_data"":true,""last_update_ts"":1784118760.0386417,""raw"":[17415,15299,17679]},""ring"":{""age_s"":0.009179115295410156,""channels"":3,""force"":[0.2908207080004903,0.2711464289699981],""has_data"":true,""last_update_ts"":1784118760.0386417,""raw"":[15799,16404,15613]},""thumb"":{""age_s"":0.009179115295410156,""channels"":3,""force"":[0.0,-2.220446049250313e-16],""has_data"":true,""last_update_ts"":1784118760.0386417,""raw"":[0,0,0]}}","{""ble"":{""connection_state"":""connected"",""counter"":992900,""finger_order"":""DexterController.Visualizer"",""last_error"":null,""last_sample_age_s"":0.009206749993609264,""reconnect_count"":0,""sample_hz"":20.0,""sample_sequence"":465,""timestamp_us"":9724847840},""fingers"":{""index"":{""has_data"":true,""last_update_ts"":1784118760.0386417,""mapped"":true},""middle"":{""has_data"":true,""last_update_ts"":1784118760.0386417,""mapped"":true},""pinky"":{""has_data"":true,""last_update_ts"":1784118760.0386417,""mapped"":true},""ring"":{""has_data"":true,""last_update_ts"":1784118760.0386417,""mapped"":true},""thumb"":{""has_data"":true,""last_update_ts"":1784118760.0386417,""mapped"":true}},""ports"":{""available"":[""BLE:Dexter""],""unavailable"":[]}}"
1784118760.0979643,1784118760.0978239,467,ble,"{""index"":{""age_s"":0.009174823760986328,""channels"":3,""force"":[-0.40041925580893967,-0.7634839571100027],""has_data"":true,""last_update_ts"":1784118760.088649,""raw"":[16965,16132,17924]},""middle"":{""age_s"":0.009174823760986328,""channels"":3,""force"":[-0.02307337848598756,-0.03163837554000093],""has_data"":true,""last_update_ts"":1784118760.088649,""raw"":[15774,15726,15807]},""pinky"":{""age_s"":0.009174823760986328,""channels"":3,""force"":[-1.0190742164645243,-0.74766476934],""has_data"":true,""last_update_ts"":1784118760.088649,""raw"":[17412,15292,17699]},""ring"":{""age_s"":0.009174823760986328,""channels"":3,""force"":[0.2768805418318703,0.25366206353999665],""has_data"":true,""last_update_ts"":1784118760.088649,""raw"":[15795,16371,15626]},""thumb"":{""age_s"":0.009174823760986328,""channels"":3,""force"":[0.0,-2.220446049250313e-16],""has_data"":true,""last_update_ts"":1784118760.088649,""raw"":[0,0,0]}}","{""ble"":{""connection_state"":""connected"",""counter"":992905,""finger_order"":""DexterController.Visualizer"",""last_error"":null,""last_sample_age_s"":0.009203383990097791,""reconnect_count"":0,""sample_hz"":20.0,""sample_sequence"":466,""timestamp_us"":9724894912},""fingers"":{""index"":{""has_data"":true,""last_update_ts"":1784118760.088649,""mapped"":true},""middle"":{""has_data"":true,""last_update_ts"":1784118760.088649,""mapped"":true},""pinky"":{""has_data"":true,""last_update_ts"":1784118760.088649,""mapped"":true},""ring"":{""has_data"":true,""last_update_ts"":1784118760.088649,""mapped"":true},""thumb"":{""has_data"":true,""last_update_ts"":1784118760.088649,""mapped"":true}},""ports"":{""available"":[""BLE:Dexter""],""unavailable"":[]}}"
1784118760.1479573,1784118760.14782,468,ble,"{""index"":{""age_s"":0.00915980339050293,""channels"":3,""force"":[-0.40234203734943463,-0.7612637202300014],""has_data"":true,""last_update_ts"":1784118760.1386602,""raw"":[16975,16138,17928]},""middle"":{""age_s"":0.00915980339050293,""channels"":3,""force"":[-0.023073378485989338,-0.032748493980003346],""has_data"":true,""last_update_ts"":1784118760.1386602,""raw"":[15769,15721,15804]},""pinky"":{""age_s"":0.00915980339050293,""channels"":3,""force"":[-1.020516302619896,-0.7512726542700019],""has_data"":true,""last_update_ts"":1784118760.1386602,""raw"":[17415,15292,17707]},""ring"":{""age_s"":0.00915980339050293,""channels"":3,""force"":[0.27784193260211687,0.2475564121199989],""has_data"":true,""last_update_ts"":1784118760.1386602,""raw"":[15789,16367,15632]},""thumb"":{""age_s"":0.00915980339050293,""channels"":3,""force"":[0.0,-2.220446049250313e-16],""has_data"":true,""last_update_ts"":1784118760.1386602,""raw"":[0,0,0]}}","{""ble"":{""connection_state"":""connected"",""counter"":992910,""finger_order"":""DexterController.Visualizer"",""last_error"":null,""last_sample_age_s"":0.00918929600447882,""reconnect_count"":0,""sample_hz"":20.0,""sample_sequence"":467,""timestamp_us"":9724941952},""fingers"":{""index"":{""has_data"":true,""last_update_ts"":1784118760.1386602,""mapped"":true},""middle"":{""has_data"":true,""last_update_ts"":1784118760.1386602,""mapped"":true},""pinky"":{""has_data"":true,""last_update_ts"":1784118760.1386602,""mapped"":true},""ring"":{""has_data"":true,""last_update_ts"":1784118760.1386602,""mapped"":true},""thumb"":{""has_data"":true,""last_update_ts"":1784118760.1386602,""mapped"":true}},""ports"":{""available"":[""BLE:Dexter""],""unavailable"":[]}}"
1784118760.1980526,1784118760.1978385,469,ble,"{""index"":{""age_s"":0.009149789810180664,""channels"":3,""force"":[-0.40811038197093374,-0.7712547861900028],""has_data"":true,""last_update_ts"":1784118760.1886888,""raw"":[16962,16113,17927]},""middle"":{""age_s"":0.009149789810180664,""channels"":3,""force"":[-0.01634364309424363,-0.03274849398000246],""has_data"":true,""last_update_ts"":1784118760.1886888,""raw"":[15781,15747,15823]},""pinky"":{""age_s"":0.009149789810180664,""channels"":3,""force"":[-1.021958388775273,-0.719356749120001],""has_data"":true,""last_update_ts"":1784118760.1886888,""raw"":[17430,15304,17663]},""ring"":{""age_s"":0.009149789810180664,""channels"":3,""force"":[0.2797647141426225,0.2808599653199977],""has_data"":true,""last_update_ts"":1784118760.1886888,""raw"":[15803,16385,15588]},""thumb"":{""age_s"":0.009149789810180664,""channels"":3,""force"":[0.0,-2.220446049250313e-16],""has_data"":true,""last_update_ts"":1784118760.1886888,""raw"":[0,0,0]}}","{""ble"":{""connection_state"":""connected"",""counter"":992916,""finger_order"":""DexterController.Visualizer"",""last_error"":null,""last_sample_age_s"":0.009186110008158721,""reconnect_count"":0,""sample_hz"":20.0,""sample_sequence"":468,""timestamp_us"":9724998400},""fingers"":{""index"":{""has_data"":true,""last_update_ts"":1784118760.1886888,""mapped"":true},""middle"":{""has_data"":true,""last_update_ts"":1784118760.1886888,""mapped"":true},""pinky"":{""has_data"":true,""last_update_ts"":1784118760.1886888,""mapped"":true},""ring"":{""has_data"":true,""last_update_ts"":1784118760.1886888,""mapped"":true},""thumb"":{""has_data"":true,""last_update_ts"":1784118760.1886888,""mapped"":true}},""ports"":{""available"":[""BLE:Dexter""],""unavailable"":[]}}"
1784118760.2479627,1784118760.2478235,470,ble,"{""index"":{""age_s"":0.009175300598144531,""channels"":3,""force"":[-0.40138064657918626,-0.7618187794500004],""has_data"":true,""last_update_ts"":1784118760.2386482,""raw"":[16973,16138,17928]},""middle"":{""age_s"":0.009175300598144531,""channels"":3,""force"":[-0.01826642463474215,-0.034413671640002086],""has_data"":true,""last_update_ts"":1784118760.2386482,""raw"":[15767,15729,15810]},""pinky"":{""age_s"":0.009175300598144531,""channels"":3,""force"":[-1.0190742164645243,-0.7487748877800007],""has_data"":true,""last_update_ts"":1784118760.2386482,""raw"":[17413,15293,17702]},""ring"":{""age_s"":0.009175300598144531,""channels"":3,""force"":[0.2739963695211216,0.25532724119999806],""has_data"":true,""last_update_ts"":1784118760.2386482,""raw"":[15796,16366,15621]},""thumb"":{""age_s"":0.009175300598144531,""channels"":3,""force"":[0.0,-2.220446049250313e-16],""has_data"":true,""last_update_ts"":1784118760.2386482,""raw"":[0,0,0]}}","{""ble"":{""connection_state"":""connected"",""counter"":992921,""finger_order"":""DexterController.Visualizer"",""last_error"":null,""last_sample_age_s"":0.009202332003042102,""reconnect_count"":0,""sample_hz"":20.0,""sample_sequence"":469,""timestamp_us"":9725045440},""fingers"":{""index"":{""has_data"":true,""last_update_ts"":1784118760.2386482,""mapped"":true},""middle"":{""has_data"":true,""last_update_ts"":1784118760.2386482,""mapped"":true},""pinky"":{""has_data"":true,""last_update_ts"":1784118760.2386482,""mapped"":true},""ring"":{""has_data"":true,""last_update_ts"":1784118760.2386482,""mapped"":true},""thumb"":{""has_data"":true,""last_update_ts"":1784118760.2386482,""mapped"":true}},""ports"":{""available"":[""BLE:Dexter""],""unavailable"":[]}}"
1784118760.298075,1784118760.2978446,471,ble,"{""index"":{""age_s"":0.009169340133666992,""channels"":3,""force"":[-0.40138064657918804,-0.7590434833500028],""has_data"":true,""last_update_ts"":1784118760.2886753,""raw"":[16971,16136,17921]},""middle"":{""age_s"":0.009169340133666992,""channels"":3,""force"":[-0.02451546464136456,-0.03191590514999998],""has_data"":true,""last_update_ts"":1784118760.2886753,""raw"":[15775,15724,15807]},""pinky"":{""age_s"":0.009169340133666992,""channels"":3,""force"":[-1.0291688195521473,-0.7479422989500009],""has_data"":true,""last_update_ts"":1784118760.2886753,""raw"":[17425,15284,17702]},""ring"":{""age_s"":0.009169340133666992,""channels"":3,""force"":[0.26967011105500127,0.2528294747099986],""has_data"":true,""last_update_ts"":1784118760.2886753,""raw"":[15807,16368,15632]},""thumb"":{""age_s"":0.009169340133666992,""channels"":3,""force"":[0.0,-2.220446049250313e-16],""has_data"":true,""last_update_ts"":1784118760.2886753,""raw"":[0,0,0]}}","{""ble"":{""connection_state"":""connected"",""counter"":992926,""finger_order"":""DexterController.Visualizer"",""last_error"":null,""last_sample_age_s"":0.009211600001435727,""reconnect_count"":0,""sample_hz"":20.0,""sample_sequence"":470,""timestamp_us"":9725092480},""fingers"":{""index"":{""has_data"":true,""last_update_ts"":1784118760.2886753,""mapped"":true},""middle"":{""has_data"":true,""last_update_ts"":1784118760.2886753,""mapped"":true},""pinky"":{""has_data"":true,""last_update_ts"":1784118760.2886753,""mapped"":true},""ring"":{""has_data"":true,""last_update_ts"":1784118760.2886753,""mapped"":true},""thumb"":{""has_data"":true,""last_update_ts"":1784118760.2886753,""mapped"":true}},""ports"":{""available"":[""BLE:Dexter""],""unavailable"":[]}}"
1784118760.3479652,1784118760.3478236,472,ble,"{""index"":{""age_s"":0.009182214736938477,""channels"":3,""force"":[-0.3980157788833125,-0.7587659537400029],""has_data"":true,""last_update_ts"":1784118760.3386414,""raw"":[16971,16143,17924]},""middle"":{""age_s"":0.009182214736938477,""channels"":3,""force"":[-0.021150596945489042,-0.028308020220001673],""has_data"":true,""last_update_ts"":1784118760.3386414,""raw"":[15769,15725,15798]},""pinky"":{""age_s"":0.009182214736938477,""channels"":3,""force"":[-1.026765342626522,-0.7371186441600006],""has_data"":true,""last_update_ts"":1784118760.3386414,""raw"":[17429,15293,17689]},""ring"":{""age_s"":0.009182214736938477,""channels"":3,""force"":[0.27784193260211687,0.2569924188599968],""has_data"":true,""last_update_ts"":1784118760.3386414,""raw"":[15801,16379,15627]},""thumb"":{""age_s"":0.009182214736938477,""channels"":3,""force"":[0.0,-2.220446049250313e-16],""has_data"":true,""last_update_ts"":1784118760.3386414,""raw"":[0,0,0]}}","{""ble"":{""connection_state"":""connected"",""counter"":992932,""finger_order"":""DexterController.Visualizer"",""last_error"":null,""last_sample_age_s"":0.009210077987518162,""reconnect_count"":0,""sample_hz"":20.0,""sample_sequence"":471,""timestamp_us"":9725148928},""fingers"":{""index"":{""has_data"":true,""last_update_ts"":1784118760.3386414,""mapped"":true},""middle"":{""has_data"":true,""last_update_ts"":1784118760.3386414,""mapped"":true},""pinky"":{""has_data"":true,""last_update_ts"":1784118760.3386414,""mapped"":true},""ring"":{""has_data"":true,""last_update_ts"":1784118760.3386414,""mapped"":true},""thumb"":{""has_data"":true,""last_update_ts"":1784118760.3386414,""mapped"":true}},""ports"":{""available"":[""BLE:Dexter""],""unavailable"":[]}}"
1784118760.3979812,1784118760.3978329,473,ble,"{""index"":{""age_s"":0.009186983108520508,""channels"":3,""force"":[-0.41676289890317797,-0.7734750230700005],""has_data"":true,""last_update_ts"":1784118760.388646,""raw"":[16972,16105,17932]},""middle"":{""age_s"":0.009186983108520508,""channels"":3,""force"":[-0.010094603087619447,-0.040241793450000785],""has_data"":true,""last_update_ts"":1784118760.388646,""raw"":[15773,15752,15835]},""pinky"":{""age_s"":0.009186983108520508,""channels"":3,""force"":[-1.0190742164645243,-0.7354534665000045],""has_data"":true,""last_update_ts"":1784118760.388646,""raw"":[17423,15303,17688]},""ring"":{""age_s"":0.009186983108520508,""channels"":3,""force"":[0.27928401875749564,0.26892619208999946],""has_data"":true,""last_update_ts"":1784118760.388646,""raw"":[15796,16377,15602]},""thumb"":{""age_s"":0.009186983108520508,""channels"":3,""force"":[0.0,-2.220446049250313e-16],""has_data"":true,""last_update_ts"":1784118760.388646,""raw"":[0,0,0]}}","{""ble"":{""connection_state"":""connected"",""counter"":992937,""finger_order"":""DexterController.Visualizer"",""last_error"":null,""last_sample_age_s"":0.00921562800067477,""reconnect_count"":0,""sample_hz"":20.0,""sample_sequence"":472,""timestamp_us"":9725195904},""fingers"":{""index"":{""has_data"":true,""last_update_ts"":1784118760.388646,""mapped"":true},""middle"":{""has_data"":true,""last_update_ts"":1784118760.388646,""mapped"":true},""pinky"":{""has_data"":true,""last_update_ts"":1784118760.388646,""mapped"":true},""ring"":{""has_data"":true,""last_update_ts"":1784118760.388646,""mapped"":true},""thumb"":{""has_data"":true,""last_update_ts"":1784118760.388646,""mapped"":true}},""ports"":{""available"":[""BLE:Dexter""],""unavailable"":[]}}"
1784118760.4479554,1784118760.44782,474,ble,"{""index"":{""age_s"":0.009165048599243164,""channels"":3,""force"":[-0.4023420373494382,-0.7618187794500013],""has_data"":true,""last_update_ts"":1784118760.438655,""raw"":[16966,16129,17920]},""middle"":{""age_s"":0.009165048599243164,""channels"":3,""force"":[-0.021631292330615892,-0.0396867342300018],""has_data"":true,""last_update_ts"":1784118760.438655,""raw"":[15766,15721,15815]},""pinky"":{""age_s"":0.009165048599243164,""channels"":3,""force"":[-1.0190742164645261,-0.7487748877800025],""has_data"":true,""last_update_ts"":1784118760.438655,""raw"":[17421,15301,17710]},""ring"":{""age_s"":0.009165048599243164,""channels"":3,""force"":[0.27399636952112516,0.24700135289999903],""has_data"":true,""last_update_ts"":1784118760.438655,""raw"":[15795,16365,15635]},""thumb"":{""age_s"":0.009165048599243164,""channels"":3,""force"":[0.0,-2.220446049250313e-16],""has_data"":true,""last_update_ts"":1784118760.438655,""raw"":[0,0,0]}}","{""ble"":{""connection_state"":""connected"",""counter"":992942,""finger_order"":""DexterController.Visualizer"",""last_error"":null,""last_sample_age_s"":0.00919256299675908,""reconnect_count"":0,""sample_hz"":20.0,""sample_sequence"":473,""timestamp_us"":9725242912},""fingers"":{""index"":{""has_data"":true,""last_update_ts"":1784118760.438655,""mapped"":true},""middle"":{""has_data"":true,""last_update_ts"":1784118760.438655,""mapped"":true},""pinky"":{""has_data"":true,""last_update_ts"":1784118760.438655,""mapped"":true},""ring"":{""has_data"":true,""last_update_ts"":1784118760.438655,""mapped"":true},""thumb"":{""has_data"":true,""last_update_ts"":1784118760.438655,""mapped"":true}},""ports"":{""available"":[""BLE:Dexter""],""unavailable"":[]}}"
1784118760.4979634,1784118760.4978266,475,ble,"{""index"":{""age_s"":0.009167194366455078,""channels"":3,""force"":[-0.43839419123379386,-0.683832959040001],""has_data"":true,""last_update_ts"":1784118760.4886594,""raw"":[17057,16145,17833]},""middle"":{""age_s"":0.009167194366455078,""channels"":3,""force"":[-0.01634364309424363,-0.025532724120002293],""has_data"":true,""last_update_ts"":1784118760.4886594,""raw"":[15772,15738,15801]},""pinky"":{""age_s"":0.009167194366455078,""channels"":3,""force"":[-1.0238811703157715,-0.7365635849400007],""has_data"":true,""last_update_ts"":1784118760.4886594,""raw"":[17427,15297,17689]},""ring"":{""age_s"":0.009167194366455078,""channels"":3,""force"":[0.2739963695211234,0.26254301105999645],""has_data"":true,""last_update_ts"":1784118760.4886594,""raw"":[15800,16370,15612]},""thumb"":{""age_s"":0.009167194366455078,""channels"":3,""force"":[0.0,-2.220446049250313e-16],""has_data"":true,""last_update_ts"":1784118760.4886594,""raw"":[0,0,0]}}","{""ble"":{""connection_state"":""connected"",""counter"":992948,""finger_order"":""DexterController.Visualizer"",""last_error"":null,""last_sample_age_s"":0.00919511700340081,""reconnect_count"":0,""sample_hz"":20.0,""sample_sequence"":474,""timestamp_us"":9725299520},""fingers"":{""index"":{""has_data"":true,""last_update_ts"":1784118760.4886594,""mapped"":true},""middle"":{""has_data"":true,""last_update_ts"":1784118760.4886594,""mapped"":true},""pinky"":{""has_data"":true,""last_update_ts"":1784118760.4886594,""mapped"":true},""ring"":{""has_data"":true,""last_update_ts"":1784118760.4886594,""mapped"":true},""thumb"":{""has_data"":true,""last_update_ts"":1784118760.4886594,""mapped"":true}},""ports"":{""available"":[""BLE:Dexter""],""unavailable"":[]}}"
1784118760.5479574,1784118760.5478215,476,ble,"{""index"":{""age_s"":0.009160757064819336,""channels"":3,""force"":[-0.40234203734943996,-0.7629288978900002],""has_data"":true,""last_update_ts"":1784118760.5386608,""raw"":[16969,16132,17925]},""middle"":{""age_s"":0.009160757064819336,""channels"":3,""force"":[-0.0052876492363722605,-0.02914060904999971],""has_data"":true,""last_update_ts"":1784118760.5386608,""raw"":[15760,15749,15807]},""pinky"":{""age_s"":0.009160757064819336,""channels"":3,""force"":[-1.0147479579984005,-0.7462771212900012],""has_data"":true,""last_update_ts"":1784118760.5386608,""raw"":[17409,15298,17698]},""ring"":{""age_s"":0.009160757064819336,""channels"":3,""force"":[0.2826488864533676,0.2614328926199976],""has_data"":true,""last_update_ts"":1784118760.5386608,""raw"":[15798,16386,15621]},""thumb"":{""age_s"":0.009160757064819336,""channels"":3,""force"":[0.0,-2.220446049250313e-16],""has_data"":true,""last_update_ts"":1784118760.5386608,""raw"":[0,0,0]}}","{""ble"":{""connection_state"":""connected"",""counter"":992953,""finger_order"":""DexterController.Visualizer"",""last_error"":null,""last_sample_age_s"":0.009188324998831376,""reconnect_count"":0,""sample_hz"":20.0,""sample_sequence"":475,""timestamp_us"":9725346400},""fingers"":{""index"":{""has_data"":true,""last_update_ts"":1784118760.5386608,""mapped"":true},""middle"":{""has_data"":true,""last_update_ts"":1784118760.5386608,""mapped"":true},""pinky"":{""has_data"":true,""last_update_ts"":1784118760.5386608,""mapped"":true},""ring"":{""has_data"":true,""last_update_ts"":1784118760.5386608,""mapped"":true},""thumb"":{""has_data"":true,""last_update_ts"":1784118760.5386608,""mapped"":true}},""ports"":{""available"":[""BLE:Dexter""],""unavailable"":[]}}"
1784118760.5979664,1784118760.5978174,477,ble,"{""index"":{""age_s"":0.009171009063720703,""channels"":3,""force"":[-0.3951316065725674,-0.7171365122400033],""has_data"":true,""last_update_ts"":1784118760.5886464,""raw"":[17008,16186,17889]},""middle"":{""age_s"":0.009171009063720703,""channels"":3,""force"":[-0.014420861553745112,-0.04495979682000151],""has_data"":true,""last_update_ts"":1784118760.5886464,""raw"":[15763,15733,15829]},""pinky"":{""age_s"":0.009171009063720703,""channels"":3,""force"":[-1.0224390841603999,-0.7501625358300021],""has_data"":true,""last_update_ts"":1784118760.5886464,""raw"":[17417,15290,17705]},""ring"":{""age_s"":0.009171009063720703,""channels"":3,""force"":[0.2773612372169936,0.2439485271899997],""has_data"":true,""last_update_ts"":1784118760.5886464,""raw"":[15790,16367,15639]},""thumb"":{""age_s"":0.009171009063720703,""channels"":3,""force"":[0.0,-2.220446049250313e-16],""has_data"":true,""last_update_ts"":1784118760.5886464,""raw"":[0,0,0]}}","{""ble"":{""connection_state"":""connected"",""counter"":992958,""finger_order"":""DexterController.Visualizer"",""last_error"":null,""last_sample_age_s"":0.009198995991027914,""reconnect_count"":0,""sample_hz"":20.0,""sample_sequence"":476,""timestamp_us"":9725393440},""fingers"":{""index"":{""has_data"":true,""last_update_ts"":1784118760.5886464,""mapped"":true},""middle"":{""has_data"":true,""last_update_ts"":1784118760.5886464,""mapped"":true},""pinky"":{""has_data"":true,""last_update_ts"":1784118760.5886464,""mapped"":true},""ring"":{""has_data"":true,""last_update_ts"":1784118760.5886464,""mapped"":true},""thumb"":{""has_data"":true,""last_update_ts"":1784118760.5886464,""mapped"":true}},""ports"":{""available"":[""BLE:Dexter""],""unavailable"":[]}}"
1784118760.647937,1784118760.6478167,478,ble,"{""index"":{""age_s"":0.009174823760986328,""channels"":3,""force"":[-0.37446170501220166,-0.6080673755100001],""has_data"":true,""last_update_ts"":1784118760.6386418,""raw"":[17079,16300,17785]},""middle"":{""age_s"":0.009174823760986328,""channels"":3,""force"":[-0.037494240039732674,0.0482901521399981],""has_data"":true,""last_update_ts"":1784118760.6386418,""raw"":[15845,15767,15719]},""pinky"":{""age_s"":0.009174823760986328,""channels"":3,""force"":[-1.0325336872480175,-0.7176915714600023],""has_data"":true,""last_update_ts"":1784118760.6386418,""raw"":[17445,15297,17664]},""ring"":{""age_s"":0.009174823760986328,""channels"":3,""force"":[0.27351567413599653,0.2772520803899976],""has_data"":true,""last_update_ts"":1784118760.6386418,""raw"":[15818,16387,15603]},""thumb"":{""age_s"":0.009174823760986328,""channels"":3,""force"":[0.0,-2.220446049250313e-16],""has_data"":true,""last_update_ts"":1784118760.6386418,""raw"":[0,0,0]}}","{""ble"":{""connection_state"":""connected"",""counter"":992964,""finger_order"":""DexterController.Visualizer"",""last_error"":null,""last_sample_age_s"":0.009198163010296412,""reconnect_count"":0,""sample_hz"":20.0,""sample_sequence"":477,""timestamp_us"":9725450048},""fingers"":{""index"":{""has_data"":true,""last_update_ts"":1784118760.6386418,""mapped"":true},""middle"":{""has_data"":true,""last_update_ts"":1784118760.6386418,""mapped"":true},""pinky"":{""has_data"":true,""last_update_ts"":1784118760.6386418,""mapped"":true},""ring"":{""has_data"":true,""last_update_ts"":1784118760.6386418,""mapped"":true},""thumb"":{""has_data"":true,""last_update_ts"":1784118760.6386418,""mapped"":true}},""ports"":{""available"":[""BLE:Dexter""],""unavailable"":[]}}"
1784118760.6979344,1784118760.6978161,479,ble,"{""index"":{""age_s"":0.009156227111816406,""channels"":3,""force"":[-0.3480234588303386,-0.5456232132600016],""has_data"":true,""last_update_ts"":1784118760.68866,""raw"":[17112,16388,17733]},""middle"":{""age_s"":0.009156227111816406,""channels"":3,""force"":[-0.08796725547783169,0.06521945834999698],""has_data"":true,""last_update_ts"":1784118760.68866,""raw"":[15939,15756,15730]},""pinky"":{""age_s"":0.009156227111816406,""channels"":3,""force"":[-1.0267653426265202,-0.7487748877799989],""has_data"":true,""last_update_ts"":1784118760.68866,""raw"":[17422,15286,17703]},""ring"":{""age_s"":0.009156227111816406,""channels"":3,""force"":[0.2691894156698744,0.24922158977999764],""has_data"":true,""last_update_ts"":1784118760.68866,""raw"":[15802,16362,15633]},""thumb"":{""age_s"":0.009156227111816406,""channels"":3,""force"":[0.0,-2.220446049250313e-16],""has_data"":true,""last_update_ts"":1784118760.68866,""raw"":[0,0,0]}}","{""ble"":{""connection_state"":""connected"",""counter"":992969,""finger_order"":""DexterController.Visualizer"",""last_error"":null,""last_sample_age_s"":0.009179226006381214,""reconnect_count"":0,""sample_hz"":20.0,""sample_sequence"":478,""timestamp_us"":9725496992},""fingers"":{""index"":{""has_data"":true,""last_update_ts"":1784118760.68866,""mapped"":true},""middle"":{""has_data"":true,""last_update_ts"":1784118760.68866,""mapped"":true},""pinky"":{""has_data"":true,""last_update_ts"":1784118760.68866,""mapped"":true},""ring"":{""has_data"":true,""last_update_ts"":1784118760.68866,""mapped"":true},""thumb"":{""has_data"":true,""last_update_ts"":1784118760.68866,""mapped"":true}},""ports"":{""available"":[""BLE:Dexter""],""unavailable"":[]}}"
1784118760.747999,1784118760.7478786,480,ble,"{""index"":{""age_s"":0.009218215942382812,""channels"":3,""force"":[-0.2739963695211216,-0.5078791863000003],""has_data"":true,""last_update_ts"":1784118760.7386603,""raw"":[17069,16499,17699]},""middle"":{""age_s"":0.009218215942382812,""channels"":3,""force"":[-0.1490155693886841,-0.04218450072000213],""has_data"":true,""last_update_ts"":1784118760.7386603,""raw"":[15957,15647,15878]},""pinky"":{""age_s"":0.009218215942382812,""channels"":3,""force"":[-0.31485547725672625,-0.413241589290001],""has_data"":true,""last_update_ts"":1784118760.7386603,""raw"":[17196,16541,17613]},""ring"":{""age_s"":0.009218215942382812,""channels"":3,""force"":[0.29562766185173395,0.3899291020499991],""has_data"":true,""last_update_ts"":1784118760.7386603,""raw"":[15776,16391,15381]},""thumb"":{""age_s"":0.009218215942382812,""channels"":3,""force"":[0.0,-2.220446049250313e-16],""has_data"":true,""last_update_ts"":1784118760.7386603,""raw"":[0,0,0]}}","{""ble"":{""connection_state"":""connected"",""counter"":992974,""finger_order"":""DexterController.Visualizer"",""last_error"":null,""last_sample_age_s"":0.009241309002391063,""reconnect_count"":0,""sample_hz"":20.0,""sample_sequence"":479,""timestamp_us"":9725543872},""fingers"":{""index"":{""has_data"":true,""last_update_ts"":1784118760.7386603,""mapped"":true},""middle"":{""has_data"":true,""last_update_ts"":1784118760.7386603,""mapped"":true},""pinky"":{""has_data"":true,""last_update_ts"":1784118760.7386603,""mapped"":true},""ring"":{""has_data"":true,""last_update_ts"":1784118760.7386603,""mapped"":true},""thumb"":{""has_data"":true,""last_update_ts"":1784118760.7386603,""mapped"":true}},""ports"":{""available"":[""BLE:Dexter""],""unavailable"":[]}}"
1784118760.7979224,1784118760.7978034,481,ble,"{""index"":{""age_s"":0.009143352508544922,""channels"":3,""force"":[-0.15286113246967936,-0.5062140086400015],""has_data"":true,""last_update_ts"":1784118760.78866,""raw"":[16982,16664,17735]},""middle"":{""age_s"":0.009143352508544922,""channels"":3,""force"":[-0.18650980942841322,-0.36966944052000006],""has_data"":true,""last_update_ts"":1784118760.78866,""raw"":[15993,15605,16465]},""pinky"":{""age_s"":0.009143352508544922,""channels"":3,""force"":[-1.0248425610860217,-0.738228762600003],""has_data"":true,""last_update_ts"":1784118760.78866,""raw"":[17424,15292,17688]},""ring"":{""age_s"":0.009143352508544922,""channels"":3,""force"":[0.2864944495343682,0.2586575965199991],""has_data"":true,""last_update_ts"":1784118760.78866,""raw"":[15794,16390,15626]},""thumb"":{""age_s"":0.009143352508544922,""channels"":3,""force"":[0.0,-2.220446049250313e-16],""has_data"":true,""last_update_ts"":1784118760.78866,""raw"":[0,0,0]}}","{""ble"":{""connection_state"":""connected"",""counter"":992980,""finger_order"":""DexterController.Visualizer"",""last_error"":null,""last_sample_age_s"":0.009167985001113266,""reconnect_count"":0,""sample_hz"":20.0,""sample_sequence"":480,""timestamp_us"":9725600352},""fingers"":{""index"":{""has_data"":true,""last_update_ts"":1784118760.78866,""mapped"":true},""middle"":{""has_data"":true,""last_update_ts"":1784118760.78866,""mapped"":true},""pinky"":{""has_data"":true,""last_update_ts"":1784118760.78866,""mapped"":true},""ring"":{""has_data"":true,""last_update_ts"":1784118760.78866,""mapped"":true},""thumb"":{""has_data"":true,""last_update_ts"":1784118760.78866,""mapped"":true}},""ports"":{""available"":[""BLE:Dexter""],""unavailable"":[]}}"
1784118760.847949,1784118760.8478265,482,ble,"{""index"":{""age_s"":0.009166955947875977,""channels"":3,""force"":[0.024996160026489633,-0.4118539412400004],""has_data"":true,""last_update_ts"":1784118760.8386595,""raw"":[16890,16942,17658]},""middle"":{""age_s"":0.009166955947875977,""channels"":3,""force"":[-0.11728967397044698,-0.8631170871000027],""has_data"":true,""last_update_ts"":1784118760.8386595,""raw"":[15845,15601,17278]},""pinky"":{""age_s"":0.009166955947875977,""channels"":3,""force"":[-1.0219583887752712,-0.7243522821000026],""has_data"":true,""last_update_ts"":1784118760.8386595,""raw"":[17432,15306,17674]},""ring"":{""age_s"":0.009166955947875977,""channels"":3,""force"":[0.280245409527744,0.26781607364999704],""has_data"":true,""last_update_ts"":1784118760.8386595,""raw"":[15800,16383,15609]},""thumb"":{""age_s"":0.009166955947875977,""channels"":3,""force"":[0.0,-2.220446049250313e-16],""has_data"":true,""last_update_ts"":1784118760.8386595,""raw"":[0,0,0]}}","{""ble"":{""connection_state"":""connected"",""counter"":992985,""finger_order"":""DexterController.Visualizer"",""last_error"":null,""last_sample_age_s"":0.009191250006551854,""reconnect_count"":0,""sample_hz"":20.0,""sample_sequence"":481,""timestamp_us"":9725647360},""fingers"":{""index"":{""has_data"":true,""last_update_ts"":1784118760.8386595,""mapped"":true},""middle"":{""has_data"":true,""last_update_ts"":1784118760.8386595,""mapped"":true},""pinky"":{""has_data"":true,""last_update_ts"":1784118760.8386595,""mapped"":true},""ring"":{""has_data"":true,""last_update_ts"":1784118760.8386595,""mapped"":true},""thumb"":{""has_data"":true,""last_update_ts"":1784118760.8386595,""mapped"":true}},""ports"":{""available"":[""BLE:Dexter""],""unavailable"":[]}}"
1784118760.8979285,1784118760.8978038,483,ble,"{""index"":{""age_s"":0.009142160415649414,""channels"":3,""force"":[-0.029803113877735044,-0.3213792883799993],""has_data"":true,""last_update_ts"":1784118760.8886616,""raw"":[17069,17007,17617]},""middle"":{""age_s"":0.009142160415649414,""channels"":3,""force"":[-0.30139600647323306,-0.9943885926300018],""has_data"":true,""last_update_ts"":1784118760.8886616,""raw"":[16063,15436,17541]},""pinky"":{""age_s"":0.009142160415649414,""channels"":3,""force"":[-1.0282074287818972,-0.7473872397300001],""has_data"":true,""last_update_ts"":1784118760.8886616,""raw"":[17425,15286,17702]},""ring"":{""age_s"":0.009142160415649414,""channels"":3,""force"":[0.27495776029137176,0.2569924188599977],""has_data"":true,""last_update_ts"":1784118760.8886616,""raw"":[15801,16373,15624]},""thumb"":{""age_s"":0.009142160415649414,""channels"":3,""force"":[0.0,-2.220446049250313e-16],""has_data"":true,""last_update_ts"":1784118760.8886616,""raw"":[0,0,0]}}","{""ble"":{""connection_state"":""connected"",""counter"":992990,""finger_order"":""DexterController.Visualizer"",""last_error"":null,""last_sample_age_s"":0.009170368997729383,""reconnect_count"":0,""sample_hz"":20.0,""sample_sequence"":482,""timestamp_us"":9725694336},""fingers"":{""index"":{""has_data"":true,""last_update_ts"":1784118760.8886616,""mapped"":true},""middle"":{""has_data"":true,""last_update_ts"":1784118760.8886616,""mapped"":true},""pinky"":{""has_data"":true,""last_update_ts"":1784118760.8886616,""mapped"":true},""ring"":{""has_data"":true,""last_update_ts"":1784118760.8886616,""mapped"":true},""thumb"":{""has_data"":true,""last_update_ts"":1784118760.8886616,""mapped"":true}},""ports"":{""available"":[""BLE:Dexter""],""unavailable"":[]}}"
1784118760.9479537,1784118760.9478273,484,ble,"{""index"":{""age_s"":0.009167909622192383,""channels"":3,""force"":[0.06345179083647068,-0.40685840826000064],""has_data"":true,""last_update_ts"":1784118760.9386594,""raw"":[17031,17163,17830]},""middle"":{""age_s"":0.009167909622192383,""channels"":3,""force"":[-0.3566759757625828,-1.2660900808199997],""has_data"":true,""last_update_ts"":1784118760.9386594,""raw"":[16060,15318,17970]},""pinky"":{""age_s"":0.009167909622192383,""channels"":3,""force"":[-1.030130210322394,-0.7462771212899995],""has_data"":true,""last_update_ts"":1784118760.9386594,""raw"":[17430,15287,17703]},""ring"":{""age_s"":0.009167909622192383,""channels"":3,""force"":[0.27207358798061954,0.26587336637999925],""has_data"":true,""last_update_ts"":1784118760.9386594,""raw"":[15809,16375,15613]},""thumb"":{""age_s"":0.009167909622192383,""channels"":3,""force"":[0.0,-2.220446049250313e-16],""has_data"":true,""last_update_ts"":1784118760.9386594,""raw"":[0,0,0]}}","{""ble"":{""connection_state"":""connected"",""counter"":992996,""finger_order"":""DexterController.Visualizer"",""last_error"":null,""last_sample_age_s"":0.00919218199851457,""reconnect_count"":0,""sample_hz"":20.0,""sample_sequence"":483,""timestamp_us"":9725750720},""fingers"":{""index"":{""has_data"":true,""last_update_ts"":1784118760.9386594,""mapped"":true},""middle"":{""has_data"":true,""last_update_ts"":1784118760.9386594,""mapped"":true},""pinky"":{""has_data"":true,""last_update_ts"":1784118760.9386594,""mapped"":true},""ring"":{""has_data"":true,""last_update_ts"":1784118760.9386594,""mapped"":true},""thumb"":{""has_data"":true,""last_update_ts"":1784118760.9386594,""mapped"":true}},""ports"":{""available"":[""BLE:Dexter""],""unavailable"":[]}}"
1784118760.9979582,1784118760.9978256,485,ble,"{""index"":{""age_s"":0.00916743278503418,""channels"":3,""force"":[0.12353871397706762,0.5092668343499982],""has_data"":true,""last_update_ts"":1784118760.9886582,""raw"":[17790,18047,17001]},""middle"":{""age_s"":0.00916743278503418,""channels"":3,""force"":[-0.39705438811306415,-1.239447238260003],""has_data"":true,""last_update_ts"":1784118760.9886582,""raw"":[16230,15404,18050]},""pinky"":{""age_s"":0.00916743278503418,""channels"":3,""force"":[-1.0291688195521438,-0.7251848709300006],""has_data"":true,""last_update_ts"":1784118760.9886582,""raw"":[17439,15298,17675]},""ring"":{""age_s"":0.00916743278503418,""channels"":3,""force"":[0.2768805418318703,0.2608778333999986],""has_data"":true,""last_update_ts"":1784118760.9886582,""raw"":[15797,16373,15615]},""thumb"":{""age_s"":0.00916743278503418,""channels"":3,""force"":[0.0,-2.220446049250313e-16],""has_data"":true,""last_update_ts"":1784118760.9886582,""raw"":[0,0,0]}}","{""ble"":{""connection_state"":""connected"",""counter"":993001,""finger_order"":""DexterController.Visualizer"",""last_error"":null,""last_sample_age_s"":0.009191029996145517,""reconnect_count"":0,""sample_hz"":20.0,""sample_sequence"":484,""timestamp_us"":9725797984},""fingers"":{""index"":{""has_data"":true,""last_update_ts"":1784118760.9886582,""mapped"":true},""middle"":{""has_data"":true,""last_update_ts"":1784118760.9886582,""mapped"":true},""pinky"":{""has_data"":true,""last_update_ts"":1784118760.9886582,""mapped"":true},""ring"":{""has_data"":true,""last_update_ts"":1784118760.9886582,""mapped"":true},""thumb"":{""has_data"":true,""last_update_ts"":1784118760.9886582,""mapped"":true}},""ports"":{""available"":[""BLE:Dexter""],""unavailable"":[]}}"
1784118761.04804,1784118761.047825,486,ble,"{""index"":{""age_s"":0.009167194366455078,""channels"":3,""force"":[0.10431089857207354,0.7890166812299961],""has_data"":true,""last_update_ts"":1784118761.038658,""raw"":[18043,18260,16730]},""middle"":{""age_s"":0.009167194366455078,""channels"":3,""force"":[-0.5725082036836078,-1.1564658848700002],""has_data"":true,""last_update_ts"":1784118761.038658,""raw"":[16322,15131,17810]},""pinky"":{""age_s"":0.009167194366455078,""channels"":3,""force"":[1.9170131958776047,0.6044594905799991],""has_data"":true,""last_update_ts"":1784118761.038658,""raw"":[16383,20371,17288]},""ring"":{""age_s"":0.009167194366455078,""channels"":3,""force"":[0.30524156955423365,0.8323113003899962],""has_data"":true,""last_update_ts"":1784118761.038658,""raw"":[15747,16382,14565]},""thumb"":{""age_s"":0.009167194366455078,""channels"":3,""force"":[0.0,-2.220446049250313e-16],""has_data"":true,""last_update_ts"":1784118761.038658,""raw"":[0,0,0]}}","{""ble"":{""connection_state"":""connected"",""counter"":993006,""finger_order"":""DexterController.Visualizer"",""last_error"":null,""last_sample_age_s"":0.009190529002808034,""reconnect_count"":0,""sample_hz"":20.0,""sample_sequence"":485,""timestamp_us"":9725844992},""fingers"":{""index"":{""has_data"":true,""last_update_ts"":1784118761.038658,""mapped"":true},""middle"":{""has_data"":true,""last_update_ts"":1784118761.038658,""mapped"":true},""pinky"":{""has_data"":true,""last_update_ts"":1784118761.038658,""mapped"":true},""ring"":{""has_data"":true,""last_update_ts"":1784118761.038658,""mapped"":true},""thumb"":{""has_data"":true,""last_update_ts"":1784118761.038658,""mapped"":true}},""ports"":{""available"":[""BLE:Dexter""],""unavailable"":[]}}"
1784118761.0979555,1784118761.097824,487,ble,"{""index"":{""age_s"":0.009164810180664062,""channels"":3,""force"":[-0.150457655544054,0.7618187794499987],""has_data"":true,""last_update_ts"":1784118761.0886593,""raw"":[18423,18110,16894]},""middle"":{""age_s"":0.009164810180664062,""channels"":3,""force"":[-0.6042340991018431,-1.3324196576100027],""has_data"":true,""last_update_ts"":1784118761.0886593,""raw"":[16466,15209,18238]},""pinky"":{""age_s"":0.009164810180664062,""channels"":3,""force"":[-1.016190044153774,-0.7437793548000018],""has_data"":true,""last_update_ts"":1784118761.0886593,""raw"":[17414,15300,17697]},""ring"":{""age_s"":0.009164810180664062,""channels"":3,""force"":[0.27639984644674875,0.2617104222299975],""has_data"":true,""last_update_ts"":1784118761.0886593,""raw"":[15807,16382,15623]},""thumb"":{""age_s"":0.009164810180664062,""channels"":3,""force"":[0.0,-2.220446049250313e-16],""has_data"":true,""last_update_ts"":1784118761.0886593,""raw"":[0,0,0]}}","{""ble"":{""connection_state"":""connected"",""counter"":993011,""finger_order"":""DexterController.Visualizer"",""last_error"":null,""last_sample_age_s"":0.009187903997371905,""reconnect_count"":0,""sample_hz"":20.0,""sample_sequence"":486,""timestamp_us"":9725892096},""fingers"":{""index"":{""has_data"":true,""last_update_ts"":1784118761.0886593,""mapped"":true},""middle"":{""has_data"":true,""last_update_ts"":1784118761.0886593,""mapped"":true},""pinky"":{""has_data"":true,""last_update_ts"":1784118761.0886593,""mapped"":true},""ring"":{""has_data"":true,""last_update_ts"":1784118761.0886593,""mapped"":true},""thumb"":{""has_data"":true,""last_update_ts"":1784118761.0886593,""mapped"":true}},""ports"":{""available"":[""BLE:Dexter""],""unavailable"":[]}}"
1784118761.147955,1784118761.1478267,488,ble,"{""index"":{""age_s"":0.009166717529296875,""channels"":3,""force"":[-0.27255428336574816,0.5248084925099983],""has_data"":true,""last_update_ts"":1784118761.13866,""raw"":[18507,17940,17278]},""middle"":{""age_s"":0.009166717529296875,""channels"":3,""force"":[-0.42253124352467886,-1.1481399965700012],""has_data"":true,""last_update_ts"":1784118761.13866,""raw"":[16549,15670,18178]},""pinky"":{""age_s"":0.009166717529296875,""channels"":3,""force"":[-1.0272460380116453,-0.7418366475300004],""has_data"":true,""last_update_ts"":1784118761.13866,""raw"":[17426,15289,17694]},""ring"":{""age_s"":0.009166717529296875,""channels"":3,""force"":[0.27111219721037294,0.2514418266599998],""has_data"":true,""last_update_ts"":1784118761.13866,""raw"":[15802,16366,15631]},""thumb"":{""age_s"":0.009166717529296875,""channels"":3,""force"":[0.0,-2.220446049250313e-16],""has_data"":true,""last_update_ts"":1784118761.13866,""raw"":[0,0,0]}}","{""ble"":{""connection_state"":""connected"",""counter"":993017,""finger_order"":""DexterController.Visualizer"",""last_error"":null,""last_sample_age_s"":0.009189968011924066,""reconnect_count"":0,""sample_hz"":20.0,""sample_sequence"":487,""timestamp_us"":9725948576},""fingers"":{""index"":{""has_data"":true,""last_update_ts"":1784118761.13866,""mapped"":true},""middle"":{""has_data"":true,""last_update_ts"":1784118761.13866,""mapped"":true},""pinky"":{""has_data"":true,""last_update_ts"":1784118761.13866,""mapped"":true},""ring"":{""has_data"":true,""last_update_ts"":1784118761.13866,""mapped"":true},""thumb"":{""has_data"":true,""last_update_ts"":1784118761.13866,""mapped"":true}},""ports"":{""available"":[""BLE:Dexter""],""unavailable"":[]}}"
1784118761.1980345,1784118761.1978202,489,ble,"{""index"":{""age_s"":0.009127378463745117,""channels"":3,""force"":[-0.27303497875087146,-0.37799532882000353],""has_data"":true,""last_update_ts"":1784118761.1886928,""raw"":[17847,17279,18244]},""middle"":{""age_s"":0.009127378463745117,""channels"":3,""force"":[-0.17978007403666574,-0.8836542782400016],""has_data"":true,""last_update_ts"":1784118761.1886928,""raw"":[16602,16228,18007]},""pinky"":{""age_s"":0.009127378463745117,""channels"":3,""force"":[-1.0161900441537757,-0.7487748877800007],""has_data"":true,""last_update_ts"":1784118761.1886928,""raw"":[17412,15298,17704]},""ring"":{""age_s"":0.009127378463745117,""channels"":3,""force"":[0.2778419326021222,0.2553272411999954],""has_data"":true,""last_update_ts"":1784118761.1886928,""raw"":[15791,16369,15620]},""thumb"":{""age_s"":0.009127378463745117,""channels"":3,""force"":[0.0,-2.220446049250313e-16],""has_data"":true,""last_update_ts"":1784118761.1886928,""raw"":[0,0,0]}}","{""ble"":{""connection_state"":""connected"",""counter"":993022,""finger_order"":""DexterController.Visualizer"",""last_error"":null,""last_sample_age_s"":0.009164748000330292,""reconnect_count"":0,""sample_hz"":20.0,""sample_sequence"":488,""timestamp_us"":9725995680},""fingers"":{""index"":{""has_data"":true,""last_update_ts"":1784118761.1886928,""mapped"":true},""middle"":{""has_data"":true,""last_update_ts"":1784118761.1886928,""mapped"":true},""pinky"":{""has_data"":true,""last_update_ts"":1784118761.1886928,""mapped"":true},""ring"":{""has_data"":true,""last_update_ts"":1784118761.1886928,""mapped"":true},""thumb"":{""has_data"":true,""last_update_ts"":1784118761.1886928,""mapped"":true}},""ports"":{""available"":[""BLE:Dexter""],""unavailable"":[]}}"
1784118761.2480538,1784118761.2478456,490,ble,"{""index"":{""age_s"":0.009156465530395508,""channels"":3,""force"":[-0.49944250514464095,-0.3416389499100001],""has_data"":true,""last_update_ts"":1784118761.2386892,""raw"":[18201,17162,18297]},""middle"":{""age_s"":0.009156465530395508,""channels"":3,""force"":[-0.17785729249616722,-1.0973520779400037],""has_data"":true,""last_update_ts"":1784118761.2386892,""raw"":[16482,16112,18274]},""pinky"":{""age_s"":0.009156465530395508,""channels"":3,""force"":[-0.594620191399347,-0.5514513350700039],""has_data"":true,""last_update_ts"":1784118761.2386892,""raw"":[17275,16038,17650]},""ring"":{""age_s"":0.009156465530395508,""channels"":3,""force"":[0.2937048803112372,0.33664341692999944],""has_data"":true,""last_update_ts"":1784118761.2386892,""raw"":[15771,16382,15470]},""thumb"":{""age_s"":0.009156465530395508,""channels"":3,""force"":[0.0,-2.220446049250313e-16],""has_data"":true,""last_update_ts"":1784118761.2386892,""raw"":[0,0,0]}}","{""ble"":{""connection_state"":""connected"",""counter"":993027,""finger_order"":""DexterController.Visualizer"",""last_error"":null,""last_sample_age_s"":0.009192753001116216,""reconnect_count"":0,""sample_hz"":20.0,""sample_sequence"":489,""timestamp_us"":9726042688},""fingers"":{""index"":{""has_data"":true,""last_update_ts"":1784118761.2386892,""mapped"":true},""middle"":{""has_data"":true,""last_update_ts"":1784118761.2386892,""mapped"":true},""pinky"":{""has_data"":true,""last_update_ts"":1784118761.2386892,""mapped"":true},""ring"":{""has_data"":true,""last_update_ts"":1784118761.2386892,""mapped"":true},""thumb"":{""has_data"":true,""last_update_ts"":1784118761.2386892,""mapped"":true}},""ports"":{""available"":[""BLE:Dexter""],""unavailable"":[]}}"
1784118761.2979581,1784118761.2978253,491,ble,"{""index"":{""age_s"":0.009166717529296875,""channels"":3,""force"":[-0.42926097891642634,-0.48761952477000214],""has_data"":true,""last_update_ts"":1784118761.2886586,""raw"":[18102,17209,18534]},""middle"":{""age_s"":0.009166717529296875,""channels"":3,""force"":[-0.22929169870451993,-1.0226966128500008],""has_data"":true,""last_update_ts"":1784118761.2886586,""raw"":[16731,16254,18335]},""pinky"":{""age_s"":0.009166717529296875,""channels"":3,""force"":[-1.0224390841603963,-0.7357309961100027],""has_data"":true,""last_update_ts"":1784118761.2886586,""raw"":[17418,15291,17680]},""ring"":{""age_s"":0.009166717529296875,""channels"":3,""force"":[0.280245409527744,0.27780713960999837],""has_data"":true,""last_update_ts"":1784118761.2886586,""raw"":[15808,16391,15599]},""thumb"":{""age_s"":0.009166717529296875,""channels"":3,""force"":[0.0,-2.220446049250313e-16],""has_data"":true,""last_update_ts"":1784118761.2886586,""raw"":[0,0,0]}}","{""ble"":{""connection_state"":""connected"",""counter"":993033,""finger_order"":""DexterController.Visualizer"",""last_error"":null,""last_sample_age_s"":0.009190208991640247,""reconnect_count"":0,""sample_hz"":20.0,""sample_sequence"":490,""timestamp_us"":9726099072},""fingers"":{""index"":{""has_data"":true,""last_update_ts"":1784118761.2886586,""mapped"":true},""middle"":{""has_data"":true,""last_update_ts"":1784118761.2886586,""mapped"":true},""pinky"":{""has_data"":true,""last_update_ts"":1784118761.2886586,""mapped"":true},""ring"":{""has_data"":true,""last_update_ts"":1784118761.2886586,""mapped"":true},""thumb"":{""has_data"":true,""last_update_ts"":1784118761.2886586,""mapped"":true}},""ports"":{""available"":[""BLE:Dexter""],""unavailable"":[]}}"
1784118761.3479595,1784118761.3478293,492,ble,"{""index"":{""age_s"":0.00916910171508789,""channels"":3,""force"":[-0.2672666341293741,0.0588362773199993],""has_data"":true,""last_update_ts"":1784118761.3386602,""raw"":[18446,17890,18062]},""middle"":{""age_s"":0.00916910171508789,""channels"":3,""force"":[-0.6575912868506961,-0.8969756995200013],""has_data"":true,""last_update_ts"":1784118761.3386602,""raw"":[17348,15980,18280]},""pinky"":{""age_s"":0.00916910171508789,""channels"":3,""force"":[-1.0277267333967721,-0.7382287626000004],""has_data"":true,""last_update_ts"":1784118761.3386602,""raw"":[17425,15287,17686]},""ring"":{""age_s"":0.00916910171508789,""channels"":3,""force"":[0.2845716679938679,0.2547721819799982],""has_data"":true,""last_update_ts"":1784118761.3386602,""raw"":[15788,16380,15625]},""thumb"":{""age_s"":0.00916910171508789,""channels"":3,""force"":[0.0,-2.220446049250313e-16],""has_data"":true,""last_update_ts"":1784118761.3386602,""raw"":[0,0,0]}}","{""ble"":{""connection_state"":""connected"",""counter"":993038,""finger_order"":""DexterController.Visualizer"",""last_error"":null,""last_sample_age_s"":0.00919280300149694,""reconnect_count"":0,""sample_hz"":20.0,""sample_sequence"":491,""timestamp_us"":9726146080},""fingers"":{""index"":{""has_data"":true,""last_update_ts"":1784118761.3386602,""mapped"":true},""middle"":{""has_data"":true,""last_update_ts"":1784118761.3386602,""mapped"":true},""pinky"":{""has_data"":true,""last_update_ts"":1784118761.3386602,""mapped"":true},""ring"":{""has_data"":true,""last_update_ts"":1784118761.3386602,""mapped"":true},""thumb"":{""has_data"":true,""last_update_ts"":1784118761.3386602,""mapped"":true}},""ports"":{""available"":[""BLE:Dexter""],""unavailable"":[]}}"
1784118761.3979468,1784118761.3978255,493,ble,"{""index"":{""age_s"":0.009165763854980469,""channels"":3,""force"":[-0.1826642463474144,0.12988385747999764],""has_data"":true,""last_update_ts"":1784118761.3886597,""raw"":[18463,18083,18039]},""middle"":{""age_s"":0.009165763854980469,""channels"":3,""force"":[-0.9402401733040602,-0.719356749120001],""has_data"":true,""last_update_ts"":1784118761.3886597,""raw"":[17712,15756,18030]},""pinky"":{""age_s"":0.009165763854980469,""channels"":3,""force"":[-1.0248425610860217,-0.7360085257200017],""has_data"":true,""last_update_ts"":1784118761.3886597,""raw"":[17427,15295,17687]},""ring"":{""age_s"":0.009165763854980469,""channels"":3,""force"":[0.2768805418318703,0.26032277417999694],""has_data"":true,""last_update_ts"":1784118761.3886597,""raw"":[15801,16377,15620]},""thumb"":{""age_s"":0.009165763854980469,""channels"":3,""force"":[0.0,-2.220446049250313e-16],""has_data"":true,""last_update_ts"":1784118761.3886597,""raw"":[0,0,0]}}","{""ble"":{""connection_state"":""connected"",""counter"":993043,""finger_order"":""DexterController.Visualizer"",""last_error"":null,""last_sample_age_s"":0.009189076008624397,""reconnect_count"":0,""sample_hz"":20.0,""sample_sequence"":492,""timestamp_us"":9726193088},""fingers"":{""index"":{""has_data"":true,""last_update_ts"":1784118761.3886597,""mapped"":true},""middle"":{""has_data"":true,""last_update_ts"":1784118761.3886597,""mapped"":true},""pinky"":{""has_data"":true,""last_update_ts"":1784118761.3886597,""mapped"":true},""ring"":{""has_data"":true,""last_update_ts"":1784118761.3886597,""mapped"":true},""thumb"":{""has_data"":true,""last_update_ts"":1784118761.3886597,""mapped"":true}},""ports"":{""available"":[""BLE:Dexter""],""unavailable"":[]}}"
1784118761.44795,1784118761.4478269,494,ble,"{""index"":{""age_s"":0.009166479110717773,""channels"":3,""force"":[0.17545381557054363,-0.05800368849000126],""has_data"":true,""last_update_ts"":1784118761.4386604,""raw"":[17996,18361,18283]},""middle"":{""age_s"":0.009166479110717773,""channels"":3,""force"":[-0.9498540810065563,-0.4373866653600027],""has_data"":true,""last_update_ts"":1784118761.4386604,""raw"":[17737,15761,17537]},""pinky"":{""age_s"":0.009166479110717773,""channels"":3,""force"":[-1.0277267333967703,-0.7443344140200017],""has_data"":true,""last_update_ts"":1784118761.4386604,""raw"":[17428,15290,17700]},""ring"":{""age_s"":0.009166479110717773,""channels"":3,""force"":[0.2744770649062449,0.25449465236999735],""has_data"":true,""last_update_ts"":1784118761.4386604,""raw"":[15796,16367,15623]},""thumb"":{""age_s"":0.009166479110717773,""channels"":3,""force"":[0.0,-2.220446049250313e-16],""has_data"":true,""last_update_ts"":1784118761.4386604,""raw"":[0,0,0]}}","{""ble"":{""connection_state"":""connected"",""counter"":993049,""finger_order"":""DexterController.Visualizer"",""last_error"":null,""last_sample_age_s"":0.009189696997054853,""reconnect_count"":0,""sample_hz"":20.0,""sample_sequence"":493,""timestamp_us"":9726249504},""fingers"":{""index"":{""has_data"":true,""last_update_ts"":1784118761.4386604,""mapped"":true},""middle"":{""has_data"":true,""last_update_ts"":1784118761.4386604,""mapped"":true},""pinky"":{""has_data"":true,""last_update_ts"":1784118761.4386604,""mapped"":true},""ring"":{""has_data"":true,""last_update_ts"":1784118761.4386604,""mapped"":true},""thumb"":{""has_data"":true,""last_update_ts"":1784118761.4386604,""mapped"":true}},""ports"":{""available"":[""BLE:Dexter""],""unavailable"":[]}}"
1784118761.497941,1784118761.4978046,495,ble,"{""index"":{""age_s"":0.009144306182861328,""channels"":3,""force"":[0.547992739042245,-0.4423821983400007],""has_data"":true,""last_update_ts"":1784118761.4886603,""raw"":[17098,18238,18465]},""middle"":{""age_s"":0.009144306182861328,""channels"":3,""force"":[-0.6527843329994454,-0.18150436494000388],""has_data"":true,""last_update_ts"":1784118761.4886603,""raw"":[17489,16131,17137]},""pinky"":{""age_s"":0.009144306182861328,""channels"":3,""force"":[-1.0253232564711467,-0.7396164106500009],""has_data"":true,""last_update_ts"":1784118761.4886603,""raw"":[17421,15288,17687]},""ring"":{""age_s"":0.009144306182861328,""channels"":3,""force"":[0.28793653568974165,0.26726101442999894],""has_data"":true,""last_update_ts"":1784118761.4886603,""raw"":[15800,16399,15618]},""thumb"":{""age_s"":0.009144306182861328,""channels"":3,""force"":[0.0,-2.220446049250313e-16],""has_data"":true,""last_update_ts"":1784118761.4886603,""raw"":[0,0,0]}}","{""ble"":{""connection_state"":""connected"",""counter"":993054,""finger_order"":""DexterController.Visualizer"",""last_error"":null,""last_sample_age_s"":0.009168845994281583,""reconnect_count"":0,""sample_hz"":20.0,""sample_sequence"":494,""timestamp_us"":9726296448},""fingers"":{""index"":{""has_data"":true,""last_update_ts"":1784118761.4886603,""mapped"":true},""middle"":{""has_data"":true,""last_update_ts"":1784118761.4886603,""mapped"":true},""pinky"":{""has_data"":true,""last_update_ts"":1784118761.4886603,""mapped"":true},""ring"":{""has_data"":true,""last_update_ts"":1784118761.4886603,""mapped"":true},""thumb"":{""has_data"":true,""last_update_ts"":1784118761.4886603,""mapped"":true}},""ports"":{""available"":[""BLE:Dexter""],""unavailable"":[]}}"
1784118761.5479405,1784118761.5478165,496,ble,"{""index"":{""age_s"":0.009146928787231445,""channels"":3,""force"":[0.5715468129133576,-0.6707890673700021],""has_data"":true,""last_update_ts"":1784118761.5386696,""raw"":[16622,17811,18425]},""middle"":{""age_s"":0.009146928787231445,""channels"":3,""force"":[-0.6575912868506926,0.17317847663999775],""has_data"":true,""last_update_ts"":1784118761.5386696,""raw"":[17308,15940,16312]},""pinky"":{""age_s"":0.009146928787231445,""channels"":3,""force"":[0.9238965302098201,0.20037637841999878],""has_data"":true,""last_update_ts"":1784118761.5386696,""raw"":[16849,18771,17449]},""ring"":{""age_s"":0.009146928787231445,""channels"":3,""force"":[0.34513928651958814,0.644978813639999],""has_data"":true,""last_update_ts"":1784118761.5386696,""raw"":[15727,16445,14924]},""thumb"":{""age_s"":0.009146928787231445,""channels"":3,""force"":[0.0,-2.220446049250313e-16],""has_data"":true,""last_update_ts"":1784118761.5386696,""raw"":[0,0,0]}}","{""ble"":{""connection_state"":""connected"",""counter"":993059,""finger_order"":""DexterController.Visualizer"",""last_error"":null,""last_sample_age_s"":0.009170218007056974,""reconnect_count"":0,""sample_hz"":20.0,""sample_sequence"":495,""timestamp_us"":9726343424},""fingers"":{""index"":{""has_data"":true,""last_update_ts"":1784118761.5386696,""mapped"":true},""middle"":{""has_data"":true,""last_update_ts"":1784118761.5386696,""mapped"":true},""pinky"":{""has_data"":true,""last_update_ts"":1784118761.5386696,""mapped"":true},""ring"":{""has_data"":true,""last_update_ts"":1784118761.5386696,""mapped"":true},""thumb"":{""has_data"":true,""last_update_ts"":1784118761.5386696,""mapped"":true}},""ports"":{""available"":[""BLE:Dexter""],""unavailable"":[]}}"
1784118761.5979426,1784118761.597818,497,ble,"{""index"":{""age_s"":0.009157180786132812,""channels"":3,""force"":[0.32543077572947077,-0.47651834037000196],""has_data"":true,""last_update_ts"":1784118761.5886607,""raw"":[16944,17621,18141]},""middle"":{""age_s"":0.009157180786132812,""channels"":3,""force"":[-0.9325490471420643,0.16152223301999769],""has_data"":true,""last_update_ts"":1784118761.5886607,""raw"":[17283,15343,16022]},""pinky"":{""age_s"":0.009157180786132812,""channels"":3,""force"":[-1.0205163026198996,-0.7462771212899986],""has_data"":true,""last_update_ts"":1784118761.5886607,""raw"":[17420,15297,17703]},""ring"":{""age_s"":0.009157180786132812,""channels"":3,""force"":[0.27928401875749564,0.2556047708099989],""has_data"":true,""last_update_ts"":1784118761.5886607,""raw"":[15796,16377,15626]},""thumb"":{""age_s"":0.009157180786132812,""channels"":3,""force"":[0.0,-2.220446049250313e-16],""has_data"":true,""last_update_ts"":1784118761.5886607,""raw"":[0,0,0]}}","{""ble"":{""connection_state"":""connected"",""counter"":993065,""finger_order"":""DexterController.Visualizer"",""last_error"":null,""last_sample_age_s"":0.00918046900187619,""reconnect_count"":0,""sample_hz"":20.0,""sample_sequence"":496,""timestamp_us"":9726400064},""fingers"":{""index"":{""has_data"":true,""last_update_ts"":1784118761.5886607,""mapped"":true},""middle"":{""has_data"":true,""last_update_ts"":1784118761.5886607,""mapped"":true},""pinky"":{""has_data"":true,""last_update_ts"":1784118761.5886607,""mapped"":true},""ring"":{""has_data"":true,""last_update_ts"":1784118761.5886607,""mapped"":true},""thumb"":{""has_data"":true,""last_update_ts"":1784118761.5886607,""mapped"":true}},""ports"":{""available"":[""BLE:Dexter""],""unavailable"":[]}}"
1784118761.6479402,1784118761.6478174,498,ble,"{""index"":{""age_s"":0.009157896041870117,""channels"":3,""force"":[0.3090871326352289,-0.4015853456700027],""has_data"":true,""last_update_ts"":1784118761.6386595,""raw"":[16900,17543,17945]},""middle"":{""age_s"":0.009157896041870117,""channels"":3,""force"":[-1.0483966349571343,0.633600099629998],""has_data"":true,""last_update_ts"":1784118761.6386595,""raw"":[17588,15407,15356]},""pinky"":{""age_s"":0.009157896041870117,""channels"":3,""force"":[-1.0190742164645261,-0.7326781704000007],""has_data"":true,""last_update_ts"":1784118761.6386595,""raw"":[17422,15302,17682]},""ring"":{""age_s"":0.009157896041870117,""channels"":3,""force"":[0.28889792645999,0.26337559988999804],""has_data"":true,""last_update_ts"":1784118761.6386595,""raw"":[15789,16390,15615]},""thumb"":{""age_s"":0.009157896041870117,""channels"":3,""force"":[0.0,-2.220446049250313e-16],""has_data"":true,""last_update_ts"":1784118761.6386595,""raw"":[0,0,0]}}","{""ble"":{""connection_state"":""connected"",""counter"":993070,""finger_order"":""DexterController.Visualizer"",""last_error"":null,""last_sample_age_s"":0.009181681991321966,""reconnect_count"":0,""sample_hz"":20.0,""sample_sequence"":497,""timestamp_us"":9726447168},""fingers"":{""index"":{""has_data"":true,""last_update_ts"":1784118761.6386595,""mapped"":true},""middle"":{""has_data"":true,""last_update_ts"":1784118761.6386595,""mapped"":true},""pinky"":{""has_data"":true,""last_update_ts"":1784118761.6386595,""mapped"":true},""ring"":{""has_data"":true,""last_update_ts"":1784118761.6386595,""mapped"":true},""thumb"":{""has_data"":true,""last_update_ts"":1784118761.6386595,""mapped"":true}},""ports"":{""available"":[""BLE:Dexter""],""unavailable"":[]}}"
1784118761.6979415,1784118761.6978185,499,ble,"{""index"":{""age_s"":0.009157896041870117,""channels"":3,""force"":[0.12498080013243928,-0.6061246682400006],""has_data"":true,""last_update_ts"":1784118761.6886606,""raw"":[16851,17111,18073]},""middle"":{""age_s"":0.009157896041870117,""channels"":3,""force"":[-1.0762769672943708,0.5309141439299978],""has_data"":true,""last_update_ts"":1784118761.6886606,""raw"":[17526,15287,15450]},""pinky"":{""age_s"":0.009157896041870117,""channels"":3,""force"":[-1.0190742164645226,-0.7437793548000018],""has_data"":true,""last_update_ts"":1784118761.6886606,""raw"":[17415,15295,17695]},""ring"":{""age_s"":0.009157896041870117,""channels"":3,""force"":[0.27880332337237057,0.24977664899999752],""has_data"":true,""last_update_ts"":1784118761.6886606,""raw"":[15794,16374,15634]},""thumb"":{""age_s"":0.009157896041870117,""channels"":3,""force"":[0.0,-2.220446049250313e-16],""has_data"":true,""last_update_ts"":1784118761.6886606,""raw"":[0,0,0]}}","{""ble"":{""connection_state"":""connected"",""counter"":993075,""finger_order"":""DexterController.Visualizer"",""last_error"":null,""last_sample_age_s"":0.009181951987557113,""reconnect_count"":0,""sample_hz"":20.0,""sample_sequence"":498,""timestamp_us"":9726494176},""fingers"":{""index"":{""has_data"":true,""last_update_ts"":1784118761.6886606,""mapped"":true},""middle"":{""has_data"":true,""last_update_ts"":1784118761.6886606,""mapped"":true},""pinky"":{""has_data"":true,""last_update_ts"":1784118761.6886606,""mapped"":true},""ring"":{""has_data"":true,""last_update_ts"":1784118761.6886606,""mapped"":true},""thumb"":{""has_data"":true,""last_update_ts"":1784118761.6886606,""mapped"":true}},""ports"":{""available"":[""BLE:Dexter""],""unavailable"":[]}}"
1784118761.7479355,1784118761.7478166,500,ble,"{""index"":{""age_s"":0.0091552734375,""channels"":3,""force"":[0.11296341550432132,-0.5880852435900037],""has_data"":true,""last_update_ts"":1784118761.7386613,""raw"":[16794,17029,17971]},""middle"":{""age_s"":0.0091552734375,""channels"":3,""force"":[-1.0580105426596322,0.7379512329899987],""has_data"":true,""last_update_ts"":1784118761.7386613,""raw"":[17647,15446,15217]},""pinky"":{""age_s"":0.0091552734375,""channels"":3,""force"":[-1.0248425610860217,-0.7482198285600008],""has_data"":true,""last_update_ts"":1784118761.7386613,""raw"":[17422,15290,17704]},""ring"":{""age_s"":0.0091552734375,""channels"":3,""force"":[0.26967011105500127,0.25893512612999725],""has_data"":true,""last_update_ts"":1784118761.7386613,""raw"":[15807,16368,15621]},""thumb"":{""age_s"":0.0091552734375,""channels"":3,""force"":[0.0,-2.220446049250313e-16],""has_data"":true,""last_update_ts"":1784118761.7386613,""raw"":[0,0,0]}}","{""ble"":{""connection_state"":""connected"",""counter"":993081,""finger_order"":""DexterController.Visualizer"",""last_error"":null,""last_sample_age_s"":0.00917825500073377,""reconnect_count"":0,""sample_hz"":20.0,""sample_sequence"":499,""timestamp_us"":9726550560},""fingers"":{""index"":{""has_data"":true,""last_update_ts"":1784118761.7386613,""mapped"":true},""middle"":{""has_data"":true,""last_update_ts"":1784118761.7386613,""mapped"":true},""pinky"":{""has_data"":true,""last_update_ts"":1784118761.7386613,""mapped"":true},""ring"":{""has_data"":true,""last_update_ts"":1784118761.7386613,""mapped"":true},""thumb"":{""has_data"":true,""last_update_ts"":1784118761.7386613,""mapped"":true}},""ports"":{""available"":[""BLE:Dexter""],""unavailable"":[]}}"
1784118761.7979362,1784118761.797815,501,ble,"{""index"":{""age_s"":0.009154319763183594,""channels"":3,""force"":[-0.033648676958735635,-0.6000190168200001],""has_data"":true,""last_update_ts"":1784118761.7886608,""raw"":[16912,16842,17958]},""middle"":{""age_s"":0.009154319763183594,""channels"":3,""force"":[-0.9575452071685504,0.6449788136399972],""has_data"":true,""last_update_ts"":1784118761.7886608,""raw"":[17506,15514,15348]},""pinky"":{""age_s"":0.009154319763183594,""channels"":3,""force"":[-1.0238811703157733,-0.7398939402600009],""has_data"":true,""last_update_ts"":1784118761.7886608,""raw"":[17417,15287,17685]},""ring"":{""age_s"":0.009154319763183594,""channels"":3,""force"":[0.2845716679938697,0.26032277417999694],""has_data"":true,""last_update_ts"":1784118761.7886608,""raw"":[15795,16387,15622]},""thumb"":{""age_s"":0.009154319763183594,""channels"":3,""force"":[0.0,-2.220446049250313e-16],""has_data"":true,""last_update_ts"":1784118761.7886608,""raw"":[0,0,0]}}","{""ble"":{""connection_state"":""connected"",""counter"":993086,""finger_order"":""DexterController.Visualizer"",""last_error"":null,""last_sample_age_s"":0.0091776640038006,""reconnect_count"":0,""sample_hz"":20.0,""sample_sequence"":500,""timestamp_us"":9726597696},""fingers"":{""index"":{""has_data"":true,""last_update_ts"":1784118761.7886608,""mapped"":true},""middle"":{""has_data"":true,""last_update_ts"":1784118761.7886608,""mapped"":true},""pinky"":{""has_data"":true,""last_update_ts"":1784118761.7886608,""mapped"":true},""ring"":{""has_data"":true,""last_update_ts"":1784118761.7886608,""mapped"":true},""thumb"":{""has_data"":true,""last_update_ts"":1784118761.7886608,""mapped"":true}},""ports"":{""available"":[""BLE:Dexter""],""unavailable"":[]}}"
1784118761.8479455,1784118761.8478267,502,ble,"{""index"":{""age_s"":0.009165763854980469,""channels"":3,""force"":[-0.11728967397044521,-0.5028836533200005],""has_data"":true,""last_update_ts"":1784118761.838661,""raw"":[17006,16762,17790]},""middle"":{""age_s"":0.009165763854980469,""channels"":3,""force"":[-0.8618868255287229,0.8023381025099985],""has_data"":true,""last_update_ts"":1784118761.838661,""raw"":[17351,15558,15009]},""pinky"":{""age_s"":0.009165763854980469,""channels"":3,""force"":[1.1993349858863134,0.3161062257899987],""has_data"":true,""last_update_ts"":1784118761.838661,""raw"":[16740,19235,17418]},""ring"":{""age_s"":0.009165763854980469,""channels"":3,""force"":[0.34658137267496336,0.705757798229997],""has_data"":true,""last_update_ts"":1784118761.838661,""raw"":[15725,16446,14814]},""thumb"":{""age_s"":0.009165763854980469,""channels"":3,""force"":[0.0,-2.220446049250313e-16],""has_data"":true,""last_update_ts"":1784118761.838661,""raw"":[0,0,0]}}","{""ble"":{""connection_state"":""connected"",""counter"":993091,""finger_order"":""DexterController.Visualizer"",""last_error"":null,""last_sample_age_s"":0.00918885599821806,""reconnect_count"":0,""sample_hz"":20.0,""sample_sequence"":501,""timestamp_us"":9726644672},""fingers"":{""index"":{""has_data"":true,""last_update_ts"":1784118761.838661,""mapped"":true},""middle"":{""has_data"":true,""last_update_ts"":1784118761.838661,""mapped"":true},""pinky"":{""has_data"":true,""last_update_ts"":1784118761.838661,""mapped"":true},""ring"":{""has_data"":true,""last_update_ts"":1784118761.838661,""mapped"":true},""thumb"":{""has_data"":true,""last_update_ts"":1784118761.838661,""mapped"":true}},""ports"":{""available"":[""BLE:Dexter""],""unavailable"":[]}}"
1784118761.897952,1784118761.8978288,503,ble,"{""index"":{""age_s"":0.009168386459350586,""channels"":3,""force"":[-0.2480388187243836,-0.38243580258000254],""has_data"":true,""last_update_ts"":1784118761.8886604,""raw"":[17279,16763,17710]},""middle"":{""age_s"":0.009168386459350586,""channels"":3,""force"":[-0.8465045732047294,0.6891060216299971],""has_data"":true,""last_update_ts"":1784118761.8886604,""raw"":[17362,15601,15240]},""pinky"":{""age_s"":0.009168386459350586,""channels"":3,""force"":[-1.025323256471145,-0.7457220620700022],""has_data"":true,""last_update_ts"":1784118761.8886604,""raw"":[17423,15290,17700]},""ring"":{""age_s"":0.009168386459350586,""channels"":3,""force"":[0.2744770649062467,0.25393959314999837],""has_data"":true,""last_update_ts"":1784118761.8886604,""raw"":[15798,16369,15626]},""thumb"":{""age_s"":0.009168386459350586,""channels"":3,""force"":[0.0,-2.220446049250313e-16],""has_data"":true,""last_update_ts"":1784118761.8886604,""raw"":[0,0,0]}}","{""ble"":{""connection_state"":""connected"",""counter"":993096,""finger_order"":""DexterController.Visualizer"",""last_error"":null,""last_sample_age_s"":0.009193664998747408,""reconnect_count"":0,""sample_hz"":20.0,""sample_sequence"":502,""timestamp_us"":9726691648},""fingers"":{""index"":{""has_data"":true,""last_update_ts"":1784118761.8886604,""mapped"":true},""middle"":{""has_data"":true,""last_update_ts"":1784118761.8886604,""mapped"":true},""pinky"":{""has_data"":true,""last_update_ts"":1784118761.8886604,""mapped"":true},""ring"":{""has_data"":true,""last_update_ts"":1784118761.8886604,""mapped"":true},""thumb"":{""has_data"":true,""last_update_ts"":1784118761.8886604,""mapped"":true}},""ports"":{""available"":[""BLE:Dexter""],""unavailable"":[]}}"
1784118761.9479485,1784118761.9478261,504,ble,"{""index"":{""age_s"":0.00916433334350586,""channels"":3,""force"":[-0.26005620335250157,-0.37771779921000004],""has_data"":true,""last_update_ts"":1784118761.9386618,""raw"":[17272,16731,17682]},""middle"":{""age_s"":0.00916433334350586,""channels"":3,""force"":[-0.8075682470096233,0.5500636870199989],""has_data"":true,""last_update_ts"":1784118761.9386618,""raw"":[17211,15531,15380]},""pinky"":{""age_s"":0.00916433334350586,""channels"":3,""force"":[-1.0234004749306482,-0.7396164106500027],""has_data"":true,""last_update_ts"":1784118761.9386618,""raw"":[17420,15291,17688]},""ring"":{""age_s"":0.00916433334350586,""channels"":3,""force"":[0.2888979264599918,0.2661508959900001],""has_data"":true,""last_update_ts"":1784118761.9386618,""raw"":[15792,16393,15613]},""thumb"":{""age_s"":0.00916433334350586,""channels"":3,""force"":[0.0,-2.220446049250313e-16],""has_data"":true,""last_update_ts"":1784118761.9386618,""raw"":[0,0,0]}}","{""ble"":{""connection_state"":""connected"",""counter"":993102,""finger_order"":""DexterController.Visualizer"",""last_error"":null,""last_sample_age_s"":0.009188525000354275,""reconnect_count"":0,""sample_hz"":20.0,""sample_sequence"":503,""timestamp_us"":9726748256},""fingers"":{""index"":{""has_data"":true,""last_update_ts"":1784118761.9386618,""mapped"":true},""middle"":{""has_data"":true,""last_update_ts"":1784118761.9386618,""mapped"":true},""pinky"":{""has_data"":true,""last_update_ts"":1784118761.9386618,""mapped"":true},""ring"":{""has_data"":true,""last_update_ts"":1784118761.9386618,""mapped"":true},""thumb"":{""has_data"":true,""last_update_ts"":1784118761.9386618,""mapped"":true}},""ports"":{""available"":[""BLE:Dexter""],""unavailable"":[]}}"
1784118761.997946,1784118761.9978275,505,ble,"{""index"":{""age_s"":0.009166479110717773,""channels"":3,""force"":[-0.3153361726418549,-0.32803999902000225],""has_data"":true,""last_update_ts"":1784118761.988661,""raw"":[17376,16720,17639]},""middle"":{""age_s"":0.009166479110717773,""channels"":3,""force"":[-0.7152747330656677,0.5245309628999983],""has_data"":true,""last_update_ts"":1784118761.988661,""raw"":[17080,15592,15391]},""pinky"":{""age_s"":0.009166479110717773,""channels"":3,""force"":[-1.0238811703157733,-0.7448894732400015],""has_data"":true,""last_update_ts"":1784118761.988661,""raw"":[17421,15291,17698]},""ring"":{""age_s"":0.009166479110717773,""channels"":3,""force"":[0.2773612372169971,0.2511642970499999],""has_data"":true,""last_update_ts"":1784118761.988661,""raw"":[15796,16373,15632]},""thumb"":{""age_s"":0.009166479110717773,""channels"":3,""force"":[0.0,-2.220446049250313e-16],""has_data"":true,""last_update_ts"":1784118761.988661,""raw"":[0,0,0]}}","{""ble"":{""connection_state"":""connected"",""counter"":993107,""finger_order"":""DexterController.Visualizer"",""last_error"":null,""last_sample_age_s"":0.009189998992951587,""reconnect_count"":0,""sample_hz"":20.0,""sample_sequence"":504,""timestamp_us"":9726795296},""fingers"":{""index"":{""has_data"":true,""last_update_ts"":1784118761.988661,""mapped"":true},""middle"":{""has_data"":true,""last_update_ts"":1784118761.988661,""mapped"":true},""pinky"":{""has_data"":true,""last_update_ts"":1784118761.988661,""mapped"":true},""ring"":{""has_data"":true,""last_update_ts"":1784118761.988661,""mapped"":true},""thumb"":{""has_data"":true,""last_update_ts"":1784118761.988661,""mapped"":true}},""ports"":{""available"":[""BLE:Dexter""],""unavailable"":[]}}"
1784118762.0479486,1784118762.0478268,506,ble,"{""index"":{""age_s"":0.009165048599243164,""channels"":3,""force"":[-0.35571458499233444,-0.32581976214000186],""has_data"":true,""last_update_ts"":1784118762.0386617,""raw"":[17409,16669,17626]},""middle"":{""age_s"":0.009165048599243164,""channels"":3,""force"":[-0.6513422468440702,0.4310034843299997],""has_data"":true,""last_update_ts"":1784118762.0386617,""raw"":[16943,15588,15489]},""pinky"":{""age_s"":0.009165048599243164,""channels"":3,""force"":[-1.0238811703157733,-0.7410040586999989],""has_data"":true,""last_update_ts"":1784118762.0386617,""raw"":[17421,15291,17691]},""ring"":{""age_s"":0.009165048599243164,""channels"":3,""force"":[0.27351567413599653,0.2533845339299976],""has_data"":true,""last_update_ts"":1784118762.0386617,""raw"":[15801,16370,15629]},""thumb"":{""age_s"":0.009165048599243164,""channels"":3,""force"":[0.0,-2.220446049250313e-16],""has_data"":true,""last_update_ts"":1784118762.0386617,""raw"":[0,0,0]}}","{""ble"":{""connection_state"":""connected"",""counter"":993112,""finger_order"":""DexterController.Visualizer"",""last_error"":null,""last_sample_age_s"":0.009189746997435577,""reconnect_count"":0,""sample_hz"":20.0,""sample_sequence"":505,""timestamp_us"":9726842368},""fingers"":{""index"":{""has_data"":true,""last_update_ts"":1784118762.0386617,""mapped"":true},""middle"":{""has_data"":true,""last_update_ts"":1784118762.0386617,""mapped"":true},""pinky"":{""has_data"":true,""last_update_ts"":1784118762.0386617,""mapped"":true},""ring"":{""has_data"":true,""last_update_ts"":1784118762.0386617,""mapped"":true},""thumb"":{""has_data"":true,""last_update_ts"":1784118762.0386617,""mapped"":true}},""ports"":{""available"":[""BLE:Dexter""],""unavailable"":[]}}"
1784118762.0979471,1784118762.0978255,507,ble,"{""index"":{""age_s"":0.009163856506347656,""channels"":3,""force"":[-0.29658905262198765,-0.30778033749000144],""has_data"":true,""last_update_ts"":1784118762.0886617,""raw"":[17346,16729,17592]},""middle"":{""age_s"":0.009163856506347656,""channels"":3,""force"":[-0.5850062836968508,0.4093561747499965],""has_data"":true,""last_update_ts"":1784118762.0886617,""raw"":[16859,15642,15513]},""pinky"":{""age_s"":0.009163856506347656,""channels"":3,""force"":[-1.022439084160398,-0.7473872397299992],""has_data"":true,""last_update_ts"":1784118762.0886617,""raw"":[17413,15286,17696]},""ring"":{""age_s"":0.009163856506347656,""channels"":3,""force"":[0.27399636952112516,0.2542171227599992],""has_data"":true,""last_update_ts"":1784118762.0886617,""raw"":[15803,16373,15630]},""thumb"":{""age_s"":0.009163856506347656,""channels"":3,""force"":[0.0,-2.220446049250313e-16],""has_data"":true,""last_update_ts"":1784118762.0886617,""raw"":[0,0,0]}}","{""ble"":{""connection_state"":""connected"",""counter"":993118,""finger_order"":""DexterController.Visualizer"",""last_error"":null,""last_sample_age_s"":0.009187603995087557,""reconnect_count"":0,""sample_hz"":20.0,""sample_sequence"":506,""timestamp_us"":9726898784},""fingers"":{""index"":{""has_data"":true,""last_update_ts"":1784118762.0886617,""mapped"":true},""middle"":{""has_data"":true,""last_update_ts"":1784118762.0886617,""mapped"":true},""pinky"":{""has_data"":true,""last_update_ts"":1784118762.0886617,""mapped"":true},""ring"":{""has_data"":true,""last_update_ts"":1784118762.0886617,""mapped"":true},""thumb"":{""has_data"":true,""last_update_ts"":1784118762.0886617,""mapped"":true}},""ports"":{""available"":[""BLE:Dexter""],""unavailable"":[]}}"
1784118762.1479454,1784118762.1478262,508,ble,"{""index"":{""age_s"":0.009164094924926758,""channels"":3,""force"":[-0.2860137541492396,-0.34163894991000276],""has_data"":true,""last_update_ts"":1784118762.138662,""raw"":[17301,16706,17619]},""middle"":{""age_s"":0.009164094924926758,""channels"":3,""force"":[-0.595100886784472,0.3652289667599984],""has_data"":true,""last_update_ts"":1784118762.138662,""raw"":[16830,15592,15553]},""pinky"":{""age_s"":0.009164094924926758,""channels"":3,""force"":[-1.0243618657008966,-0.7407265290900007],""has_data"":true,""last_update_ts"":1784118762.138662,""raw"":[17427,15296,17696]},""ring"":{""age_s"":0.009164094924926758,""channels"":3,""force"":[0.2860137541492431,0.2644857183299987],""has_data"":true,""last_update_ts"":1784118762.138662,""raw"":[15798,16393,15619]},""thumb"":{""age_s"":0.009164094924926758,""channels"":3,""force"":[0.0,-2.220446049250313e-16],""has_data"":true,""last_update_ts"":1784118762.138662,""raw"":[0,0,0]}}","{""ble"":{""connection_state"":""connected"",""counter"":993123,""finger_order"":""DexterController.Visualizer"",""last_error"":null,""last_sample_age_s"":0.009187522999127395,""reconnect_count"":0,""sample_hz"":20.0,""sample_sequence"":507,""timestamp_us"":9726945824},""fingers"":{""index"":{""has_data"":true,""last_update_ts"":1784118762.138662,""mapped"":true},""middle"":{""has_data"":true,""last_update_ts"":1784118762.138662,""mapped"":true},""pinky"":{""has_data"":true,""last_update_ts"":1784118762.138662,""mapped"":true},""ring"":{""has_data"":true,""last_update_ts"":1784118762.138662,""mapped"":true},""thumb"":{""has_data"":true,""last_update_ts"":1784118762.138662,""mapped"":true}},""ports"":{""available"":[""BLE:Dexter""],""unavailable"":[]}}"
1784118762.1979737,1784118762.1978526,509,ble,"{""index"":{""age_s"":0.009195804595947266,""channels"":3,""force"":[-0.2610175941227535,-0.3088904559300003],""has_data"":true,""last_update_ts"":1784118762.1886568,""raw"":[17302,16759,17587]},""middle"":{""age_s"":0.009195804595947266,""channels"":3,""force"":[-0.5705854221431075,0.4160168853899995],""has_data"":true,""last_update_ts"":1784118762.1886568,""raw"":[16828,15641,15485]},""pinky"":{""age_s"":0.009195804595947266,""channels"":3,""force"":[-1.0205163026198978,-0.7473872397300019],""has_data"":true,""last_update_ts"":1784118762.1886568,""raw"":[17419,15296,17704]},""ring"":{""age_s"":0.009195804595947266,""channels"":3,""force"":[0.276399846446747,0.2533845339299985],""has_data"":true,""last_update_ts"":1784118762.1886568,""raw"":[15799,16374,15630]},""thumb"":{""age_s"":0.009195804595947266,""channels"":3,""force"":[0.0,-2.220446049250313e-16],""has_data"":true,""last_update_ts"":1784118762.1886568,""raw"":[0,0,0]}}","{""ble"":{""connection_state"":""connected"",""counter"":993128,""finger_order"":""DexterController.Visualizer"",""last_error"":null,""last_sample_age_s"":0.009218503997544758,""reconnect_count"":0,""sample_hz"":20.0,""sample_sequence"":508,""timestamp_us"":9726992864},""fingers"":{""index"":{""has_data"":true,""last_update_ts"":1784118762.1886568,""mapped"":true},""middle"":{""has_data"":true,""last_update_ts"":1784118762.1886568,""mapped"":true},""pinky"":{""has_data"":true,""last_update_ts"":1784118762.1886568,""mapped"":true},""ring"":{""has_data"":true,""last_update_ts"":1784118762.1886568,""mapped"":true},""thumb"":{""has_data"":true,""last_update_ts"":1784118762.1886568,""mapped"":true}},""ports"":{""available"":[""BLE:Dexter""],""unavailable"":[]}}"
1784118762.247945,1784118762.2478259,510,ble,"{""index"":{""age_s"":0.009170770645141602,""channels"":3,""force"":[-0.2951469664666124,-0.2614328926200029],""has_data"":true,""last_update_ts"":1784118762.238655,""raw"":[17389,16775,17553]},""middle"":{""age_s"":0.009170770645141602,""channels"":3,""force"":[-0.5556838652042408,0.3036173933399997],""has_data"":true,""last_update_ts"":1784118762.238655,""raw"":[16727,15571,15602]},""pinky"":{""age_s"":0.009170770645141602,""channels"":3,""force"":[-1.0209969980050229,-0.7454445324600023],""has_data"":true,""last_update_ts"":1784118762.238655,""raw"":[17419,15295,17700]},""ring"":{""age_s"":0.009170770645141602,""channels"":3,""force"":[0.27447706490624313,0.25449465237],""has_data"":true,""last_update_ts"":1784118762.238655,""raw"":[15805,16376,15632]},""thumb"":{""age_s"":0.009170770645141602,""channels"":3,""force"":[0.0,-2.220446049250313e-16],""has_data"":true,""last_update_ts"":1784118762.238655,""raw"":[0,0,0]}}","{""ble"":{""connection_state"":""connected"",""counter"":993134,""finger_order"":""DexterController.Visualizer"",""last_error"":null,""last_sample_age_s"":0.009194396989187226,""reconnect_count"":0,""sample_hz"":20.0,""sample_sequence"":509,""timestamp_us"":9727049408},""fingers"":{""index"":{""has_data"":true,""last_update_ts"":1784118762.238655,""mapped"":true},""middle"":{""has_data"":true,""last_update_ts"":1784118762.238655,""mapped"":true},""pinky"":{""has_data"":true,""last_update_ts"":1784118762.238655,""mapped"":true},""ring"":{""has_data"":true,""last_update_ts"":1784118762.238655,""mapped"":true},""thumb"":{""has_data"":true,""last_update_ts"":1784118762.238655,""mapped"":true}},""ports"":{""available"":[""BLE:Dexter""],""unavailable"":[]}}"
1784118762.2979612,1784118762.297829,511,ble,"{""index"":{""age_s"":0.009178400039672852,""channels"":3,""force"":[-0.29274348954098706,-0.2589351261300026],""has_data"":true,""last_update_ts"":1784118762.2886505,""raw"":[17382,16773,17544]},""middle"":{""age_s"":0.009178400039672852,""channels"":3,""force"":[-0.5215544928603819,0.2900184424499992],""has_data"":true,""last_update_ts"":1784118762.2886505,""raw"":[16681,15596,15616]},""pinky"":{""age_s"":0.009178400039672852,""channels"":3,""force"":[-1.0229197795455214,-0.7448894732400024],""has_data"":true,""last_update_ts"":1784118762.2886505,""raw"":[17419,15291,17697]},""ring"":{""age_s"":0.009178400039672852,""channels"":3,""force"":[0.2783226279872473,0.256159830029997],""has_data"":true,""last_update_ts"":1784118762.2886505,""raw"":[15795,16374,15623]},""thumb"":{""age_s"":0.009178400039672852,""channels"":3,""force"":[0.0,-2.220446049250313e-16],""has_data"":true,""last_update_ts"":1784118762.2886505,""raw"":[0,0,0]}}","{""ble"":{""connection_state"":""connected"",""counter"":993139,""finger_order"":""DexterController.Visualizer"",""last_error"":null,""last_sample_age_s"":0.00920217199018225,""reconnect_count"":0,""sample_hz"":20.0,""sample_sequence"":510,""timestamp_us"":9727096256},""fingers"":{""index"":{""has_data"":true,""last_update_ts"":1784118762.2886505,""mapped"":true},""middle"":{""has_data"":true,""last_update_ts"":1784118762.2886505,""mapped"":true},""pinky"":{""has_data"":true,""last_update_ts"":1784118762.2886505,""mapped"":true},""ring"":{""has_data"":true,""last_update_ts"":1784118762.2886505,""mapped"":true},""thumb"":{""has_data"":true,""last_update_ts"":1784118762.2886505,""mapped"":true}},""ports"":{""available"":[""BLE:Dexter""],""unavailable"":[]}}"
1784118762.3479495,1784118762.3478284,512,ble,"{""index"":{""age_s"":0.009177446365356445,""channels"":3,""force"":[-0.3033187880137316,-0.26004524457000144],""has_data"":true,""last_update_ts"":1784118762.338651,""raw"":[17395,16764,17548]},""middle"":{""age_s"":0.009177446365356445,""channels"":3,""force"":[-0.4715621728074044,0.22729675058999899],""has_data"":true,""last_update_ts"":1784118762.338651,""raw"":[16581,15600,15681]},""pinky"":{""age_s"":0.009177446365356445,""channels"":3,""force"":[-1.0214776933901497,-0.7457220620700014],""has_data"":true,""last_update_ts"":1784118762.338651,""raw"":[17421,15296,17702]},""ring"":{""age_s"":0.009177446365356445,""channels"":3,""force"":[0.2763998464467452,0.25671488924999775],""has_data"":true,""last_update_ts"":1784118762.338651,""raw"":[15800,16375,15625]},""thumb"":{""age_s"":0.009177446365356445,""channels"":3,""force"":[0.0,-2.220446049250313e-16],""has_data"":true,""last_update_ts"":1784118762.338651,""raw"":[0,0,0]}}","{""ble"":{""connection_state"":""connected"",""counter"":993144,""finger_order"":""DexterController.Visualizer"",""last_error"":null,""last_sample_age_s"":0.009200949993100949,""reconnect_count"":0,""sample_hz"":20.0,""sample_sequence"":511,""timestamp_us"":9727143264},""fingers"":{""index"":{""has_data"":true,""last_update_ts"":1784118762.338651,""mapped"":true},""middle"":{""has_data"":true,""last_update_ts"":1784118762.338651,""mapped"":true},""pinky"":{""has_data"":true,""last_update_ts"":1784118762.338651,""mapped"":true},""ring"":{""has_data"":true,""last_update_ts"":1784118762.338651,""mapped"":true},""thumb"":{""has_data"":true,""last_update_ts"":1784118762.338651,""mapped"":true}},""ports"":{""available"":[""BLE:Dexter""],""unavailable"":[]}}"
1784118762.3979285,1784118762.3978066,513,ble,"{""index"":{""age_s"":0.009148120880126953,""channels"":3,""force"":[-0.40378412350481163,-0.22202368800000016],""has_data"":true,""last_update_ts"":1784118762.3886585,""raw"":[17530,16690,17510]},""middle"":{""age_s"":0.009148120880126953,""channels"":3,""force"":[-0.39465091118744233,0.15014351901000023],""has_data"":true,""last_update_ts"":1784118762.3886585,""raw"":[16443,15622,15762]},""pinky"":{""age_s"":0.009148120880126953,""channels"":3,""force"":[-1.0234004749306465,-0.7496074766100014],""has_data"":true,""last_update_ts"":1784118762.3886585,""raw"":[17418,15289,17704]},""ring"":{""age_s"":0.009148120880126953,""channels"":3,""force"":[0.27543845567649505,0.25449465236999913],""has_data"":true,""last_update_ts"":1784118762.3886585,""raw"":[15802,16375,15630]},""thumb"":{""age_s"":0.009148120880126953,""channels"":3,""force"":[0.0,-2.220446049250313e-16],""has_data"":true,""last_update_ts"":1784118762.3886585,""raw"":[0,0,0]}}","{""ble"":{""connection_state"":""connected"",""counter"":993150,""finger_order"":""DexterController.Visualizer"",""last_error"":null,""last_sample_age_s"":0.009172572987154126,""reconnect_count"":0,""sample_hz"":20.0,""sample_sequence"":512,""timestamp_us"":9727199904},""fingers"":{""index"":{""has_data"":true,""last_update_ts"":1784118762.3886585,""mapped"":true},""middle"":{""has_data"":true,""last_update_ts"":1784118762.3886585,""mapped"":true},""pinky"":{""has_data"":true,""last_update_ts"":1784118762.3886585,""mapped"":true},""ring"":{""has_data"":true,""last_update_ts"":1784118762.3886585,""mapped"":true},""thumb"":{""has_data"":true,""last_update_ts"":1784118762.3886585,""mapped"":true}},""ports"":{""available"":[""BLE:Dexter""],""unavailable"":[]}}"
1784118762.4479234,1784118762.4478028,514,ble,"{""index"":{""age_s"":0.009145259857177734,""channels"":3,""force"":[-0.7056608253631715,-0.18983025324000113],""has_data"":true,""last_update_ts"":1784118762.4386575,""raw"":[17878,16410,17486]},""middle"":{""age_s"":0.009145259857177734,""channels"":3,""force"":[-0.31004852340547906,0.13682209772999698],""has_data"":true,""last_update_ts"":1784118762.4386575,""raw"":[16329,15684,15760]},""pinky"":{""age_s"":0.009145259857177734,""channels"":3,""force"":[-1.0238811703157715,-0.7437793548000036],""has_data"":true,""last_update_ts"":1784118762.4386575,""raw"":[17426,15296,17701]},""ring"":{""age_s"":0.009145259857177734,""channels"":3,""force"":[0.27543845567649683,0.2572699484699976],""has_data"":true,""last_update_ts"":1784118762.4386575,""raw"":[15796,16369,15619]},""thumb"":{""age_s"":0.009145259857177734,""channels"":3,""force"":[0.0,-2.220446049250313e-16],""has_data"":true,""last_update_ts"":1784118762.4386575,""raw"":[0,0,0]}}","{""ble"":{""connection_state"":""connected"",""counter"":993155,""finger_order"":""DexterController.Visualizer"",""last_error"":null,""last_sample_age_s"":0.009168456002953462,""reconnect_count"":0,""sample_hz"":20.0,""sample_sequence"":513,""timestamp_us"":9727246880},""fingers"":{""index"":{""has_data"":true,""last_update_ts"":1784118762.4386575,""mapped"":true},""middle"":{""has_data"":true,""last_update_ts"":1784118762.4386575,""mapped"":true},""pinky"":{""has_data"":true,""last_update_ts"":1784118762.4386575,""mapped"":true},""ring"":{""has_data"":true,""last_update_ts"":1784118762.4386575,""mapped"":true},""thumb"":{""has_data"":true,""last_update_ts"":1784118762.4386575,""mapped"":true}},""ports"":{""available"":[""BLE:Dexter""],""unavailable"":[]}}"
1784118762.4979196,1784118762.4978023,515,ble,"{""index"":{""age_s"":0.00914454460144043,""channels"":3,""force"":[-1.0455124626463874,-0.27891725805000345],""has_data"":true,""last_update_ts"":1784118762.4886577,""raw"":[18195,16020,17610]},""middle"":{""age_s"":0.00914454460144043,""channels"":3,""force"":[-0.15862947709117847,0.04107438227999971],""has_data"":true,""last_update_ts"":1784118762.4886577,""raw"":[16100,15770,15861]},""pinky"":{""age_s"":0.00914454460144043,""channels"":3,""force"":[-1.02484256108602,-0.7437793548000027],""has_data"":true,""last_update_ts"":1784118762.4886577,""raw"":[17423,15291,17697]},""ring"":{""age_s"":0.00914454460144043,""channels"":3,""force"":[0.2778419326021204,0.2531070043199968],""has_data"":true,""last_update_ts"":1784118762.4886577,""raw"":[15794,16372,15627]},""thumb"":{""age_s"":0.00914454460144043,""channels"":3,""force"":[0.0,-2.220446049250313e-16],""has_data"":true,""last_update_ts"":1784118762.4886577,""raw"":[0,0,0]}}","{""ble"":{""connection_state"":""connected"",""counter"":993160,""finger_order"":""DexterController.Visualizer"",""last_error"":null,""last_sample_age_s"":0.009167414013063535,""reconnect_count"":0,""sample_hz"":20.0,""sample_sequence"":514,""timestamp_us"":9727293888},""fingers"":{""index"":{""has_data"":true,""last_update_ts"":1784118762.4886577,""mapped"":true},""middle"":{""has_data"":true,""last_update_ts"":1784118762.4886577,""mapped"":true},""pinky"":{""has_data"":true,""last_update_ts"":1784118762.4886577,""mapped"":true},""ring"":{""has_data"":true,""last_update_ts"":1784118762.4886577,""mapped"":true},""thumb"":{""has_data"":true,""last_update_ts"":1784118762.4886577,""mapped"":true}},""ports"":{""available"":[""BLE:Dexter""],""unavailable"":[]}}"
1784118762.547923,1784118762.5478044,516,ble,"{""index"":{""age_s"":0.009145259857177734,""channels"":3,""force"":[-1.3425822106534966,-0.3088904559300021],""has_data"":true,""last_update_ts"":1784118762.538659,""raw"":[18475,15682,17635]},""middle"":{""age_s"":0.009145259857177734,""channels"":3,""force"":[-0.11584758781506999,-0.12738609099000353],""has_data"":true,""last_update_ts"":1784118762.538659,""raw"":[15947,15706,16056]},""pinky"":{""age_s"":0.009145259857177734,""channels"":3,""force"":[-1.0248425610860235,-0.7459995916799986],""has_data"":true,""last_update_ts"":1784118762.538659,""raw"":[17425,15293,17703]},""ring"":{""age_s"":0.009145259857177734,""channels"":3,""force"":[0.2759191510616166,0.2542171227599983],""has_data"":true,""last_update_ts"":1784118762.538659,""raw"":[15797,16371,15626]},""thumb"":{""age_s"":0.009145259857177734,""channels"":3,""force"":[0.0,-2.220446049250313e-16],""has_data"":true,""last_update_ts"":1784118762.538659,""raw"":[0,0,0]}}","{""ble"":{""connection_state"":""connected"",""counter"":993166,""finger_order"":""DexterController.Visualizer"",""last_error"":null,""last_sample_age_s"":0.009168094999040477,""reconnect_count"":0,""sample_hz"":20.0,""sample_sequence"":515,""timestamp_us"":9727350336},""fingers"":{""index"":{""has_data"":true,""last_update_ts"":1784118762.538659,""mapped"":true},""middle"":{""has_data"":true,""last_update_ts"":1784118762.538659,""mapped"":true},""pinky"":{""has_data"":true,""last_update_ts"":1784118762.538659,""mapped"":true},""ring"":{""has_data"":true,""last_update_ts"":1784118762.538659,""mapped"":true},""thumb"":{""has_data"":true,""last_update_ts"":1784118762.538659,""mapped"":true}},""ports"":{""available"":[""BLE:Dexter""],""unavailable"":[]}}"
1784118762.5979393,1784118762.5978184,517,ble,"{""index"":{""age_s"":0.009158849716186523,""channels"":3,""force"":[-1.4863101308058067,-0.2203585103400023],""has_data"":true,""last_update_ts"":1784118762.5886595,""raw"":[18672,15580,17523]},""middle"":{""age_s"":0.009158849716186523,""channels"":3,""force"":[-0.250442295650009,-0.21952592150999983],""has_data"":true,""last_update_ts"":1784118762.5886595,""raw"":[16018,15497,16153]},""pinky"":{""age_s"":0.009158849716186523,""channels"":3,""force"":[-1.025323256471145,-0.7446119436300034],""has_data"":true,""last_update_ts"":1784118762.5886595,""raw"":[17426,15293,17701]},""ring"":{""age_s"":0.009158849716186523,""channels"":3,""force"":[0.2797647141426154,0.2503317082199965],""has_data"":true,""last_update_ts"":1784118762.5886595,""raw"":[15789,16371,15629]},""thumb"":{""age_s"":0.009158849716186523,""channels"":3,""force"":[0.0,-2.220446049250313e-16],""has_data"":true,""last_update_ts"":1784118762.5886595,""raw"":[0,0,0]}}","{""ble"":{""connection_state"":""connected"",""counter"":993171,""finger_order"":""DexterController.Visualizer"",""last_error"":null,""last_sample_age_s"":0.00918154200189747,""reconnect_count"":0,""sample_hz"":20.0,""sample_sequence"":516,""timestamp_us"":9727397408},""fingers"":{""index"":{""has_data"":true,""last_update_ts"":1784118762.5886595,""mapped"":true},""middle"":{""has_data"":true,""last_update_ts"":1784118762.5886595,""mapped"":true},""pinky"":{""has_data"":true,""last_update_ts"":1784118762.5886595,""mapped"":true},""ring"":{""has_data"":true,""last_update_ts"":1784118762.5886595,""mapped"":true},""thumb"":{""has_data"":true,""last_update_ts"":1784118762.5886595,""mapped"":true}},""ports"":{""available"":[""BLE:Dexter""],""unavailable"":[]}}"
1784118762.648048,1784118762.647842,518,ble,"{""index"":{""age_s"":0.009144306182861328,""channels"":3,""force"":[-1.3685397614502364,-0.10740395907000178],""has_data"":true,""last_update_ts"":1784118762.6386976,""raw"":[18626,15779,17396]},""middle"":{""age_s"":0.009144306182861328,""channels"":3,""force"":[-0.5965429729398473,-0.31000057437000095],""has_data"":true,""last_update_ts"":1784118762.6386976,""raw"":[16347,15106,16285]},""pinky"":{""age_s"":0.009144306182861328,""channels"":3,""force"":[-1.0383020318695149,-0.7515501838800018],""has_data"":true,""last_update_ts"":1784118762.6386976,""raw"":[17428,15268,17702]},""ring"":{""age_s"":0.009144306182861328,""channels"":3,""force"":[0.2735156741359983,0.25227441548999874],""has_data"":true,""last_update_ts"":1784118762.6386976,""raw"":[15804,16373,15634]},""thumb"":{""age_s"":0.009144306182861328,""channels"":3,""force"":[0.0,-2.220446049250313e-16],""has_data"":true,""last_update_ts"":1784118762.6386976,""raw"":[0,0,0]}}","{""ble"":{""connection_state"":""connected"",""counter"":993176,""finger_order"":""DexterController.Visualizer"",""last_error"":null,""last_sample_age_s"":0.009178566004266031,""reconnect_count"":0,""sample_hz"":20.0,""sample_sequence"":517,""timestamp_us"":9727444416},""fingers"":{""index"":{""has_data"":true,""last_update_ts"":1784118762.6386976,""mapped"":true},""middle"":{""has_data"":true,""last_update_ts"":1784118762.6386976,""mapped"":true},""pinky"":{""has_data"":true,""last_update_ts"":1784118762.6386976,""mapped"":true},""ring"":{""has_data"":true,""last_update_ts"":1784118762.6386976,""mapped"":true},""thumb"":{""has_data"":true,""last_update_ts"":1784118762.6386976,""mapped"":true}},""ports"":{""available"":[""BLE:Dexter""],""unavailable"":[]}}"
1784118762.6979218,1784118762.6978016,519,ble,"{""index"":{""age_s"":0.009122371673583984,""channels"":3,""force"":[-1.327199958329503,-0.15569411121000254],""has_data"":true,""last_update_ts"":1784118762.6886792,""raw"":[18546,15785,17446]},""middle"":{""age_s"":0.009122371673583984,""channels"":3,""force"":[-0.8537150039816019,-0.5062140086400024],""has_data"":true,""last_update_ts"":1784118762.6886792,""raw"":[16489,14713,16513]},""pinky"":{""age_s"":0.009122371673583984,""channels"":3,""force"":[-1.0243618657008966,-0.7446119436300016],""has_data"":true,""last_update_ts"":1784118762.6886792,""raw"":[17426,15295,17702]},""ring"":{""age_s"":0.009122371673583984,""channels"":3,""force"":[0.2744770649062449,0.25227441548999785],""has_data"":true,""last_update_ts"":1784118762.6886792,""raw"":[15800,16371,15631]},""thumb"":{""age_s"":0.009122371673583984,""channels"":3,""force"":[0.0,-2.220446049250313e-16],""has_data"":true,""last_update_ts"":1784118762.6886792,""raw"":[0,0,0]}}","{""ble"":{""connection_state"":""connected"",""counter"":993181,""finger_order"":""DexterController.Visualizer"",""last_error"":null,""last_sample_age_s"":0.009145450996584259,""reconnect_count"":0,""sample_hz"":20.0,""sample_sequence"":518,""timestamp_us"":9727491392},""fingers"":{""index"":{""has_data"":true,""last_update_ts"":1784118762.6886792,""mapped"":true},""middle"":{""has_data"":true,""last_update_ts"":1784118762.6886792,""mapped"":true},""pinky"":{""has_data"":true,""last_update_ts"":1784118762.6886792,""mapped"":true},""ring"":{""has_data"":true,""last_update_ts"":1784118762.6886792,""mapped"":true},""thumb"":{""has_data"":true,""last_update_ts"":1784118762.6886792,""mapped"":true}},""ports"":{""available"":[""BLE:Dexter""],""unavailable"":[]}}"
1784118762.7480755,1784118762.74792,520,ble,"{""index"":{""age_s"":0.009178876876831055,""channels"":3,""force"":[-1.3704625429907349,-0.19732355271000213],""has_data"":true,""last_update_ts"":1784118762.7387412,""raw"":[18570,15719,17500]},""middle"":{""age_s"":0.009178876876831055,""channels"":3,""force"":[-1.0844487888414953,-0.7443344140200026],""has_data"":true,""last_update_ts"":1784118762.7387412,""raw"":[16578,14322,16791]},""pinky"":{""age_s"":0.009178876876831055,""channels"":3,""force"":[-1.0243618657008948,-0.7468321805100002],""has_data"":true,""last_update_ts"":1784118762.7387412,""raw"":[17423,15292,17703]},""ring"":{""age_s"":0.009178876876831055,""channels"":3,""force"":[0.2754384556764933,0.256159830029997],""has_data"":true,""last_update_ts"":1784118762.7387412,""raw"":[15798,16371,15623]},""thumb"":{""age_s"":0.009178876876831055,""channels"":3,""force"":[0.0,-2.220446049250313e-16],""has_data"":true,""last_update_ts"":1784118762.7387412,""raw"":[0,0,0]}}","{""ble"":{""connection_state"":""connected"",""counter"":993187,""finger_order"":""DexterController.Visualizer"",""last_error"":null,""last_sample_age_s"":0.009208654999383725,""reconnect_count"":0,""sample_hz"":20.0,""sample_sequence"":519,""timestamp_us"":9727547936},""fingers"":{""index"":{""has_data"":true,""last_update_ts"":1784118762.7387412,""mapped"":true},""middle"":{""has_data"":true,""last_update_ts"":1784118762.7387412,""mapped"":true},""pinky"":{""has_data"":true,""last_update_ts"":1784118762.7387412,""mapped"":true},""ring"":{""has_data"":true,""last_update_ts"":1784118762.7387412,""mapped"":true},""thumb"":{""has_data"":true,""last_update_ts"":1784118762.7387412,""mapped"":true}},""ports"":{""available"":[""BLE:Dexter""],""unavailable"":[]}}"
1784118762.7980158,1784118762.7978835,521,ble,"{""index"":{""age_s"":0.009224891662597656,""channels"":3,""force"":[-1.5314954970075352,-0.4090786451400028],""has_data"":true,""last_update_ts"":1784118762.7886586,""raw"":[18606,15420,17750]},""middle"":{""age_s"":0.009224891662597656,""channels"":3,""force"":[-1.3906517491659747,-1.0299123827100019],""has_data"":true,""last_update_ts"":1784118762.7886586,""raw"":[16734,13841,17143]},""pinky"":{""age_s"":0.009224891662597656,""channels"":3,""force"":[-1.0234004749306482,-0.731290522350001],""has_data"":true,""last_update_ts"":1784118762.7886586,""raw"":[17434,15305,17687]},""ring"":{""age_s"":0.009224891662597656,""channels"":3,""force"":[0.26870872028474935,0.25671488924999863],""has_data"":true,""last_update_ts"":1784118762.7886586,""raw"":[15806,16365,15623]},""thumb"":{""age_s"":0.009224891662597656,""channels"":3,""force"":[0.0,-2.220446049250313e-16],""has_data"":true,""last_update_ts"":1784118762.7886586,""raw"":[0,0,0]}}","{""ble"":{""connection_state"":""connected"",""counter"":993192,""finger_order"":""DexterController.Visualizer"",""last_error"":null,""last_sample_age_s"":0.009248143003787845,""reconnect_count"":0,""sample_hz"":20.0,""sample_sequence"":520,""timestamp_us"":9727594976},""fingers"":{""index"":{""has_data"":true,""last_update_ts"":1784118762.7886586,""mapped"":true},""middle"":{""has_data"":true,""last_update_ts"":1784118762.7886586,""mapped"":true},""pinky"":{""has_data"":true,""last_update_ts"":1784118762.7886586,""mapped"":true},""ring"":{""has_data"":true,""last_update_ts"":1784118762.7886586,""mapped"":true},""thumb"":{""has_data"":true,""last_update_ts"":1784118762.7886586,""mapped"":true}},""ports"":{""available"":[""BLE:Dexter""],""unavailable"":[]}}"
1784118762.8479502,1784118762.847828,522,ble,"{""index"":{""age_s"":0.009168148040771484,""channels"":3,""force"":[-1.8612525312031298,-0.4701351593400034],""has_data"":true,""last_update_ts"":1784118762.8386598,""raw"":[18938,15066,17849]},""middle"":{""age_s"":0.009168148040771484,""channels"":3,""force"":[-1.5564916570340213,-1.2289011130800027],""has_data"":true,""last_update_ts"":1784118762.8386598,""raw"":[16774,13536,17369]},""pinky"":{""age_s"":0.009168148040771484,""channels"":3,""force"":[-1.0214776933901462,-0.7446119436300016],""has_data"":true,""last_update_ts"":1784118762.8386598,""raw"":[17415,15290,17694]},""ring"":{""age_s"":0.009168148040771484,""channels"":3,""force"":[0.27495776029137176,0.243115938359999],""has_data"":true,""last_update_ts"":1784118762.8386598,""raw"":[15794,16366,15642]},""thumb"":{""age_s"":0.009168148040771484,""channels"":3,""force"":[0.0,-2.220446049250313e-16],""has_data"":true,""last_update_ts"":1784118762.8386598,""raw"":[0,0,0]}}","{""ble"":{""connection_state"":""connected"",""counter"":993197,""finger_order"":""DexterController.Visualizer"",""last_error"":null,""last_sample_age_s"":0.009192673998768441,""reconnect_count"":0,""sample_hz"":20.0,""sample_sequence"":521,""timestamp_us"":9727641984},""fingers"":{""index"":{""has_data"":true,""last_update_ts"":1784118762.8386598,""mapped"":true},""middle"":{""has_data"":true,""last_update_ts"":1784118762.8386598,""mapped"":true},""pinky"":{""has_data"":true,""last_update_ts"":1784118762.8386598,""mapped"":true},""ring"":{""has_data"":true,""last_update_ts"":1784118762.8386598,""mapped"":true},""thumb"":{""has_data"":true,""last_update_ts"":1784118762.8386598,""mapped"":true}},""ports"":{""available"":[""BLE:Dexter""],""unavailable"":[]}}"
1784118762.8979409,1784118762.8978174,523,ble,"{""index"":{""age_s"":0.009158611297607422,""channels"":3,""force"":[-2.348677651719653,-0.5844773586600027],""has_data"":true,""last_update_ts"":1784118762.8886588,""raw"":[19398,14512,18008]},""middle"":{""age_s"":0.009158611297607422,""channels"":3,""force"":[-1.7675169311038,-1.5400118058899999],""has_data"":true,""last_update_ts"":1784118762.8886588,""raw"":[16792,13115,17728]},""pinky"":{""age_s"":0.009158611297607422,""channels"":3,""force"":[-1.0190742164645243,-0.7582108945199995],""has_data"":true,""last_update_ts"":1784118762.8886588,""raw"":[17409,15289,17715]},""ring"":{""age_s"":0.009158611297607422,""channels"":3,""force"":[0.27591915106161835,0.2458912344599975],""has_data"":true,""last_update_ts"":1784118762.8886588,""raw"":[15793,16367,15637]},""thumb"":{""age_s"":0.009158611297607422,""channels"":3,""force"":[0.0,-2.220446049250313e-16],""has_data"":true,""last_update_ts"":1784118762.8886588,""raw"":[0,0,0]}}","{""ble"":{""connection_state"":""connected"",""counter"":993203,""finger_order"":""DexterController.Visualizer"",""last_error"":null,""last_sample_age_s"":0.009182815003441647,""reconnect_count"":0,""sample_hz"":20.0,""sample_sequence"":522,""timestamp_us"":9727698496},""fingers"":{""index"":{""has_data"":true,""last_update_ts"":1784118762.8886588,""mapped"":true},""middle"":{""has_data"":true,""last_update_ts"":1784118762.8886588,""mapped"":true},""pinky"":{""has_data"":true,""last_update_ts"":1784118762.8886588,""mapped"":true},""ring"":{""has_data"":true,""last_update_ts"":1784118762.8886588,""mapped"":true},""thumb"":{""has_data"":true,""last_update_ts"":1784118762.8886588,""mapped"":true}},""ports"":{""available"":[""BLE:Dexter""],""unavailable"":[]}}"
1784118762.9479208,1784118762.9478023,524,ble,"{""index"":{""age_s"":0.00903940200805664,""channels"":3,""force"":[-2.4981739164934584,-0.6413709287100025],""has_data"":true,""last_update_ts"":1784118762.938763,""raw"":[19511,14314,18068]},""middle"":{""age_s"":0.00903940200805664,""channels"":3,""force"":[-2.095831879144021,-1.7828502146400016],""has_data"":true,""last_update_ts"":1784118762.938763,""raw"":[17011,12651,18043]},""pinky"":{""age_s"":0.00903940200805664,""channels"":3,""force"":[-1.022439084160398,-0.7351759368900019],""has_data"":true,""last_update_ts"":1784118762.938763,""raw"":[17422,15295,17683]},""ring"":{""age_s"":0.00903940200805664,""channels"":3,""force"":[0.2816874956831157,0.2519968858799979],""has_data"":true,""last_update_ts"":1784118762.938763,""raw"":[15797,16383,15636]},""thumb"":{""age_s"":0.00903940200805664,""channels"":3,""force"":[0.0,-2.220446049250313e-16],""has_data"":true,""last_update_ts"":1784118762.938763,""raw"":[0,0,0]}}","{""ble"":{""connection_state"":""connected"",""counter"":993208,""finger_order"":""DexterController.Visualizer"",""last_error"":null,""last_sample_age_s"":0.009062716999324039,""reconnect_count"":0,""sample_hz"":20.0,""sample_sequence"":523,""timestamp_us"":9727745568},""fingers"":{""index"":{""has_data"":true,""last_update_ts"":1784118762.938763,""mapped"":true},""middle"":{""has_data"":true,""last_update_ts"":1784118762.938763,""mapped"":true},""pinky"":{""has_data"":true,""last_update_ts"":1784118762.938763,""mapped"":true},""ring"":{""has_data"":true,""last_update_ts"":1784118762.938763,""mapped"":true},""thumb"":{""has_data"":true,""last_update_ts"":1784118762.938763,""mapped"":true}},""ports"":{""available"":[""BLE:Dexter""],""unavailable"":[]}}"
1784118762.997925,1784118762.9978032,525,ble,"{""index"":{""age_s"":0.009143590927124023,""channels"":3,""force"":[-2.395305104076755,-0.6147280861500022],""has_data"":true,""last_update_ts"":1784118762.9886596,""raw"":[19417,14434,18033]},""middle"":{""age_s"":0.009143590927124023,""channels"":3,""force"":[-2.3986699717726294,-1.9393769146800004],""has_data"":true,""last_update_ts"":1784118762.9886596,""raw"":[17283,12293,18282]},""pinky"":{""age_s"":0.009143590927124023,""channels"":3,""force"":[-1.0214776933901462,-0.7446119436300025],""has_data"":true,""last_update_ts"":1784118762.9886596,""raw"":[17418,15293,17697]},""ring"":{""age_s"":0.009143590927124023,""channels"":3,""force"":[0.2739963695211234,0.2547721819799982],""has_data"":true,""last_update_ts"":1784118762.9886596,""raw"":[15799,16369,15625]},""thumb"":{""age_s"":0.009143590927124023,""channels"":3,""force"":[0.0,-2.220446049250313e-16],""has_data"":true,""last_update_ts"":1784118762.9886596,""raw"":[0,0,0]}}","{""ble"":{""connection_state"":""connected"",""counter"":993213,""finger_order"":""DexterController.Visualizer"",""last_error"":null,""last_sample_age_s"":0.009167814991087653,""reconnect_count"":0,""sample_hz"":20.0,""sample_sequence"":524,""timestamp_us"":9727792576},""fingers"":{""index"":{""has_data"":true,""last_update_ts"":1784118762.9886596,""mapped"":true},""middle"":{""has_data"":true,""last_update_ts"":1784118762.9886596,""mapped"":true},""pinky"":{""has_data"":true,""last_update_ts"":1784118762.9886596,""mapped"":true},""ring"":{""has_data"":true,""last_update_ts"":1784118762.9886596,""mapped"":true},""thumb"":{""has_data"":true,""last_update_ts"":1784118762.9886596,""mapped"":true}},""ports"":{""available"":[""BLE:Dexter""],""unavailable"":[]}}"
1784118763.0479321,1784118763.0478146,526,ble,"{""index"":{""age_s"":0.009154558181762695,""channels"":3,""force"":[-2.5082685195810797,-0.5511738054599995],""has_data"":true,""last_update_ts"":1784118763.03866,""raw"":[19599,14381,17983]},""middle"":{""age_s"":0.009154558181762695,""channels"":3,""force"":[-2.6688207782127558,-2.0809170157800008],""has_data"":true,""last_update_ts"":1784118763.03866,""raw"":[17475,11923,18448]},""pinky"":{""age_s"":0.009154558181762695,""channels"":3,""force"":[-1.0229197795455232,-0.7415591179200005],""has_data"":true,""last_update_ts"":1784118763.03866,""raw"":[17420,15292,17692]},""ring"":{""age_s"":0.009154558181762695,""channels"":3,""force"":[0.28409097260874283,0.25949018534999624],""has_data"":true,""last_update_ts"":1784118763.03866,""raw"":[15800,16391,15628]},""thumb"":{""age_s"":0.009154558181762695,""channels"":3,""force"":[0.0,-2.220446049250313e-16],""has_data"":true,""last_update_ts"":1784118763.03866,""raw"":[0,0,0]}}","{""ble"":{""connection_state"":""connected"",""counter"":993219,""finger_order"":""DexterController.Visualizer"",""last_error"":null,""last_sample_age_s"":0.009177895000902936,""reconnect_count"":0,""sample_hz"":20.0,""sample_sequence"":525,""timestamp_us"":9727849024},""fingers"":{""index"":{""has_data"":true,""last_update_ts"":1784118763.03866,""mapped"":true},""middle"":{""has_data"":true,""last_update_ts"":1784118763.03866,""mapped"":true},""pinky"":{""has_data"":true,""last_update_ts"":1784118763.03866,""mapped"":true},""ring"":{""has_data"":true,""last_update_ts"":1784118763.03866,""mapped"":true},""thumb"":{""has_data"":true,""last_update_ts"":1784118763.03866,""mapped"":true}},""ports"":{""available"":[""BLE:Dexter""],""unavailable"":[]}}"
1784118763.0979218,1784118763.097804,527,ble,"{""index"":{""age_s"":0.00914311408996582,""channels"":3,""force"":[-2.6270002797068983,-0.49317011697000446],""has_data"":true,""last_update_ts"":1784118763.088661,""raw"":[19775,14310,17931]},""middle"":{""age_s"":0.00914311408996582,""channels"":3,""force"":[-2.858214759951916,-2.120326220400001],""has_data"":true,""last_update_ts"":1784118763.088661,""raw"":[17653,11707,18500]},""pinky"":{""age_s"":0.00914311408996582,""channels"":3,""force"":[-1.0238811703157733,-0.7448894732400015],""has_data"":true,""last_update_ts"":1784118763.088661,""raw"":[17421,15291,17698]},""ring"":{""age_s"":0.00914311408996582,""channels"":3,""force"":[0.2725542833657446,0.25449465237],""has_data"":true,""last_update_ts"":1784118763.088661,""raw"":[15805,16372,15630]},""thumb"":{""age_s"":0.00914311408996582,""channels"":3,""force"":[0.0,-2.220446049250313e-16],""has_data"":true,""last_update_ts"":1784118763.088661,""raw"":[0,0,0]}}","{""ble"":{""connection_state"":""connected"",""counter"":993224,""finger_order"":""DexterController.Visualizer"",""last_error"":null,""last_sample_age_s"":0.009166121002635919,""reconnect_count"":0,""sample_hz"":20.0,""sample_sequence"":526,""timestamp_us"":9727895968},""fingers"":{""index"":{""has_data"":true,""last_update_ts"":1784118763.088661,""mapped"":true},""middle"":{""has_data"":true,""last_update_ts"":1784118763.088661,""mapped"":true},""pinky"":{""has_data"":true,""last_update_ts"":1784118763.088661,""mapped"":true},""ring"":{""has_data"":true,""last_update_ts"":1784118763.088661,""mapped"":true},""thumb"":{""has_data"":true,""last_update_ts"":1784118763.088661,""mapped"":true}},""ports"":{""available"":[""BLE:Dexter""],""unavailable"":[]}}"
1784118763.1479378,1784118763.147816,528,ble,"{""index"":{""age_s"":0.009155750274658203,""channels"":3,""force"":[-2.552011799627433,-0.4543159715700016],""has_data"":true,""last_update_ts"":1784118763.1386602,""raw"":[19719,14410,17883]},""middle"":{""age_s"":0.009155750274658203,""channels"":3,""force"":[-3.001461984719098,-2.239108893480002],""has_data"":true,""last_update_ts"":1784118763.1386602,""raw"":[17748,11504,18660]},""pinky"":{""age_s"":0.009155750274658203,""channels"":3,""force"":[-1.0243618657008948,-0.7429467659700011],""has_data"":true,""last_update_ts"":1784118763.1386602,""raw"":[17423,15292,17696]},""ring"":{""age_s"":0.009155750274658203,""channels"":3,""force"":[0.276399846446747,0.25504971158999634],""has_data"":true,""last_update_ts"":1784118763.1386602,""raw"":[15799,16374,15627]},""thumb"":{""age_s"":0.009155750274658203,""channels"":3,""force"":[0.0,-2.220446049250313e-16],""has_data"":true,""last_update_ts"":1784118763.1386602,""raw"":[0,0,0]}}","{""ble"":{""connection_state"":""connected"",""counter"":993229,""finger_order"":""DexterController.Visualizer"",""last_error"":null,""last_sample_age_s"":0.009179326996672899,""reconnect_count"":0,""sample_hz"":20.0,""sample_sequence"":527,""timestamp_us"":9727943008},""fingers"":{""index"":{""has_data"":true,""last_update_ts"":1784118763.1386602,""mapped"":true},""middle"":{""has_data"":true,""last_update_ts"":1784118763.1386602,""mapped"":true},""pinky"":{""has_data"":true,""last_update_ts"":1784118763.1386602,""mapped"":true},""ring"":{""has_data"":true,""last_update_ts"":1784118763.1386602,""mapped"":true},""thumb"":{""has_data"":true,""last_update_ts"":1784118763.1386602,""mapped"":true}},""ports"":{""available"":[""BLE:Dexter""],""unavailable"":[]}}"
1784118763.1979463,1784118763.197825,529,ble,"{""index"":{""age_s"":0.00916433334350586,""channels"":3,""force"":[-2.6284423658622735,-0.5189803706999996],""has_data"":true,""last_update_ts"":1784118763.1886606,""raw"":[19757,14289,17958]},""middle"":{""age_s"":0.00916433334350586,""channels"":3,""force"":[-3.1067342740614263,-2.2427167784099993],""has_data"":true,""last_update_ts"":1784118763.1886606,""raw"":[17869,11406,18678]},""pinky"":{""age_s"":0.00916433334350586,""channels"":3,""force"":[-1.0224390841603999,-0.7440568844100017],""has_data"":true,""last_update_ts"":1784118763.1886606,""raw"":[17421,15294,17698]},""ring"":{""age_s"":0.00916433334350586,""channels"":3,""force"":[0.27303497875087146,0.2575474780799967],""has_data"":true,""last_update_ts"":1784118763.1886606,""raw"":[15804,16372,15624]},""thumb"":{""age_s"":0.00916433334350586,""channels"":3,""force"":[0.0,-2.220446049250313e-16],""has_data"":true,""last_update_ts"":1784118763.1886606,""raw"":[0,0,0]}}","{""ble"":{""connection_state"":""connected"",""counter"":993235,""finger_order"":""DexterController.Visualizer"",""last_error"":null,""last_sample_age_s"":0.009187424002448097,""reconnect_count"":0,""sample_hz"":20.0,""sample_sequence"":528,""timestamp_us"":9727999360},""fingers"":{""index"":{""has_data"":true,""last_update_ts"":1784118763.1886606,""mapped"":true},""middle"":{""has_data"":true,""last_update_ts"":1784118763.1886606,""mapped"":true},""pinky"":{""has_data"":true,""last_update_ts"":1784118763.1886606,""mapped"":true},""ring"":{""has_data"":true,""last_update_ts"":1784118763.1886606,""mapped"":true},""thumb"":{""has_data"":true,""last_update_ts"":1784118763.1886606,""mapped"":true}},""ports"":{""available"":[""BLE:Dexter""],""unavailable"":[]}}"
1784118763.247952,1784118763.2478287,530,ble,"{""index"":{""age_s"":0.009169340133666992,""channels"":3,""force"":[-2.605849682761411,-0.512042130450002],""has_data"":true,""last_update_ts"":1784118763.2386594,""raw"":[19743,14322,17955]},""middle"":{""age_s"":0.009169340133666992,""channels"":3,""force"":[-2.9817534739289826,-2.1955367447100036],""has_data"":true,""last_update_ts"":1784118763.2386594,""raw"":[17766,11563,18620]},""pinky"":{""age_s"":0.009169340133666992,""channels"":3,""force"":[-1.0209969980050246,-0.7448894732400015],""has_data"":true,""last_update_ts"":1784118763.2386594,""raw"":[17417,15293,17697]},""ring"":{""age_s"":0.009169340133666992,""channels"":3,""force"":[0.27495776029137,0.2564373596399969],""has_data"":true,""last_update_ts"":1784118763.2386594,""raw"":[15799,16371,15623]},""thumb"":{""age_s"":0.009169340133666992,""channels"":3,""force"":[0.0,-2.220446049250313e-16],""has_data"":true,""last_update_ts"":1784118763.2386594,""raw"":[0,0,0]}}","{""ble"":{""connection_state"":""connected"",""counter"":993240,""finger_order"":""DexterController.Visualizer"",""last_error"":null,""last_sample_age_s"":0.009194197002216242,""reconnect_count"":0,""sample_hz"":20.0,""sample_sequence"":529,""timestamp_us"":9728046144},""fingers"":{""index"":{""has_data"":true,""last_update_ts"":1784118763.2386594,""mapped"":true},""middle"":{""has_data"":true,""last_update_ts"":1784118763.2386594,""mapped"":true},""pinky"":{""has_data"":true,""last_update_ts"":1784118763.2386594,""mapped"":true},""ring"":{""has_data"":true,""last_update_ts"":1784118763.2386594,""mapped"":true},""thumb"":{""has_data"":true,""last_update_ts"":1784118763.2386594,""mapped"":true}},""ports"":{""available"":[""BLE:Dexter""],""unavailable"":[]}}"
1784118763.2979481,1784118763.2978272,531,ble,"{""index"":{""age_s"":0.009166240692138672,""channels"":3,""force"":[-2.6245968027812747,-0.5533940423400008],""has_data"":true,""last_update_ts"":1784118763.288661,""raw"":[19744,14284,18011]},""middle"":{""age_s"":0.009166240692138672,""channels"":3,""force"":[-2.966851916990114,-2.166951194880002],""has_data"":true,""last_update_ts"":1784118763.288661,""raw"":[17769,11597,18587]},""pinky"":{""age_s"":0.009166240692138672,""channels"":3,""force"":[-1.0243618657009002,-0.7435018251899992],""has_data"":true,""last_update_ts"":1784118763.288661,""raw"":[17425,15294,17699]},""ring"":{""age_s"":0.009166240692138672,""channels"":3,""force"":[0.27688054183187205,0.2547721819799982],""has_data"":true,""last_update_ts"":1784118763.288661,""raw"":[15794,16370,15623]},""thumb"":{""age_s"":0.009166240692138672,""channels"":3,""force"":[0.0,-2.220446049250313e-16],""has_data"":true,""last_update_ts"":1784118763.288661,""raw"":[0,0,0]}}","{""ble"":{""connection_state"":""connected"",""counter"":993245,""finger_order"":""DexterController.Visualizer"",""last_error"":null,""last_sample_age_s"":0.009190388998831622,""reconnect_count"":0,""sample_hz"":20.0,""sample_sequence"":530,""timestamp_us"":9728093056},""fingers"":{""index"":{""has_data"":true,""last_update_ts"":1784118763.288661,""mapped"":true},""middle"":{""has_data"":true,""last_update_ts"":1784118763.288661,""mapped"":true},""pinky"":{""has_data"":true,""last_update_ts"":1784118763.288661,""mapped"":true},""ring"":{""has_data"":true,""last_update_ts"":1784118763.288661,""mapped"":true},""thumb"":{""has_data"":true,""last_update_ts"":1784118763.288661,""mapped"":true}},""ports"":{""available"":[""BLE:Dexter""],""unavailable"":[]}}"
1784118763.347979,1784118763.3478293,532,ble,"{""index"":{""age_s"":0.009170055389404297,""channels"":3,""force"":[-2.642863227416017,-0.5861425363200006],""has_data"":true,""last_update_ts"":1784118763.3386593,""raw"":[19745,14247,18052]},""middle"":{""age_s"":0.009170055389404297,""channels"":3,""force"":[-2.8683093630395344,-2.1727793166900016],""has_data"":true,""last_update_ts"":1784118763.3386593,""raw"":[17645,11678,18576]},""pinky"":{""age_s"":0.009170055389404297,""channels"":3,""force"":[-1.0229197795455214,-0.7360085257200026],""has_data"":true,""last_update_ts"":1784118763.3386593,""raw"":[17423,15295,17685]},""ring"":{""age_s"":0.009170055389404297,""channels"":3,""force"":[0.2884172310748667,0.2647632479399977],""has_data"":true,""last_update_ts"":1784118763.3386593,""raw"":[15799,16399,15622]},""thumb"":{""age_s"":0.009170055389404297,""channels"":3,""force"":[0.0,-2.220446049250313e-16],""has_data"":true,""last_update_ts"":1784118763.3386593,""raw"":[0,0,0]}}","{""ble"":{""connection_state"":""connected"",""counter"":993251,""finger_order"":""DexterController.Visualizer"",""last_error"":null,""last_sample_age_s"":0.009198054001899436,""reconnect_count"":0,""sample_hz"":20.0,""sample_sequence"":531,""timestamp_us"":9728149440},""fingers"":{""index"":{""has_data"":true,""last_update_ts"":1784118763.3386593,""mapped"":true},""middle"":{""has_data"":true,""last_update_ts"":1784118763.3386593,""mapped"":true},""pinky"":{""has_data"":true,""last_update_ts"":1784118763.3386593,""mapped"":true},""ring"":{""has_data"":true,""last_update_ts"":1784118763.3386593,""mapped"":true},""thumb"":{""has_data"":true,""last_update_ts"":1784118763.3386593,""mapped"":true}},""ports"":{""available"":[""BLE:Dexter""],""unavailable"":[]}}"
1784118763.397961,1784118763.3978255,533,ble,"{""index"":{""age_s"":0.009166240692138672,""channels"":3,""force"":[-2.7067957136376126,-0.6186135006899995],""has_data"":true,""last_update_ts"":1784118763.3886592,""raw"":[19815,14184,18114]},""middle"":{""age_s"":0.009166240692138672,""channels"":3,""force"":[-2.699104587475613,-2.1333701120699997],""has_data"":true,""last_update_ts"":1784118763.3886592,""raw"":[17460,11845,18496]},""pinky"":{""age_s"":0.009166240692138672,""channels"":3,""force"":[-1.0224390841603963,-0.7407265290900016],""has_data"":true,""last_update_ts"":1784118763.3886592,""raw"":[17419,15292,17690]},""ring"":{""age_s"":0.009166240692138672,""channels"":3,""force"":[0.2884172310748667,0.26143289261999847],""has_data"":true,""last_update_ts"":1784118763.3886592,""raw"":[15794,16394,15623]},""thumb"":{""age_s"":0.009166240692138672,""channels"":3,""force"":[0.0,-2.220446049250313e-16],""has_data"":true,""last_update_ts"":1784118763.3886592,""raw"":[0,0,0]}}","{""ble"":{""connection_state"":""connected"",""counter"":993256,""finger_order"":""DexterController.Visualizer"",""last_error"":null,""last_sample_age_s"":0.009189728007186204,""reconnect_count"":0,""sample_hz"":20.0,""sample_sequence"":532,""timestamp_us"":9728196288},""fingers"":{""index"":{""has_data"":true,""last_update_ts"":1784118763.3886592,""mapped"":true},""middle"":{""has_data"":true,""last_update_ts"":1784118763.3886592,""mapped"":true},""pinky"":{""has_data"":true,""last_update_ts"":1784118763.3886592,""mapped"":true},""ring"":{""has_data"":true,""last_update_ts"":1784118763.3886592,""mapped"":true},""thumb"":{""has_data"":true,""last_update_ts"":1784118763.3886592,""mapped"":true}},""ports"":{""available"":[""BLE:Dexter""],""unavailable"":[]}}"
1784118763.4479477,1784118763.4478264,534,ble,"{""index"":{""age_s"":0.009165763854980469,""channels"":3,""force"":[-2.733233959819474,-0.6116752604400011],""has_data"":true,""last_update_ts"":1784118763.4386606,""raw"":[19860,14174,18119]},""middle"":{""age_s"":0.009165763854980469,""channels"":3,""force"":[-2.6284423658622726,-2.10866997678],""has_data"":true,""last_update_ts"":1784118763.4386606,""raw"":[17380,11912,18445]},""pinky"":{""age_s"":0.009165763854980469,""channels"":3,""force"":[-0.8969775886428302,-0.6882734328000026],""has_data"":true,""last_update_ts"":1784118763.4386606,""raw"":[17381,15515,17688]},""ring"":{""age_s"":0.009165763854980469,""channels"":3,""force"":[0.2773612372169936,0.283357731809998],""has_data"":true,""last_update_ts"":1784118763.4386606,""raw"":[15797,16374,15575]},""thumb"":{""age_s"":0.009165763854980469,""channels"":3,""force"":[0.0,-2.220446049250313e-16],""has_data"":true,""last_update_ts"":1784118763.4386606,""raw"":[0,0,0]}}","{""ble"":{""connection_state"":""connected"",""counter"":993261,""finger_order"":""DexterController.Visualizer"",""last_error"":null,""last_sample_age_s"":0.009189338001306169,""reconnect_count"":0,""sample_hz"":20.0,""sample_sequence"":533,""timestamp_us"":9728243232},""fingers"":{""index"":{""has_data"":true,""last_update_ts"":1784118763.4386606,""mapped"":true},""middle"":{""has_data"":true,""last_update_ts"":1784118763.4386606,""mapped"":true},""pinky"":{""has_data"":true,""last_update_ts"":1784118763.4386606,""mapped"":true},""ring"":{""has_data"":true,""last_update_ts"":1784118763.4386606,""mapped"":true},""thumb"":{""has_data"":true,""last_update_ts"":1784118763.4386606,""mapped"":true}},""ports"":{""available"":[""BLE:Dexter""],""unavailable"":[]}}"
1784118763.4979475,1784118763.4978263,535,ble,"{""index"":{""age_s"":0.009165287017822266,""channels"":3,""force"":[-2.7192937936508574,-0.5414602691100026],""has_data"":true,""last_update_ts"":1784118763.488661,""raw"":[19899,14242,18046]},""middle"":{""age_s"":0.009165287017822266,""channels"":3,""force"":[-2.5885446488969173,-2.138920704270002],""has_data"":true,""last_update_ts"":1784118763.488661,""raw"":[17328,11943,18489]},""pinky"":{""age_s"":0.009165287017822266,""channels"":3,""force"":[-1.0238811703157715,-0.7437793548000036],""has_data"":true,""last_update_ts"":1784118763.488661,""raw"":[17426,15296,17701]},""ring"":{""age_s"":0.009165287017822266,""channels"":3,""force"":[0.28024540952774224,0.25449465236999824],""has_data"":true,""last_update_ts"":1784118763.488661,""raw"":[15792,16375,15625]},""thumb"":{""age_s"":0.009165287017822266,""channels"":3,""force"":[0.0,-2.220446049250313e-16],""has_data"":true,""last_update_ts"":1784118763.488661,""raw"":[0,0,0]}}","{""ble"":{""connection_state"":""connected"",""counter"":993267,""finger_order"":""DexterController.Visualizer"",""last_error"":null,""last_sample_age_s"":0.009188605996314436,""reconnect_count"":0,""sample_hz"":20.0,""sample_sequence"":534,""timestamp_us"":9728299936},""fingers"":{""index"":{""has_data"":true,""last_update_ts"":1784118763.488661,""mapped"":true},""middle"":{""has_data"":true,""last_update_ts"":1784118763.488661,""mapped"":true},""pinky"":{""has_data"":true,""last_update_ts"":1784118763.488661,""mapped"":true},""ring"":{""has_data"":true,""last_update_ts"":1784118763.488661,""mapped"":true},""thumb"":{""has_data"":true,""last_update_ts"":1784118763.488661,""mapped"":true}},""ports"":{""available"":[""BLE:Dexter""],""unavailable"":[]}}"
1784118763.5479486,1784118763.5478263,536,ble,"{""index"":{""age_s"":0.009164094924926758,""channels"":3,""force"":[-2.7168903167252303,-0.5001083572200002],""has_data"":true,""last_update_ts"":1784118763.5386622,""raw"":[19908,14256,17983]},""middle"":{""age_s"":0.009164094924926758,""channels"":3,""force"":[-2.6101759412275314,-2.107559858340001],""has_data"":true,""last_update_ts"":1784118763.5386622,""raw"":[17376,11946,18458]},""pinky"":{""age_s"":0.009164094924926758,""channels"":3,""force"":[-1.022439084160398,-0.7390613514300037],""has_data"":true,""last_update_ts"":1784118763.5386622,""raw"":[17416,15289,17684]},""ring"":{""age_s"":0.009164094924926758,""channels"":3,""force"":[0.2860137541492449,0.2633755998899989],""has_data"":true,""last_update_ts"":1784118763.5386622,""raw"":[15795,16390,15618]},""thumb"":{""age_s"":0.009164094924926758,""channels"":3,""force"":[0.0,-2.220446049250313e-16],""has_data"":true,""last_update_ts"":1784118763.5386622,""raw"":[0,0,0]}}","{""ble"":{""connection_state"":""connected"",""counter"":993272,""finger_order"":""DexterController.Visualizer"",""last_error"":null,""last_sample_age_s"":0.009188014999381267,""reconnect_count"":0,""sample_hz"":20.0,""sample_sequence"":535,""timestamp_us"":9728346912},""fingers"":{""index"":{""has_data"":true,""last_update_ts"":1784118763.5386622,""mapped"":true},""middle"":{""has_data"":true,""last_update_ts"":1784118763.5386622,""mapped"":true},""pinky"":{""has_data"":true,""last_update_ts"":1784118763.5386622,""mapped"":true},""ring"":{""has_data"":true,""last_update_ts"":1784118763.5386622,""mapped"":true},""thumb"":{""has_data"":true,""last_update_ts"":1784118763.5386622,""mapped"":true}},""ports"":{""available"":[""BLE:Dexter""],""unavailable"":[]}}"
1784118763.5979471,1784118763.5978255,537,ble,"{""index"":{""age_s"":0.009164094924926758,""channels"":3,""force"":[-2.6923748520838657,-0.4742981034900007],""has_data"":true,""last_update_ts"":1784118763.5886614,""raw"":[19908,14307,17962]},""middle"":{""age_s"":0.009164094924926758,""channels"":3,""force"":[-2.630845842787897,-2.0567719397100026],""has_data"":true,""last_update_ts"":1784118763.5886614,""raw"":[17433,11960,18402]},""pinky"":{""age_s"":0.009164094924926758,""channels"":3,""force"":[-1.021958388775273,-0.743224295580001],""has_data"":true,""last_update_ts"":1784118763.5886614,""raw"":[17416,15290,17692]},""ring"":{""age_s"":0.009164094924926758,""channels"":3,""force"":[0.27303497875087146,0.2542171227599992],""has_data"":true,""last_update_ts"":1784118763.5886614,""raw"":[15804,16372,15630]},""thumb"":{""age_s"":0.009164094924926758,""channels"":3,""force"":[0.0,-2.220446049250313e-16],""has_data"":true,""last_update_ts"":1784118763.5886614,""raw"":[0,0,0]}}","{""ble"":{""connection_state"":""connected"",""counter"":993277,""finger_order"":""DexterController.Visualizer"",""last_error"":null,""last_sample_age_s"":0.00918795500183478,""reconnect_count"":0,""sample_hz"":20.0,""sample_sequence"":536,""timestamp_us"":9728393856},""fingers"":{""index"":{""has_data"":true,""last_update_ts"":1784118763.5886614,""mapped"":true},""middle"":{""has_data"":true,""last_update_ts"":1784118763.5886614,""mapped"":true},""pinky"":{""has_data"":true,""last_update_ts"":1784118763.5886614,""mapped"":true},""ring"":{""has_data"":true,""last_update_ts"":1784118763.5886614,""mapped"":true},""thumb"":{""has_data"":true,""last_update_ts"":1784118763.5886614,""mapped"":true}},""ports"":{""available"":[""BLE:Dexter""],""unavailable"":[]}}"
1784118763.6479468,1784118763.6478255,538,ble,"{""index"":{""age_s"":0.009168863296508789,""channels"":3,""force"":[-2.759672206001337,-0.5409052098900027],""has_data"":true,""last_update_ts"":1784118763.6386566,""raw"":[19959,14218,18063]},""middle"":{""age_s"":0.009168863296508789,""channels"":3,""force"":[-2.5760465688836707,-2.0612124134700025],""has_data"":true,""last_update_ts"":1784118763.6386566,""raw"":[17389,12030,18423]},""pinky"":{""age_s"":0.009168863296508789,""channels"":3,""force"":[-1.0262846472413933,-0.743501825190001],""has_data"":true,""last_update_ts"":1784118763.6386566,""raw"":[17423,15288,17695]},""ring"":{""age_s"":0.009168863296508789,""channels"":3,""force"":[0.27399636952111805,0.25366206353999665],""has_data"":true,""last_update_ts"":1784118763.6386566,""raw"":[15801,16371,15629]},""thumb"":{""age_s"":0.009168863296508789,""channels"":3,""force"":[0.0,-2.220446049250313e-16],""has_data"":true,""last_update_ts"":1784118763.6386566,""raw"":[0,0,0]}}","{""ble"":{""connection_state"":""connected"",""counter"":993283,""finger_order"":""DexterController.Visualizer"",""last_error"":null,""last_sample_age_s"":0.009192191995680332,""reconnect_count"":0,""sample_hz"":20.0,""sample_sequence"":537,""timestamp_us"":9728450304},""fingers"":{""index"":{""has_data"":true,""last_update_ts"":1784118763.6386566,""mapped"":true},""middle"":{""has_data"":true,""last_update_ts"":1784118763.6386566,""mapped"":true},""pinky"":{""has_data"":true,""last_update_ts"":1784118763.6386566,""mapped"":true},""ring"":{""has_data"":true,""last_update_ts"":1784118763.6386566,""mapped"":true},""thumb"":{""has_data"":true,""last_update_ts"":1784118763.6386566,""mapped"":true}},""ports"":{""available"":[""BLE:Dexter""],""unavailable"":[]}}"
1784118763.6979477,1784118763.6978266,539,ble,"{""index"":{""age_s"":0.009170055389404297,""channels"":3,""force"":[-2.7558266429203364,-0.6347102180700013],""has_data"":true,""last_update_ts"":1784118763.6886566,""raw"":[19880,14147,18157]},""middle"":{""age_s"":0.009170055389404297,""channels"":3,""force"":[-2.530861202681945,-2.096181144330001],""has_data"":true,""last_update_ts"":1784118763.6886566,""raw"":[17314,12049,18458]},""pinky"":{""age_s"":0.009170055389404297,""channels"":3,""force"":[-1.025323256471145,-0.7479422989500017],""has_data"":true,""last_update_ts"":1784118763.6886566,""raw"":[17423,15290,17704]},""ring"":{""age_s"":0.009170055389404297,""channels"":3,""force"":[0.27928401875749564,0.2522744154899961],""has_data"":true,""last_update_ts"":1784118763.6886566,""raw"":[15791,16372,15627]},""thumb"":{""age_s"":0.009170055389404297,""channels"":3,""force"":[0.0,-2.220446049250313e-16],""has_data"":true,""last_update_ts"":1784118763.6886566,""raw"":[0,0,0]}}","{""ble"":{""connection_state"":""connected"",""counter"":993288,""finger_order"":""DexterController.Visualizer"",""last_error"":null,""last_sample_age_s"":0.009192964003887028,""reconnect_count"":0,""sample_hz"":20.0,""sample_sequence"":538,""timestamp_us"":9728497344},""fingers"":{""index"":{""has_data"":true,""last_update_ts"":1784118763.6886566,""mapped"":true},""middle"":{""has_data"":true,""last_update_ts"":1784118763.6886566,""mapped"":true},""pinky"":{""has_data"":true,""last_update_ts"":1784118763.6886566,""mapped"":true},""ring"":{""has_data"":true,""last_update_ts"":1784118763.6886566,""mapped"":true},""thumb"":{""has_data"":true,""last_update_ts"":1784118763.6886566,""mapped"":true}},""ports"":{""available"":[""BLE:Dexter""],""unavailable"":[]}}"
1784118763.7479496,1784118763.7478285,540,ble,"{""index"":{""age_s"":0.009171724319458008,""channels"":3,""force"":[-2.690452070543369,-0.615838204590001],""has_data"":true,""last_update_ts"":1784118763.7386568,""raw"":[19810,14213,18121]},""middle"":{""age_s"":0.009171724319458008,""channels"":3,""force"":[-2.5284577257563194,-2.0653753576200016],""has_data"":true,""last_update_ts"":1784118763.7386568,""raw"":[17315,12055,18406]},""pinky"":{""age_s"":0.009171724319458008,""channels"":3,""force"":[-0.5561645605893641,-0.5131522488900009],""has_data"":true,""last_update_ts"":1784118763.7386568,""raw"":[17291,16134,17637]},""ring"":{""age_s"":0.009171724319458008,""channels"":3,""force"":[0.3004346157029847,0.356070489629996],""has_data"":true,""last_update_ts"":1784118763.7386568,""raw"":[15770,16395,15441]},""thumb"":{""age_s"":0.009171724319458008,""channels"":3,""force"":[0.0,-2.220446049250313e-16],""has_data"":true,""last_update_ts"":1784118763.7386568,""raw"":[0,0,0]}}","{""ble"":{""connection_state"":""connected"",""counter"":993293,""finger_order"":""DexterController.Visualizer"",""last_error"":null,""last_sample_age_s"":0.00919518900627736,""reconnect_count"":0,""sample_hz"":20.0,""sample_sequence"":539,""timestamp_us"":9728544384},""fingers"":{""index"":{""has_data"":true,""last_update_ts"":1784118763.7386568,""mapped"":true},""middle"":{""has_data"":true,""last_update_ts"":1784118763.7386568,""mapped"":true},""pinky"":{""has_data"":true,""last_update_ts"":1784118763.7386568,""mapped"":true},""ring"":{""has_data"":true,""last_update_ts"":1784118763.7386568,""mapped"":true},""thumb"":{""has_data"":true,""last_update_ts"":1784118763.7386568,""mapped"":true}},""ports"":{""available"":[""BLE:Dexter""],""unavailable"":[]}}"
1784118763.7979534,1784118763.797831,541,ble,"{""index"":{""age_s"":0.009180545806884766,""channels"":3,""force"":[-2.639498359720143,-0.6635732975100019],""has_data"":true,""last_update_ts"":1784118763.7886505,""raw"":[19739,14248,18189]},""middle"":{""age_s"":0.009180545806884766,""channels"":3,""force"":[-2.5457627596208097,-2.178607438500003],""has_data"":true,""last_update_ts"":1784118763.7886505,""raw"":[17292,11996,18569]},""pinky"":{""age_s"":0.009180545806884766,""channels"":3,""force"":[-1.0262846472413987,-0.7423917067499994],""has_data"":true,""last_update_ts"":1784118763.7886505,""raw"":[17425,15290,17695]},""ring"":{""age_s"":0.009180545806884766,""channels"":3,""force"":[0.2735156741359983,0.2550497115899981],""has_data"":true,""last_update_ts"":1784118763.7886505,""raw"":[15804,16373,15629]},""thumb"":{""age_s"":0.009180545806884766,""channels"":3,""force"":[0.0,-2.220446049250313e-16],""has_data"":true,""last_update_ts"":1784118763.7886505,""raw"":[0,0,0]}}","{""ble"":{""connection_state"":""connected"",""counter"":993298,""finger_order"":""DexterController.Visualizer"",""last_error"":null,""last_sample_age_s"":0.009203826004522853,""reconnect_count"":0,""sample_hz"":20.0,""sample_sequence"":540,""timestamp_us"":9728591456},""fingers"":{""index"":{""has_data"":true,""last_update_ts"":1784118763.7886505,""mapped"":true},""middle"":{""has_data"":true,""last_update_ts"":1784118763.7886505,""mapped"":true},""pinky"":{""has_data"":true,""last_update_ts"":1784118763.7886505,""mapped"":true},""ring"":{""has_data"":true,""last_update_ts"":1784118763.7886505,""mapped"":true},""thumb"":{""has_data"":true,""last_update_ts"":1784118763.7886505,""mapped"":true}},""ports"":{""available"":[""BLE:Dexter""],""unavailable"":[]}}"
1784118763.8479497,1784118763.847828,542,ble,"{""index"":{""age_s"":0.00917673110961914,""channels"":3,""force"":[-2.595755079673788,-0.6311023331400021],""has_data"":true,""last_update_ts"":1784118763.8386512,""raw"":[19709,14309,18146]},""middle"":{""age_s"":0.00917673110961914,""channels"":3,""force"":[-2.5476855411613126,-2.180272616160001],""has_data"":true,""last_update_ts"":1784118763.8386512,""raw"":[17302,12002,18580]},""pinky"":{""age_s"":0.00917673110961914,""channels"":3,""force"":[-1.02484256108602,-0.7437793548000009],""has_data"":true,""last_update_ts"":1784118763.8386512,""raw"":[17418,15286,17692]},""ring"":{""age_s"":0.00917673110961914,""channels"":3,""force"":[0.27447706490624846,0.25504971158999634],""has_data"":true,""last_update_ts"":1784118763.8386512,""raw"":[15803,16374,15629]},""thumb"":{""age_s"":0.00917673110961914,""channels"":3,""force"":[0.0,-2.220446049250313e-16],""has_data"":true,""last_update_ts"":1784118763.8386512,""raw"":[0,0,0]}}","{""ble"":{""connection_state"":""connected"",""counter"":993304,""finger_order"":""DexterController.Visualizer"",""last_error"":null,""last_sample_age_s"":0.009200319007504731,""reconnect_count"":0,""sample_hz"":20.0,""sample_sequence"":541,""timestamp_us"":9728647904},""fingers"":{""index"":{""has_data"":true,""last_update_ts"":1784118763.8386512,""mapped"":true},""middle"":{""has_data"":true,""last_update_ts"":1784118763.8386512,""mapped"":true},""pinky"":{""has_data"":true,""last_update_ts"":1784118763.8386512,""mapped"":true},""ring"":{""has_data"":true,""last_update_ts"":1784118763.8386512,""mapped"":true},""thumb"":{""has_data"":true,""last_update_ts"":1784118763.8386512,""mapped"":true}},""ports"":{""available"":[""BLE:Dexter""],""unavailable"":[]}}"
1784118763.8979506,1784118763.8978283,543,ble,"{""index"":{""age_s"":0.009169578552246094,""channels"":3,""force"":[-2.5419171965398117,-0.5778166480200024],""has_data"":true,""last_update_ts"":1784118763.8886588,""raw"":[19693,14405,18090]},""middle"":{""age_s"":0.009169578552246094,""channels"":3,""force"":[-2.621231935085401,-2.189431093290003],""has_data"":true,""last_update_ts"":1784118763.8886588,""raw"":[17378,11925,18596]},""pinky"":{""age_s"":0.009169578552246094,""channels"":3,""force"":[-1.0214776933901462,-0.7440568844100008],""has_data"":true,""last_update_ts"":1784118763.8886588,""raw"":[17418,15293,17696]},""ring"":{""age_s"":0.009169578552246094,""channels"":3,""force"":[0.276399846446747,0.25449465236999735],""has_data"":true,""last_update_ts"":1784118763.8886588,""raw"":[15798,16373,15627]},""thumb"":{""age_s"":0.009169578552246094,""channels"":3,""force"":[0.0,-2.220446049250313e-16],""has_data"":true,""last_update_ts"":1784118763.8886588,""raw"":[0,0,0]}}","{""ble"":{""connection_state"":""connected"",""counter"":993309,""finger_order"":""DexterController.Visualizer"",""last_error"":null,""last_sample_age_s"":0.009193556004902348,""reconnect_count"":0,""sample_hz"":20.0,""sample_sequence"":542,""timestamp_us"":9728694944},""fingers"":{""index"":{""has_data"":true,""last_update_ts"":1784118763.8886588,""mapped"":true},""middle"":{""has_data"":true,""last_update_ts"":1784118763.8886588,""mapped"":true},""pinky"":{""has_data"":true,""last_update_ts"":1784118763.8886588,""mapped"":true},""ring"":{""has_data"":true,""last_update_ts"":1784118763.8886588,""mapped"":true},""thumb"":{""has_data"":true,""last_update_ts"":1784118763.8886588,""mapped"":true}},""ports"":{""available"":[""BLE:Dexter""],""unavailable"":[]}}"
1784118763.94795,1784118763.947827,544,ble,"{""index"":{""age_s"":0.00916743278503418,""channels"":3,""force"":[-2.552973190397683,-0.5730986446500026],""has_data"":true,""last_update_ts"":1784118763.9386597,""raw"":[19673,14362,18050]},""middle"":{""age_s"":0.00916743278503418,""channels"":3,""force"":[-2.6851644213069985,-2.0853574895399998],""has_data"":true,""last_update_ts"":1784118763.9386597,""raw"":[17425,11839,18389]},""pinky"":{""age_s"":0.00916743278503418,""channels"":3,""force"":[0.36725127423532733,-0.045514856040001384],""has_data"":true,""last_update_ts"":1784118763.9386597,""raw"":[17058,17822,17522]},""ring"":{""age_s"":0.00916743278503418,""channels"":3,""force"":[0.3595601480733315,0.521755666799999],""has_data"":true,""last_update_ts"":1784118763.9386597,""raw"":[15711,16459,15145]},""thumb"":{""age_s"":0.00916743278503418,""channels"":3,""force"":[0.0,-2.220446049250313e-16],""has_data"":true,""last_update_ts"":1784118763.9386597,""raw"":[0,0,0]}}","{""ble"":{""connection_state"":""connected"",""counter"":993314,""finger_order"":""DexterController.Visualizer"",""last_error"":null,""last_sample_age_s"":0.009192162993713282,""reconnect_count"":0,""sample_hz"":20.0,""sample_sequence"":543,""timestamp_us"":9728741952},""fingers"":{""index"":{""has_data"":true,""last_update_ts"":1784118763.9386597,""mapped"":true},""middle"":{""has_data"":true,""last_update_ts"":1784118763.9386597,""mapped"":true},""pinky"":{""has_data"":true,""last_update_ts"":1784118763.9386597,""mapped"":true},""ring"":{""has_data"":true,""last_update_ts"":1784118763.9386597,""mapped"":true},""thumb"":{""has_data"":true,""last_update_ts"":1784118763.9386597,""mapped"":true}},""ports"":{""available"":[""BLE:Dexter""],""unavailable"":[]}}"
1784118763.9979484,1784118763.9978158,545,ble,"{""index"":{""age_s"":0.009152412414550781,""channels"":3,""force"":[-2.306376457828673,-0.6155606749800029],""has_data"":true,""last_update_ts"":1784118763.9886634,""raw"":[19394,14596,18104]},""middle"":{""age_s"":0.009152412414550781,""channels"":3,""force"":[-2.7231393567318536,-2.2332807716700005],""has_data"":true,""last_update_ts"":1784118763.9886634,""raw"":[17512,11847,18703]},""pinky"":{""age_s"":0.009152412414550781,""channels"":3,""force"":[-1.02580395185627,-0.74766476934],""has_data"":true,""last_update_ts"":1784118763.9886634,""raw"":[17423,15289,17703]},""ring"":{""age_s"":0.009152412414550781,""channels"":3,""force"":[0.2783226279872473,0.2528294747099977],""has_data"":true,""last_update_ts"":1784118763.9886634,""raw"":[15791,16370,15625]},""thumb"":{""age_s"":0.009152412414550781,""channels"":3,""force"":[0.0,-2.220446049250313e-16],""has_data"":true,""last_update_ts"":1784118763.9886634,""raw"":[0,0,0]}}","{""ble"":{""connection_state"":""connected"",""counter"":993320,""finger_order"":""DexterController.Visualizer"",""last_error"":null,""last_sample_age_s"":0.009176541003398597,""reconnect_count"":0,""sample_hz"":20.0,""sample_sequence"":544,""timestamp_us"":9728798560},""fingers"":{""index"":{""has_data"":true,""last_update_ts"":1784118763.9886634,""mapped"":true},""middle"":{""has_data"":true,""last_update_ts"":1784118763.9886634,""mapped"":true},""pinky"":{""has_data"":true,""last_update_ts"":1784118763.9886634,""mapped"":true},""ring"":{""has_data"":true,""last_update_ts"":1784118763.9886634,""mapped"":true},""thumb"":{""has_data"":true,""last_update_ts"":1784118763.9886634,""mapped"":true}},""ports"":{""available"":[""BLE:Dexter""],""unavailable"":[]}}"
1784118764.0479522,1784118764.047817,546,ble,"{""index"":{""age_s"":0.009158134460449219,""channels"":3,""force"":[-2.3039729809030476,-0.6236090336700029],""has_data"":true,""last_update_ts"":1784118764.0386589,""raw"":[19396,14603,18123]},""middle"":{""age_s"":0.009158134460449219,""channels"":3,""force"":[-2.8058189629733166,-2.31431941779],""has_data"":true,""last_update_ts"":1784118764.0386589,""raw"":[17545,11708,18796]},""pinky"":{""age_s"":0.009158134460449219,""channels"":3,""force"":[-1.0238811703157715,-0.738783821820002],""has_data"":true,""last_update_ts"":1784118764.0386589,""raw"":[17427,15297,17693]},""ring"":{""age_s"":0.009158134460449219,""channels"":3,""force"":[0.2845716679938679,0.2619879518400001],""has_data"":true,""last_update_ts"":1784118764.0386589,""raw"":[15801,16393,15625]},""thumb"":{""age_s"":0.009158134460449219,""channels"":3,""force"":[0.0,-2.220446049250313e-16],""has_data"":true,""last_update_ts"":1784118764.0386589,""raw"":[0,0,0]}}","{""ble"":{""connection_state"":""connected"",""counter"":993325,""finger_order"":""DexterController.Visualizer"",""last_error"":null,""last_sample_age_s"":0.009187213989207521,""reconnect_count"":0,""sample_hz"":20.0,""sample_sequence"":545,""timestamp_us"":9728845568},""fingers"":{""index"":{""has_data"":true,""last_update_ts"":1784118764.0386589,""mapped"":true},""middle"":{""has_data"":true,""last_update_ts"":1784118764.0386589,""mapped"":true},""pinky"":{""has_data"":true,""last_update_ts"":1784118764.0386589,""mapped"":true},""ring"":{""has_data"":true,""last_update_ts"":1784118764.0386589,""mapped"":true},""thumb"":{""has_data"":true,""last_update_ts"":1784118764.0386589,""mapped"":true}},""ports"":{""available"":[""BLE:Dexter""],""unavailable"":[]}}"
1784118764.0979352,1784118764.0978053,547,ble,"{""index"":{""age_s"":0.009146690368652344,""channels"":3,""force"":[-2.417897787177621,-0.6100100827800032],""has_data"":true,""last_update_ts"":1784118764.0886586,""raw"":[19526,14496,18110]},""middle"":{""age_s"":0.009146690368652344,""channels"":3,""force"":[-2.841871116857673,-2.310711532860002],""has_data"":true,""last_update_ts"":1784118764.0886586,""raw"":[17590,11678,18797]},""pinky"":{""age_s"":0.009146690368652344,""channels"":3,""force"":[-1.023881170315775,-0.7415591179199996],""has_data"":true,""last_update_ts"":1784118764.0886586,""raw"":[17425,15295,17696]},""ring"":{""age_s"":0.009146690368652344,""channels"":3,""force"":[0.2739963695211216,0.2536620635399993],""has_data"":true,""last_update_ts"":1784118764.0886586,""raw"":[15802,16372,15630]},""thumb"":{""age_s"":0.009146690368652344,""channels"":3,""force"":[0.0,-2.220446049250313e-16],""has_data"":true,""last_update_ts"":1784118764.0886586,""raw"":[0,0,0]}}","{""ble"":{""connection_state"":""connected"",""counter"":993330,""finger_order"":""DexterController.Visualizer"",""last_error"":null,""last_sample_age_s"":0.009169848999590613,""reconnect_count"":0,""sample_hz"":20.0,""sample_sequence"":546,""timestamp_us"":9728892640},""fingers"":{""index"":{""has_data"":true,""last_update_ts"":1784118764.0886586,""mapped"":true},""middle"":{""has_data"":true,""last_update_ts"":1784118764.0886586,""mapped"":true},""pinky"":{""has_data"":true,""last_update_ts"":1784118764.0886586,""mapped"":true},""ring"":{""has_data"":true,""last_update_ts"":1784118764.0886586,""mapped"":true},""thumb"":{""has_data"":true,""last_update_ts"":1784118764.0886586,""mapped"":true}},""ports"":{""available"":[""BLE:Dexter""],""unavailable"":[]}}"
1784118764.1480327,1784118764.1478224,548,ble,"{""index"":{""age_s"":0.009116411209106445,""channels"":3,""force"":[-2.420301264103246,-0.5891953620300008],""has_data"":true,""last_update_ts"":1784118764.138706,""raw"":[19546,14511,18090]},""middle"":{""age_s"":0.009116411209106445,""channels"":3,""force"":[-2.8135100891353098,-2.2754652723900026],""has_data"":true,""last_update_ts"":1784118764.138706,""raw"":[17579,11726,18752]},""pinky"":{""age_s"":0.009116411209106445,""channels"":3,""force"":[-1.0248425610860217,-0.7459995916800013],""has_data"":true,""last_update_ts"":1784118764.138706,""raw"":[17426,15294,17704]},""ring"":{""age_s"":0.009116411209106445,""channels"":3,""force"":[0.27351567413599476,0.2544946523699956],""has_data"":true,""last_update_ts"":1784118764.138706,""raw"":[15798,16367,15624]},""thumb"":{""age_s"":0.009116411209106445,""channels"":3,""force"":[0.0,-2.220446049250313e-16],""has_data"":true,""last_update_ts"":1784118764.138706,""raw"":[0,0,0]}}","{""ble"":{""connection_state"":""connected"",""counter"":993336,""finger_order"":""DexterController.Visualizer"",""last_error"":null,""last_sample_age_s"":0.009150199999567121,""reconnect_count"":0,""sample_hz"":20.0,""sample_sequence"":547,""timestamp_us"":9728949152},""fingers"":{""index"":{""has_data"":true,""last_update_ts"":1784118764.138706,""mapped"":true},""middle"":{""has_data"":true,""last_update_ts"":1784118764.138706,""mapped"":true},""pinky"":{""has_data"":true,""last_update_ts"":1784118764.138706,""mapped"":true},""ring"":{""has_data"":true,""last_update_ts"":1784118764.138706,""mapped"":true},""thumb"":{""has_data"":true,""last_update_ts"":1784118764.138706,""mapped"":true}},""ports"":{""available"":[""BLE:Dexter""],""unavailable"":[]}}"
1784118764.1979318,1784118764.1978047,549,ble,"{""index"":{""age_s"":0.009107589721679688,""channels"":3,""force"":[-2.3520425194155266,-0.6069572570700013],""has_data"":true,""last_update_ts"":1784118764.188697,""raw"":[19441,14548,18088]},""middle"":{""age_s"":0.009107589721679688,""channels"":3,""force"":[-2.823604692222931,-2.19969968886],""has_data"":true,""last_update_ts"":1784118764.188697,""raw"":[17645,11771,18671]},""pinky"":{""age_s"":0.009107589721679688,""channels"":3,""force"":[-1.02580395185627,-0.7448894732400033],""has_data"":true,""last_update_ts"":1784118764.188697,""raw"":[17426,15292,17701]},""ring"":{""age_s"":0.009107589721679688,""channels"":3,""force"":[0.27688054183187205,0.2581025372999992],""has_data"":true,""last_update_ts"":1784118764.188697,""raw"":[15802,16378,15625]},""thumb"":{""age_s"":0.009107589721679688,""channels"":3,""force"":[0.0,-2.220446049250313e-16],""has_data"":true,""last_update_ts"":1784118764.188697,""raw"":[0,0,0]}}","{""ble"":{""connection_state"":""connected"",""counter"":993341,""finger_order"":""DexterController.Visualizer"",""last_error"":null,""last_sample_age_s"":0.009130832011578605,""reconnect_count"":0,""sample_hz"":20.0,""sample_sequence"":548,""timestamp_us"":9728996032},""fingers"":{""index"":{""has_data"":true,""last_update_ts"":1784118764.188697,""mapped"":true},""middle"":{""has_data"":true,""last_update_ts"":1784118764.188697,""mapped"":true},""pinky"":{""has_data"":true,""last_update_ts"":1784118764.188697,""mapped"":true},""ring"":{""has_data"":true,""last_update_ts"":1784118764.188697,""mapped"":true},""thumb"":{""has_data"":true,""last_update_ts"":1784118764.188697,""mapped"":true}},""ports"":{""available"":[""BLE:Dexter""],""unavailable"":[]}}"
1784118764.2479188,1784118764.247804,550,ble,"{""index"":{""age_s"":0.009143590927124023,""channels"":3,""force"":[-2.105445786846518,-0.7593210129600028],""has_data"":true,""last_update_ts"":1784118764.2386603,""raw"":[19058,14678,18236]},""middle"":{""age_s"":0.009143590927124023,""channels"":3,""force"":[-2.620751239700276,-2.0853574895399998],""has_data"":true,""last_update_ts"":1784118764.2386603,""raw"":[17457,12005,18488]},""pinky"":{""age_s"":0.009143590927124023,""channels"":3,""force"":[-0.41339803120730956,-0.4551485604000005],""has_data"":true,""last_update_ts"":1784118764.2386603,""raw"":[17232,16372,17622]},""ring"":{""age_s"":0.009143590927124023,""channels"":3,""force"":[0.2932241849261157,0.38743133555999876],""has_data"":true,""last_update_ts"":1784118764.2386603,""raw"":[15779,16389,15386]},""thumb"":{""age_s"":0.009143590927124023,""channels"":3,""force"":[0.0,-2.220446049250313e-16],""has_data"":true,""last_update_ts"":1784118764.2386603,""raw"":[0,0,0]}}","{""ble"":{""connection_state"":""connected"",""counter"":993346,""finger_order"":""DexterController.Visualizer"",""last_error"":null,""last_sample_age_s"":0.009164578004856594,""reconnect_count"":0,""sample_hz"":20.0,""sample_sequence"":549,""timestamp_us"":9729042976},""fingers"":{""index"":{""has_data"":true,""last_update_ts"":1784118764.2386603,""mapped"":true},""middle"":{""has_data"":true,""last_update_ts"":1784118764.2386603,""mapped"":true},""pinky"":{""has_data"":true,""last_update_ts"":1784118764.2386603,""mapped"":true},""ring"":{""has_data"":true,""last_update_ts"":1784118764.2386603,""mapped"":true},""thumb"":{""has_data"":true,""last_update_ts"":1784118764.2386603,""mapped"":true}},""ports"":{""available"":[""BLE:Dexter""],""unavailable"":[]}}"
1784118764.2979302,1784118764.2978046,551,ble,"{""index"":{""age_s"":0.009144067764282227,""channels"":3,""force"":[-1.7482891156988067,-0.8478529585499999],""has_data"":true,""last_update_ts"":1784118764.2886605,""raw"":[18592,14955,18301]},""middle"":{""age_s"":0.009144067764282227,""channels"":3,""force"":[-2.3731931163610183,-1.9379892666299998],""has_data"":true,""last_update_ts"":1784118764.2886605,""raw"":[17331,12394,18354]},""pinky"":{""age_s"":0.009144067764282227,""channels"":3,""force"":[-1.0234004749306465,-0.7496074766100014],""has_data"":true,""last_update_ts"":1784118764.2886605,""raw"":[17416,15287,17702]},""ring"":{""age_s"":0.009144067764282227,""channels"":3,""force"":[0.27399636952111983,0.25976771495999795],""has_data"":true,""last_update_ts"":1784118764.2886605,""raw"":[15806,16376,15623]},""thumb"":{""age_s"":0.009144067764282227,""channels"":3,""force"":[0.0,-2.220446049250313e-16],""has_data"":true,""last_update_ts"":1784118764.2886605,""raw"":[0,0,0]}}","{""ble"":{""connection_state"":""connected"",""counter"":993352,""finger_order"":""DexterController.Visualizer"",""last_error"":null,""last_sample_age_s"":0.009164749004412442,""reconnect_count"":0,""sample_hz"":20.0,""sample_sequence"":550,""timestamp_us"":9729099360},""fingers"":{""index"":{""has_data"":true,""last_update_ts"":1784118764.2886605,""mapped"":true},""middle"":{""has_data"":true,""last_update_ts"":1784118764.2886605,""mapped"":true},""pinky"":{""has_data"":true,""last_update_ts"":1784118764.2886605,""mapped"":true},""ring"":{""has_data"":true,""last_update_ts"":1784118764.2886605,""mapped"":true},""thumb"":{""has_data"":true,""last_update_ts"":1784118764.2886605,""mapped"":true}},""ports"":{""available"":[""BLE:Dexter""],""unavailable"":[]}}"
1784118764.3479297,1784118764.3478038,552,ble,"{""index"":{""age_s"":0.009145021438598633,""channels"":3,""force"":[-1.3296034352551285,-0.9252837197400021],""has_data"":true,""last_update_ts"":1784118764.3386588,""raw"":[18049,15283,18333]},""middle"":{""age_s"":0.009145021438598633,""channels"":3,""force"":[-2.0713164145026592,-1.7836828034700023],""has_data"":true,""last_update_ts"":1784118764.3386588,""raw"":[17114,12805,18173]},""pinky"":{""age_s"":0.009145021438598633,""channels"":3,""force"":[-1.0258039518562718,-0.7237972228800027],""has_data"":true,""last_update_ts"":1784118764.3386588,""raw"":[17430,15296,17667]},""ring"":{""age_s"":0.009145021438598633,""channels"":3,""force"":[0.2797647141426225,0.271423958579998],""has_data"":true,""last_update_ts"":1784118764.3386588,""raw"":[15807,16389,15609]},""thumb"":{""age_s"":0.009145021438598633,""channels"":3,""force"":[0.0,-2.220446049250313e-16],""has_data"":true,""last_update_ts"":1784118764.3386588,""raw"":[0,0,0]}}","{""ble"":{""connection_state"":""connected"",""counter"":993357,""finger_order"":""DexterController.Visualizer"",""last_error"":null,""last_sample_age_s"":0.009166463001747616,""reconnect_count"":0,""sample_hz"":20.0,""sample_sequence"":551,""timestamp_us"":9729146272},""fingers"":{""index"":{""has_data"":true,""last_update_ts"":1784118764.3386588,""mapped"":true},""middle"":{""has_data"":true,""last_update_ts"":1784118764.3386588,""mapped"":true},""pinky"":{""has_data"":true,""last_update_ts"":1784118764.3386588,""mapped"":true},""ring"":{""has_data"":true,""last_update_ts"":1784118764.3386588,""mapped"":true},""thumb"":{""has_data"":true,""last_update_ts"":1784118764.3386588,""mapped"":true}},""ports"":{""available"":[""BLE:Dexter""],""unavailable"":[]}}"
1784118764.39793,1784118764.397803,553,ble,"{""index"":{""age_s"":0.009143352508544922,""channels"":3,""force"":[-0.8287188439551123,-0.9119622984600024],""has_data"":true,""last_update_ts"":1784118764.3886597,""raw"":[17502,15778,18283]},""middle"":{""age_s"":0.009143352508544922,""channels"":3,""force"":[-1.6002349370803772,-1.4267797250099994],""has_data"":true,""last_update_ts"":1784118764.3886597,""raw"":[16809,13480,17715]},""pinky"":{""age_s"":0.009143352508544922,""channels"":3,""force"":[-1.0234004749306465,-0.7457220620700031],""has_data"":true,""last_update_ts"":1784118764.3886597,""raw"":[17422,15293,17701]},""ring"":{""age_s"":0.009143352508544922,""channels"":3,""force"":[0.2768805418318703,0.2547721819799946],""has_data"":true,""last_update_ts"":1784118764.3886597,""raw"":[15795,16371,15624]},""thumb"":{""age_s"":0.009143352508544922,""channels"":3,""force"":[0.0,-2.220446049250313e-16],""has_data"":true,""last_update_ts"":1784118764.3886597,""raw"":[0,0,0]}}","{""ble"":{""connection_state"":""connected"",""counter"":993362,""finger_order"":""DexterController.Visualizer"",""last_error"":null,""last_sample_age_s"":0.009164468006929383,""reconnect_count"":0,""sample_hz"":20.0,""sample_sequence"":552,""timestamp_us"":9729193280},""fingers"":{""index"":{""has_data"":true,""last_update_ts"":1784118764.3886597,""mapped"":true},""middle"":{""has_data"":true,""last_update_ts"":1784118764.3886597,""mapped"":true},""pinky"":{""has_data"":true,""last_update_ts"":1784118764.3886597,""mapped"":true},""ring"":{""has_data"":true,""last_update_ts"":1784118764.3886597,""mapped"":true},""thumb"":{""has_data"":true,""last_update_ts"":1784118764.3886597,""mapped"":true}},""ports"":{""available"":[""BLE:Dexter""],""unavailable"":[]}}"
1784118764.447927,1784118764.447796,554,ble,"{""index"":{""age_s"":0.009135723114013672,""channels"":3,""force"":[-0.35571458499233444,-0.7398939402600035],""has_data"":true,""last_update_ts"":1784118764.4386604,""raw"":[17107,16367,18070]},""middle"":{""age_s"":0.009135723114013672,""channels"":3,""force"":[-0.9099563640412001,-0.8245404713100006],""has_data"":true,""last_update_ts"":1784118764.4386604,""raw"":[16370,14477,16909]},""pinky"":{""age_s"":0.009135723114013672,""channels"":3,""force"":[-1.0238811703157733,-0.7476647693399991],""has_data"":true,""last_update_ts"":1784118764.4386604,""raw"":[17417,15287,17699]},""ring"":{""age_s"":0.009135723114013672,""channels"":3,""force"":[0.2739963695211216,0.25588230041999793],""has_data"":true,""last_update_ts"":1784118764.4386604,""raw"":[15798,16368,15622]},""thumb"":{""age_s"":0.009135723114013672,""channels"":3,""force"":[0.0,-2.220446049250313e-16],""has_data"":true,""last_update_ts"":1784118764.4386604,""raw"":[0,0,0]}}","{""ble"":{""connection_state"":""connected"",""counter"":993368,""finger_order"":""DexterController.Visualizer"",""last_error"":null,""last_sample_age_s"":0.00915930799965281,""reconnect_count"":0,""sample_hz"":20.0,""sample_sequence"":553,""timestamp_us"":9729249920},""fingers"":{""index"":{""has_data"":true,""last_update_ts"":1784118764.4386604,""mapped"":true},""middle"":{""has_data"":true,""last_update_ts"":1784118764.4386604,""mapped"":true},""pinky"":{""has_data"":true,""last_update_ts"":1784118764.4386604,""mapped"":true},""ring"":{""has_data"":true,""last_update_ts"":1784118764.4386604,""mapped"":true},""thumb"":{""has_data"":true,""last_update_ts"":1784118764.4386604,""mapped"":true}},""ports"":{""available"":[""BLE:Dexter""],""unavailable"":[]}}"
1784118764.4979467,1784118764.497814,555,ble,"{""index"":{""age_s"":0.009152412414550781,""channels"":3,""force"":[-0.44656601278091657,-0.6635732975100019],""has_data"":true,""last_update_ts"":1784118764.4886615,""raw"":[17230,16301,17961]},""middle"":{""age_s"":0.009152412414550781,""channels"":3,""force"":[-0.6018306221762195,-0.4090786451400028],""has_data"":true,""last_update_ts"":1784118764.4886615,""raw"":[16274,15022,16385]},""pinky"":{""age_s"":0.009152412414550781,""channels"":3,""force"":[-1.0224390841603999,-0.74405688441],""has_data"":true,""last_update_ts"":1784118764.4886615,""raw"":[17417,15290,17694]},""ring"":{""age_s"":0.009152412414550781,""channels"":3,""force"":[0.28168749568311746,0.26198795183999835],""has_data"":true,""last_update_ts"":1784118764.4886615,""raw"":[15801,16387,15622]},""thumb"":{""age_s"":0.009152412414550781,""channels"":3,""force"":[0.0,-2.220446049250313e-16],""has_data"":true,""last_update_ts"":1784118764.4886615,""raw"":[0,0,0]}}","{""ble"":{""connection_state"":""connected"",""counter"":993373,""finger_order"":""DexterController.Visualizer"",""last_error"":null,""last_sample_age_s"":0.009176671999739483,""reconnect_count"":0,""sample_hz"":20.0,""sample_sequence"":554,""timestamp_us"":9729296928},""fingers"":{""index"":{""has_data"":true,""last_update_ts"":1784118764.4886615,""mapped"":true},""middle"":{""has_data"":true,""last_update_ts"":1784118764.4886615,""mapped"":true},""pinky"":{""has_data"":true,""last_update_ts"":1784118764.4886615,""mapped"":true},""ring"":{""has_data"":true,""last_update_ts"":1784118764.4886615,""mapped"":true},""thumb"":{""has_data"":true,""last_update_ts"":1784118764.4886615,""mapped"":true}},""ports"":{""available"":[""BLE:Dexter""],""unavailable"":[]}}"
1784118764.5479457,1784118764.547814,556,ble,"{""index"":{""age_s"":0.009153366088867188,""channels"":3,""force"":[-0.3605215388435816,-0.7459995916800004],""has_data"":true,""last_update_ts"":1784118764.5386605,""raw"":[17068,16318,18037]},""middle"":{""age_s"":0.009153366088867188,""channels"":3,""force"":[-0.2538071633458827,-0.13820974578000111],""has_data"":true,""last_update_ts"":1784118764.5386605,""raw"":[16068,15540,16053]},""pinky"":{""age_s"":0.009153366088867188,""channels"":3,""force"":[-1.0209969980050229,-0.7454445324600023],""has_data"":true,""last_update_ts"":1784118764.5386605,""raw"":[17419,15295,17700]},""ring"":{""age_s"":0.009153366088867188,""channels"":3,""force"":[0.276399846446747,0.2533845339299985],""has_data"":true,""last_update_ts"":1784118764.5386605,""raw"":[15790,16365,15621]},""thumb"":{""age_s"":0.009153366088867188,""channels"":3,""force"":[0.0,-2.220446049250313e-16],""has_data"":true,""last_update_ts"":1784118764.5386605,""raw"":[0,0,0]}}","{""ble"":{""connection_state"":""connected"",""counter"":993378,""finger_order"":""DexterController.Visualizer"",""last_error"":null,""last_sample_age_s"":0.009177113010082394,""reconnect_count"":0,""sample_hz"":20.0,""sample_sequence"":555,""timestamp_us"":9729343904},""fingers"":{""index"":{""has_data"":true,""last_update_ts"":1784118764.5386605,""mapped"":true},""middle"":{""has_data"":true,""last_update_ts"":1784118764.5386605,""mapped"":true},""pinky"":{""has_data"":true,""last_update_ts"":1784118764.5386605,""mapped"":true},""ring"":{""has_data"":true,""last_update_ts"":1784118764.5386605,""mapped"":true},""thumb"":{""has_data"":true,""last_update_ts"":1784118764.5386605,""mapped"":true}},""ports"":{""available"":[""BLE:Dexter""],""unavailable"":[]}}"
1784118764.5979462,1784118764.5978146,557,ble,"{""index"":{""age_s"":0.00915384292602539,""channels"":3,""force"":[-0.10094603087620513,-0.8259281193600039],""has_data"":true,""last_update_ts"":1784118764.5886607,""raw"":[16725,16515,18108]},""middle"":{""age_s"":0.00915384292602539,""channels"":3,""force"":[0.03797493542485597,0.04967780018999868],""has_data"":true,""last_update_ts"":1784118764.5886607,""raw"":[15875,15954,15825]},""pinky"":{""age_s"":0.00915384292602539,""channels"":3,""force"":[-1.0262846472413951,-0.7451670028500015],""has_data"":true,""last_update_ts"":1784118764.5886607,""raw"":[17422,15287,17697]},""ring"":{""age_s"":0.00915384292602539,""channels"":3,""force"":[0.27688054183187205,0.25754747807999934],""has_data"":true,""last_update_ts"":1784118764.5886607,""raw"":[15802,16378,15626]},""thumb"":{""age_s"":0.00915384292602539,""channels"":3,""force"":[0.0,-2.220446049250313e-16],""has_data"":true,""last_update_ts"":1784118764.5886607,""raw"":[0,0,0]}}","{""ble"":{""connection_state"":""connected"",""counter"":993384,""finger_order"":""DexterController.Visualizer"",""last_error"":null,""last_sample_age_s"":0.009178306005196646,""reconnect_count"":0,""sample_hz"":20.0,""sample_sequence"":556,""timestamp_us"":9729400288},""fingers"":{""index"":{""has_data"":true,""last_update_ts"":1784118764.5886607,""mapped"":true},""middle"":{""has_data"":true,""last_update_ts"":1784118764.5886607,""mapped"":true},""pinky"":{""has_data"":true,""last_update_ts"":1784118764.5886607,""mapped"":true},""ring"":{""has_data"":true,""last_update_ts"":1784118764.5886607,""mapped"":true},""thumb"":{""has_data"":true,""last_update_ts"":1784118764.5886607,""mapped"":true}},""ports"":{""available"":[""BLE:Dexter""],""unavailable"":[]}}"
1784118764.6479492,1784118764.6478176,558,ble,"{""index"":{""age_s"":0.009156942367553711,""channels"":3,""force"":[-0.012498080013244817,-0.8486855473800006],""has_data"":true,""last_update_ts"":1784118764.6386607,""raw"":[16624,16598,18140]},""middle"":{""age_s"":0.009156942367553711,""channels"":3,""force"":[0.14613139707793188,0.10102077803999787],""has_data"":true,""last_update_ts"":1784118764.6386607,""raw"":[15802,16106,15772]},""pinky"":{""age_s"":0.009156942367553711,""channels"":3,""force"":[-1.0234004749306465,-0.7435018251900027],""has_data"":true,""last_update_ts"":1784118764.6386607,""raw"":[17423,15294,17698]},""ring"":{""age_s"":0.009156942367553711,""channels"":3,""force"":[0.2759191510616237,0.2564373596399969],""has_data"":true,""last_update_ts"":1784118764.6386607,""raw"":[15799,16373,15624]},""thumb"":{""age_s"":0.009156942367553711,""channels"":3,""force"":[0.0,-2.220446049250313e-16],""has_data"":true,""last_update_ts"":1784118764.6386607,""raw"":[0,0,0]}}","{""ble"":{""connection_state"":""connected"",""counter"":993389,""finger_order"":""DexterController.Visualizer"",""last_error"":null,""last_sample_age_s"":0.00918103099684231,""reconnect_count"":0,""sample_hz"":20.0,""sample_sequence"":557,""timestamp_us"":9729447296},""fingers"":{""index"":{""has_data"":true,""last_update_ts"":1784118764.6386607,""mapped"":true},""middle"":{""has_data"":true,""last_update_ts"":1784118764.6386607,""mapped"":true},""pinky"":{""has_data"":true,""last_update_ts"":1784118764.6386607,""mapped"":true},""ring"":{""has_data"":true,""last_update_ts"":1784118764.6386607,""mapped"":true},""thumb"":{""has_data"":true,""last_update_ts"":1784118764.6386607,""mapped"":true}},""ports"":{""available"":[""BLE:Dexter""],""unavailable"":[]}}"
1784118764.6979465,1784118764.6978137,559,ble,"{""index"":{""age_s"":0.009152412414550781,""channels"":3,""force"":[-0.0995039447208299,-0.8361967149300025],""has_data"":true,""last_update_ts"":1784118764.6886613,""raw"":[16727,16520,18130]},""middle"":{""age_s"":0.009152412414550781,""channels"":3,""force"":[0.12882636321344343,0.09269488973999884],""has_data"":true,""last_update_ts"":1784118764.6886613,""raw"":[15803,16071,15770]},""pinky"":{""age_s"":0.009152412414550781,""channels"":3,""force"":[-1.0214776933901497,-0.7451670028500015],""has_data"":true,""last_update_ts"":1784118764.6886613,""raw"":[17420,15295,17700]},""ring"":{""age_s"":0.009152412414550781,""channels"":3,""force"":[0.2778419326021204,0.2525519450999987],""has_data"":true,""last_update_ts"":1784118764.6886613,""raw"":[15792,16370,15626]},""thumb"":{""age_s"":0.009152412414550781,""channels"":3,""force"":[0.0,-2.220446049250313e-16],""has_data"":true,""last_update_ts"":1784118764.6886613,""raw"":[0,0,0]}}","{""ble"":{""connection_state"":""connected"",""counter"":993394,""finger_order"":""DexterController.Visualizer"",""last_error"":null,""last_sample_age_s"":0.009176783001748845,""reconnect_count"":0,""sample_hz"":20.0,""sample_sequence"":558,""timestamp_us"":9729494336},""fingers"":{""index"":{""has_data"":true,""last_update_ts"":1784118764.6886613,""mapped"":true},""middle"":{""has_data"":true,""last_update_ts"":1784118764.6886613,""mapped"":true},""pinky"":{""has_data"":true,""last_update_ts"":1784118764.6886613,""mapped"":true},""ring"":{""has_data"":true,""last_update_ts"":1784118764.6886613,""mapped"":true},""thumb"":{""has_data"":true,""last_update_ts"":1784118764.6886613,""mapped"":true}},""ports"":{""available"":[""BLE:Dexter""],""unavailable"":[]}}"
1784118764.747939,1784118764.7478085,560,ble,"{""index"":{""age_s"":0.009148836135864258,""channels"":3,""force"":[-0.12882636321343988,-0.7648716051600033],""has_data"":true,""last_update_ts"":1784118764.7386596,""raw"":[16773,16505,18017]},""middle"":{""age_s"":0.009148836135864258,""channels"":3,""force"":[0.0937356000993308,0.16901553248999956],""has_data"":true,""last_update_ts"":1784118764.7386596,""raw"":[15784,15979,15577]},""pinky"":{""age_s"":0.009148836135864258,""channels"":3,""force"":[0.5138633666983843,0.02192483918999777],""has_data"":true,""last_update_ts"":1784118764.7386596,""raw"":[17005,18074,17500]},""ring"":{""age_s"":0.009148836135864258,""channels"":3,""force"":[0.3489848496005852,0.5650502859599991],""has_data"":true,""last_update_ts"":1784118764.7386596,""raw"":[15723,16449,15068]},""thumb"":{""age_s"":0.009148836135864258,""channels"":3,""force"":[0.0,-2.220446049250313e-16],""has_data"":true,""last_update_ts"":1784118764.7386596,""raw"":[0,0,0]}}","{""ble"":{""connection_state"":""connected"",""counter"":993399,""finger_order"":""DexterController.Visualizer"",""last_error"":null,""last_sample_age_s"":0.009172934995149262,""reconnect_count"":0,""sample_hz"":20.0,""sample_sequence"":559,""timestamp_us"":9729541408},""fingers"":{""index"":{""has_data"":true,""last_update_ts"":1784118764.7386596,""mapped"":true},""middle"":{""has_data"":true,""last_update_ts"":1784118764.7386596,""mapped"":true},""pinky"":{""has_data"":true,""last_update_ts"":1784118764.7386596,""mapped"":true},""ring"":{""has_data"":true,""last_update_ts"":1784118764.7386596,""mapped"":true},""thumb"":{""has_data"":true,""last_update_ts"":1784118764.7386596,""mapped"":true}},""ports"":{""available"":[""BLE:Dexter""],""unavailable"":[]}}"
1784118764.7979505,1784118764.7978287,561,ble,"{""index"":{""age_s"":0.009168386459350586,""channels"":3,""force"":[-0.1687240801787926,-0.6968768507100016],""has_data"":true,""last_update_ts"":1784118764.7886603,""raw"":[16897,16546,17977]},""middle"":{""age_s"":0.009168386459350586,""channels"":3,""force"":[0.053837883133976305,0.11878267307999835],""has_data"":true,""last_update_ts"":1784118764.7886603,""raw"":[15895,16007,15737]},""pinky"":{""age_s"":0.009168386459350586,""channels"":3,""force"":[-1.022919779545525,-0.7421141771400004],""has_data"":true,""last_update_ts"":1784118764.7886603,""raw"":[17425,15297,17698]},""ring"":{""age_s"":0.009168386459350586,""channels"":3,""force"":[0.2763998464467452,0.2533845339299967],""has_data"":true,""last_update_ts"":1784118764.7886603,""raw"":[15793,16368,15624]},""thumb"":{""age_s"":0.009168386459350586,""channels"":3,""force"":[0.0,-2.220446049250313e-16],""has_data"":true,""last_update_ts"":1784118764.7886603,""raw"":[0,0,0]}}","{""ble"":{""connection_state"":""connected"",""counter"":993405,""finger_order"":""DexterController.Visualizer"",""last_error"":null,""last_sample_age_s"":0.009191642995574512,""reconnect_count"":0,""sample_hz"":20.0,""sample_sequence"":560,""timestamp_us"":9729597824},""fingers"":{""index"":{""has_data"":true,""last_update_ts"":1784118764.7886603,""mapped"":true},""middle"":{""has_data"":true,""last_update_ts"":1784118764.7886603,""mapped"":true},""pinky"":{""has_data"":true,""last_update_ts"":1784118764.7886603,""mapped"":true},""ring"":{""has_data"":true,""last_update_ts"":1784118764.7886603,""mapped"":true},""thumb"":{""has_data"":true,""last_update_ts"":1784118764.7886603,""mapped"":true}},""ports"":{""available"":[""BLE:Dexter""],""unavailable"":[]}}"
1784118764.8479967,1784118764.8478756,562,ble,"{""index"":{""age_s"":0.009216547012329102,""channels"":3,""force"":[-0.16199434478705044,-0.6286045666500035],""has_data"":true,""last_update_ts"":1784118764.838659,""raw"":[16942,16605,17906]},""middle"":{""age_s"":0.009216547012329102,""channels"":3,""force"":[0.041820498505854786,0.13515692006999647],""has_data"":true,""last_update_ts"":1784118764.838659,""raw"":[15918,16005,15718]},""pinky"":{""age_s"":0.009216547012329102,""channels"":3,""force"":[-1.0248425610860217,-0.7437793548000018],""has_data"":true,""last_update_ts"":1784118764.838659,""raw"":[17426,15294,17700]},""ring"":{""age_s"":0.009216547012329102,""channels"":3,""force"":[0.27688054183187205,0.2525519450999969],""has_data"":true,""last_update_ts"":1784118764.838659,""raw"":[15794,16370,15627]},""thumb"":{""age_s"":0.009216547012329102,""channels"":3,""force"":[0.0,-2.220446049250313e-16],""has_data"":true,""last_update_ts"":1784118764.838659,""raw"":[0,0,0]}}","{""ble"":{""connection_state"":""connected"",""counter"":993410,""finger_order"":""DexterController.Visualizer"",""last_error"":null,""last_sample_age_s"":0.009240518003934994,""reconnect_count"":0,""sample_hz"":20.0,""sample_sequence"":561,""timestamp_us"":9729644896},""fingers"":{""index"":{""has_data"":true,""last_update_ts"":1784118764.838659,""mapped"":true},""middle"":{""has_data"":true,""last_update_ts"":1784118764.838659,""mapped"":true},""pinky"":{""has_data"":true,""last_update_ts"":1784118764.838659,""mapped"":true},""ring"":{""has_data"":true,""last_update_ts"":1784118764.838659,""mapped"":true},""thumb"":{""has_data"":true,""last_update_ts"":1784118764.838659,""mapped"":true}},""ports"":{""available"":[""BLE:Dexter""],""unavailable"":[]}}"
1784118764.8979454,1784118764.8978245,563,ble,"{""index"":{""age_s"":0.00916600227355957,""channels"":3,""force"":[-0.1394016616861844,-0.6105651420000013],""has_data"":true,""last_update_ts"":1784118764.8886585,""raw"":[16934,16644,17889]},""middle"":{""age_s"":0.00916600227355957,""channels"":3,""force"":[0.06441318160672083,0.13210409435999804],""has_data"":true,""last_update_ts"":1784118764.8886585,""raw"":[15895,16029,15724]},""pinky"":{""age_s"":0.00916600227355957,""channels"":3,""force"":[-1.025323256471145,-0.7457220620700022],""has_data"":true,""last_update_ts"":1784118764.8886585,""raw"":[17423,15290,17700]},""ring"":{""age_s"":0.00916600227355957,""channels"":3,""force"":[0.2773612372169971,0.2572699484699985],""has_data"":true,""last_update_ts"":1784118764.8886585,""raw"":[15796,16373,15621]},""thumb"":{""age_s"":0.00916600227355957,""channels"":3,""force"":[0.0,-2.220446049250313e-16],""has_data"":true,""last_update_ts"":1784118764.8886585,""raw"":[0,0,0]}}","{""ble"":{""connection_state"":""connected"",""counter"":993415,""finger_order"":""DexterController.Visualizer"",""last_error"":null,""last_sample_age_s"":0.00918954799999483,""reconnect_count"":0,""sample_hz"":20.0,""sample_sequence"":562,""timestamp_us"":9729691936},""fingers"":{""index"":{""has_data"":true,""last_update_ts"":1784118764.8886585,""mapped"":true},""middle"":{""has_data"":true,""last_update_ts"":1784118764.8886585,""mapped"":true},""pinky"":{""has_data"":true,""last_update_ts"":1784118764.8886585,""mapped"":true},""ring"":{""has_data"":true,""last_update_ts"":1784118764.8886585,""mapped"":true},""thumb"":{""has_data"":true,""last_update_ts"":1784118764.8886585,""mapped"":true}},""ports"":{""available"":[""BLE:Dexter""],""unavailable"":[]}}"
1784118764.947951,1784118764.9478285,564,ble,"{""index"":{""age_s"":0.009166240692138672,""channels"":3,""force"":[-0.07162361238359338,-0.6197236191300028],""has_data"":true,""last_update_ts"":1784118764.9386623,""raw"":[16857,16708,17899]},""middle"":{""age_s"":0.009166240692138672,""channels"":3,""force"":[0.1216159324365691,0.09796795232999767],""has_data"":true,""last_update_ts"":1784118764.9386623,""raw"":[15817,16070,15767]},""pinky"":{""age_s"":0.009166240692138672,""channels"":3,""force"":[-1.0224390841603999,-0.7451670028500015],""has_data"":true,""last_update_ts"":1784118764.9386623,""raw"":[17421,15294,17700]},""ring"":{""age_s"":0.009166240692138672,""channels"":3,""force"":[0.2768805418318703,0.2575474780799958],""has_data"":true,""last_update_ts"":1784118764.9386623,""raw"":[15796,16372,15620]},""thumb"":{""age_s"":0.009166240692138672,""channels"":3,""force"":[0.0,-2.220446049250313e-16],""has_data"":true,""last_update_ts"":1784118764.9386623,""raw"":[0,0,0]}}","{""ble"":{""connection_state"":""connected"",""counter"":993421,""finger_order"":""DexterController.Visualizer"",""last_error"":null,""last_sample_age_s"":0.009189126998535357,""reconnect_count"":0,""sample_hz"":20.0,""sample_sequence"":563,""timestamp_us"":9729748352},""fingers"":{""index"":{""has_data"":true,""last_update_ts"":1784118764.9386623,""mapped"":true},""middle"":{""has_data"":true,""last_update_ts"":1784118764.9386623,""mapped"":true},""pinky"":{""has_data"":true,""last_update_ts"":1784118764.9386623,""mapped"":true},""ring"":{""has_data"":true,""last_update_ts"":1784118764.9386623,""mapped"":true},""thumb"":{""has_data"":true,""last_update_ts"":1784118764.9386623,""mapped"":true}},""ports"":{""available"":[""BLE:Dexter""],""unavailable"":[]}}"
1784118764.997939,1784118764.997817,565,ble,"{""index"":{""age_s"":0.009158849716186523,""channels"":3,""force"":[0.003364867695873741,-0.6474765801300002],""has_data"":true,""last_update_ts"":1784118764.9886582,""raw"":[16752,16759,17922]},""middle"":{""age_s"":0.009158849716186523,""channels"":3,""force"":[0.1874712001986616,0.06827228405999897],""has_data"":true,""last_update_ts"":1784118764.9886582,""raw"":[15727,16117,15799]},""pinky"":{""age_s"":0.009158849716186523,""channels"":3,""force"":[-1.0267653426265237,-0.74766476934],""has_data"":true,""last_update_ts"":1784118764.9886582,""raw"":[17425,15289,17704]},""ring"":{""age_s"":0.009158849716186523,""channels"":3,""force"":[0.2759191510616237,0.25310700431999944],""has_data"":true,""last_update_ts"":1784118764.9886582,""raw"":[15799,16373,15630]},""thumb"":{""age_s"":0.009158849716186523,""channels"":3,""force"":[0.0,-2.220446049250313e-16],""has_data"":true,""last_update_ts"":1784118764.9886582,""raw"":[0,0,0]}}","{""ble"":{""connection_state"":""connected"",""counter"":993426,""finger_order"":""DexterController.Visualizer"",""last_error"":null,""last_sample_age_s"":0.009183055008179508,""reconnect_count"":0,""sample_hz"":20.0,""sample_sequence"":564,""timestamp_us"":9729795456},""fingers"":{""index"":{""has_data"":true,""last_update_ts"":1784118764.9886582,""mapped"":true},""middle"":{""has_data"":true,""last_update_ts"":1784118764.9886582,""mapped"":true},""pinky"":{""has_data"":true,""last_update_ts"":1784118764.9886582,""mapped"":true},""ring"":{""has_data"":true,""last_update_ts"":1784118764.9886582,""mapped"":true},""thumb"":{""has_data"":true,""last_update_ts"":1784118764.9886582,""mapped"":true}},""ports"":{""available"":[""BLE:Dexter""],""unavailable"":[]}}"
1784118765.0479376,1784118765.047816,566,ble,"{""index"":{""age_s"":0.009157419204711914,""channels"":3,""force"":[0.10383020318694847,-0.6299922147000023],""has_data"":true,""last_update_ts"":1784118765.0386586,""raw"":[16652,16868,17895]},""middle"":{""age_s"":0.009157419204711914,""channels"":3,""force"":[0.22977239408964145,0.06605204717999857],""has_data"":true,""last_update_ts"":1784118765.0386586,""raw"":[15650,16128,15770]},""pinky"":{""age_s"":0.009157419204711914,""channels"":3,""force"":[-0.4590640927941614,-0.47429810349000157],""has_data"":true,""last_update_ts"":1784118765.0386586,""raw"":[17249,16294,17626]},""ring"":{""age_s"":0.009157419204711914,""channels"":3,""force"":[0.29658905262198765,0.3766076807699976],""has_data"":true,""last_update_ts"":1784118765.0386586,""raw"":[15779,16396,15409]},""thumb"":{""age_s"":0.009157419204711914,""channels"":3,""force"":[0.0,-2.220446049250313e-16],""has_data"":true,""last_update_ts"":1784118765.0386586,""raw"":[0,0,0]}}","{""ble"":{""connection_state"":""connected"",""counter"":993431,""finger_order"":""DexterController.Visualizer"",""last_error"":null,""last_sample_age_s"":0.00918082099815365,""reconnect_count"":0,""sample_hz"":20.0,""sample_sequence"":565,""timestamp_us"":9729842464},""fingers"":{""index"":{""has_data"":true,""last_update_ts"":1784118765.0386586,""mapped"":true},""middle"":{""has_data"":true,""last_update_ts"":1784118765.0386586,""mapped"":true},""pinky"":{""has_data"":true,""last_update_ts"":1784118765.0386586,""mapped"":true},""ring"":{""has_data"":true,""last_update_ts"":1784118765.0386586,""mapped"":true},""thumb"":{""has_data"":true,""last_update_ts"":1784118765.0386586,""mapped"":true}},""ports"":{""available"":[""BLE:Dexter""],""unavailable"":[]}}"
1784118765.0979362,1784118765.0978138,567,ble,"{""index"":{""age_s"":0.009154796600341797,""channels"":3,""force"":[0.16247504017217373,-0.636097866120001],""has_data"":true,""last_update_ts"":1784118765.088659,""raw"":[16599,16937,17914]},""middle"":{""age_s"":0.009154796600341797,""channels"":3,""force"":[0.23217587101526682,-0.04246203033000118],""has_data"":true,""last_update_ts"":1784118765.088659,""raw"":[15619,16102,15937]},""pinky"":{""age_s"":0.009154796600341797,""channels"":3,""force"":[-1.0238811703157733,-0.7415591179199987],""has_data"":true,""last_update_ts"":1784118765.088659,""raw"":[17420,15290,17691]},""ring"":{""age_s"":0.009154796600341797,""channels"":3,""force"":[0.28745584030461657,0.2630980702799981],""has_data"":true,""last_update_ts"":1784118765.088659,""raw"":[15796,16394,15621]},""thumb"":{""age_s"":0.009154796600341797,""channels"":3,""force"":[0.0,-2.220446049250313e-16],""has_data"":true,""last_update_ts"":1784118765.088659,""raw"":[0,0,0]}}","{""ble"":{""connection_state"":""connected"",""counter"":993437,""finger_order"":""DexterController.Visualizer"",""last_error"":null,""last_sample_age_s"":0.009180188993923366,""reconnect_count"":0,""sample_hz"":20.0,""sample_sequence"":566,""timestamp_us"":9729898848},""fingers"":{""index"":{""has_data"":true,""last_update_ts"":1784118765.088659,""mapped"":true},""middle"":{""has_data"":true,""last_update_ts"":1784118765.088659,""mapped"":true},""pinky"":{""has_data"":true,""last_update_ts"":1784118765.088659,""mapped"":true},""ring"":{""has_data"":true,""last_update_ts"":1784118765.088659,""mapped"":true},""thumb"":{""has_data"":true,""last_update_ts"":1784118765.088659,""mapped"":true}},""ports"":{""available"":[""BLE:Dexter""],""unavailable"":[]}}"
1784118765.147937,1784118765.1478162,568,ble,"{""index"":{""age_s"":0.009158849716186523,""channels"":3,""force"":[0.2542878587310078,-0.5758739407500029],""has_data"":true,""last_update_ts"":1784118765.1386573,""raw"":[16535,17064,17837]},""middle"":{""age_s"":0.009158849716186523,""channels"":3,""force"":[0.2571720310417529,-0.07410040587000033],""has_data"":true,""last_update_ts"":1784118765.1386573,""raw"":[15583,16118,15984]},""pinky"":{""age_s"":0.009158849716186523,""channels"":3,""force"":[-1.0234004749306465,-0.7479422989500026],""has_data"":true,""last_update_ts"":1784118765.1386573,""raw"":[17422,15293,17705]},""ring"":{""age_s"":0.009158849716186523,""channels"":3,""force"":[0.2739963695211216,0.24977664899999752],""has_data"":true,""last_update_ts"":1784118765.1386573,""raw"":[15798,16368,15633]},""thumb"":{""age_s"":0.009158849716186523,""channels"":3,""force"":[0.0,-2.220446049250313e-16],""has_data"":true,""last_update_ts"":1784118765.1386573,""raw"":[0,0,0]}}","{""ble"":{""connection_state"":""connected"",""counter"":993442,""finger_order"":""DexterController.Visualizer"",""last_error"":null,""last_sample_age_s"":0.009182194000459276,""reconnect_count"":0,""sample_hz"":20.0,""sample_sequence"":567,""timestamp_us"":9729945824},""fingers"":{""index"":{""has_data"":true,""last_update_ts"":1784118765.1386573,""mapped"":true},""middle"":{""has_data"":true,""last_update_ts"":1784118765.1386573,""mapped"":true},""pinky"":{""has_data"":true,""last_update_ts"":1784118765.1386573,""mapped"":true},""ring"":{""has_data"":true,""last_update_ts"":1784118765.1386573,""mapped"":true},""thumb"":{""has_data"":true,""last_update_ts"":1784118765.1386573,""mapped"":true}},""ports"":{""available"":[""BLE:Dexter""],""unavailable"":[]}}"
1784118765.1979365,1784118765.1978164,569,ble,"{""index"":{""age_s"":0.009157657623291016,""channels"":3,""force"":[0.2792840187574921,-0.555336749610003],""has_data"":true,""last_update_ts"":1784118765.1886587,""raw"":[16525,17106,17816]},""middle"":{""age_s"":0.009157657623291016,""channels"":3,""force"":[0.27111219721037294,-0.08714429754000097],""has_data"":true,""last_update_ts"":1784118765.1886587,""raw"":[15557,16121,15996]},""pinky"":{""age_s"":0.009157657623291016,""channels"":3,""force"":[-1.022439084160398,-0.7412815883100006],""has_data"":true,""last_update_ts"":1784118765.1886587,""raw"":[17420,15293,17692]},""ring"":{""age_s"":0.009157657623291016,""channels"":3,""force"":[0.2759191510616237,0.2542171227599974],""has_data"":true,""last_update_ts"":1784118765.1886587,""raw"":[15799,16373,15628]},""thumb"":{""age_s"":0.009157657623291016,""channels"":3,""force"":[0.0,-2.220446049250313e-16],""has_data"":true,""last_update_ts"":1784118765.1886587,""raw"":[0,0,0]}}","{""ble"":{""connection_state"":""connected"",""counter"":993447,""finger_order"":""DexterController.Visualizer"",""last_error"":null,""last_sample_age_s"":0.009180630993796512,""reconnect_count"":0,""sample_hz"":20.0,""sample_sequence"":568,""timestamp_us"":9729992864},""fingers"":{""index"":{""has_data"":true,""last_update_ts"":1784118765.1886587,""mapped"":true},""middle"":{""has_data"":true,""last_update_ts"":1784118765.1886587,""mapped"":true},""pinky"":{""has_data"":true,""last_update_ts"":1784118765.1886587,""mapped"":true},""ring"":{""has_data"":true,""last_update_ts"":1784118765.1886587,""mapped"":true},""thumb"":{""has_data"":true,""last_update_ts"":1784118765.1886587,""mapped"":true}},""ports"":{""available"":[""BLE:Dexter""],""unavailable"":[]}}"
1784118765.2479405,1784118765.2478175,570,ble,"{""index"":{""age_s"":0.00915980339050293,""channels"":3,""force"":[0.26678593874425083,-0.5342444992500006],""has_data"":true,""last_update_ts"":1784118765.2386577,""raw"":[16557,17112,17797]},""middle"":{""age_s"":0.00915980339050293,""channels"":3,""force"":[0.27543845567649683,-0.12072538035000324],""has_data"":true,""last_update_ts"":1784118765.2386577,""raw"":[15523,16096,16027]},""pinky"":{""age_s"":0.00915980339050293,""channels"":3,""force"":[-1.0229197795455232,-0.7454445324600014],""has_data"":true,""last_update_ts"":1784118765.2386577,""raw"":[17421,15293,17700]},""ring"":{""age_s"":0.00915980339050293,""channels"":3,""force"":[0.2768805418318703,0.2586575965199991],""has_data"":true,""last_update_ts"":1784118765.2386577,""raw"":[15796,16372,15618]},""thumb"":{""age_s"":0.00915980339050293,""channels"":3,""force"":[0.0,-2.220446049250313e-16],""has_data"":true,""last_update_ts"":1784118765.2386577,""raw"":[0,0,0]}}","{""ble"":{""connection_state"":""connected"",""counter"":993453,""finger_order"":""DexterController.Visualizer"",""last_error"":null,""last_sample_age_s"":0.009183677000692114,""reconnect_count"":0,""sample_hz"":20.0,""sample_sequence"":569,""timestamp_us"":9730049312},""fingers"":{""index"":{""has_data"":true,""last_update_ts"":1784118765.2386577,""mapped"":true},""middle"":{""has_data"":true,""last_update_ts"":1784118765.2386577,""mapped"":true},""pinky"":{""has_data"":true,""last_update_ts"":1784118765.2386577,""mapped"":true},""ring"":{""has_data"":true,""last_update_ts"":1784118765.2386577,""mapped"":true},""thumb"":{""has_data"":true,""last_update_ts"":1784118765.2386577,""mapped"":true}},""ports"":{""available"":[""BLE:Dexter""],""unavailable"":[]}}"
1784118765.2979407,1784118765.2978225,571,ble,"{""index"":{""age_s"":0.009163379669189453,""channels"":3,""force"":[0.27111219721037294,-0.5112095416200004],""has_data"":true,""last_update_ts"":1784118765.288659,""raw"":[16575,17139,17778]},""middle"":{""age_s"":0.009163379669189453,""channels"":3,""force"":[0.26486315720375053,-0.18455719065000142],""has_data"":true,""last_update_ts"":1784118765.288659,""raw"":[15495,16046,16103]},""pinky"":{""age_s"":0.009163379669189453,""channels"":3,""force"":[-1.02580395185627,-0.7398939402600018],""has_data"":true,""last_update_ts"":1784118765.288659,""raw"":[17419,15285,17685]},""ring"":{""age_s"":0.009163379669189453,""channels"":3,""force"":[0.28601375414924135,0.2622654814499974],""has_data"":true,""last_update_ts"":1784118765.288659,""raw"":[15796,16391,15621]},""thumb"":{""age_s"":0.009163379669189453,""channels"":3,""force"":[0.0,-2.220446049250313e-16],""has_data"":true,""last_update_ts"":1784118765.288659,""raw"":[0,0,0]}}","{""ble"":{""connection_state"":""connected"",""counter"":993458,""finger_order"":""DexterController.Visualizer"",""last_error"":null,""last_sample_age_s"":0.00918785399699118,""reconnect_count"":0,""sample_hz"":20.0,""sample_sequence"":570,""timestamp_us"":9730096256},""fingers"":{""index"":{""has_data"":true,""last_update_ts"":1784118765.288659,""mapped"":true},""middle"":{""has_data"":true,""last_update_ts"":1784118765.288659,""mapped"":true},""pinky"":{""has_data"":true,""last_update_ts"":1784118765.288659,""mapped"":true},""ring"":{""has_data"":true,""last_update_ts"":1784118765.288659,""mapped"":true},""thumb"":{""has_data"":true,""last_update_ts"":1784118765.288659,""mapped"":true}},""ports"":{""available"":[""BLE:Dexter""],""unavailable"":[]}}"
1784118765.3479342,1784118765.3478124,572,ble,"{""index"":{""age_s"":0.009154796600341797,""channels"":3,""force"":[0.2937048803112372,-0.47707339959000183],""has_data"":true,""last_update_ts"":1784118765.3386576,""raw"":[16544,17155,17709]},""middle"":{""age_s"":0.009154796600341797,""channels"":3,""force"":[0.2754384556764986,-0.12738609099000087],""has_data"":true,""last_update_ts"":1784118765.3386576,""raw"":[15375,15948,15891]},""pinky"":{""age_s"":0.009154796600341797,""channels"":3,""force"":[1.6920477556392104,0.5150949561599978],""has_data"":true,""last_update_ts"":1784118765.3386576,""raw"":[16502,20022,17334]},""ring"":{""age_s"":0.009154796600341797,""channels"":3,""force"":[0.31629756341210324,0.8081662243200007],""has_data"":true,""last_update_ts"":1784118765.3386576,""raw"":[15739,16397,14612]},""thumb"":{""age_s"":0.009154796600341797,""channels"":3,""force"":[0.0,-2.220446049250313e-16],""has_data"":true,""last_update_ts"":1784118765.3386576,""raw"":[0,0,0]}}","{""ble"":{""connection_state"":""connected"",""counter"":993463,""finger_order"":""DexterController.Visualizer"",""last_error"":null,""last_sample_age_s"":0.009178876003716141,""reconnect_count"":0,""sample_hz"":20.0,""sample_sequence"":571,""timestamp_us"":9730143264},""fingers"":{""index"":{""has_data"":true,""last_update_ts"":1784118765.3386576,""mapped"":true},""middle"":{""has_data"":true,""last_update_ts"":1784118765.3386576,""mapped"":true},""pinky"":{""has_data"":true,""last_update_ts"":1784118765.3386576,""mapped"":true},""ring"":{""has_data"":true,""last_update_ts"":1784118765.3386576,""mapped"":true},""thumb"":{""has_data"":true,""last_update_ts"":1784118765.3386576,""mapped"":true}},""ports"":{""available"":[""BLE:Dexter""],""unavailable"":[]}}"
1784118765.397933,1784118765.3978112,573,ble,"{""index"":{""age_s"":0.009151458740234375,""channels"":3,""force"":[0.30812574186498054,-0.47318798505000004],""has_data"":true,""last_update_ts"":1784118765.3886597,""raw"":[16563,17204,17736]},""middle"":{""age_s"":0.009151458740234375,""channels"":3,""force"":[0.29034001261536524,-0.24755641212000246],""has_data"":true,""last_update_ts"":1784118765.3886597,""raw"":[15436,16040,16184]},""pinky"":{""age_s"":0.009151458740234375,""channels"":3,""force"":[-1.0219583887752712,-0.7443344140200034],""has_data"":true,""last_update_ts"":1784118765.3886597,""raw"":[17423,15297,17701]},""ring"":{""age_s"":0.009151458740234375,""channels"":3,""force"":[0.2739963695211216,0.2564373596399987],""has_data"":true,""last_update_ts"":1784118765.3886597,""raw"":[15802,16372,15625]},""thumb"":{""age_s"":0.009151458740234375,""channels"":3,""force"":[0.0,-2.220446049250313e-16],""has_data"":true,""last_update_ts"":1784118765.3886597,""raw"":[0,0,0]}}","{""ble"":{""connection_state"":""connected"",""counter"":993469,""finger_order"":""DexterController.Visualizer"",""last_error"":null,""last_sample_age_s"":0.009176672989269719,""reconnect_count"":0,""sample_hz"":20.0,""sample_sequence"":572,""timestamp_us"":9730199840},""fingers"":{""index"":{""has_data"":true,""last_update_ts"":1784118765.3886597,""mapped"":true},""middle"":{""has_data"":true,""last_update_ts"":1784118765.3886597,""mapped"":true},""pinky"":{""has_data"":true,""last_update_ts"":1784118765.3886597,""mapped"":true},""ring"":{""has_data"":true,""last_update_ts"":1784118765.3886597,""mapped"":true},""thumb"":{""has_data"":true,""last_update_ts"":1784118765.3886597,""mapped"":true}},""ports"":{""available"":[""BLE:Dexter""],""unavailable"":[]}}"
1784118765.4479287,1784118765.44781,574,ble,"{""index"":{""age_s"":0.009151935577392578,""channels"":3,""force"":[0.3436972003642147,-0.46819245207000026],""has_data"":true,""last_update_ts"":1784118765.438658,""raw"":[16531,17246,17732]},""middle"":{""age_s"":0.009151935577392578,""channels"":3,""force"":[0.31870104033772684,-0.4459900832700008],""has_data"":true,""last_update_ts"":1784118765.438658,""raw"":[15286,15949,16421]},""pinky"":{""age_s"":0.009151935577392578,""channels"":3,""force"":[-1.0262846472413951,-0.7412815883100006],""has_data"":true,""last_update_ts"":1784118765.438658,""raw"":[17428,15293,17696]},""ring"":{""age_s"":0.009151935577392578,""channels"":3,""force"":[0.2893786218451151,0.26254301106],""has_data"":true,""last_update_ts"":1784118765.438658,""raw"":[15790,16392,15618]},""thumb"":{""age_s"":0.009151935577392578,""channels"":3,""force"":[0.0,-2.220446049250313e-16],""has_data"":true,""last_update_ts"":1784118765.438658,""raw"":[0,0,0]}}","{""ble"":{""connection_state"":""connected"",""counter"":993474,""finger_order"":""DexterController.Visualizer"",""last_error"":null,""last_sample_age_s"":0.009177163999993354,""reconnect_count"":0,""sample_hz"":20.0,""sample_sequence"":573,""timestamp_us"":9730246944},""fingers"":{""index"":{""has_data"":true,""last_update_ts"":1784118765.438658,""mapped"":true},""middle"":{""has_data"":true,""last_update_ts"":1784118765.438658,""mapped"":true},""pinky"":{""has_data"":true,""last_update_ts"":1784118765.438658,""mapped"":true},""ring"":{""has_data"":true,""last_update_ts"":1784118765.438658,""mapped"":true},""thumb"":{""has_data"":true,""last_update_ts"":1784118765.438658,""mapped"":true}},""ports"":{""available"":[""BLE:Dexter""],""unavailable"":[]}}"
1784118765.497935,1784118765.4978175,575,ble,"{""index"":{""age_s"":0.009159564971923828,""channels"":3,""force"":[0.4830988620503991,-0.4487653793699993],""has_data"":true,""last_update_ts"":1784118765.488658,""raw"":[16400,17405,17711]},""middle"":{""age_s"":0.009159564971923828,""channels"":3,""force"":[0.40762968658581045,-0.6088999643400008],""has_data"":true,""last_update_ts"":1784118765.488658,""raw"":[15108,15956,16629]},""pinky"":{""age_s"":0.009159564971923828,""channels"":3,""force"":[-1.0219583887752712,-0.743224295580001],""has_data"":true,""last_update_ts"":1784118765.488658,""raw"":[17419,15293,17695]},""ring"":{""age_s"":0.009159564971923828,""channels"":3,""force"":[0.27303497875087324,0.2547721819799982],""has_data"":true,""last_update_ts"":1784118765.488658,""raw"":[15800,16368,15625]},""thumb"":{""age_s"":0.009159564971923828,""channels"":3,""force"":[0.0,-2.220446049250313e-16],""has_data"":true,""last_update_ts"":1784118765.488658,""raw"":[0,0,0]}}","{""ble"":{""connection_state"":""connected"",""counter"":993479,""finger_order"":""DexterController.Visualizer"",""last_error"":null,""last_sample_age_s"":0.00918337600887753,""reconnect_count"":0,""sample_hz"":20.0,""sample_sequence"":574,""timestamp_us"":9730293888},""fingers"":{""index"":{""has_data"":true,""last_update_ts"":1784118765.488658,""mapped"":true},""middle"":{""has_data"":true,""last_update_ts"":1784118765.488658,""mapped"":true},""pinky"":{""has_data"":true,""last_update_ts"":1784118765.488658,""mapped"":true},""ring"":{""has_data"":true,""last_update_ts"":1784118765.488658,""mapped"":true},""thumb"":{""has_data"":true,""last_update_ts"":1784118765.488658,""mapped"":true}},""ports"":{""available"":[""BLE:Dexter""],""unavailable"":[]}}"
1784118765.5479496,1784118765.5478153,576,ble,"{""index"":{""age_s"":0.009158134460449219,""channels"":3,""force"":[0.9782151087289179,-0.46597221519000254],""has_data"":true,""last_update_ts"":1784118765.5386572,""raw"":[15851,17886,17708]},""middle"":{""age_s"":0.009158134460449219,""channels"":3,""force"":[0.509537108232264,-0.7348984072800038],""has_data"":true,""last_update_ts"":1784118765.5386572,""raw"":[14971,16031,16825]},""pinky"":{""age_s"":0.009158134460449219,""channels"":3,""force"":[-1.0195549118496476,-0.7584884241300038],""has_data"":true,""last_update_ts"":1784118765.5386572,""raw"":[17411,15290,17717]},""ring"":{""age_s"":0.009158134460449219,""channels"":3,""force"":[0.2763998464467434,0.24949911939000025],""has_data"":true,""last_update_ts"":1784118765.5386572,""raw"":[15797,16372,15635]},""thumb"":{""age_s"":0.009158134460449219,""channels"":3,""force"":[0.0,-2.220446049250313e-16],""has_data"":true,""last_update_ts"":1784118765.5386572,""raw"":[0,0,0]}}","{""ble"":{""connection_state"":""connected"",""counter"":993485,""finger_order"":""DexterController.Visualizer"",""last_error"":null,""last_sample_age_s"":0.009183415997540578,""reconnect_count"":0,""sample_hz"":20.0,""sample_sequence"":575,""timestamp_us"":9730350208},""fingers"":{""index"":{""has_data"":true,""last_update_ts"":1784118765.5386572,""mapped"":true},""middle"":{""has_data"":true,""last_update_ts"":1784118765.5386572,""mapped"":true},""pinky"":{""has_data"":true,""last_update_ts"":1784118765.5386572,""mapped"":true},""ring"":{""has_data"":true,""last_update_ts"":1784118765.5386572,""mapped"":true},""thumb"":{""has_data"":true,""last_update_ts"":1784118765.5386572,""mapped"":true}},""ports"":{""available"":[""BLE:Dexter""],""unavailable"":[]}}"
1784118765.5979393,1784118765.5978174,577,ble,"{""index"":{""age_s"":0.009158849716186523,""channels"":3,""force"":[1.4382405922933295,-0.48456669906000105],""has_data"":true,""last_update_ts"":1784118765.5886586,""raw"":[15361,18353,17730]},""middle"":{""age_s"":0.009158849716186523,""channels"":3,""force"":[0.8061261608542498,-1.1875492011900022],""has_data"":true,""last_update_ts"":1784118765.5886586,""raw"":[14432,16109,17410]},""pinky"":{""age_s"":0.009158849716186523,""channels"":3,""force"":[-1.0190742164645226,-0.742669236360002],""has_data"":true,""last_update_ts"":1784118765.5886586,""raw"":[17419,15299,17697]},""ring"":{""age_s"":0.009158849716186523,""channels"":3,""force"":[0.27543845567649683,0.25227441548999696],""has_data"":true,""last_update_ts"":1784118765.5886586,""raw"":[15796,16369,15628]},""thumb"":{""age_s"":0.009158849716186523,""channels"":3,""force"":[0.0,-2.220446049250313e-16],""has_data"":true,""last_update_ts"":1784118765.5886586,""raw"":[0,0,0]}}","{""ble"":{""connection_state"":""connected"",""counter"":993490,""finger_order"":""DexterController.Visualizer"",""last_error"":null,""last_sample_age_s"":0.009182795009110123,""reconnect_count"":0,""sample_hz"":20.0,""sample_sequence"":576,""timestamp_us"":9730397248},""fingers"":{""index"":{""has_data"":true,""last_update_ts"":1784118765.5886586,""mapped"":true},""middle"":{""has_data"":true,""last_update_ts"":1784118765.5886586,""mapped"":true},""pinky"":{""has_data"":true,""last_update_ts"":1784118765.5886586,""mapped"":true},""ring"":{""has_data"":true,""last_update_ts"":1784118765.5886586,""mapped"":true},""thumb"":{""has_data"":true,""last_update_ts"":1784118765.5886586,""mapped"":true}},""ports"":{""available"":[""BLE:Dexter""],""unavailable"":[]}}"
1784118765.6479287,1784118765.6478186,578,ble,"{""index"":{""age_s"":0.009159564971923828,""channels"":3,""force"":[1.6285959648027397,-0.39742240152000186],""has_data"":true,""last_update_ts"":1784118765.638659,""raw"":[15252,18640,17662]},""middle"":{""age_s"":0.009159564971923828,""channels"":3,""force"":[0.900342456338703,-1.562214174690003],""has_data"":true,""last_update_ts"":1784118765.638659,""raw"":[14095,15968,17846]},""pinky"":{""age_s"":0.009159564971923828,""channels"":3,""force"":[-1.0224390841603999,-0.7368411145499998],""has_data"":true,""last_update_ts"":1784118765.638659,""raw"":[17425,15298,17689]},""ring"":{""age_s"":0.009159564971923828,""channels"":3,""force"":[0.27976471414261717,0.2531070043199968],""has_data"":true,""last_update_ts"":1784118765.638659,""raw"":[15793,16375,15628]},""thumb"":{""age_s"":0.009159564971923828,""channels"":3,""force"":[0.0,-2.220446049250313e-16],""has_data"":true,""last_update_ts"":1784118765.638659,""raw"":[0,0,0]}}","{""ble"":{""connection_state"":""connected"",""counter"":993495,""finger_order"":""DexterController.Visualizer"",""last_error"":null,""last_sample_age_s"":0.009184587994241156,""reconnect_count"":0,""sample_hz"":20.0,""sample_sequence"":577,""timestamp_us"":9730444288},""fingers"":{""index"":{""has_data"":true,""last_update_ts"":1784118765.638659,""mapped"":true},""middle"":{""has_data"":true,""last_update_ts"":1784118765.638659,""mapped"":true},""pinky"":{""has_data"":true,""last_update_ts"":1784118765.638659,""mapped"":true},""ring"":{""has_data"":true,""last_update_ts"":1784118765.638659,""mapped"":true},""thumb"":{""has_data"":true,""last_update_ts"":1784118765.638659,""mapped"":true}},""ports"":{""available"":[""BLE:Dexter""],""unavailable"":[]}}"
1784118765.6979475,1784118765.6978235,579,ble,"{""index"":{""age_s"":0.009165048599243164,""channels"":3,""force"":[2.0040190605851897,-0.24949911939000202],""has_data"":true,""last_update_ts"":1784118765.6886585,""raw"":[14957,19126,17491]},""middle"":{""age_s"":0.009165048599243164,""channels"":3,""force"":[1.1161746842597289,-1.6601821270200023],""has_data"":true,""last_update_ts"":1784118765.6886585,""raw"":[13828,16150,17980]},""pinky"":{""age_s"":0.009165048599243164,""channels"":3,""force"":[-1.021958388775273,-0.7471097101199993],""has_data"":true,""last_update_ts"":1784118765.6886585,""raw"":[17413,15287,17696]},""ring"":{""age_s"":0.009165048599243164,""channels"":3,""force"":[0.27399636952112516,0.2614328926199976],""has_data"":true,""last_update_ts"":1784118765.6886585,""raw"":[15803,16373,15617]},""thumb"":{""age_s"":0.009165048599243164,""channels"":3,""force"":[0.0,-2.220446049250313e-16],""has_data"":true,""last_update_ts"":1784118765.6886585,""raw"":[0,0,0]}}","{""ble"":{""connection_state"":""connected"",""counter"":993500,""finger_order"":""DexterController.Visualizer"",""last_error"":null,""last_sample_age_s"":0.009190128999762237,""reconnect_count"":0,""sample_hz"":20.0,""sample_sequence"":578,""timestamp_us"":9730491328},""fingers"":{""index"":{""has_data"":true,""last_update_ts"":1784118765.6886585,""mapped"":true},""middle"":{""has_data"":true,""last_update_ts"":1784118765.6886585,""mapped"":true},""pinky"":{""has_data"":true,""last_update_ts"":1784118765.6886585,""mapped"":true},""ring"":{""has_data"":true,""last_update_ts"":1784118765.6886585,""mapped"":true},""thumb"":{""has_data"":true,""last_update_ts"":1784118765.6886585,""mapped"":true}},""ports"":{""available"":[""BLE:Dexter""],""unavailable"":[]}}"
1784118765.7479377,1784118765.7478168,580,ble,"{""index"":{""age_s"":0.009158611297607422,""channels"":3,""force"":[2.353965300956027,-0.02636531295000122],""has_data"":true,""last_update_ts"":1784118765.7386582,""raw"":[14786,19683,17282]},""middle"":{""age_s"":0.009158611297607422,""channels"":3,""force"":[1.36277141682874,-1.8103256460300008],""has_data"":true,""last_update_ts"":1784118765.7386582,""raw"":[13471,16306,18150]},""pinky"":{""age_s"":0.009158611297607422,""channels"":3,""force"":[-1.0234004749306482,-0.74405688441],""has_data"":true,""last_update_ts"":1784118765.7386582,""raw"":[17420,15291,17696]},""ring"":{""age_s"":0.009158611297607422,""channels"":3,""force"":[0.27688054183187205,0.2581025372999992],""has_data"":true,""last_update_ts"":1784118765.7386582,""raw"":[15802,16378,15625]},""thumb"":{""age_s"":0.009158611297607422,""channels"":3,""force"":[0.0,-2.220446049250313e-16],""has_data"":true,""last_update_ts"":1784118765.7386582,""raw"":[0,0,0]}}","{""ble"":{""connection_state"":""connected"",""counter"":993506,""finger_order"":""DexterController.Visualizer"",""last_error"":null,""last_sample_age_s"":0.009182282999972813,""reconnect_count"":0,""sample_hz"":20.0,""sample_sequence"":579,""timestamp_us"":9730547776},""fingers"":{""index"":{""has_data"":true,""last_update_ts"":1784118765.7386582,""mapped"":true},""middle"":{""has_data"":true,""last_update_ts"":1784118765.7386582,""mapped"":true},""pinky"":{""has_data"":true,""last_update_ts"":1784118765.7386582,""mapped"":true},""ring"":{""has_data"":true,""last_update_ts"":1784118765.7386582,""mapped"":true},""thumb"":{""has_data"":true,""last_update_ts"":1784118765.7386582,""mapped"":true}},""ports"":{""available"":[""BLE:Dexter""],""unavailable"":[]}}"
1784118765.7979376,1784118765.7978184,581,ble,"{""index"":{""age_s"":0.009159326553344727,""channels"":3,""force"":[2.553453885782808,-0.06549698796000314],""has_data"":true,""last_update_ts"":1784118765.788659,""raw"":[14545,19857,17319]},""middle"":{""age_s"":0.009159326553344727,""channels"":3,""force"":[1.681472457166464,-1.919949841980003],""has_data"":true,""last_update_ts"":1784118765.788659,""raw"":[13075,16573,18283]},""pinky"":{""age_s"":0.009159326553344727,""channels"":3,""force"":[-1.0238811703157733,-0.746554650900003],""has_data"":true,""last_update_ts"":1784118765.788659,""raw"":[17421,15291,17701]},""ring"":{""age_s"":0.009159326553344727,""channels"":3,""force"":[0.2788033233723688,0.2592126557399972],""has_data"":true,""last_update_ts"":1784118765.788659,""raw"":[15797,16377,15620]},""thumb"":{""age_s"":0.009159326553344727,""channels"":3,""force"":[0.0,-2.220446049250313e-16],""has_data"":true,""last_update_ts"":1784118765.788659,""raw"":[0,0,0]}}","{""ble"":{""connection_state"":""connected"",""counter"":993511,""finger_order"":""DexterController.Visualizer"",""last_error"":null,""last_sample_age_s"":0.009183124988339841,""reconnect_count"":0,""sample_hz"":20.0,""sample_sequence"":580,""timestamp_us"":9730594816},""fingers"":{""index"":{""has_data"":true,""last_update_ts"":1784118765.788659,""mapped"":true},""middle"":{""has_data"":true,""last_update_ts"":1784118765.788659,""mapped"":true},""pinky"":{""has_data"":true,""last_update_ts"":1784118765.788659,""mapped"":true},""ring"":{""has_data"":true,""last_update_ts"":1784118765.788659,""mapped"":true},""thumb"":{""has_data"":true,""last_update_ts"":1784118765.788659,""mapped"":true}},""ports"":{""available"":[""BLE:Dexter""],""unavailable"":[]}}"
1784118765.848052,1784118765.8478389,582,ble,"{""index"":{""age_s"":0.00912928581237793,""channels"":3,""force"":[2.853888501485793,-0.10740395907000089],""has_data"":true,""last_update_ts"":1784118765.8387096,""raw"":[14223,20160,17385]},""middle"":{""age_s"":0.00912928581237793,""channels"":3,""force"":[1.9963279344231921,-1.9452050364900018],""has_data"":true,""last_update_ts"":1784118765.8387096,""raw"":[12737,16890,18318]},""pinky"":{""age_s"":0.00912928581237793,""channels"":3,""force"":[-1.0301302103223922,-0.7362860553299999],""has_data"":true,""last_update_ts"":1784118765.8387096,""raw"":[17436,15293,17691]},""ring"":{""age_s"":0.00912928581237793,""channels"":3,""force"":[0.2754384556764933,0.2617104222299975],""has_data"":true,""last_update_ts"":1784118765.8387096,""raw"":[15798,16371,15613]},""thumb"":{""age_s"":0.00912928581237793,""channels"":3,""force"":[0.0,-2.220446049250313e-16],""has_data"":true,""last_update_ts"":1784118765.8387096,""raw"":[0,0,0]}}","{""ble"":{""connection_state"":""connected"",""counter"":993516,""finger_order"":""DexterController.Visualizer"",""last_error"":null,""last_sample_age_s"":0.009165489987935871,""reconnect_count"":0,""sample_hz"":20.0,""sample_sequence"":581,""timestamp_us"":9730641856},""fingers"":{""index"":{""has_data"":true,""last_update_ts"":1784118765.8387096,""mapped"":true},""middle"":{""has_data"":true,""last_update_ts"":1784118765.8387096,""mapped"":true},""pinky"":{""has_data"":true,""last_update_ts"":1784118765.8387096,""mapped"":true},""ring"":{""has_data"":true,""last_update_ts"":1784118765.8387096,""mapped"":true},""thumb"":{""has_data"":true,""last_update_ts"":1784118765.8387096,""mapped"":true}},""ports"":{""available"":[""BLE:Dexter""],""unavailable"":[]}}"
1784118765.8979495,1784118765.8978255,583,ble,"{""index"":{""age_s"":0.009165763854980469,""channels"":3,""force"":[3.0235739724348383,-0.19205049012000064],""has_data"":true,""last_update_ts"":1784118765.8886597,""raw"":[14010,20300,17501]},""middle"":{""age_s"":0.009165763854980469,""channels"":3,""force"":[2.2145636392698416,-2.016252616650002],""has_data"":true,""last_update_ts"":1784118765.8886597,""raw"":[12482,17089,18418]},""pinky"":{""age_s"":0.009165763854980469,""channels"":3,""force"":[-1.0214776933901462,-0.743501825190001],""has_data"":true,""last_update_ts"":1784118765.8886597,""raw"":[17418,15293,17695]},""ring"":{""age_s"":0.009165763854980469,""channels"":3,""force"":[0.276399846446747,0.25671488924999597],""has_data"":true,""last_update_ts"":1784118765.8886597,""raw"":[15799,16374,15624]},""thumb"":{""age_s"":0.009165763854980469,""channels"":3,""force"":[0.0,-2.220446049250313e-16],""has_data"":true,""last_update_ts"":1784118765.8886597,""raw"":[0,0,0]}}","{""ble"":{""connection_state"":""connected"",""counter"":993522,""finger_order"":""DexterController.Visualizer"",""last_error"":null,""last_sample_age_s"":0.009190048993332312,""reconnect_count"":0,""sample_hz"":20.0,""sample_sequence"":582,""timestamp_us"":9730698304},""fingers"":{""index"":{""has_data"":true,""last_update_ts"":1784118765.8886597,""mapped"":true},""middle"":{""has_data"":true,""last_update_ts"":1784118765.8886597,""mapped"":true},""pinky"":{""has_data"":true,""last_update_ts"":1784118765.8886597,""mapped"":true},""ring"":{""has_data"":true,""last_update_ts"":1784118765.8886597,""mapped"":true},""thumb"":{""has_data"":true,""last_update_ts"":1784118765.8886597,""mapped"":true}},""ports"":{""available"":[""BLE:Dexter""],""unavailable"":[]}}"
1784118765.947951,1784118765.9478278,584,ble,"{""index"":{""age_s"":0.009166955947875977,""channels"":3,""force"":[3.151438944878027,-0.2991769195800016],""has_data"":true,""last_update_ts"":1784118765.9386609,""raw"":[13807,20363,17624]},""middle"":{""age_s"":0.009166955947875977,""channels"":3,""force"":[2.3866525871445123,-2.11227786171],""has_data"":true,""last_update_ts"":1784118765.9386609,""raw"":[12270,17235,18558]},""pinky"":{""age_s"":0.009166955947875977,""channels"":3,""force"":[-1.0258039518562718,-0.7421141771400004],""has_data"":true,""last_update_ts"":1784118765.9386609,""raw"":[17424,15290,17694]},""ring"":{""age_s"":0.009166955947875977,""channels"":3,""force"":[0.2715928925954998,0.2617104222299984],""has_data"":true,""last_update_ts"":1784118765.9386609,""raw"":[15807,16372,15618]},""thumb"":{""age_s"":0.009166955947875977,""channels"":3,""force"":[0.0,-2.220446049250313e-16],""has_data"":true,""last_update_ts"":1784118765.9386609,""raw"":[0,0,0]}}","{""ble"":{""connection_state"":""connected"",""counter"":993527,""finger_order"":""DexterController.Visualizer"",""last_error"":null,""last_sample_age_s"":0.009191773002385162,""reconnect_count"":0,""sample_hz"":20.0,""sample_sequence"":583,""timestamp_us"":9730745408},""fingers"":{""index"":{""has_data"":true,""last_update_ts"":1784118765.9386609,""mapped"":true},""middle"":{""has_data"":true,""last_update_ts"":1784118765.9386609,""mapped"":true},""pinky"":{""has_data"":true,""last_update_ts"":1784118765.9386609,""mapped"":true},""ring"":{""has_data"":true,""last_update_ts"":1784118765.9386609,""mapped"":true},""thumb"":{""has_data"":true,""last_update_ts"":1784118765.9386609,""mapped"":true}},""ports"":{""available"":[""BLE:Dexter""],""unavailable"":[]}}"
1784118765.9979658,1784118765.9978292,585,ble,"{""index"":{""age_s"":0.009171247482299805,""channels"":3,""force"":[3.2725741819294702,-0.4140741781199999],""has_data"":true,""last_update_ts"":1784118765.988658,""raw"":[13594,20402,17744]},""middle"":{""age_s"":0.009171247482299805,""channels"":3,""force"":[2.4976932211083334,-2.1575151881400014],""has_data"":true,""last_update_ts"":1784118765.988658,""raw"":[12145,17341,18630]},""pinky"":{""age_s"":0.009171247482299805,""channels"":3,""force"":[-1.0253232564711467,-0.7496074766100023],""has_data"":true,""last_update_ts"":1784118765.988658,""raw"":[17421,15288,17705]},""ring"":{""age_s"":0.009171247482299805,""channels"":3,""force"":[0.25621064027150453,0.2234113360499972],""has_data"":true,""last_update_ts"":1784118765.988658,""raw"":[15800,16333,15664]},""thumb"":{""age_s"":0.009171247482299805,""channels"":3,""force"":[0.0,-2.220446049250313e-16],""has_data"":true,""last_update_ts"":1784118765.988658,""raw"":[0,0,0]}}","{""ble"":{""connection_state"":""connected"",""counter"":993532,""finger_order"":""DexterController.Visualizer"",""last_error"":null,""last_sample_age_s"":0.009200500004226342,""reconnect_count"":0,""sample_hz"":20.0,""sample_sequence"":584,""timestamp_us"":9730792416},""fingers"":{""index"":{""has_data"":true,""last_update_ts"":1784118765.988658,""mapped"":true},""middle"":{""has_data"":true,""last_update_ts"":1784118765.988658,""mapped"":true},""pinky"":{""has_data"":true,""last_update_ts"":1784118765.988658,""mapped"":true},""ring"":{""has_data"":true,""last_update_ts"":1784118765.988658,""mapped"":true},""thumb"":{""has_data"":true,""last_update_ts"":1784118765.988658,""mapped"":true}},""ports"":{""available"":[""BLE:Dexter""],""unavailable"":[]}}"
1784118766.047949,1784118766.0478277,586,ble,"{""index"":{""age_s"":0.00916910171508789,""channels"":3,""force"":[3.3773657758866715,-0.3652289667600028],""has_data"":true,""last_update_ts"":1784118766.0386586,""raw"":[13512,20538,17683]},""middle"":{""age_s"":0.00916910171508789,""channels"":3,""force"":[2.561145011944805,-2.0742563051400023],""has_data"":true,""last_update_ts"":1784118766.0386586,""raw"":[12156,17484,18557]},""pinky"":{""age_s"":0.00916910171508789,""channels"":3,""force"":[-1.0205163026198978,-0.7573783056900032],""has_data"":true,""last_update_ts"":1784118766.0386586,""raw"":[17406,15283,17709]},""ring"":{""age_s"":0.00916910171508789,""channels"":3,""force"":[0.3037994833988584,0.2780846692199983],""has_data"":true,""last_update_ts"":1784118766.0386586,""raw"":[15790,16422,15605]},""thumb"":{""age_s"":0.00916910171508789,""channels"":3,""force"":[0.0,-2.220446049250313e-16],""has_data"":true,""last_update_ts"":1784118766.0386586,""raw"":[0,0,0]}}","{""ble"":{""connection_state"":""connected"",""counter"":993538,""finger_order"":""DexterController.Visualizer"",""last_error"":null,""last_sample_age_s"":0.00919336499646306,""reconnect_count"":0,""sample_hz"":20.0,""sample_sequence"":585,""timestamp_us"":9730848896},""fingers"":{""index"":{""has_data"":true,""last_update_ts"":1784118766.0386586,""mapped"":true},""middle"":{""has_data"":true,""last_update_ts"":1784118766.0386586,""mapped"":true},""pinky"":{""has_data"":true,""last_update_ts"":1784118766.0386586,""mapped"":true},""ring"":{""has_data"":true,""last_update_ts"":1784118766.0386586,""mapped"":true},""thumb"":{""has_data"":true,""last_update_ts"":1784118766.0386586,""mapped"":true}},""ports"":{""available"":[""BLE:Dexter""],""unavailable"":[]}}"
1784118766.0979471,1784118766.097828,587,ble,"{""index"":{""age_s"":0.009168624877929688,""channels"":3,""force"":[3.487925714465372,-0.32082422916000297],""has_data"":true,""last_update_ts"":1784118766.0886593,""raw"":[13442,20698,17648]},""middle"":{""age_s"":0.009168624877929688,""channels"":3,""force"":[2.590467430437414,-1.9696276421700016],""has_data"":true,""last_update_ts"":1784118766.0886593,""raw"":[12203,17592,18446]},""pinky"":{""age_s"":0.009168624877929688,""channels"":3,""force"":[-1.0190742164645243,-0.7382287626000039],""has_data"":true,""last_update_ts"":1784118766.0886593,""raw"":[17414,15294,17684]},""ring"":{""age_s"":0.009168624877929688,""channels"":3,""force"":[0.2739963695211216,0.24755641211999801],""has_data"":true,""last_update_ts"":1784118766.0886593,""raw"":[15798,16368,15637]},""thumb"":{""age_s"":0.009168624877929688,""channels"":3,""force"":[0.0,-2.220446049250313e-16],""has_data"":true,""last_update_ts"":1784118766.0886593,""raw"":[0,0,0]}}","{""ble"":{""connection_state"":""connected"",""counter"":993543,""finger_order"":""DexterController.Visualizer"",""last_error"":null,""last_sample_age_s"":0.009192113007884473,""reconnect_count"":0,""sample_hz"":20.0,""sample_sequence"":586,""timestamp_us"":9730895840},""fingers"":{""index"":{""has_data"":true,""last_update_ts"":1784118766.0886593,""mapped"":true},""middle"":{""has_data"":true,""last_update_ts"":1784118766.0886593,""mapped"":true},""pinky"":{""has_data"":true,""last_update_ts"":1784118766.0886593,""mapped"":true},""ring"":{""has_data"":true,""last_update_ts"":1784118766.0886593,""mapped"":true},""thumb"":{""has_data"":true,""last_update_ts"":1784118766.0886593,""mapped"":true}},""ports"":{""available"":[""BLE:Dexter""],""unavailable"":[]}}"
1784118766.1479673,1784118766.1478302,588,ble,"{""index"":{""age_s"":0.009172439575195312,""channels"":3,""force"":[3.5984856530440696,-0.3335905912200019],""has_data"":true,""last_update_ts"":1784118766.1386578,""raw"":[13286,20772,17630]},""middle"":{""age_s"":0.009172439575195312,""channels"":3,""force"":[2.5846990858159167,-1.8064402314900034],""has_data"":true,""last_update_ts"":1784118766.1386578,""raw"":[12170,17547,18113]},""pinky"":{""age_s"":0.009172439575195312,""channels"":3,""force"":[1.80356908498816,0.557279456879999],""has_data"":true,""last_update_ts"":1784118766.1386578,""raw"":[16445,20197,17317]},""ring"":{""age_s"":0.009172439575195312,""channels"":3,""force"":[0.30764504647985724,0.8214876455999987],""has_data"":true,""last_update_ts"":1784118766.1386578,""raw"":[15737,16377,14577]},""thumb"":{""age_s"":0.009172439575195312,""channels"":3,""force"":[0.0,-2.220446049250313e-16],""has_data"":true,""last_update_ts"":1784118766.1386578,""raw"":[0,0,0]}}","{""ble"":{""connection_state"":""connected"",""counter"":993548,""finger_order"":""DexterController.Visualizer"",""last_error"":null,""last_sample_age_s"":0.00920134199259337,""reconnect_count"":0,""sample_hz"":20.0,""sample_sequence"":587,""timestamp_us"":9730942816},""fingers"":{""index"":{""has_data"":true,""last_update_ts"":1784118766.1386578,""mapped"":true},""middle"":{""has_data"":true,""last_update_ts"":1784118766.1386578,""mapped"":true},""pinky"":{""has_data"":true,""last_update_ts"":1784118766.1386578,""mapped"":true},""ring"":{""has_data"":true,""last_update_ts"":1784118766.1386578,""mapped"":true},""thumb"":{""has_data"":true,""last_update_ts"":1784118766.1386578,""mapped"":true}},""ports"":{""available"":[""BLE:Dexter""],""unavailable"":[]}}"
1784118766.1979506,1784118766.197828,589,ble,"{""index"":{""age_s"":0.009168863296508789,""channels"":3,""force"":[3.6619374438805385,-0.396312283080003],""has_data"":true,""last_update_ts"":1784118766.1886592,""raw"":[13216,20834,17739]},""middle"":{""age_s"":0.009168863296508789,""channels"":3,""force"":[2.6741084274491262,-1.8980250027900025],""has_data"":true,""last_update_ts"":1784118766.1886592,""raw"":[12185,17748,18386]},""pinky"":{""age_s"":0.009168863296508789,""channels"":3,""force"":[-1.0291688195521438,-0.7163039234100008],""has_data"":true,""last_update_ts"":1784118766.1886592,""raw"":[17445,15304,17665]},""ring"":{""age_s"":0.009168863296508789,""channels"":3,""force"":[0.27207358798061954,0.26143289261999847],""has_data"":true,""last_update_ts"":1784118766.1886592,""raw"":[15809,16375,15621]},""thumb"":{""age_s"":0.009168863296508789,""channels"":3,""force"":[0.0,-2.220446049250313e-16],""has_data"":true,""last_update_ts"":1784118766.1886592,""raw"":[0,0,0]}}","{""ble"":{""connection_state"":""connected"",""counter"":993554,""finger_order"":""DexterController.Visualizer"",""last_error"":null,""last_sample_age_s"":0.009192673998768441,""reconnect_count"":0,""sample_hz"":20.0,""sample_sequence"":588,""timestamp_us"":9730999232},""fingers"":{""index"":{""has_data"":true,""last_update_ts"":1784118766.1886592,""mapped"":true},""middle"":{""has_data"":true,""last_update_ts"":1784118766.1886592,""mapped"":true},""pinky"":{""has_data"":true,""last_update_ts"":1784118766.1886592,""mapped"":true},""ring"":{""has_data"":true,""last_update_ts"":1784118766.1886592,""mapped"":true},""thumb"":{""has_data"":true,""last_update_ts"":1784118766.1886592,""mapped"":true}},""ports"":{""available"":[""BLE:Dexter""],""unavailable"":[]}}"
1784118766.2479324,1784118766.2478166,590,ble,"{""index"":{""age_s"":0.009157657623291016,""channels"":3,""force"":[3.6542463177185427,-0.44071702068000107],""has_data"":true,""last_update_ts"":1784118766.238659,""raw"":[13186,20788,17781]},""middle"":{""age_s"":0.009157657623291016,""channels"":3,""force"":[2.669301473597878,-1.9141217201700016],""has_data"":true,""last_update_ts"":1784118766.238659,""raw"":[12187,17740,18412]},""pinky"":{""age_s"":0.009157657623291016,""channels"":3,""force"":[-1.0214776933901462,-0.746277121290003],""has_data"":true,""last_update_ts"":1784118766.238659,""raw"":[17415,15290,17697]},""ring"":{""age_s"":0.009157657623291016,""channels"":3,""force"":[0.2980311387773611,0.27974984687999793],""has_data"":true,""last_update_ts"":1784118766.238659,""raw"":[15798,16418,15604]},""thumb"":{""age_s"":0.009157657623291016,""channels"":3,""force"":[0.0,-2.220446049250313e-16],""has_data"":true,""last_update_ts"":1784118766.238659,""raw"":[0,0,0]}}","{""ble"":{""connection_state"":""connected"",""counter"":993559,""finger_order"":""DexterController.Visualizer"",""last_error"":null,""last_sample_age_s"":0.009179578002658673,""reconnect_count"":0,""sample_hz"":20.0,""sample_sequence"":589,""timestamp_us"":9731046208},""fingers"":{""index"":{""has_data"":true,""last_update_ts"":1784118766.238659,""mapped"":true},""middle"":{""has_data"":true,""last_update_ts"":1784118766.238659,""mapped"":true},""pinky"":{""has_data"":true,""last_update_ts"":1784118766.238659,""mapped"":true},""ring"":{""has_data"":true,""last_update_ts"":1784118766.238659,""mapped"":true},""thumb"":{""has_data"":true,""last_update_ts"":1784118766.238659,""mapped"":true}},""ports"":{""available"":[""BLE:Dexter""],""unavailable"":[]}}"
1784118766.2979503,1784118766.2978272,591,ble,"{""index"":{""age_s"":0.009168386459350586,""channels"":3,""force"":[3.6763583054342828,-0.46069915260000105],""has_data"":true,""last_update_ts"":1784118766.2886589,""raw"":[13153,20801,17807]},""middle"":{""age_s"":0.009168386459350586,""channels"":3,""force"":[2.7442899536773453,-1.8991351212300032],""has_data"":true,""last_update_ts"":1784118766.2886589,""raw"":[12128,17837,18404]},""pinky"":{""age_s"":0.009168386459350586,""channels"":3,""force"":[-1.0253232564711485,-0.7429467659700011],""has_data"":true,""last_update_ts"":1784118766.2886589,""raw"":[17425,15292,17697]},""ring"":{""age_s"":0.009168386459350586,""channels"":3,""force"":[0.28072610491287087,0.24700135289999725],""has_data"":true,""last_update_ts"":1784118766.2886589,""raw"":[15786,16370,15633]},""thumb"":{""age_s"":0.009168386459350586,""channels"":3,""force"":[0.0,-2.220446049250313e-16],""has_data"":true,""last_update_ts"":1784118766.2886589,""raw"":[0,0,0]}}","{""ble"":{""connection_state"":""connected"",""counter"":993564,""finger_order"":""DexterController.Visualizer"",""last_error"":null,""last_sample_age_s"":0.009192594996420667,""reconnect_count"":0,""sample_hz"":20.0,""sample_sequence"":590,""timestamp_us"":9731093120},""fingers"":{""index"":{""has_data"":true,""last_update_ts"":1784118766.2886589,""mapped"":true},""middle"":{""has_data"":true,""last_update_ts"":1784118766.2886589,""mapped"":true},""pinky"":{""has_data"":true,""last_update_ts"":1784118766.2886589,""mapped"":true},""ring"":{""has_data"":true,""last_update_ts"":1784118766.2886589,""mapped"":true},""thumb"":{""has_data"":true,""last_update_ts"":1784118766.2886589,""mapped"":true}},""ports"":{""available"":[""BLE:Dexter""],""unavailable"":[]}}"
1784118766.3480654,1784118766.347836,592,ble,"{""index"":{""age_s"":0.009177923202514648,""channels"":3,""force"":[3.6912598623731503,-0.5353546176900021],""has_data"":true,""last_update_ts"":1784118766.338658,""raw"":[13081,20760,17885]},""middle"":{""age_s"":0.009177923202514648,""channels"":3,""force"":[2.807261049128689,-1.8761001636000012],""has_data"":true,""last_update_ts"":1784118766.338658,""raw"":[12085,17925,18385]},""pinky"":{""age_s"":0.009177923202514648,""channels"":3,""force"":[-1.0291688195521456,-0.7446119436300007],""has_data"":true,""last_update_ts"":1784118766.338658,""raw"":[17424,15283,17695]},""ring"":{""age_s"":0.009177923202514648,""channels"":3,""force"":[0.27495776029137176,0.2608778333999986],""has_data"":true,""last_update_ts"":1784118766.338658,""raw"":[15798,16370,15614]},""thumb"":{""age_s"":0.009177923202514648,""channels"":3,""force"":[0.0,-2.220446049250313e-16],""has_data"":true,""last_update_ts"":1784118766.338658,""raw"":[0,0,0]}}","{""ble"":{""connection_state"":""connected"",""counter"":993570,""finger_order"":""DexterController.Visualizer"",""last_error"":null,""last_sample_age_s"":0.009206332004396245,""reconnect_count"":0,""sample_hz"":20.0,""sample_sequence"":591,""timestamp_us"":9731149792},""fingers"":{""index"":{""has_data"":true,""last_update_ts"":1784118766.338658,""mapped"":true},""middle"":{""has_data"":true,""last_update_ts"":1784118766.338658,""mapped"":true},""pinky"":{""has_data"":true,""last_update_ts"":1784118766.338658,""mapped"":true},""ring"":{""has_data"":true,""last_update_ts"":1784118766.338658,""mapped"":true},""thumb"":{""has_data"":true,""last_update_ts"":1784118766.338658,""mapped"":true}},""ports"":{""available"":[""BLE:Dexter""],""unavailable"":[]}}"
1784118766.397966,1784118766.3978293,593,ble,"{""index"":{""age_s"":0.0091705322265625,""channels"":3,""force"":[3.6364605884689274,-0.5642176971300001],""has_data"":true,""last_update_ts"":1784118766.3886588,""raw"":[13109,20674,17908]},""middle"":{""age_s"":0.0091705322265625,""channels"":3,""force"":[2.8216819106824316,-1.8594483870000014],""has_data"":true,""last_update_ts"":1784118766.3886588,""raw"":[12084,17954,18369]},""pinky"":{""age_s"":0.0091705322265625,""channels"":3,""force"":[-1.0214776933901497,-0.7396164106499992],""has_data"":true,""last_update_ts"":1784118766.3886588,""raw"":[17421,15296,17691]},""ring"":{""age_s"":0.0091705322265625,""channels"":3,""force"":[0.28312958183849446,0.2617104222299984],""has_data"":true,""last_update_ts"":1784118766.3886588,""raw"":[15792,16381,15615]},""thumb"":{""age_s"":0.0091705322265625,""channels"":3,""force"":[0.0,-2.220446049250313e-16],""has_data"":true,""last_update_ts"":1784118766.3886588,""raw"":[0,0,0]}}","{""ble"":{""connection_state"":""connected"",""counter"":993575,""finger_order"":""DexterController.Visualizer"",""last_error"":null,""last_sample_age_s"":0.009199528009048663,""reconnect_count"":0,""sample_hz"":20.0,""sample_sequence"":592,""timestamp_us"":9731196896},""fingers"":{""index"":{""has_data"":true,""last_update_ts"":1784118766.3886588,""mapped"":true},""middle"":{""has_data"":true,""last_update_ts"":1784118766.3886588,""mapped"":true},""pinky"":{""has_data"":true,""last_update_ts"":1784118766.3886588,""mapped"":true},""ring"":{""has_data"":true,""last_update_ts"":1784118766.3886588,""mapped"":true},""thumb"":{""has_data"":true,""last_update_ts"":1784118766.3886588,""mapped"":true}},""ports"":{""available"":[""BLE:Dexter""],""unavailable"":[]}}"
1784118766.447968,1784118766.4478292,594,ble,"{""index"":{""age_s"":0.009170055389404297,""channels"":3,""force"":[3.6061767792060664,-0.5361872065200002],""has_data"":true,""last_update_ts"":1784118766.4386592,""raw"":[13171,20673,17888]},""middle"":{""age_s"":0.009170055389404297,""channels"":3,""force"":[2.8087031352840626,-1.8108807052500016],""has_data"":true,""last_update_ts"":1784118766.4386592,""raw"":[12118,17961,18302]},""pinky"":{""age_s"":0.009170055389404297,""channels"":3,""force"":[-1.0200356072347745,-0.7471097101200037],""has_data"":true,""last_update_ts"":1784118766.4386592,""raw"":[17416,15294,17701]},""ring"":{""age_s"":0.009170055389404297,""channels"":3,""force"":[0.27447706490624846,0.25227441548999785],""has_data"":true,""last_update_ts"":1784118766.4386592,""raw"":[15795,16366,15626]},""thumb"":{""age_s"":0.009170055389404297,""channels"":3,""force"":[0.0,-2.220446049250313e-16],""has_data"":true,""last_update_ts"":1784118766.4386592,""raw"":[0,0,0]}}","{""ble"":{""connection_state"":""connected"",""counter"":993580,""finger_order"":""DexterController.Visualizer"",""last_error"":null,""last_sample_age_s"":0.009199136999086477,""reconnect_count"":0,""sample_hz"":20.0,""sample_sequence"":593,""timestamp_us"":9731243936},""fingers"":{""index"":{""has_data"":true,""last_update_ts"":1784118766.4386592,""mapped"":true},""middle"":{""has_data"":true,""last_update_ts"":1784118766.4386592,""mapped"":true},""pinky"":{""has_data"":true,""last_update_ts"":1784118766.4386592,""mapped"":true},""ring"":{""has_data"":true,""last_update_ts"":1784118766.4386592,""mapped"":true},""thumb"":{""has_data"":true,""last_update_ts"":1784118766.4386592,""mapped"":true}},""ports"":{""available"":[""BLE:Dexter""],""unavailable"":[]}}"
1784118766.4979684,1784118766.4978306,595,ble,"{""index"":{""age_s"":0.009172201156616211,""channels"":3,""force"":[3.562433499159712,-0.5303590847100015],""has_data"":true,""last_update_ts"":1784118766.4886584,""raw"":[13228,20639,17889]},""middle"":{""age_s"":0.009172201156616211,""channels"":3,""force"":[2.757749424460836,-1.7276218222500024],""has_data"":true,""last_update_ts"":1784118766.4886584,""raw"":[12209,17946,18190]},""pinky"":{""age_s"":0.009172201156616211,""channels"":3,""force"":[-1.0267653426265184,-0.7465546509000021],""has_data"":true,""last_update_ts"":1784118766.4886584,""raw"":[17423,15287,17700]},""ring"":{""age_s"":0.009172201156616211,""channels"":3,""force"":[0.2773612372169936,0.2572699484699985],""has_data"":true,""last_update_ts"":1784118766.4886584,""raw"":[15797,16374,15622]},""thumb"":{""age_s"":0.009172201156616211,""channels"":3,""force"":[0.0,-2.220446049250313e-16],""has_data"":true,""last_update_ts"":1784118766.4886584,""raw"":[0,0,0]}}","{""ble"":{""connection_state"":""connected"",""counter"":993586,""finger_order"":""DexterController.Visualizer"",""last_error"":null,""last_sample_age_s"":0.009200340005918406,""reconnect_count"":0,""sample_hz"":20.0,""sample_sequence"":594,""timestamp_us"":9731300288},""fingers"":{""index"":{""has_data"":true,""last_update_ts"":1784118766.4886584,""mapped"":true},""middle"":{""has_data"":true,""last_update_ts"":1784118766.4886584,""mapped"":true},""pinky"":{""has_data"":true,""last_update_ts"":1784118766.4886584,""mapped"":true},""ring"":{""has_data"":true,""last_update_ts"":1784118766.4886584,""mapped"":true},""thumb"":{""has_data"":true,""last_update_ts"":1784118766.4886584,""mapped"":true}},""ports"":{""available"":[""BLE:Dexter""],""unavailable"":[]}}"
1784118766.5479572,1784118766.5478303,596,ble,"{""index"":{""age_s"":0.009170055389404297,""channels"":3,""force"":[3.4989817083232406,-0.5564468680499992],""has_data"":true,""last_update_ts"":1784118766.5386603,""raw"":[13275,20554,17917]},""middle"":{""age_s"":0.009170055389404297,""channels"":3,""force"":[2.6231547166259013,-1.6704507225899992],""has_data"":true,""last_update_ts"":1784118766.5386603,""raw"":[12388,17845,18126]},""pinky"":{""age_s"":0.009170055389404297,""channels"":3,""force"":[-1.02580395185627,-0.7410040587000006],""has_data"":true,""last_update_ts"":1784118766.5386603,""raw"":[17422,15288,17690]},""ring"":{""age_s"":0.009170055389404297,""channels"":3,""force"":[0.2826488864533694,0.2575474780799967],""has_data"":true,""last_update_ts"":1784118766.5386603,""raw"":[15794,16382,15624]},""thumb"":{""age_s"":0.009170055389404297,""channels"":3,""force"":[0.0,-2.220446049250313e-16],""has_data"":true,""last_update_ts"":1784118766.5386603,""raw"":[0,0,0]}}","{""ble"":{""connection_state"":""connected"",""counter"":993591,""finger_order"":""DexterController.Visualizer"",""last_error"":null,""last_sample_age_s"":0.009198925996315666,""reconnect_count"":0,""sample_hz"":20.0,""sample_sequence"":595,""timestamp_us"":9731347456},""fingers"":{""index"":{""has_data"":true,""last_update_ts"":1784118766.5386603,""mapped"":true},""middle"":{""has_data"":true,""last_update_ts"":1784118766.5386603,""mapped"":true},""pinky"":{""has_data"":true,""last_update_ts"":1784118766.5386603,""mapped"":true},""ring"":{""has_data"":true,""last_update_ts"":1784118766.5386603,""mapped"":true},""thumb"":{""has_data"":true,""last_update_ts"":1784118766.5386603,""mapped"":true}},""ports"":{""available"":[""BLE:Dexter""],""unavailable"":[]}}"
1784118766.5979583,1784118766.5978293,597,ble,"{""index"":{""age_s"":0.009169578552246094,""channels"":3,""force"":[3.397554982061913,-0.5783717072400014],""has_data"":true,""last_update_ts"":1784118766.5886598,""raw"":[13358,20426,17934]},""middle"":{""age_s"":0.009169578552246094,""channels"":3,""force"":[2.496251134952961,-1.6271561034300017],""has_data"":true,""last_update_ts"":1784118766.5886598,""raw"":[12546,17739,18074]},""pinky"":{""age_s"":0.009169578552246094,""channels"":3,""force"":[-1.0267653426265202,-0.7454445324599996],""has_data"":true,""last_update_ts"":1784118766.5886598,""raw"":[17424,15288,17699]},""ring"":{""age_s"":0.009169578552246094,""channels"":3,""force"":[0.2725542833657464,0.25282947470999595],""has_data"":true,""last_update_ts"":1784118766.5886598,""raw"":[15800,16367,15628]},""thumb"":{""age_s"":0.009169578552246094,""channels"":3,""force"":[0.0,-2.220446049250313e-16],""has_data"":true,""last_update_ts"":1784118766.5886598,""raw"":[0,0,0]}}","{""ble"":{""connection_state"":""connected"",""counter"":993596,""finger_order"":""DexterController.Visualizer"",""last_error"":null,""last_sample_age_s"":0.009200088999932632,""reconnect_count"":0,""sample_hz"":20.0,""sample_sequence"":596,""timestamp_us"":9731394656},""fingers"":{""index"":{""has_data"":true,""last_update_ts"":1784118766.5886598,""mapped"":true},""middle"":{""has_data"":true,""last_update_ts"":1784118766.5886598,""mapped"":true},""pinky"":{""has_data"":true,""last_update_ts"":1784118766.5886598,""mapped"":true},""ring"":{""has_data"":true,""last_update_ts"":1784118766.5886598,""mapped"":true},""thumb"":{""has_data"":true,""last_update_ts"":1784118766.5886598,""mapped"":true}},""ports"":{""available"":[""BLE:Dexter""],""unavailable"":[]}}"
1784118766.647941,1784118766.6478252,598,ble,"{""index"":{""age_s"":0.009167194366455078,""channels"":3,""force"":[3.2980510373410867,-0.64858669857],""has_data"":true,""last_update_ts"":1784118766.638658,""raw"":[13400,20261,17999]},""middle"":{""age_s"":0.009167194366455078,""channels"":3,""force"":[2.436164211812362,-1.686269910360001],""has_data"":true,""last_update_ts"":1784118766.638658,""raw"":[12521,17589,18093]},""pinky"":{""age_s"":0.009167194366455078,""channels"":3,""force"":[-0.6383634714457038,-0.5589446345400022],""has_data"":true,""last_update_ts"":1784118766.638658,""raw"":[17307,15979,17650]},""ring"":{""age_s"":0.009167194366455078,""channels"":3,""force"":[0.2888979264599918,0.33442318004999905],""has_data"":true,""last_update_ts"":1784118766.638658,""raw"":[15780,16381,15478]},""thumb"":{""age_s"":0.009167194366455078,""channels"":3,""force"":[0.0,-2.220446049250313e-16],""has_data"":true,""last_update_ts"":1784118766.638658,""raw"":[0,0,0]}}","{""ble"":{""connection_state"":""connected"",""counter"":993601,""finger_order"":""DexterController.Visualizer"",""last_error"":null,""last_sample_age_s"":0.009191831995849498,""reconnect_count"":0,""sample_hz"":20.0,""sample_sequence"":597,""timestamp_us"":9731441760},""fingers"":{""index"":{""has_data"":true,""last_update_ts"":1784118766.638658,""mapped"":true},""middle"":{""has_data"":true,""last_update_ts"":1784118766.638658,""mapped"":true},""pinky"":{""has_data"":true,""last_update_ts"":1784118766.638658,""mapped"":true},""ring"":{""has_data"":true,""last_update_ts"":1784118766.638658,""mapped"":true},""thumb"":{""has_data"":true,""last_update_ts"":1784118766.638658,""mapped"":true}},""ports"":{""available"":[""BLE:Dexter""],""unavailable"":[]}}"
1784118766.6979325,1784118766.6978061,599,ble,"{""index"":{""age_s"":0.00914764404296875,""channels"":3,""force"":[2.918301683092513,-0.6102876123900032],""has_data"":true,""last_update_ts"":1784118766.6886585,""raw"":[13841,19912,17976]},""middle"":{""age_s"":0.00914764404296875,""channels"":3,""force"":[2.043436082165421,-1.8436291992300013],""has_data"":true,""last_update_ts"":1784118766.6886585,""raw"":[12797,17048,18244]},""pinky"":{""age_s"":0.00914764404296875,""channels"":3,""force"":[-1.0238811703157698,-0.7415591179200014],""has_data"":true,""last_update_ts"":1784118766.6886585,""raw"":[17423,15293,17694]},""ring"":{""age_s"":0.00914764404296875,""channels"":3,""force"":[0.2888979264599918,0.26559583676999843],""has_data"":true,""last_update_ts"":1784118766.6886585,""raw"":[15799,16400,15621]},""thumb"":{""age_s"":0.00914764404296875,""channels"":3,""force"":[0.0,-2.220446049250313e-16],""has_data"":true,""last_update_ts"":1784118766.6886585,""raw"":[0,0,0]}}","{""ble"":{""connection_state"":""connected"",""counter"":993607,""finger_order"":""DexterController.Visualizer"",""last_error"":null,""last_sample_age_s"":0.009177273997920565,""reconnect_count"":0,""sample_hz"":20.0,""sample_sequence"":598,""timestamp_us"":9731498144},""fingers"":{""index"":{""has_data"":true,""last_update_ts"":1784118766.6886585,""mapped"":true},""middle"":{""has_data"":true,""last_update_ts"":1784118766.6886585,""mapped"":true},""pinky"":{""has_data"":true,""last_update_ts"":1784118766.6886585,""mapped"":true},""ring"":{""has_data"":true,""last_update_ts"":1784118766.6886585,""mapped"":true},""thumb"":{""has_data"":true,""last_update_ts"":1784118766.6886585,""mapped"":true}},""ports"":{""available"":[""BLE:Dexter""],""unavailable"":[]}}"
1784118766.7479537,1784118766.74783,600,ble,"{""index"":{""age_s"":0.00917196273803711,""channels"":3,""force"":[2.7793807167914526,-0.5467333317000023],""has_data"":true,""last_update_ts"":1784118766.738658,""raw"":[14025,19807,17901]},""middle"":{""age_s"":0.00917196273803711,""channels"":3,""force"":[1.8401019342576408,-1.8322504852200039],""has_data"":true,""last_update_ts"":1784118766.738658,""raw"":[13002,16830,18217]},""pinky"":{""age_s"":0.00917196273803711,""channels"":3,""force"":[-1.0190742164645243,-0.7465546509000012],""has_data"":true,""last_update_ts"":1784118766.738658,""raw"":[17413,15293,17698]},""ring"":{""age_s"":0.00917196273803711,""channels"":3,""force"":[0.2763998464467434,0.25449465236999735],""has_data"":true,""last_update_ts"":1784118766.738658,""raw"":[15796,16371,15625]},""thumb"":{""age_s"":0.00917196273803711,""channels"":3,""force"":[0.0,-2.220446049250313e-16],""has_data"":true,""last_update_ts"":1784118766.738658,""raw"":[0,0,0]}}","{""ble"":{""connection_state"":""connected"",""counter"":993610,""finger_order"":""DexterController.Visualizer"",""last_error"":null,""last_sample_age_s"":0.009201482011121698,""reconnect_count"":0,""sample_hz"":20.0,""sample_sequence"":599,""timestamp_us"":9731526400},""fingers"":{""index"":{""has_data"":true,""last_update_ts"":1784118766.738658,""mapped"":true},""middle"":{""has_data"":true,""last_update_ts"":1784118766.738658,""mapped"":true},""pinky"":{""has_data"":true,""last_update_ts"":1784118766.738658,""mapped"":true},""ring"":{""has_data"":true,""last_update_ts"":1784118766.738658,""mapped"":true},""thumb"":{""has_data"":true,""last_update_ts"":1784118766.738658,""mapped"":true}},""ports"":{""available"":[""BLE:Dexter""],""unavailable"":[]}}"
1784118766.7979453,1784118766.7978282,601,ble,"{""index"":{""age_s"":0.009160757064819336,""channels"":3,""force"":[2.233791454674833,-0.5303590847100033],""has_data"":true,""last_update_ts"":1784118766.7886674,""raw"":[14590,19237,17869]},""middle"":{""age_s"":0.009160757064819336,""channels"":3,""force"":[1.1315569365837224,-1.979896237740002],""has_data"":true,""last_update_ts"":1784118766.7886674,""raw"":[13582,15936,18326]},""pinky"":{""age_s"":0.009160757064819336,""channels"":3,""force"":[-1.0229197795455214,-0.7348984072800029],""has_data"":true,""last_update_ts"":1784118766.7886674,""raw"":[17423,15295,17683]},""ring"":{""age_s"":0.009160757064819336,""channels"":3,""force"":[0.27784193260211687,0.25976771495999973],""has_data"":true,""last_update_ts"":1784118766.7886674,""raw"":[15797,16375,15618]},""thumb"":{""age_s"":0.009160757064819336,""channels"":3,""force"":[0.0,-2.220446049250313e-16],""has_data"":true,""last_update_ts"":1784118766.7886674,""raw"":[0,0,0]}}","{""ble"":{""connection_state"":""connected"",""counter"":993618,""finger_order"":""DexterController.Visualizer"",""last_error"":null,""last_sample_age_s"":0.009184398004435934,""reconnect_count"":0,""sample_hz"":20.0,""sample_sequence"":600,""timestamp_us"":9731601952},""fingers"":{""index"":{""has_data"":true,""last_update_ts"":1784118766.7886674,""mapped"":true},""middle"":{""has_data"":true,""last_update_ts"":1784118766.7886674,""mapped"":true},""pinky"":{""has_data"":true,""last_update_ts"":1784118766.7886674,""mapped"":true},""ring"":{""has_data"":true,""last_update_ts"":1784118766.7886674,""mapped"":true},""thumb"":{""has_data"":true,""last_update_ts"":1784118766.7886674,""mapped"":true}},""ports"":{""available"":[""BLE:Dexter""],""unavailable"":[]}}"
1784118766.8479497,1784118766.84783,602,ble,"{""index"":{""age_s"":0.009165525436401367,""channels"":3,""force"":[2.008345319051312,-0.4512631458600005],""has_data"":true,""last_update_ts"":1784118766.8386645,""raw"":[14864,19042,17766]},""middle"":{""age_s"":0.009165525436401367,""channels"":3,""force"":[0.8167014593269952,-1.92910831911],""has_data"":true,""last_update_ts"":1784118766.8386645,""raw"":[13904,15603,18229]},""pinky"":{""age_s"":0.009165525436401367,""channels"":3,""force"":[-1.0334950780182695,-0.7515501838800018],""has_data"":true,""last_update_ts"":1784118766.8386645,""raw"":[17429,15279,17708]},""ring"":{""age_s"":0.009165525436401367,""channels"":3,""force"":[0.27015080644012635,0.2514418266600007],""has_data"":true,""last_update_ts"":1784118766.8386645,""raw"":[15802,16364,15630]},""thumb"":{""age_s"":0.009165525436401367,""channels"":3,""force"":[0.0,-2.220446049250313e-16],""has_data"":true,""last_update_ts"":1784118766.8386645,""raw"":[0,0,0]}}","{""ble"":{""connection_state"":""connected"",""counter"":993622,""finger_order"":""DexterController.Visualizer"",""last_error"":null,""last_sample_age_s"":0.009190459997626022,""reconnect_count"":0,""sample_hz"":20.0,""sample_sequence"":601,""timestamp_us"":9731639488},""fingers"":{""index"":{""has_data"":true,""last_update_ts"":1784118766.8386645,""mapped"":true},""middle"":{""has_data"":true,""last_update_ts"":1784118766.8386645,""mapped"":true},""pinky"":{""has_data"":true,""last_update_ts"":1784118766.8386645,""mapped"":true},""ring"":{""has_data"":true,""last_update_ts"":1784118766.8386645,""mapped"":true},""thumb"":{""has_data"":true,""last_update_ts"":1784118766.8386645,""mapped"":true}},""ports"":{""available"":[""BLE:Dexter""],""unavailable"":[]}}"
1784118766.898108,1784118766.8978767,603,ble,"{""index"":{""age_s"":0.009234905242919922,""channels"":3,""force"":[1.5834105986010094,-0.3036173933400024],""has_data"":true,""last_update_ts"":1784118766.8886418,""raw"":[15401,18695,17595]},""middle"":{""age_s"":0.009234905242919922,""channels"":3,""force"":[0.38215283117419574,-1.72207123005],""has_data"":true,""last_update_ts"":1784118766.8886418,""raw"":[14451,15246,17951]},""pinky"":{""age_s"":0.009234905242919922,""channels"":3,""force"":[-1.0185935210793975,-0.7390613514300011],""has_data"":true,""last_update_ts"":1784118766.8886418,""raw"":[17418,15299,17690]},""ring"":{""age_s"":0.009234905242919922,""channels"":3,""force"":[0.29322418492611213,0.26809360325999876],""has_data"":true,""last_update_ts"":1784118766.8886418,""raw"":[15797,16407,15619]},""thumb"":{""age_s"":0.009234905242919922,""channels"":3,""force"":[0.0,-2.220446049250313e-16],""has_data"":true,""last_update_ts"":1784118766.8886418,""raw"":[0,0,0]}}","{""ble"":{""connection_state"":""connected"",""counter"":993628,""finger_order"":""DexterController.Visualizer"",""last_error"":null,""last_sample_age_s"":0.009259657002985477,""reconnect_count"":0,""sample_hz"":20.0,""sample_sequence"":602,""timestamp_us"":9731696064},""fingers"":{""index"":{""has_data"":true,""last_update_ts"":1784118766.8886418,""mapped"":true},""middle"":{""has_data"":true,""last_update_ts"":1784118766.8886418,""mapped"":true},""pinky"":{""has_data"":true,""last_update_ts"":1784118766.8886418,""mapped"":true},""ring"":{""has_data"":true,""last_update_ts"":1784118766.8886418,""mapped"":true},""thumb"":{""has_data"":true,""last_update_ts"":1784118766.8886418,""mapped"":true}},""ports"":{""available"":[""BLE:Dexter""],""unavailable"":[]}}"
1784118766.9479475,1784118766.9478252,604,ble,"{""index"":{""age_s"":0.009174823760986328,""channels"":3,""force"":[0.9546610348578017,-0.26420818872000407],""has_data"":true,""last_update_ts"":1784118766.9386504,""raw"":[16071,18057,17540]},""middle"":{""age_s"":0.009174823760986328,""channels"":3,""force"":[0.025476855411614707,-1.236949471770001],""has_data"":true,""last_update_ts"":1784118766.9386504,""raw"":[15079,15132,17334]},""pinky"":{""age_s"":0.009174823760986328,""channels"":3,""force"":[-1.0291688195521473,-0.7462771212899995],""has_data"":true,""last_update_ts"":1784118766.9386504,""raw"":[17425,15284,17699]},""ring"":{""age_s"":0.009174823760986328,""channels"":3,""force"":[0.2773612372169936,0.25449465236999647],""has_data"":true,""last_update_ts"":1784118766.9386504,""raw"":[15798,16375,15628]},""thumb"":{""age_s"":0.009174823760986328,""channels"":3,""force"":[0.0,-2.220446049250313e-16],""has_data"":true,""last_update_ts"":1784118766.9386504,""raw"":[0,0,0]}}","{""ble"":{""connection_state"":""connected"",""counter"":993633,""finger_order"":""DexterController.Visualizer"",""last_error"":null,""last_sample_age_s"":0.009199118008837104,""reconnect_count"":0,""sample_hz"":20.0,""sample_sequence"":603,""timestamp_us"":9731743072},""fingers"":{""index"":{""has_data"":true,""last_update_ts"":1784118766.9386504,""mapped"":true},""middle"":{""has_data"":true,""last_update_ts"":1784118766.9386504,""mapped"":true},""pinky"":{""has_data"":true,""last_update_ts"":1784118766.9386504,""mapped"":true},""ring"":{""has_data"":true,""last_update_ts"":1784118766.9386504,""mapped"":true},""thumb"":{""has_data"":true,""last_update_ts"":1784118766.9386504,""mapped"":true}},""ports"":{""available"":[""BLE:Dexter""],""unavailable"":[]}}"
1784118766.997947,1784118766.9978254,605,ble,"{""index"":{""age_s"":0.009165763854980469,""channels"":3,""force"":[0.2797647141426207,-0.39409204619999993],""has_data"":true,""last_update_ts"":1784118766.9886596,""raw"":[16665,17247,17666]},""middle"":{""age_s"":0.009165763854980469,""channels"":3,""force"":[-0.3749424003973232,-0.6360978661200001],""has_data"":true,""last_update_ts"":1784118766.9886596,""raw"":[15849,15069,16605]},""pinky"":{""age_s"":0.009165763854980469,""channels"":3,""force"":[-1.0229197795455232,-0.7437793548],""has_data"":true,""last_update_ts"":1784118766.9886596,""raw"":[17420,15292,17696]},""ring"":{""age_s"":0.009165763854980469,""channels"":3,""force"":[0.2763998464467452,0.2556047708099962],""has_data"":true,""last_update_ts"":1784118766.9886596,""raw"":[15793,16368,15620]},""thumb"":{""age_s"":0.009165763854980469,""channels"":3,""force"":[0.0,-2.220446049250313e-16],""has_data"":true,""last_update_ts"":1784118766.9886596,""raw"":[0,0,0]}}","{""ble"":{""connection_state"":""connected"",""counter"":993639,""finger_order"":""DexterController.Visualizer"",""last_error"":null,""last_sample_age_s"":0.00918975799868349,""reconnect_count"":0,""sample_hz"":20.0,""sample_sequence"":604,""timestamp_us"":9731799744},""fingers"":{""index"":{""has_data"":true,""last_update_ts"":1784118766.9886596,""mapped"":true},""middle"":{""has_data"":true,""last_update_ts"":1784118766.9886596,""mapped"":true},""pinky"":{""has_data"":true,""last_update_ts"":1784118766.9886596,""mapped"":true},""ring"":{""has_data"":true,""last_update_ts"":1784118766.9886596,""mapped"":true},""thumb"":{""has_data"":true,""last_update_ts"":1784118766.9886596,""mapped"":true}},""ports"":{""available"":[""BLE:Dexter""],""unavailable"":[]}}"
1784118767.0479755,1784118767.0478292,606,ble,"{""index"":{""age_s"":0.009174346923828125,""channels"":3,""force"":[0.16728199402341914,-0.540072621060002],""has_data"":true,""last_update_ts"":1784118767.0386548,""raw"":[16652,17000,17799]},""middle"":{""age_s"":0.009174346923828125,""channels"":3,""force"":[-0.5484734344273701,-0.41102135241000237],""has_data"":true,""last_update_ts"":1784118767.0386548,""raw"":[16195,15054,16365]},""pinky"":{""age_s"":0.009174346923828125,""channels"":3,""force"":[-1.0224390841603999,-0.7379512329900013],""has_data"":true,""last_update_ts"":1784118767.0386548,""raw"":[17421,15294,17687]},""ring"":{""age_s"":0.009174346923828125,""channels"":3,""force"":[0.2893786218451151,0.270868899359999],""has_data"":true,""last_update_ts"":1784118767.0386548,""raw"":[15798,16400,15611]},""thumb"":{""age_s"":0.009174346923828125,""channels"":3,""force"":[0.0,-2.220446049250313e-16],""has_data"":true,""last_update_ts"":1784118767.0386548,""raw"":[0,0,0]}}","{""ble"":{""connection_state"":""connected"",""counter"":993644,""finger_order"":""DexterController.Visualizer"",""last_error"":null,""last_sample_age_s"":0.00920229300390929,""reconnect_count"":0,""sample_hz"":20.0,""sample_sequence"":605,""timestamp_us"":9731846848},""fingers"":{""index"":{""has_data"":true,""last_update_ts"":1784118767.0386548,""mapped"":true},""middle"":{""has_data"":true,""last_update_ts"":1784118767.0386548,""mapped"":true},""pinky"":{""has_data"":true,""last_update_ts"":1784118767.0386548,""mapped"":true},""ring"":{""has_data"":true,""last_update_ts"":1784118767.0386548,""mapped"":true},""thumb"":{""has_data"":true,""last_update_ts"":1784118767.0386548,""mapped"":true}},""ports"":{""available"":[""BLE:Dexter""],""unavailable"":[]}}"
1784118767.0979433,1784118767.0978253,607,ble,"{""index"":{""age_s"":0.009165287017822266,""channels"":3,""force"":[0.22640752639377126,-0.6530271723300016],""has_data"":true,""last_update_ts"":1784118767.08866,""raw"":[16502,16973,17914]},""middle"":{""age_s"":0.009165287017822266,""channels"":3,""force"":[-0.49511624667851883,-0.41740453344000095],""has_data"":true,""last_update_ts"":1784118767.08866,""raw"":[16150,15120,16387]},""pinky"":{""age_s"":0.009165287017822266,""channels"":3,""force"":[-1.0243618657008948,-0.7479422989500035],""has_data"":true,""last_update_ts"":1784118767.08866,""raw"":[17423,15292,17705]},""ring"":{""age_s"":0.009165287017822266,""channels"":3,""force"":[0.27303497875087146,0.2519968858799979],""has_data"":true,""last_update_ts"":1784118767.08866,""raw"":[15797,16365,15627]},""thumb"":{""age_s"":0.009165287017822266,""channels"":3,""force"":[0.0,-2.220446049250313e-16],""has_data"":true,""last_update_ts"":1784118767.08866,""raw"":[0,0,0]}}","{""ble"":{""connection_state"":""connected"",""counter"":993649,""finger_order"":""DexterController.Visualizer"",""last_error"":null,""last_sample_age_s"":0.009189199001411907,""reconnect_count"":0,""sample_hz"":20.0,""sample_sequence"":606,""timestamp_us"":9731893888},""fingers"":{""index"":{""has_data"":true,""last_update_ts"":1784118767.08866,""mapped"":true},""middle"":{""has_data"":true,""last_update_ts"":1784118767.08866,""mapped"":true},""pinky"":{""has_data"":true,""last_update_ts"":1784118767.08866,""mapped"":true},""ring"":{""has_data"":true,""last_update_ts"":1784118767.08866,""mapped"":true},""thumb"":{""has_data"":true,""last_update_ts"":1784118767.08866,""mapped"":true}},""ports"":{""available"":[""BLE:Dexter""],""unavailable"":[]}}"
1784118767.1479275,1784118767.1478155,608,ble,"{""index"":{""age_s"":0.009142160415649414,""channels"":3,""force"":[0.3110099141757292,-0.6846655478700043],""has_data"":true,""last_update_ts"":1784118767.1386733,""raw"":[16386,17033,17943]},""middle"":{""age_s"":0.009142160415649414,""channels"":3,""force"":[-0.4201277665990535,-0.4035280529399996],""has_data"":true,""last_update_ts"":1784118767.1386733,""raw"":[16089,15215,16379]},""pinky"":{""age_s"":0.009142160415649414,""channels"":3,""force"":[-1.0219583887752748,-0.7448894732400015],""has_data"":true,""last_update_ts"":1784118767.1386733,""raw"":[17421,15295,17700]},""ring"":{""age_s"":0.009142160415649414,""channels"":3,""force"":[0.2768805418318703,0.25588230041999793],""has_data"":true,""last_update_ts"":1784118767.1386733,""raw"":[15797,16373,15624]},""thumb"":{""age_s"":0.009142160415649414,""channels"":3,""force"":[0.0,-2.220446049250313e-16],""has_data"":true,""last_update_ts"":1784118767.1386733,""raw"":[0,0,0]}}","{""ble"":{""connection_state"":""connected"",""counter"":993655,""finger_order"":""DexterController.Visualizer"",""last_error"":null,""last_sample_age_s"":0.00916661300288979,""reconnect_count"":0,""sample_hz"":20.0,""sample_sequence"":607,""timestamp_us"":9731950240},""fingers"":{""index"":{""has_data"":true,""last_update_ts"":1784118767.1386733,""mapped"":true},""middle"":{""has_data"":true,""last_update_ts"":1784118767.1386733,""mapped"":true},""pinky"":{""has_data"":true,""last_update_ts"":1784118767.1386733,""mapped"":true},""ring"":{""has_data"":true,""last_update_ts"":1784118767.1386733,""mapped"":true},""thumb"":{""has_data"":true,""last_update_ts"":1784118767.1386733,""mapped"":true}},""ports"":{""available"":[""BLE:Dexter""],""unavailable"":[]}}"
1784118767.197947,1784118767.197825,609,ble,"{""index"":{""age_s"":0.009165287017822266,""channels"":3,""force"":[0.2826488864533676,-0.687163314360002],""has_data"":true,""last_update_ts"":1784118767.1886597,""raw"":[16407,16995,17939]},""middle"":{""age_s"":0.009165287017822266,""channels"":3,""force"":[-0.43983627738917086,-0.3671716740300015],""has_data"":true,""last_update_ts"":1784118767.1886597,""raw"":[16137,15222,16341]},""pinky"":{""age_s"":0.009165287017822266,""channels"":3,""force"":[-1.018112825694276,-0.7360085257199991],""has_data"":true,""last_update_ts"":1784118767.1886597,""raw"":[17424,15306,17691]},""ring"":{""age_s"":0.009165287017822266,""channels"":3,""force"":[0.2773612372169971,0.25949018534999624],""has_data"":true,""last_update_ts"":1784118767.1886597,""raw"":[15795,16372,15616]},""thumb"":{""age_s"":0.009165287017822266,""channels"":3,""force"":[0.0,-2.220446049250313e-16],""has_data"":true,""last_update_ts"":1784118767.1886597,""raw"":[0,0,0]}}","{""ble"":{""connection_state"":""connected"",""counter"":993660,""finger_order"":""DexterController.Visualizer"",""last_error"":null,""last_sample_age_s"":0.009189698990667239,""reconnect_count"":0,""sample_hz"":20.0,""sample_sequence"":608,""timestamp_us"":9731997344},""fingers"":{""index"":{""has_data"":true,""last_update_ts"":1784118767.1886597,""mapped"":true},""middle"":{""has_data"":true,""last_update_ts"":1784118767.1886597,""mapped"":true},""pinky"":{""has_data"":true,""last_update_ts"":1784118767.1886597,""mapped"":true},""ring"":{""has_data"":true,""last_update_ts"":1784118767.1886597,""mapped"":true},""thumb"":{""has_data"":true,""last_update_ts"":1784118767.1886597,""mapped"":true}},""ports"":{""available"":[""BLE:Dexter""],""unavailable"":[]}}"
1784118767.2479336,1784118767.2478247,610,ble,"{""index"":{""age_s"":0.009165763854980469,""channels"":3,""force"":[0.2788033233723688,-0.5905830100799996],""has_data"":true,""last_update_ts"":1784118767.238659,""raw"":[16484,17064,17838]},""middle"":{""age_s"":0.009165763854980469,""channels"":3,""force"":[-0.46627452357103394,-0.2836352614200015],""has_data"":true,""last_update_ts"":1784118767.238659,""raw"":[16208,15238,16234]},""pinky"":{""age_s"":0.009165763854980469,""channels"":3,""force"":[-1.022919779545525,-0.7493299469999988],""has_data"":true,""last_update_ts"":1784118767.238659,""raw"":[17417,15289,17703]},""ring"":{""age_s"":0.009165763854980469,""channels"":3,""force"":[0.2735156741359983,0.24949911938999758],""has_data"":true,""last_update_ts"":1784118767.238659,""raw"":[15799,16368,15634]},""thumb"":{""age_s"":0.009165763854980469,""channels"":3,""force"":[0.0,-2.220446049250313e-16],""has_data"":true,""last_update_ts"":1784118767.238659,""raw"":[0,0,0]}}","{""ble"":{""connection_state"":""connected"",""counter"":993665,""finger_order"":""DexterController.Visualizer"",""last_error"":null,""last_sample_age_s"":0.009189438991597854,""reconnect_count"":0,""sample_hz"":20.0,""sample_sequence"":609,""timestamp_us"":9732044224},""fingers"":{""index"":{""has_data"":true,""last_update_ts"":1784118767.238659,""mapped"":true},""middle"":{""has_data"":true,""last_update_ts"":1784118767.238659,""mapped"":true},""pinky"":{""has_data"":true,""last_update_ts"":1784118767.238659,""mapped"":true},""ring"":{""has_data"":true,""last_update_ts"":1784118767.238659,""mapped"":true},""thumb"":{""has_data"":true,""last_update_ts"":1784118767.238659,""mapped"":true}},""ports"":{""available"":[""BLE:Dexter""],""unavailable"":[]}}"
1784118767.298136,1784118767.2980123,611,ble,"{""index"":{""age_s"":0.009365081787109375,""channels"":3,""force"":[0.2528457725756308,-0.5450681540400009],""has_data"":true,""last_update_ts"":1784118767.2886472,""raw"":[16540,17066,17785]},""middle"":{""age_s"":0.009365081787109375,""channels"":3,""force"":[-0.487425120516523,-0.24367099758000155],""has_data"":true,""last_update_ts"":1784118767.2886472,""raw"":[16246,15232,16178]},""pinky"":{""age_s"":0.009365081787109375,""channels"":3,""force"":[-1.0224390841603999,-0.7435018251900019],""has_data"":true,""last_update_ts"":1784118767.2886472,""raw"":[17425,15298,17701]},""ring"":{""age_s"":0.009365081787109375,""channels"":3,""force"":[0.2759191510616237,0.25255194509999956],""has_data"":true,""last_update_ts"":1784118767.2886472,""raw"":[15803,16377,15635]},""thumb"":{""age_s"":0.009365081787109375,""channels"":3,""force"":[0.0,-2.220446049250313e-16],""has_data"":true,""last_update_ts"":1784118767.2886472,""raw"":[0,0,0]}}","{""ble"":{""connection_state"":""connected"",""counter"":993670,""finger_order"":""DexterController.Visualizer"",""last_error"":null,""last_sample_age_s"":0.009390324004925787,""reconnect_count"":0,""sample_hz"":20.0,""sample_sequence"":610,""timestamp_us"":9732091104},""fingers"":{""index"":{""has_data"":true,""last_update_ts"":1784118767.2886472,""mapped"":true},""middle"":{""has_data"":true,""last_update_ts"":1784118767.2886472,""mapped"":true},""pinky"":{""has_data"":true,""last_update_ts"":1784118767.2886472,""mapped"":true},""ring"":{""has_data"":true,""last_update_ts"":1784118767.2886472,""mapped"":true},""thumb"":{""has_data"":true,""last_update_ts"":1784118767.2886472,""mapped"":true}},""ports"":{""available"":[""BLE:Dexter""],""unavailable"":[]}}"
1784118767.3479383,1784118767.3478262,612,ble,"{""index"":{""age_s"":0.009178400039672852,""channels"":3,""force"":[0.21342875099540137,-0.524530962900001],""has_data"":true,""last_update_ts"":1784118767.3386478,""raw"":[16598,17042,17765]},""middle"":{""age_s"":0.009178400039672852,""channels"":3,""force"":[-0.5532803882786173,-0.22119109917000213],""has_data"":true,""last_update_ts"":1784118767.3386478,""raw"":[16331,15180,16154]},""pinky"":{""age_s"":0.009178400039672852,""channels"":3,""force"":[-1.025323256471145,-0.7407265290899998],""has_data"":true,""last_update_ts"":1784118767.3386478,""raw"":[17423,15290,17691]},""ring"":{""age_s"":0.009178400039672852,""channels"":3,""force"":[0.2855330587641145,0.26420818871999785],""has_data"":true,""last_update_ts"":1784118767.3386478,""raw"":[15801,16395,15622]},""thumb"":{""age_s"":0.009178400039672852,""channels"":3,""force"":[0.0,-2.220446049250313e-16],""has_data"":true,""last_update_ts"":1784118767.3386478,""raw"":[0,0,0]}}","{""ble"":{""connection_state"":""connected"",""counter"":993676,""finger_order"":""DexterController.Visualizer"",""last_error"":null,""last_sample_age_s"":0.009201742010191083,""reconnect_count"":0,""sample_hz"":20.0,""sample_sequence"":611,""timestamp_us"":9732147360},""fingers"":{""index"":{""has_data"":true,""last_update_ts"":1784118767.3386478,""mapped"":true},""middle"":{""has_data"":true,""last_update_ts"":1784118767.3386478,""mapped"":true},""pinky"":{""has_data"":true,""last_update_ts"":1784118767.3386478,""mapped"":true},""ring"":{""has_data"":true,""last_update_ts"":1784118767.3386478,""mapped"":true},""thumb"":{""has_data"":true,""last_update_ts"":1784118767.3386478,""mapped"":true}},""ports"":{""available"":[""BLE:Dexter""],""unavailable"":[]}}"
1784118767.397947,1784118767.3978262,613,ble,"{""index"":{""age_s"":0.00916743278503418,""channels"":3,""force"":[0.20285345252265508,-0.5339669696400025],""has_data"":true,""last_update_ts"":1784118767.3886588,""raw"":[16610,17032,17783]},""middle"":{""age_s"":0.00916743278503418,""channels"":3,""force"":[-0.5369367451843736,-0.23395746123000016],""has_data"":true,""last_update_ts"":1784118767.3886588,""raw"":[16302,15185,16165]},""pinky"":{""age_s"":0.00916743278503418,""channels"":3,""force"":[-1.0205163026198978,-0.7451670028500006],""has_data"":true,""last_update_ts"":1784118767.3886588,""raw"":[17418,15295,17699]},""ring"":{""age_s"":0.00916743278503418,""channels"":3,""force"":[0.2720735879806231,0.25310700431999766],""has_data"":true,""last_update_ts"":1784118767.3886588,""raw"":[15802,16368,15629]},""thumb"":{""age_s"":0.00916743278503418,""channels"":3,""force"":[0.0,-2.220446049250313e-16],""has_data"":true,""last_update_ts"":1784118767.3886588,""raw"":[0,0,0]}}","{""ble"":{""connection_state"":""connected"",""counter"":993681,""finger_order"":""DexterController.Visualizer"",""last_error"":null,""last_sample_age_s"":0.00919194400194101,""reconnect_count"":0,""sample_hz"":20.0,""sample_sequence"":612,""timestamp_us"":9732194304},""fingers"":{""index"":{""has_data"":true,""last_update_ts"":1784118767.3886588,""mapped"":true},""middle"":{""has_data"":true,""last_update_ts"":1784118767.3886588,""mapped"":true},""pinky"":{""has_data"":true,""last_update_ts"":1784118767.3886588,""mapped"":true},""ring"":{""has_data"":true,""last_update_ts"":1784118767.3886588,""mapped"":true},""thumb"":{""has_data"":true,""last_update_ts"":1784118767.3886588,""mapped"":true}},""ports"":{""available"":[""BLE:Dexter""],""unavailable"":[]}}"
1784118767.4479446,1784118767.4478257,614,ble,"{""index"":{""age_s"":0.009177684783935547,""channels"":3,""force"":[0.21246736022514767,-0.5112095416200022],""has_data"":true,""last_update_ts"":1784118767.438648,""raw"":[16587,17029,17729]},""middle"":{""age_s"":0.009177684783935547,""channels"":3,""force"":[-0.5749116806092314,-0.1470906933000018],""has_data"":true,""last_update_ts"":1784118767.438648,""raw"":[16300,15104,15967]},""pinky"":{""age_s"":0.009177684783935547,""channels"":3,""force"":[0.4975197236041424,0.013598950890000516],""has_data"":true,""last_update_ts"":1784118767.438648,""raw"":[17013,18048,17506]},""ring"":{""age_s"":0.009177684783935547,""channels"":3,""force"":[0.35523388960720936,0.5531165127299982],""has_data"":true,""last_update_ts"":1784118767.438648,""raw"":[15715,16454,15088]},""thumb"":{""age_s"":0.009177684783935547,""channels"":3,""force"":[0.0,-2.220446049250313e-16],""has_data"":true,""last_update_ts"":1784118767.438648,""raw"":[0,0,0]}}","{""ble"":{""connection_state"":""connected"",""counter"":993686,""finger_order"":""DexterController.Visualizer"",""last_error"":null,""last_sample_age_s"":0.00920205400325358,""reconnect_count"":0,""sample_hz"":20.0,""sample_sequence"":613,""timestamp_us"":9732241248},""fingers"":{""index"":{""has_data"":true,""last_update_ts"":1784118767.438648,""mapped"":true},""middle"":{""has_data"":true,""last_update_ts"":1784118767.438648,""mapped"":true},""pinky"":{""has_data"":true,""last_update_ts"":1784118767.438648,""mapped"":true},""ring"":{""has_data"":true,""last_update_ts"":1784118767.438648,""mapped"":true},""thumb"":{""has_data"":true,""last_update_ts"":1784118767.438648,""mapped"":true}},""ports"":{""available"":[""BLE:Dexter""],""unavailable"":[]}}"
1784118767.4979486,1784118767.4978254,615,ble,"{""index"":{""age_s"":0.009167194366455078,""channels"":3,""force"":[0.2139094463805229,-0.5747638223099996],""has_data"":true,""last_update_ts"":1784118767.4886582,""raw"":[16582,17027,17840]},""middle"":{""age_s"":0.009167194366455078,""channels"":3,""force"":[-0.5278035328670025,-0.23256981318000136],""has_data"":true,""last_update_ts"":1784118767.4886582,""raw"":[16313,15215,16183]},""pinky"":{""age_s"":0.009167194366455078,""channels"":3,""force"":[-1.0248425610860217,-0.7410040587000006],""has_data"":true,""last_update_ts"":1784118767.4886582,""raw"":[17426,15294,17695]},""ring"":{""age_s"":0.009167194366455078,""channels"":3,""force"":[0.2763998464467434,0.2528294747099977],""has_data"":true,""last_update_ts"":1784118767.4886582,""raw"":[15801,16376,15633]},""thumb"":{""age_s"":0.009167194366455078,""channels"":3,""force"":[0.0,-2.220446049250313e-16],""has_data"":true,""last_update_ts"":1784118767.4886582,""raw"":[0,0,0]}}","{""ble"":{""connection_state"":""connected"",""counter"":993692,""finger_order"":""DexterController.Visualizer"",""last_error"":null,""last_sample_age_s"":0.00919225400139112,""reconnect_count"":0,""sample_hz"":20.0,""sample_sequence"":614,""timestamp_us"":9732297792},""fingers"":{""index"":{""has_data"":true,""last_update_ts"":1784118767.4886582,""mapped"":true},""middle"":{""has_data"":true,""last_update_ts"":1784118767.4886582,""mapped"":true},""pinky"":{""has_data"":true,""last_update_ts"":1784118767.4886582,""mapped"":true},""ring"":{""has_data"":true,""last_update_ts"":1784118767.4886582,""mapped"":true},""thumb"":{""has_data"":true,""last_update_ts"":1784118767.4886582,""mapped"":true}},""ports"":{""available"":[""BLE:Dexter""],""unavailable"":[]}}"
1784118767.5479484,1784118767.5478275,616,ble,"{""index"":{""age_s"":0.009173393249511719,""channels"":3,""force"":[0.20717971098877896,-0.5775391184100016],""has_data"":true,""last_update_ts"":1784118767.538654,""raw"":[16588,17019,17844]},""middle"":{""age_s"":0.009173393249511719,""channels"":3,""force"":[-0.5162668436240079,-0.19593590466000244],""has_data"":true,""last_update_ts"":1784118767.538654,""raw"":[16334,15260,16150]},""pinky"":{""age_s"":0.009173393249511719,""channels"":3,""force"":[-1.0238811703157733,-0.748219828559999],""has_data"":true,""last_update_ts"":1784118767.538654,""raw"":[17420,15290,17703]},""ring"":{""age_s"":0.009173393249511719,""channels"":3,""force"":[0.27543845567649505,0.25282947470999684],""has_data"":true,""last_update_ts"":1784118767.538654,""raw"":[15793,16366,15624]},""thumb"":{""age_s"":0.009173393249511719,""channels"":3,""force"":[0.0,-2.220446049250313e-16],""has_data"":true,""last_update_ts"":1784118767.538654,""raw"":[0,0,0]}}","{""ble"":{""connection_state"":""connected"",""counter"":993697,""finger_order"":""DexterController.Visualizer"",""last_error"":null,""last_sample_age_s"":0.009197103005135432,""reconnect_count"":0,""sample_hz"":20.0,""sample_sequence"":615,""timestamp_us"":9732344832},""fingers"":{""index"":{""has_data"":true,""last_update_ts"":1784118767.538654,""mapped"":true},""middle"":{""has_data"":true,""last_update_ts"":1784118767.538654,""mapped"":true},""pinky"":{""has_data"":true,""last_update_ts"":1784118767.538654,""mapped"":true},""ring"":{""has_data"":true,""last_update_ts"":1784118767.538654,""mapped"":true},""thumb"":{""has_data"":true,""last_update_ts"":1784118767.538654,""mapped"":true}},""ports"":{""available"":[""BLE:Dexter""],""unavailable"":[]}}"
1784118767.5979455,1784118767.5978255,617,ble,"{""index"":{""age_s"":0.009166479110717773,""channels"":3,""force"":[0.2855330587641163,-0.5339669696400025],""has_data"":true,""last_update_ts"":1784118767.588659,""raw"":[16545,17139,17804]},""middle"":{""age_s"":0.009166479110717773,""channels"":3,""force"":[-0.4734849543479047,-0.643591165590002],""has_data"":true,""last_update_ts"":1784118767.588659,""raw"":[16030,15045,16697]},""pinky"":{""age_s"":0.009166479110717773,""channels"":3,""force"":[-1.021477693390148,-0.7457220620700022],""has_data"":true,""last_update_ts"":1784118767.588659,""raw"":[17419,15294,17700]},""ring"":{""age_s"":0.009166479110717773,""channels"":3,""force"":[0.276399846446747,0.25671488924999775],""has_data"":true,""last_update_ts"":1784118767.588659,""raw"":[15794,16369,15619]},""thumb"":{""age_s"":0.009166479110717773,""channels"":3,""force"":[0.0,-2.220446049250313e-16],""has_data"":true,""last_update_ts"":1784118767.588659,""raw"":[0,0,0]}}","{""ble"":{""connection_state"":""connected"",""counter"":993702,""finger_order"":""DexterController.Visualizer"",""last_error"":null,""last_sample_age_s"":0.009190780998324044,""reconnect_count"":0,""sample_hz"":20.0,""sample_sequence"":616,""timestamp_us"":9732391872},""fingers"":{""index"":{""has_data"":true,""last_update_ts"":1784118767.588659,""mapped"":true},""middle"":{""has_data"":true,""last_update_ts"":1784118767.588659,""mapped"":true},""pinky"":{""has_data"":true,""last_update_ts"":1784118767.588659,""mapped"":true},""ring"":{""has_data"":true,""last_update_ts"":1784118767.588659,""mapped"":true},""thumb"":{""has_data"":true,""last_update_ts"":1784118767.588659,""mapped"":true}},""ports"":{""available"":[""BLE:Dexter""],""unavailable"":[]}}"
1784118767.6479373,1784118767.6478155,618,ble,"{""index"":{""age_s"":0.009157419204711914,""channels"":3,""force"":[0.47588843127352654,0.20093143763999866],""has_data"":true,""last_update_ts"":1784118767.638658,""raw"":[16866,17856,16999]},""middle"":{""age_s"":0.009157419204711914,""channels"":3,""force"":[-0.5186703205496332,-1.5155892002100009],""has_data"":true,""last_update_ts"":1784118767.638658,""raw"":[15550,14471,17741]},""pinky"":{""age_s"":0.009157419204711914,""channels"":3,""force"":[-1.0219583887752712,-0.7515501838800027],""has_data"":true,""last_update_ts"":1784118767.638658,""raw"":[17418,15292,17709]},""ring"":{""age_s"":0.009157419204711914,""channels"":3,""force"":[0.2768805418318703,0.24866653055999777],""has_data"":true,""last_update_ts"":1784118767.638658,""raw"":[15793,16369,15633]},""thumb"":{""age_s"":0.009157419204711914,""channels"":3,""force"":[0.0,-2.220446049250313e-16],""has_data"":true,""last_update_ts"":1784118767.638658,""raw"":[0,0,0]}}","{""ble"":{""connection_state"":""connected"",""counter"":993708,""finger_order"":""DexterController.Visualizer"",""last_error"":null,""last_sample_age_s"":0.009181603003526106,""reconnect_count"":0,""sample_hz"":20.0,""sample_sequence"":617,""timestamp_us"":9732448320},""fingers"":{""index"":{""has_data"":true,""last_update_ts"":1784118767.638658,""mapped"":true},""middle"":{""has_data"":true,""last_update_ts"":1784118767.638658,""mapped"":true},""pinky"":{""has_data"":true,""last_update_ts"":1784118767.638658,""mapped"":true},""ring"":{""has_data"":true,""last_update_ts"":1784118767.638658,""mapped"":true},""thumb"":{""has_data"":true,""last_update_ts"":1784118767.638658,""mapped"":true}},""ports"":{""available"":[""BLE:Dexter""],""unavailable"":[]}}"
1784118767.6979227,1784118767.697804,619,ble,"{""index"":{""age_s"":0.009144306182861328,""channels"":3,""force"":[0.8142979824013672,1.758982668179999],""has_data"":true,""last_update_ts"":1784118767.6886597,""raw"":[17462,19156,15140]},""middle"":{""age_s"":0.009144306182861328,""channels"":3,""force"":[-0.836409970117109,-2.1763872016200017],""has_data"":true,""last_update_ts"":1784118767.6886597,""raw"":[15548,13808,18599]},""pinky"":{""age_s"":0.009144306182861328,""channels"":3,""force"":[-1.0277267333967703,-0.7376737033800014],""has_data"":true,""last_update_ts"":1784118767.6886597,""raw"":[17430,15292,17690]},""ring"":{""age_s"":0.009144306182861328,""channels"":3,""force"":[0.2797647141426154,0.2569924188599986],""has_data"":true,""last_update_ts"":1784118767.6886597,""raw"":[15797,16379,15625]},""thumb"":{""age_s"":0.009144306182861328,""channels"":3,""force"":[0.0,-2.220446049250313e-16],""has_data"":true,""last_update_ts"":1784118767.6886597,""raw"":[0,0,0]}}","{""ble"":{""connection_state"":""connected"",""counter"":993713,""finger_order"":""DexterController.Visualizer"",""last_error"":null,""last_sample_age_s"":0.009167255004285835,""reconnect_count"":0,""sample_hz"":20.0,""sample_sequence"":618,""timestamp_us"":9732495264},""fingers"":{""index"":{""has_data"":true,""last_update_ts"":1784118767.6886597,""mapped"":true},""middle"":{""has_data"":true,""last_update_ts"":1784118767.6886597,""mapped"":true},""pinky"":{""has_data"":true,""last_update_ts"":1784118767.6886597,""mapped"":true},""ring"":{""has_data"":true,""last_update_ts"":1784118767.6886597,""mapped"":true},""thumb"":{""has_data"":true,""last_update_ts"":1784118767.6886597,""mapped"":true}},""ports"":{""available"":[""BLE:Dexter""],""unavailable"":[]}}"
1784118767.7479174,1784118767.7478023,620,ble,"{""index"":{""age_s"":0.009160280227661133,""channels"":3,""force"":[1.1656863089275813,2.562430889129998],""has_data"":true,""last_update_ts"":1784118767.738642,""raw"":[17556,19981,14152]},""middle"":{""age_s"":0.009160280227661133,""channels"":3,""force"":[-0.5465506528868707,-3.2107400580900025],""has_data"":true,""last_update_ts"":1784118767.738642,""raw"":[14500,13363,19716]},""pinky"":{""age_s"":0.009160280227661133,""channels"":3,""force"":[1.8410633250278892,0.5667154636199996],""has_data"":true,""last_update_ts"":1784118767.738642,""raw"":[16418,20248,17312]},""ring"":{""age_s"":0.009160280227661133,""channels"":3,""force"":[0.30716435109473217,0.8472978993299982],""has_data"":true,""last_update_ts"":1784118767.738642,""raw"":[15747,16386,14540]},""thumb"":{""age_s"":0.009160280227661133,""channels"":3,""force"":[0.0,-2.220446049250313e-16],""has_data"":true,""last_update_ts"":1784118767.738642,""raw"":[0,0,0]}}","{""ble"":{""connection_state"":""connected"",""counter"":993718,""finger_order"":""DexterController.Visualizer"",""last_error"":null,""last_sample_age_s"":0.009182954992866144,""reconnect_count"":0,""sample_hz"":20.0,""sample_sequence"":619,""timestamp_us"":9732542400},""fingers"":{""index"":{""has_data"":true,""last_update_ts"":1784118767.738642,""mapped"":true},""middle"":{""has_data"":true,""last_update_ts"":1784118767.738642,""mapped"":true},""pinky"":{""has_data"":true,""last_update_ts"":1784118767.738642,""mapped"":true},""ring"":{""has_data"":true,""last_update_ts"":1784118767.738642,""mapped"":true},""thumb"":{""has_data"":true,""last_update_ts"":1784118767.738642,""mapped"":true}},""ports"":{""available"":[""BLE:Dexter""],""unavailable"":[]}}"
1784118767.797921,1784118767.7978046,621,ble,"{""index"":{""age_s"":0.00914621353149414,""channels"":3,""force"":[1.5468777493315287,2.956800464939999],""has_data"":true,""last_update_ts"":1784118767.7886584,""raw"":[17405,20623,13687]},""middle"":{""age_s"":0.00914621353149414,""channels"":3,""force"":[-0.29274348954098706,-4.343615926110001],""has_data"":true,""last_update_ts"":1784118767.7886584,""raw"":[13705,13096,21226]},""pinky"":{""age_s"":0.00914621353149414,""channels"":3,""force"":[-1.0205163026198978,-0.7429467659699993],""has_data"":true,""last_update_ts"":1784118767.7886584,""raw"":[17422,15299,17699]},""ring"":{""age_s"":0.00914621353149414,""channels"":3,""force"":[0.26294037566325557,0.26115536300999675],""has_data"":true,""last_update_ts"":1784118767.7886584,""raw"":[15817,16364,15620]},""thumb"":{""age_s"":0.00914621353149414,""channels"":3,""force"":[0.0,-2.220446049250313e-16],""has_data"":true,""last_update_ts"":1784118767.7886584,""raw"":[0,0,0]}}","{""ble"":{""connection_state"":""connected"",""counter"":993724,""finger_order"":""DexterController.Visualizer"",""last_error"":null,""last_sample_age_s"":0.009169659009785391,""reconnect_count"":0,""sample_hz"":20.0,""sample_sequence"":620,""timestamp_us"":9732598816},""fingers"":{""index"":{""has_data"":true,""last_update_ts"":1784118767.7886584,""mapped"":true},""middle"":{""has_data"":true,""last_update_ts"":1784118767.7886584,""mapped"":true},""pinky"":{""has_data"":true,""last_update_ts"":1784118767.7886584,""mapped"":true},""ring"":{""has_data"":true,""last_update_ts"":1784118767.7886584,""mapped"":true},""thumb"":{""has_data"":true,""last_update_ts"":1784118767.7886584,""mapped"":true}},""ports"":{""available"":[""BLE:Dexter""],""unavailable"":[]}}"
1784118767.8479173,1784118767.8478026,622,ble,"{""index"":{""age_s"":0.009143590927124023,""channels"":3,""force"":[1.5396673185546526,2.983720837109998],""has_data"":true,""last_update_ts"":1784118767.838659,""raw"":[17446,20649,13672]},""middle"":{""age_s"":0.009143590927124023,""channels"":3,""force"":[-0.32927633881047136,-4.352496873630001],""has_data"":true,""last_update_ts"":1784118767.838659,""raw"":[13751,13066,21250]},""pinky"":{""age_s"":0.009143590927124023,""channels"":3,""force"":[-1.0248425610860235,-0.7587659537400002],""has_data"":true,""last_update_ts"":1784118767.838659,""raw"":[17417,15285,17718]},""ring"":{""age_s"":0.009143590927124023,""channels"":3,""force"":[0.26967011105499594,0.26892619209000035],""has_data"":true,""last_update_ts"":1784118767.838659,""raw"":[15814,16375,15610]},""thumb"":{""age_s"":0.009143590927124023,""channels"":3,""force"":[0.0,-2.220446049250313e-16],""has_data"":true,""last_update_ts"":1784118767.838659,""raw"":[0,0,0]}}","{""ble"":{""connection_state"":""connected"",""counter"":993729,""finger_order"":""DexterController.Visualizer"",""last_error"":null,""last_sample_age_s"":0.0091652709961636,""reconnect_count"":0,""sample_hz"":20.0,""sample_sequence"":621,""timestamp_us"":9732645728},""fingers"":{""index"":{""has_data"":true,""last_update_ts"":1784118767.838659,""mapped"":true},""middle"":{""has_data"":true,""last_update_ts"":1784118767.838659,""mapped"":true},""pinky"":{""has_data"":true,""last_update_ts"":1784118767.838659,""mapped"":true},""ring"":{""has_data"":true,""last_update_ts"":1784118767.838659,""mapped"":true},""thumb"":{""has_data"":true,""last_update_ts"":1784118767.838659,""mapped"":true}},""ports"":{""available"":[""BLE:Dexter""],""unavailable"":[]}}"
1784118767.8979235,1784118767.8978033,623,ble,"{""index"":{""age_s"":0.009145021438598633,""channels"":3,""force"":[1.621385534025869,2.940981277169997],""has_data"":true,""last_update_ts"":1784118767.8886583,""raw"":[17324,20697,13712]},""middle"":{""age_s"":0.009145021438598633,""channels"":3,""force"":[-0.2643824618186281,-4.821244384920001],""has_data"":true,""last_update_ts"":1784118767.8886583,""raw"":[13399,12849,21810]},""pinky"":{""age_s"":0.009145021438598633,""channels"":3,""force"":[-1.0238811703157715,-0.7437793548000018],""has_data"":true,""last_update_ts"":1784118767.8886583,""raw"":[17422,15292,17697]},""ring"":{""age_s"":0.009145021438598633,""channels"":3,""force"":[0.2754384556764986,0.23728781654999942],""has_data"":true,""last_update_ts"":1784118767.8886583,""raw"":[15788,16361,15647]},""thumb"":{""age_s"":0.009145021438598633,""channels"":3,""force"":[0.0,-2.220446049250313e-16],""has_data"":true,""last_update_ts"":1784118767.8886583,""raw"":[0,0,0]}}","{""ble"":{""connection_state"":""connected"",""counter"":993734,""finger_order"":""DexterController.Visualizer"",""last_error"":null,""last_sample_age_s"":0.009166963995085098,""reconnect_count"":0,""sample_hz"":20.0,""sample_sequence"":622,""timestamp_us"":9732692704},""fingers"":{""index"":{""has_data"":true,""last_update_ts"":1784118767.8886583,""mapped"":true},""middle"":{""has_data"":true,""last_update_ts"":1784118767.8886583,""mapped"":true},""pinky"":{""has_data"":true,""last_update_ts"":1784118767.8886583,""mapped"":true},""ring"":{""has_data"":true,""last_update_ts"":1784118767.8886583,""mapped"":true},""thumb"":{""has_data"":true,""last_update_ts"":1784118767.8886583,""mapped"":true}},""ports"":{""available"":[""BLE:Dexter""],""unavailable"":[]}}"
1784118767.9479244,1784118767.947803,624,ble,"{""index"":{""age_s"":0.009144306182861328,""channels"":3,""force"":[1.639651958660611,2.9071226647499966],""has_data"":true,""last_update_ts"":1784118767.9386587,""raw"":[17288,20699,13756]},""middle"":{""age_s"":0.009144306182861328,""channels"":3,""force"":[-0.3605215388435816,-4.574243032020001],""has_data"":true,""last_update_ts"":1784118767.9386587,""raw"":[13655,12905,21521]},""pinky"":{""age_s"":0.009144306182861328,""channels"":3,""force"":[-1.0291688195521456,-0.7385062922100003],""has_data"":true,""last_update_ts"":1784118767.9386587,""raw"":[17429,15288,17689]},""ring"":{""age_s"":0.009144306182861328,""channels"":3,""force"":[0.27303497875087324,0.25366206353999665],""has_data"":true,""last_update_ts"":1784118767.9386587,""raw"":[15800,16368,15627]},""thumb"":{""age_s"":0.009144306182861328,""channels"":3,""force"":[0.0,-2.220446049250313e-16],""has_data"":true,""last_update_ts"":1784118767.9386587,""raw"":[0,0,0]}}","{""ble"":{""connection_state"":""connected"",""counter"":993740,""finger_order"":""DexterController.Visualizer"",""last_error"":null,""last_sample_age_s"":0.009166282005026005,""reconnect_count"":0,""sample_hz"":20.0,""sample_sequence"":623,""timestamp_us"":9732749120},""fingers"":{""index"":{""has_data"":true,""last_update_ts"":1784118767.9386587,""mapped"":true},""middle"":{""has_data"":true,""last_update_ts"":1784118767.9386587,""mapped"":true},""pinky"":{""has_data"":true,""last_update_ts"":1784118767.9386587,""mapped"":true},""ring"":{""has_data"":true,""last_update_ts"":1784118767.9386587,""mapped"":true},""thumb"":{""has_data"":true,""last_update_ts"":1784118767.9386587,""mapped"":true}},""ports"":{""available"":[""BLE:Dexter""],""unavailable"":[]}}"
1784118767.9979167,1784118767.9978027,625,ble,"{""index"":{""age_s"":0.009144783020019531,""channels"":3,""force"":[1.7228122602871938,2.943479043659999],""has_data"":true,""last_update_ts"":1784118767.988658,""raw"":[17216,20800,13705]},""middle"":{""age_s"":0.009144783020019531,""channels"":3,""force"":[-0.38407561271469515,-4.973608140810002],""has_data"":true,""last_update_ts"":1784118767.988658,""raw"":[13464,12665,22025]},""pinky"":{""age_s"":0.009144783020019531,""channels"":3,""force"":[-1.0209969980050246,-0.7360085257200009],""has_data"":true,""last_update_ts"":1784118767.988658,""raw"":[17421,15297,17685]},""ring"":{""age_s"":0.009144783020019531,""channels"":3,""force"":[0.27976471414261894,0.2630980702799981],""has_data"":true,""last_update_ts"":1784118767.988658,""raw"":[15792,16374,15609]},""thumb"":{""age_s"":0.009144783020019531,""channels"":3,""force"":[0.0,-2.220446049250313e-16],""has_data"":true,""last_update_ts"":1784118767.988658,""raw"":[0,0,0]}}","{""ble"":{""connection_state"":""connected"",""counter"":993745,""finger_order"":""DexterController.Visualizer"",""last_error"":null,""last_sample_age_s"":0.009166834002826363,""reconnect_count"":0,""sample_hz"":20.0,""sample_sequence"":624,""timestamp_us"":9732796064},""fingers"":{""index"":{""has_data"":true,""last_update_ts"":1784118767.988658,""mapped"":true},""middle"":{""has_data"":true,""last_update_ts"":1784118767.988658,""mapped"":true},""pinky"":{""has_data"":true,""last_update_ts"":1784118767.988658,""mapped"":true},""ring"":{""has_data"":true,""last_update_ts"":1784118767.988658,""mapped"":true},""thumb"":{""has_data"":true,""last_update_ts"":1784118767.988658,""mapped"":true}},""ports"":{""available"":[""BLE:Dexter""],""unavailable"":[]}}"
1784118768.047919,1784118768.0478034,626,ble,"{""index"":{""age_s"":0.009143590927124023,""channels"":3,""force"":[1.7295419956789413,2.745877961339999],""has_data"":true,""last_update_ts"":1784118768.0386598,""raw"":[17097,20695,13949]},""middle"":{""age_s"":0.009143590927124023,""channels"":3,""force"":[-0.443681840470167,-4.767681170190002],""has_data"":true,""last_update_ts"":1784118768.0386598,""raw"":[13634,12711,21762]},""pinky"":{""age_s"":0.009143590927124023,""channels"":3,""force"":[-1.0229197795455232,-0.7504400654400021],""has_data"":true,""last_update_ts"":1784118768.0386598,""raw"":[17421,15293,17709]},""ring"":{""age_s"":0.009143590927124023,""channels"":3,""force"":[0.27495776029137,0.25366206353999576],""has_data"":true,""last_update_ts"":1784118768.0386598,""raw"":[15799,16371,15628]},""thumb"":{""age_s"":0.009143590927124023,""channels"":3,""force"":[0.0,-2.220446049250313e-16],""has_data"":true,""last_update_ts"":1784118768.0386598,""raw"":[0,0,0]}}","{""ble"":{""connection_state"":""connected"",""counter"":993750,""finger_order"":""DexterController.Visualizer"",""last_error"":null,""last_sample_age_s"":0.009165481009404175,""reconnect_count"":0,""sample_hz"":20.0,""sample_sequence"":625,""timestamp_us"":9732843072},""fingers"":{""index"":{""has_data"":true,""last_update_ts"":1784118768.0386598,""mapped"":true},""middle"":{""has_data"":true,""last_update_ts"":1784118768.0386598,""mapped"":true},""pinky"":{""has_data"":true,""last_update_ts"":1784118768.0386598,""mapped"":true},""ring"":{""has_data"":true,""last_update_ts"":1784118768.0386598,""mapped"":true},""thumb"":{""has_data"":true,""last_update_ts"":1784118768.0386598,""mapped"":true}},""ports"":{""available"":[""BLE:Dexter""],""unavailable"":[]}}"
1784118768.0979214,1784118768.0978022,627,ble,"{""index"":{""age_s"":0.009143829345703125,""channels"":3,""force"":[1.5906210293778802,1.901910417329998],""has_data"":true,""last_update_ts"":1784118768.0886583,""raw"":[16730,20039,14958]},""middle"":{""age_s"":0.009143829345703125,""channels"":3,""force"":[-0.4975197236041424,-3.9600700050900013],""has_data"":true,""last_update_ts"":1784118768.0886583,""raw"":[14148,13113,20765]},""pinky"":{""age_s"":0.009143829345703125,""channels"":3,""force"":[-1.0248425610860217,-0.7498850062200022],""has_data"":true,""last_update_ts"":1784118768.0886583,""raw"":[17420,15288,17705]},""ring"":{""age_s"":0.009143829345703125,""channels"":3,""force"":[0.2744770649062449,0.2511642970499963],""has_data"":true,""last_update_ts"":1784118768.0886583,""raw"":[15796,16367,15629]},""thumb"":{""age_s"":0.009143829345703125,""channels"":3,""force"":[0.0,-2.220446049250313e-16],""has_data"":true,""last_update_ts"":1784118768.0886583,""raw"":[0,0,0]}}","{""ble"":{""connection_state"":""connected"",""counter"":993756,""finger_order"":""DexterController.Visualizer"",""last_error"":null,""last_sample_age_s"":0.009166263000224717,""reconnect_count"":0,""sample_hz"":20.0,""sample_sequence"":626,""timestamp_us"":9732899648},""fingers"":{""index"":{""has_data"":true,""last_update_ts"":1784118768.0886583,""mapped"":true},""middle"":{""has_data"":true,""last_update_ts"":1784118768.0886583,""mapped"":true},""pinky"":{""has_data"":true,""last_update_ts"":1784118768.0886583,""mapped"":true},""ring"":{""has_data"":true,""last_update_ts"":1784118768.0886583,""mapped"":true},""thumb"":{""has_data"":true,""last_update_ts"":1784118768.0886583,""mapped"":true}},""ports"":{""available"":[""BLE:Dexter""],""unavailable"":[]}}"
1784118768.1479301,1784118768.147803,628,ble,"{""index"":{""age_s"":0.009144067764282227,""channels"":3,""force"":[1.243558961317797,0.5475659205299968],""has_data"":true,""last_update_ts"":1784118768.138659,""raw"":[16268,18855,16575]},""middle"":{""age_s"":0.009144067764282227,""channels"":3,""force"":[-0.7306569853896585,-2.128097049480001],""has_data"":true,""last_update_ts"":1784118768.138659,""raw"":[15451,13931,18525]},""pinky"":{""age_s"":0.009144067764282227,""channels"":3,""force"":[-1.0234004749306482,-0.7385062922100012],""has_data"":true,""last_update_ts"":1784118768.138659,""raw"":[17424,15295,17690]},""ring"":{""age_s"":0.009144067764282227,""channels"":3,""force"":[0.28409097260874283,0.26337559988999715],""has_data"":true,""last_update_ts"":1784118768.138659,""raw"":[15800,16391,15621]},""thumb"":{""age_s"":0.009144067764282227,""channels"":3,""force"":[0.0,-2.220446049250313e-16],""has_data"":true,""last_update_ts"":1784118768.138659,""raw"":[0,0,0]}}","{""ble"":{""connection_state"":""connected"",""counter"":993761,""finger_order"":""DexterController.Visualizer"",""last_error"":null,""last_sample_age_s"":0.009166914998786524,""reconnect_count"":0,""sample_hz"":20.0,""sample_sequence"":627,""timestamp_us"":9732946624},""fingers"":{""index"":{""has_data"":true,""last_update_ts"":1784118768.138659,""mapped"":true},""middle"":{""has_data"":true,""last_update_ts"":1784118768.138659,""mapped"":true},""pinky"":{""has_data"":true,""last_update_ts"":1784118768.138659,""mapped"":true},""ring"":{""has_data"":true,""last_update_ts"":1784118768.138659,""mapped"":true},""thumb"":{""has_data"":true,""last_update_ts"":1784118768.138659,""mapped"":true}},""ports"":{""available"":[""BLE:Dexter""],""unavailable"":[]}}"
1784118768.197931,1784118768.1978045,629,ble,"{""index"":{""age_s"":0.009145259857177734,""channels"":3,""force"":[1.150304056603586,-0.3349782392700016],""has_data"":true,""last_update_ts"":1784118768.1886592,""raw"":[15830,18223,17630]},""middle"":{""age_s"":0.009145259857177734,""channels"":3,""force"":[-0.8349678839617347,-1.3623928554900004],""has_data"":true,""last_update_ts"":1784118768.1886592,""raw"":[16010,14273,17596]},""pinky"":{""age_s"":0.009145259857177734,""channels"":3,""force"":[-1.0205163026198978,-0.752382772709999],""has_data"":true,""last_update_ts"":1784118768.1886592,""raw"":[17409,15286,17703]},""ring"":{""age_s"":0.009145259857177734,""channels"":3,""force"":[0.273034978750875,0.2475564121199989],""has_data"":true,""last_update_ts"":1784118768.1886592,""raw"":[15796,16364,15634]},""thumb"":{""age_s"":0.009145259857177734,""channels"":3,""force"":[0.0,-2.220446049250313e-16],""has_data"":true,""last_update_ts"":1784118768.1886592,""raw"":[0,0,0]}}","{""ble"":{""connection_state"":""connected"",""counter"":993766,""finger_order"":""DexterController.Visualizer"",""last_error"":null,""last_sample_age_s"":0.009167835989501327,""reconnect_count"":0,""sample_hz"":20.0,""sample_sequence"":628,""timestamp_us"":9732993568},""fingers"":{""index"":{""has_data"":true,""last_update_ts"":1784118768.1886592,""mapped"":true},""middle"":{""has_data"":true,""last_update_ts"":1784118768.1886592,""mapped"":true},""pinky"":{""has_data"":true,""last_update_ts"":1784118768.1886592,""mapped"":true},""ring"":{""has_data"":true,""last_update_ts"":1784118768.1886592,""mapped"":true},""thumb"":{""has_data"":true,""last_update_ts"":1784118768.1886592,""mapped"":true}},""ports"":{""available"":[""BLE:Dexter""],""unavailable"":[]}}"
1784118768.2479272,1784118768.2478034,630,ble,"{""index"":{""age_s"":0.009147405624389648,""channels"":3,""force"":[0.7662284438888918,-1.2988385748000004],""has_data"":true,""last_update_ts"":1784118768.238656,""raw"":[15612,17206,18749]},""middle"":{""age_s"":0.009147405624389648,""channels"":3,""force"":[-1.1512654473738362,0.5969661911099973],""has_data"":true,""last_update_ts"":1784118768.238656,""raw"":[17519,15124,15246]},""pinky"":{""age_s"":0.009147405624389648,""channels"":3,""force"":[-1.0219583887752712,-0.743224295580001],""has_data"":true,""last_update_ts"":1784118768.238656,""raw"":[17419,15293,17695]},""ring"":{""age_s"":0.009147405624389648,""channels"":3,""force"":[0.2768805418318703,0.2547721819799964],""has_data"":true,""last_update_ts"":1784118768.238656,""raw"":[15798,16374,15627]},""thumb"":{""age_s"":0.009147405624389648,""channels"":3,""force"":[0.0,-2.220446049250313e-16],""has_data"":true,""last_update_ts"":1784118768.238656,""raw"":[0,0,0]}}","{""ble"":{""connection_state"":""connected"",""counter"":993772,""finger_order"":""DexterController.Visualizer"",""last_error"":null,""last_sample_age_s"":0.009168758013402112,""reconnect_count"":0,""sample_hz"":20.0,""sample_sequence"":629,""timestamp_us"":9733050016},""fingers"":{""index"":{""has_data"":true,""last_update_ts"":1784118768.238656,""mapped"":true},""middle"":{""has_data"":true,""last_update_ts"":1784118768.238656,""mapped"":true},""pinky"":{""has_data"":true,""last_update_ts"":1784118768.238656,""mapped"":true},""ring"":{""has_data"":true,""last_update_ts"":1784118768.238656,""mapped"":true},""thumb"":{""has_data"":true,""last_update_ts"":1784118768.238656,""mapped"":true}},""ports"":{""available"":[""BLE:Dexter""],""unavailable"":[]}}"
1784118768.2979271,1784118768.297803,631,ble,"{""index"":{""age_s"":0.009145021438598633,""channels"":3,""force"":[0.31004852340547906,-2.2177391135100013],""has_data"":true,""last_update_ts"":1784118768.288658,""raw"":[15524,16169,19842]},""middle"":{""age_s"":0.009145021438598633,""channels"":3,""force"":[-1.2969161490666448,1.523637558899999],""has_data"":true,""last_update_ts"":1784118768.288658,""raw"":[18232,15534,14138]},""pinky"":{""age_s"":0.009145021438598633,""channels"":3,""force"":[-1.0234004749306482,-0.7446119436300016],""has_data"":true,""last_update_ts"":1784118768.288658,""raw"":[17421,15292,17698]},""ring"":{""age_s"":0.009145021438598633,""channels"":3,""force"":[0.2768805418318703,0.2547721819799982],""has_data"":true,""last_update_ts"":1784118768.288658,""raw"":[15796,16372,15625]},""thumb"":{""age_s"":0.009145021438598633,""channels"":3,""force"":[0.0,-2.220446049250313e-16],""has_data"":true,""last_update_ts"":1784118768.288658,""raw"":[0,0,0]}}","{""ble"":{""connection_state"":""connected"",""counter"":993777,""finger_order"":""DexterController.Visualizer"",""last_error"":null,""last_sample_age_s"":0.009166643998469226,""reconnect_count"":0,""sample_hz"":20.0,""sample_sequence"":630,""timestamp_us"":9733097024},""fingers"":{""index"":{""has_data"":true,""last_update_ts"":1784118768.288658,""mapped"":true},""middle"":{""has_data"":true,""last_update_ts"":1784118768.288658,""mapped"":true},""pinky"":{""has_data"":true,""last_update_ts"":1784118768.288658,""mapped"":true},""ring"":{""has_data"":true,""last_update_ts"":1784118768.288658,""mapped"":true},""thumb"":{""has_data"":true,""last_update_ts"":1784118768.288658,""mapped"":true}},""ports"":{""available"":[""BLE:Dexter""],""unavailable"":[]}}"
1784118768.3479517,1784118768.3478208,632,ble,"{""index"":{""age_s"":0.00916290283203125,""channels"":3,""force"":[0.1653592124829224,-3.09112479618],""has_data"":true,""last_update_ts"":1784118768.3386579,""raw"":[15160,15504,20901]},""middle"":{""age_s"":0.00916290283203125,""channels"":3,""force"":[-1.1378059765903412,1.906350891089999],""has_data"":true,""last_update_ts"":1784118768.3386579,""raw"":[18282,15915,13664]},""pinky"":{""age_s"":0.00916290283203125,""channels"":3,""force"":[-1.0243618657008948,-0.7473872397300019],""has_data"":true,""last_update_ts"":1784118768.3386579,""raw"":[17423,15292,17704]},""ring"":{""age_s"":0.00916290283203125,""channels"":3,""force"":[0.27111219721037294,0.25366206353999754],""has_data"":true,""last_update_ts"":1784118768.3386579,""raw"":[15804,16368,15629]},""thumb"":{""age_s"":0.00916290283203125,""channels"":3,""force"":[0.0,-2.220446049250313e-16],""has_data"":true,""last_update_ts"":1784118768.3386579,""raw"":[0,0,0]}}","{""ble"":{""connection_state"":""connected"",""counter"":993782,""finger_order"":""DexterController.Visualizer"",""last_error"":null,""last_sample_age_s"":0.00918830800219439,""reconnect_count"":0,""sample_hz"":20.0,""sample_sequence"":631,""timestamp_us"":9733143968},""fingers"":{""index"":{""has_data"":true,""last_update_ts"":1784118768.3386579,""mapped"":true},""middle"":{""has_data"":true,""last_update_ts"":1784118768.3386579,""mapped"":true},""pinky"":{""has_data"":true,""last_update_ts"":1784118768.3386579,""mapped"":true},""ring"":{""has_data"":true,""last_update_ts"":1784118768.3386579,""mapped"":true},""thumb"":{""has_data"":true,""last_update_ts"":1784118768.3386579,""mapped"":true}},""ports"":{""available"":[""BLE:Dexter""],""unavailable"":[]}}"
1784118768.3980322,1784118768.3978271,633,ble,"{""index"":{""age_s"":0.009184837341308594,""channels"":3,""force"":[0.15670669555067818,-3.8526660460199995],""has_data"":true,""last_update_ts"":1784118768.3886423,""raw"":[14731,15057,21835]},""middle"":{""age_s"":0.009184837341308594,""channels"":3,""force"":[-1.009941004147155,2.0795293677299984],""has_data"":true,""last_update_ts"":1784118768.3886423,""raw"":[18245,16144,13448]},""pinky"":{""age_s"":0.009184837341308594,""channels"":3,""force"":[-1.0229197795455214,-0.7498850062199995],""has_data"":true,""last_update_ts"":1784118768.3886423,""raw"":[17416,15288,17703]},""ring"":{""age_s"":0.009184837341308594,""channels"":3,""force"":[0.27880332337237057,0.25310700431999766],""has_data"":true,""last_update_ts"":1784118768.3886423,""raw"":[15788,16368,15622]},""thumb"":{""age_s"":0.009184837341308594,""channels"":3,""force"":[0.0,-2.220446049250313e-16],""has_data"":true,""last_update_ts"":1784118768.3886423,""raw"":[0,0,0]}}","{""ble"":{""connection_state"":""connected"",""counter"":993787,""finger_order"":""DexterController.Visualizer"",""last_error"":null,""last_sample_age_s"":0.009208717005094513,""reconnect_count"":0,""sample_hz"":20.0,""sample_sequence"":632,""timestamp_us"":9733190976},""fingers"":{""index"":{""has_data"":true,""last_update_ts"":1784118768.3886423,""mapped"":true},""middle"":{""has_data"":true,""last_update_ts"":1784118768.3886423,""mapped"":true},""pinky"":{""has_data"":true,""last_update_ts"":1784118768.3886423,""mapped"":true},""ring"":{""has_data"":true,""last_update_ts"":1784118768.3886423,""mapped"":true},""thumb"":{""has_data"":true,""last_update_ts"":1784118768.3886423,""mapped"":true}},""ports"":{""available"":[""BLE:Dexter""],""unavailable"":[]}}"
1784118768.447946,1784118768.4478269,634,ble,"{""index"":{""age_s"":0.00916743278503418,""channels"":3,""force"":[0.09806185856545468,-4.1879218149],""has_data"":true,""last_update_ts"":1784118768.4386594,""raw"":[14599,14803,22246]},""middle"":{""age_s"":0.00916743278503418,""channels"":3,""force"":[-1.0969468688547401,2.1747220239599985],""has_data"":true,""last_update_ts"":1784118768.4386594,""raw"":[18394,16112,13335]},""pinky"":{""age_s"":0.00916743278503418,""channels"":3,""force"":[-1.0205163026198996,-0.7446119436300007],""has_data"":true,""last_update_ts"":1784118768.4386594,""raw"":[17420,15297,17700]},""ring"":{""age_s"":0.00916743278503418,""channels"":3,""force"":[0.27591915106161835,0.24922158977999853],""has_data"":true,""last_update_ts"":1784118768.4386594,""raw"":[15793,16367,15631]},""thumb"":{""age_s"":0.00916743278503418,""channels"":3,""force"":[0.0,-2.220446049250313e-16],""has_data"":true,""last_update_ts"":1784118768.4386594,""raw"":[0,0,0]}}","{""ble"":{""connection_state"":""connected"",""counter"":993793,""finger_order"":""DexterController.Visualizer"",""last_error"":null,""last_sample_age_s"":0.009191281991661526,""reconnect_count"":0,""sample_hz"":20.0,""sample_sequence"":633,""timestamp_us"":9733247456},""fingers"":{""index"":{""has_data"":true,""last_update_ts"":1784118768.4386594,""mapped"":true},""middle"":{""has_data"":true,""last_update_ts"":1784118768.4386594,""mapped"":true},""pinky"":{""has_data"":true,""last_update_ts"":1784118768.4386594,""mapped"":true},""ring"":{""has_data"":true,""last_update_ts"":1784118768.4386594,""mapped"":true},""thumb"":{""has_data"":true,""last_update_ts"":1784118768.4386594,""mapped"":true}},""ports"":{""available"":[""BLE:Dexter""],""unavailable"":[]}}"
1784118768.4979591,1784118768.4978275,635,ble,"{""index"":{""age_s"":0.009168863296508789,""channels"":3,""force"":[0.08748656009270839,-4.20845900604],""has_data"":true,""last_update_ts"":1784118768.4886587,""raw"":[14598,14780,22271]},""middle"":{""age_s"":0.009168863296508789,""channels"":3,""force"":[-1.2483659151690425,2.1822153234299986],""has_data"":true,""last_update_ts"":1784118768.4886587,""raw"":[18564,15967,13334]},""pinky"":{""age_s"":0.009168863296508789,""channels"":3,""force"":[-1.026284647241397,-0.7462771212900012],""has_data"":true,""last_update_ts"":1784118768.4886587,""raw"":[17421,15286,17698]},""ring"":{""age_s"":0.009168863296508789,""channels"":3,""force"":[0.2735156741359983,0.25171935626999886],""has_data"":true,""last_update_ts"":1784118768.4886587,""raw"":[15799,16368,15630]},""thumb"":{""age_s"":0.009168863296508789,""channels"":3,""force"":[0.0,-2.220446049250313e-16],""has_data"":true,""last_update_ts"":1784118768.4886587,""raw"":[0,0,0]}}","{""ble"":{""connection_state"":""connected"",""counter"":993798,""finger_order"":""DexterController.Visualizer"",""last_error"":null,""last_sample_age_s"":0.00919253499887418,""reconnect_count"":0,""sample_hz"":20.0,""sample_sequence"":634,""timestamp_us"":9733294528},""fingers"":{""index"":{""has_data"":true,""last_update_ts"":1784118768.4886587,""mapped"":true},""middle"":{""has_data"":true,""last_update_ts"":1784118768.4886587,""mapped"":true},""pinky"":{""has_data"":true,""last_update_ts"":1784118768.4886587,""mapped"":true},""ring"":{""has_data"":true,""last_update_ts"":1784118768.4886587,""mapped"":true},""thumb"":{""has_data"":true,""last_update_ts"":1784118768.4886587,""mapped"":true}},""ports"":{""available"":[""BLE:Dexter""],""unavailable"":[]}}"
1784118768.5479586,1784118768.5478265,636,ble,"{""index"":{""age_s"":0.009187698364257812,""channels"":3,""force"":[0.06056761852572201,-4.061923371960002],""has_data"":true,""last_update_ts"":1784118768.5386388,""raw"":[14691,14817,22072]},""middle"":{""age_s"":0.009187698364257812,""channels"":3,""force"":[-1.4074760876453425,2.2513201963199965],""has_data"":true,""last_update_ts"":1784118768.5386388,""raw"":[18671,15743,13151]},""pinky"":{""age_s"":0.009187698364257812,""channels"":3,""force"":[0.24178977871776297,-0.10573878141000304],""has_data"":true,""last_update_ts"":1784118768.5386388,""raw"":[17094,17597,17536]},""ring"":{""age_s"":0.009187698364257812,""channels"":3,""force"":[0.35523388960721114,0.49705553150999826],""has_data"":true,""last_update_ts"":1784118768.5386388,""raw"":[15716,16455,15190]},""thumb"":{""age_s"":0.009187698364257812,""channels"":3,""force"":[0.0,-2.220446049250313e-16],""has_data"":true,""last_update_ts"":1784118768.5386388,""raw"":[0,0,0]}}","{""ble"":{""connection_state"":""connected"",""counter"":993803,""finger_order"":""DexterController.Visualizer"",""last_error"":null,""last_sample_age_s"":0.009210852003889158,""reconnect_count"":0,""sample_hz"":20.0,""sample_sequence"":635,""timestamp_us"":9733341632},""fingers"":{""index"":{""has_data"":true,""last_update_ts"":1784118768.5386388,""mapped"":true},""middle"":{""has_data"":true,""last_update_ts"":1784118768.5386388,""mapped"":true},""pinky"":{""has_data"":true,""last_update_ts"":1784118768.5386388,""mapped"":true},""ring"":{""has_data"":true,""last_update_ts"":1784118768.5386388,""mapped"":true},""thumb"":{""has_data"":true,""last_update_ts"":1784118768.5386388,""mapped"":true}},""ports"":{""available"":[""BLE:Dexter""],""unavailable"":[]}}"
1784118768.5979748,1784118768.5978284,637,ble,"{""index"":{""age_s"":0.0091705322265625,""channels"":3,""force"":[0.09037073240345883,-3.693919109100002],""has_data"":true,""last_update_ts"":1784118768.5886579,""raw"":[14885,15073,21634]},""middle"":{""age_s"":0.0091705322265625,""channels"":3,""force"":[-1.405072610719719,1.6204953927899988],""has_data"":true,""last_update_ts"":1784118768.5886579,""raw"":[18374,15451,13993]},""pinky"":{""age_s"":0.0091705322265625,""channels"":3,""force"":[-1.0219583887752712,-0.7437793548000009],""has_data"":true,""last_update_ts"":1784118768.5886579,""raw"":[17419,15293,17696]},""ring"":{""age_s"":0.0091705322265625,""channels"":3,""force"":[0.27447706490624846,0.25005417860999746],""has_data"":true,""last_update_ts"":1784118768.5886579,""raw"":[15794,16365,15629]},""thumb"":{""age_s"":0.0091705322265625,""channels"":3,""force"":[0.0,-2.220446049250313e-16],""has_data"":true,""last_update_ts"":1784118768.5886579,""raw"":[0,0,0]}}","{""ble"":{""connection_state"":""connected"",""counter"":993809,""finger_order"":""DexterController.Visualizer"",""last_error"":null,""last_sample_age_s"":0.009199888998409733,""reconnect_count"":0,""sample_hz"":20.0,""sample_sequence"":636,""timestamp_us"":9733398112},""fingers"":{""index"":{""has_data"":true,""last_update_ts"":1784118768.5886579,""mapped"":true},""middle"":{""has_data"":true,""last_update_ts"":1784118768.5886579,""mapped"":true},""pinky"":{""has_data"":true,""last_update_ts"":1784118768.5886579,""mapped"":true},""ring"":{""has_data"":true,""last_update_ts"":1784118768.5886579,""mapped"":true},""thumb"":{""has_data"":true,""last_update_ts"":1784118768.5886579,""mapped"":true}},""ports"":{""available"":[""BLE:Dexter""],""unavailable"":[]}}"
1784118768.6479573,1784118768.6478276,638,ble,"{""index"":{""age_s"":0.009168624877929688,""channels"":3,""force"":[0.18122216019203918,-2.6662269632700015],""has_data"":true,""last_update_ts"":1784118768.638659,""raw"":[15405,15782,20397]},""middle"":{""age_s"":0.009168624877929688,""channels"":3,""force"":[-1.2123137612846815,0.7587659537399984],""has_data"":true,""last_update_ts"":1784118768.638659,""raw"":[17637,15115,15009]},""pinky"":{""age_s"":0.009168624877929688,""channels"":3,""force"":[-1.0195549118496476,-0.7407265290900034],""has_data"":true,""last_update_ts"":1784118768.638659,""raw"":[17414,15293,17688]},""ring"":{""age_s"":0.009168624877929688,""channels"":3,""force"":[0.2768805418318703,0.25976771495999884],""has_data"":true,""last_update_ts"":1784118768.638659,""raw"":[15797,16373,15617]},""thumb"":{""age_s"":0.009168624877929688,""channels"":3,""force"":[0.0,-2.220446049250313e-16],""has_data"":true,""last_update_ts"":1784118768.638659,""raw"":[0,0,0]}}","{""ble"":{""connection_state"":""connected"",""counter"":993814,""finger_order"":""DexterController.Visualizer"",""last_error"":null,""last_sample_age_s"":0.009191573000862263,""reconnect_count"":0,""sample_hz"":20.0,""sample_sequence"":637,""timestamp_us"":9733445216},""fingers"":{""index"":{""has_data"":true,""last_update_ts"":1784118768.638659,""mapped"":true},""middle"":{""has_data"":true,""last_update_ts"":1784118768.638659,""mapped"":true},""pinky"":{""has_data"":true,""last_update_ts"":1784118768.638659,""mapped"":true},""ring"":{""has_data"":true,""last_update_ts"":1784118768.638659,""mapped"":true},""thumb"":{""has_data"":true,""last_update_ts"":1784118768.638659,""mapped"":true}},""ports"":{""available"":[""BLE:Dexter""],""unavailable"":[]}}"
1784118768.6979692,1784118768.6978312,639,ble,"{""index"":{""age_s"":0.009175539016723633,""channels"":3,""force"":[0.40522620966018685,-1.2125268660900002],""has_data"":true,""last_update_ts"":1784118768.6886556,""raw"":[16110,16953,18716]},""middle"":{""age_s"":0.009175539016723633,""channels"":3,""force"":[-0.6950855268904235,-0.5461782724800006],""has_data"":true,""last_update_ts"":1784118768.6886556,""raw"":[16257,14811,16518]},""pinky"":{""age_s"":0.009175539016723633,""channels"":3,""force"":[-1.0234004749306465,-0.7451670028500015],""has_data"":true,""last_update_ts"":1784118768.6886556,""raw"":[17422,15293,17700]},""ring"":{""age_s"":0.009175539016723633,""channels"":3,""force"":[0.27736123721699535,0.2533845339299985],""has_data"":true,""last_update_ts"":1784118768.6886556,""raw"":[15793,16370,15625]},""thumb"":{""age_s"":0.009175539016723633,""channels"":3,""force"":[0.0,-2.220446049250313e-16],""has_data"":true,""last_update_ts"":1784118768.6886556,""raw"":[0,0,0]}}","{""ble"":{""connection_state"":""connected"",""counter"":993819,""finger_order"":""DexterController.Visualizer"",""last_error"":null,""last_sample_age_s"":0.00920424799551256,""reconnect_count"":0,""sample_hz"":20.0,""sample_sequence"":638,""timestamp_us"":9733492224},""fingers"":{""index"":{""has_data"":true,""last_update_ts"":1784118768.6886556,""mapped"":true},""middle"":{""has_data"":true,""last_update_ts"":1784118768.6886556,""mapped"":true},""pinky"":{""has_data"":true,""last_update_ts"":1784118768.6886556,""mapped"":true},""ring"":{""has_data"":true,""last_update_ts"":1784118768.6886556,""mapped"":true},""thumb"":{""has_data"":true,""last_update_ts"":1784118768.6886556,""mapped"":true}},""ports"":{""available"":[""BLE:Dexter""],""unavailable"":[]}}"
1784118768.7479713,1784118768.7478335,640,ble,"{""index"":{""age_s"":0.009173870086669922,""channels"":3,""force"":[0.5403016128802491,0.07937346845999738],""has_data"":true,""last_update_ts"":1784118768.7386596,""raw"":[16806,17930,17225]},""middle"":{""age_s"":0.009173870086669922,""channels"":3,""force"":[-0.3422551142088395,-2.110890213660001],""has_data"":true,""last_update_ts"":1784118768.7386596,""raw"":[14915,14203,18362]},""pinky"":{""age_s"":0.009173870086669922,""channels"":3,""force"":[-1.0272460380116453,-0.7673693716500036],""has_data"":true,""last_update_ts"":1784118768.7386596,""raw"":[17406,15269,17720]},""ring"":{""age_s"":0.009173870086669922,""channels"":3,""force"":[0.29178209877074046,0.24838900094999872],""has_data"":true,""last_update_ts"":1784118768.7386596,""raw"":[15778,16385,15634]},""thumb"":{""age_s"":0.009173870086669922,""channels"":3,""force"":[0.0,-2.220446049250313e-16],""has_data"":true,""last_update_ts"":1784118768.7386596,""raw"":[0,0,0]}}","{""ble"":{""connection_state"":""connected"",""counter"":993825,""finger_order"":""DexterController.Visualizer"",""last_error"":null,""last_sample_age_s"":0.009202473986078985,""reconnect_count"":0,""sample_hz"":20.0,""sample_sequence"":639,""timestamp_us"":9733548608},""fingers"":{""index"":{""has_data"":true,""last_update_ts"":1784118768.7386596,""mapped"":true},""middle"":{""has_data"":true,""last_update_ts"":1784118768.7386596,""mapped"":true},""pinky"":{""has_data"":true,""last_update_ts"":1784118768.7386596,""mapped"":true},""ring"":{""has_data"":true,""last_update_ts"":1784118768.7386596,""mapped"":true},""thumb"":{""has_data"":true,""last_update_ts"":1784118768.7386596,""mapped"":true}},""ports"":{""available"":[""BLE:Dexter""],""unavailable"":[]}}"
1784118768.7979658,1784118768.797831,641,ble,"{""index"":{""age_s"":0.009170055389404297,""channels"":3,""force"":[0.5576066467447376,0.3913167500999979],""has_data"":true,""last_update_ts"":1784118768.788661,""raw"":[16961,18121,16836]},""middle"":{""age_s"":0.009170055389404297,""channels"":3,""force"":[-0.21102527406977512,-2.87936970375],""has_data"":true,""last_update_ts"":1784118768.788661,""raw"":[14332,13893,19300]},""pinky"":{""age_s"":0.009170055389404297,""channels"":3,""force"":[-1.0070568318364046,-0.7479422989500017],""has_data"":true,""last_update_ts"":1784118768.788661,""raw"":[17402,15307,17702]},""ring"":{""age_s"":0.009170055389404297,""channels"":3,""force"":[0.277841932602124,0.24700135289999992],""has_data"":true,""last_update_ts"":1784118768.788661,""raw"":[15786,16364,15630]},""thumb"":{""age_s"":0.009170055389404297,""channels"":3,""force"":[0.0,-2.220446049250313e-16],""has_data"":true,""last_update_ts"":1784118768.788661,""raw"":[0,0,0]}}","{""ble"":{""connection_state"":""connected"",""counter"":993830,""finger_order"":""DexterController.Visualizer"",""last_error"":null,""last_sample_age_s"":0.009198567000566982,""reconnect_count"":0,""sample_hz"":20.0,""sample_sequence"":640,""timestamp_us"":9733595648},""fingers"":{""index"":{""has_data"":true,""last_update_ts"":1784118768.788661,""mapped"":true},""middle"":{""has_data"":true,""last_update_ts"":1784118768.788661,""mapped"":true},""pinky"":{""has_data"":true,""last_update_ts"":1784118768.788661,""mapped"":true},""ring"":{""has_data"":true,""last_update_ts"":1784118768.788661,""mapped"":true},""thumb"":{""has_data"":true,""last_update_ts"":1784118768.788661,""mapped"":true}},""ports"":{""available"":[""BLE:Dexter""],""unavailable"":[]}}"
1784118768.8479614,1784118768.8478265,642,ble,"{""index"":{""age_s"":0.00918269157409668,""channels"":3,""force"":[0.6825874468771822,0.7676469012599982],""has_data"":true,""last_update_ts"":1784118768.8386438,""raw"":[16976,18396,16303]},""middle"":{""age_s"":0.00918269157409668,""channels"":3,""force"":[-0.051434406208351824,-3.6536773156500004],""has_data"":true,""last_update_ts"":1784118768.8386438,""raw"":[13626,13519,20155]},""pinky"":{""age_s"":0.00918269157409668,""channels"":3,""force"":[2.0121908821323107,0.641093399099999],""has_data"":true,""last_update_ts"":1784118768.8386438,""raw"":[16321,20507,17259]},""ring"":{""age_s"":0.00918269157409668,""channels"":3,""force"":[0.297550443392236,0.87116544579],""has_data"":true,""last_update_ts"":1784118768.8386438,""raw"":[15740,16359,14480]},""thumb"":{""age_s"":0.00918269157409668,""channels"":3,""force"":[0.0,-2.220446049250313e-16],""has_data"":true,""last_update_ts"":1784118768.8386438,""raw"":[0,0,0]}}","{""ble"":{""connection_state"":""connected"",""counter"":993835,""finger_order"":""DexterController.Visualizer"",""last_error"":null,""last_sample_age_s"":0.009210981006617658,""reconnect_count"":0,""sample_hz"":20.0,""sample_sequence"":641,""timestamp_us"":9733642624},""fingers"":{""index"":{""has_data"":true,""last_update_ts"":1784118768.8386438,""mapped"":true},""middle"":{""has_data"":true,""last_update_ts"":1784118768.8386438,""mapped"":true},""pinky"":{""has_data"":true,""last_update_ts"":1784118768.8386438,""mapped"":true},""ring"":{""has_data"":true,""last_update_ts"":1784118768.8386438,""mapped"":true},""thumb"":{""has_data"":true,""last_update_ts"":1784118768.8386438,""mapped"":true}},""ports"":{""available"":[""BLE:Dexter""],""unavailable"":[]}}"
1784118768.8979428,1784118768.8978248,643,ble,"{""index"":{""age_s"":0.009165287017822266,""channels"":3,""force"":[0.7335411577004081,1.2677552584799994],""has_data"":true,""last_update_ts"":1784118768.8886595,""raw"":[17187,18713,15666]},""middle"":{""age_s"":0.009165287017822266,""channels"":3,""force"":[-0.011536689242992892,-5.054369257320001],""has_data"":true,""last_update_ts"":1784118768.8886595,""raw"":[13002,12978,22096]},""pinky"":{""age_s"":0.009165287017822266,""channels"":3,""force"":[-1.0224390841603963,-0.7373961737699988],""has_data"":true,""last_update_ts"":1784118768.8886595,""raw"":[17426,15299,17691]},""ring"":{""age_s"":0.009165287017822266,""channels"":3,""force"":[0.27111219721037294,0.2603227741799996],""has_data"":true,""last_update_ts"":1784118768.8886595,""raw"":[15809,16373,15622]},""thumb"":{""age_s"":0.009165287017822266,""channels"":3,""force"":[0.0,-2.220446049250313e-16],""has_data"":true,""last_update_ts"":1784118768.8886595,""raw"":[0,0,0]}}","{""ble"":{""connection_state"":""connected"",""counter"":993841,""finger_order"":""DexterController.Visualizer"",""last_error"":null,""last_sample_age_s"":0.009189499003696255,""reconnect_count"":0,""sample_hz"":20.0,""sample_sequence"":642,""timestamp_us"":9733699072},""fingers"":{""index"":{""has_data"":true,""last_update_ts"":1784118768.8886595,""mapped"":true},""middle"":{""has_data"":true,""last_update_ts"":1784118768.8886595,""mapped"":true},""pinky"":{""has_data"":true,""last_update_ts"":1784118768.8886595,""mapped"":true},""ring"":{""has_data"":true,""last_update_ts"":1784118768.8886595,""mapped"":true},""thumb"":{""has_data"":true,""last_update_ts"":1784118768.8886595,""mapped"":true}},""ports"":{""available"":[""BLE:Dexter""],""unavailable"":[]}}"
1784118768.9479642,1784118768.9478426,644,ble,"{""index"":{""age_s"":0.009183406829833984,""channels"":3,""force"":[0.7061415207482931,1.647138235349999],""has_data"":true,""last_update_ts"":1784118768.9386592,""raw"":[17425,18894,15192]},""middle"":{""age_s"":0.009183406829833984,""channels"":3,""force"":[-0.009613907702495261,-5.8802973766800015],""has_data"":true,""last_update_ts"":1784118768.9386592,""raw"":[12523,12503,23107]},""pinky"":{""age_s"":0.009183406829833984,""channels"":3,""force"":[-1.0176321303091491,-0.7446119436300016],""has_data"":true,""last_update_ts"":1784118768.9386592,""raw"":[17411,15294,17694]},""ring"":{""age_s"":0.009183406829833984,""channels"":3,""force"":[0.2884172310748667,0.2592126557399954],""has_data"":true,""last_update_ts"":1784118768.9386592,""raw"":[15795,16395,15628]},""thumb"":{""age_s"":0.009183406829833984,""channels"":3,""force"":[0.0,-2.220446049250313e-16],""has_data"":true,""last_update_ts"":1784118768.9386592,""raw"":[0,0,0]}}","{""ble"":{""connection_state"":""connected"",""counter"":993846,""finger_order"":""DexterController.Visualizer"",""last_error"":null,""last_sample_age_s"":0.009207345006871037,""reconnect_count"":0,""sample_hz"":20.0,""sample_sequence"":643,""timestamp_us"":9733745984},""fingers"":{""index"":{""has_data"":true,""last_update_ts"":1784118768.9386592,""mapped"":true},""middle"":{""has_data"":true,""last_update_ts"":1784118768.9386592,""mapped"":true},""pinky"":{""has_data"":true,""last_update_ts"":1784118768.9386592,""mapped"":true},""ring"":{""has_data"":true,""last_update_ts"":1784118768.9386592,""mapped"":true},""thumb"":{""has_data"":true,""last_update_ts"":1784118768.9386592,""mapped"":true}},""ports"":{""available"":[""BLE:Dexter""],""unavailable"":[]}}"
1784118768.9979541,1784118768.9978228,645,ble,"{""index"":{""age_s"":0.009174823760986328,""channels"":3,""force"":[0.6801839699515568,1.9291083191099974],""has_data"":true,""last_update_ts"":1784118768.988648,""raw"":[17630,19045,14862]},""middle"":{""age_s"":0.009174823760986328,""channels"":3,""force"":[-0.12113523705144225,-6.115642485960002],""has_data"":true,""last_update_ts"":1784118768.988648,""raw"":[12516,12264,23408]},""pinky"":{""age_s"":0.009174823760986328,""channels"":3,""force"":[-1.0267653426265184,-0.7476647693400018],""has_data"":true,""last_update_ts"":1784118768.988648,""raw"":[17423,15287,17702]},""ring"":{""age_s"":0.009174823760986328,""channels"":3,""force"":[0.2773612372169936,0.25449465236999735],""has_data"":true,""last_update_ts"":1784118768.988648,""raw"":[15797,16374,15627]},""thumb"":{""age_s"":0.009174823760986328,""channels"":3,""force"":[0.0,-2.220446049250313e-16],""has_data"":true,""last_update_ts"":1784118768.988648,""raw"":[0,0,0]}}","{""ble"":{""connection_state"":""connected"",""counter"":993851,""finger_order"":""DexterController.Visualizer"",""last_error"":null,""last_sample_age_s"":0.009199037987855263,""reconnect_count"":0,""sample_hz"":20.0,""sample_sequence"":644,""timestamp_us"":9733793024},""fingers"":{""index"":{""has_data"":true,""last_update_ts"":1784118768.988648,""mapped"":true},""middle"":{""has_data"":true,""last_update_ts"":1784118768.988648,""mapped"":true},""pinky"":{""has_data"":true,""last_update_ts"":1784118768.988648,""mapped"":true},""ring"":{""has_data"":true,""last_update_ts"":1784118768.988648,""mapped"":true},""thumb"":{""has_data"":true,""last_update_ts"":1784118768.988648,""mapped"":true}},""ports"":{""available"":[""BLE:Dexter""],""unavailable"":[]}}"
1784118769.047978,1784118769.0478265,646,ble,"{""index"":{""age_s"":0.009167194366455078,""channels"":3,""force"":[0.7955508623815053,2.0229133272899995],""has_data"":true,""last_update_ts"":1784118769.0386593,""raw"":[17574,19229,14757]},""middle"":{""age_s"":0.009167194366455078,""channels"":3,""force"":[-0.15766808632092655,-6.409268813339999],""has_data"":true,""last_update_ts"":1784118769.0386593,""raw"":[12388,12060,23771]},""pinky"":{""age_s"":0.009167194366455078,""channels"":3,""force"":[-1.0229197795455232,-0.7454445324600014],""has_data"":true,""last_update_ts"":1784118769.0386593,""raw"":[17421,15293,17700]},""ring"":{""age_s"":0.009167194366455078,""channels"":3,""force"":[0.2773612372169936,0.256159830029997],""has_data"":true,""last_update_ts"":1784118769.0386593,""raw"":[15794,16371,15621]},""thumb"":{""age_s"":0.009167194366455078,""channels"":3,""force"":[0.0,-2.220446049250313e-16],""has_data"":true,""last_update_ts"":1784118769.0386593,""raw"":[0,0,0]}}","{""ble"":{""connection_state"":""connected"",""counter"":993857,""finger_order"":""DexterController.Visualizer"",""last_error"":null,""last_sample_age_s"":0.009198155996273272,""reconnect_count"":0,""sample_hz"":20.0,""sample_sequence"":645,""timestamp_us"":9733849472},""fingers"":{""index"":{""has_data"":true,""last_update_ts"":1784118769.0386593,""mapped"":true},""middle"":{""has_data"":true,""last_update_ts"":1784118769.0386593,""mapped"":true},""pinky"":{""has_data"":true,""last_update_ts"":1784118769.0386593,""mapped"":true},""ring"":{""has_data"":true,""last_update_ts"":1784118769.0386593,""mapped"":true},""thumb"":{""has_data"":true,""last_update_ts"":1784118769.0386593,""mapped"":true}},""ports"":{""available"":[""BLE:Dexter""],""unavailable"":[]}}"
1784118769.0979548,1784118769.0978243,647,ble,"{""index"":{""age_s"":0.009166717529296875,""channels"":3,""force"":[0.8210277177931165,1.799501991239997],""has_data"":true,""last_update_ts"":1784118769.0886576,""raw"":[17419,19127,15031]},""middle"":{""age_s"":0.009166717529296875,""channels"":3,""force"":[-0.27928401875749564,-6.116475074790002],""has_data"":true,""last_update_ts"":1784118769.0886576,""raw"":[12692,12111,23421]},""pinky"":{""age_s"":0.009166717529296875,""channels"":3,""force"":[-1.0224390841603963,-0.7468321805100038],""has_data"":true,""last_update_ts"":1784118769.0886576,""raw"":[17419,15292,17701]},""ring"":{""age_s"":0.009166717529296875,""channels"":3,""force"":[0.276399846446747,0.2511642970499981],""has_data"":true,""last_update_ts"":1784118769.0886576,""raw"":[15791,16366,15626]},""thumb"":{""age_s"":0.009166717529296875,""channels"":3,""force"":[0.0,-2.220446049250313e-16],""has_data"":true,""last_update_ts"":1784118769.0886576,""raw"":[0,0,0]}}","{""ble"":{""connection_state"":""connected"",""counter"":993862,""finger_order"":""DexterController.Visualizer"",""last_error"":null,""last_sample_age_s"":0.00919014000101015,""reconnect_count"":0,""sample_hz"":20.0,""sample_sequence"":646,""timestamp_us"":9733896480},""fingers"":{""index"":{""has_data"":true,""last_update_ts"":1784118769.0886576,""mapped"":true},""middle"":{""has_data"":true,""last_update_ts"":1784118769.0886576,""mapped"":true},""pinky"":{""has_data"":true,""last_update_ts"":1784118769.0886576,""mapped"":true},""ring"":{""has_data"":true,""last_update_ts"":1784118769.0886576,""mapped"":true},""thumb"":{""has_data"":true,""last_update_ts"":1784118769.0886576,""mapped"":true}},""ports"":{""available"":[""BLE:Dexter""],""unavailable"":[]}}"
1784118769.1479778,1784118769.1478302,648,ble,"{""index"":{""age_s"":0.00917196273803711,""channels"":3,""force"":[1.077238358064621,1.340745545909999],""has_data"":true,""last_update_ts"":1784118769.1386583,""raw"":[16851,19092,15556]},""middle"":{""age_s"":0.00917196273803711,""channels"":3,""force"":[-0.23698282486651578,-6.284658018450002],""has_data"":true,""last_update_ts"":1784118769.1386583,""raw"":[12580,12087,23656]},""pinky"":{""age_s"":0.00917196273803711,""channels"":3,""force"":[-1.0253232564711485,-0.7418366475299996],""has_data"":true,""last_update_ts"":1784118769.1386583,""raw"":[17425,15292,17695]},""ring"":{""age_s"":0.00917196273803711,""channels"":3,""force"":[0.27399636952111805,0.2569924188599977],""has_data"":true,""last_update_ts"":1784118769.1386583,""raw"":[15801,16371,15623]},""thumb"":{""age_s"":0.00917196273803711,""channels"":3,""force"":[0.0,-2.220446049250313e-16],""has_data"":true,""last_update_ts"":1784118769.1386583,""raw"":[0,0,0]}}","{""ble"":{""connection_state"":""connected"",""counter"":993867,""finger_order"":""DexterController.Visualizer"",""last_error"":null,""last_sample_age_s"":0.009201010994729586,""reconnect_count"":0,""sample_hz"":20.0,""sample_sequence"":647,""timestamp_us"":9733943456},""fingers"":{""index"":{""has_data"":true,""last_update_ts"":1784118769.1386583,""mapped"":true},""middle"":{""has_data"":true,""last_update_ts"":1784118769.1386583,""mapped"":true},""pinky"":{""has_data"":true,""last_update_ts"":1784118769.1386583,""mapped"":true},""ring"":{""has_data"":true,""last_update_ts"":1784118769.1386583,""mapped"":true},""thumb"":{""has_data"":true,""last_update_ts"":1784118769.1386583,""mapped"":true}},""ports"":{""available"":[""BLE:Dexter""],""unavailable"":[]}}"
1784118769.1979482,1784118769.1978173,649,ble,"{""index"":{""age_s"":0.009158134460449219,""channels"":3,""force"":[0.9580259025536773,0.8284258858499989],""has_data"":true,""last_update_ts"":1784118769.1886592,""raw"":[16642,18635,16146]},""middle"":{""age_s"":0.009158134460449219,""channels"":3,""force"":[-0.5470313482719957,-5.082122218320001],""has_data"":true,""last_update_ts"":1784118769.1886592,""raw"":[13500,12362,22087]},""pinky"":{""age_s"":0.009158134460449219,""channels"":3,""force"":[0.028361027722363374,-0.23673275733000132],""has_data"":true,""last_update_ts"":1784118769.1886592,""raw"":[17116,17175,17572]},""ring"":{""age_s"":0.009158134460449219,""channels"":3,""force"":[0.3331219018914684,0.45376091234999905],""has_data"":true,""last_update_ts"":1784118769.1886592,""raw"":[15723,16416,15252]},""thumb"":{""age_s"":0.009158134460449219,""channels"":3,""force"":[0.0,-2.220446049250313e-16],""has_data"":true,""last_update_ts"":1784118769.1886592,""raw"":[0,0,0]}}","{""ble"":{""connection_state"":""connected"",""counter"":993873,""finger_order"":""DexterController.Visualizer"",""last_error"":null,""last_sample_age_s"":0.009182254987535998,""reconnect_count"":0,""sample_hz"":20.0,""sample_sequence"":648,""timestamp_us"":9733999936},""fingers"":{""index"":{""has_data"":true,""last_update_ts"":1784118769.1886592,""mapped"":true},""middle"":{""has_data"":true,""last_update_ts"":1784118769.1886592,""mapped"":true},""pinky"":{""has_data"":true,""last_update_ts"":1784118769.1886592,""mapped"":true},""ring"":{""has_data"":true,""last_update_ts"":1784118769.1886592,""mapped"":true},""thumb"":{""has_data"":true,""last_update_ts"":1784118769.1886592,""mapped"":true}},""ports"":{""available"":[""BLE:Dexter""],""unavailable"":[]}}"
1784118769.2479558,1784118769.2478247,650,ble,"{""index"":{""age_s"":0.009169578552246094,""channels"":3,""force"":[0.4542571389429124,0.135711979289999],""has_data"":true,""last_update_ts"":1784118769.238655,""raw"":[16817,17762,17045]},""middle"":{""age_s"":0.009169578552246094,""channels"":3,""force"":[-0.939759477918936,-3.028680633930003],""has_data"":true,""last_update_ts"":1784118769.238655,""raw"":[15163,13208,19642]},""pinky"":{""age_s"":0.009169578552246094,""channels"":3,""force"":[-1.0411862041802635,-0.7459995916800031],""has_data"":true,""last_update_ts"":1784118769.238655,""raw"":[17436,15270,17697]},""ring"":{""age_s"":0.009169578552246094,""channels"":3,""force"":[0.27255428336574994,0.2622654814499983],""has_data"":true,""last_update_ts"":1784118769.238655,""raw"":[15807,16374,15618]},""thumb"":{""age_s"":0.009169578552246094,""channels"":3,""force"":[0.0,-2.220446049250313e-16],""has_data"":true,""last_update_ts"":1784118769.238655,""raw"":[0,0,0]}}","{""ble"":{""connection_state"":""connected"",""counter"":993878,""finger_order"":""DexterController.Visualizer"",""last_error"":null,""last_sample_age_s"":0.009196402999805287,""reconnect_count"":0,""sample_hz"":20.0,""sample_sequence"":649,""timestamp_us"":9734046976},""fingers"":{""index"":{""has_data"":true,""last_update_ts"":1784118769.238655,""mapped"":true},""middle"":{""has_data"":true,""last_update_ts"":1784118769.238655,""mapped"":true},""pinky"":{""has_data"":true,""last_update_ts"":1784118769.238655,""mapped"":true},""ring"":{""has_data"":true,""last_update_ts"":1784118769.238655,""mapped"":true},""thumb"":{""has_data"":true,""last_update_ts"":1784118769.238655,""mapped"":true}},""ports"":{""available"":[""BLE:Dexter""],""unavailable"":[]}}"
1784118769.2979486,1784118769.2978172,651,ble,"{""index"":{""age_s"":0.009158611297607422,""channels"":3,""force"":[0.5845255883117293,-1.02630449778],""has_data"":true,""last_update_ts"":1784118769.2886586,""raw"":[15988,17204,18445]},""middle"":{""age_s"":0.009158611297607422,""channels"":3,""force"":[-0.9661977241007982,-2.1614006026800023],""has_data"":true,""last_update_ts"":1784118769.2886586,""raw"":[15695,13685,18584]},""pinky"":{""age_s"":0.009158611297607422,""channels"":3,""force"":[-1.0272460380116453,-0.7435018251900019],""has_data"":true,""last_update_ts"":1784118769.2886586,""raw"":[17422,15285,17693]},""ring"":{""age_s"":0.009158611297607422,""channels"":3,""force"":[0.2720735879806231,0.2525519450999969],""has_data"":true,""last_update_ts"":1784118769.2886586,""raw"":[15800,16366,15628]},""thumb"":{""age_s"":0.009158611297607422,""channels"":3,""force"":[0.0,-2.220446049250313e-16],""has_data"":true,""last_update_ts"":1784118769.2886586,""raw"":[0,0,0]}}","{""ble"":{""connection_state"":""connected"",""counter"":993883,""finger_order"":""DexterController.Visualizer"",""last_error"":null,""last_sample_age_s"":0.00918241500039585,""reconnect_count"":0,""sample_hz"":20.0,""sample_sequence"":650,""timestamp_us"":9734094016},""fingers"":{""index"":{""has_data"":true,""last_update_ts"":1784118769.2886586,""mapped"":true},""middle"":{""has_data"":true,""last_update_ts"":1784118769.2886586,""mapped"":true},""pinky"":{""has_data"":true,""last_update_ts"":1784118769.2886586,""mapped"":true},""ring"":{""has_data"":true,""last_update_ts"":1784118769.2886586,""mapped"":true},""thumb"":{""has_data"":true,""last_update_ts"":1784118769.2886586,""mapped"":true}},""ports"":{""available"":[""BLE:Dexter""],""unavailable"":[]}}"
1784118769.3479347,1784118769.3478162,652,ble,"{""index"":{""age_s"":0.009167194366455078,""channels"":3,""force"":[0.5124212805430126,-2.134757760120004],""has_data"":true,""last_update_ts"":1784118769.338649,""raw"":[15417,16483,19796]},""middle"":{""age_s"":0.009167194366455078,""channels"":3,""force"":[-1.0546456749637576,-1.1550782368200023],""has_data"":true,""last_update_ts"":1784118769.338649,""raw"":[16272,14078,17256]},""pinky"":{""age_s"":0.009167194366455078,""channels"":3,""force"":[-0.3821528311741975,-0.436554076530002],""has_data"":true,""last_update_ts"":1784118769.338649,""raw"":[17220,16425,17609]},""ring"":{""age_s"":0.009167194366455078,""channels"":3,""force"":[0.29178209877074224,0.3943695758099972],""has_data"":true,""last_update_ts"":1784118769.338649,""raw"":[15783,16390,15376]},""thumb"":{""age_s"":0.009167194366455078,""channels"":3,""force"":[0.0,-2.220446049250313e-16],""has_data"":true,""last_update_ts"":1784118769.338649,""raw"":[0,0,0]}}","{""ble"":{""connection_state"":""connected"",""counter"":993888,""finger_order"":""DexterController.Visualizer"",""last_error"":null,""last_sample_age_s"":0.009190631011733785,""reconnect_count"":0,""sample_hz"":20.0,""sample_sequence"":651,""timestamp_us"":9734140992},""fingers"":{""index"":{""has_data"":true,""last_update_ts"":1784118769.338649,""mapped"":true},""middle"":{""has_data"":true,""last_update_ts"":1784118769.338649,""mapped"":true},""pinky"":{""has_data"":true,""last_update_ts"":1784118769.338649,""mapped"":true},""ring"":{""has_data"":true,""last_update_ts"":1784118769.338649,""mapped"":true},""thumb"":{""has_data"":true,""last_update_ts"":1784118769.338649,""mapped"":true}},""ports"":{""available"":[""BLE:Dexter""],""unavailable"":[]}}"
1784118769.3979387,1784118769.3978171,653,ble,"{""index"":{""age_s"":0.009158611297607422,""channels"":3,""force"":[0.3634057111543303,-3.2787348125400033],""has_data"":true,""last_update_ts"":1784118769.3886585,""raw"":[14907,15663,21192]},""middle"":{""age_s"":0.009158611297607422,""channels"":3,""force"":[-1.3084528383096394,0.10657137023999752],""has_data"":true,""last_update_ts"":1784118769.3886585,""raw"":[17333,14611,15780]},""pinky"":{""age_s"":0.009158611297607422,""channels"":3,""force"":[-1.0229197795455214,-0.7437793548000009],""has_data"":true,""last_update_ts"":1784118769.3886585,""raw"":[17423,15295,17699]},""ring"":{""age_s"":0.009158611297607422,""channels"":3,""force"":[0.27495776029137176,0.24922158977999942],""has_data"":true,""last_update_ts"":1784118769.3886585,""raw"":[15793,16365,15630]},""thumb"":{""age_s"":0.009158611297607422,""channels"":3,""force"":[0.0,-2.220446049250313e-16],""has_data"":true,""last_update_ts"":1784118769.3886585,""raw"":[0,0,0]}}","{""ble"":{""connection_state"":""connected"",""counter"":993894,""finger_order"":""DexterController.Visualizer"",""last_error"":null,""last_sample_age_s"":0.009183286994812079,""reconnect_count"":0,""sample_hz"":20.0,""sample_sequence"":652,""timestamp_us"":9734197376},""fingers"":{""index"":{""has_data"":true,""last_update_ts"":1784118769.3886585,""mapped"":true},""middle"":{""has_data"":true,""last_update_ts"":1784118769.3886585,""mapped"":true},""pinky"":{""has_data"":true,""last_update_ts"":1784118769.3886585,""mapped"":true},""ring"":{""has_data"":true,""last_update_ts"":1784118769.3886585,""mapped"":true},""thumb"":{""has_data"":true,""last_update_ts"":1784118769.3886585,""mapped"":true}},""ports"":{""available"":[""BLE:Dexter""],""unavailable"":[]}}"
1784118769.4479475,1784118769.447816,654,ble,"{""index"":{""age_s"":0.00915670394897461,""channels"":3,""force"":[0.20093067098215478,-3.949246350300001],""has_data"":true,""last_update_ts"":1784118769.4386592,""raw"":[14669,15087,21993]},""middle"":{""age_s"":0.00915670394897461,""channels"":3,""force"":[-1.5141904631430432,0.7715323157999983],""has_data"":true,""last_update_ts"":1784118769.4386592,""raw"":[17949,14799,14984]},""pinky"":{""age_s"":0.00915670394897461,""channels"":3,""force"":[-1.0200356072347727,-0.7598760721800026],""has_data"":true,""last_update_ts"":1784118769.4386592,""raw"":[17406,15284,17714]},""ring"":{""age_s"":0.00915670394897461,""channels"":3,""force"":[0.2754384556764986,0.24949911938999847],""has_data"":true,""last_update_ts"":1784118769.4386592,""raw"":[15795,16368,15632]},""thumb"":{""age_s"":0.00915670394897461,""channels"":3,""force"":[0.0,-2.220446049250313e-16],""has_data"":true,""last_update_ts"":1784118769.4386592,""raw"":[0,0,0]}}","{""ble"":{""connection_state"":""connected"",""counter"":993899,""finger_order"":""DexterController.Visualizer"",""last_error"":null,""last_sample_age_s"":0.00918123200244736,""reconnect_count"":0,""sample_hz"":20.0,""sample_sequence"":653,""timestamp_us"":9734244416},""fingers"":{""index"":{""has_data"":true,""last_update_ts"":1784118769.4386592,""mapped"":true},""middle"":{""has_data"":true,""last_update_ts"":1784118769.4386592,""mapped"":true},""pinky"":{""has_data"":true,""last_update_ts"":1784118769.4386592,""mapped"":true},""ring"":{""has_data"":true,""last_update_ts"":1784118769.4386592,""mapped"":true},""thumb"":{""has_data"":true,""last_update_ts"":1784118769.4386592,""mapped"":true}},""ports"":{""available"":[""BLE:Dexter""],""unavailable"":[]}}"
1784118769.4979494,1784118769.4978158,655,ble,"{""index"":{""age_s"":0.009168624877929688,""channels"":3,""force"":[0.06970083084309131,-4.552318192830001],""has_data"":true,""last_update_ts"":1784118769.4886472,""raw"":[14476,14621,22750]},""middle"":{""age_s"":0.009168624877929688,""channels"":3,""force"":[-1.807414648069157,1.233896646059998],""has_data"":true,""last_update_ts"":1784118769.4886472,""raw"":[18570,14810,14467]},""pinky"":{""age_s"":0.009168624877929688,""channels"":3,""force"":[-1.0301302103223922,-0.7346208776700021],""has_data"":true,""last_update_ts"":1784118769.4886472,""raw"":[17435,15292,17687]},""ring"":{""age_s"":0.009168624877929688,""channels"":3,""force"":[0.276399846446747,0.25005417860999923],""has_data"":true,""last_update_ts"":1784118769.4886472,""raw"":[15794,16369,15631]},""thumb"":{""age_s"":0.009168624877929688,""channels"":3,""force"":[0.0,-2.220446049250313e-16],""has_data"":true,""last_update_ts"":1784118769.4886472,""raw"":[0,0,0]}}","{""ble"":{""connection_state"":""connected"",""counter"":993904,""finger_order"":""DexterController.Visualizer"",""last_error"":null,""last_sample_age_s"":0.009193216013954952,""reconnect_count"":0,""sample_hz"":20.0,""sample_sequence"":654,""timestamp_us"":9734291520},""fingers"":{""index"":{""has_data"":true,""last_update_ts"":1784118769.4886472,""mapped"":true},""middle"":{""has_data"":true,""last_update_ts"":1784118769.4886472,""mapped"":true},""pinky"":{""has_data"":true,""last_update_ts"":1784118769.4886472,""mapped"":true},""ring"":{""has_data"":true,""last_update_ts"":1784118769.4886472,""mapped"":true},""thumb"":{""has_data"":true,""last_update_ts"":1784118769.4886472,""mapped"":true}},""ports"":{""available"":[""BLE:Dexter""],""unavailable"":[]}}"
1784118769.5479205,1784118769.54781,656,ble,"{""index"":{""age_s"":0.00915074348449707,""channels"":3,""force"":[-0.14420861553743247,-5.340779814840002],""has_data"":true,""last_update_ts"":1784118769.5386593,""raw"":[14252,13952,23724]},""middle"":{""age_s"":0.00915074348449707,""channels"":3,""force"":[-1.84827375580476,1.1908795565099979],""has_data"":true,""last_update_ts"":1784118769.5386593,""raw"":[18554,14709,14486]},""pinky"":{""age_s"":0.00915074348449707,""channels"":3,""force"":[-1.021958388775273,-0.7371186441600006],""has_data"":true,""last_update_ts"":1784118769.5386593,""raw"":[17424,15298,17689]},""ring"":{""age_s"":0.00915074348449707,""channels"":3,""force"":[0.29226279415586376,0.26365312949999886],""has_data"":true,""last_update_ts"":1784118769.5386593,""raw"":[15792,16400,15621]},""thumb"":{""age_s"":0.00915074348449707,""channels"":3,""force"":[0.0,-2.220446049250313e-16],""has_data"":true,""last_update_ts"":1784118769.5386593,""raw"":[0,0,0]}}","{""ble"":{""connection_state"":""connected"",""counter"":993910,""finger_order"":""DexterController.Visualizer"",""last_error"":null,""last_sample_age_s"":0.009174940001685172,""reconnect_count"":0,""sample_hz"":20.0,""sample_sequence"":655,""timestamp_us"":9734347904},""fingers"":{""index"":{""has_data"":true,""last_update_ts"":1784118769.5386593,""mapped"":true},""middle"":{""has_data"":true,""last_update_ts"":1784118769.5386593,""mapped"":true},""pinky"":{""has_data"":true,""last_update_ts"":1784118769.5386593,""mapped"":true},""ring"":{""has_data"":true,""last_update_ts"":1784118769.5386593,""mapped"":true},""thumb"":{""has_data"":true,""last_update_ts"":1784118769.5386593,""mapped"":true}},""ports"":{""available"":[""BLE:Dexter""],""unavailable"":[]}}"
1784118769.5979307,1784118769.5978124,657,ble,"{""index"":{""age_s"":0.009152889251708984,""channels"":3,""force"":[-0.09565838163983198,-5.671317580350001],""has_data"":true,""last_update_ts"":1784118769.5886595,""raw"":[14007,13808,24125]},""middle"":{""age_s"":0.009152889251708984,""channels"":3,""force"":[-1.7905903095897902,1.2191875767299987],""has_data"":true,""last_update_ts"":1784118769.5886595,""raw"":[18505,14780,14446]},""pinky"":{""age_s"":0.009152889251708984,""channels"":3,""force"":[-1.0209969980050246,-0.748219828559999],""has_data"":true,""last_update_ts"":1784118769.5886595,""raw"":[17417,15293,17703]},""ring"":{""age_s"":0.009152889251708984,""channels"":3,""force"":[0.27543845567649505,0.25393959314999925],""has_data"":true,""last_update_ts"":1784118769.5886595,""raw"":[15797,16370,15626]},""thumb"":{""age_s"":0.009152889251708984,""channels"":3,""force"":[0.0,-2.220446049250313e-16],""has_data"":true,""last_update_ts"":1784118769.5886595,""raw"":[0,0,0]}}","{""ble"":{""connection_state"":""connected"",""counter"":993915,""finger_order"":""DexterController.Visualizer"",""last_error"":null,""last_sample_age_s"":0.009177234998787753,""reconnect_count"":0,""sample_hz"":20.0,""sample_sequence"":656,""timestamp_us"":9734394912},""fingers"":{""index"":{""has_data"":true,""last_update_ts"":1784118769.5886595,""mapped"":true},""middle"":{""has_data"":true,""last_update_ts"":1784118769.5886595,""mapped"":true},""pinky"":{""has_data"":true,""last_update_ts"":1784118769.5886595,""mapped"":true},""ring"":{""has_data"":true,""last_update_ts"":1784118769.5886595,""mapped"":true},""thumb"":{""has_data"":true,""last_update_ts"":1784118769.5886595,""mapped"":true}},""ports"":{""available"":[""BLE:Dexter""],""unavailable"":[]}}"
1784118769.6479466,1784118769.647816,658,ble,"{""index"":{""age_s"":0.009171724319458008,""channels"":3,""force"":[-0.0413398031207306,-5.769840591900002],""has_data"":true,""last_update_ts"":1784118769.6386442,""raw"":[13885,13799,24237]},""middle"":{""age_s"":0.009171724319458008,""channels"":3,""force"":[-1.7059879218078304,1.210306629209998],""has_data"":true,""last_update_ts"":1784118769.6386442,""raw"":[18427,14878,14472]},""pinky"":{""age_s"":0.009171724319458008,""channels"":3,""force"":[-1.0262846472413933,-0.7451670028500015],""has_data"":true,""last_update_ts"":1784118769.6386442,""raw"":[17432,15297,17707]},""ring"":{""age_s"":0.009171724319458008,""channels"":3,""force"":[0.2725542833657464,0.2539395931499975],""has_data"":true,""last_update_ts"":1784118769.6386442,""raw"":[15800,16367,15626]},""thumb"":{""age_s"":0.009171724319458008,""channels"":3,""force"":[0.0,-2.220446049250313e-16],""has_data"":true,""last_update_ts"":1784118769.6386442,""raw"":[0,0,0]}}","{""ble"":{""connection_state"":""connected"",""counter"":993920,""finger_order"":""DexterController.Visualizer"",""last_error"":null,""last_sample_age_s"":0.009195670994813554,""reconnect_count"":0,""sample_hz"":20.0,""sample_sequence"":657,""timestamp_us"":9734441888},""fingers"":{""index"":{""has_data"":true,""last_update_ts"":1784118769.6386442,""mapped"":true},""middle"":{""has_data"":true,""last_update_ts"":1784118769.6386442,""mapped"":true},""pinky"":{""has_data"":true,""last_update_ts"":1784118769.6386442,""mapped"":true},""ring"":{""has_data"":true,""last_update_ts"":1784118769.6386442,""mapped"":true},""thumb"":{""has_data"":true,""last_update_ts"":1784118769.6386442,""mapped"":true}},""ports"":{""available"":[""BLE:Dexter""],""unavailable"":[]}}"
1784118769.6979444,1784118769.6978126,659,ble,"{""index"":{""age_s"":0.009153366088867188,""channels"":3,""force"":[-0.07066222161334146,-5.3593742987100015],""has_data"":true,""last_update_ts"":1784118769.6886592,""raw"":[14135,13988,23717]},""middle"":{""age_s"":0.009153366088867188,""channels"":3,""force"":[-1.6646481186870972,1.086528423149998],""has_data"":true,""last_update_ts"":1784118769.6886592,""raw"":[18317,14854,14628]},""pinky"":{""age_s"":0.009153366088867188,""channels"":3,""force"":[-1.0229197795455214,-0.7443344140200008],""has_data"":true,""last_update_ts"":1784118769.6886592,""raw"":[17419,15291,17696]},""ring"":{""age_s"":0.009153366088867188,""channels"":3,""force"":[0.27495776029137176,0.25532724119999717],""has_data"":true,""last_update_ts"":1784118769.6886592,""raw"":[15802,16374,15628]},""thumb"":{""age_s"":0.009153366088867188,""channels"":3,""force"":[0.0,-2.220446049250313e-16],""has_data"":true,""last_update_ts"":1784118769.6886592,""raw"":[0,0,0]}}","{""ble"":{""connection_state"":""connected"",""counter"":993926,""finger_order"":""DexterController.Visualizer"",""last_error"":null,""last_sample_age_s"":0.00917696401302237,""reconnect_count"":0,""sample_hz"":20.0,""sample_sequence"":658,""timestamp_us"":9734498304},""fingers"":{""index"":{""has_data"":true,""last_update_ts"":1784118769.6886592,""mapped"":true},""middle"":{""has_data"":true,""last_update_ts"":1784118769.6886592,""mapped"":true},""pinky"":{""has_data"":true,""last_update_ts"":1784118769.6886592,""mapped"":true},""ring"":{""has_data"":true,""last_update_ts"":1784118769.6886592,""mapped"":true},""thumb"":{""has_data"":true,""last_update_ts"":1784118769.6886592,""mapped"":true}},""ports"":{""available"":[""BLE:Dexter""],""unavailable"":[]}}"
1784118769.7479339,1784118769.7478127,660,ble,"{""index"":{""age_s"":0.009152889251708984,""channels"":3,""force"":[-0.02643824618186308,-4.296990951630001],""has_data"":true,""last_update_ts"":1784118769.7386599,""raw"":[14669,14614,22383]},""middle"":{""age_s"":0.009152889251708984,""channels"":3,""force"":[-1.5079414231364225,0.4115764116299978],""has_data"":true,""last_update_ts"":1784118769.7386599,""raw"":[17770,14633,15460]},""pinky"":{""age_s"":0.009152889251708984,""channels"":3,""force"":[-1.0272460380116453,-0.7362860553300035],""has_data"":true,""last_update_ts"":1784118769.7386599,""raw"":[17430,15293,17688]},""ring"":{""age_s"":0.009152889251708984,""channels"":3,""force"":[0.2893786218451133,0.2630980702799972],""has_data"":true,""last_update_ts"":1784118769.7386599,""raw"":[15797,16399,15624]},""thumb"":{""age_s"":0.009152889251708984,""channels"":3,""force"":[0.0,-2.220446049250313e-16],""has_data"":true,""last_update_ts"":1784118769.7386599,""raw"":[0,0,0]}}","{""ble"":{""connection_state"":""connected"",""counter"":993931,""finger_order"":""DexterController.Visualizer"",""last_error"":null,""last_sample_age_s"":0.009175922998110764,""reconnect_count"":0,""sample_hz"":20.0,""sample_sequence"":659,""timestamp_us"":9734545248},""fingers"":{""index"":{""has_data"":true,""last_update_ts"":1784118769.7386599,""mapped"":true},""middle"":{""has_data"":true,""last_update_ts"":1784118769.7386599,""mapped"":true},""pinky"":{""has_data"":true,""last_update_ts"":1784118769.7386599,""mapped"":true},""ring"":{""has_data"":true,""last_update_ts"":1784118769.7386599,""mapped"":true},""thumb"":{""has_data"":true,""last_update_ts"":1784118769.7386599,""mapped"":true}},""ports"":{""available"":[""BLE:Dexter""],""unavailable"":[]}}"
1784118769.7979276,1784118769.7978084,661,ble,"{""index"":{""age_s"":0.00916433334350586,""channels"":3,""force"":[0.021150596945489042,-2.902959720600003],""has_data"":true,""last_update_ts"":1784118769.788644,""raw"":[15414,15458,20666]},""middle"":{""age_s"":0.00916433334350586,""channels"":3,""force"":[-1.3108563152352648,-0.3582907265100008],""has_data"":true,""last_update_ts"":1784118769.788644,""raw"":[17154,14427,16436]},""pinky"":{""age_s"":0.00916433334350586,""channels"":3,""force"":[-1.021958388775273,-0.7454445324600014],""has_data"":true,""last_update_ts"":1784118769.788644,""raw"":[17422,15296,17702]},""ring"":{""age_s"":0.00916433334350586,""channels"":3,""force"":[0.2768805418318703,0.2542171227599965],""has_data"":true,""last_update_ts"":1784118769.788644,""raw"":[15799,16375,15629]},""thumb"":{""age_s"":0.00916433334350586,""channels"":3,""force"":[0.0,-2.220446049250313e-16],""has_data"":true,""last_update_ts"":1784118769.788644,""raw"":[0,0,0]}}","{""ble"":{""connection_state"":""connected"",""counter"":993936,""finger_order"":""DexterController.Visualizer"",""last_error"":null,""last_sample_age_s"":0.009189188000163995,""reconnect_count"":0,""sample_hz"":20.0,""sample_sequence"":660,""timestamp_us"":9734592288},""fingers"":{""index"":{""has_data"":true,""last_update_ts"":1784118769.788644,""mapped"":true},""middle"":{""has_data"":true,""last_update_ts"":1784118769.788644,""mapped"":true},""pinky"":{""has_data"":true,""last_update_ts"":1784118769.788644,""mapped"":true},""ring"":{""has_data"":true,""last_update_ts"":1784118769.788644,""mapped"":true},""thumb"":{""has_data"":true,""last_update_ts"":1784118769.788644,""mapped"":true}},""ports"":{""available"":[""BLE:Dexter""],""unavailable"":[]}}"
1784118769.8479433,1784118769.8478167,662,ble,"{""index"":{""age_s"":0.009158134460449219,""channels"":3,""force"":[0.22977239408963968,-0.5267511997799996],""has_data"":true,""last_update_ts"":1784118769.8386586,""raw"":[16537,17015,17725]},""middle"":{""age_s"":0.009158134460449219,""channels"":3,""force"":[-0.6335565175944549,-3.3386812083000006],""has_data"":true,""last_update_ts"":1784118769.8386586,""raw"":[14791,13473,20147]},""pinky"":{""age_s"":0.009158134460449219,""channels"":3,""force"":[-1.0238811703157733,-0.7376737033800014],""has_data"":true,""last_update_ts"":1784118769.8386586,""raw"":[17429,15299,17693]},""ring"":{""age_s"":0.009158134460449219,""channels"":3,""force"":[0.27399636952111805,0.2675385440399971],""has_data"":true,""last_update_ts"":1784118769.8386586,""raw"":[15809,16379,15612]},""thumb"":{""age_s"":0.009158134460449219,""channels"":3,""force"":[0.0,-2.220446049250313e-16],""has_data"":true,""last_update_ts"":1784118769.8386586,""raw"":[0,0,0]}}","{""ble"":{""connection_state"":""connected"",""counter"":993942,""finger_order"":""DexterController.Visualizer"",""last_error"":null,""last_sample_age_s"":0.009186954004690051,""reconnect_count"":0,""sample_hz"":20.0,""sample_sequence"":661,""timestamp_us"":9734648928},""fingers"":{""index"":{""has_data"":true,""last_update_ts"":1784118769.8386586,""mapped"":true},""middle"":{""has_data"":true,""last_update_ts"":1784118769.8386586,""mapped"":true},""pinky"":{""has_data"":true,""last_update_ts"":1784118769.8386586,""mapped"":true},""ring"":{""has_data"":true,""last_update_ts"":1784118769.8386586,""mapped"":true},""thumb"":{""has_data"":true,""last_update_ts"":1784118769.8386586,""mapped"":true}},""ports"":{""available"":[""BLE:Dexter""],""unavailable"":[]}}"
1784118769.8979566,1784118769.8978157,663,ble,"{""index"":{""age_s"":0.009166240692138672,""channels"":3,""force"":[0.17881868326641914,0.3469120124999989],""has_data"":true,""last_update_ts"":1784118769.8886495,""raw"":[17029,17401,16590]},""middle"":{""age_s"":0.009166240692138672,""channels"":3,""force"":[-0.4383941912337965,-4.730214672840001],""has_data"":true,""last_update_ts"":1784118769.8886495,""raw"":[13845,12933,21911]},""pinky"":{""age_s"":0.009166240692138672,""channels"":3,""force"":[-1.0142672626132754,-0.7809683225400006],""has_data"":true,""last_update_ts"":1784118769.8886495,""raw"":[17385,15275,17737]},""ring"":{""age_s"":0.009166240692138672,""channels"":3,""force"":[0.27495776029137176,0.21980345111999888],""has_data"":true,""last_update_ts"":1784118769.8886495,""raw"":[15769,16341,15659]},""thumb"":{""age_s"":0.009166240692138672,""channels"":3,""force"":[0.0,-2.220446049250313e-16],""has_data"":true,""last_update_ts"":1784118769.8886495,""raw"":[0,0,0]}}","{""ble"":{""connection_state"":""connected"",""counter"":993947,""finger_order"":""DexterController.Visualizer"",""last_error"":null,""last_sample_age_s"":0.00919276500644628,""reconnect_count"":0,""sample_hz"":20.0,""sample_sequence"":662,""timestamp_us"":9734695808},""fingers"":{""index"":{""has_data"":true,""last_update_ts"":1784118769.8886495,""mapped"":true},""middle"":{""has_data"":true,""last_update_ts"":1784118769.8886495,""mapped"":true},""pinky"":{""has_data"":true,""last_update_ts"":1784118769.8886495,""mapped"":true},""ring"":{""has_data"":true,""last_update_ts"":1784118769.8886495,""mapped"":true},""thumb"":{""has_data"":true,""last_update_ts"":1784118769.8886495,""mapped"":true}},""ports"":{""available"":[""BLE:Dexter""],""unavailable"":[]}}"
1784118769.947925,1784118769.947814,664,ble,"{""index"":{""age_s"":0.009111881256103516,""channels"":3,""force"":[0.24996160026488212,0.8098314019799977],""has_data"":true,""last_update_ts"":1784118769.938702,""raw"":[17212,17732,16013]},""middle"":{""age_s"":0.009111881256103516,""channels"":3,""force"":[-0.37686518193782437,-5.502857107080002],""has_data"":true,""last_update_ts"":1784118769.938702,""raw"":[13355,12571,22877]},""pinky"":{""age_s"":0.009111881256103516,""channels"":3,""force"":[-1.0243618657008966,-0.7418366475300022],""has_data"":true,""last_update_ts"":1784118769.938702,""raw"":[17422,15291,17693]},""ring"":{""age_s"":0.009111881256103516,""channels"":3,""force"":[0.27063150182524964,0.23062710590999824],""has_data"":true,""last_update_ts"":1784118769.938702,""raw"":[15784,16347,15650]},""thumb"":{""age_s"":0.009111881256103516,""channels"":3,""force"":[0.0,-2.220446049250313e-16],""has_data"":true,""last_update_ts"":1784118769.938702,""raw"":[0,0,0]}}","{""ble"":{""connection_state"":""connected"",""counter"":993952,""finger_order"":""DexterController.Visualizer"",""last_error"":null,""last_sample_age_s"":0.009136794993537478,""reconnect_count"":0,""sample_hz"":20.0,""sample_sequence"":663,""timestamp_us"":9734742816},""fingers"":{""index"":{""has_data"":true,""last_update_ts"":1784118769.938702,""mapped"":true},""middle"":{""has_data"":true,""last_update_ts"":1784118769.938702,""mapped"":true},""pinky"":{""has_data"":true,""last_update_ts"":1784118769.938702,""mapped"":true},""ring"":{""has_data"":true,""last_update_ts"":1784118769.938702,""mapped"":true},""thumb"":{""has_data"":true,""last_update_ts"":1784118769.938702,""mapped"":true}},""ports"":{""available"":[""BLE:Dexter""],""unavailable"":[]}}"
1784118769.9979491,1784118769.997818,665,ble,"{""index"":{""age_s"":0.00915837287902832,""channels"":3,""force"":[0.27111219721037294,1.0690440577199967],""has_data"":true,""last_update_ts"":1784118769.9886596,""raw"":[17383,17947,15739]},""middle"":{""age_s"":0.00915837287902832,""channels"":3,""force"":[-0.5374174405694987,-5.174817108060001],""has_data"":true,""last_update_ts"":1784118769.9886596,""raw"":[13669,12551,22433]},""pinky"":{""age_s"":0.00915837287902832,""channels"":3,""force"":[-0.45762200663878616,-0.4623643302599998],""has_data"":true,""last_update_ts"":1784118769.9886596,""raw"":[17260,16308,17617]},""ring"":{""age_s"":0.00915837287902832,""channels"":3,""force"":[0.29706974800710917,0.37633015115999946],""has_data"":true,""last_update_ts"":1784118769.9886596,""raw"":[15776,16394,15407]},""thumb"":{""age_s"":0.00915837287902832,""channels"":3,""force"":[0.0,-2.220446049250313e-16],""has_data"":true,""last_update_ts"":1784118769.9886596,""raw"":[0,0,0]}}","{""ble"":{""connection_state"":""connected"",""counter"":993958,""finger_order"":""DexterController.Visualizer"",""last_error"":null,""last_sample_age_s"":0.009181574001559056,""reconnect_count"":0,""sample_hz"":20.0,""sample_sequence"":664,""timestamp_us"":9734799520},""fingers"":{""index"":{""has_data"":true,""last_update_ts"":1784118769.9886596,""mapped"":true},""middle"":{""has_data"":true,""last_update_ts"":1784118769.9886596,""mapped"":true},""pinky"":{""has_data"":true,""last_update_ts"":1784118769.9886596,""mapped"":true},""ring"":{""has_data"":true,""last_update_ts"":1784118769.9886596,""mapped"":true},""thumb"":{""has_data"":true,""last_update_ts"":1784118769.9886596,""mapped"":true}},""ports"":{""available"":[""BLE:Dexter""],""unavailable"":[]}}"
1784118770.0479493,1784118770.0478177,666,ble,"{""index"":{""age_s"":0.009158134460449219,""channels"":3,""force"":[0.28793653568974165,0.9705210461699973],""has_data"":true,""last_update_ts"":1784118770.0386596,""raw"":[17300,17899,15851]},""middle"":{""age_s"":0.009158134460449219,""channels"":3,""force"":[-0.5744309852241063,-5.124029189430002],""has_data"":true,""last_update_ts"":1784118770.0386596,""raw"":[13779,12584,22413]},""pinky"":{""age_s"":0.009158134460449219,""channels"":3,""force"":[-1.0229197795455214,-0.7459995916800004],""has_data"":true,""last_update_ts"":1784118770.0386596,""raw"":[17416,15288,17696]},""ring"":{""age_s"":0.009158134460449219,""channels"":3,""force"":[0.276399846446747,0.256159830029997],""has_data"":true,""last_update_ts"":1784118770.0386596,""raw"":[15798,16373,15624]},""thumb"":{""age_s"":0.009158134460449219,""channels"":3,""force"":[0.0,-2.220446049250313e-16],""has_data"":true,""last_update_ts"":1784118770.0386596,""raw"":[0,0,0]}}","{""ble"":{""connection_state"":""connected"",""counter"":993963,""finger_order"":""DexterController.Visualizer"",""last_error"":null,""last_sample_age_s"":0.009181793997413479,""reconnect_count"":0,""sample_hz"":20.0,""sample_sequence"":665,""timestamp_us"":9734846464},""fingers"":{""index"":{""has_data"":true,""last_update_ts"":1784118770.0386596,""mapped"":true},""middle"":{""has_data"":true,""last_update_ts"":1784118770.0386596,""mapped"":true},""pinky"":{""has_data"":true,""last_update_ts"":1784118770.0386596,""mapped"":true},""ring"":{""has_data"":true,""last_update_ts"":1784118770.0386596,""mapped"":true},""thumb"":{""has_data"":true,""last_update_ts"":1784118770.0386596,""mapped"":true}},""ports"":{""available"":[""BLE:Dexter""],""unavailable"":[]}}"
1784118770.097951,1784118770.0978181,667,ble,"{""index"":{""age_s"":0.009164810180664062,""channels"":3,""force"":[0.34898484960058695,0.8448001328399997],""has_data"":true,""last_update_ts"":1784118770.0886533,""raw"":[17175,17901,16016]},""middle"":{""age_s"":0.009164810180664062,""channels"":3,""force"":[-0.6287495637432068,-4.616982591960001],""has_data"":true,""last_update_ts"":1784118770.0886533,""raw"":[14140,12832,21804]},""pinky"":{""age_s"":0.009164810180664062,""channels"":3,""force"":[-1.030130210322394,-0.7418366475300022],""has_data"":true,""last_update_ts"":1784118770.0886533,""raw"":[17428,15285,17693]},""ring"":{""age_s"":0.009164810180664062,""channels"":3,""force"":[0.2754384556764933,0.2633755998899989],""has_data"":true,""last_update_ts"":1784118770.0886533,""raw"":[15806,16379,15618]},""thumb"":{""age_s"":0.009164810180664062,""channels"":3,""force"":[0.0,-2.220446049250313e-16],""has_data"":true,""last_update_ts"":1784118770.0886533,""raw"":[0,0,0]}}","{""ble"":{""connection_state"":""connected"",""counter"":993968,""finger_order"":""DexterController.Visualizer"",""last_error"":null,""last_sample_age_s"":0.009188847994664684,""reconnect_count"":0,""sample_hz"":20.0,""sample_sequence"":666,""timestamp_us"":9734893440},""fingers"":{""index"":{""has_data"":true,""last_update_ts"":1784118770.0886533,""mapped"":true},""middle"":{""has_data"":true,""last_update_ts"":1784118770.0886533,""mapped"":true},""pinky"":{""has_data"":true,""last_update_ts"":1784118770.0886533,""mapped"":true},""ring"":{""has_data"":true,""last_update_ts"":1784118770.0886533,""mapped"":true},""thumb"":{""has_data"":true,""last_update_ts"":1784118770.0886533,""mapped"":true}},""ports"":{""available"":[""BLE:Dexter""],""unavailable"":[]}}"
1784118770.1479192,1784118770.1478012,668,ble,"{""index"":{""age_s"":0.009157896041870117,""channels"":3,""force"":[0.42060846198417856,0.5897504212499971],""has_data"":true,""last_update_ts"":1784118770.1386433,""raw"":[16931,17806,16306]},""middle"":{""age_s"":0.009157896041870117,""channels"":3,""force"":[-0.5576066467447376,-4.608101644440004],""has_data"":true,""last_update_ts"":1784118770.1386433,""raw"":[14054,12894,21776]},""pinky"":{""age_s"":0.009157896041870117,""channels"":3,""force"":[-1.0205163026198978,-0.7484973581699998],""has_data"":true,""last_update_ts"":1784118770.1386433,""raw"":[17416,15293,17703]},""ring"":{""age_s"":0.009157896041870117,""channels"":3,""force"":[0.27351567413599476,0.25615983002999787],""has_data"":true,""last_update_ts"":1784118770.1386433,""raw"":[15805,16374,15628]},""thumb"":{""age_s"":0.009157896041870117,""channels"":3,""force"":[0.0,-2.220446049250313e-16],""has_data"":true,""last_update_ts"":1784118770.1386433,""raw"":[0,0,0]}}","{""ble"":{""connection_state"":""connected"",""counter"":993974,""finger_order"":""DexterController.Visualizer"",""last_error"":null,""last_sample_age_s"":0.009181352987070568,""reconnect_count"":0,""sample_hz"":20.0,""sample_sequence"":667,""timestamp_us"":9734949888},""fingers"":{""index"":{""has_data"":true,""last_update_ts"":1784118770.1386433,""mapped"":true},""middle"":{""has_data"":true,""last_update_ts"":1784118770.1386433,""mapped"":true},""pinky"":{""has_data"":true,""last_update_ts"":1784118770.1386433,""mapped"":true},""ring"":{""has_data"":true,""last_update_ts"":1784118770.1386433,""mapped"":true},""thumb"":{""has_data"":true,""last_update_ts"":1784118770.1386433,""mapped"":true}},""ports"":{""available"":[""BLE:Dexter""],""unavailable"":[]}}"
1784118770.1979494,1784118770.197818,669,ble,"{""index"":{""age_s"":0.00915980339050293,""channels"":3,""force"":[0.5114598897727607,0.5706008781600005],""has_data"":true,""last_update_ts"":1784118770.1886582,""raw"":[16800,17864,16304]},""middle"":{""age_s"":0.00915980339050293,""channels"":3,""force"":[-0.5124212805430117,-4.851772642020003],""has_data"":true,""last_update_ts"":1784118770.1886582,""raw"":[13885,12819,22093]},""pinky"":{""age_s"":0.00915980339050293,""channels"":3,""force"":[-1.0248425610860217,-0.7443344140200017],""has_data"":true,""last_update_ts"":1784118770.1886582,""raw"":[17422,15290,17697]},""ring"":{""age_s"":0.00915980339050293,""channels"":3,""force"":[0.2744770649062449,0.25671488924999686],""has_data"":true,""last_update_ts"":1784118770.1886582,""raw"":[15800,16371,15623]},""thumb"":{""age_s"":0.00915980339050293,""channels"":3,""force"":[0.0,-2.220446049250313e-16],""has_data"":true,""last_update_ts"":1784118770.1886582,""raw"":[0,0,0]}}","{""ble"":{""connection_state"":""connected"",""counter"":993979,""finger_order"":""DexterController.Visualizer"",""last_error"":null,""last_sample_age_s"":0.009182926005451009,""reconnect_count"":0,""sample_hz"":20.0,""sample_sequence"":668,""timestamp_us"":9734996896},""fingers"":{""index"":{""has_data"":true,""last_update_ts"":1784118770.1886582,""mapped"":true},""middle"":{""has_data"":true,""last_update_ts"":1784118770.1886582,""mapped"":true},""pinky"":{""has_data"":true,""last_update_ts"":1784118770.1886582,""mapped"":true},""ring"":{""has_data"":true,""last_update_ts"":1784118770.1886582,""mapped"":true},""thumb"":{""has_data"":true,""last_update_ts"":1784118770.1886582,""mapped"":true}},""ports"":{""available"":[""BLE:Dexter""],""unavailable"":[]}}"
1784118770.2479384,1784118770.2478182,670,ble,"{""index"":{""age_s"":0.009158849716186523,""channels"":3,""force"":[0.4436818404701697,0.7018723836899987],""has_data"":true,""last_update_ts"":1784118770.2386594,""raw"":[16960,17883,16157]},""middle"":{""age_s"":0.009158849716186523,""channels"":3,""force"":[-0.5628942959811125,-4.820966855309999],""has_data"":true,""last_update_ts"":1784118770.2386594,""raw"":[13938,12767,22038]},""pinky"":{""age_s"":0.009158849716186523,""channels"":3,""force"":[-1.029168819552142,-0.7429467659700029],""has_data"":true,""last_update_ts"":1784118770.2386594,""raw"":[17432,15291,17700]},""ring"":{""age_s"":0.009158849716186523,""channels"":3,""force"":[0.27639984644674875,0.256159830029997],""has_data"":true,""last_update_ts"":1784118770.2386594,""raw"":[15795,16370,15621]},""thumb"":{""age_s"":0.009158849716186523,""channels"":3,""force"":[0.0,-2.220446049250313e-16],""has_data"":true,""last_update_ts"":1784118770.2386594,""raw"":[0,0,0]}}","{""ble"":{""connection_state"":""connected"",""counter"":993984,""finger_order"":""DexterController.Visualizer"",""last_error"":null,""last_sample_age_s"":0.009181784000247717,""reconnect_count"":0,""sample_hz"":20.0,""sample_sequence"":669,""timestamp_us"":9735043872},""fingers"":{""index"":{""has_data"":true,""last_update_ts"":1784118770.2386594,""mapped"":true},""middle"":{""has_data"":true,""last_update_ts"":1784118770.2386594,""mapped"":true},""pinky"":{""has_data"":true,""last_update_ts"":1784118770.2386594,""mapped"":true},""ring"":{""has_data"":true,""last_update_ts"":1784118770.2386594,""mapped"":true},""thumb"":{""has_data"":true,""last_update_ts"":1784118770.2386594,""mapped"":true}},""ports"":{""available"":[""BLE:Dexter""],""unavailable"":[]}}"
1784118770.2979507,1784118770.2978172,671,ble,"{""index"":{""age_s"":0.009160757064819336,""channels"":3,""force"":[0.3879211757956966,0.9455433812699976],""has_data"":true,""last_update_ts"":1784118770.2886565,""raw"":[17174,17981,15874]},""middle"":{""age_s"":0.009160757064819336,""channels"":3,""force"":[-0.6518229422291952,-4.759632811500001],""has_data"":true,""last_update_ts"":1784118770.2886565,""raw"":[14053,12697,21950]},""pinky"":{""age_s"":0.009160757064819336,""channels"":3,""force"":[-1.030130210322394,-0.7385062922100012],""has_data"":true,""last_update_ts"":1784118770.2886565,""raw"":[17430,15287,17689]},""ring"":{""age_s"":0.009160757064819336,""channels"":3,""force"":[0.2783226279872473,0.25504971158999723],""has_data"":true,""last_update_ts"":1784118770.2886565,""raw"":[15791,16370,15621]},""thumb"":{""age_s"":0.009160757064819336,""channels"":3,""force"":[0.0,-2.220446049250313e-16],""has_data"":true,""last_update_ts"":1784118770.2886565,""raw"":[0,0,0]}}","{""ble"":{""connection_state"":""connected"",""counter"":993989,""finger_order"":""DexterController.Visualizer"",""last_error"":null,""last_sample_age_s"":0.009185551010887139,""reconnect_count"":0,""sample_hz"":20.0,""sample_sequence"":670,""timestamp_us"":9735090848},""fingers"":{""index"":{""has_data"":true,""last_update_ts"":1784118770.2886565,""mapped"":true},""middle"":{""has_data"":true,""last_update_ts"":1784118770.2886565,""mapped"":true},""pinky"":{""has_data"":true,""last_update_ts"":1784118770.2886565,""mapped"":true},""ring"":{""has_data"":true,""last_update_ts"":1784118770.2886565,""mapped"":true},""thumb"":{""has_data"":true,""last_update_ts"":1784118770.2886565,""mapped"":true}},""ports"":{""available"":[""BLE:Dexter""],""unavailable"":[]}}"
1784118770.3479376,1784118770.3478172,672,ble,"{""index"":{""age_s"":0.009158134460449219,""channels"":3,""force"":[0.40378412350481163,0.8997509956199972],""has_data"":true,""last_update_ts"":1784118770.338659,""raw"":[17144,17984,15943]},""middle"":{""age_s"":0.009158134460449219,""channels"":3,""force"":[-0.702776653052422,-4.397734200060002],""has_data"":true,""last_update_ts"":1784118770.338659,""raw"":[14290,12828,21482]},""pinky"":{""age_s"":0.009158134460449219,""channels"":3,""force"":[-1.0238811703157698,-0.7443344140200008],""has_data"":true,""last_update_ts"":1784118770.338659,""raw"":[17423,15293,17699]},""ring"":{""age_s"":0.009158134460449219,""channels"":3,""force"":[0.27543845567649505,0.2556047708099989],""has_data"":true,""last_update_ts"":1784118770.338659,""raw"":[15797,16370,15623]},""thumb"":{""age_s"":0.009158134460449219,""channels"":3,""force"":[0.0,-2.220446049250313e-16],""has_data"":true,""last_update_ts"":1784118770.338659,""raw"":[0,0,0]}}","{""ble"":{""connection_state"":""connected"",""counter"":993995,""finger_order"":""DexterController.Visualizer"",""last_error"":null,""last_sample_age_s"":0.009182244990370236,""reconnect_count"":0,""sample_hz"":20.0,""sample_sequence"":671,""timestamp_us"":9735147328},""fingers"":{""index"":{""has_data"":true,""last_update_ts"":1784118770.338659,""mapped"":true},""middle"":{""has_data"":true,""last_update_ts"":1784118770.338659,""mapped"":true},""pinky"":{""has_data"":true,""last_update_ts"":1784118770.338659,""mapped"":true},""ring"":{""has_data"":true,""last_update_ts"":1784118770.338659,""mapped"":true},""thumb"":{""has_data"":true,""last_update_ts"":1784118770.338659,""mapped"":true}},""ports"":{""available"":[""BLE:Dexter""],""unavailable"":[]}}"
1784118770.397953,1784118770.3978179,673,ble,"{""index"":{""age_s"":0.009161949157714844,""channels"":3,""force"":[0.3436972003642147,0.4620868006499963],""has_data"":true,""last_update_ts"":1784118770.388656,""raw"":[17004,17719,16529]},""middle"":{""age_s"":0.009161949157714844,""channels"":3,""force"":[-0.7816106962128844,-3.2942764707000025],""has_data"":true,""last_update_ts"":1784118770.388656,""raw"":[14942,13316,20064]},""pinky"":{""age_s"":0.009161949157714844,""channels"":3,""force"":[-1.0272460380116453,-0.7418366475300004],""has_data"":true,""last_update_ts"":1784118770.388656,""raw"":[17428,15291,17696]},""ring"":{""age_s"":0.009161949157714844,""channels"":3,""force"":[0.276399846446747,0.2572699484699976],""has_data"":true,""last_update_ts"":1784118770.388656,""raw"":[15799,16374,15623]},""thumb"":{""age_s"":0.009161949157714844,""channels"":3,""force"":[0.0,-2.220446049250313e-16],""has_data"":true,""last_update_ts"":1784118770.388656,""raw"":[0,0,0]}}","{""ble"":{""connection_state"":""connected"",""counter"":994000,""finger_order"":""DexterController.Visualizer"",""last_error"":null,""last_sample_age_s"":0.009186493000015616,""reconnect_count"":0,""sample_hz"":20.0,""sample_sequence"":672,""timestamp_us"":9735194432},""fingers"":{""index"":{""has_data"":true,""last_update_ts"":1784118770.388656,""mapped"":true},""middle"":{""has_data"":true,""last_update_ts"":1784118770.388656,""mapped"":true},""pinky"":{""has_data"":true,""last_update_ts"":1784118770.388656,""mapped"":true},""ring"":{""has_data"":true,""last_update_ts"":1784118770.388656,""mapped"":true},""thumb"":{""has_data"":true,""last_update_ts"":1784118770.388656,""mapped"":true}},""ports"":{""available"":[""BLE:Dexter""],""unavailable"":[]}}"
1784118770.4479337,1784118770.4478023,674,ble,"{""index"":{""age_s"":0.00915384292602539,""channels"":3,""force"":[0.20525692944827867,-0.24006311265000146],""has_data"":true,""last_update_ts"":1784118770.4386485,""raw"":[16806,17233,17452]},""middle"":{""age_s"":0.00915384292602539,""channels"":3,""force"":[-0.8460238778196043,-2.054829232440003],""has_data"":true,""last_update_ts"":1784118770.4386485,""raw"":[15651,13891,18473]},""pinky"":{""age_s"":0.00915384292602539,""channels"":3,""force"":[-1.022439084160398,-0.7451670028499988],""has_data"":true,""last_update_ts"":1784118770.4386485,""raw"":[17424,15297,17703]},""ring"":{""age_s"":0.00915384292602539,""channels"":3,""force"":[0.27495776029137,0.25421712275999564],""has_data"":true,""last_update_ts"":1784118770.4386485,""raw"":[15799,16371,15627]},""thumb"":{""age_s"":0.00915384292602539,""channels"":3,""force"":[0.0,-2.220446049250313e-16],""has_data"":true,""last_update_ts"":1784118770.4386485,""raw"":[0,0,0]}}","{""ble"":{""connection_state"":""connected"",""counter"":994005,""finger_order"":""DexterController.Visualizer"",""last_error"":null,""last_sample_age_s"":0.009177726009511389,""reconnect_count"":0,""sample_hz"":20.0,""sample_sequence"":673,""timestamp_us"":9735241504},""fingers"":{""index"":{""has_data"":true,""last_update_ts"":1784118770.4386485,""mapped"":true},""middle"":{""has_data"":true,""last_update_ts"":1784118770.4386485,""mapped"":true},""pinky"":{""has_data"":true,""last_update_ts"":1784118770.4386485,""mapped"":true},""ring"":{""has_data"":true,""last_update_ts"":1784118770.4386485,""mapped"":true},""thumb"":{""has_data"":true,""last_update_ts"":1784118770.4386485,""mapped"":true}},""ports"":{""available"":[""BLE:Dexter""],""unavailable"":[]}}"
1784118770.49794,1784118770.497819,675,ble,"{""index"":{""age_s"":0.00916147232055664,""channels"":3,""force"":[0.18891328635403504,-1.1697873061500017],""has_data"":true,""last_update_ts"":1784118770.4886575,""raw"":[16290,16683,18594]},""middle"":{""age_s"":0.00916147232055664,""channels"":3,""force"":[-0.8224698039484917,-1.3129925849100017],""has_data"":true,""last_update_ts"":1784118770.4886575,""raw"":[16003,14292,17513]},""pinky"":{""age_s"":0.00916147232055664,""channels"":3,""force"":[-1.0248425610860235,-0.7393388810399992],""has_data"":true,""last_update_ts"":1784118770.4886575,""raw"":[17429,15297,17695]},""ring"":{""age_s"":0.00916147232055664,""channels"":3,""force"":[0.2773612372169936,0.26226548144999917],""has_data"":true,""last_update_ts"":1784118770.4886575,""raw"":[15802,16379,15618]},""thumb"":{""age_s"":0.00916147232055664,""channels"":3,""force"":[0.0,-2.220446049250313e-16],""has_data"":true,""last_update_ts"":1784118770.4886575,""raw"":[0,0,0]}}","{""ble"":{""connection_state"":""connected"",""counter"":994011,""finger_order"":""DexterController.Visualizer"",""last_error"":null,""last_sample_age_s"":0.009185311006149277,""reconnect_count"":0,""sample_hz"":20.0,""sample_sequence"":674,""timestamp_us"":9735297984},""fingers"":{""index"":{""has_data"":true,""last_update_ts"":1784118770.4886575,""mapped"":true},""middle"":{""has_data"":true,""last_update_ts"":1784118770.4886575,""mapped"":true},""pinky"":{""has_data"":true,""last_update_ts"":1784118770.4886575,""mapped"":true},""ring"":{""has_data"":true,""last_update_ts"":1784118770.4886575,""mapped"":true},""thumb"":{""has_data"":true,""last_update_ts"":1784118770.4886575,""mapped"":true}},""ports"":{""available"":[""BLE:Dexter""],""unavailable"":[]}}"
1784118770.5479405,1784118770.547816,676,ble,"{""index"":{""age_s"":0.009174108505249023,""channels"":3,""force"":[-0.004326258466123889,-1.7337274736700028],""has_data"":true,""last_update_ts"":1784118770.538642,""raw"":[16163,16154,19282]},""middle"":{""age_s"":0.009174108505249023,""channels"":3,""force"":[-0.9931166656677881,-0.32415458448000134],""has_data"":true,""last_update_ts"":1784118770.538642,""raw"":[16730,14664,16281]},""pinky"":{""age_s"":0.009174108505249023,""channels"":3,""force"":[-1.022439084160398,-0.7379512329900004],""has_data"":true,""last_update_ts"":1784118770.538642,""raw"":[17424,15297,17690]},""ring"":{""age_s"":0.009174108505249023,""channels"":3,""force"":[0.2797647141426207,0.26198795183999746],""has_data"":true,""last_update_ts"":1784118770.538642,""raw"":[15800,16382,15619]},""thumb"":{""age_s"":0.009174108505249023,""channels"":3,""force"":[0.0,-2.220446049250313e-16],""has_data"":true,""last_update_ts"":1784118770.538642,""raw"":[0,0,0]}}","{""ble"":{""connection_state"":""connected"",""counter"":994016,""finger_order"":""DexterController.Visualizer"",""last_error"":null,""last_sample_age_s"":0.009197986000799574,""reconnect_count"":0,""sample_hz"":20.0,""sample_sequence"":675,""timestamp_us"":9735345088},""fingers"":{""index"":{""has_data"":true,""last_update_ts"":1784118770.538642,""mapped"":true},""middle"":{""has_data"":true,""last_update_ts"":1784118770.538642,""mapped"":true},""pinky"":{""has_data"":true,""last_update_ts"":1784118770.538642,""mapped"":true},""ring"":{""has_data"":true,""last_update_ts"":1784118770.538642,""mapped"":true},""thumb"":{""has_data"":true,""last_update_ts"":1784118770.538642,""mapped"":true}},""ports"":{""available"":[""BLE:Dexter""],""unavailable"":[]}}"
1784118770.5979357,1784118770.597814,677,ble,"{""index"":{""age_s"":0.009165525436401367,""channels"":3,""force"":[-0.16055225863167344,-2.146969062960004],""has_data"":true,""last_update_ts"":1784118770.5886486,""raw"":[16083,15749,19784]},""middle"":{""age_s"":0.009165525436401367,""channels"":3,""force"":[-1.0666630595918782,0.26060030378999954],""has_data"":true,""last_update_ts"":1784118770.5886486,""raw"":[17151,14932,15572]},""pinky"":{""age_s"":0.009165525436401367,""channels"":3,""force"":[-1.0248425610860235,-0.7465546509000012],""has_data"":true,""last_update_ts"":1784118770.5886486,""raw"":[17421,15289,17700]},""ring"":{""age_s"":0.009165525436401367,""channels"":3,""force"":[0.27543845567649505,0.25615983002999876],""has_data"":true,""last_update_ts"":1784118770.5886486,""raw"":[15797,16370,15622]},""thumb"":{""age_s"":0.009165525436401367,""channels"":3,""force"":[0.0,-2.220446049250313e-16],""has_data"":true,""last_update_ts"":1784118770.5886486,""raw"":[0,0,0]}}","{""ble"":{""connection_state"":""connected"",""counter"":994021,""finger_order"":""DexterController.Visualizer"",""last_error"":null,""last_sample_age_s"":0.009189268996124156,""reconnect_count"":0,""sample_hz"":20.0,""sample_sequence"":676,""timestamp_us"":9735392096},""fingers"":{""index"":{""has_data"":true,""last_update_ts"":1784118770.5886486,""mapped"":true},""middle"":{""has_data"":true,""last_update_ts"":1784118770.5886486,""mapped"":true},""pinky"":{""has_data"":true,""last_update_ts"":1784118770.5886486,""mapped"":true},""ring"":{""has_data"":true,""last_update_ts"":1784118770.5886486,""mapped"":true},""thumb"":{""has_data"":true,""last_update_ts"":1784118770.5886486,""mapped"":true}},""ports"":{""available"":[""BLE:Dexter""],""unavailable"":[]}}"
1784118770.6479537,1784118770.6478162,678,ble,"{""index"":{""age_s"":0.009156942367553711,""channels"":3,""force"":[-0.18170285557716426,-2.174722023960001],""has_data"":true,""last_update_ts"":1784118770.6386592,""raw"":[16075,15697,19804]},""middle"":{""age_s"":0.009156942367553711,""channels"":3,""force"":[-1.1060800811721077,0.30833539670999865],""has_data"":true,""last_update_ts"":1784118770.6386592,""raw"":[17227,14926,15521]},""pinky"":{""age_s"":0.009156942367553711,""channels"":3,""force"":[-1.02580395185627,-0.7437793548000009],""has_data"":true,""last_update_ts"":1784118770.6386592,""raw"":[17423,15289,17696]},""ring"":{""age_s"":0.009156942367553711,""channels"":3,""force"":[0.2783226279872473,0.25504971158999723],""has_data"":true,""last_update_ts"":1784118770.6386592,""raw"":[15795,16374,15625]},""thumb"":{""age_s"":0.009156942367553711,""channels"":3,""force"":[0.0,-2.220446049250313e-16],""has_data"":true,""last_update_ts"":1784118770.6386592,""raw"":[0,0,0]}}","{""ble"":{""connection_state"":""connected"",""counter"":994027,""finger_order"":""DexterController.Visualizer"",""last_error"":null,""last_sample_age_s"":0.009186053008306772,""reconnect_count"":0,""sample_hz"":20.0,""sample_sequence"":677,""timestamp_us"":9735448640},""fingers"":{""index"":{""has_data"":true,""last_update_ts"":1784118770.6386592,""mapped"":true},""middle"":{""has_data"":true,""last_update_ts"":1784118770.6386592,""mapped"":true},""pinky"":{""has_data"":true,""last_update_ts"":1784118770.6386592,""mapped"":true},""ring"":{""has_data"":true,""last_update_ts"":1784118770.6386592,""mapped"":true},""thumb"":{""has_data"":true,""last_update_ts"":1784118770.6386592,""mapped"":true}},""ports"":{""available"":[""BLE:Dexter""],""unavailable"":[]}}"
1784118770.6979902,1784118770.6978524,679,ble,"{""index"":{""age_s"":0.009213447570800781,""channels"":3,""force"":[-0.17978007403666574,-2.1586253065800003],""has_data"":true,""last_update_ts"":1784118770.688639,""raw"":[16075,15701,19777]},""middle"":{""age_s"":0.009213447570800781,""channels"":3,""force"":[-1.0546456749637567,0.37022449973999816],""has_data"":true,""last_update_ts"":1784118770.688639,""raw"":[17213,15019,15449]},""pinky"":{""age_s"":0.009213447570800781,""channels"":3,""force"":[-1.0229197795455214,-0.7504400654400012],""has_data"":true,""last_update_ts"":1784118770.688639,""raw"":[17419,15291,17707]},""ring"":{""age_s"":0.009213447570800781,""channels"":3,""force"":[0.27447706490624846,0.255604770809998],""has_data"":true,""last_update_ts"":1784118770.688639,""raw"":[15802,16373,15627]},""thumb"":{""age_s"":0.009213447570800781,""channels"":3,""force"":[0.0,-2.220446049250313e-16],""has_data"":true,""last_update_ts"":1784118770.688639,""raw"":[0,0,0]}}","{""ble"":{""connection_state"":""connected"",""counter"":994032,""finger_order"":""DexterController.Visualizer"",""last_error"":null,""last_sample_age_s"":0.00924262500484474,""reconnect_count"":0,""sample_hz"":20.0,""sample_sequence"":678,""timestamp_us"":9735495520},""fingers"":{""index"":{""has_data"":true,""last_update_ts"":1784118770.688639,""mapped"":true},""middle"":{""has_data"":true,""last_update_ts"":1784118770.688639,""mapped"":true},""pinky"":{""has_data"":true,""last_update_ts"":1784118770.688639,""mapped"":true},""ring"":{""has_data"":true,""last_update_ts"":1784118770.688639,""mapped"":true},""thumb"":{""has_data"":true,""last_update_ts"":1784118770.688639,""mapped"":true}},""ports"":{""available"":[""BLE:Dexter""],""unavailable"":[]}}"
1784118770.7479353,1784118770.7478049,680,ble,"{""index"":{""age_s"":0.00916600227355957,""channels"":3,""force"":[-0.1740117294151684,-2.0770316012400025],""has_data"":true,""last_update_ts"":1784118770.7386389,""raw"":[16107,15745,19668]},""middle"":{""age_s"":0.00916600227355957,""channels"":3,""force"":[-1.0209969980050246,0.3802155656999977],""has_data"":true,""last_update_ts"":1784118770.7386389,""raw"":[17191,15067,15444]},""pinky"":{""age_s"":0.00916600227355957,""channels"":3,""force"":[-1.0209969980050229,-0.7448894732400007],""has_data"":true,""last_update_ts"":1784118770.7386389,""raw"":[17412,15288,17692]},""ring"":{""age_s"":0.00916600227355957,""channels"":3,""force"":[0.2759191510616166,0.2553272411999963],""has_data"":true,""last_update_ts"":1784118770.7386389,""raw"":[15797,16371,15624]},""thumb"":{""age_s"":0.00916600227355957,""channels"":3,""force"":[0.0,-2.220446049250313e-16],""has_data"":true,""last_update_ts"":1784118770.7386389,""raw"":[0,0,0]}}","{""ble"":{""connection_state"":""connected"",""counter"":994037,""finger_order"":""DexterController.Visualizer"",""last_error"":null,""last_sample_age_s"":0.009190401004161686,""reconnect_count"":0,""sample_hz"":20.0,""sample_sequence"":679,""timestamp_us"":9735542528},""fingers"":{""index"":{""has_data"":true,""last_update_ts"":1784118770.7386389,""mapped"":true},""middle"":{""has_data"":true,""last_update_ts"":1784118770.7386389,""mapped"":true},""pinky"":{""has_data"":true,""last_update_ts"":1784118770.7386389,""mapped"":true},""ring"":{""has_data"":true,""last_update_ts"":1784118770.7386389,""mapped"":true},""thumb"":{""has_data"":true,""last_update_ts"":1784118770.7386389,""mapped"":true}},""ports"":{""available"":[""BLE:Dexter""],""unavailable"":[]}}"
1784118770.7979488,1784118770.7978177,681,ble,"{""index"":{""age_s"":0.009160041809082031,""channels"":3,""force"":[-0.18506772327303445,-1.944094918050002],""has_data"":true,""last_update_ts"":1784118770.7886577,""raw"":[16190,15805,19500]},""middle"":{""age_s"":0.009160041809082031,""channels"":3,""force"":[-0.9979236195190335,0.33192541355999694],""has_data"":true,""last_update_ts"":1784118770.7886577,""raw"":[17140,15064,15504]},""pinky"":{""age_s"":0.009160041809082031,""channels"":3,""force"":[-1.0253232564711467,-0.7451670028500015],""has_data"":true,""last_update_ts"":1784118770.7886577,""raw"":[17422,15289,17698]},""ring"":{""age_s"":0.009160041809082031,""channels"":3,""force"":[0.27495776029137176,0.2542171227599992],""has_data"":true,""last_update_ts"":1784118770.7886577,""raw"":[15802,16374,15630]},""thumb"":{""age_s"":0.009160041809082031,""channels"":3,""force"":[0.0,-2.220446049250313e-16],""has_data"":true,""last_update_ts"":1784118770.7886577,""raw"":[0,0,0]}}","{""ble"":{""connection_state"":""connected"",""counter"":994043,""finger_order"":""DexterController.Visualizer"",""last_error"":null,""last_sample_age_s"":0.009183646994642913,""reconnect_count"":0,""sample_hz"":20.0,""sample_sequence"":680,""timestamp_us"":9735598912},""fingers"":{""index"":{""has_data"":true,""last_update_ts"":1784118770.7886577,""mapped"":true},""middle"":{""has_data"":true,""last_update_ts"":1784118770.7886577,""mapped"":true},""pinky"":{""has_data"":true,""last_update_ts"":1784118770.7886577,""mapped"":true},""ring"":{""has_data"":true,""last_update_ts"":1784118770.7886577,""mapped"":true},""thumb"":{""has_data"":true,""last_update_ts"":1784118770.7886577,""mapped"":true}},""ports"":{""available"":[""BLE:Dexter""],""unavailable"":[]}}"
1784118770.8479393,1784118770.8478172,682,ble,"{""index"":{""age_s"":0.009157896041870117,""channels"":3,""force"":[-0.2139094463805229,-1.8514000283100023],""has_data"":true,""last_update_ts"":1784118770.8386593,""raw"":[16276,15831,19389]},""middle"":{""age_s"":0.009157896041870117,""channels"":3,""force"":[-1.0104216995322766,0.25754747807999756],""has_data"":true,""last_update_ts"":1784118770.8386593,""raw"":[17107,15005,15592]},""pinky"":{""age_s"":0.009157896041870117,""channels"":3,""force"":[-1.0243618657008948,-0.7418366475300013],""has_data"":true,""last_update_ts"":1784118770.8386593,""raw"":[17423,15292,17694]},""ring"":{""age_s"":0.009157896041870117,""channels"":3,""force"":[0.2816874956831228,0.2614328926199976],""has_data"":true,""last_update_ts"":1784118770.8386593,""raw"":[15807,16393,15629]},""thumb"":{""age_s"":0.009157896041870117,""channels"":3,""force"":[0.0,-2.220446049250313e-16],""has_data"":true,""last_update_ts"":1784118770.8386593,""raw"":[0,0,0]}}","{""ble"":{""connection_state"":""connected"",""counter"":994048,""finger_order"":""DexterController.Visualizer"",""last_error"":null,""last_sample_age_s"":0.009181533998344094,""reconnect_count"":0,""sample_hz"":20.0,""sample_sequence"":681,""timestamp_us"":9735645888},""fingers"":{""index"":{""has_data"":true,""last_update_ts"":1784118770.8386593,""mapped"":true},""middle"":{""has_data"":true,""last_update_ts"":1784118770.8386593,""mapped"":true},""pinky"":{""has_data"":true,""last_update_ts"":1784118770.8386593,""mapped"":true},""ring"":{""has_data"":true,""last_update_ts"":1784118770.8386593,""mapped"":true},""thumb"":{""has_data"":true,""last_update_ts"":1784118770.8386593,""mapped"":true}},""ports"":{""available"":[""BLE:Dexter""],""unavailable"":[]}}"
1784118770.897937,1784118770.8978188,683,ble,"{""index"":{""age_s"":0.00917506217956543,""channels"":3,""force"":[-0.22256196331277422,-1.668785544930004],""has_data"":true,""last_update_ts"":1784118770.8886437,""raw"":[16390,15927,19165]},""middle"":{""age_s"":0.00917506217956543,""channels"":3,""force"":[-1.030130210322394,-0.013043891670001528],""has_data"":true,""last_update_ts"":1784118770.8886437,""raw"":[16979,14836,15931]},""pinky"":{""age_s"":0.00917506217956543,""channels"":3,""force"":[-1.0219583887752748,-0.7426692363600003],""has_data"":true,""last_update_ts"":1784118770.8886437,""raw"":[17417,15291,17692]},""ring"":{""age_s"":0.00917506217956543,""channels"":3,""force"":[0.2739963695211234,0.25366206353999665],""has_data"":true,""last_update_ts"":1784118770.8886437,""raw"":[15800,16370,15628]},""thumb"":{""age_s"":0.00917506217956543,""channels"":3,""force"":[0.0,-2.220446049250313e-16],""has_data"":true,""last_update_ts"":1784118770.8886437,""raw"":[0,0,0]}}","{""ble"":{""connection_state"":""connected"",""counter"":994053,""finger_order"":""DexterController.Visualizer"",""last_error"":null,""last_sample_age_s"":0.009199217995046638,""reconnect_count"":0,""sample_hz"":20.0,""sample_sequence"":682,""timestamp_us"":9735692864},""fingers"":{""index"":{""has_data"":true,""last_update_ts"":1784118770.8886437,""mapped"":true},""middle"":{""has_data"":true,""last_update_ts"":1784118770.8886437,""mapped"":true},""pinky"":{""has_data"":true,""last_update_ts"":1784118770.8886437,""mapped"":true},""ring"":{""has_data"":true,""last_update_ts"":1784118770.8886437,""mapped"":true},""thumb"":{""has_data"":true,""last_update_ts"":1784118770.8886437,""mapped"":true}},""ports"":{""available"":[""BLE:Dexter""],""unavailable"":[]}}"
1784118770.9479268,1784118770.9478161,684,ble,"{""index"":{""age_s"":0.0091552734375,""channels"":3,""force"":[-0.2860137541492431,-1.188659319630001],""has_data"":true,""last_update_ts"":1784118770.9386609,""raw"":[16747,16152,18591]},""middle"":{""age_s"":0.0091552734375,""channels"":3,""force"":[-1.1012731273208622,-0.9732963422700003],""has_data"":true,""last_update_ts"":1784118770.9386609,""raw"":[16496,14205,17104]},""pinky"":{""age_s"":0.0091552734375,""channels"":3,""force"":[-1.0224390841603963,-0.7423917067500012],""has_data"":true,""last_update_ts"":1784118770.9386609,""raw"":[17426,15299,17700]},""ring"":{""age_s"":0.0091552734375,""channels"":3,""force"":[0.2773612372169971,0.2533845339299958],""has_data"":true,""last_update_ts"":1784118770.9386609,""raw"":[15795,16372,15627]},""thumb"":{""age_s"":0.0091552734375,""channels"":3,""force"":[0.0,-2.220446049250313e-16],""has_data"":true,""last_update_ts"":1784118770.9386609,""raw"":[0,0,0]}}","{""ble"":{""connection_state"":""connected"",""counter"":994059,""finger_order"":""DexterController.Visualizer"",""last_error"":null,""last_sample_age_s"":0.009181864006677642,""reconnect_count"":0,""sample_hz"":20.0,""sample_sequence"":683,""timestamp_us"":9735749440},""fingers"":{""index"":{""has_data"":true,""last_update_ts"":1784118770.9386609,""mapped"":true},""middle"":{""has_data"":true,""last_update_ts"":1784118770.9386609,""mapped"":true},""pinky"":{""has_data"":true,""last_update_ts"":1784118770.9386609,""mapped"":true},""ring"":{""has_data"":true,""last_update_ts"":1784118770.9386609,""mapped"":true},""thumb"":{""has_data"":true,""last_update_ts"":1784118770.9386609,""mapped"":true}},""ports"":{""available"":[""BLE:Dexter""],""unavailable"":[]}}"
1784118770.9979959,1784118770.9978654,685,ble,"{""index"":{""age_s"":0.009206056594848633,""channels"":3,""force"":[-0.2980311387773593,-0.846465310500002],""has_data"":true,""last_update_ts"":1784118770.9886594,""raw"":[16998,16378,18213]},""middle"":{""age_s"":0.009206056594848633,""channels"":3,""force"":[-1.573796690898516,-1.4892238872600023],""has_data"":true,""last_update_ts"":1784118770.9886594,""raw"":[16692,13418,17738]},""pinky"":{""age_s"":0.009206056594848633,""channels"":3,""force"":[-1.0214776933901462,-0.7440568844100035],""has_data"":true,""last_update_ts"":1784118770.9886594,""raw"":[17423,15298,17701]},""ring"":{""age_s"":0.009206056594848633,""channels"":3,""force"":[0.28793653568973987,0.2655958367699993],""has_data"":true,""last_update_ts"":1784118770.9886594,""raw"":[15793,16392,15614]},""thumb"":{""age_s"":0.009206056594848633,""channels"":3,""force"":[0.0,-2.220446049250313e-16],""has_data"":true,""last_update_ts"":1784118770.9886594,""raw"":[0,0,0]}}","{""ble"":{""connection_state"":""connected"",""counter"":994064,""finger_order"":""DexterController.Visualizer"",""last_error"":null,""last_sample_age_s"":0.009229488001437858,""reconnect_count"":0,""sample_hz"":20.0,""sample_sequence"":684,""timestamp_us"":9735796544},""fingers"":{""index"":{""has_data"":true,""last_update_ts"":1784118770.9886594,""mapped"":true},""middle"":{""has_data"":true,""last_update_ts"":1784118770.9886594,""mapped"":true},""pinky"":{""has_data"":true,""last_update_ts"":1784118770.9886594,""mapped"":true},""ring"":{""has_data"":true,""last_update_ts"":1784118770.9886594,""mapped"":true},""thumb"":{""has_data"":true,""last_update_ts"":1784118770.9886594,""mapped"":true}},""ports"":{""available"":[""BLE:Dexter""],""unavailable"":[]}}"
1784118771.0479488,1784118771.0478165,686,ble,"{""index"":{""age_s"":0.009157180786132812,""channels"":3,""force"":[-0.44945018509166523,-0.6652384751700033],""has_data"":true,""last_update_ts"":1784118771.0386593,""raw"":[17303,16368,18034]},""middle"":{""age_s"":0.009157180786132812,""channels"":3,""force"":[-2.030938002152178,-1.9241127861299994],""has_data"":true,""last_update_ts"":1784118771.0386593,""raw"":[16916,12691,18270]},""pinky"":{""age_s"":0.009157180786132812,""channels"":3,""force"":[-1.0258039518562718,-0.7421141771400004],""has_data"":true,""last_update_ts"":1784118771.0386593,""raw"":[17424,15290,17694]},""ring"":{""age_s"":0.009157180786132812,""channels"":3,""force"":[0.27447706490624846,0.2572699484699976],""has_data"":true,""last_update_ts"":1784118771.0386593,""raw"":[15799,16370,15621]},""thumb"":{""age_s"":0.009157180786132812,""channels"":3,""force"":[0.0,-2.220446049250313e-16],""has_data"":true,""last_update_ts"":1784118771.0386593,""raw"":[0,0,0]}}","{""ble"":{""connection_state"":""connected"",""counter"":994069,""finger_order"":""DexterController.Visualizer"",""last_error"":null,""last_sample_age_s"":0.009181733999866992,""reconnect_count"":0,""sample_hz"":20.0,""sample_sequence"":685,""timestamp_us"":9735843456},""fingers"":{""index"":{""has_data"":true,""last_update_ts"":1784118771.0386593,""mapped"":true},""middle"":{""has_data"":true,""last_update_ts"":1784118771.0386593,""mapped"":true},""pinky"":{""has_data"":true,""last_update_ts"":1784118771.0386593,""mapped"":true},""ring"":{""has_data"":true,""last_update_ts"":1784118771.0386593,""mapped"":true},""thumb"":{""has_data"":true,""last_update_ts"":1784118771.0386593,""mapped"":true}},""ports"":{""available"":[""BLE:Dexter""],""unavailable"":[]}}"
1784118771.097931,1784118771.0978165,687,ble,"{""index"":{""age_s"":0.009158611297607422,""channels"":3,""force"":[-0.6080796621828384,-0.43988443185000037],""has_data"":true,""last_update_ts"":1784118771.0886579,""raw"":[17662,16397,17822]},""middle"":{""age_s"":0.009158611297607422,""channels"":3,""force"":[-2.6409404458755166,-2.250210077880003],""has_data"":true,""last_update_ts"":1784118771.0886579,""raw"":[17373,11879,18680]},""pinky"":{""age_s"":0.009158611297607422,""channels"":3,""force"":[-0.430703065071798,-0.4545935011800015],""has_data"":true,""last_update_ts"":1784118771.0886579,""raw"":[17251,16355,17622]},""ring"":{""age_s"":0.009158611297607422,""channels"":3,""force"":[0.29706974800711095,0.3852110986799975],""has_data"":true,""last_update_ts"":1784118771.0886579,""raw"":[15777,16395,15392]},""thumb"":{""age_s"":0.009158611297607422,""channels"":3,""force"":[0.0,-2.220446049250313e-16],""has_data"":true,""last_update_ts"":1784118771.0886579,""raw"":[0,0,0]}}","{""ble"":{""connection_state"":""connected"",""counter"":994075,""finger_order"":""DexterController.Visualizer"",""last_error"":null,""last_sample_age_s"":0.009183346992358565,""reconnect_count"":0,""sample_hz"":20.0,""sample_sequence"":686,""timestamp_us"":9735899808},""fingers"":{""index"":{""has_data"":true,""last_update_ts"":1784118771.0886579,""mapped"":true},""middle"":{""has_data"":true,""last_update_ts"":1784118771.0886579,""mapped"":true},""pinky"":{""has_data"":true,""last_update_ts"":1784118771.0886579,""mapped"":true},""ring"":{""has_data"":true,""last_update_ts"":1784118771.0886579,""mapped"":true},""thumb"":{""has_data"":true,""last_update_ts"":1784118771.0886579,""mapped"":true}},""ports"":{""available"":[""BLE:Dexter""],""unavailable"":[]}}"
1784118771.1479478,1784118771.1478162,688,ble,"{""index"":{""age_s"":0.009158849716186523,""channels"":3,""force"":[-0.888805767095711,-0.32332199565000064],""has_data"":true,""last_update_ts"":1784118771.1386573,""raw"":[18075,16226,17733]},""middle"":{""age_s"":0.009158849716186523,""channels"":3,""force"":[-2.9437785385041275,-2.4117323109000006],""has_data"":true,""last_update_ts"":1784118771.1386573,""raw"":[17631,11507,18914]},""pinky"":{""age_s"":0.009158849716186523,""channels"":3,""force"":[-1.0262846472413951,-0.7435018251900019],""has_data"":true,""last_update_ts"":1784118771.1386573,""raw"":[17426,15291,17698]},""ring"":{""age_s"":0.009158849716186523,""channels"":3,""force"":[0.27688054183187205,0.251996885879997],""has_data"":true,""last_update_ts"":1784118771.1386573,""raw"":[15794,16370,15628]},""thumb"":{""age_s"":0.009158849716186523,""channels"":3,""force"":[0.0,-2.220446049250313e-16],""has_data"":true,""last_update_ts"":1784118771.1386573,""raw"":[0,0,0]}}","{""ble"":{""connection_state"":""connected"",""counter"":994080,""finger_order"":""DexterController.Visualizer"",""last_error"":null,""last_sample_age_s"":0.00918292700953316,""reconnect_count"":0,""sample_hz"":20.0,""sample_sequence"":687,""timestamp_us"":9735946816},""fingers"":{""index"":{""has_data"":true,""last_update_ts"":1784118771.1386573,""mapped"":true},""middle"":{""has_data"":true,""last_update_ts"":1784118771.1386573,""mapped"":true},""pinky"":{""has_data"":true,""last_update_ts"":1784118771.1386573,""mapped"":true},""ring"":{""has_data"":true,""last_update_ts"":1784118771.1386573,""mapped"":true},""thumb"":{""has_data"":true,""last_update_ts"":1784118771.1386573,""mapped"":true}},""ports"":{""available"":[""BLE:Dexter""],""unavailable"":[]}}"
1784118771.1979482,1784118771.1978161,689,ble,"{""index"":{""age_s"":0.009156942367553711,""channels"":3,""force"":[-1.5276499339265381,-0.3102781039800018],""has_data"":true,""last_update_ts"":1784118771.1886592,""raw"":[18818,15640,17788]},""middle"":{""age_s"":0.009156942367553711,""channels"":3,""force"":[-3.112502618682921,-2.556325237710001],""has_data"":true,""last_update_ts"":1784118771.1886592,""raw"":[17690,11215,19058]},""pinky"":{""age_s"":0.009156942367553711,""channels"":3,""force"":[-1.0224390841603963,-0.7484973581700034],""has_data"":true,""last_update_ts"":1784118771.1886592,""raw"":[17423,15296,17708]},""ring"":{""age_s"":0.009156942367553711,""channels"":3,""force"":[0.27495776029137,0.25532724119999894],""has_data"":true,""last_update_ts"":1784118771.1886592,""raw"":[15797,16369,15623]},""thumb"":{""age_s"":0.009156942367553711,""channels"":3,""force"":[0.0,-2.220446049250313e-16],""has_data"":true,""last_update_ts"":1784118771.1886592,""raw"":[0,0,0]}}","{""ble"":{""connection_state"":""connected"",""counter"":994085,""finger_order"":""DexterController.Visualizer"",""last_error"":null,""last_sample_age_s"":0.009180391993140802,""reconnect_count"":0,""sample_hz"":20.0,""sample_sequence"":688,""timestamp_us"":9735993824},""fingers"":{""index"":{""has_data"":true,""last_update_ts"":1784118771.1886592,""mapped"":true},""middle"":{""has_data"":true,""last_update_ts"":1784118771.1886592,""mapped"":true},""pinky"":{""has_data"":true,""last_update_ts"":1784118771.1886592,""mapped"":true},""ring"":{""has_data"":true,""last_update_ts"":1784118771.1886592,""mapped"":true},""thumb"":{""has_data"":true,""last_update_ts"":1784118771.1886592,""mapped"":true}},""ports"":{""available"":[""BLE:Dexter""],""unavailable"":[]}}"
1784118771.2479472,1784118771.2478158,690,ble,"{""index"":{""age_s"":0.009156942367553711,""channels"":3,""force"":[-1.8963432943172407,-0.3560704896300031],""has_data"":true,""last_update_ts"":1784118771.238659,""raw"":[19159,15214,17828]},""middle"":{""age_s"":0.009156942367553711,""channels"":3,""force"":[-3.2475780219029833,-2.609333393220002],""has_data"":true,""last_update_ts"":1784118771.238659,""raw"":[17807,11051,19130]},""pinky"":{""age_s"":0.009156942367553711,""channels"":3,""force"":[-1.0248425610860217,-0.747109710120001],""has_data"":true,""last_update_ts"":1784118771.238659,""raw"":[17420,15288,17700]},""ring"":{""age_s"":0.009156942367553711,""channels"":3,""force"":[0.2735156741359983,0.2528294747099986],""has_data"":true,""last_update_ts"":1784118771.238659,""raw"":[15803,16372,15632]},""thumb"":{""age_s"":0.009156942367553711,""channels"":3,""force"":[0.0,-2.220446049250313e-16],""has_data"":true,""last_update_ts"":1784118771.238659,""raw"":[0,0,0]}}","{""ble"":{""connection_state"":""connected"",""counter"":994091,""finger_order"":""DexterController.Visualizer"",""last_error"":null,""last_sample_age_s"":0.009182585999951698,""reconnect_count"":0,""sample_hz"":20.0,""sample_sequence"":689,""timestamp_us"":9736050048},""fingers"":{""index"":{""has_data"":true,""last_update_ts"":1784118771.238659,""mapped"":true},""middle"":{""has_data"":true,""last_update_ts"":1784118771.238659,""mapped"":true},""pinky"":{""has_data"":true,""last_update_ts"":1784118771.238659,""mapped"":true},""ring"":{""has_data"":true,""last_update_ts"":1784118771.238659,""mapped"":true},""thumb"":{""has_data"":true,""last_update_ts"":1784118771.238659,""mapped"":true}},""ports"":{""available"":[""BLE:Dexter""],""unavailable"":[]}}"
1784118771.2979376,1784118771.297816,691,ble,"{""index"":{""age_s"":0.009157657623291016,""channels"":3,""force"":[-2.156399497669746,-0.28308020219999896],""has_data"":true,""last_update_ts"":1784118771.2886584,""raw"":[19506,15020,17773]},""middle"":{""age_s"":0.009157657623291016,""channels"":3,""force"":[-3.4071688897644092,-2.71257440814],""has_data"":true,""last_update_ts"":1784118771.2886584,""raw"":[17928,10840,19271]},""pinky"":{""age_s"":0.009157657623291016,""channels"":3,""force"":[-1.0229197795455214,-0.7426692363600029],""has_data"":true,""last_update_ts"":1784118771.2886584,""raw"":[17423,15295,17697]},""ring"":{""age_s"":0.009157657623291016,""channels"":3,""force"":[0.2768805418318703,0.25643735963999603],""has_data"":true,""last_update_ts"":1784118771.2886584,""raw"":[15798,16374,15624]},""thumb"":{""age_s"":0.009157657623291016,""channels"":3,""force"":[0.0,-2.220446049250313e-16],""has_data"":true,""last_update_ts"":1784118771.2886584,""raw"":[0,0,0]}}","{""ble"":{""connection_state"":""connected"",""counter"":994096,""finger_order"":""DexterController.Visualizer"",""last_error"":null,""last_sample_age_s"":0.009181553992675617,""reconnect_count"":0,""sample_hz"":20.0,""sample_sequence"":690,""timestamp_us"":9736097024},""fingers"":{""index"":{""has_data"":true,""last_update_ts"":1784118771.2886584,""mapped"":true},""middle"":{""has_data"":true,""last_update_ts"":1784118771.2886584,""mapped"":true},""pinky"":{""has_data"":true,""last_update_ts"":1784118771.2886584,""mapped"":true},""ring"":{""has_data"":true,""last_update_ts"":1784118771.2886584,""mapped"":true},""thumb"":{""has_data"":true,""last_update_ts"":1784118771.2886584,""mapped"":true}},""ports"":{""available"":[""BLE:Dexter""],""unavailable"":[]}}"
1784118771.3479335,1784118771.3478158,692,ble,"{""index"":{""age_s"":0.00915670394897461,""channels"":3,""force"":[-2.3164710609162924,-0.3238770548700023],""has_data"":true,""last_update_ts"":1784118771.338659,""raw"":[19657,14838,17831]},""middle"":{""age_s"":0.00915670394897461,""channels"":3,""force"":[-3.5422442929844715,-2.753371260809999],""has_data"":true,""last_update_ts"":1784118771.338659,""raw"":[18053,10684,19329]},""pinky"":{""age_s"":0.00915670394897461,""channels"":3,""force"":[-1.0238811703157733,-0.7459995916800013],""has_data"":true,""last_update_ts"":1784118771.338659,""raw"":[17421,15291,17700]},""ring"":{""age_s"":0.00915670394897461,""channels"":3,""force"":[0.2768805418318703,0.2542171227599965],""has_data"":true,""last_update_ts"":1784118771.338659,""raw"":[15798,16374,15628]},""thumb"":{""age_s"":0.00915670394897461,""channels"":3,""force"":[0.0,-2.220446049250313e-16],""has_data"":true,""last_update_ts"":1784118771.338659,""raw"":[0,0,0]}}","{""ble"":{""connection_state"":""connected"",""counter"":994101,""finger_order"":""DexterController.Visualizer"",""last_error"":null,""last_sample_age_s"":0.009180551991448738,""reconnect_count"":0,""sample_hz"":20.0,""sample_sequence"":691,""timestamp_us"":9736143904},""fingers"":{""index"":{""has_data"":true,""last_update_ts"":1784118771.338659,""mapped"":true},""middle"":{""has_data"":true,""last_update_ts"":1784118771.338659,""mapped"":true},""pinky"":{""has_data"":true,""last_update_ts"":1784118771.338659,""mapped"":true},""ring"":{""has_data"":true,""last_update_ts"":1784118771.338659,""mapped"":true},""thumb"":{""has_data"":true,""last_update_ts"":1784118771.338659,""mapped"":true}},""ports"":{""available"":[""BLE:Dexter""],""unavailable"":[]}}"
1784118771.3979487,1784118771.3978167,693,ble,"{""index"":{""age_s"":0.009157180786132812,""channels"":3,""force"":[-2.200623473101224,-0.34302659796000157],""has_data"":true,""last_update_ts"":1784118771.3886595,""raw"":[19490,14912,17819]},""middle"":{""age_s"":0.009157180786132812,""channels"":3,""force"":[-3.711449068548392,-2.836075084590001],""has_data"":true,""last_update_ts"":1784118771.3886595,""raw"":[18213,10492,19462]},""pinky"":{""age_s"":0.009157180786132812,""channels"":3,""force"":[-1.021477693390148,-0.7484973581700034],""has_data"":true,""last_update_ts"":1784118771.3886595,""raw"":[17419,15294,17705]},""ring"":{""age_s"":0.009157180786132812,""channels"":3,""force"":[0.27543845567649683,0.2550497115899981],""has_data"":true,""last_update_ts"":1784118771.3886595,""raw"":[15799,16372,15626]},""thumb"":{""age_s"":0.009157180786132812,""channels"":3,""force"":[0.0,-2.220446049250313e-16],""has_data"":true,""last_update_ts"":1784118771.3886595,""raw"":[0,0,0]}}","{""ble"":{""connection_state"":""connected"",""counter"":994106,""finger_order"":""DexterController.Visualizer"",""last_error"":null,""last_sample_age_s"":0.009181254004943185,""reconnect_count"":0,""sample_hz"":20.0,""sample_sequence"":692,""timestamp_us"":9736190752},""fingers"":{""index"":{""has_data"":true,""last_update_ts"":1784118771.3886595,""mapped"":true},""middle"":{""has_data"":true,""last_update_ts"":1784118771.3886595,""mapped"":true},""pinky"":{""has_data"":true,""last_update_ts"":1784118771.3886595,""mapped"":true},""ring"":{""has_data"":true,""last_update_ts"":1784118771.3886595,""mapped"":true},""thumb"":{""has_data"":true,""last_update_ts"":1784118771.3886595,""mapped"":true}},""ports"":{""available"":[""BLE:Dexter""],""unavailable"":[]}}"
1784118771.4479485,1784118771.4478164,694,ble,"{""index"":{""age_s"":0.009158611297607422,""channels"":3,""force"":[-2.3001274178220523,-0.3710570885700024],""has_data"":true,""last_update_ts"":1784118771.4386578,""raw"":[19584,14799,17860]},""middle"":{""age_s"":0.009158611297607422,""channels"":3,""force"":[-3.8744048041056915,-2.995099551120002],""has_data"":true,""last_update_ts"":1784118771.4386578,""raw"":[18305,10245,19671]},""pinky"":{""age_s"":0.009158611297607422,""channels"":3,""force"":[-1.0219583887752748,-0.7432242955800001],""has_data"":true,""last_update_ts"":1784118771.4386578,""raw"":[17420,15294,17696]},""ring"":{""age_s"":0.009158611297607422,""channels"":3,""force"":[0.2768805418318703,0.25144182665999715],""has_data"":true,""last_update_ts"":1784118771.4386578,""raw"":[15798,16374,15633]},""thumb"":{""age_s"":0.009158611297607422,""channels"":3,""force"":[0.0,-2.220446049250313e-16],""has_data"":true,""last_update_ts"":1784118771.4386578,""raw"":[0,0,0]}}","{""ble"":{""connection_state"":""connected"",""counter"":994112,""finger_order"":""DexterController.Visualizer"",""last_error"":null,""last_sample_age_s"":0.009183116999338381,""reconnect_count"":0,""sample_hz"":20.0,""sample_sequence"":693,""timestamp_us"":9736247264},""fingers"":{""index"":{""has_data"":true,""last_update_ts"":1784118771.4386578,""mapped"":true},""middle"":{""has_data"":true,""last_update_ts"":1784118771.4386578,""mapped"":true},""pinky"":{""has_data"":true,""last_update_ts"":1784118771.4386578,""mapped"":true},""ring"":{""has_data"":true,""last_update_ts"":1784118771.4386578,""mapped"":true},""thumb"":{""has_data"":true,""last_update_ts"":1784118771.4386578,""mapped"":true}},""ports"":{""available"":[""BLE:Dexter""],""unavailable"":[]}}"
1784118771.4979513,1784118771.497819,695,ble,"{""index"":{""age_s"":0.009160518646240234,""channels"":3,""force"":[-2.295320463970805,-0.2916836201100024],""has_data"":true,""last_update_ts"":1784118771.4886584,""raw"":[19613,14838,17751]},""middle"":{""age_s"":0.009160518646240234,""channels"":3,""force"":[-3.8104723178840967,-2.994266962290002],""has_data"":true,""last_update_ts"":1784118771.4886584,""raw"":[18240,10313,19671]},""pinky"":{""age_s"":0.009160518646240234,""channels"":3,""force"":[-1.0238811703157733,-0.7437793548],""has_data"":true,""last_update_ts"":1784118771.4886584,""raw"":[17424,15294,17699]},""ring"":{""age_s"":0.009160518646240234,""channels"":3,""force"":[0.2759191510616166,0.2531070043199968],""has_data"":true,""last_update_ts"":1784118771.4886584,""raw"":[15797,16371,15628]},""thumb"":{""age_s"":0.009160518646240234,""channels"":3,""force"":[0.0,-2.220446049250313e-16],""has_data"":true,""last_update_ts"":1784118771.4886584,""raw"":[0,0,0]}}","{""ble"":{""connection_state"":""connected"",""counter"":994117,""finger_order"":""DexterController.Visualizer"",""last_error"":null,""last_sample_age_s"":0.009185071001411416,""reconnect_count"":0,""sample_hz"":20.0,""sample_sequence"":694,""timestamp_us"":9736294272},""fingers"":{""index"":{""has_data"":true,""last_update_ts"":1784118771.4886584,""mapped"":true},""middle"":{""has_data"":true,""last_update_ts"":1784118771.4886584,""mapped"":true},""pinky"":{""has_data"":true,""last_update_ts"":1784118771.4886584,""mapped"":true},""ring"":{""has_data"":true,""last_update_ts"":1784118771.4886584,""mapped"":true},""thumb"":{""has_data"":true,""last_update_ts"":1784118771.4886584,""mapped"":true}},""ports"":{""available"":[""BLE:Dexter""],""unavailable"":[]}}"
1784118771.5479426,1784118771.5478115,696,ble,"{""index"":{""age_s"":0.009152412414550781,""channels"":3,""force"":[-2.478946101088468,0.12017032112999981],""has_data"":true,""last_update_ts"":1784118771.538659,""raw"":[20119,14962,17324]},""middle"":{""age_s"":0.009152412414550781,""channels"":3,""force"":[-3.7484626132030003,-3.0533807692200012],""has_data"":true,""last_update_ts"":1784118771.538659,""raw"":[18118,10320,19720]},""pinky"":{""age_s"":0.009152412414550781,""channels"":3,""force"":[-1.0214776933901497,-0.748497358169999],""has_data"":true,""last_update_ts"":1784118771.538659,""raw"":[17417,15292,17703]},""ring"":{""age_s"":0.009152412414550781,""channels"":3,""force"":[0.27447706490624846,0.24949911938999936],""has_data"":true,""last_update_ts"":1784118771.538659,""raw"":[15790,16361,15626]},""thumb"":{""age_s"":0.009152412414550781,""channels"":3,""force"":[0.0,-2.220446049250313e-16],""has_data"":true,""last_update_ts"":1784118771.538659,""raw"":[0,0,0]}}","{""ble"":{""connection_state"":""connected"",""counter"":994122,""finger_order"":""DexterController.Visualizer"",""last_error"":null,""last_sample_age_s"":0.009178497988614254,""reconnect_count"":0,""sample_hz"":20.0,""sample_sequence"":695,""timestamp_us"":9736341312},""fingers"":{""index"":{""has_data"":true,""last_update_ts"":1784118771.538659,""mapped"":true},""middle"":{""has_data"":true,""last_update_ts"":1784118771.538659,""mapped"":true},""pinky"":{""has_data"":true,""last_update_ts"":1784118771.538659,""mapped"":true},""ring"":{""has_data"":true,""last_update_ts"":1784118771.538659,""mapped"":true},""thumb"":{""has_data"":true,""last_update_ts"":1784118771.538659,""mapped"":true}},""ports"":{""available"":[""BLE:Dexter""],""unavailable"":[]}}"
1784118771.5979404,1784118771.597818,697,ble,"{""index"":{""age_s"":0.009159326553344727,""channels"":3,""force"":[-2.6029655104506606,0.4598665637699968],""has_data"":true,""last_update_ts"":1784118771.5886586,""raw"":[20501,15086,16965]},""middle"":{""age_s"":0.009159326553344727,""channels"":3,""force"":[-3.7061614193120196,-3.1632824947800025],""has_data"":true,""last_update_ts"":1784118771.5886586,""raw"":[18012,10302,19856]},""pinky"":{""age_s"":0.009159326553344727,""channels"":3,""force"":[-1.0272460380116435,-0.739061351430002],""has_data"":true,""last_update_ts"":1784118771.5886586,""raw"":[17423,15286,17686]},""ring"":{""age_s"":0.009159326553344727,""channels"":3,""force"":[0.2869751449194915,0.26726101442999717],""has_data"":true,""last_update_ts"":1784118771.5886586,""raw"":[15799,16396,15616]},""thumb"":{""age_s"":0.009159326553344727,""channels"":3,""force"":[0.0,-2.220446049250313e-16],""has_data"":true,""last_update_ts"":1784118771.5886586,""raw"":[0,0,0]}}","{""ble"":{""connection_state"":""connected"",""counter"":994128,""finger_order"":""DexterController.Visualizer"",""last_error"":null,""last_sample_age_s"":0.009183889007545076,""reconnect_count"":0,""sample_hz"":20.0,""sample_sequence"":696,""timestamp_us"":9736397728},""fingers"":{""index"":{""has_data"":true,""last_update_ts"":1784118771.5886586,""mapped"":true},""middle"":{""has_data"":true,""last_update_ts"":1784118771.5886586,""mapped"":true},""pinky"":{""has_data"":true,""last_update_ts"":1784118771.5886586,""mapped"":true},""ring"":{""has_data"":true,""last_update_ts"":1784118771.5886586,""mapped"":true},""thumb"":{""has_data"":true,""last_update_ts"":1784118771.5886586,""mapped"":true}},""ports"":{""available"":[""BLE:Dexter""],""unavailable"":[]}}"
1784118771.647948,1784118771.6478167,698,ble,"{""index"":{""age_s"":0.009157657623291016,""channels"":3,""force"":[-2.5149982549728254,0.4285057178399958],""has_data"":true,""last_update_ts"":1784118771.638659,""raw"":[20369,15137,16981]},""middle"":{""age_s"":0.009157657623291016,""channels"":3,""force"":[-3.6335764161581805,-3.3195316652099986],""has_data"":true,""last_update_ts"":1784118771.638659,""raw"":[17845,10286,20046]},""pinky"":{""age_s"":0.009157657623291016,""channels"":3,""force"":[-1.0282074287818972,-0.746832180510002],""has_data"":true,""last_update_ts"":1784118771.638659,""raw"":[17421,15282,17697]},""ring"":{""age_s"":0.009157657623291016,""channels"":3,""force"":[0.27351567413600186,0.2511642970499972],""has_data"":true,""last_update_ts"":1784118771.638659,""raw"":[15795,16364,15627]},""thumb"":{""age_s"":0.009157657623291016,""channels"":3,""force"":[0.0,-2.220446049250313e-16],""has_data"":true,""last_update_ts"":1784118771.638659,""raw"":[0,0,0]}}","{""ble"":{""connection_state"":""connected"",""counter"":994133,""finger_order"":""DexterController.Visualizer"",""last_error"":null,""last_sample_age_s"":0.00918431900208816,""reconnect_count"":0,""sample_hz"":20.0,""sample_sequence"":697,""timestamp_us"":9736444672},""fingers"":{""index"":{""has_data"":true,""last_update_ts"":1784118771.638659,""mapped"":true},""middle"":{""has_data"":true,""last_update_ts"":1784118771.638659,""mapped"":true},""pinky"":{""has_data"":true,""last_update_ts"":1784118771.638659,""mapped"":true},""ring"":{""has_data"":true,""last_update_ts"":1784118771.638659,""mapped"":true},""thumb"":{""has_data"":true,""last_update_ts"":1784118771.638659,""mapped"":true}},""ports"":{""available"":[""BLE:Dexter""],""unavailable"":[]}}"
1784118771.697949,1784118771.697817,699,ble,"{""index"":{""age_s"":0.009162187576293945,""channels"":3,""force"":[-2.5371102426885646,0.4779059884199963],""has_data"":true,""last_update_ts"":1784118771.688655,""raw"":[20440,15162,16940]},""middle"":{""age_s"":0.009162187576293945,""channels"":3,""force"":[-3.639344760779675,-3.34561944855],""has_data"":true,""last_update_ts"":1784118771.688655,""raw"":[17833,10262,20075]},""pinky"":{""age_s"":0.009162187576293945,""channels"":3,""force"":[-1.022919779545525,-0.7459995916800013],""has_data"":true,""last_update_ts"":1784118771.688655,""raw"":[17417,15289,17697]},""ring"":{""age_s"":0.009162187576293945,""channels"":3,""force"":[0.27447706490624846,0.2561598300299961],""has_data"":true,""last_update_ts"":1784118771.688655,""raw"":[15803,16374,15627]},""thumb"":{""age_s"":0.009162187576293945,""channels"":3,""force"":[0.0,-2.220446049250313e-16],""has_data"":true,""last_update_ts"":1784118771.688655,""raw"":[0,0,0]}}","{""ble"":{""connection_state"":""connected"",""counter"":994138,""finger_order"":""DexterController.Visualizer"",""last_error"":null,""last_sample_age_s"":0.009187785995891318,""reconnect_count"":0,""sample_hz"":20.0,""sample_sequence"":698,""timestamp_us"":9736491744},""fingers"":{""index"":{""has_data"":true,""last_update_ts"":1784118771.688655,""mapped"":true},""middle"":{""has_data"":true,""last_update_ts"":1784118771.688655,""mapped"":true},""pinky"":{""has_data"":true,""last_update_ts"":1784118771.688655,""mapped"":true},""ring"":{""has_data"":true,""last_update_ts"":1784118771.688655,""mapped"":true},""thumb"":{""has_data"":true,""last_update_ts"":1784118771.688655,""mapped"":true}},""ports"":{""available"":[""BLE:Dexter""],""unavailable"":[]}}"
1784118771.7479498,1784118771.747818,700,ble,"{""index"":{""age_s"":0.009159088134765625,""channels"":3,""force"":[-2.492886267257086,0.419069711099997],""has_data"":true,""last_update_ts"":1784118771.738659,""raw"":[20333,15147,16985]},""middle"":{""age_s"":0.009159088134765625,""channels"":3,""force"":[-3.78259198554686,-3.4216625616900034],""has_data"":true,""last_update_ts"":1784118771.738659,""raw"":[17955,10086,20185]},""pinky"":{""age_s"":0.009159088134765625,""channels"":3,""force"":[-1.0195549118496512,-0.746277121290003],""has_data"":true,""last_update_ts"":1784118771.738659,""raw"":[17417,15296,17701]},""ring"":{""age_s"":0.009159088134765625,""channels"":3,""force"":[0.27447706490624846,0.251164297049999],""has_data"":true,""last_update_ts"":1784118771.738659,""raw"":[15799,16370,15632]},""thumb"":{""age_s"":0.009159088134765625,""channels"":3,""force"":[0.0,-2.220446049250313e-16],""has_data"":true,""last_update_ts"":1784118771.738659,""raw"":[0,0,0]}}","{""ble"":{""connection_state"":""connected"",""counter"":994144,""finger_order"":""DexterController.Visualizer"",""last_error"":null,""last_sample_age_s"":0.009185692004393786,""reconnect_count"":0,""sample_hz"":20.0,""sample_sequence"":699,""timestamp_us"":9736548160},""fingers"":{""index"":{""has_data"":true,""last_update_ts"":1784118771.738659,""mapped"":true},""middle"":{""has_data"":true,""last_update_ts"":1784118771.738659,""mapped"":true},""pinky"":{""has_data"":true,""last_update_ts"":1784118771.738659,""mapped"":true},""ring"":{""has_data"":true,""last_update_ts"":1784118771.738659,""mapped"":true},""thumb"":{""has_data"":true,""last_update_ts"":1784118771.738659,""mapped"":true}},""ports"":{""available"":[""BLE:Dexter""],""unavailable"":[]}}"
1784118771.7979512,1784118771.7978172,701,ble,"{""index"":{""age_s"":0.009158134460449219,""channels"":3,""force"":[-2.5765272642687957,0.39520216463999613],""has_data"":true,""last_update_ts"":1784118771.788659,""raw"":[20406,15046,17014]},""middle"":{""age_s"":0.009158134460449219,""channels"":3,""force"":[-3.7700939055336162,-3.4072310219700013],""has_data"":true,""last_update_ts"":1784118771.788659,""raw"":[17936,10093,20153]},""pinky"":{""age_s"":0.009158134460449219,""channels"":3,""force"":[-1.023881170315775,-0.7376737033800005],""has_data"":true,""last_update_ts"":1784118771.788659,""raw"":[17425,15295,17689]},""ring"":{""age_s"":0.009158134460449219,""channels"":3,""force"":[0.2898593172302384,0.2617104222299984],""has_data"":true,""last_update_ts"":1784118771.788659,""raw"":[15793,16396,15623]},""thumb"":{""age_s"":0.009158134460449219,""channels"":3,""force"":[0.0,-2.220446049250313e-16],""has_data"":true,""last_update_ts"":1784118771.788659,""raw"":[0,0,0]}}","{""ble"":{""connection_state"":""connected"",""counter"":994149,""finger_order"":""DexterController.Visualizer"",""last_error"":null,""last_sample_age_s"":0.009186041992506944,""reconnect_count"":0,""sample_hz"":20.0,""sample_sequence"":700,""timestamp_us"":9736595200},""fingers"":{""index"":{""has_data"":true,""last_update_ts"":1784118771.788659,""mapped"":true},""middle"":{""has_data"":true,""last_update_ts"":1784118771.788659,""mapped"":true},""pinky"":{""has_data"":true,""last_update_ts"":1784118771.788659,""mapped"":true},""ring"":{""has_data"":true,""last_update_ts"":1784118771.788659,""mapped"":true},""thumb"":{""has_data"":true,""last_update_ts"":1784118771.788659,""mapped"":true}},""ports"":{""available"":[""BLE:Dexter""],""unavailable"":[]}}"
1784118771.8479304,1784118771.847817,702,ble,"{""index"":{""age_s"":0.009157419204711914,""channels"":3,""force"":[-2.5601836211745557,0.3729997958399984],""has_data"":true,""last_update_ts"":1784118771.8386595,""raw"":[20374,15048,17039]},""middle"":{""age_s"":0.009157419204711914,""channels"":3,""force"":[-3.6854915177516547,-3.3944646599100015],""has_data"":true,""last_update_ts"":1784118771.8386595,""raw"":[17846,10179,20128]},""pinky"":{""age_s"":0.009157419204711914,""channels"":3,""force"":[-1.0214776933901462,-0.7484973581700043],""has_data"":true,""last_update_ts"":1784118771.8386595,""raw"":[17415,15290,17701]},""ring"":{""age_s"":0.009157419204711914,""channels"":3,""force"":[0.27303497875087146,0.25088676743999816],""has_data"":true,""last_update_ts"":1784118771.8386595,""raw"":[15797,16365,15629]},""thumb"":{""age_s"":0.009157419204711914,""channels"":3,""force"":[0.0,-2.220446049250313e-16],""has_data"":true,""last_update_ts"":1784118771.8386595,""raw"":[0,0,0]}}","{""ble"":{""connection_state"":""connected"",""counter"":994154,""finger_order"":""DexterController.Visualizer"",""last_error"":null,""last_sample_age_s"":0.009182825990137644,""reconnect_count"":0,""sample_hz"":20.0,""sample_sequence"":701,""timestamp_us"":9736642272},""fingers"":{""index"":{""has_data"":true,""last_update_ts"":1784118771.8386595,""mapped"":true},""middle"":{""has_data"":true,""last_update_ts"":1784118771.8386595,""mapped"":true},""pinky"":{""has_data"":true,""last_update_ts"":1784118771.8386595,""mapped"":true},""ring"":{""has_data"":true,""last_update_ts"":1784118771.8386595,""mapped"":true},""thumb"":{""has_data"":true,""last_update_ts"":1784118771.8386595,""mapped"":true}},""ports"":{""available"":[""BLE:Dexter""],""unavailable"":[]}}"
1784118771.8979414,1784118771.8978176,703,ble,"{""index"":{""age_s"":0.009158849716186523,""channels"":3,""force"":[-2.5246121626753215,0.4534833827399991],""has_data"":true,""last_update_ts"":1784118771.8886588,""raw"":[20384,15132,16941]},""middle"":{""age_s"":0.009158849716186523,""channels"":3,""force"":[-3.6032926068953195,-3.1444104813000004],""has_data"":true,""last_update_ts"":1784118771.8886588,""raw"":[17820,10324,19737]},""pinky"":{""age_s"":0.009158849716186523,""channels"":3,""force"":[-0.15045765554405577,-0.3105556335900017],""has_data"":true,""last_update_ts"":1784118771.8886588,""raw"":[17184,16871,17587]},""ring"":{""age_s"":0.009158849716186523,""channels"":3,""force"":[0.32735355726997106,0.4354439580899978],""has_data"":true,""last_update_ts"":1784118771.8886588,""raw"":[15744,16425,15300]},""thumb"":{""age_s"":0.009158849716186523,""channels"":3,""force"":[0.0,-2.220446049250313e-16],""has_data"":true,""last_update_ts"":1784118771.8886588,""raw"":[0,0,0]}}","{""ble"":{""connection_state"":""connected"",""counter"":994160,""finger_order"":""DexterController.Visualizer"",""last_error"":null,""last_sample_age_s"":0.009183757996652275,""reconnect_count"":0,""sample_hz"":20.0,""sample_sequence"":702,""timestamp_us"":9736698784},""fingers"":{""index"":{""has_data"":true,""last_update_ts"":1784118771.8886588,""mapped"":true},""middle"":{""has_data"":true,""last_update_ts"":1784118771.8886588,""mapped"":true},""pinky"":{""has_data"":true,""last_update_ts"":1784118771.8886588,""mapped"":true},""ring"":{""has_data"":true,""last_update_ts"":1784118771.8886588,""mapped"":true},""thumb"":{""has_data"":true,""last_update_ts"":1784118771.8886588,""mapped"":true}},""ports"":{""available"":[""BLE:Dexter""],""unavailable"":[]}}"
1784118771.9479973,1784118771.947815,704,ble,"{""index"":{""age_s"":0.0090484619140625,""channels"":3,""force"":[-2.435683516427236,0.5225882556299979],""has_data"":true,""last_update_ts"":1784118771.9387665,""raw"":[20363,15296,16888]},""middle"":{""age_s"":0.0090484619140625,""channels"":3,""force"":[-3.5196516098836046,-3.1044462174600005],""has_data"":true,""last_update_ts"":1784118771.9387665,""raw"":[17814,10492,19746]},""pinky"":{""age_s"":0.0090484619140625,""channels"":3,""force"":[-1.0219583887752712,-0.7459995916800004],""has_data"":true,""last_update_ts"":1784118771.9387665,""raw"":[17418,15292,17699]},""ring"":{""age_s"":0.0090484619140625,""channels"":3,""force"":[0.2797647141426225,0.25643735963999603],""has_data"":true,""last_update_ts"":1784118771.9387665,""raw"":[15795,16377,15624]},""thumb"":{""age_s"":0.0090484619140625,""channels"":3,""force"":[0.0,-2.220446049250313e-16],""has_data"":true,""last_update_ts"":1784118771.9387665,""raw"":[0,0,0]}}","{""ble"":{""connection_state"":""connected"",""counter"":994165,""finger_order"":""DexterController.Visualizer"",""last_error"":null,""last_sample_age_s"":0.009080563992029056,""reconnect_count"":0,""sample_hz"":20.0,""sample_sequence"":703,""timestamp_us"":9736745632},""fingers"":{""index"":{""has_data"":true,""last_update_ts"":1784118771.9387665,""mapped"":true},""middle"":{""has_data"":true,""last_update_ts"":1784118771.9387665,""mapped"":true},""pinky"":{""has_data"":true,""last_update_ts"":1784118771.9387665,""mapped"":true},""ring"":{""has_data"":true,""last_update_ts"":1784118771.9387665,""mapped"":true},""thumb"":{""has_data"":true,""last_update_ts"":1784118771.9387665,""mapped"":true}},""ports"":{""available"":[""BLE:Dexter""],""unavailable"":[]}}"
1784118771.9979506,1784118771.9978173,705,ble,"{""index"":{""age_s"":0.009157896041870117,""channels"":3,""force"":[-2.3525232148006516,0.5755964111399958],""has_data"":true,""last_update_ts"":1784118771.9886594,""raw"":[20309,15415,16825]},""middle"":{""age_s"":0.009157896041870117,""channels"":3,""force"":[-3.4610067728983847,-2.98011295218],""has_data"":true,""last_update_ts"":1784118771.9886594,""raw"":[17817,10617,19586]},""pinky"":{""age_s"":0.009157896041870117,""channels"":3,""force"":[-1.0224390841603963,-0.7468321805100038],""has_data"":true,""last_update_ts"":1784118771.9886594,""raw"":[17419,15292,17701]},""ring"":{""age_s"":0.009157896041870117,""channels"":3,""force"":[0.27543845567649505,0.25171935626999886],""has_data"":true,""last_update_ts"":1784118771.9886594,""raw"":[15793,16366,15626]},""thumb"":{""age_s"":0.009157896041870117,""channels"":3,""force"":[0.0,-2.220446049250313e-16],""has_data"":true,""last_update_ts"":1784118771.9886594,""raw"":[0,0,0]}}","{""ble"":{""connection_state"":""connected"",""counter"":994170,""finger_order"":""DexterController.Visualizer"",""last_error"":null,""last_sample_age_s"":0.009182256006170064,""reconnect_count"":0,""sample_hz"":20.0,""sample_sequence"":704,""timestamp_us"":9736792704},""fingers"":{""index"":{""has_data"":true,""last_update_ts"":1784118771.9886594,""mapped"":true},""middle"":{""has_data"":true,""last_update_ts"":1784118771.9886594,""mapped"":true},""pinky"":{""has_data"":true,""last_update_ts"":1784118771.9886594,""mapped"":true},""ring"":{""has_data"":true,""last_update_ts"":1784118771.9886594,""mapped"":true},""thumb"":{""has_data"":true,""last_update_ts"":1784118771.9886594,""mapped"":true}},""ports"":{""available"":[""BLE:Dexter""],""unavailable"":[]}}"
1784118772.0479524,1784118772.0478177,706,ble,"{""index"":{""age_s"":0.009159326553344727,""channels"":3,""force"":[-2.2111987715739687,0.5678255820600002],""has_data"":true,""last_update_ts"":1784118772.0386584,""raw"":[20146,15546,16823]},""middle"":{""age_s"":0.009159326553344727,""channels"":3,""force"":[-3.371597431265176,-2.9806680114000015],""has_data"":true,""last_update_ts"":1784118772.0386584,""raw"":[17737,10723,19600]},""pinky"":{""age_s"":0.009159326553344727,""channels"":3,""force"":[-1.0209969980050229,-0.7443344140200026],""has_data"":true,""last_update_ts"":1784118772.0386584,""raw"":[17419,15295,17698]},""ring"":{""age_s"":0.009159326553344727,""channels"":3,""force"":[0.2768805418318703,0.25588230041999793],""has_data"":true,""last_update_ts"":1784118772.0386584,""raw"":[15796,16372,15623]},""thumb"":{""age_s"":0.009159326553344727,""channels"":3,""force"":[0.0,-2.220446049250313e-16],""has_data"":true,""last_update_ts"":1784118772.0386584,""raw"":[0,0,0]}}","{""ble"":{""connection_state"":""connected"",""counter"":994176,""finger_order"":""DexterController.Visualizer"",""last_error"":null,""last_sample_age_s"":0.009183486996334977,""reconnect_count"":0,""sample_hz"":20.0,""sample_sequence"":705,""timestamp_us"":9736849248},""fingers"":{""index"":{""has_data"":true,""last_update_ts"":1784118772.0386584,""mapped"":true},""middle"":{""has_data"":true,""last_update_ts"":1784118772.0386584,""mapped"":true},""pinky"":{""has_data"":true,""last_update_ts"":1784118772.0386584,""mapped"":true},""ring"":{""has_data"":true,""last_update_ts"":1784118772.0386584,""mapped"":true},""thumb"":{""has_data"":true,""last_update_ts"":1784118772.0386584,""mapped"":true}},""ports"":{""available"":[""BLE:Dexter""],""unavailable"":[]}}"
1784118772.097929,1784118772.097817,707,ble,"{""index"":{""age_s"":0.009157896041870117,""channels"":3,""force"":[-2.1544767161292437,0.517870252259998],""has_data"":true,""last_update_ts"":1784118772.088659,""raw"":[20037,15555,16863]},""middle"":{""age_s"":0.009157896041870117,""channels"":3,""force"":[-3.2994931234964575,-2.974007300760002],""has_data"":true,""last_update_ts"":1784118772.088659,""raw"":[17658,10794,19584]},""pinky"":{""age_s"":0.009157896041870117,""channels"":3,""force"":[-1.0258039518562718,-0.7465546508999994],""has_data"":true,""last_update_ts"":1784118772.088659,""raw"":[17421,15287,17699]},""ring"":{""age_s"":0.009157896041870117,""channels"":3,""force"":[0.2735156741359983,0.25449465236999824],""has_data"":true,""last_update_ts"":1784118772.088659,""raw"":[15799,16368,15625]},""thumb"":{""age_s"":0.009157896041870117,""channels"":3,""force"":[0.0,-2.220446049250313e-16],""has_data"":true,""last_update_ts"":1784118772.088659,""raw"":[0,0,0]}}","{""ble"":{""connection_state"":""connected"",""counter"":994181,""finger_order"":""DexterController.Visualizer"",""last_error"":null,""last_sample_age_s"":0.009182836001855321,""reconnect_count"":0,""sample_hz"":20.0,""sample_sequence"":706,""timestamp_us"":9736896224},""fingers"":{""index"":{""has_data"":true,""last_update_ts"":1784118772.088659,""mapped"":true},""middle"":{""has_data"":true,""last_update_ts"":1784118772.088659,""mapped"":true},""pinky"":{""has_data"":true,""last_update_ts"":1784118772.088659,""mapped"":true},""ring"":{""has_data"":true,""last_update_ts"":1784118772.088659,""mapped"":true},""thumb"":{""has_data"":true,""last_update_ts"":1784118772.088659,""mapped"":true}},""ports"":{""available"":[""BLE:Dexter""],""unavailable"":[]}}"
1784118772.147949,1784118772.1478145,708,ble,"{""index"":{""age_s"":0.0091552734375,""channels"":3,""force"":[-2.0963125745291453,0.5009409460500001],""has_data"":true,""last_update_ts"":1784118772.1386592,""raw"":[19964,15603,16881]},""middle"":{""age_s"":0.0091552734375,""channels"":3,""force"":[-3.267286532693097,-2.966514001290002],""has_data"":true,""last_update_ts"":1784118772.1386592,""raw"":[17629,10832,19575]},""pinky"":{""age_s"":0.0091552734375,""channels"":3,""force"":[-1.0224390841603963,-0.7468321805100002],""has_data"":true,""last_update_ts"":1784118772.1386592,""raw"":[17414,15287,17696]},""ring"":{""age_s"":0.0091552734375,""channels"":3,""force"":[0.2763998464467434,0.25449465236999735],""has_data"":true,""last_update_ts"":1784118772.1386592,""raw"":[15796,16371,15625]},""thumb"":{""age_s"":0.0091552734375,""channels"":3,""force"":[0.0,-2.220446049250313e-16],""has_data"":true,""last_update_ts"":1784118772.1386592,""raw"":[0,0,0]}}","{""ble"":{""connection_state"":""connected"",""counter"":994186,""finger_order"":""DexterController.Visualizer"",""last_error"":null,""last_sample_age_s"":0.009179770000628196,""reconnect_count"":0,""sample_hz"":20.0,""sample_sequence"":707,""timestamp_us"":9736943136},""fingers"":{""index"":{""has_data"":true,""last_update_ts"":1784118772.1386592,""mapped"":true},""middle"":{""has_data"":true,""last_update_ts"":1784118772.1386592,""mapped"":true},""pinky"":{""has_data"":true,""last_update_ts"":1784118772.1386592,""mapped"":true},""ring"":{""has_data"":true,""last_update_ts"":1784118772.1386592,""mapped"":true},""thumb"":{""has_data"":true,""last_update_ts"":1784118772.1386592,""mapped"":true}},""ports"":{""available"":[""BLE:Dexter""],""unavailable"":[]}}"
1784118772.1979406,1784118772.1978166,709,ble,"{""index"":{""age_s"":0.009157657623291016,""channels"":3,""force"":[-1.9064378974048601,0.44626761287999983],""has_data"":true,""last_update_ts"":1784118772.188659,""raw"":[19672,15706,16885]},""middle"":{""age_s"":0.009157657623291016,""channels"":3,""force"":[-3.143267123330907,-2.799996235289999],""has_data"":true,""last_update_ts"":1784118772.188659,""raw"":[17457,10918,19232]},""pinky"":{""age_s"":0.009157657623291016,""channels"":3,""force"":[1.2517307828649162,0.3358108280999996],""has_data"":true,""last_update_ts"":1784118772.188659,""raw"":[16709,19313,17406]},""ring"":{""age_s"":0.009157657623291016,""channels"":3,""force"":[0.3393709418980908,0.7160263937999991],""has_data"":true,""last_update_ts"":1784118772.188659,""raw"":[15727,16433,14790]},""thumb"":{""age_s"":0.009157657623291016,""channels"":3,""force"":[0.0,-2.220446049250313e-16],""has_data"":true,""last_update_ts"":1784118772.188659,""raw"":[0,0,0]}}","{""ble"":{""connection_state"":""connected"",""counter"":994192,""finger_order"":""DexterController.Visualizer"",""last_error"":null,""last_sample_age_s"":0.009182136011077091,""reconnect_count"":0,""sample_hz"":20.0,""sample_sequence"":708,""timestamp_us"":9736999744},""fingers"":{""index"":{""has_data"":true,""last_update_ts"":1784118772.188659,""mapped"":true},""middle"":{""has_data"":true,""last_update_ts"":1784118772.188659,""mapped"":true},""pinky"":{""has_data"":true,""last_update_ts"":1784118772.188659,""mapped"":true},""ring"":{""has_data"":true,""last_update_ts"":1784118772.188659,""mapped"":true},""thumb"":{""has_data"":true,""last_update_ts"":1784118772.188659,""mapped"":true}},""ports"":{""available"":[""BLE:Dexter""],""unavailable"":[]}}"
1784118772.2479358,1784118772.2478037,710,ble,"{""index"":{""age_s"":0.009144067764282227,""channels"":3,""force"":[-1.5536074847232726,0.438496783799998],""has_data"":true,""last_update_ts"":1784118772.2386596,""raw"":[19300,16068,16894]},""middle"":{""age_s"":0.009144067764282227,""channels"":3,""force"":[-2.975023738537237,-2.604060330630001],""has_data"":true,""last_update_ts"":1784118772.2386596,""raw"":[17531,11342,19128]},""pinky"":{""age_s"":0.009144067764282227,""channels"":3,""force"":[-1.0229197795455214,-0.7454445324600005],""has_data"":true,""last_update_ts"":1784118772.2386596,""raw"":[17416,15288,17695]},""ring"":{""age_s"":0.009144067764282227,""channels"":3,""force"":[0.2763998464467434,0.2556047708099971],""has_data"":true,""last_update_ts"":1784118772.2386596,""raw"":[15797,16372,15624]},""thumb"":{""age_s"":0.009144067764282227,""channels"":3,""force"":[0.0,-2.220446049250313e-16],""has_data"":true,""last_update_ts"":1784118772.2386596,""raw"":[0,0,0]}}","{""ble"":{""connection_state"":""connected"",""counter"":994197,""finger_order"":""DexterController.Visualizer"",""last_error"":null,""last_sample_age_s"":0.009168368007522076,""reconnect_count"":0,""sample_hz"":20.0,""sample_sequence"":709,""timestamp_us"":9737046816},""fingers"":{""index"":{""has_data"":true,""last_update_ts"":1784118772.2386596,""mapped"":true},""middle"":{""has_data"":true,""last_update_ts"":1784118772.2386596,""mapped"":true},""pinky"":{""has_data"":true,""last_update_ts"":1784118772.2386596,""mapped"":true},""ring"":{""has_data"":true,""last_update_ts"":1784118772.2386596,""mapped"":true},""thumb"":{""has_data"":true,""last_update_ts"":1784118772.2386596,""mapped"":true}},""ports"":{""available"":[""BLE:Dexter""],""unavailable"":[]}}"
1784118772.2979264,1784118772.297804,711,ble,"{""index"":{""age_s"":0.009145498275756836,""channels"":3,""force"":[-1.1719353489342001,0.28252514298],""has_data"":true,""last_update_ts"":1784118772.2886586,""raw"":[18761,16323,17033]},""middle"":{""age_s"":0.009145498275756836,""channels"":3,""force"":[-2.7250621382723548,-2.259368555010001],""has_data"":true,""last_update_ts"":1784118772.2886586,""raw"":[17451,11782,18687]},""pinky"":{""age_s"":0.009145498275756836,""channels"":3,""force"":[-1.022919779545525,-0.7476647693400009],""has_data"":true,""last_update_ts"":1784118772.2886586,""raw"":[17417,15289,17700]},""ring"":{""age_s"":0.009145498275756836,""channels"":3,""force"":[0.2778419326021204,0.2525519450999987],""has_data"":true,""last_update_ts"":1784118772.2886586,""raw"":[15792,16370,15626]},""thumb"":{""age_s"":0.009145498275756836,""channels"":3,""force"":[0.0,-2.220446049250313e-16],""has_data"":true,""last_update_ts"":1784118772.2886586,""raw"":[0,0,0]}}","{""ble"":{""connection_state"":""connected"",""counter"":994202,""finger_order"":""DexterController.Visualizer"",""last_error"":null,""last_sample_age_s"":0.009170200995868072,""reconnect_count"":0,""sample_hz"":20.0,""sample_sequence"":710,""timestamp_us"":9737093824},""fingers"":{""index"":{""has_data"":true,""last_update_ts"":1784118772.2886586,""mapped"":true},""middle"":{""has_data"":true,""last_update_ts"":1784118772.2886586,""mapped"":true},""pinky"":{""has_data"":true,""last_update_ts"":1784118772.2886586,""mapped"":true},""ring"":{""has_data"":true,""last_update_ts"":1784118772.2886586,""mapped"":true},""thumb"":{""has_data"":true,""last_update_ts"":1784118772.2886586,""mapped"":true}},""ports"":{""available"":[""BLE:Dexter""],""unavailable"":[]}}"
1784118772.3479233,1784118772.3478062,712,ble,"{""index"":{""age_s"":0.00914621353149414,""channels"":3,""force"":[-0.6869137053433061,0.11572984736999814],""has_data"":true,""last_update_ts"":1784118772.33866,""raw"":[18096,16667,17173]},""middle"":{""age_s"":0.00914621353149414,""channels"":3,""force"":[-2.422704741028868,-1.7950615174800015],""has_data"":true,""last_update_ts"":1784118772.33866,""raw"":[17407,12367,18121]},""pinky"":{""age_s"":0.00914621353149414,""channels"":3,""force"":[-1.0238811703157715,-0.7454445324600014],""has_data"":true,""last_update_ts"":1784118772.33866,""raw"":[17422,15292,17700]},""ring"":{""age_s"":0.00914621353149414,""channels"":3,""force"":[0.2754384556764933,0.25504971158999723],""has_data"":true,""last_update_ts"":1784118772.33866,""raw"":[15798,16371,15625]},""thumb"":{""age_s"":0.00914621353149414,""channels"":3,""force"":[0.0,-2.220446049250313e-16],""has_data"":true,""last_update_ts"":1784118772.33866,""raw"":[0,0,0]}}","{""ble"":{""connection_state"":""connected"",""counter"":994207,""finger_order"":""DexterController.Visualizer"",""last_error"":null,""last_sample_age_s"":0.009171124009299092,""reconnect_count"":0,""sample_hz"":20.0,""sample_sequence"":711,""timestamp_us"":9737140864},""fingers"":{""index"":{""has_data"":true,""last_update_ts"":1784118772.33866,""mapped"":true},""middle"":{""has_data"":true,""last_update_ts"":1784118772.33866,""mapped"":true},""pinky"":{""has_data"":true,""last_update_ts"":1784118772.33866,""mapped"":true},""ring"":{""has_data"":true,""last_update_ts"":1784118772.33866,""mapped"":true},""thumb"":{""has_data"":true,""last_update_ts"":1784118772.33866,""mapped"":true}},""ports"":{""available"":[""BLE:Dexter""],""unavailable"":[]}}"
1784118772.3979273,1784118772.3978047,713,ble,"{""index"":{""age_s"":0.009145259857177734,""channels"":3,""force"":[-0.1326719262944387,0.027752960999998244],""has_data"":true,""last_update_ts"":1784118772.3886595,""raw"":[17412,17136,17224]},""middle"":{""age_s"":0.009145259857177734,""channels"":3,""force"":[-2.1265963837920063,-1.1772806056200018],""has_data"":true,""last_update_ts"":1784118772.3886595,""raw"":[17474,13050,17383]},""pinky"":{""age_s"":0.009145259857177734,""channels"":3,""force"":[-1.0286881241670187,-0.7382287626000013],""has_data"":true,""last_update_ts"":1784118772.3886595,""raw"":[17427,15287,17687]},""ring"":{""age_s"":0.009145259857177734,""channels"":3,""force"":[0.2763998464467452,0.25504971158999634],""has_data"":true,""last_update_ts"":1784118772.3886595,""raw"":[15800,16375,15628]},""thumb"":{""age_s"":0.009145259857177734,""channels"":3,""force"":[0.0,-2.220446049250313e-16],""has_data"":true,""last_update_ts"":1784118772.3886595,""raw"":[0,0,0]}}","{""ble"":{""connection_state"":""connected"",""counter"":994213,""finger_order"":""DexterController.Visualizer"",""last_error"":null,""last_sample_age_s"":0.009169609998934902,""reconnect_count"":0,""sample_hz"":20.0,""sample_sequence"":712,""timestamp_us"":9737197344},""fingers"":{""index"":{""has_data"":true,""last_update_ts"":1784118772.3886595,""mapped"":true},""middle"":{""has_data"":true,""last_update_ts"":1784118772.3886595,""mapped"":true},""pinky"":{""has_data"":true,""last_update_ts"":1784118772.3886595,""mapped"":true},""ring"":{""has_data"":true,""last_update_ts"":1784118772.3886595,""mapped"":true},""thumb"":{""has_data"":true,""last_update_ts"":1784118772.3886595,""mapped"":true}},""ports"":{""available"":[""BLE:Dexter""],""unavailable"":[]}}"
1784118772.4479375,1784118772.4478087,714,ble,"{""index"":{""age_s"":0.009148836135864258,""channels"":3,""force"":[0.01490155693886841,-0.06632957679000206],""has_data"":true,""last_update_ts"":1784118772.43866,""raw"":[17193,17224,17328]},""middle"":{""age_s"":0.009148836135864258,""channels"":3,""force"":[-1.824238986548525,-0.981622230570002],""has_data"":true,""last_update_ts"":1784118772.43866,""raw"":[17253,13458,17124]},""pinky"":{""age_s"":0.009148836135864258,""channels"":3,""force"":[-1.0253232564711467,-0.7429467659700002],""has_data"":true,""last_update_ts"":1784118772.43866,""raw"":[17422,15289,17694]},""ring"":{""age_s"":0.009148836135864258,""channels"":3,""force"":[0.2778419326021204,0.25754747807999756],""has_data"":true,""last_update_ts"":1784118772.43866,""raw"":[15802,16380,15627]},""thumb"":{""age_s"":0.009148836135864258,""channels"":3,""force"":[0.0,-2.220446049250313e-16],""has_data"":true,""last_update_ts"":1784118772.43866,""raw"":[0,0,0]}}","{""ble"":{""connection_state"":""connected"",""counter"":994218,""finger_order"":""DexterController.Visualizer"",""last_error"":null,""last_sample_age_s"":0.00917386899527628,""reconnect_count"":0,""sample_hz"":20.0,""sample_sequence"":713,""timestamp_us"":9737244384},""fingers"":{""index"":{""has_data"":true,""last_update_ts"":1784118772.43866,""mapped"":true},""middle"":{""has_data"":true,""last_update_ts"":1784118772.43866,""mapped"":true},""pinky"":{""has_data"":true,""last_update_ts"":1784118772.43866,""mapped"":true},""ring"":{""has_data"":true,""last_update_ts"":1784118772.43866,""mapped"":true},""thumb"":{""has_data"":true,""last_update_ts"":1784118772.43866,""mapped"":true}},""ports"":{""available"":[""BLE:Dexter""],""unavailable"":[]}}"
1784118772.4979253,1784118772.4978056,715,ble,"{""index"":{""age_s"":0.009145975112915039,""channels"":3,""force"":[0.10527228934232724,-0.13571197929000167],""has_data"":true,""last_update_ts"":1784118772.4886596,""raw"":[17046,17265,17400]},""middle"":{""age_s"":0.009145975112915039,""channels"":3,""force"":[-1.5838912939861336,-0.5908605396900004],""has_data"":true,""last_update_ts"":1784118772.4886596,""raw"":[17209,13914,16626]},""pinky"":{""age_s"":0.009145975112915039,""channels"":3,""force"":[-1.0224390841603999,-0.7446119436299998],""has_data"":true,""last_update_ts"":1784118772.4886596,""raw"":[17421,15294,17699]},""ring"":{""age_s"":0.009145975112915039,""channels"":3,""force"":[0.27351567413599476,0.25282947470999595],""has_data"":true,""last_update_ts"":1784118772.4886596,""raw"":[15798,16367,15627]},""thumb"":{""age_s"":0.009145975112915039,""channels"":3,""force"":[0.0,-2.220446049250313e-16],""has_data"":true,""last_update_ts"":1784118772.4886596,""raw"":[0,0,0]}}","{""ble"":{""connection_state"":""connected"",""counter"":994223,""finger_order"":""DexterController.Visualizer"",""last_error"":null,""last_sample_age_s"":0.00917109299916774,""reconnect_count"":0,""sample_hz"":20.0,""sample_sequence"":714,""timestamp_us"":9737291392},""fingers"":{""index"":{""has_data"":true,""last_update_ts"":1784118772.4886596,""mapped"":true},""middle"":{""has_data"":true,""last_update_ts"":1784118772.4886596,""mapped"":true},""pinky"":{""has_data"":true,""last_update_ts"":1784118772.4886596,""mapped"":true},""ring"":{""has_data"":true,""last_update_ts"":1784118772.4886596,""mapped"":true},""thumb"":{""has_data"":true,""last_update_ts"":1784118772.4886596,""mapped"":true}},""ports"":{""available"":[""BLE:Dexter""],""unavailable"":[]}}"
1784118772.54794,1784118772.547809,716,ble,"{""index"":{""age_s"":0.009149551391601562,""channels"":3,""force"":[0.2864944495343664,-0.2930712681600012],""has_data"":true,""last_update_ts"":1784118772.5386593,""raw"":[16733,17329,17559]},""middle"":{""age_s"":0.009149551391601562,""channels"":3,""force"":[-1.0830067026861183,-0.6669036528300021],""has_data"":true,""last_update_ts"":1784118772.5386593,""raw"":[16621,14368,16696]},""pinky"":{""age_s"":0.009149551391601562,""channels"":3,""force"":[-1.0229197795455214,-0.7471097101200037],""has_data"":true,""last_update_ts"":1784118772.5386593,""raw"":[17419,15291,17701]},""ring"":{""age_s"":0.009149551391601562,""channels"":3,""force"":[0.27543845567649505,0.25171935626999886],""has_data"":true,""last_update_ts"":1784118772.5386593,""raw"":[15793,16366,15626]},""thumb"":{""age_s"":0.009149551391601562,""channels"":3,""force"":[0.0,-2.220446049250313e-16],""has_data"":true,""last_update_ts"":1784118772.5386593,""raw"":[0,0,0]}}","{""ble"":{""connection_state"":""connected"",""counter"":994229,""finger_order"":""DexterController.Visualizer"",""last_error"":null,""last_sample_age_s"":0.009173027006909251,""reconnect_count"":0,""sample_hz"":20.0,""sample_sequence"":715,""timestamp_us"":9737347872},""fingers"":{""index"":{""has_data"":true,""last_update_ts"":1784118772.5386593,""mapped"":true},""middle"":{""has_data"":true,""last_update_ts"":1784118772.5386593,""mapped"":true},""pinky"":{""has_data"":true,""last_update_ts"":1784118772.5386593,""mapped"":true},""ring"":{""has_data"":true,""last_update_ts"":1784118772.5386593,""mapped"":true},""thumb"":{""has_data"":true,""last_update_ts"":1784118772.5386593,""mapped"":true}},""ports"":{""available"":[""BLE:Dexter""],""unavailable"":[]}}"
1784118772.5979335,1784118772.5978181,717,ble,"{""index"":{""age_s"":0.009158611297607422,""channels"":3,""force"":[0.423492634294929,-0.38992910205000175],""has_data"":true,""last_update_ts"":1784118772.5886595,""raw"":[16502,17383,17645]},""middle"":{""age_s"":0.009158611297607422,""channels"":3,""force"":[-0.7719967885103891,-0.595578543060002],""has_data"":true,""last_update_ts"":1784118772.5886595,""raw"":[16331,14725,16601]},""pinky"":{""age_s"":0.009158611297607422,""channels"":3,""force"":[-1.0229197795455214,-0.7448894732400007],""has_data"":true,""last_update_ts"":1784118772.5886595,""raw"":[17418,15290,17696]},""ring"":{""age_s"":0.009158611297607422,""channels"":3,""force"":[0.2783226279872437,0.25671488924999597],""has_data"":true,""last_update_ts"":1784118772.5886595,""raw"":[15800,16379,15627]},""thumb"":{""age_s"":0.009158611297607422,""channels"":3,""force"":[0.0,-2.220446049250313e-16],""has_data"":true,""last_update_ts"":1784118772.5886595,""raw"":[0,0,0]}}","{""ble"":{""connection_state"":""connected"",""counter"":994234,""finger_order"":""DexterController.Visualizer"",""last_error"":null,""last_sample_age_s"":0.009183638001559302,""reconnect_count"":0,""sample_hz"":20.0,""sample_sequence"":716,""timestamp_us"":9737394944},""fingers"":{""index"":{""has_data"":true,""last_update_ts"":1784118772.5886595,""mapped"":true},""middle"":{""has_data"":true,""last_update_ts"":1784118772.5886595,""mapped"":true},""pinky"":{""has_data"":true,""last_update_ts"":1784118772.5886595,""mapped"":true},""ring"":{""has_data"":true,""last_update_ts"":1784118772.5886595,""mapped"":true},""thumb"":{""has_data"":true,""last_update_ts"":1784118772.5886595,""mapped"":true}},""ports"":{""available"":[""BLE:Dexter""],""unavailable"":[]}}"
1784118772.647922,1784118772.6478016,718,ble,"{""index"":{""age_s"":0.009140968322753906,""channels"":3,""force"":[0.432145151227175,-0.3127758704700039],""has_data"":true,""last_update_ts"":1784118772.6386607,""raw"":[16560,17459,17573]},""middle"":{""age_s"":0.009140968322753906,""channels"":3,""force"":[-0.6027920129464697,-0.587807713980002],""has_data"":true,""last_update_ts"":1784118772.6386607,""raw"":[16145,14891,16577]},""pinky"":{""age_s"":0.009140968322753906,""channels"":3,""force"":[-1.0229197795455232,-0.7432242955800001],""has_data"":true,""last_update_ts"":1784118772.6386607,""raw"":[17424,15296,17699]},""ring"":{""age_s"":0.009140968322753906,""channels"":3,""force"":[0.2763998464467452,0.25671488924999775],""has_data"":true,""last_update_ts"":1784118772.6386607,""raw"":[15800,16375,15625]},""thumb"":{""age_s"":0.009140968322753906,""channels"":3,""force"":[0.0,-2.220446049250313e-16],""has_data"":true,""last_update_ts"":1784118772.6386607,""raw"":[0,0,0]}}","{""ble"":{""connection_state"":""connected"",""counter"":994239,""finger_order"":""DexterController.Visualizer"",""last_error"":null,""last_sample_age_s"":0.009165762006887235,""reconnect_count"":0,""sample_hz"":20.0,""sample_sequence"":717,""timestamp_us"":9737441952},""fingers"":{""index"":{""has_data"":true,""last_update_ts"":1784118772.6386607,""mapped"":true},""middle"":{""has_data"":true,""last_update_ts"":1784118772.6386607,""mapped"":true},""pinky"":{""has_data"":true,""last_update_ts"":1784118772.6386607,""mapped"":true},""ring"":{""has_data"":true,""last_update_ts"":1784118772.6386607,""mapped"":true},""thumb"":{""has_data"":true,""last_update_ts"":1784118772.6386607,""mapped"":true}},""ports"":{""available"":[""BLE:Dexter""],""unavailable"":[]}}"
1784118772.697924,1784118772.6978061,719,ble,"{""index"":{""age_s"":0.009147167205810547,""channels"":3,""force"":[0.5061722405363884,-0.2606003037900013],""has_data"":true,""last_update_ts"":1784118772.688659,""raw"":[16481,17534,17477]},""middle"":{""age_s"":0.009147167205810547,""channels"":3,""force"":[-0.6095217483382154,-0.4484878497600029],""has_data"":true,""last_update_ts"":1784118772.688659,""raw"":[16103,14835,16277]},""pinky"":{""age_s"":0.009147167205810547,""channels"":3,""force"":[1.3291227398700052,0.3766076807699985],""has_data"":true,""last_update_ts"":1784118772.688659,""raw"":[16688,19453,17392]},""ring"":{""age_s"":0.009147167205810547,""channels"":3,""force"":[0.3388902465129675,0.7324006407899981],""has_data"":true,""last_update_ts"":1784118772.688659,""raw"":[15726,16431,14759]},""thumb"":{""age_s"":0.009147167205810547,""channels"":3,""force"":[0.0,-2.220446049250313e-16],""has_data"":true,""last_update_ts"":1784118772.688659,""raw"":[0,0,0]}}","{""ble"":{""connection_state"":""connected"",""counter"":994245,""finger_order"":""DexterController.Visualizer"",""last_error"":null,""last_sample_age_s"":0.009170983001240529,""reconnect_count"":0,""sample_hz"":20.0,""sample_sequence"":718,""timestamp_us"":9737498496},""fingers"":{""index"":{""has_data"":true,""last_update_ts"":1784118772.688659,""mapped"":true},""middle"":{""has_data"":true,""last_update_ts"":1784118772.688659,""mapped"":true},""pinky"":{""has_data"":true,""last_update_ts"":1784118772.688659,""mapped"":true},""ring"":{""has_data"":true,""last_update_ts"":1784118772.688659,""mapped"":true},""thumb"":{""has_data"":true,""last_update_ts"":1784118772.688659,""mapped"":true}},""ports"":{""available"":[""BLE:Dexter""],""unavailable"":[]}}"
1784118772.7479317,1784118772.7478018,720,ble,"{""index"":{""age_s"":0.009142398834228516,""channels"":3,""force"":[0.5066529359215135,-0.2936263273799984],""has_data"":true,""last_update_ts"":1784118772.7386594,""raw"":[16491,17545,17547]},""middle"":{""age_s"":0.009142398834228516,""channels"":3,""force"":[-0.6412476437564507,-0.4140741781200008],""has_data"":true,""last_update_ts"":1784118772.7386594,""raw"":[16296,14962,16375]},""pinky"":{""age_s"":0.009142398834228516,""channels"":3,""force"":[-1.0262846472413987,-0.7418366475299996],""has_data"":true,""last_update_ts"":1784118772.7386594,""raw"":[17425,15290,17694]},""ring"":{""age_s"":0.009142398834228516,""channels"":3,""force"":[0.27303497875087146,0.25588230041999704],""has_data"":true,""last_update_ts"":1784118772.7386594,""raw"":[15804,16372,15627]},""thumb"":{""age_s"":0.009142398834228516,""channels"":3,""force"":[0.0,-2.220446049250313e-16],""has_data"":true,""last_update_ts"":1784118772.7386594,""raw"":[0,0,0]}}","{""ble"":{""connection_state"":""connected"",""counter"":994250,""finger_order"":""DexterController.Visualizer"",""last_error"":null,""last_sample_age_s"":0.009166603995254263,""reconnect_count"":0,""sample_hz"":20.0,""sample_sequence"":719,""timestamp_us"":9737545408},""fingers"":{""index"":{""has_data"":true,""last_update_ts"":1784118772.7386594,""mapped"":true},""middle"":{""has_data"":true,""last_update_ts"":1784118772.7386594,""mapped"":true},""pinky"":{""has_data"":true,""last_update_ts"":1784118772.7386594,""mapped"":true},""ring"":{""has_data"":true,""last_update_ts"":1784118772.7386594,""mapped"":true},""thumb"":{""has_data"":true,""last_update_ts"":1784118772.7386594,""mapped"":true}},""ports"":{""available"":[""BLE:Dexter""],""unavailable"":[]}}"
1784118772.797942,1784118772.797808,721,ble,"{""index"":{""age_s"":0.009118795394897461,""channels"":3,""force"":[0.513382671313261,-0.31693881462000295],""has_data"":true,""last_update_ts"":1784118772.7886891,""raw"":[16461,17529,17566]},""middle"":{""age_s"":0.009118795394897461,""channels"":3,""force"":[-0.6330758222093316,-0.4903948208700015],""has_data"":true,""last_update_ts"":1784118772.7886891,""raw"":[16249,14932,16474]},""pinky"":{""age_s"":0.009118795394897461,""channels"":3,""force"":[-1.02484256108602,-0.743224295580001],""has_data"":true,""last_update_ts"":1784118772.7886891,""raw"":[17419,15287,17692]},""ring"":{""age_s"":0.009118795394897461,""channels"":3,""force"":[0.27928401875749564,0.2506092378299982],""has_data"":true,""last_update_ts"":1784118772.7886891,""raw"":[15787,16368,15626]},""thumb"":{""age_s"":0.009118795394897461,""channels"":3,""force"":[0.0,-2.220446049250313e-16],""has_data"":true,""last_update_ts"":1784118772.7886891,""raw"":[0,0,0]}}","{""ble"":{""connection_state"":""connected"",""counter"":994255,""finger_order"":""DexterController.Visualizer"",""last_error"":null,""last_sample_age_s"":0.009145593008724973,""reconnect_count"":0,""sample_hz"":20.0,""sample_sequence"":720,""timestamp_us"":9737592384},""fingers"":{""index"":{""has_data"":true,""last_update_ts"":1784118772.7886891,""mapped"":true},""middle"":{""has_data"":true,""last_update_ts"":1784118772.7886891,""mapped"":true},""pinky"":{""has_data"":true,""last_update_ts"":1784118772.7886891,""mapped"":true},""ring"":{""has_data"":true,""last_update_ts"":1784118772.7886891,""mapped"":true},""thumb"":{""has_data"":true,""last_update_ts"":1784118772.7886891,""mapped"":true}},""ports"":{""available"":[""BLE:Dexter""],""unavailable"":[]}}"
1784118772.8479497,1784118772.847807,722,ble,"{""index"":{""age_s"":0.009166955947875977,""channels"":3,""force"":[0.6114445298787121,-0.13487939046000186],""has_data"":true,""last_update_ts"":1784118772.83864,""raw"":[16500,17772,17379]},""middle"":{""age_s"":0.009166955947875977,""channels"":3,""force"":[-0.5821221113861039,-1.1276028054300022],""has_data"":true,""last_update_ts"":1784118772.83864,""raw"":[15806,14595,17232]},""pinky"":{""age_s"":0.009166955947875977,""channels"":3,""force"":[-1.0267653426265184,-0.7476647693400018],""has_data"":true,""last_update_ts"":1784118772.83864,""raw"":[17423,15287,17702]},""ring"":{""age_s"":0.009166955947875977,""channels"":3,""force"":[0.27784193260211865,0.2525519450999987],""has_data"":true,""last_update_ts"":1784118772.83864,""raw"":[15798,16376,15632]},""thumb"":{""age_s"":0.009166955947875977,""channels"":3,""force"":[0.0,-2.220446049250313e-16],""has_data"":true,""last_update_ts"":1784118772.83864,""raw"":[0,0,0]}}","{""ble"":{""connection_state"":""connected"",""counter"":994261,""finger_order"":""DexterController.Visualizer"",""last_error"":null,""last_sample_age_s"":0.00919572199927643,""reconnect_count"":0,""sample_hz"":20.0,""sample_sequence"":721,""timestamp_us"":9737648800},""fingers"":{""index"":{""has_data"":true,""last_update_ts"":1784118772.83864,""mapped"":true},""middle"":{""has_data"":true,""last_update_ts"":1784118772.83864,""mapped"":true},""pinky"":{""has_data"":true,""last_update_ts"":1784118772.83864,""mapped"":true},""ring"":{""has_data"":true,""last_update_ts"":1784118772.83864,""mapped"":true},""thumb"":{""has_data"":true,""last_update_ts"":1784118772.83864,""mapped"":true}},""ports"":{""available"":[""BLE:Dexter""],""unavailable"":[]}}"
1784118772.8979626,1784118772.8978345,723,ble,"{""index"":{""age_s"":0.00917506217956543,""channels"":3,""force"":[0.7537303638756487,0.3252647029199984],""has_data"":true,""last_update_ts"":1784118772.8886595,""raw"":[16645,18213,16843]},""middle"":{""age_s"":0.00917506217956543,""channels"":3,""force"":[-0.5917360190885992,-1.9851693003300008],""has_data"":true,""last_update_ts"":1784118772.8886595,""raw"":[15309,14078,18270]},""pinky"":{""age_s"":0.00917506217956543,""channels"":3,""force"":[-1.0282074287818936,-0.7335107592300023],""has_data"":true,""last_update_ts"":1784118772.8886595,""raw"":[17431,15292,17683]},""ring"":{""age_s"":0.00917506217956543,""channels"":3,""force"":[0.2826488864533694,0.26476324793999506],""has_data"":true,""last_update_ts"":1784118772.8886595,""raw"":[15807,16395,15624]},""thumb"":{""age_s"":0.00917506217956543,""channels"":3,""force"":[0.0,-2.220446049250313e-16],""has_data"":true,""last_update_ts"":1784118772.8886595,""raw"":[0,0,0]}}","{""ble"":{""connection_state"":""connected"",""counter"":994266,""finger_order"":""DexterController.Visualizer"",""last_error"":null,""last_sample_age_s"":0.009202985995216295,""reconnect_count"":0,""sample_hz"":20.0,""sample_sequence"":722,""timestamp_us"":9737695712},""fingers"":{""index"":{""has_data"":true,""last_update_ts"":1784118772.8886595,""mapped"":true},""middle"":{""has_data"":true,""last_update_ts"":1784118772.8886595,""mapped"":true},""pinky"":{""has_data"":true,""last_update_ts"":1784118772.8886595,""mapped"":true},""ring"":{""has_data"":true,""last_update_ts"":1784118772.8886595,""mapped"":true},""thumb"":{""has_data"":true,""last_update_ts"":1784118772.8886595,""mapped"":true}},""ports"":{""available"":[""BLE:Dexter""],""unavailable"":[]}}"
1784118772.947971,1784118772.9478307,724,ble,"{""index"":{""age_s"":0.009170770645141602,""channels"":3,""force"":[0.8311223208807377,1.043788863209997],""has_data"":true,""last_update_ts"":1784118772.93866,""raw"":[17015,18744,15999]},""middle"":{""age_s"":0.009170770645141602,""channels"":3,""force"":[-0.5177089297793822,-2.6062805675100016],""has_data"":true,""last_update_ts"":1784118772.93866,""raw"":[14840,13763,18997]},""pinky"":{""age_s"":0.009170770645141602,""channels"":3,""force"":[-1.0224390841603963,-0.7462771212900021],""has_data"":true,""last_update_ts"":1784118772.93866,""raw"":[17419,15292,17700]},""ring"":{""age_s"":0.009170770645141602,""channels"":3,""force"":[0.27255428336574994,0.2539395931499966],""has_data"":true,""last_update_ts"":1784118772.93866,""raw"":[15803,16370,15629]},""thumb"":{""age_s"":0.009170770645141602,""channels"":3,""force"":[0.0,-2.220446049250313e-16],""has_data"":true,""last_update_ts"":1784118772.93866,""raw"":[0,0,0]}}","{""ble"":{""connection_state"":""connected"",""counter"":994271,""finger_order"":""DexterController.Visualizer"",""last_error"":null,""last_sample_age_s"":0.009202496003126726,""reconnect_count"":0,""sample_hz"":20.0,""sample_sequence"":723,""timestamp_us"":9737742752},""fingers"":{""index"":{""has_data"":true,""last_update_ts"":1784118772.93866,""mapped"":true},""middle"":{""has_data"":true,""last_update_ts"":1784118772.93866,""mapped"":true},""pinky"":{""has_data"":true,""last_update_ts"":1784118772.93866,""mapped"":true},""ring"":{""has_data"":true,""last_update_ts"":1784118772.93866,""mapped"":true},""thumb"":{""has_data"":true,""last_update_ts"":1784118772.93866,""mapped"":true}},""ports"":{""available"":[""BLE:Dexter""],""unavailable"":[]}}"
1784118772.9980097,1784118772.9978738,725,ble,"{""index"":{""age_s"":0.009215354919433594,""channels"":3,""force"":[1.022439084160398,1.4700743441699995],""has_data"":true,""last_update_ts"":1784118772.9886584,""raw"":[17083,19210,15498]},""middle"":{""age_s"":0.009215354919433594,""channels"":3,""force"":[-0.5710661175282326,-3.108886691220003],""has_data"":true,""last_update_ts"":1784118772.9886584,""raw"":[14448,13260,19455]},""pinky"":{""age_s"":0.009215354919433594,""channels"":3,""force"":[1.220004887446681,0.3291501174600002],""has_data"":true,""last_update_ts"":1784118772.9886584,""raw"":[16730,19268,17406]},""ring"":{""age_s"":0.009215354919433594,""channels"":3,""force"":[0.3417744188237162,0.7096432127699979],""has_data"":true,""last_update_ts"":1784118772.9886584,""raw"":[15728,16439,14805]},""thumb"":{""age_s"":0.009215354919433594,""channels"":3,""force"":[0.0,-2.220446049250313e-16],""has_data"":true,""last_update_ts"":1784118772.9886584,""raw"":[0,0,0]}}","{""ble"":{""connection_state"":""connected"",""counter"":994277,""finger_order"":""DexterController.Visualizer"",""last_error"":null,""last_sample_age_s"":0.009243577005690895,""reconnect_count"":0,""sample_hz"":20.0,""sample_sequence"":724,""timestamp_us"":9737799296},""fingers"":{""index"":{""has_data"":true,""last_update_ts"":1784118772.9886584,""mapped"":true},""middle"":{""has_data"":true,""last_update_ts"":1784118772.9886584,""mapped"":true},""pinky"":{""has_data"":true,""last_update_ts"":1784118772.9886584,""mapped"":true},""ring"":{""has_data"":true,""last_update_ts"":1784118772.9886584,""mapped"":true},""thumb"":{""has_data"":true,""last_update_ts"":1784118772.9886584,""mapped"":true}},""ports"":{""available"":[""BLE:Dexter""],""unavailable"":[]}}"
1784118773.0479586,1784118773.0478206,726,ble,"{""index"":{""age_s"":0.009162187576293945,""channels"":3,""force"":[1.1022345180911088,1.6288212810899978],""has_data"":true,""last_update_ts"":1784118773.0386584,""raw"":[17134,19427,15346]},""middle"":{""age_s"":0.009162187576293945,""channels"":3,""force"":[-0.5826028067712263,-3.4491379930800035],""has_data"":true,""last_update_ts"":1784118773.0386584,""raw"":[14394,13182,20002]},""pinky"":{""age_s"":0.009162187576293945,""channels"":3,""force"":[-1.0238811703157715,-0.7537704207600022],""has_data"":true,""last_update_ts"":1784118773.0386584,""raw"":[17416,15286,17709]},""ring"":{""age_s"":0.009162187576293945,""channels"":3,""force"":[0.271592892595498,0.24339346796999894],""has_data"":true,""last_update_ts"":1784118773.0386584,""raw"":[15798,16363,15642]},""thumb"":{""age_s"":0.009162187576293945,""channels"":3,""force"":[0.0,-2.220446049250313e-16],""has_data"":true,""last_update_ts"":1784118773.0386584,""raw"":[0,0,0]}}","{""ble"":{""connection_state"":""connected"",""counter"":994282,""finger_order"":""DexterController.Visualizer"",""last_error"":null,""last_sample_age_s"":0.009190861994284205,""reconnect_count"":0,""sample_hz"":20.0,""sample_sequence"":725,""timestamp_us"":9737846240},""fingers"":{""index"":{""has_data"":true,""last_update_ts"":1784118773.0386584,""mapped"":true},""middle"":{""has_data"":true,""last_update_ts"":1784118773.0386584,""mapped"":true},""pinky"":{""has_data"":true,""last_update_ts"":1784118773.0386584,""mapped"":true},""ring"":{""has_data"":true,""last_update_ts"":1784118773.0386584,""mapped"":true},""thumb"":{""has_data"":true,""last_update_ts"":1784118773.0386584,""mapped"":true}},""ports"":{""available"":[""BLE:Dexter""],""unavailable"":[]}}"
1784118773.0979307,1784118773.0978181,727,ble,"{""index"":{""age_s"":0.00915980339050293,""channels"":3,""force"":[1.2406747890070449,1.6654551896099976],""has_data"":true,""last_update_ts"":1784118773.0886583,""raw"":[17001,19582,15291]},""middle"":{""age_s"":0.00915980339050293,""channels"":3,""force"":[-0.5234772744008804,-3.9023438462100017],""has_data"":true,""last_update_ts"":1784118773.0886583,""raw"":[14086,12997,20572]},""pinky"":{""age_s"":0.00915980339050293,""channels"":3,""force"":[-1.0243618657008966,-0.7368411145500033],""has_data"":true,""last_update_ts"":1784118773.0886583,""raw"":[17426,15295,17688]},""ring"":{""age_s"":0.00915980339050293,""channels"":3,""force"":[0.27255428336574816,0.25005417860999923],""has_data"":true,""last_update_ts"":1784118773.0886583,""raw"":[15799,16366,15632]},""thumb"":{""age_s"":0.00915980339050293,""channels"":3,""force"":[0.0,-2.220446049250313e-16],""has_data"":true,""last_update_ts"":1784118773.0886583,""raw"":[0,0,0]}}","{""ble"":{""connection_state"":""connected"",""counter"":994287,""finger_order"":""DexterController.Visualizer"",""last_error"":null,""last_sample_age_s"":0.009184519993141294,""reconnect_count"":0,""sample_hz"":20.0,""sample_sequence"":726,""timestamp_us"":9737893248},""fingers"":{""index"":{""has_data"":true,""last_update_ts"":1784118773.0886583,""mapped"":true},""middle"":{""has_data"":true,""last_update_ts"":1784118773.0886583,""mapped"":true},""pinky"":{""has_data"":true,""last_update_ts"":1784118773.0886583,""mapped"":true},""ring"":{""has_data"":true,""last_update_ts"":1784118773.0886583,""mapped"":true},""thumb"":{""has_data"":true,""last_update_ts"":1784118773.0886583,""mapped"":true}},""ports"":{""available"":[""BLE:Dexter""],""unavailable"":[]}}"
1784118773.1479301,1784118773.1478136,728,ble,"{""index"":{""age_s"":0.009154796600341797,""channels"":3,""force"":[1.3473891645047456,1.5833064250499973],""has_data"":true,""last_update_ts"":1784118773.1386588,""raw"":[16821,19624,15370]},""middle"":{""age_s"":0.009154796600341797,""channels"":3,""force"":[-0.47012008665203187,-4.348333929480001],""has_data"":true,""last_update_ts"":1784118773.1386588,""raw"":[13781,12803,21126]},""pinky"":{""age_s"":0.009154796600341797,""channels"":3,""force"":[-1.0267653426265202,-0.739338881040001],""has_data"":true,""last_update_ts"":1784118773.1386588,""raw"":[17426,15290,17690]},""ring"":{""age_s"":0.009154796600341797,""channels"":3,""force"":[0.27880332337237057,0.2525519450999987],""has_data"":true,""last_update_ts"":1784118773.1386588,""raw"":[15790,16370,15625]},""thumb"":{""age_s"":0.009154796600341797,""channels"":3,""force"":[0.0,-2.220446049250313e-16],""has_data"":true,""last_update_ts"":1784118773.1386588,""raw"":[0,0,0]}}","{""ble"":{""connection_state"":""connected"",""counter"":994293,""finger_order"":""DexterController.Visualizer"",""last_error"":null,""last_sample_age_s"":0.009179670989396982,""reconnect_count"":0,""sample_hz"":20.0,""sample_sequence"":727,""timestamp_us"":9737949728},""fingers"":{""index"":{""has_data"":true,""last_update_ts"":1784118773.1386588,""mapped"":true},""middle"":{""has_data"":true,""last_update_ts"":1784118773.1386588,""mapped"":true},""pinky"":{""has_data"":true,""last_update_ts"":1784118773.1386588,""mapped"":true},""ring"":{""has_data"":true,""last_update_ts"":1784118773.1386588,""mapped"":true},""thumb"":{""has_data"":true,""last_update_ts"":1784118773.1386588,""mapped"":true}},""ports"":{""available"":[""BLE:Dexter""],""unavailable"":[]}}"
1784118773.1979277,1784118773.1978152,729,ble,"{""index"":{""age_s"":0.00915670394897461,""channels"":3,""force"":[1.3935359214767278,1.639367406269998],""has_data"":true,""last_update_ts"":1784118773.1886585,""raw"":[16823,19722,15319]},""middle"":{""age_s"":0.00915670394897461,""channels"":3,""force"":[-0.5590487329001155,-4.432425401310001],""has_data"":true,""last_update_ts"":1784118773.1886585,""raw"":[13822,12659,21226]},""pinky"":{""age_s"":0.00915670394897461,""channels"":3,""force"":[-1.0277267333967721,-0.7404489994799999],""has_data"":true,""last_update_ts"":1784118773.1886585,""raw"":[17429,15291,17694]},""ring"":{""age_s"":0.00915670394897461,""channels"":3,""force"":[0.27351567413599476,0.2528294747099986],""has_data"":true,""last_update_ts"":1784118773.1886585,""raw"":[15805,16374,15634]},""thumb"":{""age_s"":0.00915670394897461,""channels"":3,""force"":[0.0,-2.220446049250313e-16],""has_data"":true,""last_update_ts"":1784118773.1886585,""raw"":[0,0,0]}}","{""ble"":{""connection_state"":""connected"",""counter"":994298,""finger_order"":""DexterController.Visualizer"",""last_error"":null,""last_sample_age_s"":0.009181785004329868,""reconnect_count"":0,""sample_hz"":20.0,""sample_sequence"":728,""timestamp_us"":9737996736},""fingers"":{""index"":{""has_data"":true,""last_update_ts"":1784118773.1886585,""mapped"":true},""middle"":{""has_data"":true,""last_update_ts"":1784118773.1886585,""mapped"":true},""pinky"":{""has_data"":true,""last_update_ts"":1784118773.1886585,""mapped"":true},""ring"":{""has_data"":true,""last_update_ts"":1784118773.1886585,""mapped"":true},""thumb"":{""has_data"":true,""last_update_ts"":1784118773.1886585,""mapped"":true}},""ports"":{""available"":[""BLE:Dexter""],""unavailable"":[]}}"
1784118773.2479148,1784118773.2478008,730,ble,"{""index"":{""age_s"":0.009140968322753906,""channels"":3,""force"":[1.3944973122469726,1.5627692339099992],""has_data"":true,""last_update_ts"":1784118773.2386599,""raw"":[16781,19682,15416]},""middle"":{""age_s"":0.009140968322753906,""channels"":3,""force"":[-0.6263460868175814,-4.197080292030003],""has_data"":true,""last_update_ts"":1784118773.2386599,""raw"":[14021,12718,20931]},""pinky"":{""age_s"":0.009140968322753906,""channels"":3,""force"":[-1.0219583887752712,-0.7471097101200019],""has_data"":true,""last_update_ts"":1784118773.2386599,""raw"":[17419,15293,17702]},""ring"":{""age_s"":0.009140968322753906,""channels"":3,""force"":[0.27447706490624846,0.25282947470999684],""has_data"":true,""last_update_ts"":1784118773.2386599,""raw"":[15799,16370,15629]},""thumb"":{""age_s"":0.009140968322753906,""channels"":3,""force"":[0.0,-2.220446049250313e-16],""has_data"":true,""last_update_ts"":1784118773.2386599,""raw"":[0,0,0]}}","{""ble"":{""connection_state"":""connected"",""counter"":994303,""finger_order"":""DexterController.Visualizer"",""last_error"":null,""last_sample_age_s"":0.009165793002466671,""reconnect_count"":0,""sample_hz"":20.0,""sample_sequence"":729,""timestamp_us"":9738043744},""fingers"":{""index"":{""has_data"":true,""last_update_ts"":1784118773.2386599,""mapped"":true},""middle"":{""has_data"":true,""last_update_ts"":1784118773.2386599,""mapped"":true},""pinky"":{""has_data"":true,""last_update_ts"":1784118773.2386599,""mapped"":true},""ring"":{""has_data"":true,""last_update_ts"":1784118773.2386599,""mapped"":true},""thumb"":{""has_data"":true,""last_update_ts"":1784118773.2386599,""mapped"":true}},""ports"":{""available"":[""BLE:Dexter""],""unavailable"":[]}}"
1784118773.2979164,1784118773.2978053,731,ble,"{""index"":{""age_s"":0.009145259857177734,""channels"":3,""force"":[1.358445158362617,1.2066987442799988],""has_data"":true,""last_update_ts"":1784118773.28866,""raw"":[16597,19423,15836]},""middle"":{""age_s"":0.009145259857177734,""channels"":3,""force"":[-0.732099071545032,-3.590400564570004],""has_data"":true,""last_update_ts"":1784118773.28866,""raw"":[14490,12967,20197]},""pinky"":{""age_s"":0.009145259857177734,""channels"":3,""force"":[-1.0243618657008948,-0.7429467659700011],""has_data"":true,""last_update_ts"":1784118773.28866,""raw"":[17423,15292,17696]},""ring"":{""age_s"":0.009145259857177734,""channels"":3,""force"":[0.2735156741359983,0.25060923782999733],""has_data"":true,""last_update_ts"":1784118773.28866,""raw"":[15800,16369,15633]},""thumb"":{""age_s"":0.009145259857177734,""channels"":3,""force"":[0.0,-2.220446049250313e-16],""has_data"":true,""last_update_ts"":1784118773.28866,""raw"":[0,0,0]}}","{""ble"":{""connection_state"":""connected"",""counter"":994308,""finger_order"":""DexterController.Visualizer"",""last_error"":null,""last_sample_age_s"":0.00916943998890929,""reconnect_count"":0,""sample_hz"":20.0,""sample_sequence"":730,""timestamp_us"":9738090720},""fingers"":{""index"":{""has_data"":true,""last_update_ts"":1784118773.28866,""mapped"":true},""middle"":{""has_data"":true,""last_update_ts"":1784118773.28866,""mapped"":true},""pinky"":{""has_data"":true,""last_update_ts"":1784118773.28866,""mapped"":true},""ring"":{""has_data"":true,""last_update_ts"":1784118773.28866,""mapped"":true},""thumb"":{""has_data"":true,""last_update_ts"":1784118773.28866,""mapped"":true}},""ports"":{""available"":[""BLE:Dexter""],""unavailable"":[]}}"
1784118773.3479476,1784118773.3478076,732,ble,"{""index"":{""age_s"":0.009147405624389648,""channels"":3,""force"":[1.0147479579984022,0.11517478814999738],""has_data"":true,""last_update_ts"":1784118773.3386602,""raw"":[16280,18391,17128]},""middle"":{""age_s"":0.009147405624389648,""channels"":3,""force"":[-0.9786958041140439,-1.9515882175200003],""has_data"":true,""last_update_ts"":1784118773.3386602,""raw"":[15731,13695,18229]},""pinky"":{""age_s"":0.009147405624389648,""channels"":3,""force"":[-1.0224390841603999,-0.7435018251900019],""has_data"":true,""last_update_ts"":1784118773.3386602,""raw"":[17417,15290,17693]},""ring"":{""age_s"":0.009147405624389648,""channels"":3,""force"":[0.2768805418318703,0.2531070043199968],""has_data"":true,""last_update_ts"":1784118773.3386602,""raw"":[15796,16372,15628]},""thumb"":{""age_s"":0.009147405624389648,""channels"":3,""force"":[0.0,-2.220446049250313e-16],""has_data"":true,""last_update_ts"":1784118773.3386602,""raw"":[0,0,0]}}","{""ble"":{""connection_state"":""connected"",""counter"":994314,""finger_order"":""DexterController.Visualizer"",""last_error"":null,""last_sample_age_s"":0.009179571003187448,""reconnect_count"":0,""sample_hz"":20.0,""sample_sequence"":731,""timestamp_us"":9738147168},""fingers"":{""index"":{""has_data"":true,""last_update_ts"":1784118773.3386602,""mapped"":true},""middle"":{""has_data"":true,""last_update_ts"":1784118773.3386602,""mapped"":true},""pinky"":{""has_data"":true,""last_update_ts"":1784118773.3386602,""mapped"":true},""ring"":{""has_data"":true,""last_update_ts"":1784118773.3386602,""mapped"":true},""thumb"":{""has_data"":true,""last_update_ts"":1784118773.3386602,""mapped"":true}},""ports"":{""available"":[""BLE:Dexter""],""unavailable"":[]}}"
1784118773.397944,1784118773.3978088,733,ble,"{""index"":{""age_s"":0.009157896041870117,""channels"":3,""force"":[0.6484580745333233,-1.0521147515100013],""has_data"":true,""last_update_ts"":1784118773.388651,""raw"":[15962,17311,18532]},""middle"":{""age_s"":0.009157896041870117,""channels"":3,""force"":[-1.0325336872480175,-0.8131617573000014],""has_data"":true,""last_update_ts"":1784118773.388651,""raw"":[16447,14299,16838]},""pinky"":{""age_s"":0.009157896041870117,""channels"":3,""force"":[-1.0306109057075172,-0.7332332296200041],""has_data"":true,""last_update_ts"":1784118773.388651,""raw"":[17435,15291,17684]},""ring"":{""age_s"":0.009157896041870117,""channels"":3,""force"":[0.2763998464467434,0.2622654814499974],""has_data"":true,""last_update_ts"":1784118773.388651,""raw"":[15804,16379,15619]},""thumb"":{""age_s"":0.009157896041870117,""channels"":3,""force"":[0.0,-2.220446049250313e-16],""has_data"":true,""last_update_ts"":1784118773.388651,""raw"":[0,0,0]}}","{""ble"":{""connection_state"":""connected"",""counter"":994319,""finger_order"":""DexterController.Visualizer"",""last_error"":null,""last_sample_age_s"":0.009186855008010752,""reconnect_count"":0,""sample_hz"":20.0,""sample_sequence"":732,""timestamp_us"":9738194272},""fingers"":{""index"":{""has_data"":true,""last_update_ts"":1784118773.388651,""mapped"":true},""middle"":{""has_data"":true,""last_update_ts"":1784118773.388651,""mapped"":true},""pinky"":{""has_data"":true,""last_update_ts"":1784118773.388651,""mapped"":true},""ring"":{""has_data"":true,""last_update_ts"":1784118773.388651,""mapped"":true},""thumb"":{""has_data"":true,""last_update_ts"":1784118773.388651,""mapped"":true}},""ports"":{""available"":[""BLE:Dexter""],""unavailable"":[]}}"
1784118773.4479363,1784118773.4478052,734,ble,"{""index"":{""age_s"":0.009144783020019531,""channels"":3,""force"":[0.42685750199080097,-2.0570494693200008],""has_data"":true,""last_update_ts"":1784118773.4386604,""raw"":[15580,16468,19730]},""middle"":{""age_s"":0.009144783020019531,""channels"":3,""force"":[-1.090217133462989,0.11489725853999833],""has_data"":true,""last_update_ts"":1784118773.4386604,""raw"":[17053,14785,15712]},""pinky"":{""age_s"":0.009144783020019531,""channels"":3,""force"":[-1.0219583887752748,-0.7459995916800031],""has_data"":true,""last_update_ts"":1784118773.4386604,""raw"":[17420,15294,17701]},""ring"":{""age_s"":0.009144783020019531,""channels"":3,""force"":[0.27495776029137176,0.2553272411999963],""has_data"":true,""last_update_ts"":1784118773.4386604,""raw"":[15798,16370,15624]},""thumb"":{""age_s"":0.009144783020019531,""channels"":3,""force"":[0.0,-2.220446049250313e-16],""has_data"":true,""last_update_ts"":1784118773.4386604,""raw"":[0,0,0]}}","{""ble"":{""connection_state"":""connected"",""counter"":994324,""finger_order"":""DexterController.Visualizer"",""last_error"":null,""last_sample_age_s"":0.009171033001621254,""reconnect_count"":0,""sample_hz"":20.0,""sample_sequence"":733,""timestamp_us"":9738241376},""fingers"":{""index"":{""has_data"":true,""last_update_ts"":1784118773.4386604,""mapped"":true},""middle"":{""has_data"":true,""last_update_ts"":1784118773.4386604,""mapped"":true},""pinky"":{""has_data"":true,""last_update_ts"":1784118773.4386604,""mapped"":true},""ring"":{""has_data"":true,""last_update_ts"":1784118773.4386604,""mapped"":true},""thumb"":{""has_data"":true,""last_update_ts"":1784118773.4386604,""mapped"":true}},""ports"":{""available"":[""BLE:Dexter""],""unavailable"":[]}}"
1784118773.4979496,1784118773.4978144,735,ble,"{""index"":{""age_s"":0.0091552734375,""channels"":3,""force"":[0.14901556938867877,-2.9135058457800014],""has_data"":true,""last_update_ts"":1784118773.4886591,""raw"":[15358,15668,20762]},""middle"":{""age_s"":0.0091552734375,""channels"":3,""force"":[-1.1329990227390958,0.6502518762299987],""has_data"":true,""last_update_ts"":1784118773.4886591,""raw"":[17385,15028,15035]},""pinky"":{""age_s"":0.0091552734375,""channels"":3,""force"":[-0.6075989667977169,-0.5356321473000012],""has_data"":true,""last_update_ts"":1784118773.4886591,""raw"":[17311,16047,17644]},""ring"":{""age_s"":0.0091552734375,""channels"":3,""force"":[0.3028380926286083,0.3430265979599998],""has_data"":true,""last_update_ts"":1784118773.4886591,""raw"":[15772,16402,15469]},""thumb"":{""age_s"":0.0091552734375,""channels"":3,""force"":[0.0,-2.220446049250313e-16],""has_data"":true,""last_update_ts"":1784118773.4886591,""raw"":[0,0,0]}}","{""ble"":{""connection_state"":""connected"",""counter"":994330,""finger_order"":""DexterController.Visualizer"",""last_error"":null,""last_sample_age_s"":0.009183528003632091,""reconnect_count"":0,""sample_hz"":20.0,""sample_sequence"":734,""timestamp_us"":9738297824},""fingers"":{""index"":{""has_data"":true,""last_update_ts"":1784118773.4886591,""mapped"":true},""middle"":{""has_data"":true,""last_update_ts"":1784118773.4886591,""mapped"":true},""pinky"":{""has_data"":true,""last_update_ts"":1784118773.4886591,""mapped"":true},""ring"":{""has_data"":true,""last_update_ts"":1784118773.4886591,""mapped"":true},""thumb"":{""has_data"":true,""last_update_ts"":1784118773.4886591,""mapped"":true}},""ports"":{""available"":[""BLE:Dexter""],""unavailable"":[]}}"
1784118773.5479362,1784118773.5478232,736,ble,"{""index"":{""age_s"":0.009163618087768555,""channels"":3,""force"":[-0.01249808001324304,-3.5551543041],""has_data"":true,""last_update_ts"":1784118773.5386596,""raw"":[15142,15116,21534]},""middle"":{""age_s"":0.009163618087768555,""channels"":3,""force"":[-1.246923829013669,1.1251050389399975],""has_data"":true,""last_update_ts"":1784118773.5386596,""raw"":[17835,15241,14511]},""pinky"":{""age_s"":0.009163618087768555,""channels"":3,""force"":[-1.0253232564711467,-0.7518277134900018],""has_data"":true,""last_update_ts"":1784118773.5386596,""raw"":[17416,15283,17704]},""ring"":{""age_s"":0.009163618087768555,""channels"":3,""force"":[0.2773612372169971,0.2506092378299982],""has_data"":true,""last_update_ts"":1784118773.5386596,""raw"":[15788,16365,15625]},""thumb"":{""age_s"":0.009163618087768555,""channels"":3,""force"":[0.0,-2.220446049250313e-16],""has_data"":true,""last_update_ts"":1784118773.5386596,""raw"":[0,0,0]}}","{""ble"":{""connection_state"":""connected"",""counter"":994335,""finger_order"":""DexterController.Visualizer"",""last_error"":null,""last_sample_age_s"":0.009188017007545568,""reconnect_count"":0,""sample_hz"":20.0,""sample_sequence"":735,""timestamp_us"":9738344928},""fingers"":{""index"":{""has_data"":true,""last_update_ts"":1784118773.5386596,""mapped"":true},""middle"":{""has_data"":true,""last_update_ts"":1784118773.5386596,""mapped"":true},""pinky"":{""has_data"":true,""last_update_ts"":1784118773.5386596,""mapped"":true},""ring"":{""has_data"":true,""last_update_ts"":1784118773.5386596,""mapped"":true},""thumb"":{""has_data"":true,""last_update_ts"":1784118773.5386596,""mapped"":true}},""ports"":{""available"":[""BLE:Dexter""],""unavailable"":[]}}"
1784118773.5979211,1784118773.5978067,737,ble,"{""index"":{""age_s"":0.009147405624389648,""channels"":3,""force"":[-0.05576066467447305,-3.933704692140001],""has_data"":true,""last_update_ts"":1784118773.5886593,""raw"":[14957,14841,21986]},""middle"":{""age_s"":0.009147405624389648,""channels"":3,""force"":[-1.4262232076652097,1.4684091665099999],""has_data"":true,""last_update_ts"":1784118773.5886593,""raw"":[18224,15257,14095]},""pinky"":{""age_s"":0.009147405624389648,""channels"":3,""force"":[-1.0209969980050264,-0.7360085257200009],""has_data"":true,""last_update_ts"":1784118773.5886593,""raw"":[17425,15301,17689]},""ring"":{""age_s"":0.009147405624389648,""channels"":3,""force"":[0.27159289259549624,0.25171935626999886],""has_data"":true,""last_update_ts"":1784118773.5886593,""raw"":[15802,16367,15631]},""thumb"":{""age_s"":0.009147405624389648,""channels"":3,""force"":[0.0,-2.220446049250313e-16],""has_data"":true,""last_update_ts"":1784118773.5886593,""raw"":[0,0,0]}}","{""ble"":{""connection_state"":""connected"",""counter"":994340,""finger_order"":""DexterController.Visualizer"",""last_error"":null,""last_sample_age_s"":0.009174781007459387,""reconnect_count"":0,""sample_hz"":20.0,""sample_sequence"":736,""timestamp_us"":9738391904},""fingers"":{""index"":{""has_data"":true,""last_update_ts"":1784118773.5886593,""mapped"":true},""middle"":{""has_data"":true,""last_update_ts"":1784118773.5886593,""mapped"":true},""pinky"":{""has_data"":true,""last_update_ts"":1784118773.5886593,""mapped"":true},""ring"":{""has_data"":true,""last_update_ts"":1784118773.5886593,""mapped"":true},""thumb"":{""has_data"":true,""last_update_ts"":1784118773.5886593,""mapped"":true}},""ports"":{""available"":[""BLE:Dexter""],""unavailable"":[]}}"
1784118773.6479394,1784118773.6478252,738,ble,"{""index"":{""age_s"":0.009164810180664062,""channels"":3,""force"":[-0.09710046779520631,-4.239542322360002],""has_data"":true,""last_update_ts"":1784118773.6386604,""raw"":[14811,14609,22348]},""middle"":{""age_s"":0.009164810180664062,""channels"":3,""force"":[-1.5324568877777835,1.7456612468999975],""has_data"":true,""last_update_ts"":1784118773.6386604,""raw"":[18508,15320,13769]},""pinky"":{""age_s"":0.009164810180664062,""channels"":3,""force"":[-1.0238811703157698,-0.7410040587000033],""has_data"":true,""last_update_ts"":1784118773.6386604,""raw"":[17418,15288,17688]},""ring"":{""age_s"":0.009164810180664062,""channels"":3,""force"":[0.29226279415586554,0.2636531294999953],""has_data"":true,""last_update_ts"":1784118773.6386604,""raw"":[15791,16399,15620]},""thumb"":{""age_s"":0.009164810180664062,""channels"":3,""force"":[0.0,-2.220446049250313e-16],""has_data"":true,""last_update_ts"":1784118773.6386604,""raw"":[0,0,0]}}","{""ble"":{""connection_state"":""connected"",""counter"":994346,""finger_order"":""DexterController.Visualizer"",""last_error"":null,""last_sample_age_s"":0.009188968993839808,""reconnect_count"":0,""sample_hz"":20.0,""sample_sequence"":737,""timestamp_us"":9738448320},""fingers"":{""index"":{""has_data"":true,""last_update_ts"":1784118773.6386604,""mapped"":true},""middle"":{""has_data"":true,""last_update_ts"":1784118773.6386604,""mapped"":true},""pinky"":{""has_data"":true,""last_update_ts"":1784118773.6386604,""mapped"":true},""ring"":{""has_data"":true,""last_update_ts"":1784118773.6386604,""mapped"":true},""thumb"":{""has_data"":true,""last_update_ts"":1784118773.6386604,""mapped"":true}},""ports"":{""available"":[""BLE:Dexter""],""unavailable"":[]}}"
1784118773.6979008,1784118773.697789,739,ble,"{""index"":{""age_s"":0.00912928581237793,""channels"":3,""force"":[-0.040859107735606415,-4.430205164430002],""has_data"":true,""last_update_ts"":1784118773.6886597,""raw"":[14631,14546,22570]},""middle"":{""age_s"":0.00912928581237793,""channels"":3,""force"":[-1.5540881801083994,1.918562193929998],""has_data"":true,""last_update_ts"":1784118773.6886597,""raw"":[18647,15414,13574]},""pinky"":{""age_s"":0.00912928581237793,""channels"":3,""force"":[-1.0209969980050229,-0.7443344140200026],""has_data"":true,""last_update_ts"":1784118773.6886597,""raw"":[17418,15294,17697]},""ring"":{""age_s"":0.00912928581237793,""channels"":3,""force"":[0.27399636952112516,0.25366206353999754],""has_data"":true,""last_update_ts"":1784118773.6886597,""raw"":[15795,16365,15623]},""thumb"":{""age_s"":0.00912928581237793,""channels"":3,""force"":[0.0,-2.220446049250313e-16],""has_data"":true,""last_update_ts"":1784118773.6886597,""raw"":[0,0,0]}}","{""ble"":{""connection_state"":""connected"",""counter"":994351,""finger_order"":""DexterController.Visualizer"",""last_error"":null,""last_sample_age_s"":0.009152837010333315,""reconnect_count"":0,""sample_hz"":20.0,""sample_sequence"":738,""timestamp_us"":9738495296},""fingers"":{""index"":{""has_data"":true,""last_update_ts"":1784118773.6886597,""mapped"":true},""middle"":{""has_data"":true,""last_update_ts"":1784118773.6886597,""mapped"":true},""pinky"":{""has_data"":true,""last_update_ts"":1784118773.6886597,""mapped"":true},""ring"":{""has_data"":true,""last_update_ts"":1784118773.6886597,""mapped"":true},""thumb"":{""has_data"":true,""last_update_ts"":1784118773.6886597,""mapped"":true}},""ports"":{""available"":[""BLE:Dexter""],""unavailable"":[]}}"
1784118773.7479377,1784118773.7478049,740,ble,"{""index"":{""age_s"":0.009145259857177734,""channels"":3,""force"":[-0.031245200033110265,-4.36692841335],""has_data"":true,""last_update_ts"":1784118773.7386596,""raw"":[14652,14587,22487]},""middle"":{""age_s"":0.009145259857177734,""channels"":3,""force"":[-1.5540881801083994,1.845849436109999],""has_data"":true,""last_update_ts"":1784118773.7386596,""raw"":[18606,15373,13664]},""pinky"":{""age_s"":0.009145259857177734,""channels"":3,""force"":[-1.0248425610860217,-0.7410040587000006],""has_data"":true,""last_update_ts"":1784118773.7386596,""raw"":[17427,15295,17696]},""ring"":{""age_s"":0.009145259857177734,""channels"":3,""force"":[0.27495776029137,0.25588230041999527],""has_data"":true,""last_update_ts"":1784118773.7386596,""raw"":[15799,16371,15624]},""thumb"":{""age_s"":0.009145259857177734,""channels"":3,""force"":[0.0,-2.220446049250313e-16],""has_data"":true,""last_update_ts"":1784118773.7386596,""raw"":[0,0,0]}}","{""ble"":{""connection_state"":""connected"",""counter"":994356,""finger_order"":""DexterController.Visualizer"",""last_error"":null,""last_sample_age_s"":0.009173268001177348,""reconnect_count"":0,""sample_hz"":20.0,""sample_sequence"":739,""timestamp_us"":9738542336},""fingers"":{""index"":{""has_data"":true,""last_update_ts"":1784118773.7386596,""mapped"":true},""middle"":{""has_data"":true,""last_update_ts"":1784118773.7386596,""mapped"":true},""pinky"":{""has_data"":true,""last_update_ts"":1784118773.7386596,""mapped"":true},""ring"":{""has_data"":true,""last_update_ts"":1784118773.7386596,""mapped"":true},""thumb"":{""has_data"":true,""last_update_ts"":1784118773.7386596,""mapped"":true}},""ports"":{""available"":[""BLE:Dexter""],""unavailable"":[]}}"
1784118773.7979336,1784118773.7978034,741,ble,"{""index"":{""age_s"":0.009141683578491211,""channels"":3,""force"":[0.07931473854558568,-3.7918870614300015],""has_data"":true,""last_update_ts"":1784118773.7886617,""raw"":[14830,14995,21744]},""middle"":{""age_s"":0.009141683578491211,""channels"":3,""force"":[-1.3757501922271071,0.9397152594599989],""has_data"":true,""last_update_ts"":1784118773.7886617,""raw"":[17736,14874,14612]},""pinky"":{""age_s"":0.009141683578491211,""channels"":3,""force"":[1.3430629060386234,0.3807706249199976],""has_data"":true,""last_update_ts"":1784118773.7886617,""raw"":[16673,19467,17384]},""ring"":{""age_s"":0.009141683578491211,""channels"":3,""force"":[0.33840955112784243,0.7387838218199985],""has_data"":true,""last_update_ts"":1784118773.7886617,""raw"":[15729,16433,14750]},""thumb"":{""age_s"":0.009141683578491211,""channels"":3,""force"":[0.0,-2.220446049250313e-16],""has_data"":true,""last_update_ts"":1784118773.7886617,""raw"":[0,0,0]}}","{""ble"":{""connection_state"":""connected"",""counter"":994362,""finger_order"":""DexterController.Visualizer"",""last_error"":null,""last_sample_age_s"":0.009167526004603133,""reconnect_count"":0,""sample_hz"":20.0,""sample_sequence"":740,""timestamp_us"":9738598784},""fingers"":{""index"":{""has_data"":true,""last_update_ts"":1784118773.7886617,""mapped"":true},""middle"":{""has_data"":true,""last_update_ts"":1784118773.7886617,""mapped"":true},""pinky"":{""has_data"":true,""last_update_ts"":1784118773.7886617,""mapped"":true},""ring"":{""has_data"":true,""last_update_ts"":1784118773.7886617,""mapped"":true},""thumb"":{""has_data"":true,""last_update_ts"":1784118773.7886617,""mapped"":true}},""ports"":{""available"":[""BLE:Dexter""],""unavailable"":[]}}"
1784118773.8479326,1784118773.8478038,742,ble,"{""index"":{""age_s"":0.009146690368652344,""channels"":3,""force"":[0.15334182785480444,-2.882144999850002],""has_data"":true,""last_update_ts"":1784118773.8386571,""raw"":[15345,15664,20697]},""middle"":{""age_s"":0.009146690368652344,""channels"":3,""force"":[-1.1603986596912073,-0.1498659894000003],""has_data"":true,""last_update_ts"":1784118773.8386571,""raw"":[16975,14561,16038]},""pinky"":{""age_s"":0.009146690368652344,""channels"":3,""force"":[-1.0267653426265202,-0.7360085257200017],""has_data"":true,""last_update_ts"":1784118773.8386571,""raw"":[17428,15292,17686]},""ring"":{""age_s"":0.009146690368652344,""channels"":3,""force"":[0.2855330587641163,0.2692037216999994],""has_data"":true,""last_update_ts"":1784118773.8386571,""raw"":[15802,16396,15614]},""thumb"":{""age_s"":0.009146690368652344,""channels"":3,""force"":[0.0,-2.220446049250313e-16],""has_data"":true,""last_update_ts"":1784118773.8386571,""raw"":[0,0,0]}}","{""ble"":{""connection_state"":""connected"",""counter"":994367,""finger_order"":""DexterController.Visualizer"",""last_error"":null,""last_sample_age_s"":0.009172327001579106,""reconnect_count"":0,""sample_hz"":20.0,""sample_sequence"":741,""timestamp_us"":9738645728},""fingers"":{""index"":{""has_data"":true,""last_update_ts"":1784118773.8386571,""mapped"":true},""middle"":{""has_data"":true,""last_update_ts"":1784118773.8386571,""mapped"":true},""pinky"":{""has_data"":true,""last_update_ts"":1784118773.8386571,""mapped"":true},""ring"":{""has_data"":true,""last_update_ts"":1784118773.8386571,""mapped"":true},""thumb"":{""has_data"":true,""last_update_ts"":1784118773.8386571,""mapped"":true}},""ports"":{""available"":[""BLE:Dexter""],""unavailable"":[]}}"
1784118773.8979356,1784118773.8978016,743,ble,"{""index"":{""age_s"":0.009145259857177734,""channels"":3,""force"":[0.27111219721037294,-2.02541109378],""has_data"":true,""last_update_ts"":1784118773.8886564,""raw"":[15760,16324,19691]},""middle"":{""age_s"":0.009145259857177734,""channels"":3,""force"":[-0.9637942471751746,-0.9438782036100006],""has_data"":true,""last_update_ts"":1784118773.8886564,""raw"":[16266,14261,16964]},""pinky"":{""age_s"":0.009145259857177734,""channels"":3,""force"":[-1.021477693390148,-0.7457220620700022],""has_data"":true,""last_update_ts"":1784118773.8886564,""raw"":[17419,15294,17700]},""ring"":{""age_s"":0.009145259857177734,""channels"":3,""force"":[0.2763998464467434,0.24949911938999847],""has_data"":true,""last_update_ts"":1784118773.8886564,""raw"":[15792,16367,15630]},""thumb"":{""age_s"":0.009145259857177734,""channels"":3,""force"":[0.0,-2.220446049250313e-16],""has_data"":true,""last_update_ts"":1784118773.8886564,""raw"":[0,0,0]}}","{""ble"":{""connection_state"":""connected"",""counter"":994372,""finger_order"":""DexterController.Visualizer"",""last_error"":null,""last_sample_age_s"":0.00917209500039462,""reconnect_count"":0,""sample_hz"":20.0,""sample_sequence"":742,""timestamp_us"":9738692608},""fingers"":{""index"":{""has_data"":true,""last_update_ts"":1784118773.8886564,""mapped"":true},""middle"":{""has_data"":true,""last_update_ts"":1784118773.8886564,""mapped"":true},""pinky"":{""has_data"":true,""last_update_ts"":1784118773.8886564,""mapped"":true},""ring"":{""has_data"":true,""last_update_ts"":1784118773.8886564,""mapped"":true},""thumb"":{""has_data"":true,""last_update_ts"":1784118773.8886564,""mapped"":true}},""ports"":{""available"":[""BLE:Dexter""],""unavailable"":[]}}"
1784118773.9479322,1784118773.947802,744,ble,"{""index"":{""age_s"":0.009145975112915039,""channels"":3,""force"":[0.6532650283845705,-1.2291786426900009],""has_data"":true,""last_update_ts"":1784118773.938656,""raw"":[15886,17245,18780]},""middle"":{""age_s"":0.009145975112915039,""channels"":3,""force"":[-0.6008692314059703,-2.1380881154400004],""has_data"":true,""last_update_ts"":1784118773.938656,""raw"":[15142,13892,18369]},""pinky"":{""age_s"":0.009145975112915039,""channels"":3,""force"":[-1.0219583887752712,-0.7487748877800042],""has_data"":true,""last_update_ts"":1784118773.938656,""raw"":[17415,15289,17701]},""ring"":{""age_s"":0.009145975112915039,""channels"":3,""force"":[0.27495776029137176,0.25810253729999744],""has_data"":true,""last_update_ts"":1784118773.938656,""raw"":[15796,16368,15617]},""thumb"":{""age_s"":0.009145975112915039,""channels"":3,""force"":[0.0,-2.220446049250313e-16],""has_data"":true,""last_update_ts"":1784118773.938656,""raw"":[0,0,0]}}","{""ble"":{""connection_state"":""connected"",""counter"":994378,""finger_order"":""DexterController.Visualizer"",""last_error"":null,""last_sample_age_s"":0.009171494995825924,""reconnect_count"":0,""sample_hz"":20.0,""sample_sequence"":743,""timestamp_us"":9738749312},""fingers"":{""index"":{""has_data"":true,""last_update_ts"":1784118773.938656,""mapped"":true},""middle"":{""has_data"":true,""last_update_ts"":1784118773.938656,""mapped"":true},""pinky"":{""has_data"":true,""last_update_ts"":1784118773.938656,""mapped"":true},""ring"":{""has_data"":true,""last_update_ts"":1784118773.938656,""mapped"":true},""thumb"":{""has_data"":true,""last_update_ts"":1784118773.938656,""mapped"":true}},""ports"":{""available"":[""BLE:Dexter""],""unavailable"":[]}}"
1784118773.9979367,1784118773.9978015,745,ble,"{""index"":{""age_s"":0.009153366088867188,""channels"":3,""force"":[0.701815262282171,-0.7482198285600026],""has_data"":true,""last_update_ts"":1784118773.9886482,""raw"":[16128,17588,18206]},""middle"":{""age_s"":0.009153366088867188,""channels"":3,""force"":[-0.5326104867182506,-2.56603877406],""has_data"":true,""last_update_ts"":1784118773.9886482,""raw"":[14789,13681,18858]},""pinky"":{""age_s"":0.009153366088867188,""channels"":3,""force"":[-1.022919779545525,-0.7243522821000008],""has_data"":true,""last_update_ts"":1784118773.9886482,""raw"":[17434,15306,17675]},""ring"":{""age_s"":0.009153366088867188,""channels"":3,""force"":[0.2768805418318703,0.2647632479399977],""has_data"":true,""last_update_ts"":1784118773.9886482,""raw"":[15803,16379,15614]},""thumb"":{""age_s"":0.009153366088867188,""channels"":3,""force"":[0.0,-2.220446049250313e-16],""has_data"":true,""last_update_ts"":1784118773.9886482,""raw"":[0,0,0]}}","{""ble"":{""connection_state"":""connected"",""counter"":994383,""finger_order"":""DexterController.Visualizer"",""last_error"":null,""last_sample_age_s"":0.009180742999888025,""reconnect_count"":0,""sample_hz"":20.0,""sample_sequence"":744,""timestamp_us"":9738796416},""fingers"":{""index"":{""has_data"":true,""last_update_ts"":1784118773.9886482,""mapped"":true},""middle"":{""has_data"":true,""last_update_ts"":1784118773.9886482,""mapped"":true},""pinky"":{""has_data"":true,""last_update_ts"":1784118773.9886482,""mapped"":true},""ring"":{""has_data"":true,""last_update_ts"":1784118773.9886482,""mapped"":true},""thumb"":{""has_data"":true,""last_update_ts"":1784118773.9886482,""mapped"":true}},""ports"":{""available"":[""BLE:Dexter""],""unavailable"":[]}}"
1784118774.0479915,1784118774.0478513,746,ble,"{""index"":{""age_s"":0.009198904037475586,""channels"":3,""force"":[0.8700586470758456,-0.2359001685000015],""has_data"":true,""last_update_ts"":1784118774.0386524,""raw"":[16292,18102,17622]},""middle"":{""age_s"":0.009198904037475586,""channels"":3,""force"":[-0.4388748866189198,-3.125260938210003],""has_data"":true,""last_update_ts"":1784118774.0386524,""raw"":[14351,13438,19525]},""pinky"":{""age_s"":0.009198904037475586,""channels"":3,""force"":[-1.0200356072347727,-0.7615412498400005],""has_data"":true,""last_update_ts"":1784118774.0386524,""raw"":[17414,15292,17725]},""ring"":{""age_s"":0.009198904037475586,""channels"":3,""force"":[0.2783226279872473,0.24838900094999694],""has_data"":true,""last_update_ts"":1784118774.0386524,""raw"":[15791,16370,15633]},""thumb"":{""age_s"":0.009198904037475586,""channels"":3,""force"":[0.0,-2.220446049250313e-16],""has_data"":true,""last_update_ts"":1784118774.0386524,""raw"":[0,0,0]}}","{""ble"":{""connection_state"":""connected"",""counter"":994388,""finger_order"":""DexterController.Visualizer"",""last_error"":null,""last_sample_age_s"":0.00922766599978786,""reconnect_count"":0,""sample_hz"":20.0,""sample_sequence"":745,""timestamp_us"":9738843392},""fingers"":{""index"":{""has_data"":true,""last_update_ts"":1784118774.0386524,""mapped"":true},""middle"":{""has_data"":true,""last_update_ts"":1784118774.0386524,""mapped"":true},""pinky"":{""has_data"":true,""last_update_ts"":1784118774.0386524,""mapped"":true},""ring"":{""has_data"":true,""last_update_ts"":1784118774.0386524,""mapped"":true},""thumb"":{""has_data"":true,""last_update_ts"":1784118774.0386524,""mapped"":true}},""ports"":{""available"":[""BLE:Dexter""],""unavailable"":[]}}"
1784118774.0979147,1784118774.0977983,747,ble,"{""index"":{""age_s"":0.009146690368652344,""channels"":3,""force"":[0.9753309364181693,0.15846940730999926],""has_data"":true,""last_update_ts"":1784118774.0886517,""raw"":[16401,18430,17130]},""middle"":{""age_s"":0.009146690368652344,""channels"":3,""force"":[-0.37109683731632703,-3.5501587711200013],""has_data"":true,""last_update_ts"":1784118774.0886517,""raw"":[13993,13221,20003]},""pinky"":{""age_s"":0.009146690368652344,""channels"":3,""force"":[-0.3691740557758276,-0.4407170206800002],""has_data"":true,""last_update_ts"":1784118774.0886517,""raw"":[17206,16438,17616]},""ring"":{""age_s"":0.009146690368652344,""channels"":3,""force"":[0.2879365356897434,0.4088011155299984],""has_data"":true,""last_update_ts"":1784118774.0886517,""raw"":[15794,16393,15357]},""thumb"":{""age_s"":0.009146690368652344,""channels"":3,""force"":[0.0,-2.220446049250313e-16],""has_data"":true,""last_update_ts"":1784118774.0886517,""raw"":[0,0,0]}}","{""ble"":{""connection_state"":""connected"",""counter"":994394,""finger_order"":""DexterController.Visualizer"",""last_error"":null,""last_sample_age_s"":0.009169028999167494,""reconnect_count"":0,""sample_hz"":20.0,""sample_sequence"":746,""timestamp_us"":9738899680},""fingers"":{""index"":{""has_data"":true,""last_update_ts"":1784118774.0886517,""mapped"":true},""middle"":{""has_data"":true,""last_update_ts"":1784118774.0886517,""mapped"":true},""pinky"":{""has_data"":true,""last_update_ts"":1784118774.0886517,""mapped"":true},""ring"":{""has_data"":true,""last_update_ts"":1784118774.0886517,""mapped"":true},""thumb"":{""has_data"":true,""last_update_ts"":1784118774.0886517,""mapped"":true}},""ports"":{""available"":[""BLE:Dexter""],""unavailable"":[]}}"
1784118774.1479278,1784118774.1478176,748,ble,"{""index"":{""age_s"":0.009159564971923828,""channels"":3,""force"":[1.051280807267883,0.31721634422999845],""has_data"":true,""last_update_ts"":1784118774.138658,""raw"":[16434,18621,16956]},""middle"":{""age_s"":0.009159564971923828,""channels"":3,""force"":[-0.3283149480402221,-4.051654776390001],""has_data"":true,""last_update_ts"":1784118774.138658,""raw"":[13696,13013,20654]},""pinky"":{""age_s"":0.009159564971923828,""channels"":3,""force"":[-1.0238811703157715,-0.7454445324600014],""has_data"":true,""last_update_ts"":1784118774.138658,""raw"":[17422,15292,17700]},""ring"":{""age_s"":0.009159564971923828,""channels"":3,""force"":[0.27111219721037294,0.25754747807999845],""has_data"":true,""last_update_ts"":1784118774.138658,""raw"":[15797,16361,15615]},""thumb"":{""age_s"":0.009159564971923828,""channels"":3,""force"":[0.0,-2.220446049250313e-16],""has_data"":true,""last_update_ts"":1784118774.138658,""raw"":[0,0,0]}}","{""ble"":{""connection_state"":""connected"",""counter"":994399,""finger_order"":""DexterController.Visualizer"",""last_error"":null,""last_sample_age_s"":0.00918331800494343,""reconnect_count"":0,""sample_hz"":20.0,""sample_sequence"":747,""timestamp_us"":9738946688},""fingers"":{""index"":{""has_data"":true,""last_update_ts"":1784118774.138658,""mapped"":true},""middle"":{""has_data"":true,""last_update_ts"":1784118774.138658,""mapped"":true},""pinky"":{""has_data"":true,""last_update_ts"":1784118774.138658,""mapped"":true},""ring"":{""has_data"":true,""last_update_ts"":1784118774.138658,""mapped"":true},""thumb"":{""has_data"":true,""last_update_ts"":1784118774.138658,""mapped"":true}},""ports"":{""available"":[""BLE:Dexter""],""unavailable"":[]}}"
1784118774.1979313,1784118774.197813,749,ble,"{""index"":{""age_s"":0.009154558181762695,""channels"":3,""force"":[1.1070414719423596,0.3749425031099989],""has_data"":true,""last_update_ts"":1784118774.1886585,""raw"":[16396,18699,16872]},""middle"":{""age_s"":0.009154558181762695,""channels"":3,""force"":[-0.30956782802035576,-4.162389090780002],""has_data"":true,""last_update_ts"":1784118774.1886585,""raw"":[13610,12966,20787]},""pinky"":{""age_s"":0.009154558181762695,""channels"":3,""force"":[-1.0229197795455232,-0.7437793548000018],""has_data"":true,""last_update_ts"":1784118774.1886585,""raw"":[17424,15296,17700]},""ring"":{""age_s"":0.009154558181762695,""channels"":3,""force"":[0.27543845567649505,0.24894406016999948],""has_data"":true,""last_update_ts"":1784118774.1886585,""raw"":[15793,16366,15631]},""thumb"":{""age_s"":0.009154558181762695,""channels"":3,""force"":[0.0,-2.220446049250313e-16],""has_data"":true,""last_update_ts"":1784118774.1886585,""raw"":[0,0,0]}}","{""ble"":{""connection_state"":""connected"",""counter"":994404,""finger_order"":""DexterController.Visualizer"",""last_error"":null,""last_sample_age_s"":0.009181344008538872,""reconnect_count"":0,""sample_hz"":20.0,""sample_sequence"":748,""timestamp_us"":9738993696},""fingers"":{""index"":{""has_data"":true,""last_update_ts"":1784118774.1886585,""mapped"":true},""middle"":{""has_data"":true,""last_update_ts"":1784118774.1886585,""mapped"":true},""pinky"":{""has_data"":true,""last_update_ts"":1784118774.1886585,""mapped"":true},""ring"":{""has_data"":true,""last_update_ts"":1784118774.1886585,""mapped"":true},""thumb"":{""has_data"":true,""last_update_ts"":1784118774.1886585,""mapped"":true}},""ports"":{""available"":[""BLE:Dexter""],""unavailable"":[]}}"
1784118774.247926,1784118774.2478142,750,ble,"{""index"":{""age_s"":0.009154796600341797,""channels"":3,""force"":[1.1051186904018575,0.3594008449499997],""has_data"":true,""last_update_ts"":1784118774.2386594,""raw"":[16390,18689,16892]},""middle"":{""age_s"":0.009154796600341797,""channels"":3,""force"":[-0.3110099141757292,-4.35249687363],""has_data"":true,""last_update_ts"":1784118774.2386594,""raw"":[13517,12870,21035]},""pinky"":{""age_s"":0.009154796600341797,""channels"":3,""force"":[-1.0205163026198978,-0.750162535830003],""has_data"":true,""last_update_ts"":1784118774.2386594,""raw"":[17418,15295,17708]},""ring"":{""age_s"":0.009154796600341797,""channels"":3,""force"":[0.27543845567649505,0.2533845339299994],""has_data"":true,""last_update_ts"":1784118774.2386594,""raw"":[15801,16374,15631]},""thumb"":{""age_s"":0.009154796600341797,""channels"":3,""force"":[0.0,-2.220446049250313e-16],""has_data"":true,""last_update_ts"":1784118774.2386594,""raw"":[0,0,0]}}","{""ble"":{""connection_state"":""connected"",""counter"":994409,""finger_order"":""DexterController.Visualizer"",""last_error"":null,""last_sample_age_s"":0.009178217995213345,""reconnect_count"":0,""sample_hz"":20.0,""sample_sequence"":749,""timestamp_us"":9739040640},""fingers"":{""index"":{""has_data"":true,""last_update_ts"":1784118774.2386594,""mapped"":true},""middle"":{""has_data"":true,""last_update_ts"":1784118774.2386594,""mapped"":true},""pinky"":{""has_data"":true,""last_update_ts"":1784118774.2386594,""mapped"":true},""ring"":{""has_data"":true,""last_update_ts"":1784118774.2386594,""mapped"":true},""thumb"":{""has_data"":true,""last_update_ts"":1784118774.2386594,""mapped"":true}},""ports"":{""available"":[""BLE:Dexter""],""unavailable"":[]}}"
1784118774.2979069,1784118774.2977993,751,ble,"{""index"":{""age_s"":0.009139776229858398,""channels"":3,""force"":[1.099350345780362,0.23506757966999725],""has_data"":true,""last_update_ts"":1784118774.2886596,""raw"":[16293,18580,17013]},""middle"":{""age_s"":0.009139776229858398,""channels"":3,""force"":[-0.336486769587343,-3.9875454364800005],""has_data"":true,""last_update_ts"":1784118774.2886596,""raw"":[13636,12936,20470]},""pinky"":{""age_s"":0.009139776229858398,""channels"":3,""force"":[0.8815953363188402,0.17928412805999638],""has_data"":true,""last_update_ts"":1784118774.2886596,""raw"":[16864,18698,17458]},""ring"":{""age_s"":0.009139776229858398,""channels"":3,""force"":[0.3509076311410855,0.6255517409399989],""has_data"":true,""last_update_ts"":1784118774.2886596,""raw"":[15715,16445,14953]},""thumb"":{""age_s"":0.009139776229858398,""channels"":3,""force"":[0.0,-2.220446049250313e-16],""has_data"":true,""last_update_ts"":1784118774.2886596,""raw"":[0,0,0]}}","{""ble"":{""connection_state"":""connected"",""counter"":994415,""finger_order"":""DexterController.Visualizer"",""last_error"":null,""last_sample_age_s"":0.00916256700293161,""reconnect_count"":0,""sample_hz"":20.0,""sample_sequence"":750,""timestamp_us"":9739097120},""fingers"":{""index"":{""has_data"":true,""last_update_ts"":1784118774.2886596,""mapped"":true},""middle"":{""has_data"":true,""last_update_ts"":1784118774.2886596,""mapped"":true},""pinky"":{""has_data"":true,""last_update_ts"":1784118774.2886596,""mapped"":true},""ring"":{""has_data"":true,""last_update_ts"":1784118774.2886596,""mapped"":true},""thumb"":{""has_data"":true,""last_update_ts"":1784118774.2886596,""mapped"":true}},""ports"":{""available"":[""BLE:Dexter""],""unavailable"":[]}}"
1784118774.347968,1784118774.347833,752,ble,"{""index"":{""age_s"":0.009172916412353516,""channels"":3,""force"":[1.0286881241670205,-0.24922158977999942],""has_data"":true,""last_update_ts"":1784118774.33866,""raw"":[16077,18217,17596]},""middle"":{""age_s"":0.009172916412353516,""channels"":3,""force"":[-0.5292456190223778,-3.0547684172700027],""has_data"":true,""last_update_ts"":1784118774.33866,""raw"":[14537,13436,19490]},""pinky"":{""age_s"":0.009172916412353516,""channels"":3,""force"":[-1.0205163026198996,-0.7401714698699999],""has_data"":true,""last_update_ts"":1784118774.33866,""raw"":[17420,15297,17692]},""ring"":{""age_s"":0.009172916412353516,""channels"":3,""force"":[0.2763998464467434,0.255049711589999],""has_data"":true,""last_update_ts"":1784118774.33866,""raw"":[15797,16372,15625]},""thumb"":{""age_s"":0.009172916412353516,""channels"":3,""force"":[0.0,-2.220446049250313e-16],""has_data"":true,""last_update_ts"":1784118774.33866,""raw"":[0,0,0]}}","{""ble"":{""connection_state"":""connected"",""counter"":994420,""finger_order"":""DexterController.Visualizer"",""last_error"":null,""last_sample_age_s"":0.009201603999827057,""reconnect_count"":0,""sample_hz"":20.0,""sample_sequence"":751,""timestamp_us"":9739144128},""fingers"":{""index"":{""has_data"":true,""last_update_ts"":1784118774.33866,""mapped"":true},""middle"":{""has_data"":true,""last_update_ts"":1784118774.33866,""mapped"":true},""pinky"":{""has_data"":true,""last_update_ts"":1784118774.33866,""mapped"":true},""ring"":{""has_data"":true,""last_update_ts"":1784118774.33866,""mapped"":true},""thumb"":{""has_data"":true,""last_update_ts"":1784118774.33866,""mapped"":true}},""ports"":{""available"":[""BLE:Dexter""],""unavailable"":[]}}"
1784118774.397953,1784118774.3978167,753,ble,"{""index"":{""age_s"":0.009155750274658203,""channels"":3,""force"":[0.7220044684574134,-1.1706198949800006],""has_data"":true,""last_update_ts"":1784118774.388661,""raw"":[15812,17314,18672]},""middle"":{""age_s"":0.009155750274658203,""channels"":3,""force"":[-0.9041880194197027,-1.4478719753700027],""has_data"":true,""last_update_ts"":1784118774.388661,""raw"":[15902,14021,17570]},""pinky"":{""age_s"":0.009155750274658203,""channels"":3,""force"":[-1.020996998005021,-0.7493299470000006],""has_data"":true,""last_update_ts"":1784118774.388661,""raw"":[17411,15287,17699]},""ring"":{""age_s"":0.009155750274658203,""channels"":3,""force"":[0.2759191510616166,0.24755641211999801],""has_data"":true,""last_update_ts"":1784118774.388661,""raw"":[15797,16371,15638]},""thumb"":{""age_s"":0.009155750274658203,""channels"":3,""force"":[0.0,-2.220446049250313e-16],""has_data"":true,""last_update_ts"":1784118774.388661,""raw"":[0,0,0]}}","{""ble"":{""connection_state"":""connected"",""counter"":994425,""finger_order"":""DexterController.Visualizer"",""last_error"":null,""last_sample_age_s"":0.009184751004795544,""reconnect_count"":0,""sample_hz"":20.0,""sample_sequence"":752,""timestamp_us"":9739191232},""fingers"":{""index"":{""has_data"":true,""last_update_ts"":1784118774.388661,""mapped"":true},""middle"":{""has_data"":true,""last_update_ts"":1784118774.388661,""mapped"":true},""pinky"":{""has_data"":true,""last_update_ts"":1784118774.388661,""mapped"":true},""ring"":{""has_data"":true,""last_update_ts"":1784118774.388661,""mapped"":true},""thumb"":{""has_data"":true,""last_update_ts"":1784118774.388661,""mapped"":true}},""ports"":{""available"":[""BLE:Dexter""],""unavailable"":[]}}"
1784118774.4479673,1784118774.447827,754,ble,"{""index"":{""age_s"":0.009166240692138672,""channels"":3,""force"":[0.6345179083647068,-2.0292965083200025],""has_data"":true,""last_update_ts"":1784118774.4386609,""raw"":[15365,16685,19681]},""middle"":{""age_s"":0.009166240692138672,""channels"":3,""force"":[-1.0387827272546417,-0.8012279840700005],""has_data"":true,""last_update_ts"":1784118774.4386609,""raw"":[16443,14282,16806]},""pinky"":{""age_s"":0.009166240692138672,""channels"":3,""force"":[-1.026284647241397,-0.7440568844100017],""has_data"":true,""last_update_ts"":1784118774.4386609,""raw"":[17424,15289,17697]},""ring"":{""age_s"":0.009166240692138672,""channels"":3,""force"":[0.27543845567649505,0.2517193562699962],""has_data"":true,""last_update_ts"":1784118774.4386609,""raw"":[15794,16367,15627]},""thumb"":{""age_s"":0.009166240692138672,""channels"":3,""force"":[0.0,-2.220446049250313e-16],""has_data"":true,""last_update_ts"":1784118774.4386609,""raw"":[0,0,0]}}","{""ble"":{""connection_state"":""connected"",""counter"":994431,""finger_order"":""DexterController.Visualizer"",""last_error"":null,""last_sample_age_s"":0.00919554200663697,""reconnect_count"":0,""sample_hz"":20.0,""sample_sequence"":753,""timestamp_us"":9739247776},""fingers"":{""index"":{""has_data"":true,""last_update_ts"":1784118774.4386609,""mapped"":true},""middle"":{""has_data"":true,""last_update_ts"":1784118774.4386609,""mapped"":true},""pinky"":{""has_data"":true,""last_update_ts"":1784118774.4386609,""mapped"":true},""ring"":{""has_data"":true,""last_update_ts"":1784118774.4386609,""mapped"":true},""thumb"":{""has_data"":true,""last_update_ts"":1784118774.4386609,""mapped"":true}},""ports"":{""available"":[""BLE:Dexter""],""unavailable"":[]}}"
1784118774.4979665,1784118774.4978266,755,ble,"{""index"":{""age_s"":0.009167194366455078,""channels"":3,""force"":[0.4278188927610511,-2.668724729760001],""has_data"":true,""last_update_ts"":1784118774.4886594,""raw"":[15180,16070,20433]},""middle"":{""age_s"":0.009167194366455078,""channels"":3,""force"":[-1.0955047826993614,-0.13404680163000382],""has_data"":true,""last_update_ts"":1784118774.4886594,""raw"":[16897,14618,15999]},""pinky"":{""age_s"":0.009167194366455078,""channels"":3,""force"":[-1.0267653426265202,-0.7382287626000013],""has_data"":true,""last_update_ts"":1784118774.4886594,""raw"":[17427,15291,17689]},""ring"":{""age_s"":0.009167194366455078,""channels"":3,""force"":[0.2826488864533676,0.26032277417999783],""has_data"":true,""last_update_ts"":1784118774.4886594,""raw"":[15798,16386,15623]},""thumb"":{""age_s"":0.009167194366455078,""channels"":3,""force"":[0.0,-2.220446049250313e-16],""has_data"":true,""last_update_ts"":1784118774.4886594,""raw"":[0,0,0]}}","{""ble"":{""connection_state"":""connected"",""counter"":994436,""finger_order"":""DexterController.Visualizer"",""last_error"":null,""last_sample_age_s"":0.009195962993544526,""reconnect_count"":0,""sample_hz"":20.0,""sample_sequence"":754,""timestamp_us"":9739294880},""fingers"":{""index"":{""has_data"":true,""last_update_ts"":1784118774.4886594,""mapped"":true},""middle"":{""has_data"":true,""last_update_ts"":1784118774.4886594,""mapped"":true},""pinky"":{""has_data"":true,""last_update_ts"":1784118774.4886594,""mapped"":true},""ring"":{""has_data"":true,""last_update_ts"":1784118774.4886594,""mapped"":true},""thumb"":{""has_data"":true,""last_update_ts"":1784118774.4886594,""mapped"":true}},""ports"":{""available"":[""BLE:Dexter""],""unavailable"":[]}}"
1784118774.5479646,1784118774.5478303,756,ble,"{""index"":{""age_s"":0.009170293807983398,""channels"":3,""force"":[0.3393709418980908,-3.1960309887600022],""has_data"":true,""last_update_ts"":1784118774.53866,""raw"":[14957,15663,21068]},""middle"":{""age_s"":0.009170293807983398,""channels"":3,""force"":[-1.207026112048311,0.41046629318999805],""has_data"":true,""last_update_ts"":1784118774.53866,""raw"":[17342,14831,15347]},""pinky"":{""age_s"":0.009170293807983398,""channels"":3,""force"":[-1.0253232564711467,-0.7446119436299998],""has_data"":true,""last_update_ts"":1784118774.53866,""raw"":[17424,15291,17699]},""ring"":{""age_s"":0.009170293807983398,""channels"":3,""force"":[0.2735156741359983,0.2606003037899969],""has_data"":true,""last_update_ts"":1784118774.53866,""raw"":[15807,16376,15622]},""thumb"":{""age_s"":0.009170293807983398,""channels"":3,""force"":[0.0,-2.220446049250313e-16],""has_data"":true,""last_update_ts"":1784118774.53866,""raw"":[0,0,0]}}","{""ble"":{""connection_state"":""connected"",""counter"":994441,""finger_order"":""DexterController.Visualizer"",""last_error"":null,""last_sample_age_s"":0.00919762600096874,""reconnect_count"":0,""sample_hz"":20.0,""sample_sequence"":755,""timestamp_us"":9739341856},""fingers"":{""index"":{""has_data"":true,""last_update_ts"":1784118774.53866,""mapped"":true},""middle"":{""has_data"":true,""last_update_ts"":1784118774.53866,""mapped"":true},""pinky"":{""has_data"":true,""last_update_ts"":1784118774.53866,""mapped"":true},""ring"":{""has_data"":true,""last_update_ts"":1784118774.53866,""mapped"":true},""thumb"":{""has_data"":true,""last_update_ts"":1784118774.53866,""mapped"":true}},""ports"":{""available"":[""BLE:Dexter""],""unavailable"":[]}}"
1784118774.5979571,1784118774.597818,757,ble,"{""index"":{""age_s"":0.009157657623291016,""channels"":3,""force"":[0.24611603718388508,-3.579576909780001],""has_data"":true,""last_update_ts"":1784118774.5886602,""raw"":[14794,15306,21499]},""middle"":{""age_s"":0.009157657623291016,""channels"":3,""force"":[-1.4017077430238452,0.9541467991799975],""has_data"":true,""last_update_ts"":1784118774.5886602,""raw"":[17730,14814,14553]},""pinky"":{""age_s"":0.009157657623291016,""channels"":3,""force"":[1.6281152694176129,0.4909498800899996],""has_data"":true,""last_update_ts"":1784118774.5886602,""raw"":[16537,19924,17346]},""ring"":{""age_s"":0.009157657623291016,""channels"":3,""force"":[0.3220659080336006,0.7892942108399987],""has_data"":true,""last_update_ts"":1784118774.5886602,""raw"":[15729,16399,14642]},""thumb"":{""age_s"":0.009157657623291016,""channels"":3,""force"":[0.0,-2.220446049250313e-16],""has_data"":true,""last_update_ts"":1784118774.5886602,""raw"":[0,0,0]}}","{""ble"":{""connection_state"":""connected"",""counter"":994447,""finger_order"":""DexterController.Visualizer"",""last_error"":null,""last_sample_age_s"":0.009186042996589094,""reconnect_count"":0,""sample_hz"":20.0,""sample_sequence"":756,""timestamp_us"":9739398432},""fingers"":{""index"":{""has_data"":true,""last_update_ts"":1784118774.5886602,""mapped"":true},""middle"":{""has_data"":true,""last_update_ts"":1784118774.5886602,""mapped"":true},""pinky"":{""has_data"":true,""last_update_ts"":1784118774.5886602,""mapped"":true},""ring"":{""has_data"":true,""last_update_ts"":1784118774.5886602,""mapped"":true},""thumb"":{""has_data"":true,""last_update_ts"":1784118774.5886602,""mapped"":true}},""ports"":{""available"":[""BLE:Dexter""],""unavailable"":[]}}"
1784118774.6479652,1784118774.6478302,758,ble,"{""index"":{""age_s"":0.009170293807983398,""channels"":3,""force"":[0.1893939817391619,-3.806041071540002],""has_data"":true,""last_update_ts"":1784118774.63866,""raw"":[14734,15128,21788]},""middle"":{""age_s"":0.009170293807983398,""channels"":3,""force"":[-1.5886982478373817,1.0998498444299978],""has_data"":true,""last_update_ts"":1784118774.63866,""raw"":[18181,14876,14547]},""pinky"":{""age_s"":0.009170293807983398,""channels"":3,""force"":[-1.0238811703157715,-0.7448894732399998],""has_data"":true,""last_update_ts"":1784118774.63866,""raw"":[17426,15296,17703]},""ring"":{""age_s"":0.009170293807983398,""channels"":3,""force"":[0.27543845567649505,0.2533845339299958],""has_data"":true,""last_update_ts"":1784118774.63866,""raw"":[15794,16367,15624]},""thumb"":{""age_s"":0.009170293807983398,""channels"":3,""force"":[0.0,-2.220446049250313e-16],""has_data"":true,""last_update_ts"":1784118774.63866,""raw"":[0,0,0]}}","{""ble"":{""connection_state"":""connected"",""counter"":994452,""finger_order"":""DexterController.Visualizer"",""last_error"":null,""last_sample_age_s"":0.009198818006552756,""reconnect_count"":0,""sample_hz"":20.0,""sample_sequence"":757,""timestamp_us"":9739445312},""fingers"":{""index"":{""has_data"":true,""last_update_ts"":1784118774.63866,""mapped"":true},""middle"":{""has_data"":true,""last_update_ts"":1784118774.63866,""mapped"":true},""pinky"":{""has_data"":true,""last_update_ts"":1784118774.63866,""mapped"":true},""ring"":{""has_data"":true,""last_update_ts"":1784118774.63866,""mapped"":true},""thumb"":{""has_data"":true,""last_update_ts"":1784118774.63866,""mapped"":true}},""ports"":{""available"":[""BLE:Dexter""],""unavailable"":[]}}"
1784118774.6979673,1784118774.69783,759,ble,"{""index"":{""age_s"":0.009170770645141602,""channels"":3,""force"":[0.19660441251603267,-3.865709937690001],""has_data"":true,""last_update_ts"":1784118774.6886592,""raw"":[14686,15095,21855]},""middle"":{""age_s"":0.009170770645141602,""channels"":3,""force"":[-1.6742620263895933,1.1559108256499986],""has_data"":true,""last_update_ts"":1784118774.6886592,""raw"":[18318,14835,14494]},""pinky"":{""age_s"":0.009170770645141602,""channels"":3,""force"":[-1.0262846472413951,-0.74405688441],""has_data"":true,""last_update_ts"":1784118774.6886592,""raw"":[17426,15291,17699]},""ring"":{""age_s"":0.009170770645141602,""channels"":3,""force"":[0.27543845567649505,0.25615983003000053],""has_data"":true,""last_update_ts"":1784118774.6886592,""raw"":[15805,16378,15630]},""thumb"":{""age_s"":0.009170770645141602,""channels"":3,""force"":[0.0,-2.220446049250313e-16],""has_data"":true,""last_update_ts"":1784118774.6886592,""raw"":[0,0,0]}}","{""ble"":{""connection_state"":""connected"",""counter"":994457,""finger_order"":""DexterController.Visualizer"",""last_error"":null,""last_sample_age_s"":0.009198587998980656,""reconnect_count"":0,""sample_hz"":20.0,""sample_sequence"":758,""timestamp_us"":9739492320},""fingers"":{""index"":{""has_data"":true,""last_update_ts"":1784118774.6886592,""mapped"":true},""middle"":{""has_data"":true,""last_update_ts"":1784118774.6886592,""mapped"":true},""pinky"":{""has_data"":true,""last_update_ts"":1784118774.6886592,""mapped"":true},""ring"":{""has_data"":true,""last_update_ts"":1784118774.6886592,""mapped"":true},""thumb"":{""has_data"":true,""last_update_ts"":1784118774.6886592,""mapped"":true}},""ports"":{""available"":[""BLE:Dexter""],""unavailable"":[]}}"
1784118774.7479644,1784118774.7478304,760,ble,"{""index"":{""age_s"":0.009170293807983398,""channels"":3,""force"":[0.22304265869789397,-3.8326839141000013],""has_data"":true,""last_update_ts"":1784118774.73866,""raw"":[14670,15134,21807]},""middle"":{""age_s"":0.009170293807983398,""channels"":3,""force"":[-1.654553515599476,1.0024369513199982],""has_data"":true,""last_update_ts"":1784118774.73866,""raw"":[18213,14771,14686]},""pinky"":{""age_s"":0.009170293807983398,""channels"":3,""force"":[-1.0234004749306482,-0.7435018251900001],""has_data"":true,""last_update_ts"":1784118774.73866,""raw"":[17420,15291,17695]},""ring"":{""age_s"":0.009170293807983398,""channels"":3,""force"":[0.27495776029137,0.25532724119999717],""has_data"":true,""last_update_ts"":1784118774.73866,""raw"":[15799,16371,15625]},""thumb"":{""age_s"":0.009170293807983398,""channels"":3,""force"":[0.0,-2.220446049250313e-16],""has_data"":true,""last_update_ts"":1784118774.73866,""raw"":[0,0,0]}}","{""ble"":{""connection_state"":""connected"",""counter"":994463,""finger_order"":""DexterController.Visualizer"",""last_error"":null,""last_sample_age_s"":0.009198457992170006,""reconnect_count"":0,""sample_hz"":20.0,""sample_sequence"":759,""timestamp_us"":9739548704},""fingers"":{""index"":{""has_data"":true,""last_update_ts"":1784118774.73866,""mapped"":true},""middle"":{""has_data"":true,""last_update_ts"":1784118774.73866,""mapped"":true},""pinky"":{""has_data"":true,""last_update_ts"":1784118774.73866,""mapped"":true},""ring"":{""has_data"":true,""last_update_ts"":1784118774.73866,""mapped"":true},""thumb"":{""has_data"":true,""last_update_ts"":1784118774.73866,""mapped"":true}},""ports"":{""available"":[""BLE:Dexter""],""unavailable"":[]}}"
1784118774.7979977,1784118774.7978575,761,ble,"{""index"":{""age_s"":0.009200334548950195,""channels"":3,""force"":[0.2739963695211216,-3.450803170740002],""has_data"":true,""last_update_ts"":1784118774.7886572,""raw"":[14834,15404,21336]},""middle"":{""age_s"":0.009200334548950195,""channels"":3,""force"":[-1.3824799276188546,-0.029973197880003966],""has_data"":true,""last_update_ts"":1784118774.7886572,""raw"":[17304,14428,15920]},""pinky"":{""age_s"":0.009200334548950195,""channels"":3,""force"":[-1.0282074287818954,-0.7385062922100012],""has_data"":true,""last_update_ts"":1784118774.7886572,""raw"":[17424,15285,17685]},""ring"":{""age_s"":0.009200334548950195,""channels"":3,""force"":[0.2788033233723688,0.263653129499998],""has_data"":true,""last_update_ts"":1784118774.7886572,""raw"":[15796,16376,15611]},""thumb"":{""age_s"":0.009200334548950195,""channels"":3,""force"":[0.0,-2.220446049250313e-16],""has_data"":true,""last_update_ts"":1784118774.7886572,""raw"":[0,0,0]}}","{""ble"":{""connection_state"":""connected"",""counter"":994468,""finger_order"":""DexterController.Visualizer"",""last_error"":null,""last_sample_age_s"":0.009229168994352221,""reconnect_count"":0,""sample_hz"":20.0,""sample_sequence"":760,""timestamp_us"":9739595648},""fingers"":{""index"":{""has_data"":true,""last_update_ts"":1784118774.7886572,""mapped"":true},""middle"":{""has_data"":true,""last_update_ts"":1784118774.7886572,""mapped"":true},""pinky"":{""has_data"":true,""last_update_ts"":1784118774.7886572,""mapped"":true},""ring"":{""has_data"":true,""last_update_ts"":1784118774.7886572,""mapped"":true},""thumb"":{""has_data"":true,""last_update_ts"":1784118774.7886572,""mapped"":true}},""ports"":{""available"":[""BLE:Dexter""],""unavailable"":[]}}"
1784118774.8479667,1784118774.8478317,762,ble,"{""index"":{""age_s"":0.0091705322265625,""channels"":3,""force"":[0.31389408648647965,-2.7383846618700014],""has_data"":true,""last_update_ts"":1784118774.8386612,""raw"":[15252,15905,20512]},""middle"":{""age_s"":0.0091705322265625,""channels"":3,""force"":[-1.1406901489010934,-0.8578440245100003],""has_data"":true,""last_update_ts"":1784118774.8386612,""raw"":[16517,14144,16876]},""pinky"":{""age_s"":0.0091705322265625,""channels"":3,""force"":[-1.0224390841603963,-0.743501825190001],""has_data"":true,""last_update_ts"":1784118774.8386612,""raw"":[17418,15291,17694]},""ring"":{""age_s"":0.0091705322265625,""channels"":3,""force"":[0.27976471414261717,0.2592126557399972],""has_data"":true,""last_update_ts"":1784118774.8386612,""raw"":[15793,16375,15617]},""thumb"":{""age_s"":0.0091705322265625,""channels"":3,""force"":[0.0,-2.220446049250313e-16],""has_data"":true,""last_update_ts"":1784118774.8386612,""raw"":[0,0,0]}}","{""ble"":{""connection_state"":""connected"",""counter"":994473,""finger_order"":""DexterController.Visualizer"",""last_error"":null,""last_sample_age_s"":0.00919863699527923,""reconnect_count"":0,""sample_hz"":20.0,""sample_sequence"":761,""timestamp_us"":9739642592},""fingers"":{""index"":{""has_data"":true,""last_update_ts"":1784118774.8386612,""mapped"":true},""middle"":{""has_data"":true,""last_update_ts"":1784118774.8386612,""mapped"":true},""pinky"":{""has_data"":true,""last_update_ts"":1784118774.8386612,""mapped"":true},""ring"":{""has_data"":true,""last_update_ts"":1784118774.8386612,""mapped"":true},""thumb"":{""has_data"":true,""last_update_ts"":1784118774.8386612,""mapped"":true}},""ports"":{""available"":[""BLE:Dexter""],""unavailable"":[]}}"
1784118774.8979268,1784118774.8978121,763,ble,"{""index"":{""age_s"":0.009152650833129883,""channels"":3,""force"":[0.39080534810644174,-1.9590815169900022],""has_data"":true,""last_update_ts"":1784118774.8886595,""raw"":[15667,16480,19603]},""middle"":{""age_s"":0.009152650833129883,""channels"":3,""force"":[-0.8128558962459964,-1.840853903130002],""has_data"":true,""last_update_ts"":1784118774.8886595,""raw"":[15571,13880,18042]},""pinky"":{""age_s"":0.009152650833129883,""channels"":3,""force"":[-1.0209969980050246,-0.7459995916800013],""has_data"":true,""last_update_ts"":1784118774.8886595,""raw"":[17420,15296,17702]},""ring"":{""age_s"":0.009152650833129883,""channels"":3,""force"":[0.27447706490624846,0.25449465236999824],""has_data"":true,""last_update_ts"":1784118774.8886595,""raw"":[15799,16370,15626]},""thumb"":{""age_s"":0.009152650833129883,""channels"":3,""force"":[0.0,-2.220446049250313e-16],""has_data"":true,""last_update_ts"":1784118774.8886595,""raw"":[0,0,0]}}","{""ble"":{""connection_state"":""connected"",""counter"":994479,""finger_order"":""DexterController.Visualizer"",""last_error"":null,""last_sample_age_s"":0.009176824998576194,""reconnect_count"":0,""sample_hz"":20.0,""sample_sequence"":762,""timestamp_us"":9739699136},""fingers"":{""index"":{""has_data"":true,""last_update_ts"":1784118774.8886595,""mapped"":true},""middle"":{""has_data"":true,""last_update_ts"":1784118774.8886595,""mapped"":true},""pinky"":{""has_data"":true,""last_update_ts"":1784118774.8886595,""mapped"":true},""ring"":{""has_data"":true,""last_update_ts"":1784118774.8886595,""mapped"":true},""thumb"":{""has_data"":true,""last_update_ts"":1784118774.8886595,""mapped"":true}},""ports"":{""available"":[""BLE:Dexter""],""unavailable"":[]}}"
1784118774.9479294,1784118774.9478176,764,ble,"{""index"":{""age_s"":0.009155511856079102,""channels"":3,""force"":[0.49992320052976424,-1.5846940731000005],""has_data"":true,""last_update_ts"":1784118774.938662,""raw"":[15771,16811,19146]},""middle"":{""age_s"":0.009155511856079102,""channels"":3,""force"":[-0.6306723452837044,-2.4367099758000004],""has_data"":true,""last_update_ts"":1784118774.938662,""raw"":[15054,13742,18788]},""pinky"":{""age_s"":0.009155511856079102,""channels"":3,""force"":[-1.0248425610860217,-0.7459995916800013],""has_data"":true,""last_update_ts"":1784118774.938662,""raw"":[17424,15292,17702]},""ring"":{""age_s"":0.009155511856079102,""channels"":3,""force"":[0.2759191510616201,0.2542171227599965],""has_data"":true,""last_update_ts"":1784118774.938662,""raw"":[15798,16372,15627]},""thumb"":{""age_s"":0.009155511856079102,""channels"":3,""force"":[0.0,-2.220446049250313e-16],""has_data"":true,""last_update_ts"":1784118774.938662,""raw"":[0,0,0]}}","{""ble"":{""connection_state"":""connected"",""counter"":994484,""finger_order"":""DexterController.Visualizer"",""last_error"":null,""last_sample_age_s"":0.00917966099223122,""reconnect_count"":0,""sample_hz"":20.0,""sample_sequence"":763,""timestamp_us"":9739746112},""fingers"":{""index"":{""has_data"":true,""last_update_ts"":1784118774.938662,""mapped"":true},""middle"":{""has_data"":true,""last_update_ts"":1784118774.938662,""mapped"":true},""pinky"":{""has_data"":true,""last_update_ts"":1784118774.938662,""mapped"":true},""ring"":{""has_data"":true,""last_update_ts"":1784118774.938662,""mapped"":true},""thumb"":{""has_data"":true,""last_update_ts"":1784118774.938662,""mapped"":true}},""ports"":{""available"":[""BLE:Dexter""],""unavailable"":[]}}"
1784118774.997936,1784118774.9978254,765,ble,"{""index"":{""age_s"":0.00916433334350586,""channels"":3,""force"":[0.5941394960142237,-1.4625810446999994],""has_data"":true,""last_update_ts"":1784118774.988661,""raw"":[15679,16915,18932]},""middle"":{""age_s"":0.00916433334350586,""channels"":3,""force"":[-0.499923200529766,-3.114437283420001],""has_data"":true,""last_update_ts"":1784118774.988661,""raw"":[14577,13537,19668]},""pinky"":{""age_s"":0.00916433334350586,""channels"":3,""force"":[-1.0248425610860217,-0.7493299470000006],""has_data"":true,""last_update_ts"":1784118774.988661,""raw"":[17420,15288,17704]},""ring"":{""age_s"":0.00916433334350586,""channels"":3,""force"":[0.27447706490624846,0.24783394172999795],""has_data"":true,""last_update_ts"":1784118774.988661,""raw"":[15799,16370,15638]},""thumb"":{""age_s"":0.00916433334350586,""channels"":3,""force"":[0.0,-2.220446049250313e-16],""has_data"":true,""last_update_ts"":1784118774.988661,""raw"":[0,0,0]}}","{""ble"":{""connection_state"":""connected"",""counter"":994489,""finger_order"":""DexterController.Visualizer"",""last_error"":null,""last_sample_age_s"":0.009187976000248455,""reconnect_count"":0,""sample_hz"":20.0,""sample_sequence"":764,""timestamp_us"":9739793024},""fingers"":{""index"":{""has_data"":true,""last_update_ts"":1784118774.988661,""mapped"":true},""middle"":{""has_data"":true,""last_update_ts"":1784118774.988661,""mapped"":true},""pinky"":{""has_data"":true,""last_update_ts"":1784118774.988661,""mapped"":true},""ring"":{""has_data"":true,""last_update_ts"":1784118774.988661,""mapped"":true},""thumb"":{""has_data"":true,""last_update_ts"":1784118774.988661,""mapped"":true}},""ports"":{""available"":[""BLE:Dexter""],""unavailable"":[]}}"
1784118775.048013,1784118775.0478802,766,ble,"{""index"":{""age_s"":0.009220123291015625,""channels"":3,""force"":[0.43118376045692486,-0.9660805724100019],""has_data"":true,""last_update_ts"":1784118775.03866,""raw"":[16141,17038,18330]},""middle"":{""age_s"":0.009220123291015625,""channels"":3,""force"":[-0.5104984990025123,-3.5373924090599997],""has_data"":true,""last_update_ts"":1784118775.03866,""raw"":[14334,13272,20176]},""pinky"":{""age_s"":0.009220123291015625,""channels"":3,""force"":[-1.0253232564711467,-0.7468321805100011],""has_data"":true,""last_update_ts"":1784118775.03866,""raw"":[17421,15288,17700]},""ring"":{""age_s"":0.009220123291015625,""channels"":3,""force"":[0.27159289259549624,0.25449465236999913],""has_data"":true,""last_update_ts"":1784118775.03866,""raw"":[15801,16366,15625]},""thumb"":{""age_s"":0.009220123291015625,""channels"":3,""force"":[0.0,-2.220446049250313e-16],""has_data"":true,""last_update_ts"":1784118775.03866,""raw"":[0,0,0]}}","{""ble"":{""connection_state"":""connected"",""counter"":994495,""finger_order"":""DexterController.Visualizer"",""last_error"":null,""last_sample_age_s"":0.009247744994354434,""reconnect_count"":0,""sample_hz"":20.0,""sample_sequence"":765,""timestamp_us"":9739849632},""fingers"":{""index"":{""has_data"":true,""last_update_ts"":1784118775.03866,""mapped"":true},""middle"":{""has_data"":true,""last_update_ts"":1784118775.03866,""mapped"":true},""pinky"":{""has_data"":true,""last_update_ts"":1784118775.03866,""mapped"":true},""ring"":{""has_data"":true,""last_update_ts"":1784118775.03866,""mapped"":true},""thumb"":{""has_data"":true,""last_update_ts"":1784118775.03866,""mapped"":true}},""ports"":{""available"":[""BLE:Dexter""],""unavailable"":[]}}"
1784118775.0979736,1784118775.0978332,767,ble,"{""index"":{""age_s"":0.009172677993774414,""channels"":3,""force"":[0.4225312435246771,-0.8395270702500035],""has_data"":true,""last_update_ts"":1784118775.0886605,""raw"":[16195,17074,18147]},""middle"":{""age_s"":0.009172677993774414,""channels"":3,""force"":[-0.49223207436777017,-3.6794875693800018],""has_data"":true,""last_update_ts"":1784118775.0886605,""raw"":[14106,13082,20223]},""pinky"":{""age_s"":0.009172677993774414,""channels"":3,""force"":[1.1498233612184645,0.3030623341199963],""has_data"":true,""last_update_ts"":1784118775.0886605,""raw"":[16774,19166,17424]},""ring"":{""age_s"":0.009172677993774414,""channels"":3,""force"":[0.34465859113446484,0.6968768507099998],""has_data"":true,""last_update_ts"":1784118775.0886605,""raw"":[15726,16443,14829]},""thumb"":{""age_s"":0.009172677993774414,""channels"":3,""force"":[0.0,-2.220446049250313e-16],""has_data"":true,""last_update_ts"":1784118775.0886605,""raw"":[0,0,0]}}","{""ble"":{""connection_state"":""connected"",""counter"":994500,""finger_order"":""DexterController.Visualizer"",""last_error"":null,""last_sample_age_s"":0.009202216009725817,""reconnect_count"":0,""sample_hz"":20.0,""sample_sequence"":766,""timestamp_us"":9739896672},""fingers"":{""index"":{""has_data"":true,""last_update_ts"":1784118775.0886605,""mapped"":true},""middle"":{""has_data"":true,""last_update_ts"":1784118775.0886605,""mapped"":true},""pinky"":{""has_data"":true,""last_update_ts"":1784118775.0886605,""mapped"":true},""ring"":{""has_data"":true,""last_update_ts"":1784118775.0886605,""mapped"":true},""thumb"":{""has_data"":true,""last_update_ts"":1784118775.0886605,""mapped"":true}},""ports"":{""available"":[""BLE:Dexter""],""unavailable"":[]}}"
1784118775.147976,1784118775.1478329,768,ble,"{""index"":{""age_s"":0.009172201156616211,""channels"":3,""force"":[0.37686518193782526,-0.8325888300000015],""has_data"":true,""last_update_ts"":1784118775.1386607,""raw"":[16279,17063,18171]},""middle"":{""age_s"":0.009172201156616211,""channels"":3,""force"":[-0.496077637448769,-3.4485829338600027],""has_data"":true,""last_update_ts"":1784118775.1386607,""raw"":[14363,13331,20060]},""pinky"":{""age_s"":0.009172201156616211,""channels"":3,""force"":[-1.0229197795455214,-0.743224295580001],""has_data"":true,""last_update_ts"":1784118775.1386607,""raw"":[17419,15291,17694]},""ring"":{""age_s"":0.009172201156616211,""channels"":3,""force"":[0.27351567413599476,0.2494991193899967],""has_data"":true,""last_update_ts"":1784118775.1386607,""raw"":[15798,16367,15633]},""thumb"":{""age_s"":0.009172201156616211,""channels"":3,""force"":[0.0,-2.220446049250313e-16],""has_data"":true,""last_update_ts"":1784118775.1386607,""raw"":[0,0,0]}}","{""ble"":{""connection_state"":""connected"",""counter"":994505,""finger_order"":""DexterController.Visualizer"",""last_error"":null,""last_sample_age_s"":0.009202706991345622,""reconnect_count"":0,""sample_hz"":20.0,""sample_sequence"":767,""timestamp_us"":9739943712},""fingers"":{""index"":{""has_data"":true,""last_update_ts"":1784118775.1386607,""mapped"":true},""middle"":{""has_data"":true,""last_update_ts"":1784118775.1386607,""mapped"":true},""pinky"":{""has_data"":true,""last_update_ts"":1784118775.1386607,""mapped"":true},""ring"":{""has_data"":true,""last_update_ts"":1784118775.1386607,""mapped"":true},""thumb"":{""has_data"":true,""last_update_ts"":1784118775.1386607,""mapped"":true}},""ports"":{""available"":[""BLE:Dexter""],""unavailable"":[]}}"
1784118775.1979702,1784118775.197829,769,ble,"{""index"":{""age_s"":0.009168386459350586,""channels"":3,""force"":[0.19564302174578252,-0.8733856826700039],""has_data"":true,""last_update_ts"":1784118775.1886606,""raw"":[16449,16856,18226]},""middle"":{""age_s"":0.009168386459350586,""channels"":3,""force"":[-0.6258653914324572,-2.4000760672800014],""has_data"":true,""last_update_ts"":1784118775.1886606,""raw"":[15100,13798,18773]},""pinky"":{""age_s"":0.009168386459350586,""channels"":3,""force"":[-1.0277267333967686,-0.7454445324600023],""has_data"":true,""last_update_ts"":1784118775.1886606,""raw"":[17423,15285,17697]},""ring"":{""age_s"":0.009168386459350586,""channels"":3,""force"":[0.27015080644011924,0.26087783339999593],""has_data"":true,""last_update_ts"":1784118775.1886606,""raw"":[15809,16371,15620]},""thumb"":{""age_s"":0.009168386459350586,""channels"":3,""force"":[0.0,-2.220446049250313e-16],""has_data"":true,""last_update_ts"":1784118775.1886606,""raw"":[0,0,0]}}","{""ble"":{""connection_state"":""connected"",""counter"":994510,""finger_order"":""DexterController.Visualizer"",""last_error"":null,""last_sample_age_s"":0.009198579005897045,""reconnect_count"":0,""sample_hz"":20.0,""sample_sequence"":768,""timestamp_us"":9739990752},""fingers"":{""index"":{""has_data"":true,""last_update_ts"":1784118775.1886606,""mapped"":true},""middle"":{""has_data"":true,""last_update_ts"":1784118775.1886606,""mapped"":true},""pinky"":{""has_data"":true,""last_update_ts"":1784118775.1886606,""mapped"":true},""ring"":{""has_data"":true,""last_update_ts"":1784118775.1886606,""mapped"":true},""thumb"":{""has_data"":true,""last_update_ts"":1784118775.1886606,""mapped"":true}},""ports"":{""available"":[""BLE:Dexter""],""unavailable"":[]}}"
1784118775.2479596,1784118775.2478201,770,ble,"{""index"":{""age_s"":0.009160041809082031,""channels"":3,""force"":[-0.055279969289347974,-0.9910582373100008],""has_data"":true,""last_update_ts"":1784118775.23866,""raw"":[16619,16504,18347]},""middle"":{""age_s"":0.009160041809082031,""channels"":3,""force"":[-0.4523343574024139,-1.5139240225500012],""has_data"":true,""last_update_ts"":1784118775.23866,""raw"":[15420,14479,17677]},""pinky"":{""age_s"":0.009160041809082031,""channels"":3,""force"":[-1.0118637856876518,-0.7584884241300047],""has_data"":true,""last_update_ts"":1784118775.23866,""raw"":[17399,15294,17713]},""ring"":{""age_s"":0.009160041809082031,""channels"":3,""force"":[0.2845716679938679,0.23978558303999709],""has_data"":true,""last_update_ts"":1784118775.23866,""raw"":[15782,16374,15646]},""thumb"":{""age_s"":0.009160041809082031,""channels"":3,""force"":[0.0,-2.220446049250313e-16],""has_data"":true,""last_update_ts"":1784118775.23866,""raw"":[0,0,0]}}","{""ble"":{""connection_state"":""connected"",""counter"":994516,""finger_order"":""DexterController.Visualizer"",""last_error"":null,""last_sample_age_s"":0.00919413000519853,""reconnect_count"":0,""sample_hz"":20.0,""sample_sequence"":769,""timestamp_us"":9740046976},""fingers"":{""index"":{""has_data"":true,""last_update_ts"":1784118775.23866,""mapped"":true},""middle"":{""has_data"":true,""last_update_ts"":1784118775.23866,""mapped"":true},""pinky"":{""has_data"":true,""last_update_ts"":1784118775.23866,""mapped"":true},""ring"":{""has_data"":true,""last_update_ts"":1784118775.23866,""mapped"":true},""thumb"":{""has_data"":true,""last_update_ts"":1784118775.23866,""mapped"":true}},""ports"":{""available"":[""BLE:Dexter""],""unavailable"":[]}}"
1784118775.2979677,1784118775.297828,771,ble,"{""index"":{""age_s"":0.0091705322265625,""channels"":3,""force"":[-0.22833030793426978,-0.8151044645700027],""has_data"":true,""last_update_ts"":1784118775.2886574,""raw"":[16904,16429,18135]},""middle"":{""age_s"":0.0091705322265625,""channels"":3,""force"":[-0.4085910773560606,-0.7160263938000018],""has_data"":true,""last_update_ts"":1784118775.2886574,""raw"":[15842,14992,16707]},""pinky"":{""age_s"":0.0091705322265625,""channels"":3,""force"":[-1.0219583887752748,-0.7432242955800019],""has_data"":true,""last_update_ts"":1784118775.2886574,""raw"":[17421,15295,17697]},""ring"":{""age_s"":0.0091705322265625,""channels"":3,""force"":[0.27591915106161835,0.2519968858799979],""has_data"":true,""last_update_ts"":1784118775.2886574,""raw"":[15793,16367,15626]},""thumb"":{""age_s"":0.0091705322265625,""channels"":3,""force"":[0.0,-2.220446049250313e-16],""has_data"":true,""last_update_ts"":1784118775.2886574,""raw"":[0,0,0]}}","{""ble"":{""connection_state"":""connected"",""counter"":994521,""finger_order"":""DexterController.Visualizer"",""last_error"":null,""last_sample_age_s"":0.009199358988553286,""reconnect_count"":0,""sample_hz"":20.0,""sample_sequence"":770,""timestamp_us"":9740093920},""fingers"":{""index"":{""has_data"":true,""last_update_ts"":1784118775.2886574,""mapped"":true},""middle"":{""has_data"":true,""last_update_ts"":1784118775.2886574,""mapped"":true},""pinky"":{""has_data"":true,""last_update_ts"":1784118775.2886574,""mapped"":true},""ring"":{""has_data"":true,""last_update_ts"":1784118775.2886574,""mapped"":true},""thumb"":{""has_data"":true,""last_update_ts"":1784118775.2886574,""mapped"":true}},""ports"":{""available"":[""BLE:Dexter""],""unavailable"":[]}}"
1784118775.3479443,1784118775.3478286,772,ble,"{""index"":{""age_s"":0.009171247482299805,""channels"":3,""force"":[-0.39513160657256563,-0.6544148203800031],""has_data"":true,""last_update_ts"":1784118775.3386574,""raw"":[17167,16345,17935]},""middle"":{""age_s"":0.009171247482299805,""channels"":3,""force"":[-0.35811806191795625,-0.18733248675000347],""has_data"":true,""last_update_ts"":1784118775.3386574,""raw"":[16103,15358,16068]},""pinky"":{""age_s"":0.009171247482299805,""channels"":3,""force"":[-1.0277267333967686,-0.7454445324600023],""has_data"":true,""last_update_ts"":1784118775.3386574,""raw"":[17423,15285,17697]},""ring"":{""age_s"":0.009171247482299805,""channels"":3,""force"":[0.2840909726087446,0.2528294747099986],""has_data"":true,""last_update_ts"":1784118775.3386574,""raw"":[15791,16382,15631]},""thumb"":{""age_s"":0.009171247482299805,""channels"":3,""force"":[0.0,-2.220446049250313e-16],""has_data"":true,""last_update_ts"":1784118775.3386574,""raw"":[0,0,0]}}","{""ble"":{""connection_state"":""connected"",""counter"":994526,""finger_order"":""DexterController.Visualizer"",""last_error"":null,""last_sample_age_s"":0.009195242004352622,""reconnect_count"":0,""sample_hz"":20.0,""sample_sequence"":771,""timestamp_us"":9740140768},""fingers"":{""index"":{""has_data"":true,""last_update_ts"":1784118775.3386574,""mapped"":true},""middle"":{""has_data"":true,""last_update_ts"":1784118775.3386574,""mapped"":true},""pinky"":{""has_data"":true,""last_update_ts"":1784118775.3386574,""mapped"":true},""ring"":{""has_data"":true,""last_update_ts"":1784118775.3386574,""mapped"":true},""thumb"":{""has_data"":true,""last_update_ts"":1784118775.3386574,""mapped"":true}},""ports"":{""available"":[""BLE:Dexter""],""unavailable"":[]}}"
1784118775.3979595,1784118775.3978198,773,ble,"{""index"":{""age_s"":0.009163618087768555,""channels"":3,""force"":[-0.4773305174289053,-0.5769840591900035],""has_data"":true,""last_update_ts"":1784118775.3886561,""raw"":[17244,16251,17787]},""middle"":{""age_s"":0.009163618087768555,""channels"":3,""force"":[-0.34273580959396455,0.18566730908999762],""has_data"":true,""last_update_ts"":1784118775.3886561,""raw"":[16152,15439,15461]},""pinky"":{""age_s"":0.009163618087768555,""channels"":3,""force"":[1.7367524264558156,0.5292489662699982],""has_data"":true,""last_update_ts"":1784118775.3886561,""raw"":[16477,20090,17330]},""ring"":{""age_s"":0.009163618087768555,""channels"":3,""force"":[0.3090871326352307,0.8228752936499966],""has_data"":true,""last_update_ts"":1784118775.3886561,""raw"":[15745,16388,14584]},""thumb"":{""age_s"":0.009163618087768555,""channels"":3,""force"":[0.0,-2.220446049250313e-16],""has_data"":true,""last_update_ts"":1784118775.3886561,""raw"":[0,0,0]}}","{""ble"":{""connection_state"":""connected"",""counter"":994532,""finger_order"":""DexterController.Visualizer"",""last_error"":null,""last_sample_age_s"":0.009192626996082254,""reconnect_count"":0,""sample_hz"":20.0,""sample_sequence"":772,""timestamp_us"":9740197056},""fingers"":{""index"":{""has_data"":true,""last_update_ts"":1784118775.3886561,""mapped"":true},""middle"":{""has_data"":true,""last_update_ts"":1784118775.3886561,""mapped"":true},""pinky"":{""has_data"":true,""last_update_ts"":1784118775.3886561,""mapped"":true},""ring"":{""has_data"":true,""last_update_ts"":1784118775.3886561,""mapped"":true},""thumb"":{""has_data"":true,""last_update_ts"":1784118775.3886561,""mapped"":true}},""ports"":{""available"":[""BLE:Dexter""],""unavailable"":[]}}"
1784118775.447971,1784118775.4478307,774,ble,"{""index"":{""age_s"":0.009180068969726562,""channels"":3,""force"":[-0.4830988620503973,-0.579204296070003],""has_data"":true,""last_update_ts"":1784118775.4386506,""raw"":[17259,16254,17800]},""middle"":{""age_s"":0.009180068969726562,""channels"":3,""force"":[-0.32254660341872743,0.3027848045099981],""has_data"":true,""last_update_ts"":1784118775.4386506,""raw"":[16344,15673,15463]},""pinky"":{""age_s"":0.009180068969726562,""channels"":3,""force"":[-1.0277267333967703,-0.7448894732400015],""has_data"":true,""last_update_ts"":1784118775.4386506,""raw"":[17424,15286,17697]},""ring"":{""age_s"":0.009180068969726562,""channels"":3,""force"":[0.2763998464467434,0.2533845339299976],""has_data"":true,""last_update_ts"":1784118775.4386506,""raw"":[15797,16372,15628]},""thumb"":{""age_s"":0.009180068969726562,""channels"":3,""force"":[0.0,-2.220446049250313e-16],""has_data"":true,""last_update_ts"":1784118775.4386506,""raw"":[0,0,0]}}","{""ble"":{""connection_state"":""connected"",""counter"":994537,""finger_order"":""DexterController.Visualizer"",""last_error"":null,""last_sample_age_s"":0.009208117000525817,""reconnect_count"":0,""sample_hz"":20.0,""sample_sequence"":773,""timestamp_us"":9740244096},""fingers"":{""index"":{""has_data"":true,""last_update_ts"":1784118775.4386506,""mapped"":true},""middle"":{""has_data"":true,""last_update_ts"":1784118775.4386506,""mapped"":true},""pinky"":{""has_data"":true,""last_update_ts"":1784118775.4386506,""mapped"":true},""ring"":{""has_data"":true,""last_update_ts"":1784118775.4386506,""mapped"":true},""thumb"":{""has_data"":true,""last_update_ts"":1784118775.4386506,""mapped"":true}},""ports"":{""available"":[""BLE:Dexter""],""unavailable"":[]}}"
1784118775.497946,1784118775.4978101,775,ble,"{""index"":{""age_s"":0.009160995483398438,""channels"":3,""force"":[-0.4417590589296694,-0.6141730269300032],""has_data"":true,""last_update_ts"":1784118775.4886491,""raw"":[17178,16259,17825]},""middle"":{""age_s"":0.009160995483398438,""channels"":3,""force"":[-0.2773612372169971,0.3971448719099975],""has_data"":true,""last_update_ts"":1784118775.4886491,""raw"":[16363,15786,15359]},""pinky"":{""age_s"":0.009160995483398438,""channels"":3,""force"":[-1.0224390841603945,-0.7473872397300028],""has_data"":true,""last_update_ts"":1784118775.4886491,""raw"":[17415,15288,17698]},""ring"":{""age_s"":0.009160995483398438,""channels"":3,""force"":[0.27543845567649505,0.25393959314999925],""has_data"":true,""last_update_ts"":1784118775.4886491,""raw"":[15797,16370,15626]},""thumb"":{""age_s"":0.009160995483398438,""channels"":3,""force"":[0.0,-2.220446049250313e-16],""has_data"":true,""last_update_ts"":1784118775.4886491,""raw"":[0,0,0]}}","{""ble"":{""connection_state"":""connected"",""counter"":994542,""finger_order"":""DexterController.Visualizer"",""last_error"":null,""last_sample_age_s"":0.009184098991681822,""reconnect_count"":0,""sample_hz"":20.0,""sample_sequence"":774,""timestamp_us"":9740291104},""fingers"":{""index"":{""has_data"":true,""last_update_ts"":1784118775.4886491,""mapped"":true},""middle"":{""has_data"":true,""last_update_ts"":1784118775.4886491,""mapped"":true},""pinky"":{""has_data"":true,""last_update_ts"":1784118775.4886491,""mapped"":true},""ring"":{""has_data"":true,""last_update_ts"":1784118775.4886491,""mapped"":true},""thumb"":{""has_data"":true,""last_update_ts"":1784118775.4886491,""mapped"":true}},""ports"":{""available"":[""BLE:Dexter""],""unavailable"":[]}}"
1784118775.5479238,1784118775.5478048,776,ble,"{""index"":{""age_s"":0.009142875671386719,""channels"":3,""force"":[-0.2932241849261139,-0.6616305902400006],""has_data"":true,""last_update_ts"":1784118775.538662,""raw"":[16988,16378,17875]},""middle"":{""age_s"":0.009142875671386719,""channels"":3,""force"":[-0.19420093559041085,0.47846104763999886],""has_data"":true,""last_update_ts"":1784118775.538662,""raw"":[16348,15944,15284]},""pinky"":{""age_s"":0.009142875671386719,""channels"":3,""force"":[-1.0238811703157698,-0.73989394026],""has_data"":true,""last_update_ts"":1784118775.538662,""raw"":[17423,15293,17691]},""ring"":{""age_s"":0.009142875671386719,""channels"":3,""force"":[0.2860137541492396,0.26337559988999715],""has_data"":true,""last_update_ts"":1784118775.538662,""raw"":[15797,16392,15620]},""thumb"":{""age_s"":0.009142875671386719,""channels"":3,""force"":[0.0,-2.220446049250313e-16],""has_data"":true,""last_update_ts"":1784118775.538662,""raw"":[0,0,0]}}","{""ble"":{""connection_state"":""connected"",""counter"":994548,""finger_order"":""DexterController.Visualizer"",""last_error"":null,""last_sample_age_s"":0.00916637500631623,""reconnect_count"":0,""sample_hz"":20.0,""sample_sequence"":775,""timestamp_us"":9740347584},""fingers"":{""index"":{""has_data"":true,""last_update_ts"":1784118775.538662,""mapped"":true},""middle"":{""has_data"":true,""last_update_ts"":1784118775.538662,""mapped"":true},""pinky"":{""has_data"":true,""last_update_ts"":1784118775.538662,""mapped"":true},""ring"":{""has_data"":true,""last_update_ts"":1784118775.538662,""mapped"":true},""thumb"":{""has_data"":true,""last_update_ts"":1784118775.538662,""mapped"":true}},""ports"":{""available"":[""BLE:Dexter""],""unavailable"":[]}}"
1784118775.59794,1784118775.5978067,777,ble,"{""index"":{""age_s"":0.009163379669189453,""channels"":3,""force"":[-0.03797493542485775,-0.7090881535500015],""has_data"":true,""last_update_ts"":1784118775.5886433,""raw"":[16684,16605,17922]},""middle"":{""age_s"":0.009163379669189453,""channels"":3,""force"":[-0.026918941566988153,0.4124090004599985],""has_data"":true,""last_update_ts"":1784118775.5886433,""raw"":[16150,16094,15379]},""pinky"":{""age_s"":0.009163379669189453,""channels"":3,""force"":[-1.021477693390148,-0.7473872397300001],""has_data"":true,""last_update_ts"":1784118775.5886433,""raw"":[17412,15287,17696]},""ring"":{""age_s"":0.009163379669189453,""channels"":3,""force"":[0.27303497875087146,0.2569924188599977],""has_data"":true,""last_update_ts"":1784118775.5886433,""raw"":[15798,16366,15619]},""thumb"":{""age_s"":0.009163379669189453,""channels"":3,""force"":[0.0,-2.220446049250313e-16],""has_data"":true,""last_update_ts"":1784118775.5886433,""raw"":[0,0,0]}}","{""ble"":{""connection_state"":""connected"",""counter"":994553,""finger_order"":""DexterController.Visualizer"",""last_error"":null,""last_sample_age_s"":0.0091868949966738,""reconnect_count"":0,""sample_hz"":20.0,""sample_sequence"":776,""timestamp_us"":9740394656},""fingers"":{""index"":{""has_data"":true,""last_update_ts"":1784118775.5886433,""mapped"":true},""middle"":{""has_data"":true,""last_update_ts"":1784118775.5886433,""mapped"":true},""pinky"":{""has_data"":true,""last_update_ts"":1784118775.5886433,""mapped"":true},""ring"":{""has_data"":true,""last_update_ts"":1784118775.5886433,""mapped"":true},""thumb"":{""has_data"":true,""last_update_ts"":1784118775.5886433,""mapped"":true}},""ports"":{""available"":[""BLE:Dexter""],""unavailable"":[]}}"
1784118775.6479578,1784118775.6478224,778,ble,"{""index"":{""age_s"":0.009164571762084961,""channels"":3,""force"":[0.3196624311079752,-0.7196342787300027],""has_data"":true,""last_update_ts"":1784118775.6386578,""raw"":[16310,16975,17939]},""middle"":{""age_s"":0.009164571762084961,""channels"":3,""force"":[0.2134287509953996,0.0005550592199989879],""has_data"":true,""last_update_ts"":1784118775.6386578,""raw"":[15657,16101,15878]},""pinky"":{""age_s"":0.009164571762084961,""channels"":3,""force"":[-1.0219583887752712,-0.7415591179200005],""has_data"":true,""last_update_ts"":1784118775.6386578,""raw"":[17423,15297,17696]},""ring"":{""age_s"":0.009164571762084961,""channels"":3,""force"":[0.27207358798062486,0.2547721819799964],""has_data"":true,""last_update_ts"":1784118775.6386578,""raw"":[15803,16369,15627]},""thumb"":{""age_s"":0.009164571762084961,""channels"":3,""force"":[0.0,-2.220446049250313e-16],""has_data"":true,""last_update_ts"":1784118775.6386578,""raw"":[0,0,0]}}","{""ble"":{""connection_state"":""connected"",""counter"":994558,""finger_order"":""DexterController.Visualizer"",""last_error"":null,""last_sample_age_s"":0.009188738986267708,""reconnect_count"":0,""sample_hz"":20.0,""sample_sequence"":777,""timestamp_us"":9740441728},""fingers"":{""index"":{""has_data"":true,""last_update_ts"":1784118775.6386578,""mapped"":true},""middle"":{""has_data"":true,""last_update_ts"":1784118775.6386578,""mapped"":true},""pinky"":{""has_data"":true,""last_update_ts"":1784118775.6386578,""mapped"":true},""ring"":{""has_data"":true,""last_update_ts"":1784118775.6386578,""mapped"":true},""thumb"":{""has_data"":true,""last_update_ts"":1784118775.6386578,""mapped"":true}},""ports"":{""available"":[""BLE:Dexter""],""unavailable"":[]}}"
1784118775.6979408,1784118775.6978061,779,ble,"{""index"":{""age_s"":0.009147405624389648,""channels"":3,""force"":[0.7090256930590435,-0.7362860553300008],""has_data"":true,""last_update_ts"":1784118775.6886587,""raw"":[15845,17320,17909]},""middle"":{""age_s"":0.009147405624389648,""channels"":3,""force"":[0.6907592684243014,-0.6269393889900021],""has_data"":true,""last_update_ts"":1784118775.6886587,""raw"":[14822,16259,16670]},""pinky"":{""age_s"":0.009147405624389648,""channels"":3,""force"":[-0.5403016128802456,-0.5028836533200023],""has_data"":true,""last_update_ts"":1784118775.6886587,""raw"":[17279,16155,17623]},""ring"":{""age_s"":0.009147405624389648,""channels"":3,""force"":[0.30956782802035754,0.3691143812999975],""has_data"":true,""last_update_ts"":1784118775.6886587,""raw"":[15774,16418,15431]},""thumb"":{""age_s"":0.009147405624389648,""channels"":3,""force"":[0.0,-2.220446049250313e-16],""has_data"":true,""last_update_ts"":1784118775.6886587,""raw"":[0,0,0]}}","{""ble"":{""connection_state"":""connected"",""counter"":994564,""finger_order"":""DexterController.Visualizer"",""last_error"":null,""last_sample_age_s"":0.009171876008622348,""reconnect_count"":0,""sample_hz"":20.0,""sample_sequence"":778,""timestamp_us"":9740498240},""fingers"":{""index"":{""has_data"":true,""last_update_ts"":1784118775.6886587,""mapped"":true},""middle"":{""has_data"":true,""last_update_ts"":1784118775.6886587,""mapped"":true},""pinky"":{""has_data"":true,""last_update_ts"":1784118775.6886587,""mapped"":true},""ring"":{""has_data"":true,""last_update_ts"":1784118775.6886587,""mapped"":true},""thumb"":{""has_data"":true,""last_update_ts"":1784118775.6886587,""mapped"":true}},""ports"":{""available"":[""BLE:Dexter""],""unavailable"":[]}}"
1784118775.7479458,1784118775.7478158,780,ble,"{""index"":{""age_s"":0.009157896041870117,""channels"":3,""force"":[0.9570645117834289,-0.8373068333700004],""has_data"":true,""last_update_ts"":1784118775.738658,""raw"":[15517,17508,18021]},""middle"":{""age_s"":0.009157896041870117,""channels"":3,""force"":[1.121943028881227,-1.2999486932400037],""has_data"":true,""last_update_ts"":1784118775.738658,""raw"":[14064,16398,17573]},""pinky"":{""age_s"":0.009157896041870117,""channels"":3,""force"":[-1.0209969980050229,-0.7482198285600017],""has_data"":true,""last_update_ts"":1784118775.738658,""raw"":[17414,15290,17700]},""ring"":{""age_s"":0.009157896041870117,""channels"":3,""force"":[0.27207358798061954,0.2542171227599983],""has_data"":true,""last_update_ts"":1784118775.738658,""raw"":[15801,16367,15626]},""thumb"":{""age_s"":0.009157896041870117,""channels"":3,""force"":[0.0,-2.220446049250313e-16],""has_data"":true,""last_update_ts"":1784118775.738658,""raw"":[0,0,0]}}","{""ble"":{""connection_state"":""connected"",""counter"":994569,""finger_order"":""DexterController.Visualizer"",""last_error"":null,""last_sample_age_s"":0.00918120400456246,""reconnect_count"":0,""sample_hz"":20.0,""sample_sequence"":779,""timestamp_us"":9740545248},""fingers"":{""index"":{""has_data"":true,""last_update_ts"":1784118775.738658,""mapped"":true},""middle"":{""has_data"":true,""last_update_ts"":1784118775.738658,""mapped"":true},""pinky"":{""has_data"":true,""last_update_ts"":1784118775.738658,""mapped"":true},""ring"":{""has_data"":true,""last_update_ts"":1784118775.738658,""mapped"":true},""thumb"":{""has_data"":true,""last_update_ts"":1784118775.738658,""mapped"":true}},""ports"":{""available"":[""BLE:Dexter""],""unavailable"":[]}}"
1784118775.7979608,1784118775.797821,781,ble,"{""index"":{""age_s"":0.009161233901977539,""channels"":3,""force"":[1.24211687516242,-0.8070561058799992],""has_data"":true,""last_update_ts"":1784118775.7886598,""raw"":[15257,17841,18003]},""middle"":{""age_s"":0.009161233901977539,""channels"":3,""force"":[1.3584451583626143,-1.6130020933200004],""has_data"":true,""last_update_ts"":1784118775.7886598,""raw"":[13647,16473,17966]},""pinky"":{""age_s"":0.009161233901977539,""channels"":3,""force"":[-1.0234004749306482,-0.746277121290003],""has_data"":true,""last_update_ts"":1784118775.7886598,""raw"":[17421,15292,17701]},""ring"":{""age_s"":0.009161233901977539,""channels"":3,""force"":[0.2783226279872437,0.2572699484699976],""has_data"":true,""last_update_ts"":1784118775.7886598,""raw"":[15800,16379,15626]},""thumb"":{""age_s"":0.009161233901977539,""channels"":3,""force"":[0.0,-2.220446049250313e-16],""has_data"":true,""last_update_ts"":1784118775.7886598,""raw"":[0,0,0]}}","{""ble"":{""connection_state"":""connected"",""counter"":994574,""finger_order"":""DexterController.Visualizer"",""last_error"":null,""last_sample_age_s"":0.009185372007777914,""reconnect_count"":0,""sample_hz"":20.0,""sample_sequence"":780,""timestamp_us"":9740592288},""fingers"":{""index"":{""has_data"":true,""last_update_ts"":1784118775.7886598,""mapped"":true},""middle"":{""has_data"":true,""last_update_ts"":1784118775.7886598,""mapped"":true},""pinky"":{""has_data"":true,""last_update_ts"":1784118775.7886598,""mapped"":true},""ring"":{""has_data"":true,""last_update_ts"":1784118775.7886598,""mapped"":true},""thumb"":{""has_data"":true,""last_update_ts"":1784118775.7886598,""mapped"":true}},""ports"":{""available"":[""BLE:Dexter""],""unavailable"":[]}}"
1784118775.84795,1784118775.847819,782,ble,"{""index"":{""age_s"":0.009160041809082031,""channels"":3,""force"":[1.854042100426259,-0.7201893379500017],""has_data"":true,""last_update_ts"":1784118775.838659,""raw"":[14696,18553,17922]},""middle"":{""age_s"":0.009160041809082031,""channels"":3,""force"":[1.8785575650676227,-1.7589826681800025],""has_data"":true,""last_update_ts"":1784118775.838659,""raw"":[13035,16943,18158]},""pinky"":{""age_s"":0.009160041809082031,""channels"":3,""force"":[-1.0253232564711485,-0.7484973581699998],""has_data"":true,""last_update_ts"":1784118775.838659,""raw"":[17417,15284,17699]},""ring"":{""age_s"":0.009160041809082031,""channels"":3,""force"":[0.2739963695211216,0.25532724119999717],""has_data"":true,""last_update_ts"":1784118775.838659,""raw"":[15802,16372,15627]},""thumb"":{""age_s"":0.009160041809082031,""channels"":3,""force"":[0.0,-2.220446049250313e-16],""has_data"":true,""last_update_ts"":1784118775.838659,""raw"":[0,0,0]}}","{""ble"":{""connection_state"":""connected"",""counter"":994580,""finger_order"":""DexterController.Visualizer"",""last_error"":null,""last_sample_age_s"":0.009184490991174243,""reconnect_count"":0,""sample_hz"":20.0,""sample_sequence"":781,""timestamp_us"":9740648672},""fingers"":{""index"":{""has_data"":true,""last_update_ts"":1784118775.838659,""mapped"":true},""middle"":{""has_data"":true,""last_update_ts"":1784118775.838659,""mapped"":true},""pinky"":{""has_data"":true,""last_update_ts"":1784118775.838659,""mapped"":true},""ring"":{""has_data"":true,""last_update_ts"":1784118775.838659,""mapped"":true},""thumb"":{""has_data"":true,""last_update_ts"":1784118775.838659,""mapped"":true}},""ports"":{""available"":[""BLE:Dexter""],""unavailable"":[]}}"
1784118775.8979528,1784118775.8978164,783,ble,"{""index"":{""age_s"":0.009157180786132812,""channels"":3,""force"":[2.168897577682989,-0.8042808097800007],""has_data"":true,""last_update_ts"":1784118775.8886592,""raw"":[14326,18838,18031]},""middle"":{""age_s"":0.009157180786132812,""channels"":3,""force"":[2.184760525392104,-1.947980332590002],""has_data"":true,""last_update_ts"":1784118775.8886592,""raw"":[12616,17161,18398]},""pinky"":{""age_s"":0.009157180786132812,""channels"":3,""force"":[-1.021477693390148,-0.7451670028500015],""has_data"":true,""last_update_ts"":1784118775.8886592,""raw"":[17413,15288,17693]},""ring"":{""age_s"":0.009157180786132812,""channels"":3,""force"":[0.2927434895409906,0.2622654814499983],""has_data"":true,""last_update_ts"":1784118775.8886592,""raw"":[15784,16393,15616]},""thumb"":{""age_s"":0.009157180786132812,""channels"":3,""force"":[0.0,-2.220446049250313e-16],""has_data"":true,""last_update_ts"":1784118775.8886592,""raw"":[0,0,0]}}","{""ble"":{""connection_state"":""connected"",""counter"":994585,""finger_order"":""DexterController.Visualizer"",""last_error"":null,""last_sample_age_s"":0.00918123401061166,""reconnect_count"":0,""sample_hz"":20.0,""sample_sequence"":782,""timestamp_us"":9740695584},""fingers"":{""index"":{""has_data"":true,""last_update_ts"":1784118775.8886592,""mapped"":true},""middle"":{""has_data"":true,""last_update_ts"":1784118775.8886592,""mapped"":true},""pinky"":{""has_data"":true,""last_update_ts"":1784118775.8886592,""mapped"":true},""ring"":{""has_data"":true,""last_update_ts"":1784118775.8886592,""mapped"":true},""thumb"":{""has_data"":true,""last_update_ts"":1784118775.8886592,""mapped"":true}},""ports"":{""available"":[""BLE:Dexter""],""unavailable"":[]}}"
1784118775.9479477,1784118775.9478145,784,ble,"{""index"":{""age_s"":0.009155035018920898,""channels"":3,""force"":[2.3861718917593855,-0.8464653105000028],""has_data"":true,""last_update_ts"":1784118775.9386594,""raw"":[14106,19070,18113]},""middle"":{""age_s"":0.009155035018920898,""channels"":3,""force"":[2.279938211646808,-2.095626085110001],""has_data"":true,""last_update_ts"":1784118775.9386594,""raw"":[12431,17174,18578]},""pinky"":{""age_s"":0.009155035018920898,""channels"":3,""force"":[-1.0282074287818936,-0.7285152262500025],""has_data"":true,""last_update_ts"":1784118775.9386594,""raw"":[17436,15297,17679]},""ring"":{""age_s"":0.009155035018920898,""channels"":3,""force"":[0.2687087202847511,0.25615983002999787],""has_data"":true,""last_update_ts"":1784118775.9386594,""raw"":[15807,16366,15625]},""thumb"":{""age_s"":0.009155035018920898,""channels"":3,""force"":[0.0,-2.220446049250313e-16],""has_data"":true,""last_update_ts"":1784118775.9386594,""raw"":[0,0,0]}}","{""ble"":{""connection_state"":""connected"",""counter"":994590,""finger_order"":""DexterController.Visualizer"",""last_error"":null,""last_sample_age_s"":0.009178589010844007,""reconnect_count"":0,""sample_hz"":20.0,""sample_sequence"":783,""timestamp_us"":9740742560},""fingers"":{""index"":{""has_data"":true,""last_update_ts"":1784118775.9386594,""mapped"":true},""middle"":{""has_data"":true,""last_update_ts"":1784118775.9386594,""mapped"":true},""pinky"":{""has_data"":true,""last_update_ts"":1784118775.9386594,""mapped"":true},""ring"":{""has_data"":true,""last_update_ts"":1784118775.9386594,""mapped"":true},""thumb"":{""has_data"":true,""last_update_ts"":1784118775.9386594,""mapped"":true}},""ports"":{""available"":[""BLE:Dexter""],""unavailable"":[]}}"
1784118775.997949,1784118775.997815,785,ble,"{""index"":{""age_s"":0.009156465530395508,""channels"":3,""force"":[2.590467430437416,-0.7296253446900023],""has_data"":true,""last_update_ts"":1784118775.9886584,""raw"":[14003,19392,18012]},""middle"":{""age_s"":0.009156465530395508,""channels"":3,""force"":[2.3054150670584237,-2.170836609420001],""has_data"":true,""last_update_ts"":1784118775.9886584,""raw"":[12366,17162,18675]},""pinky"":{""age_s"":0.009156465530395508,""channels"":3,""force"":[-1.0248425610860217,-0.7360085257200035],""has_data"":true,""last_update_ts"":1784118775.9886584,""raw"":[17428,15296,17688]},""ring"":{""age_s"":0.009156465530395508,""channels"":3,""force"":[0.26870872028474935,0.2544946523700009],""has_data"":true,""last_update_ts"":1784118775.9886584,""raw"":[15805,16364,15626]},""thumb"":{""age_s"":0.009156465530395508,""channels"":3,""force"":[0.0,-2.220446049250313e-16],""has_data"":true,""last_update_ts"":1784118775.9886584,""raw"":[0,0,0]}}","{""ble"":{""connection_state"":""connected"",""counter"":994596,""finger_order"":""DexterController.Visualizer"",""last_error"":null,""last_sample_age_s"":0.009180473003652878,""reconnect_count"":0,""sample_hz"":20.0,""sample_sequence"":784,""timestamp_us"":9740799104},""fingers"":{""index"":{""has_data"":true,""last_update_ts"":1784118775.9886584,""mapped"":true},""middle"":{""has_data"":true,""last_update_ts"":1784118775.9886584,""mapped"":true},""pinky"":{""has_data"":true,""last_update_ts"":1784118775.9886584,""mapped"":true},""ring"":{""has_data"":true,""last_update_ts"":1784118775.9886584,""mapped"":true},""thumb"":{""has_data"":true,""last_update_ts"":1784118775.9886584,""mapped"":true}},""ports"":{""available"":[""BLE:Dexter""],""unavailable"":[]}}"
1784118776.0479496,1784118776.0478184,786,ble,"{""index"":{""age_s"":0.009159088134765625,""channels"":3,""force"":[2.811106612209688,-0.7126960384800007],""has_data"":true,""last_update_ts"":1784118776.0386593,""raw"":[13784,19632,17992]},""middle"":{""age_s"":0.009159088134765625,""channels"":3,""force"":[2.5452820642356855,-2.031239215590002],""has_data"":true,""last_update_ts"":1784118776.0386593,""raw"":[12207,17502,18514]},""pinky"":{""age_s"":0.009159088134765625,""channels"":3,""force"":[-1.0176321303091473,-0.7573783056900032],""has_data"":true,""last_update_ts"":1784118776.0386593,""raw"":[17403,15286,17709]},""ring"":{""age_s"":0.009159088134765625,""channels"":3,""force"":[0.2711121972103765,0.2353451092799963],""has_data"":true,""last_update_ts"":1784118776.0386593,""raw"":[15795,16359,15653]},""thumb"":{""age_s"":0.009159088134765625,""channels"":3,""force"":[0.0,-2.220446049250313e-16],""has_data"":true,""last_update_ts"":1784118776.0386593,""raw"":[0,0,0]}}","{""ble"":{""connection_state"":""connected"",""counter"":994601,""finger_order"":""DexterController.Visualizer"",""last_error"":null,""last_sample_age_s"":0.00918169500073418,""reconnect_count"":0,""sample_hz"":20.0,""sample_sequence"":785,""timestamp_us"":9740846080},""fingers"":{""index"":{""has_data"":true,""last_update_ts"":1784118776.0386593,""mapped"":true},""middle"":{""has_data"":true,""last_update_ts"":1784118776.0386593,""mapped"":true},""pinky"":{""has_data"":true,""last_update_ts"":1784118776.0386593,""mapped"":true},""ring"":{""has_data"":true,""last_update_ts"":1784118776.0386593,""mapped"":true},""thumb"":{""has_data"":true,""last_update_ts"":1784118776.0386593,""mapped"":true}},""ports"":{""available"":[""BLE:Dexter""],""unavailable"":[]}}"
1784118776.097978,1784118776.0978184,787,ble,"{""index"":{""age_s"":0.009159088134765625,""channels"":3,""force"":[2.7885139291088237,-0.75182771349],""has_data"":true,""last_update_ts"":1784118776.0886593,""raw"":[13765,19566,18020]},""middle"":{""age_s"":0.009159088134765625,""channels"":3,""force"":[2.578930741194421,-2.0134773205500016],""has_data"":true,""last_update_ts"":1784118776.0886593,""raw"":[12191,17556,18501]},""pinky"":{""age_s"":0.009159088134765625,""channels"":3,""force"":[-1.0238811703157715,-0.7476647693400036],""has_data"":true,""last_update_ts"":1784118776.0886593,""raw"":[17419,15289,17701]},""ring"":{""age_s"":0.009159088134765625,""channels"":3,""force"":[0.27303497875087146,0.25144182665999804],""has_data"":true,""last_update_ts"":1784118776.0886593,""raw"":[15799,16367,15630]},""thumb"":{""age_s"":0.009159088134765625,""channels"":3,""force"":[0.0,-2.220446049250313e-16],""has_data"":true,""last_update_ts"":1784118776.0886593,""raw"":[0,0,0]}}","{""ble"":{""connection_state"":""connected"",""counter"":994606,""finger_order"":""DexterController.Visualizer"",""last_error"":null,""last_sample_age_s"":0.009183689995552413,""reconnect_count"":0,""sample_hz"":20.0,""sample_sequence"":786,""timestamp_us"":9740892992},""fingers"":{""index"":{""has_data"":true,""last_update_ts"":1784118776.0886593,""mapped"":true},""middle"":{""has_data"":true,""last_update_ts"":1784118776.0886593,""mapped"":true},""pinky"":{""has_data"":true,""last_update_ts"":1784118776.0886593,""mapped"":true},""ring"":{""has_data"":true,""last_update_ts"":1784118776.0886593,""mapped"":true},""thumb"":{""has_data"":true,""last_update_ts"":1784118776.0886593,""mapped"":true}},""ports"":{""available"":[""BLE:Dexter""],""unavailable"":[]}}"
1784118776.147975,1784118776.1478047,788,ble,"{""index"":{""age_s"":0.009145259857177734,""channels"":3,""force"":[2.7149675351847318,-0.7082555647200017],""has_data"":true,""last_update_ts"":1784118776.1386595,""raw"":[13861,19509,17961]},""middle"":{""age_s"":0.009145259857177734,""channels"":3,""force"":[2.496251134952961,-1.9685175237300019],""has_data"":true,""last_update_ts"":1784118776.1386595,""raw"":[12311,17504,18454]},""pinky"":{""age_s"":0.009145259857177734,""channels"":3,""force"":[-1.0219583887752712,-0.7404489994800016],""has_data"":true,""last_update_ts"":1784118776.1386595,""raw"":[17419,15293,17690]},""ring"":{""age_s"":0.009145259857177734,""channels"":3,""force"":[0.287455840304613,0.26642842559999735],""has_data"":true,""last_update_ts"":1784118776.1386595,""raw"":[15797,16395,15616]},""thumb"":{""age_s"":0.009145259857177734,""channels"":3,""force"":[0.0,-2.220446049250313e-16],""has_data"":true,""last_update_ts"":1784118776.1386595,""raw"":[0,0,0]}}","{""ble"":{""connection_state"":""connected"",""counter"":994612,""finger_order"":""DexterController.Visualizer"",""last_error"":null,""last_sample_age_s"":0.009169741009827703,""reconnect_count"":0,""sample_hz"":20.0,""sample_sequence"":787,""timestamp_us"":9740949440},""fingers"":{""index"":{""has_data"":true,""last_update_ts"":1784118776.1386595,""mapped"":true},""middle"":{""has_data"":true,""last_update_ts"":1784118776.1386595,""mapped"":true},""pinky"":{""has_data"":true,""last_update_ts"":1784118776.1386595,""mapped"":true},""ring"":{""has_data"":true,""last_update_ts"":1784118776.1386595,""mapped"":true},""thumb"":{""has_data"":true,""last_update_ts"":1784118776.1386595,""mapped"":true}},""ports"":{""available"":[""BLE:Dexter""],""unavailable"":[]}}"
1784118776.1979673,1784118776.197814,789,ble,"{""index"":{""age_s"":0.009154558181762695,""channels"":3,""force"":[2.7447706490624686,-0.7004847356400035],""has_data"":true,""last_update_ts"":1784118776.1886594,""raw"":[13789,19499,17906]},""middle"":{""age_s"":0.009154558181762695,""channels"":3,""force"":[2.587102562741542,-1.8361358997600012],""has_data"":true,""last_update_ts"":1784118776.1886594,""raw"":[12174,17556,18173]},""pinky"":{""age_s"":0.009154558181762695,""channels"":3,""force"":[1.7156018295103248,0.5242534332899993],""has_data"":true,""last_update_ts"":1784118776.1886594,""raw"":[16493,20062,17333]},""ring"":{""age_s"":0.009154558181762695,""channels"":3,""force"":[0.31822034495260354,0.8070561058799965],""has_data"":true,""last_update_ts"":1784118776.1886594,""raw"":[15742,16404,14619]},""thumb"":{""age_s"":0.009154558181762695,""channels"":3,""force"":[0.0,-2.220446049250313e-16],""has_data"":true,""last_update_ts"":1784118776.1886594,""raw"":[0,0,0]}}","{""ble"":{""connection_state"":""connected"",""counter"":994617,""finger_order"":""DexterController.Visualizer"",""last_error"":null,""last_sample_age_s"":0.009178139007417485,""reconnect_count"":0,""sample_hz"":20.0,""sample_sequence"":788,""timestamp_us"":9740996512},""fingers"":{""index"":{""has_data"":true,""last_update_ts"":1784118776.1886594,""mapped"":true},""middle"":{""has_data"":true,""last_update_ts"":1784118776.1886594,""mapped"":true},""pinky"":{""has_data"":true,""last_update_ts"":1784118776.1886594,""mapped"":true},""ring"":{""has_data"":true,""last_update_ts"":1784118776.1886594,""mapped"":true},""thumb"":{""has_data"":true,""last_update_ts"":1784118776.1886594,""mapped"":true}},""ports"":{""available"":[""BLE:Dexter""],""unavailable"":[]}}"
1784118776.2479768,1784118776.247834,790,ble,"{""index"":{""age_s"":0.009174823760986328,""channels"":3,""force"":[2.689971375158243,-0.7387838218200002],""has_data"":true,""last_update_ts"":1784118776.2386591,""raw"":[13855,19451,17984]},""middle"":{""age_s"":0.009174823760986328,""channels"":3,""force"":[2.5649905750258046,-1.9554736320600012],""has_data"":true,""last_update_ts"":1784118776.2386591,""raw"":[12270,17606,18461]},""pinky"":{""age_s"":0.009174823760986328,""channels"":3,""force"":[-1.0272460380116453,-0.7435018251900019],""has_data"":true,""last_update_ts"":1784118776.2386591,""raw"":[17426,15289,17697]},""ring"":{""age_s"":0.009174823760986328,""channels"":3,""force"":[0.27303497875087324,0.2503317082199974],""has_data"":true,""last_update_ts"":1784118776.2386591,""raw"":[15800,16368,15633]},""thumb"":{""age_s"":0.009174823760986328,""channels"":3,""force"":[0.0,-2.220446049250313e-16],""has_data"":true,""last_update_ts"":1784118776.2386591,""raw"":[0,0,0]}}","{""ble"":{""connection_state"":""connected"",""counter"":994622,""finger_order"":""DexterController.Visualizer"",""last_error"":null,""last_sample_age_s"":0.009202556000673212,""reconnect_count"":0,""sample_hz"":20.0,""sample_sequence"":789,""timestamp_us"":9741043456},""fingers"":{""index"":{""has_data"":true,""last_update_ts"":1784118776.2386591,""mapped"":true},""middle"":{""has_data"":true,""last_update_ts"":1784118776.2386591,""mapped"":true},""pinky"":{""has_data"":true,""last_update_ts"":1784118776.2386591,""mapped"":true},""ring"":{""has_data"":true,""last_update_ts"":1784118776.2386591,""mapped"":true},""thumb"":{""has_data"":true,""last_update_ts"":1784118776.2386591,""mapped"":true}},""ports"":{""available"":[""BLE:Dexter""],""unavailable"":[]}}"
1784118776.297967,1784118776.2978275,791,ble,"{""index"":{""age_s"":0.009168386459350586,""channels"":3,""force"":[2.6721856459086277,-0.7373961737700006],""has_data"":true,""last_update_ts"":1784118776.288659,""raw"":[13884,19443,17992]},""middle"":{""age_s"":0.009168386459350586,""channels"":3,""force"":[2.5226893811348203,-1.9704602310000032],""has_data"":true,""last_update_ts"":1784118776.288659,""raw"":[12299,17547,18473]},""pinky"":{""age_s"":0.009168386459350586,""channels"":3,""force"":[-1.0195549118496476,-0.7429467659700038],""has_data"":true,""last_update_ts"":1784118776.288659,""raw"":[17415,15294,17693]},""ring"":{""age_s"":0.009168386459350586,""channels"":3,""force"":[0.2773612372169971,0.25282947470999595],""has_data"":true,""last_update_ts"":1784118776.288659,""raw"":[15791,16368,15624]},""thumb"":{""age_s"":0.009168386459350586,""channels"":3,""force"":[0.0,-2.220446049250313e-16],""has_data"":true,""last_update_ts"":1784118776.288659,""raw"":[0,0,0]}}","{""ble"":{""connection_state"":""connected"",""counter"":994628,""finger_order"":""DexterController.Visualizer"",""last_error"":null,""last_sample_age_s"":0.009196665007038973,""reconnect_count"":0,""sample_hz"":20.0,""sample_sequence"":790,""timestamp_us"":9741099840},""fingers"":{""index"":{""has_data"":true,""last_update_ts"":1784118776.288659,""mapped"":true},""middle"":{""has_data"":true,""last_update_ts"":1784118776.288659,""mapped"":true},""pinky"":{""has_data"":true,""last_update_ts"":1784118776.288659,""mapped"":true},""ring"":{""has_data"":true,""last_update_ts"":1784118776.288659,""mapped"":true},""thumb"":{""has_data"":true,""last_update_ts"":1784118776.288659,""mapped"":true}},""ports"":{""available"":[""BLE:Dexter""],""unavailable"":[]}}"
1784118776.3479416,1784118776.347827,792,ble,"{""index"":{""age_s"":0.009167909622192383,""channels"":3,""force"":[2.6193091535449007,-0.7385062922100012],""has_data"":true,""last_update_ts"":1784118776.338659,""raw"":[13937,19386,17992]},""middle"":{""age_s"":0.009167909622192383,""channels"":3,""force"":[2.4770233195479685,-1.9979356623900024],""has_data"":true,""last_update_ts"":1784118776.338659,""raw"":[12319,17472,18495]},""pinky"":{""age_s"":0.009167909622192383,""channels"":3,""force"":[-1.0214776933901497,-0.7412815883100006],""has_data"":true,""last_update_ts"":1784118776.338659,""raw"":[17417,15292,17690]},""ring"":{""age_s"":0.009167909622192383,""channels"":3,""force"":[0.29034001261536524,0.26198795183999657],""has_data"":true,""last_update_ts"":1784118776.338659,""raw"":[15794,16398,15624]},""thumb"":{""age_s"":0.009167909622192383,""channels"":3,""force"":[0.0,-2.220446049250313e-16],""has_data"":true,""last_update_ts"":1784118776.338659,""raw"":[0,0,0]}}","{""ble"":{""connection_state"":""connected"",""counter"":994633,""finger_order"":""DexterController.Visualizer"",""last_error"":null,""last_sample_age_s"":0.009191774995997548,""reconnect_count"":0,""sample_hz"":20.0,""sample_sequence"":791,""timestamp_us"":9741146880},""fingers"":{""index"":{""has_data"":true,""last_update_ts"":1784118776.338659,""mapped"":true},""middle"":{""has_data"":true,""last_update_ts"":1784118776.338659,""mapped"":true},""pinky"":{""has_data"":true,""last_update_ts"":1784118776.338659,""mapped"":true},""ring"":{""has_data"":true,""last_update_ts"":1784118776.338659,""mapped"":true},""thumb"":{""has_data"":true,""last_update_ts"":1784118776.338659,""mapped"":true}},""ports"":{""available"":[""BLE:Dexter""],""unavailable"":[]}}"
1784118776.3979428,1784118776.397827,793,ble,"{""index"":{""age_s"":0.009172677993774414,""channels"":3,""force"":[2.552973190397684,-0.7118634496500018],""has_data"":true,""last_update_ts"":1784118776.3886542,""raw"":[14047,19358,17985]},""middle"":{""age_s"":0.009172677993774414,""channels"":3,""force"":[2.452988550291729,-1.975733293590003],""has_data"":true,""last_update_ts"":1784118776.3886542,""raw"":[12345,17448,18456]},""pinky"":{""age_s"":0.009172677993774414,""channels"":3,""force"":[-1.0258039518562718,-0.7421141771399986],""has_data"":true,""last_update_ts"":1784118776.3886542,""raw"":[17421,15287,17691]},""ring"":{""age_s"":0.009172677993774414,""channels"":3,""force"":[0.27351567413599653,0.2533845339299976],""has_data"":true,""last_update_ts"":1784118776.3886542,""raw"":[15801,16370,15629]},""thumb"":{""age_s"":0.009172677993774414,""channels"":3,""force"":[0.0,-2.220446049250313e-16],""has_data"":true,""last_update_ts"":1784118776.3886542,""raw"":[0,0,0]}}","{""ble"":{""connection_state"":""connected"",""counter"":994638,""finger_order"":""DexterController.Visualizer"",""last_error"":null,""last_sample_age_s"":0.00919698599318508,""reconnect_count"":0,""sample_hz"":20.0,""sample_sequence"":792,""timestamp_us"":9741193952},""fingers"":{""index"":{""has_data"":true,""last_update_ts"":1784118776.3886542,""mapped"":true},""middle"":{""has_data"":true,""last_update_ts"":1784118776.3886542,""mapped"":true},""pinky"":{""has_data"":true,""last_update_ts"":1784118776.3886542,""mapped"":true},""ring"":{""has_data"":true,""last_update_ts"":1784118776.3886542,""mapped"":true},""thumb"":{""has_data"":true,""last_update_ts"":1784118776.3886542,""mapped"":true}},""ports"":{""available"":[""BLE:Dexter""],""unavailable"":[]}}"
1784118776.447971,1784118776.4478304,794,ble,"{""index"":{""age_s"":0.009171009063720703,""channels"":3,""force"":[2.4376062979677364,-0.7584884241300003],""has_data"":true,""last_update_ts"":1784118776.4386594,""raw"":[14155,19226,18057]},""middle"":{""age_s"":0.009171009063720703,""channels"":3,""force"":[2.423666131799119,-1.967129875680003],""has_data"":true,""last_update_ts"":1784118776.4386594,""raw"":[12362,17404,18427]},""pinky"":{""age_s"":0.009171009063720703,""channels"":3,""force"":[-1.0238811703157698,-0.7487748877800016],""has_data"":true,""last_update_ts"":1784118776.4386594,""raw"":[17418,15288,17702]},""ring"":{""age_s"":0.009171009063720703,""channels"":3,""force"":[0.2759191510616219,0.24922158977999764],""has_data"":true,""last_update_ts"":1784118776.4386594,""raw"":[15796,16370,15634]},""thumb"":{""age_s"":0.009171009063720703,""channels"":3,""force"":[0.0,-2.220446049250313e-16],""has_data"":true,""last_update_ts"":1784118776.4386594,""raw"":[0,0,0]}}","{""ble"":{""connection_state"":""connected"",""counter"":994643,""finger_order"":""DexterController.Visualizer"",""last_error"":null,""last_sample_age_s"":0.009198738989653066,""reconnect_count"":0,""sample_hz"":20.0,""sample_sequence"":793,""timestamp_us"":9741240960},""fingers"":{""index"":{""has_data"":true,""last_update_ts"":1784118776.4386594,""mapped"":true},""middle"":{""has_data"":true,""last_update_ts"":1784118776.4386594,""mapped"":true},""pinky"":{""has_data"":true,""last_update_ts"":1784118776.4386594,""mapped"":true},""ring"":{""has_data"":true,""last_update_ts"":1784118776.4386594,""mapped"":true},""thumb"":{""has_data"":true,""last_update_ts"":1784118776.4386594,""mapped"":true}},""ports"":{""available"":[""BLE:Dexter""],""unavailable"":[]}}"
1784118776.4979677,1784118776.4978292,795,ble,"{""index"":{""age_s"":0.009169578552246094,""channels"":3,""force"":[2.384729805604014,-0.7856863259100013],""has_data"":true,""last_update_ts"":1784118776.4886596,""raw"":[14163,19124,18059]},""middle"":{""age_s"":0.009169578552246094,""channels"":3,""force"":[2.414052224096623,-1.9238352565200003],""has_data"":true,""last_update_ts"":1784118776.4886596,""raw"":[12252,17274,18229]},""pinky"":{""age_s"":0.009169578552246094,""channels"":3,""force"":[1.6103295401680011,0.4867869359399988],""has_data"":true,""last_update_ts"":1784118776.4886596,""raw"":[16539,19889,17337]},""ring"":{""age_s"":0.009169578552246094,""channels"":3,""force"":[0.33792885574271736,0.7917919773299982],""has_data"":true,""last_update_ts"":1784118776.4886596,""raw"":[15731,16434,14656]},""thumb"":{""age_s"":0.009169578552246094,""channels"":3,""force"":[0.0,-2.220446049250313e-16],""has_data"":true,""last_update_ts"":1784118776.4886596,""raw"":[0,0,0]}}","{""ble"":{""connection_state"":""connected"",""counter"":994649,""finger_order"":""DexterController.Visualizer"",""last_error"":null,""last_sample_age_s"":0.009198198007652536,""reconnect_count"":0,""sample_hz"":20.0,""sample_sequence"":794,""timestamp_us"":9741297472},""fingers"":{""index"":{""has_data"":true,""last_update_ts"":1784118776.4886596,""mapped"":true},""middle"":{""has_data"":true,""last_update_ts"":1784118776.4886596,""mapped"":true},""pinky"":{""has_data"":true,""last_update_ts"":1784118776.4886596,""mapped"":true},""ring"":{""has_data"":true,""last_update_ts"":1784118776.4886596,""mapped"":true},""thumb"":{""has_data"":true,""last_update_ts"":1784118776.4886596,""mapped"":true}},""ports"":{""available"":[""BLE:Dexter""],""unavailable"":[]}}"
1784118776.5479708,1784118776.5478308,796,ble,"{""index"":{""age_s"":0.009171724319458008,""channels"":3,""force"":[2.2828223839575603,-0.7962324510900016],""has_data"":true,""last_update_ts"":1784118776.538659,""raw"":[14309,19058,18118]},""middle"":{""age_s"":0.009171724319458008,""channels"":3,""force"":[2.335698876321284,-2.021803208850004],""has_data"":true,""last_update_ts"":1784118776.538659,""raw"":[12404,17263,18476]},""pinky"":{""age_s"":0.009171724319458008,""channels"":3,""force"":[-1.0315722964777674,-0.7432242955800037],""has_data"":true,""last_update_ts"":1784118776.538659,""raw"":[17435,15289,17701]},""ring"":{""age_s"":0.009171724319458008,""channels"":3,""force"":[0.27880332337237057,0.2547721819799973],""has_data"":true,""last_update_ts"":1784118776.538659,""raw"":[15795,16375,15626]},""thumb"":{""age_s"":0.009171724319458008,""channels"":3,""force"":[0.0,-2.220446049250313e-16],""has_data"":true,""last_update_ts"":1784118776.538659,""raw"":[0,0,0]}}","{""ble"":{""connection_state"":""connected"",""counter"":994654,""finger_order"":""DexterController.Visualizer"",""last_error"":null,""last_sample_age_s"":0.00920046100509353,""reconnect_count"":0,""sample_hz"":20.0,""sample_sequence"":795,""timestamp_us"":9741344480},""fingers"":{""index"":{""has_data"":true,""last_update_ts"":1784118776.538659,""mapped"":true},""middle"":{""has_data"":true,""last_update_ts"":1784118776.538659,""mapped"":true},""pinky"":{""has_data"":true,""last_update_ts"":1784118776.538659,""mapped"":true},""ring"":{""has_data"":true,""last_update_ts"":1784118776.538659,""mapped"":true},""thumb"":{""has_data"":true,""last_update_ts"":1784118776.538659,""mapped"":true}},""ports"":{""available"":[""BLE:Dexter""],""unavailable"":[]}}"
1784118776.5979686,1784118776.59783,797,ble,"{""index"":{""age_s"":0.009172201156616211,""channels"":3,""force"":[2.225619633127712,-0.7787480856600029],""has_data"":true,""last_update_ts"":1784118776.5886579,""raw"":[14373,19003,18091]},""middle"":{""age_s"":0.009172201156616211,""channels"":3,""force"":[2.272727780869939,-2.0148649686000013],""has_data"":true,""last_update_ts"":1784118776.5886579,""raw"":[12468,17196,18462]},""pinky"":{""age_s"":0.009172201156616211,""channels"":3,""force"":[-1.0272460380116453,-0.7423917067500021],""has_data"":true,""last_update_ts"":1784118776.5886579,""raw"":[17424,15287,17693]},""ring"":{""age_s"":0.009172201156616211,""channels"":3,""force"":[0.27495776029137176,0.25588230041999793],""has_data"":true,""last_update_ts"":1784118776.5886579,""raw"":[15800,16372,15625]},""thumb"":{""age_s"":0.009172201156616211,""channels"":3,""force"":[0.0,-2.220446049250313e-16],""has_data"":true,""last_update_ts"":1784118776.5886579,""raw"":[0,0,0]}}","{""ble"":{""connection_state"":""connected"",""counter"":994659,""finger_order"":""DexterController.Visualizer"",""last_error"":null,""last_sample_age_s"":0.00920010199479293,""reconnect_count"":0,""sample_hz"":20.0,""sample_sequence"":796,""timestamp_us"":9741391520},""fingers"":{""index"":{""has_data"":true,""last_update_ts"":1784118776.5886579,""mapped"":true},""middle"":{""has_data"":true,""last_update_ts"":1784118776.5886579,""mapped"":true},""pinky"":{""has_data"":true,""last_update_ts"":1784118776.5886579,""mapped"":true},""ring"":{""has_data"":true,""last_update_ts"":1784118776.5886579,""mapped"":true},""thumb"":{""has_data"":true,""last_update_ts"":1784118776.5886579,""mapped"":true}},""ports"":{""available"":[""BLE:Dexter""],""unavailable"":[]}}"
1784118776.6479707,1784118776.6478314,798,ble,"{""index"":{""age_s"":0.00917196273803711,""channels"":3,""force"":[2.1496697622779966,-0.7321231111800017],""has_data"":true,""last_update_ts"":1784118776.6386595,""raw"":[14497,18969,18052]},""middle"":{""age_s"":0.00917196273803711,""channels"":3,""force"":[2.184279830006978,-2.0015435473200043],""has_data"":true,""last_update_ts"":1784118776.6386595,""raw"":[12559,17103,18437]},""pinky"":{""age_s"":0.00917196273803711,""channels"":3,""force"":[-1.0243618657008984,-0.7451670028500015],""has_data"":true,""last_update_ts"":1784118776.6386595,""raw"":[17420,15289,17697]},""ring"":{""age_s"":0.00917196273803711,""channels"":3,""force"":[0.27543845567649683,0.25449465236999647],""has_data"":true,""last_update_ts"":1784118776.6386595,""raw"":[15799,16372,15627]},""thumb"":{""age_s"":0.00917196273803711,""channels"":3,""force"":[0.0,-2.220446049250313e-16],""has_data"":true,""last_update_ts"":1784118776.6386595,""raw"":[0,0,0]}}","{""ble"":{""connection_state"":""connected"",""counter"":994665,""finger_order"":""DexterController.Visualizer"",""last_error"":null,""last_sample_age_s"":0.009200572996633127,""reconnect_count"":0,""sample_hz"":20.0,""sample_sequence"":797,""timestamp_us"":9741447936},""fingers"":{""index"":{""has_data"":true,""last_update_ts"":1784118776.6386595,""mapped"":true},""middle"":{""has_data"":true,""last_update_ts"":1784118776.6386595,""mapped"":true},""pinky"":{""has_data"":true,""last_update_ts"":1784118776.6386595,""mapped"":true},""ring"":{""has_data"":true,""last_update_ts"":1784118776.6386595,""mapped"":true},""thumb"":{""has_data"":true,""last_update_ts"":1784118776.6386595,""mapped"":true}},""ports"":{""available"":[""BLE:Dexter""],""unavailable"":[]}}"
1784118776.6979709,1784118776.6978307,799,ble,"{""index"":{""age_s"":0.009172916412353516,""channels"":3,""force"":[2.086217971441526,-0.6888284920200007],""has_data"":true,""last_update_ts"":1784118776.6886578,""raw"":[14592,18932,18003]},""middle"":{""age_s"":0.009172916412353516,""channels"":3,""force"":[2.0746812821985294,-1.9249453749600018],""has_data"":true,""last_update_ts"":1784118776.6886578,""raw"":[12720,17036,18346]},""pinky"":{""age_s"":0.009172916412353516,""channels"":3,""force"":[-1.0243618657008966,-0.7368411145500016],""has_data"":true,""last_update_ts"":1784118776.6886578,""raw"":[17424,15293,17686]},""ring"":{""age_s"":0.009172916412353516,""channels"":3,""force"":[0.2864944495343664,0.2658733663799975],""has_data"":true,""last_update_ts"":1784118776.6886578,""raw"":[15796,16392,15615]},""thumb"":{""age_s"":0.009172916412353516,""channels"":3,""force"":[0.0,-2.220446049250313e-16],""has_data"":true,""last_update_ts"":1784118776.6886578,""raw"":[0,0,0]}}","{""ble"":{""connection_state"":""connected"",""counter"":994670,""finger_order"":""DexterController.Visualizer"",""last_error"":null,""last_sample_age_s"":0.009201563996612094,""reconnect_count"":0,""sample_hz"":20.0,""sample_sequence"":798,""timestamp_us"":9741494880},""fingers"":{""index"":{""has_data"":true,""last_update_ts"":1784118776.6886578,""mapped"":true},""middle"":{""has_data"":true,""last_update_ts"":1784118776.6886578,""mapped"":true},""pinky"":{""has_data"":true,""last_update_ts"":1784118776.6886578,""mapped"":true},""ring"":{""has_data"":true,""last_update_ts"":1784118776.6886578,""mapped"":true},""thumb"":{""has_data"":true,""last_update_ts"":1784118776.6886578,""mapped"":true}},""ports"":{""available"":[""BLE:Dexter""],""unavailable"":[]}}"
1784118776.7479672,1784118776.7478316,800,ble,"{""index"":{""age_s"":0.009172677993774414,""channels"":3,""force"":[2.0448781683207944,-0.6705115377600013],""has_data"":true,""last_update_ts"":1784118776.738659,""raw"":[14655,18909,17990]},""middle"":{""age_s"":0.009172677993774414,""channels"":3,""force"":[2.044397472935671,-1.9896097740900007],""has_data"":true,""last_update_ts"":1784118776.738659,""raw"":[12696,16949,18407]},""pinky"":{""age_s"":0.009172677993774414,""channels"":3,""force"":[-1.0243618657008984,-0.7457220620700014],""has_data"":true,""last_update_ts"":1784118776.738659,""raw"":[17420,15289,17698]},""ring"":{""age_s"":0.009172677993774414,""channels"":3,""force"":[0.27255428336574816,0.256159830029997],""has_data"":true,""last_update_ts"":1784118776.738659,""raw"":[15802,16369,15624]},""thumb"":{""age_s"":0.009172677993774414,""channels"":3,""force"":[0.0,-2.220446049250313e-16],""has_data"":true,""last_update_ts"":1784118776.738659,""raw"":[0,0,0]}}","{""ble"":{""connection_state"":""connected"",""counter"":994675,""finger_order"":""DexterController.Visualizer"",""last_error"":null,""last_sample_age_s"":0.009200451997458003,""reconnect_count"":0,""sample_hz"":20.0,""sample_sequence"":799,""timestamp_us"":9741541952},""fingers"":{""index"":{""has_data"":true,""last_update_ts"":1784118776.738659,""mapped"":true},""middle"":{""has_data"":true,""last_update_ts"":1784118776.738659,""mapped"":true},""pinky"":{""has_data"":true,""last_update_ts"":1784118776.738659,""mapped"":true},""ring"":{""has_data"":true,""last_update_ts"":1784118776.738659,""mapped"":true},""thumb"":{""has_data"":true,""last_update_ts"":1784118776.738659,""mapped"":true}},""ports"":{""available"":[""BLE:Dexter""],""unavailable"":[]}}"
1784118776.797961,1784118776.7978268,801,ble,"{""index"":{""age_s"":0.009168863296508789,""channels"":3,""force"":[1.8559648819667594,-0.595856072670002],""has_data"":true,""last_update_ts"":1784118776.788658,""raw"":[14924,18785,17928]},""middle"":{""age_s"":0.009168863296508789,""channels"":3,""force"":[1.772804580340173,-1.8139335309600009],""has_data"":true,""last_update_ts"":1784118776.788658,""raw"":[13069,16757,18181]},""pinky"":{""age_s"":0.009168863296508789,""channels"":3,""force"":[-1.0262846472413933,-0.7446119436300025],""has_data"":true,""last_update_ts"":1784118776.788658,""raw"":[17423,15288,17697]},""ring"":{""age_s"":0.009168863296508789,""channels"":3,""force"":[0.27543845567649505,0.2578250076899966],""has_data"":true,""last_update_ts"":1784118776.788658,""raw"":[15802,16375,15624]},""thumb"":{""age_s"":0.009168863296508789,""channels"":3,""force"":[0.0,-2.220446049250313e-16],""has_data"":true,""last_update_ts"":1784118776.788658,""raw"":[0,0,0]}}","{""ble"":{""connection_state"":""connected"",""counter"":994681,""finger_order"":""DexterController.Visualizer"",""last_error"":null,""last_sample_age_s"":0.009194319995003752,""reconnect_count"":0,""sample_hz"":20.0,""sample_sequence"":800,""timestamp_us"":9741598560},""fingers"":{""index"":{""has_data"":true,""last_update_ts"":1784118776.788658,""mapped"":true},""middle"":{""has_data"":true,""last_update_ts"":1784118776.788658,""mapped"":true},""pinky"":{""has_data"":true,""last_update_ts"":1784118776.788658,""mapped"":true},""ring"":{""has_data"":true,""last_update_ts"":1784118776.788658,""mapped"":true},""thumb"":{""has_data"":true,""last_update_ts"":1784118776.788658,""mapped"":true}},""ports"":{""available"":[""BLE:Dexter""],""unavailable"":[]}}"
1784118776.8479414,1784118776.847827,802,ble,"{""index"":{""age_s"":0.009167671203613281,""channels"":3,""force"":[1.6401326540457326,-0.5900279508600015],""has_data"":true,""last_update_ts"":1784118776.8386593,""raw"":[15192,18604,17961]},""middle"":{""age_s"":0.009167671203613281,""channels"":3,""force"":[1.466120924630565,-1.7523219575400022],""has_data"":true,""last_update_ts"":1784118776.8386593,""raw"":[13392,16442,18074]},""pinky"":{""age_s"":0.009167671203613281,""channels"":3,""force"":[-1.0248425610860217,-0.746554650900003],""has_data"":true,""last_update_ts"":1784118776.8386593,""raw"":[17422,15290,17701]},""ring"":{""age_s"":0.009167671203613281,""channels"":3,""force"":[0.2725542833657464,0.25449465236999735],""has_data"":true,""last_update_ts"":1784118776.8386593,""raw"":[15800,16367,15625]},""thumb"":{""age_s"":0.009167671203613281,""channels"":3,""force"":[0.0,-2.220446049250313e-16],""has_data"":true,""last_update_ts"":1784118776.8386593,""raw"":[0,0,0]}}","{""ble"":{""connection_state"":""connected"",""counter"":994686,""finger_order"":""DexterController.Visualizer"",""last_error"":null,""last_sample_age_s"":0.009190843004034832,""reconnect_count"":0,""sample_hz"":20.0,""sample_sequence"":801,""timestamp_us"":9741645408},""fingers"":{""index"":{""has_data"":true,""last_update_ts"":1784118776.8386593,""mapped"":true},""middle"":{""has_data"":true,""last_update_ts"":1784118776.8386593,""mapped"":true},""pinky"":{""has_data"":true,""last_update_ts"":1784118776.8386593,""mapped"":true},""ring"":{""has_data"":true,""last_update_ts"":1784118776.8386593,""mapped"":true},""thumb"":{""has_data"":true,""last_update_ts"":1784118776.8386593,""mapped"":true}},""ports"":{""available"":[""BLE:Dexter""],""unavailable"":[]}}"
1784118776.8979409,1784118776.8978279,803,ble,"{""index"":{""age_s"":0.009167194366455078,""channels"":3,""force"":[1.242597570547547,-0.5453456836500026],""has_data"":true,""last_update_ts"":1784118776.8886607,""raw"":[15663,18248,17938]},""middle"":{""age_s"":0.009167194366455078,""channels"":3,""force"":[0.8984196747982045,-1.5727602998700023],""has_data"":true,""last_update_ts"":1784118776.8886607,""raw"":[14040,15909,17808]},""pinky"":{""age_s"":0.009167194366455078,""channels"":3,""force"":[-1.027246038011647,-0.7346208776700003],""has_data"":true,""last_update_ts"":1784118776.8886607,""raw"":[17434,15297,17689]},""ring"":{""age_s"":0.009167194366455078,""channels"":3,""force"":[0.2691894156698744,0.26032277417999783],""has_data"":true,""last_update_ts"":1784118776.8886607,""raw"":[15813,16373,15624]},""thumb"":{""age_s"":0.009167194366455078,""channels"":3,""force"":[0.0,-2.220446049250313e-16],""has_data"":true,""last_update_ts"":1784118776.8886607,""raw"":[0,0,0]}}","{""ble"":{""connection_state"":""connected"",""counter"":994691,""finger_order"":""DexterController.Visualizer"",""last_error"":null,""last_sample_age_s"":0.009191002987790853,""reconnect_count"":0,""sample_hz"":20.0,""sample_sequence"":802,""timestamp_us"":9741692480},""fingers"":{""index"":{""has_data"":true,""last_update_ts"":1784118776.8886607,""mapped"":true},""middle"":{""has_data"":true,""last_update_ts"":1784118776.8886607,""mapped"":true},""pinky"":{""has_data"":true,""last_update_ts"":1784118776.8886607,""mapped"":true},""ring"":{""has_data"":true,""last_update_ts"":1784118776.8886607,""mapped"":true},""thumb"":{""has_data"":true,""last_update_ts"":1784118776.8886607,""mapped"":true}},""ports"":{""available"":[""BLE:Dexter""],""unavailable"":[]}}"
1784118776.9479206,1784118776.9478078,804,ble,"{""index"":{""age_s"":0.009161233901977539,""channels"":3,""force"":[0.5244386651711324,-0.6141730269300005],""has_data"":true,""last_update_ts"":1784118776.9386466,""raw"":[16343,17434,17995]},""middle"":{""age_s"":0.009161233901977539,""channels"":3,""force"":[0.15478391401017788,-1.05405745878],""has_data"":true,""last_update_ts"":1784118776.9386466,""raw"":[15048,15370,17108]},""pinky"":{""age_s"":0.009161233901977539,""channels"":3,""force"":[-1.0238811703157715,-0.7426692363600003],""has_data"":true,""last_update_ts"":1784118776.9386466,""raw"":[17426,15296,17699]},""ring"":{""age_s"":0.009161233901977539,""channels"":3,""force"":[0.2759191510616237,0.2586575965199964],""has_data"":true,""last_update_ts"":1784118776.9386466,""raw"":[15803,16377,15624]},""thumb"":{""age_s"":0.009161233901977539,""channels"":3,""force"":[0.0,-2.220446049250313e-16],""has_data"":true,""last_update_ts"":1784118776.9386466,""raw"":[0,0,0]}}","{""ble"":{""connection_state"":""connected"",""counter"":994697,""finger_order"":""DexterController.Visualizer"",""last_error"":null,""last_sample_age_s"":0.009184741997160017,""reconnect_count"":0,""sample_hz"":20.0,""sample_sequence"":803,""timestamp_us"":9741749088},""fingers"":{""index"":{""has_data"":true,""last_update_ts"":1784118776.9386466,""mapped"":true},""middle"":{""has_data"":true,""last_update_ts"":1784118776.9386466,""mapped"":true},""pinky"":{""has_data"":true,""last_update_ts"":1784118776.9386466,""mapped"":true},""ring"":{""has_data"":true,""last_update_ts"":1784118776.9386466,""mapped"":true},""thumb"":{""has_data"":true,""last_update_ts"":1784118776.9386466,""mapped"":true}},""ports"":{""available"":[""BLE:Dexter""],""unavailable"":[]}}"
1784118776.9979672,1784118776.9978273,805,ble,"{""index"":{""age_s"":0.009168863296508789,""channels"":3,""force"":[0.1802607694217926,-0.6852206070900007],""has_data"":true,""last_update_ts"":1784118776.9886584,""raw"":[16613,16988,18035]},""middle"":{""age_s"":0.009168863296508789,""channels"":3,""force"":[-0.4561799204834127,-0.5203680187500046],""has_data"":true,""last_update_ts"":1784118776.9886584,""raw"":[15848,14899,16311]},""pinky"":{""age_s"":0.009168863296508789,""channels"":3,""force"":[1.6680129863829727,0.5045488309800001],""has_data"":true,""last_update_ts"":1784118776.9886584,""raw"":[16511,19981,17337]},""ring"":{""age_s"":0.009168863296508789,""channels"":3,""force"":[0.31773964956747847,0.7967875103099988],""has_data"":true,""last_update_ts"":1784118776.9886584,""raw"":[15741,16402,14636]},""thumb"":{""age_s"":0.009168863296508789,""channels"":3,""force"":[0.0,-2.220446049250313e-16],""has_data"":true,""last_update_ts"":1784118776.9886584,""raw"":[0,0,0]}}","{""ble"":{""connection_state"":""connected"",""counter"":994702,""finger_order"":""DexterController.Visualizer"",""last_error"":null,""last_sample_age_s"":0.00919870799407363,""reconnect_count"":0,""sample_hz"":20.0,""sample_sequence"":804,""timestamp_us"":9741796064},""fingers"":{""index"":{""has_data"":true,""last_update_ts"":1784118776.9886584,""mapped"":true},""middle"":{""has_data"":true,""last_update_ts"":1784118776.9886584,""mapped"":true},""pinky"":{""has_data"":true,""last_update_ts"":1784118776.9886584,""mapped"":true},""ring"":{""has_data"":true,""last_update_ts"":1784118776.9886584,""mapped"":true},""thumb"":{""has_data"":true,""last_update_ts"":1784118776.9886584,""mapped"":true}},""ports"":{""available"":[""BLE:Dexter""],""unavailable"":[]}}"
1784118777.0480177,1784118777.04788,806,ble,"{""index"":{""age_s"":0.009220600128173828,""channels"":3,""force"":[-0.026918941566986376,-0.9308343119400018],""has_data"":true,""last_update_ts"":1784118777.0386593,""raw"":[16678,16622,18327]},""middle"":{""age_s"":0.009220600128173828,""channels"":3,""force"":[-0.8291995393402374,-0.4537609123500035],""has_data"":true,""last_update_ts"":1784118777.0386593,""raw"":[16404,14679,16359]},""pinky"":{""age_s"":0.009220600128173828,""channels"":3,""force"":[-1.0205163026198996,-0.7423917067499994],""has_data"":true,""last_update_ts"":1784118777.0386593,""raw"":[17420,15297,17696]},""ring"":{""age_s"":0.009220600128173828,""channels"":3,""force"":[0.27784193260211865,0.2569924188599959],""has_data"":true,""last_update_ts"":1784118777.0386593,""raw"":[15798,16376,15624]},""thumb"":{""age_s"":0.009220600128173828,""channels"":3,""force"":[0.0,-2.220446049250313e-16],""has_data"":true,""last_update_ts"":1784118777.0386593,""raw"":[0,0,0]}}","{""ble"":{""connection_state"":""connected"",""counter"":994707,""finger_order"":""DexterController.Visualizer"",""last_error"":null,""last_sample_age_s"":0.009249296999769285,""reconnect_count"":0,""sample_hz"":20.0,""sample_sequence"":805,""timestamp_us"":9741843040},""fingers"":{""index"":{""has_data"":true,""last_update_ts"":1784118777.0386593,""mapped"":true},""middle"":{""has_data"":true,""last_update_ts"":1784118777.0386593,""mapped"":true},""pinky"":{""has_data"":true,""last_update_ts"":1784118777.0386593,""mapped"":true},""ring"":{""has_data"":true,""last_update_ts"":1784118777.0386593,""mapped"":true},""thumb"":{""has_data"":true,""last_update_ts"":1784118777.0386593,""mapped"":true}},""ports"":{""available"":[""BLE:Dexter""],""unavailable"":[]}}"
1784118777.0979376,1784118777.0978246,807,ble,"{""index"":{""age_s"":0.009165525436401367,""channels"":3,""force"":[-0.13074914475394017,-1.2255707577600017],""has_data"":true,""last_update_ts"":1784118777.088659,""raw"":[16574,16302,18646]},""middle"":{""age_s"":0.009165525436401367,""channels"":3,""force"":[-0.9969622287487852,-0.32803999902000225],""has_data"":true,""last_update_ts"":1784118777.088659,""raw"":[16686,14612,16240]},""pinky"":{""age_s"":0.009165525436401367,""channels"":3,""force"":[-1.0229197795455214,-0.7437793548000009],""has_data"":true,""last_update_ts"":1784118777.088659,""raw"":[17423,15295,17699]},""ring"":{""age_s"":0.009165525436401367,""channels"":3,""force"":[0.27351567413599476,0.25671488924999597],""has_data"":true,""last_update_ts"":1784118777.088659,""raw"":[15802,16371,15624]},""thumb"":{""age_s"":0.009165525436401367,""channels"":3,""force"":[0.0,-2.220446049250313e-16],""has_data"":true,""last_update_ts"":1784118777.088659,""raw"":[0,0,0]}}","{""ble"":{""connection_state"":""connected"",""counter"":994713,""finger_order"":""DexterController.Visualizer"",""last_error"":null,""last_sample_age_s"":0.009189589996822178,""reconnect_count"":0,""sample_hz"":20.0,""sample_sequence"":806,""timestamp_us"":9741899552},""fingers"":{""index"":{""has_data"":true,""last_update_ts"":1784118777.088659,""mapped"":true},""middle"":{""has_data"":true,""last_update_ts"":1784118777.088659,""mapped"":true},""pinky"":{""has_data"":true,""last_update_ts"":1784118777.088659,""mapped"":true},""ring"":{""has_data"":true,""last_update_ts"":1784118777.088659,""mapped"":true},""thumb"":{""has_data"":true,""last_update_ts"":1784118777.088659,""mapped"":true}},""ports"":{""available"":[""BLE:Dexter""],""unavailable"":[]}}"
1784118777.14794,1784118777.1478264,808,ble,"{""index"":{""age_s"":0.009168386459350586,""channels"":3,""force"":[-0.046146756971978675,-1.3732165102799998],""has_data"":true,""last_update_ts"":1784118777.138658,""raw"":[16385,16289,18811]},""middle"":{""age_s"":0.009168386459350586,""channels"":3,""force"":[-0.9964815333636601,-0.23506757967000258],""has_data"":true,""last_update_ts"":1784118777.138658,""raw"":[16744,14671,16131]},""pinky"":{""age_s"":0.009168386459350586,""channels"":3,""force"":[-1.0229197795455214,-0.7443344140200008],""has_data"":true,""last_update_ts"":1784118777.138658,""raw"":[17419,15291,17696]},""ring"":{""age_s"":0.009168386459350586,""channels"":3,""force"":[0.2783226279872473,0.25504971158999723],""has_data"":true,""last_update_ts"":1784118777.138658,""raw"":[15791,16370,15621]},""thumb"":{""age_s"":0.009168386459350586,""channels"":3,""force"":[0.0,-2.220446049250313e-16],""has_data"":true,""last_update_ts"":1784118777.138658,""raw"":[0,0,0]}}","{""ble"":{""connection_state"":""connected"",""counter"":994718,""finger_order"":""DexterController.Visualizer"",""last_error"":null,""last_sample_age_s"":0.009192366997012869,""reconnect_count"":0,""sample_hz"":20.0,""sample_sequence"":807,""timestamp_us"":9741946592},""fingers"":{""index"":{""has_data"":true,""last_update_ts"":1784118777.138658,""mapped"":true},""middle"":{""has_data"":true,""last_update_ts"":1784118777.138658,""mapped"":true},""pinky"":{""has_data"":true,""last_update_ts"":1784118777.138658,""mapped"":true},""ring"":{""has_data"":true,""last_update_ts"":1784118777.138658,""mapped"":true},""thumb"":{""has_data"":true,""last_update_ts"":1784118777.138658,""mapped"":true}},""ports"":{""available"":[""BLE:Dexter""],""unavailable"":[]}}"
1784118777.1979654,1784118777.1978192,809,ble,"{""index"":{""age_s"":0.009160518646240234,""channels"":3,""force"":[-0.06825874468771609,-1.4398236166800027],""has_data"":true,""last_update_ts"":1784118777.1886587,""raw"":[16375,16233,18898]},""middle"":{""age_s"":0.009160518646240234,""channels"":3,""force"":[-1.0541649795786334,-0.21730568463000033],""has_data"":true,""last_update_ts"":1784118777.1886587,""raw"":[16822,14629,16117]},""pinky"":{""age_s"":0.009160518646240234,""channels"":3,""force"":[-1.0234004749306482,-0.7435018251900001],""has_data"":true,""last_update_ts"":1784118777.1886587,""raw"":[17421,15292,17696]},""ring"":{""age_s"":0.009160518646240234,""channels"":3,""force"":[0.27495776029137,0.2575474780799967],""has_data"":true,""last_update_ts"":1784118777.1886587,""raw"":[15799,16371,15621]},""thumb"":{""age_s"":0.009160518646240234,""channels"":3,""force"":[0.0,-2.220446049250313e-16],""has_data"":true,""last_update_ts"":1784118777.1886587,""raw"":[0,0,0]}}","{""ble"":{""connection_state"":""connected"",""counter"":994723,""finger_order"":""DexterController.Visualizer"",""last_error"":null,""last_sample_age_s"":0.009193388992571272,""reconnect_count"":0,""sample_hz"":20.0,""sample_sequence"":808,""timestamp_us"":9741993568},""fingers"":{""index"":{""has_data"":true,""last_update_ts"":1784118777.1886587,""mapped"":true},""middle"":{""has_data"":true,""last_update_ts"":1784118777.1886587,""mapped"":true},""pinky"":{""has_data"":true,""last_update_ts"":1784118777.1886587,""mapped"":true},""ring"":{""has_data"":true,""last_update_ts"":1784118777.1886587,""mapped"":true},""thumb"":{""has_data"":true,""last_update_ts"":1784118777.1886587,""mapped"":true}},""ports"":{""available"":[""BLE:Dexter""],""unavailable"":[]}}"
1784118777.2479713,1784118777.2478323,810,ble,"{""index"":{""age_s"":0.009173154830932617,""channels"":3,""force"":[-0.06922013545796801,-1.3876480500000046],""has_data"":true,""last_update_ts"":1784118777.2386591,""raw"":[16412,16268,18840]},""middle"":{""age_s"":0.009173154830932617,""channels"":3,""force"":[-1.0498387211125095,-0.3791054472600006],""has_data"":true,""last_update_ts"":1784118777.2386591,""raw"":[16742,14558,16333]},""pinky"":{""age_s"":0.009173154830932617,""channels"":3,""force"":[-1.0267653426265237,-0.7410040586999997],""has_data"":true,""last_update_ts"":1784118777.2386591,""raw"":[17425,15289,17692]},""ring"":{""age_s"":0.009173154830932617,""channels"":3,""force"":[0.27543845567649683,0.25671488924999775],""has_data"":true,""last_update_ts"":1784118777.2386591,""raw"":[15792,16365,15616]},""thumb"":{""age_s"":0.009173154830932617,""channels"":3,""force"":[0.0,-2.220446049250313e-16],""has_data"":true,""last_update_ts"":1784118777.2386591,""raw"":[0,0,0]}}","{""ble"":{""connection_state"":""connected"",""counter"":994728,""finger_order"":""DexterController.Visualizer"",""last_error"":null,""last_sample_age_s"":0.009201494001899846,""reconnect_count"":0,""sample_hz"":20.0,""sample_sequence"":809,""timestamp_us"":9742040576},""fingers"":{""index"":{""has_data"":true,""last_update_ts"":1784118777.2386591,""mapped"":true},""middle"":{""has_data"":true,""last_update_ts"":1784118777.2386591,""mapped"":true},""pinky"":{""has_data"":true,""last_update_ts"":1784118777.2386591,""mapped"":true},""ring"":{""has_data"":true,""last_update_ts"":1784118777.2386591,""mapped"":true},""thumb"":{""has_data"":true,""last_update_ts"":1784118777.2386591,""mapped"":true}},""ports"":{""available"":[""BLE:Dexter""],""unavailable"":[]}}"
1784118777.2979228,1784118777.2978084,811,ble,"{""index"":{""age_s"":0.009124040603637695,""channels"":3,""force"":[0.015862947709118558,-0.9194555979300016],""has_data"":true,""last_update_ts"":1784118777.2886844,""raw"":[16501,16534,18174]},""middle"":{""age_s"":0.009124040603637695,""channels"":3,""force"":[-0.406187600430437,-1.622160570450001],""has_data"":true,""last_update_ts"":1784118777.2886844,""raw"":[15259,14414,17759]},""pinky"":{""age_s"":0.009124040603637695,""channels"":3,""force"":[1.4935205615826774,0.4332237212099983],""has_data"":true,""last_update_ts"":1784118777.2886844,""raw"":[16592,19699,17365]},""ring"":{""age_s"":0.009124040603637695,""channels"":3,""force"":[0.3278342526550979,0.7565457168599963],""has_data"":true,""last_update_ts"":1784118777.2886844,""raw"":[15733,16415,14711]},""thumb"":{""age_s"":0.009124040603637695,""channels"":3,""force"":[0.0,-2.220446049250313e-16],""has_data"":true,""last_update_ts"":1784118777.2886844,""raw"":[0,0,0]}}","{""ble"":{""connection_state"":""connected"",""counter"":994734,""finger_order"":""DexterController.Visualizer"",""last_error"":null,""last_sample_age_s"":0.009149181001703255,""reconnect_count"":0,""sample_hz"":20.0,""sample_sequence"":810,""timestamp_us"":9742096960},""fingers"":{""index"":{""has_data"":true,""last_update_ts"":1784118777.2886844,""mapped"":true},""middle"":{""has_data"":true,""last_update_ts"":1784118777.2886844,""mapped"":true},""pinky"":{""has_data"":true,""last_update_ts"":1784118777.2886844,""mapped"":true},""ring"":{""has_data"":true,""last_update_ts"":1784118777.2886844,""mapped"":true},""thumb"":{""has_data"":true,""last_update_ts"":1784118777.2886844,""mapped"":true}},""ports"":{""available"":[""BLE:Dexter""],""unavailable"":[]}}"
1784118777.3479433,1784118777.3478277,812,ble,"{""index"":{""age_s"":0.009168386459350586,""channels"":3,""force"":[-0.20766040637390404,-0.0011101184400015285],""has_data"":true,""last_update_ts"":1784118777.3386593,""raw"":[17308,16876,17094]},""middle"":{""age_s"":0.009168386459350586,""channels"":3,""force"":[-0.13844027091593425,-2.5776950176800018],""has_data"":true,""last_update_ts"":1784118777.3386593,""raw"":[14579,14291,19079]},""pinky"":{""age_s"":0.009168386459350586,""channels"":3,""force"":[-1.0229197795455232,-0.7437793548],""has_data"":true,""last_update_ts"":1784118777.3386593,""raw"":[17420,15292,17696]},""ring"":{""age_s"":0.009168386459350586,""channels"":3,""force"":[0.2739963695211216,0.25366206353999665],""has_data"":true,""last_update_ts"":1784118777.3386593,""raw"":[15796,16366,15624]},""thumb"":{""age_s"":0.009168386459350586,""channels"":3,""force"":[0.0,-2.220446049250313e-16],""has_data"":true,""last_update_ts"":1784118777.3386593,""raw"":[0,0,0]}}","{""ble"":{""connection_state"":""connected"",""counter"":994739,""finger_order"":""DexterController.Visualizer"",""last_error"":null,""last_sample_age_s"":0.009192906989483163,""reconnect_count"":0,""sample_hz"":20.0,""sample_sequence"":811,""timestamp_us"":9742144160},""fingers"":{""index"":{""has_data"":true,""last_update_ts"":1784118777.3386593,""mapped"":true},""middle"":{""has_data"":true,""last_update_ts"":1784118777.3386593,""mapped"":true},""pinky"":{""has_data"":true,""last_update_ts"":1784118777.3386593,""mapped"":true},""ring"":{""has_data"":true,""last_update_ts"":1784118777.3386593,""mapped"":true},""thumb"":{""has_data"":true,""last_update_ts"":1784118777.3386593,""mapped"":true}},""ports"":{""available"":[""BLE:Dexter""],""unavailable"":[]}}"
1784118777.397967,1784118777.3978276,813,ble,"{""index"":{""age_s"":0.009168863296508789,""channels"":3,""force"":[-0.27159289259550157,0.7218545156099978],""has_data"":true,""last_update_ts"":1784118777.3886588,""raw"":[17828,17263,16245]},""middle"":{""age_s"":0.009168863296508789,""channels"":3,""force"":[-0.05720275082984916,-3.050883002730002],""has_data"":true,""last_update_ts"":1784118777.3886588,""raw"":[14197,14078,19634]},""pinky"":{""age_s"":0.009168863296508789,""channels"":3,""force"":[-1.0243618657008984,-0.7457220620699996],""has_data"":true,""last_update_ts"":1784118777.3886588,""raw"":[17421,15290,17699]},""ring"":{""age_s"":0.009168863296508789,""channels"":3,""force"":[0.2744770649062449,0.251719356269998],""has_data"":true,""last_update_ts"":1784118777.3886588,""raw"":[15797,16368,15629]},""thumb"":{""age_s"":0.009168863296508789,""channels"":3,""force"":[0.0,-2.220446049250313e-16],""has_data"":true,""last_update_ts"":1784118777.3886588,""raw"":[0,0,0]}}","{""ble"":{""connection_state"":""connected"",""counter"":994744,""finger_order"":""DexterController.Visualizer"",""last_error"":null,""last_sample_age_s"":0.009198188010486774,""reconnect_count"":0,""sample_hz"":20.0,""sample_sequence"":812,""timestamp_us"":9742191104},""fingers"":{""index"":{""has_data"":true,""last_update_ts"":1784118777.3886588,""mapped"":true},""middle"":{""has_data"":true,""last_update_ts"":1784118777.3886588,""mapped"":true},""pinky"":{""has_data"":true,""last_update_ts"":1784118777.3886588,""mapped"":true},""ring"":{""has_data"":true,""last_update_ts"":1784118777.3886588,""mapped"":true},""thumb"":{""has_data"":true,""last_update_ts"":1784118777.3886588,""mapped"":true}},""ports"":{""available"":[""BLE:Dexter""],""unavailable"":[]}}"
1784118777.4479408,1784118777.4478252,814,ble,"{""index"":{""age_s"":0.009165525436401367,""channels"":3,""force"":[-0.03605215388435923,1.2486057153899983],""has_data"":true,""last_update_ts"":1784118777.4386597,""raw"":[17868,17793,15581]},""middle"":{""age_s"":0.009165525436401367,""channels"":3,""force"":[-0.006729735391746594,-3.459129059040004],""has_data"":true,""last_update_ts"":1784118777.4386597,""raw"":[13972,13958,20197]},""pinky"":{""age_s"":0.009165525436401367,""channels"":3,""force"":[-1.0248425610860235,-0.7376737033799996],""has_data"":true,""last_update_ts"":1784118777.4386597,""raw"":[17429,15297,17692]},""ring"":{""age_s"":0.009165525436401367,""channels"":3,""force"":[0.2715928925954998,0.26670595521000084],""has_data"":true,""last_update_ts"":1784118777.4386597,""raw"":[15808,16373,15610]},""thumb"":{""age_s"":0.009165525436401367,""channels"":3,""force"":[0.0,-2.220446049250313e-16],""has_data"":true,""last_update_ts"":1784118777.4386597,""raw"":[0,0,0]}}","{""ble"":{""connection_state"":""connected"",""counter"":994750,""finger_order"":""DexterController.Visualizer"",""last_error"":null,""last_sample_age_s"":0.009190041993861087,""reconnect_count"":0,""sample_hz"":20.0,""sample_sequence"":813,""timestamp_us"":9742247648},""fingers"":{""index"":{""has_data"":true,""last_update_ts"":1784118777.4386597,""mapped"":true},""middle"":{""has_data"":true,""last_update_ts"":1784118777.4386597,""mapped"":true},""pinky"":{""has_data"":true,""last_update_ts"":1784118777.4386597,""mapped"":true},""ring"":{""has_data"":true,""last_update_ts"":1784118777.4386597,""mapped"":true},""thumb"":{""has_data"":true,""last_update_ts"":1784118777.4386597,""mapped"":true}},""ports"":{""available"":[""BLE:Dexter""],""unavailable"":[]}}"
1784118777.4979355,1784118777.4978237,815,ble,"{""index"":{""age_s"":0.009164810180664062,""channels"":3,""force"":[0.16872408017879614,1.5083734303499972],""has_data"":true,""last_update_ts"":1784118777.488659,""raw"":[17806,18157,15264]},""middle"":{""age_s"":0.009164810180664062,""channels"":3,""force"":[0.13603679399031243,-4.083848211150001],""has_data"":true,""last_update_ts"":1784118777.488659,""raw"":[13446,13729,20945]},""pinky"":{""age_s"":0.009164810180664062,""channels"":3,""force"":[-1.0378213364843916,-0.7146387457500012],""has_data"":true,""last_update_ts"":1784118777.488659,""raw"":[17455,15296,17663]},""ring"":{""age_s"":0.009164810180664062,""channels"":3,""force"":[0.281687495683121,0.2630980702799999],""has_data"":true,""last_update_ts"":1784118777.488659,""raw"":[15799,16385,15618]},""thumb"":{""age_s"":0.009164810180664062,""channels"":3,""force"":[0.0,-2.220446049250313e-16],""has_data"":true,""last_update_ts"":1784118777.488659,""raw"":[0,0,0]}}","{""ble"":{""connection_state"":""connected"",""counter"":994755,""finger_order"":""DexterController.Visualizer"",""last_error"":null,""last_sample_age_s"":0.009189150005113333,""reconnect_count"":0,""sample_hz"":20.0,""sample_sequence"":814,""timestamp_us"":9742294752},""fingers"":{""index"":{""has_data"":true,""last_update_ts"":1784118777.488659,""mapped"":true},""middle"":{""has_data"":true,""last_update_ts"":1784118777.488659,""mapped"":true},""pinky"":{""has_data"":true,""last_update_ts"":1784118777.488659,""mapped"":true},""ring"":{""has_data"":true,""last_update_ts"":1784118777.488659,""mapped"":true},""thumb"":{""has_data"":true,""last_update_ts"":1784118777.488659,""mapped"":true}},""ports"":{""available"":[""BLE:Dexter""],""unavailable"":[]}}"
1784118777.5479708,1784118777.547831,816,ble,"{""index"":{""age_s"":0.009171724319458008,""channels"":3,""force"":[0.297550443392236,1.5705400629899984],""has_data"":true,""last_update_ts"":1784118777.5386593,""raw"":[17697,18316,15177]},""middle"":{""age_s"":0.009171724319458008,""channels"":3,""force"":[0.18122216019204007,-4.45351765167],""has_data"":true,""last_update_ts"":1784118777.5386593,""raw"":[13210,13587,21422]},""pinky"":{""age_s"":0.009171724319458008,""channels"":3,""force"":[-1.0291688195521456,-0.7579333649100013],""has_data"":true,""last_update_ts"":1784118777.5386593,""raw"":[17421,15280,17716]},""ring"":{""age_s"":0.009171724319458008,""channels"":3,""force"":[0.2797647141426207,0.2569924188599968],""has_data"":true,""last_update_ts"":1784118777.5386593,""raw"":[15796,16378,15624]},""thumb"":{""age_s"":0.009171724319458008,""channels"":3,""force"":[0.0,-2.220446049250313e-16],""has_data"":true,""last_update_ts"":1784118777.5386593,""raw"":[0,0,0]}}","{""ble"":{""connection_state"":""connected"",""counter"":994760,""finger_order"":""DexterController.Visualizer"",""last_error"":null,""last_sample_age_s"":0.009200772998156026,""reconnect_count"":0,""sample_hz"":20.0,""sample_sequence"":815,""timestamp_us"":9742341760},""fingers"":{""index"":{""has_data"":true,""last_update_ts"":1784118777.5386593,""mapped"":true},""middle"":{""has_data"":true,""last_update_ts"":1784118777.5386593,""mapped"":true},""pinky"":{""has_data"":true,""last_update_ts"":1784118777.5386593,""mapped"":true},""ring"":{""has_data"":true,""last_update_ts"":1784118777.5386593,""mapped"":true},""thumb"":{""has_data"":true,""last_update_ts"":1784118777.5386593,""mapped"":true}},""ports"":{""available"":[""BLE:Dexter""],""unavailable"":[]}}"
1784118777.5979645,1784118777.597825,817,ble,"{""index"":{""age_s"":0.009165763854980469,""channels"":3,""force"":[0.3936895204171904,1.6149448005899973],""has_data"":true,""last_update_ts"":1784118777.5886593,""raw"":[17615,18434,15115]},""middle"":{""age_s"":0.009165763854980469,""channels"":3,""force"":[0.1802607694217908,-4.727161847130004],""has_data"":true,""last_update_ts"":1784118777.5886593,""raw"":[13060,13435,21764]},""pinky"":{""age_s"":0.009165763854980469,""channels"":3,""force"":[-1.0320529918628925,-0.7407265290900016],""has_data"":true,""last_update_ts"":1784118777.5886593,""raw"":[17431,15284,17692]},""ring"":{""age_s"":0.009165763854980469,""channels"":3,""force"":[0.2845716679938679,0.26420818871999696],""has_data"":true,""last_update_ts"":1784118777.5886593,""raw"":[15803,16395,15623]},""thumb"":{""age_s"":0.009165763854980469,""channels"":3,""force"":[0.0,-2.220446049250313e-16],""has_data"":true,""last_update_ts"":1784118777.5886593,""raw"":[0,0,0]}}","{""ble"":{""connection_state"":""connected"",""counter"":994766,""finger_order"":""DexterController.Visualizer"",""last_error"":null,""last_sample_age_s"":0.009194772006594576,""reconnect_count"":0,""sample_hz"":20.0,""sample_sequence"":816,""timestamp_us"":9742398240},""fingers"":{""index"":{""has_data"":true,""last_update_ts"":1784118777.5886593,""mapped"":true},""middle"":{""has_data"":true,""last_update_ts"":1784118777.5886593,""mapped"":true},""pinky"":{""has_data"":true,""last_update_ts"":1784118777.5886593,""mapped"":true},""ring"":{""has_data"":true,""last_update_ts"":1784118777.5886593,""mapped"":true},""thumb"":{""has_data"":true,""last_update_ts"":1784118777.5886593,""mapped"":true}},""ports"":{""available"":[""BLE:Dexter""],""unavailable"":[]}}"
1784118777.6479616,1784118777.6478224,818,ble,"{""index"":{""age_s"":0.009163141250610352,""channels"":3,""force"":[0.4677166097264056,1.5627692339099974],""has_data"":true,""last_update_ts"":1784118777.6386592,""raw"":[17501,18474,15172]},""middle"":{""age_s"":0.009163141250610352,""channels"":3,""force"":[0.17929937865154066,-4.892014435470002],""has_data"":true,""last_update_ts"":1784118777.6386592,""raw"":[12965,13338,21965]},""pinky"":{""age_s"":0.009163141250610352,""channels"":3,""force"":[-1.0267653426265184,-0.7459995916800004],""has_data"":true,""last_update_ts"":1784118777.6386592,""raw"":[17423,15287,17699]},""ring"":{""age_s"":0.009163141250610352,""channels"":3,""force"":[0.2797647141426225,0.2592126557399972],""has_data"":true,""last_update_ts"":1784118777.6386592,""raw"":[15795,16377,15619]},""thumb"":{""age_s"":0.009163141250610352,""channels"":3,""force"":[0.0,-2.220446049250313e-16],""has_data"":true,""last_update_ts"":1784118777.6386592,""raw"":[0,0,0]}}","{""ble"":{""connection_state"":""connected"",""counter"":994771,""finger_order"":""DexterController.Visualizer"",""last_error"":null,""last_sample_age_s"":0.009191325007122941,""reconnect_count"":0,""sample_hz"":20.0,""sample_sequence"":817,""timestamp_us"":9742445152},""fingers"":{""index"":{""has_data"":true,""last_update_ts"":1784118777.6386592,""mapped"":true},""middle"":{""has_data"":true,""last_update_ts"":1784118777.6386592,""mapped"":true},""pinky"":{""has_data"":true,""last_update_ts"":1784118777.6386592,""mapped"":true},""ring"":{""has_data"":true,""last_update_ts"":1784118777.6386592,""mapped"":true},""thumb"":{""has_data"":true,""last_update_ts"":1784118777.6386592,""mapped"":true}},""ports"":{""available"":[""BLE:Dexter""],""unavailable"":[]}}"
1784118777.6979723,1784118777.697831,819,ble,"{""index"":{""age_s"":0.009172201156616211,""channels"":3,""force"":[0.4090717727411839,1.3268690654099995],""has_data"":true,""last_update_ts"":1784118777.6886587,""raw"":[17453,18304,15488]},""middle"":{""age_s"":0.009172201156616211,""channels"":3,""force"":[0.05287649236372616,-4.302264014220001],""has_data"":true,""last_update_ts"":1784118777.6886587,""raw"":[13427,13537,21233]},""pinky"":{""age_s"":0.009172201156616211,""channels"":3,""force"":[-1.0214776933901497,-0.7423917067500003],""has_data"":true,""last_update_ts"":1784118777.6886587,""raw"":[17420,15295,17695]},""ring"":{""age_s"":0.009172201156616211,""channels"":3,""force"":[0.27495776029137176,0.2575474780799958],""has_data"":true,""last_update_ts"":1784118777.6886587,""raw"":[15798,16370,15620]},""thumb"":{""age_s"":0.009172201156616211,""channels"":3,""force"":[0.0,-2.220446049250313e-16],""has_data"":true,""last_update_ts"":1784118777.6886587,""raw"":[0,0,0]}}","{""ble"":{""connection_state"":""connected"",""counter"":994776,""finger_order"":""DexterController.Visualizer"",""last_error"":null,""last_sample_age_s"":0.009200172004057094,""reconnect_count"":0,""sample_hz"":20.0,""sample_sequence"":818,""timestamp_us"":9742492128},""fingers"":{""index"":{""has_data"":true,""last_update_ts"":1784118777.6886587,""mapped"":true},""middle"":{""has_data"":true,""last_update_ts"":1784118777.6886587,""mapped"":true},""pinky"":{""has_data"":true,""last_update_ts"":1784118777.6886587,""mapped"":true},""ring"":{""has_data"":true,""last_update_ts"":1784118777.6886587,""mapped"":true},""thumb"":{""has_data"":true,""last_update_ts"":1784118777.6886587,""mapped"":true}},""ports"":{""available"":[""BLE:Dexter""],""unavailable"":[]}}"
1784118777.7479367,1784118777.7478058,820,ble,"{""index"":{""age_s"":0.009147882461547852,""channels"":3,""force"":[0.34946554498571025,0.23562263888999535],""has_data"":true,""last_update_ts"":1784118777.738658,""raw"":[16890,17617,16829]},""middle"":{""age_s"":0.009147882461547852,""channels"":3,""force"":[-0.06681665853234353,-3.4338738645300024],""has_data"":true,""last_update_ts"":1784118777.738658,""raw"":[13984,13845,20101]},""pinky"":{""age_s"":0.009147882461547852,""channels"":3,""force"":[-1.0253232564711467,-0.7368411145499998],""has_data"":true,""last_update_ts"":1784118777.738658,""raw"":[17421,15288,17682]},""ring"":{""age_s"":0.009147882461547852,""channels"":3,""force"":[0.28841723107486494,0.2630980702799981],""has_data"":true,""last_update_ts"":1784118777.738658,""raw"":[15796,16396,15622]},""thumb"":{""age_s"":0.009147882461547852,""channels"":3,""force"":[0.0,-2.220446049250313e-16],""has_data"":true,""last_update_ts"":1784118777.738658,""raw"":[0,0,0]}}","{""ble"":{""connection_state"":""connected"",""counter"":994782,""finger_order"":""DexterController.Visualizer"",""last_error"":null,""last_sample_age_s"":0.00917397000011988,""reconnect_count"":0,""sample_hz"":20.0,""sample_sequence"":819,""timestamp_us"":9742548832},""fingers"":{""index"":{""has_data"":true,""last_update_ts"":1784118777.738658,""mapped"":true},""middle"":{""has_data"":true,""last_update_ts"":1784118777.738658,""mapped"":true},""pinky"":{""has_data"":true,""last_update_ts"":1784118777.738658,""mapped"":true},""ring"":{""has_data"":true,""last_update_ts"":1784118777.738658,""mapped"":true},""thumb"":{""has_data"":true,""last_update_ts"":1784118777.738658,""mapped"":true}},""ports"":{""available"":[""BLE:Dexter""],""unavailable"":[]}}"
1784118777.7979078,1784118777.7978013,821,ble,"{""index"":{""age_s"":0.009143352508544922,""channels"":3,""force"":[0.03172589541823356,-0.7931796253800023],""has_data"":true,""last_update_ts"":1784118777.788658,""raw"":[16620,16686,18082]},""middle"":{""age_s"":0.009143352508544922,""channels"":3,""force"":[-0.29226279415586554,-1.8022772873400017],""has_data"":true,""last_update_ts"":1784118777.788658,""raw"":[15069,14461,18012]},""pinky"":{""age_s"":0.009143352508544922,""channels"":3,""force"":[0.47492704050327816,-0.056060981220000805],""has_data"":true,""last_update_ts"":1784118777.788658,""raw"":[16894,17882,17489]},""ring"":{""age_s"":0.009143352508544922,""channels"":3,""force"":[0.2768805418318738,0.5650502859599982],""has_data"":true,""last_update_ts"":1784118777.788658,""raw"":[15783,16359,15053]},""thumb"":{""age_s"":0.009143352508544922,""channels"":3,""force"":[0.0,-2.220446049250313e-16],""has_data"":true,""last_update_ts"":1784118777.788658,""raw"":[0,0,0]}}","{""ble"":{""connection_state"":""connected"",""counter"":994787,""finger_order"":""DexterController.Visualizer"",""last_error"":null,""last_sample_age_s"":0.009166215008008294,""reconnect_count"":0,""sample_hz"":20.0,""sample_sequence"":820,""timestamp_us"":9742595776},""fingers"":{""index"":{""has_data"":true,""last_update_ts"":1784118777.788658,""mapped"":true},""middle"":{""has_data"":true,""last_update_ts"":1784118777.788658,""mapped"":true},""pinky"":{""has_data"":true,""last_update_ts"":1784118777.788658,""mapped"":true},""ring"":{""has_data"":true,""last_update_ts"":1784118777.788658,""mapped"":true},""thumb"":{""has_data"":true,""last_update_ts"":1784118777.788658,""mapped"":true}},""ports"":{""available"":[""BLE:Dexter""],""unavailable"":[]}}"
1784118777.8479488,1784118777.8478074,822,ble,"{""index"":{""age_s"":0.009148359298706055,""channels"":3,""force"":[-0.19035537250941204,-1.8139335309600018],""has_data"":true,""last_update_ts"":1784118777.838659,""raw"":[16274,15878,19344]},""middle"":{""age_s"":0.009148359298706055,""channels"":3,""force"":[-0.6455739022225746,-0.3999201680100013],""has_data"":true,""last_update_ts"":1784118777.838659,""raw"":[16326,14983,16375]},""pinky"":{""age_s"":0.009148359298706055,""channels"":3,""force"":[-1.0181128256942742,-0.7526603023200007],""has_data"":true,""last_update_ts"":1784118777.838659,""raw"":[17414,15296,17711]},""ring"":{""age_s"":0.009148359298706055,""channels"":3,""force"":[0.27736123721699535,0.2528294747099986],""has_data"":true,""last_update_ts"":1784118777.838659,""raw"":[15793,16370,15626]},""thumb"":{""age_s"":0.009148359298706055,""channels"":3,""force"":[0.0,-2.220446049250313e-16],""has_data"":true,""last_update_ts"":1784118777.838659,""raw"":[0,0,0]}}","{""ble"":{""connection_state"":""connected"",""counter"":994792,""finger_order"":""DexterController.Visualizer"",""last_error"":null,""last_sample_age_s"":0.009175072002108209,""reconnect_count"":0,""sample_hz"":20.0,""sample_sequence"":821,""timestamp_us"":9742642688},""fingers"":{""index"":{""has_data"":true,""last_update_ts"":1784118777.838659,""mapped"":true},""middle"":{""has_data"":true,""last_update_ts"":1784118777.838659,""mapped"":true},""pinky"":{""has_data"":true,""last_update_ts"":1784118777.838659,""mapped"":true},""ring"":{""has_data"":true,""last_update_ts"":1784118777.838659,""mapped"":true},""thumb"":{""has_data"":true,""last_update_ts"":1784118777.838659,""mapped"":true}},""ports"":{""available"":[""BLE:Dexter""],""unavailable"":[]}}"
1784118777.8979673,1784118777.897824,823,ble,"{""index"":{""age_s"":0.009164571762084961,""channels"":3,""force"":[-0.36677057885020403,-2.81997836721],""has_data"":true,""last_update_ts"":1784118777.8886595,""raw"":[15839,15076,20538]},""middle"":{""age_s"":0.009164571762084961,""channels"":3,""force"":[-0.6633596314721917,0.37022449973999816],""has_data"":true,""last_update_ts"":1784118777.8886595,""raw"":[16803,15423,15446]},""pinky"":{""age_s"":0.009164571762084961,""channels"":3,""force"":[-1.0243618657008984,-0.742946765970002],""has_data"":true,""last_update_ts"":1784118777.8886595,""raw"":[17420,15289,17693]},""ring"":{""age_s"":0.009164571762084961,""channels"":3,""force"":[0.2725542833657464,0.2533845339299958],""has_data"":true,""last_update_ts"":1784118777.8886595,""raw"":[15800,16367,15627]},""thumb"":{""age_s"":0.009164571762084961,""channels"":3,""force"":[0.0,-2.220446049250313e-16],""has_data"":true,""last_update_ts"":1784118777.8886595,""raw"":[0,0,0]}}","{""ble"":{""connection_state"":""connected"",""counter"":994798,""finger_order"":""DexterController.Visualizer"",""last_error"":null,""last_sample_age_s"":0.009194571000989527,""reconnect_count"":0,""sample_hz"":20.0,""sample_sequence"":822,""timestamp_us"":9742699136},""fingers"":{""index"":{""has_data"":true,""last_update_ts"":1784118777.8886595,""mapped"":true},""middle"":{""has_data"":true,""last_update_ts"":1784118777.8886595,""mapped"":true},""pinky"":{""has_data"":true,""last_update_ts"":1784118777.8886595,""mapped"":true},""ring"":{""has_data"":true,""last_update_ts"":1784118777.8886595,""mapped"":true},""thumb"":{""has_data"":true,""last_update_ts"":1784118777.8886595,""mapped"":true}},""ports"":{""available"":[""BLE:Dexter""],""unavailable"":[]}}"
1784118777.9479687,1784118777.94783,824,ble,"{""index"":{""age_s"":0.009171724319458008,""channels"":3,""force"":[-0.4172435942883066,-3.66727626654],""has_data"":true,""last_update_ts"":1784118777.9386582,""raw"":[15372,14504,21545]},""middle"":{""age_s"":0.009171724319458008,""channels"":3,""force"":[-0.6436511206820743,0.7851312666899997],""has_data"":true,""last_update_ts"":1784118777.9386582,""raw"":[17025,15686,14941]},""pinky"":{""age_s"":0.009171724319458008,""channels"":3,""force"":[-1.0243618657008984,-0.7329557000100024],""has_data"":true,""last_update_ts"":1784118777.9386582,""raw"":[17429,15298,17684]},""ring"":{""age_s"":0.009171724319458008,""channels"":3,""force"":[0.28409097260874105,0.2772520803899994],""has_data"":true,""last_update_ts"":1784118777.9386582,""raw"":[15809,16400,15605]},""thumb"":{""age_s"":0.009171724319458008,""channels"":3,""force"":[0.0,-2.220446049250313e-16],""has_data"":true,""last_update_ts"":1784118777.9386582,""raw"":[0,0,0]}}","{""ble"":{""connection_state"":""connected"",""counter"":994803,""finger_order"":""DexterController.Visualizer"",""last_error"":null,""last_sample_age_s"":0.009200603992212564,""reconnect_count"":0,""sample_hz"":20.0,""sample_sequence"":823,""timestamp_us"":9742746240},""fingers"":{""index"":{""has_data"":true,""last_update_ts"":1784118777.9386582,""mapped"":true},""middle"":{""has_data"":true,""last_update_ts"":1784118777.9386582,""mapped"":true},""pinky"":{""has_data"":true,""last_update_ts"":1784118777.9386582,""mapped"":true},""ring"":{""has_data"":true,""last_update_ts"":1784118777.9386582,""mapped"":true},""thumb"":{""has_data"":true,""last_update_ts"":1784118777.9386582,""mapped"":true}},""ports"":{""available"":[""BLE:Dexter""],""unavailable"":[]}}"
1784118777.9979582,1784118777.99782,825,ble,"{""index"":{""age_s"":0.009161710739135742,""channels"":3,""force"":[-0.5302070097926261,-4.252031154810002],""has_data"":true,""last_update_ts"":1784118777.9886582,""raw"":[15152,14049,22261]},""middle"":{""age_s"":0.009161710739135742,""channels"":3,""force"":[-0.6561492006953173,1.0659912320099973],""has_data"":true,""last_update_ts"":1784118777.9886582,""raw"":[17192,15827,14589]},""pinky"":{""age_s"":0.009161710739135742,""channels"":3,""force"":[-1.0238811703157733,-0.7448894732400015],""has_data"":true,""last_update_ts"":1784118777.9886582,""raw"":[17420,15290,17697]},""ring"":{""age_s"":0.009161710739135742,""channels"":3,""force"":[0.2754384556764986,0.25504971158999723],""has_data"":true,""last_update_ts"":1784118777.9886582,""raw"":[15800,16373,15627]},""thumb"":{""age_s"":0.009161710739135742,""channels"":3,""force"":[0.0,-2.220446049250313e-16],""has_data"":true,""last_update_ts"":1784118777.9886582,""raw"":[0,0,0]}}","{""ble"":{""connection_state"":""connected"",""counter"":994808,""finger_order"":""DexterController.Visualizer"",""last_error"":null,""last_sample_age_s"":0.009190652999677695,""reconnect_count"":0,""sample_hz"":20.0,""sample_sequence"":824,""timestamp_us"":9742793152},""fingers"":{""index"":{""has_data"":true,""last_update_ts"":1784118777.9886582,""mapped"":true},""middle"":{""has_data"":true,""last_update_ts"":1784118777.9886582,""mapped"":true},""pinky"":{""has_data"":true,""last_update_ts"":1784118777.9886582,""mapped"":true},""ring"":{""has_data"":true,""last_update_ts"":1784118777.9886582,""mapped"":true},""thumb"":{""has_data"":true,""last_update_ts"":1784118777.9886582,""mapped"":true}},""ports"":{""available"":[""BLE:Dexter""],""unavailable"":[]}}"
1784118778.0479674,1784118778.0478306,826,ble,"{""index"":{""age_s"":0.009176492691040039,""channels"":3,""force"":[-0.6825874468771831,-4.518737110020002],""has_data"":true,""last_update_ts"":1784118778.038654,""raw"":[15153,13733,22584]},""middle"":{""age_s"":0.009176492691040039,""channels"":3,""force"":[-0.7364253300111585,1.3782120432599978],""has_data"":true,""last_update_ts"":1784118778.038654,""raw"":[17467,15935,14218]},""pinky"":{""age_s"":0.009176492691040039,""channels"":3,""force"":[-1.0190742164645226,-0.7432242955800019],""has_data"":true,""last_update_ts"":1784118778.038654,""raw"":[17418,15298,17697]},""ring"":{""age_s"":0.009176492691040039,""channels"":3,""force"":[0.27303497875087146,0.25366206353999754],""has_data"":true,""last_update_ts"":1784118778.038654,""raw"":[15797,16365,15624]},""thumb"":{""age_s"":0.009176492691040039,""channels"":3,""force"":[0.0,-2.220446049250313e-16],""has_data"":true,""last_update_ts"":1784118778.038654,""raw"":[0,0,0]}}","{""ble"":{""connection_state"":""connected"",""counter"":994814,""finger_order"":""DexterController.Visualizer"",""last_error"":null,""last_sample_age_s"":0.009205132009810768,""reconnect_count"":0,""sample_hz"":20.0,""sample_sequence"":825,""timestamp_us"":9742849504},""fingers"":{""index"":{""has_data"":true,""last_update_ts"":1784118778.038654,""mapped"":true},""middle"":{""has_data"":true,""last_update_ts"":1784118778.038654,""mapped"":true},""pinky"":{""has_data"":true,""last_update_ts"":1784118778.038654,""mapped"":true},""ring"":{""has_data"":true,""last_update_ts"":1784118778.038654,""mapped"":true},""thumb"":{""has_data"":true,""last_update_ts"":1784118778.038654,""mapped"":true}},""ports"":{""available"":[""BLE:Dexter""],""unavailable"":[]}}"
1784118778.0979698,1784118778.0978303,827,ble,"{""index"":{""age_s"":0.009171724319458008,""channels"":3,""force"":[-0.7806493054426351,-4.396624081620002],""has_data"":true,""last_update_ts"":1784118778.0886586,""raw"":[15326,13702,22435]},""middle"":{""age_s"":0.009171724319458008,""channels"":3,""force"":[-0.8291995393402356,1.472294581049999],""has_data"":true,""last_update_ts"":1784118778.0886586,""raw"":[17608,15883,14093]},""pinky"":{""age_s"":0.009171724319458008,""channels"":3,""force"":[-0.6056761852572148,-0.5667154636200005],""has_data"":true,""last_update_ts"":1784118778.0886586,""raw"":[17250,15990,17641]},""ring"":{""age_s"":0.009171724319458008,""channels"":3,""force"":[0.27207358798062486,0.33359059121999834],""has_data"":true,""last_update_ts"":1784118778.0886586,""raw"":[15799,16365,15481]},""thumb"":{""age_s"":0.009171724319458008,""channels"":3,""force"":[0.0,-2.220446049250313e-16],""has_data"":true,""last_update_ts"":1784118778.0886586,""raw"":[0,0,0]}}","{""ble"":{""connection_state"":""connected"",""counter"":994819,""finger_order"":""DexterController.Visualizer"",""last_error"":null,""last_sample_age_s"":0.009201143999234773,""reconnect_count"":0,""sample_hz"":20.0,""sample_sequence"":826,""timestamp_us"":9742896544},""fingers"":{""index"":{""has_data"":true,""last_update_ts"":1784118778.0886586,""mapped"":true},""middle"":{""has_data"":true,""last_update_ts"":1784118778.0886586,""mapped"":true},""pinky"":{""has_data"":true,""last_update_ts"":1784118778.0886586,""mapped"":true},""ring"":{""has_data"":true,""last_update_ts"":1784118778.0886586,""mapped"":true},""thumb"":{""has_data"":true,""last_update_ts"":1784118778.0886586,""mapped"":true}},""ports"":{""available"":[""BLE:Dexter""],""unavailable"":[]}}"
1784118778.147966,1784118778.1478293,828,ble,"{""index"":{""age_s"":0.009170293807983398,""channels"":3,""force"":[-0.7921859946856307,-4.033060292520003],""has_data"":true,""last_update_ts"":1784118778.138659,""raw"":[15562,13914,22004]},""middle"":{""age_s"":0.009170293807983398,""channels"":3,""force"":[-0.8580412624477223,1.3368601313699982],""has_data"":true,""last_update_ts"":1784118778.138659,""raw"":[17570,15785,14269]},""pinky"":{""age_s"":0.009170293807983398,""channels"":3,""force"":[-1.026284647241397,-0.7407265290899989],""has_data"":true,""last_update_ts"":1784118778.138659,""raw"":[17424,15289,17691]},""ring"":{""age_s"":0.009170293807983398,""channels"":3,""force"":[0.27736123721699535,0.260045244569997],""has_data"":true,""last_update_ts"":1784118778.138659,""raw"":[15799,16376,15619]},""thumb"":{""age_s"":0.009170293807983398,""channels"":3,""force"":[0.0,-2.220446049250313e-16],""has_data"":true,""last_update_ts"":1784118778.138659,""raw"":[0,0,0]}}","{""ble"":{""connection_state"":""connected"",""counter"":994824,""finger_order"":""DexterController.Visualizer"",""last_error"":null,""last_sample_age_s"":0.009199449996231124,""reconnect_count"":0,""sample_hz"":20.0,""sample_sequence"":827,""timestamp_us"":9742943520},""fingers"":{""index"":{""has_data"":true,""last_update_ts"":1784118778.138659,""mapped"":true},""middle"":{""has_data"":true,""last_update_ts"":1784118778.138659,""mapped"":true},""pinky"":{""has_data"":true,""last_update_ts"":1784118778.138659,""mapped"":true},""ring"":{""has_data"":true,""last_update_ts"":1784118778.138659,""mapped"":true},""thumb"":{""has_data"":true,""last_update_ts"":1784118778.138659,""mapped"":true}},""ports"":{""available"":[""BLE:Dexter""],""unavailable"":[]}}"
1784118778.1979291,1784118778.1978133,829,ble,"{""index"":{""age_s"":0.009154081344604492,""channels"":3,""force"":[-0.6883557914986778,-3.633972713340002],""has_data"":true,""last_update_ts"":1784118778.1886592,""raw"":[15685,14253,21516]},""middle"":{""age_s"":0.009154081344604492,""channels"":3,""force"":[-0.6758577114854347,0.8775486268199977],""has_data"":true,""last_update_ts"":1784118778.1886592,""raw"":[17097,15691,14813]},""pinky"":{""age_s"":0.009154081344604492,""channels"":3,""force"":[-1.0229197795455232,-0.7443344140200034],""has_data"":true,""last_update_ts"":1784118778.1886592,""raw"":[17424,15296,17701]},""ring"":{""age_s"":0.009154081344604492,""channels"":3,""force"":[0.2744770649062449,0.25504971158999723],""has_data"":true,""last_update_ts"":1784118778.1886592,""raw"":[15796,16367,15622]},""thumb"":{""age_s"":0.009154081344604492,""channels"":3,""force"":[0.0,-2.220446049250313e-16],""has_data"":true,""last_update_ts"":1784118778.1886592,""raw"":[0,0,0]}}","{""ble"":{""connection_state"":""connected"",""counter"":994829,""finger_order"":""DexterController.Visualizer"",""last_error"":null,""last_sample_age_s"":0.00917746699997224,""reconnect_count"":0,""sample_hz"":20.0,""sample_sequence"":828,""timestamp_us"":9742990496},""fingers"":{""index"":{""has_data"":true,""last_update_ts"":1784118778.1886592,""mapped"":true},""middle"":{""has_data"":true,""last_update_ts"":1784118778.1886592,""mapped"":true},""pinky"":{""has_data"":true,""last_update_ts"":1784118778.1886592,""mapped"":true},""ring"":{""has_data"":true,""last_update_ts"":1784118778.1886592,""mapped"":true},""thumb"":{""has_data"":true,""last_update_ts"":1784118778.1886592,""mapped"":true}},""ports"":{""available"":[""BLE:Dexter""],""unavailable"":[]}}"
1784118778.2479548,1784118778.2478166,830,ble,"{""index"":{""age_s"":0.009159088134765625,""channels"":3,""force"":[-0.5119405851578875,-3.304545066270001],""has_data"":true,""last_update_ts"":1784118778.2386575,""raw"":[15698,14633,21119]},""middle"":{""age_s"":0.009159088134765625,""channels"":3,""force"":[-0.5047301543810132,0.33969624263999787],""has_data"":true,""last_update_ts"":1784118778.2386575,""raw"":[16590,15540,15453]},""pinky"":{""age_s"":0.009159088134765625,""channels"":3,""force"":[-1.025323256471145,-0.7418366475300004],""has_data"":true,""last_update_ts"":1784118778.2386575,""raw"":[17426,15293,17696]},""ring"":{""age_s"":0.009159088134765625,""channels"":3,""force"":[0.27495776029137176,0.251996885879997],""has_data"":true,""last_update_ts"":1784118778.2386575,""raw"":[15796,16368,15628]},""thumb"":{""age_s"":0.009159088134765625,""channels"":3,""force"":[0.0,-2.220446049250313e-16],""has_data"":true,""last_update_ts"":1784118778.2386575,""raw"":[0,0,0]}}","{""ble"":{""connection_state"":""connected"",""counter"":994835,""finger_order"":""DexterController.Visualizer"",""last_error"":null,""last_sample_age_s"":0.00918714699218981,""reconnect_count"":0,""sample_hz"":20.0,""sample_sequence"":829,""timestamp_us"":9743046976},""fingers"":{""index"":{""has_data"":true,""last_update_ts"":1784118778.2386575,""mapped"":true},""middle"":{""has_data"":true,""last_update_ts"":1784118778.2386575,""mapped"":true},""pinky"":{""has_data"":true,""last_update_ts"":1784118778.2386575,""mapped"":true},""ring"":{""has_data"":true,""last_update_ts"":1784118778.2386575,""mapped"":true},""thumb"":{""has_data"":true,""last_update_ts"":1784118778.2386575,""mapped"":true}},""ports"":{""available"":[""BLE:Dexter""],""unavailable"":[]}}"
1784118778.2979689,1784118778.2978299,831,ble,"{""index"":{""age_s"":0.009171009063720703,""channels"":3,""force"":[-0.42781889276104756,-2.799163646460003],""has_data"":true,""last_update_ts"":1784118778.2886589,""raw"":[15930,15040,20528]},""middle"":{""age_s"":0.009171009063720703,""channels"":3,""force"":[-0.38647908964031963,-0.4634744487000013],""has_data"":true,""last_update_ts"":1784118778.2886589,""raw"":[15957,15153,16390]},""pinky"":{""age_s"":0.009171009063720703,""channels"":3,""force"":[-1.0234004749306465,-0.7468321805099993],""has_data"":true,""last_update_ts"":1784118778.2886589,""raw"":[17422,15293,17703]},""ring"":{""age_s"":0.009171009063720703,""channels"":3,""force"":[0.2768805418318703,0.2542171227599983],""has_data"":true,""last_update_ts"":1784118778.2886589,""raw"":[15796,16372,15626]},""thumb"":{""age_s"":0.009171009063720703,""channels"":3,""force"":[0.0,-2.220446049250313e-16],""has_data"":true,""last_update_ts"":1784118778.2886589,""raw"":[0,0,0]}}","{""ble"":{""connection_state"":""connected"",""counter"":994840,""finger_order"":""DexterController.Visualizer"",""last_error"":null,""last_sample_age_s"":0.009200002008583397,""reconnect_count"":0,""sample_hz"":20.0,""sample_sequence"":830,""timestamp_us"":9743094048},""fingers"":{""index"":{""has_data"":true,""last_update_ts"":1784118778.2886589,""mapped"":true},""middle"":{""has_data"":true,""last_update_ts"":1784118778.2886589,""mapped"":true},""pinky"":{""has_data"":true,""last_update_ts"":1784118778.2886589,""mapped"":true},""ring"":{""has_data"":true,""last_update_ts"":1784118778.2886589,""mapped"":true},""thumb"":{""has_data"":true,""last_update_ts"":1784118778.2886589,""mapped"":true}},""ports"":{""available"":[""BLE:Dexter""],""unavailable"":[]}}"
1784118778.3479695,1784118778.3478293,832,ble,"{""index"":{""age_s"":0.009171485900878906,""channels"":3,""force"":[-0.3629250157692052,-2.2443819560700033],""has_data"":true,""last_update_ts"":1784118778.3386579,""raw"":[16206,15451,19872]},""middle"":{""age_s"":0.009171485900878906,""channels"":3,""force"":[-0.267747329514501,-1.105400436630001],""has_data"":true,""last_update_ts"":1784118778.3386579,""raw"":[15436,14879,17149]},""pinky"":{""age_s"":0.009171485900878906,""channels"":3,""force"":[-1.0243618657008966,-0.7423917067500021],""has_data"":true,""last_update_ts"":1784118778.3386579,""raw"":[17426,15295,17698]},""ring"":{""age_s"":0.009171485900878906,""channels"":3,""force"":[0.2735156741359983,0.2556047708099962],""has_data"":true,""last_update_ts"":1784118778.3386579,""raw"":[15800,16369,15624]},""thumb"":{""age_s"":0.009171485900878906,""channels"":3,""force"":[0.0,-2.220446049250313e-16],""has_data"":true,""last_update_ts"":1784118778.3386579,""raw"":[0,0,0]}}","{""ble"":{""connection_state"":""connected"",""counter"":994845,""finger_order"":""DexterController.Visualizer"",""last_error"":null,""last_sample_age_s"":0.009200261993100867,""reconnect_count"":0,""sample_hz"":20.0,""sample_sequence"":831,""timestamp_us"":9743141152},""fingers"":{""index"":{""has_data"":true,""last_update_ts"":1784118778.3386579,""mapped"":true},""middle"":{""has_data"":true,""last_update_ts"":1784118778.3386579,""mapped"":true},""pinky"":{""has_data"":true,""last_update_ts"":1784118778.3386579,""mapped"":true},""ring"":{""has_data"":true,""last_update_ts"":1784118778.3386579,""mapped"":true},""thumb"":{""has_data"":true,""last_update_ts"":1784118778.3386579,""mapped"":true}},""ports"":{""available"":[""BLE:Dexter""],""unavailable"":[]}}"
1784118778.3979373,1784118778.3978224,833,ble,"{""index"":{""age_s"":0.009163618087768555,""channels"":3,""force"":[-0.17737659711104392,-1.1819986089899999],""has_data"":true,""last_update_ts"":1784118778.3886588,""raw"":[16681,16312,18626]},""middle"":{""age_s"":0.009163618087768555,""channels"":3,""force"":[-0.16247504017217373,-2.1885985044600025],""has_data"":true,""last_update_ts"":1784118778.3886588,""raw"":[14682,14344,18456]},""pinky"":{""age_s"":0.009163618087768555,""channels"":3,""force"":[-1.0224390841603999,-0.7440568844100017],""has_data"":true,""last_update_ts"":1784118778.3886588,""raw"":[17421,15294,17698]},""ring"":{""age_s"":0.009163618087768555,""channels"":3,""force"":[0.27688054183187205,0.25088676743999816],""has_data"":true,""last_update_ts"":1784118778.3886588,""raw"":[15787,16363,15623]},""thumb"":{""age_s"":0.009163618087768555,""channels"":3,""force"":[0.0,-2.220446049250313e-16],""has_data"":true,""last_update_ts"":1784118778.3886588,""raw"":[0,0,0]}}","{""ble"":{""connection_state"":""connected"",""counter"":994851,""finger_order"":""DexterController.Visualizer"",""last_error"":null,""last_sample_age_s"":0.00918792700394988,""reconnect_count"":0,""sample_hz"":20.0,""sample_sequence"":832,""timestamp_us"":9743197600},""fingers"":{""index"":{""has_data"":true,""last_update_ts"":1784118778.3886588,""mapped"":true},""middle"":{""has_data"":true,""last_update_ts"":1784118778.3886588,""mapped"":true},""pinky"":{""has_data"":true,""last_update_ts"":1784118778.3886588,""mapped"":true},""ring"":{""has_data"":true,""last_update_ts"":1784118778.3886588,""mapped"":true},""thumb"":{""has_data"":true,""last_update_ts"":1784118778.3886588,""mapped"":true}},""ports"":{""available"":[""BLE:Dexter""],""unavailable"":[]}}"
1784118778.4479778,1784118778.4478233,834,ble,"{""index"":{""age_s"":0.009164094924926758,""channels"":3,""force"":[-0.0903707324034535,-0.682722840600003],""has_data"":true,""last_update_ts"":1784118778.4386592,""raw"":[16881,16693,18017]},""middle"":{""age_s"":0.009164094924926758,""channels"":3,""force"":[-0.09565838163982932,-2.6628966079500005],""has_data"":true,""last_update_ts"":1784118778.4386592,""raw"":[14339,14140,19037]},""pinky"":{""age_s"":0.009164094924926758,""channels"":3,""force"":[-1.0166707395389007,-0.7534928911500023],""has_data"":true,""last_update_ts"":1784118778.4386592,""raw"":[17410,15295,17710]},""ring"":{""age_s"":0.009164094924926758,""channels"":3,""force"":[0.28072610491287087,0.25033170822000006],""has_data"":true,""last_update_ts"":1784118778.4386592,""raw"":[15794,16378,15635]},""thumb"":{""age_s"":0.009164094924926758,""channels"":3,""force"":[0.0,-2.220446049250313e-16],""has_data"":true,""last_update_ts"":1784118778.4386592,""raw"":[0,0,0]}}","{""ble"":{""connection_state"":""connected"",""counter"":994856,""finger_order"":""DexterController.Visualizer"",""last_error"":null,""last_sample_age_s"":0.0091947920009261,""reconnect_count"":0,""sample_hz"":20.0,""sample_sequence"":833,""timestamp_us"":9743244704},""fingers"":{""index"":{""has_data"":true,""last_update_ts"":1784118778.4386592,""mapped"":true},""middle"":{""has_data"":true,""last_update_ts"":1784118778.4386592,""mapped"":true},""pinky"":{""has_data"":true,""last_update_ts"":1784118778.4386592,""mapped"":true},""ring"":{""has_data"":true,""last_update_ts"":1784118778.4386592,""mapped"":true},""thumb"":{""has_data"":true,""last_update_ts"":1784118778.4386592,""mapped"":true}},""ports"":{""available"":[""BLE:Dexter""],""unavailable"":[]}}"
1784118778.497955,1784118778.4978223,835,ble,"{""index"":{""age_s"":0.00916290283203125,""channels"":3,""force"":[0.06104831391084531,-0.07521052431000008],""has_data"":true,""last_update_ts"":1784118778.4886594,""raw"":[17076,17203,17275]},""middle"":{""age_s"":0.00916290283203125,""channels"":3,""force"":[-0.14132444322668292,-2.951249872740002],""has_data"":true,""last_update_ts"":1784118778.4886594,""raw"":[14263,13969,19433]},""pinky"":{""age_s"":0.00916290283203125,""channels"":3,""force"":[-1.022439084160398,-0.7473872397299992],""has_data"":true,""last_update_ts"":1784118778.4886594,""raw"":[17420,15293,17703]},""ring"":{""age_s"":0.00916290283203125,""channels"":3,""force"":[0.2735156741359983,0.25060923782999733],""has_data"":true,""last_update_ts"":1784118778.4886594,""raw"":[15800,16369,15633]},""thumb"":{""age_s"":0.00916290283203125,""channels"":3,""force"":[0.0,-2.220446049250313e-16],""has_data"":true,""last_update_ts"":1784118778.4886594,""raw"":[0,0,0]}}","{""ble"":{""connection_state"":""connected"",""counter"":994861,""finger_order"":""DexterController.Visualizer"",""last_error"":null,""last_sample_age_s"":0.009186776005662978,""reconnect_count"":0,""sample_hz"":20.0,""sample_sequence"":834,""timestamp_us"":9743291712},""fingers"":{""index"":{""has_data"":true,""last_update_ts"":1784118778.4886594,""mapped"":true},""middle"":{""has_data"":true,""last_update_ts"":1784118778.4886594,""mapped"":true},""pinky"":{""has_data"":true,""last_update_ts"":1784118778.4886594,""mapped"":true},""ring"":{""has_data"":true,""last_update_ts"":1784118778.4886594,""mapped"":true},""thumb"":{""has_data"":true,""last_update_ts"":1784118778.4886594,""mapped"":true}},""ports"":{""available"":[""BLE:Dexter""],""unavailable"":[]}}"
1784118778.547958,1784118778.547824,836,ble,"{""index"":{""age_s"":0.009165763854980469,""channels"":3,""force"":[0.15574530478042625,0.016651776599994506],""has_data"":true,""last_update_ts"":1784118778.5386581,""raw"":[17005,17329,17137]},""middle"":{""age_s"":0.009165763854980469,""channels"":3,""force"":[-0.07787265239021313,-3.2237839497600005],""has_data"":true,""last_update_ts"":1784118778.5386581,""raw"":[14046,13884,19773]},""pinky"":{""age_s"":0.009165763854980469,""channels"":3,""force"":[-1.0219583887752712,-0.7487748877800033],""has_data"":true,""last_update_ts"":1784118778.5386581,""raw"":[17419,15293,17705]},""ring"":{""age_s"":0.009165763854980469,""channels"":3,""force"":[0.2725542833657446,0.2594901853499989],""has_data"":true,""last_update_ts"":1784118778.5386581,""raw"":[15805,16372,15621]},""thumb"":{""age_s"":0.009165763854980469,""channels"":3,""force"":[0.0,-2.220446049250313e-16],""has_data"":true,""last_update_ts"":1784118778.5386581,""raw"":[0,0,0]}}","{""ble"":{""connection_state"":""connected"",""counter"":994867,""finger_order"":""DexterController.Visualizer"",""last_error"":null,""last_sample_age_s"":0.009189531003357843,""reconnect_count"":0,""sample_hz"":20.0,""sample_sequence"":835,""timestamp_us"":9743348256},""fingers"":{""index"":{""has_data"":true,""last_update_ts"":1784118778.5386581,""mapped"":true},""middle"":{""has_data"":true,""last_update_ts"":1784118778.5386581,""mapped"":true},""pinky"":{""has_data"":true,""last_update_ts"":1784118778.5386581,""mapped"":true},""ring"":{""has_data"":true,""last_update_ts"":1784118778.5386581,""mapped"":true},""thumb"":{""has_data"":true,""last_update_ts"":1784118778.5386581,""mapped"":true}},""ports"":{""available"":[""BLE:Dexter""],""unavailable"":[]}}"
1784118778.5979762,1784118778.597826,837,ble,"{""index"":{""age_s"":0.009171485900878906,""channels"":3,""force"":[0.34417789574934154,-0.07992852768000258],""has_data"":true,""last_update_ts"":1784118778.5886545,""raw"":[16701,17417,17203]},""middle"":{""age_s"":0.009171485900878906,""channels"":3,""force"":[-0.004806953851248963,-3.333130616100001],""has_data"":true,""last_update_ts"":1784118778.5886545,""raw"":[13792,13782,19792]},""pinky"":{""age_s"":0.009171485900878906,""channels"":3,""force"":[1.642536130971358,0.49761059072999725],""has_data"":true,""last_update_ts"":1784118778.5886545,""raw"":[16528,19945,17340]},""ring"":{""age_s"":0.009171485900878906,""channels"":3,""force"":[0.32254660341872565,0.7873515035699983],""has_data"":true,""last_update_ts"":1784118778.5886545,""raw"":[15729,16400,14646]},""thumb"":{""age_s"":0.009171485900878906,""channels"":3,""force"":[0.0,-2.220446049250313e-16],""has_data"":true,""last_update_ts"":1784118778.5886545,""raw"":[0,0,0]}}","{""ble"":{""connection_state"":""connected"",""counter"":994872,""finger_order"":""DexterController.Visualizer"",""last_error"":null,""last_sample_age_s"":0.00920032300928142,""reconnect_count"":0,""sample_hz"":20.0,""sample_sequence"":836,""timestamp_us"":9743395168},""fingers"":{""index"":{""has_data"":true,""last_update_ts"":1784118778.5886545,""mapped"":true},""middle"":{""has_data"":true,""last_update_ts"":1784118778.5886545,""mapped"":true},""pinky"":{""has_data"":true,""last_update_ts"":1784118778.5886545,""mapped"":true},""ring"":{""has_data"":true,""last_update_ts"":1784118778.5886545,""mapped"":true},""thumb"":{""has_data"":true,""last_update_ts"":1784118778.5886545,""mapped"":true}},""ports"":{""available"":[""BLE:Dexter""],""unavailable"":[]}}"
1784118778.6479592,1784118778.6478267,838,ble,"{""index"":{""age_s"":0.009168863296508789,""channels"":3,""force"":[0.30572226493935695,-0.20315167452000082],""has_data"":true,""last_update_ts"":1784118778.6386578,""raw"":[16677,17313,17361]},""middle"":{""age_s"":0.009168863296508789,""channels"":3,""force"":[-0.027880332337234748,-3.355888044120001],""has_data"":true,""last_update_ts"":1784118778.6386578,""raw"":[13953,13895,19970]},""pinky"":{""age_s"":0.009168863296508789,""channels"":3,""force"":[-1.0229197795455232,-0.7437793548000018],""has_data"":true,""last_update_ts"":1784118778.6386578,""raw"":[17422,15294,17698]},""ring"":{""age_s"":0.009168863296508789,""channels"":3,""force"":[0.27736123721699535,0.25005417860999923],""has_data"":true,""last_update_ts"":1784118778.6386578,""raw"":[15793,16370,15631]},""thumb"":{""age_s"":0.009168863296508789,""channels"":3,""force"":[0.0,-2.220446049250313e-16],""has_data"":true,""last_update_ts"":1784118778.6386578,""raw"":[0,0,0]}}","{""ble"":{""connection_state"":""connected"",""counter"":994877,""finger_order"":""DexterController.Visualizer"",""last_error"":null,""last_sample_age_s"":0.009192135999910533,""reconnect_count"":0,""sample_hz"":20.0,""sample_sequence"":837,""timestamp_us"":9743442112},""fingers"":{""index"":{""has_data"":true,""last_update_ts"":1784118778.6386578,""mapped"":true},""middle"":{""has_data"":true,""last_update_ts"":1784118778.6386578,""mapped"":true},""pinky"":{""has_data"":true,""last_update_ts"":1784118778.6386578,""mapped"":true},""ring"":{""has_data"":true,""last_update_ts"":1784118778.6386578,""mapped"":true},""thumb"":{""has_data"":true,""last_update_ts"":1784118778.6386578,""mapped"":true}},""ports"":{""available"":[""BLE:Dexter""],""unavailable"":[]}}"
1784118778.6979814,1784118778.6978302,839,ble,"{""index"":{""age_s"":0.009171485900878906,""channels"":3,""force"":[0.2610175941227517,-0.37438744389000345],""has_data"":true,""last_update_ts"":1784118778.6886587,""raw"":[16631,17174,17577]},""middle"":{""age_s"":0.009171485900878906,""channels"":3,""force"":[-0.1499769601589307,-3.11055186888],""has_data"":true,""last_update_ts"":1784118778.6886587,""raw"":[14214,13902,19662]},""pinky"":{""age_s"":0.009171485900878906,""channels"":3,""force"":[-1.0200356072347745,-0.7493299470000006],""has_data"":true,""last_update_ts"":1784118778.6886587,""raw"":[17413,15291,17702]},""ring"":{""age_s"":0.009171485900878906,""channels"":3,""force"":[0.2715928925954998,0.25005417860999923],""has_data"":true,""last_update_ts"":1784118778.6886587,""raw"":[15803,16368,15635]},""thumb"":{""age_s"":0.009171485900878906,""channels"":3,""force"":[0.0,-2.220446049250313e-16],""has_data"":true,""last_update_ts"":1784118778.6886587,""raw"":[0,0,0]}}","{""ble"":{""connection_state"":""connected"",""counter"":994883,""finger_order"":""DexterController.Visualizer"",""last_error"":null,""last_sample_age_s"":0.009199921012623236,""reconnect_count"":0,""sample_hz"":20.0,""sample_sequence"":838,""timestamp_us"":9743498528},""fingers"":{""index"":{""has_data"":true,""last_update_ts"":1784118778.6886587,""mapped"":true},""middle"":{""has_data"":true,""last_update_ts"":1784118778.6886587,""mapped"":true},""pinky"":{""has_data"":true,""last_update_ts"":1784118778.6886587,""mapped"":true},""ring"":{""has_data"":true,""last_update_ts"":1784118778.6886587,""mapped"":true},""thumb"":{""has_data"":true,""last_update_ts"":1784118778.6886587,""mapped"":true}},""ports"":{""available"":[""BLE:Dexter""],""unavailable"":[]}}"
1784118778.747949,1784118778.7478175,840,ble,"{""index"":{""age_s"":0.009163141250610352,""channels"":3,""force"":[0.1499769601589307,-0.9874503523800033],""has_data"":true,""last_update_ts"":1784118778.7386544,""raw"":[16379,16691,18314]},""middle"":{""age_s"":0.009163141250610352,""channels"":3,""force"":[-0.3254307757294743,-2.4514190451300015],""has_data"":true,""last_update_ts"":1784118778.7386544,""raw"":[14781,14104,18859]},""pinky"":{""age_s"":0.009163141250610352,""channels"":3,""force"":[-1.0205163026198978,-0.7423917067500012],""has_data"":true,""last_update_ts"":1784118778.7386544,""raw"":[17416,15293,17692]},""ring"":{""age_s"":0.009163141250610352,""channels"":3,""force"":[0.2845716679938679,0.2636531294999971],""has_data"":true,""last_update_ts"":1784118778.7386544,""raw"":[15794,16386,15615]},""thumb"":{""age_s"":0.009163141250610352,""channels"":3,""force"":[0.0,-2.220446049250313e-16],""has_data"":true,""last_update_ts"":1784118778.7386544,""raw"":[0,0,0]}}","{""ble"":{""connection_state"":""connected"",""counter"":994888,""finger_order"":""DexterController.Visualizer"",""last_error"":null,""last_sample_age_s"":0.009186576004140079,""reconnect_count"":0,""sample_hz"":20.0,""sample_sequence"":839,""timestamp_us"":9743545472},""fingers"":{""index"":{""has_data"":true,""last_update_ts"":1784118778.7386544,""mapped"":true},""middle"":{""has_data"":true,""last_update_ts"":1784118778.7386544,""mapped"":true},""pinky"":{""has_data"":true,""last_update_ts"":1784118778.7386544,""mapped"":true},""ring"":{""has_data"":true,""last_update_ts"":1784118778.7386544,""mapped"":true},""thumb"":{""has_data"":true,""last_update_ts"":1784118778.7386544,""mapped"":true}},""ports"":{""available"":[""BLE:Dexter""],""unavailable"":[]}}"
1784118778.7979543,1784118778.7978227,841,ble,"{""index"":{""age_s"":0.009148120880126953,""channels"":3,""force"":[0.04662745235710375,-1.506708252690002],""has_data"":true,""last_update_ts"":1784118778.7886746,""raw"":[16180,16277,18943]},""middle"":{""age_s"":0.009148120880126953,""channels"":3,""force"":[-0.5451085667314945,-1.7689737341400003],""has_data"":true,""last_update_ts"":1784118778.7886746,""raw"":[15412,14278,18032]},""pinky"":{""age_s"":0.009148120880126953,""channels"":3,""force"":[-1.0224390841603963,-0.7412815883100015],""has_data"":true,""last_update_ts"":1784118778.7886746,""raw"":[17423,15296,17695]},""ring"":{""age_s"":0.009148120880126953,""channels"":3,""force"":[0.2725542833657446,0.260045244569997],""has_data"":true,""last_update_ts"":1784118778.7886746,""raw"":[15804,16371,15619]},""thumb"":{""age_s"":0.009148120880126953,""channels"":3,""force"":[0.0,-2.220446049250313e-16],""has_data"":true,""last_update_ts"":1784118778.7886746,""raw"":[0,0,0]}}","{""ble"":{""connection_state"":""connected"",""counter"":994893,""finger_order"":""DexterController.Visualizer"",""last_error"":null,""last_sample_age_s"":0.009172546997433528,""reconnect_count"":0,""sample_hz"":20.0,""sample_sequence"":840,""timestamp_us"":9743592480},""fingers"":{""index"":{""has_data"":true,""last_update_ts"":1784118778.7886746,""mapped"":true},""middle"":{""has_data"":true,""last_update_ts"":1784118778.7886746,""mapped"":true},""pinky"":{""has_data"":true,""last_update_ts"":1784118778.7886746,""mapped"":true},""ring"":{""has_data"":true,""last_update_ts"":1784118778.7886746,""mapped"":true},""thumb"":{""has_data"":true,""last_update_ts"":1784118778.7886746,""mapped"":true}},""ports"":{""available"":[""BLE:Dexter""],""unavailable"":[]}}"
1784118778.8479562,1784118778.8478222,842,ble,"{""index"":{""age_s"":0.009166479110717773,""channels"":3,""force"":[0.034129372343862485,-1.8952497066900023],""has_data"":true,""last_update_ts"":1784118778.8386557,""raw"":[15964,16035,19414]},""middle"":{""age_s"":0.009166479110717773,""channels"":3,""force"":[-0.7628635761930198,-1.1009599628700002],""has_data"":true,""last_update_ts"":1784118778.8386557,""raw"":[16040,14453,17230]},""pinky"":{""age_s"":0.009166479110717773,""channels"":3,""force"":[-1.0243618657008966,-0.7479422989500009],""has_data"":true,""last_update_ts"":1784118778.8386557,""raw"":[17424,15293,17706]},""ring"":{""age_s"":0.009166479110717773,""channels"":3,""force"":[0.27303497875087324,0.271423958579998],""has_data"":true,""last_update_ts"":1784118778.8386557,""raw"":[15810,16378,15605]},""thumb"":{""age_s"":0.009166479110717773,""channels"":3,""force"":[0.0,-2.220446049250313e-16],""has_data"":true,""last_update_ts"":1784118778.8386557,""raw"":[0,0,0]}}","{""ble"":{""connection_state"":""connected"",""counter"":994899,""finger_order"":""DexterController.Visualizer"",""last_error"":null,""last_sample_age_s"":0.009190482989652082,""reconnect_count"":0,""sample_hz"":20.0,""sample_sequence"":841,""timestamp_us"":9743649056},""fingers"":{""index"":{""has_data"":true,""last_update_ts"":1784118778.8386557,""mapped"":true},""middle"":{""has_data"":true,""last_update_ts"":1784118778.8386557,""mapped"":true},""pinky"":{""has_data"":true,""last_update_ts"":1784118778.8386557,""mapped"":true},""ring"":{""has_data"":true,""last_update_ts"":1784118778.8386557,""mapped"":true},""thumb"":{""has_data"":true,""last_update_ts"":1784118778.8386557,""mapped"":true}},""ports"":{""available"":[""BLE:Dexter""],""unavailable"":[]}}"
1784118778.8979774,1784118778.8978305,843,ble,"{""index"":{""age_s"":0.009169578552246094,""channels"":3,""force"":[0.09469699086958094,-2.2654742064300004],""has_data"":true,""last_update_ts"":1784118778.888661,""raw"":[15646,15843,19826]},""middle"":{""age_s"":0.009169578552246094,""channels"":3,""force"":[-0.8114138100906203,-0.8975307587400021],""has_data"":true,""last_update_ts"":1784118778.888661,""raw"":[16081,14393,16854]},""pinky"":{""age_s"":0.009169578552246094,""channels"":3,""force"":[1.1080028627126062,0.283912791029997],""has_data"":true,""last_update_ts"":1784118778.888661,""raw"":[16779,19084,17420]},""ring"":{""age_s"":0.009169578552246094,""channels"":3,""force"":[0.34754276344521173,0.6774497780099988],""has_data"":true,""last_update_ts"":1784118778.888661,""raw"":[15723,16446,14864]},""thumb"":{""age_s"":0.009169578552246094,""channels"":3,""force"":[0.0,-2.220446049250313e-16],""has_data"":true,""last_update_ts"":1784118778.888661,""raw"":[0,0,0]}}","{""ble"":{""connection_state"":""connected"",""counter"":994904,""finger_order"":""DexterController.Visualizer"",""last_error"":null,""last_sample_age_s"":0.009198589003062807,""reconnect_count"":0,""sample_hz"":20.0,""sample_sequence"":842,""timestamp_us"":9743695968},""fingers"":{""index"":{""has_data"":true,""last_update_ts"":1784118778.888661,""mapped"":true},""middle"":{""has_data"":true,""last_update_ts"":1784118778.888661,""mapped"":true},""pinky"":{""has_data"":true,""last_update_ts"":1784118778.888661,""mapped"":true},""ring"":{""has_data"":true,""last_update_ts"":1784118778.888661,""mapped"":true},""thumb"":{""has_data"":true,""last_update_ts"":1784118778.888661,""mapped"":true}},""ports"":{""available"":[""BLE:Dexter""],""unavailable"":[]}}"
1784118778.947953,1784118778.9478283,844,ble,"{""index"":{""age_s"":0.009171485900878906,""channels"":3,""force"":[0.08989003701833198,-2.493603545850001],""has_data"":true,""last_update_ts"":1784118778.9386568,""raw"":[15554,15741,20140]},""middle"":{""age_s"":0.009171485900878906,""channels"":3,""force"":[-0.8565991762923488,-0.8758834491600016],""has_data"":true,""last_update_ts"":1784118778.9386568,""raw"":[16276,14494,16963]},""pinky"":{""age_s"":0.009171485900878906,""channels"":3,""force"":[-1.0224390841603963,-0.742391706750003],""has_data"":true,""last_update_ts"":1784118778.9386568,""raw"":[17423,15296,17697]},""ring"":{""age_s"":0.009171485900878906,""channels"":3,""force"":[0.27688054183187205,0.25033170821999917],""has_data"":true,""last_update_ts"":1784118778.9386568,""raw"":[15794,16370,15631]},""thumb"":{""age_s"":0.009171485900878906,""channels"":3,""force"":[0.0,-2.220446049250313e-16],""has_data"":true,""last_update_ts"":1784118778.9386568,""raw"":[0,0,0]}}","{""ble"":{""connection_state"":""connected"",""counter"":994909,""finger_order"":""DexterController.Visualizer"",""last_error"":null,""last_sample_age_s"":0.009195452992571518,""reconnect_count"":0,""sample_hz"":20.0,""sample_sequence"":843,""timestamp_us"":9743742976},""fingers"":{""index"":{""has_data"":true,""last_update_ts"":1784118778.9386568,""mapped"":true},""middle"":{""has_data"":true,""last_update_ts"":1784118778.9386568,""mapped"":true},""pinky"":{""has_data"":true,""last_update_ts"":1784118778.9386568,""mapped"":true},""ring"":{""has_data"":true,""last_update_ts"":1784118778.9386568,""mapped"":true},""thumb"":{""has_data"":true,""last_update_ts"":1784118778.9386568,""mapped"":true}},""ports"":{""available"":[""BLE:Dexter""],""unavailable"":[]}}"
1784118778.9979668,1784118778.9978213,845,ble,"{""index"":{""age_s"":0.009160280227661133,""channels"":3,""force"":[0.08267960624146298,-2.414507607],""has_data"":true,""last_update_ts"":1784118778.988661,""raw"":[15604,15776,20040]},""middle"":{""age_s"":0.009160280227661133,""channels"":3,""force"":[-0.7551724500310204,-1.168677187710001],""has_data"":true,""last_update_ts"":1784118778.988661,""raw"":[16001,14430,17321]},""pinky"":{""age_s"":0.009160280227661133,""channels"":3,""force"":[-1.0224390841603963,-0.7473872397300019],""has_data"":true,""last_update_ts"":1784118778.988661,""raw"":[17419,15292,17702]},""ring"":{""age_s"":0.009160280227661133,""channels"":3,""force"":[0.2768805418318703,0.24866653055999954],""has_data"":true,""last_update_ts"":1784118778.988661,""raw"":[15790,16366,15630]},""thumb"":{""age_s"":0.009160280227661133,""channels"":3,""force"":[0.0,-2.220446049250313e-16],""has_data"":true,""last_update_ts"":1784118778.988661,""raw"":[0,0,0]}}","{""ble"":{""connection_state"":""connected"",""counter"":994915,""finger_order"":""DexterController.Visualizer"",""last_error"":null,""last_sample_age_s"":0.009188429001369514,""reconnect_count"":0,""sample_hz"":20.0,""sample_sequence"":844,""timestamp_us"":9743799424},""fingers"":{""index"":{""has_data"":true,""last_update_ts"":1784118778.988661,""mapped"":true},""middle"":{""has_data"":true,""last_update_ts"":1784118778.988661,""mapped"":true},""pinky"":{""has_data"":true,""last_update_ts"":1784118778.988661,""mapped"":true},""ring"":{""has_data"":true,""last_update_ts"":1784118778.988661,""mapped"":true},""thumb"":{""has_data"":true,""last_update_ts"":1784118778.988661,""mapped"":true}},""ports"":{""available"":[""BLE:Dexter""],""unavailable"":[]}}"
1784118779.047982,1784118779.0478542,846,ble,"{""index"":{""age_s"":0.009199142456054688,""channels"":3,""force"":[0.08892864624808361,-2.0595472358099993],""has_data"":true,""last_update_ts"":1784118779.038655,""raw"":[15814,15999,19617]},""middle"":{""age_s"":0.009199142456054688,""channels"":3,""force"":[-0.6407669483713256,-1.495052009070002],""has_data"":true,""last_update_ts"":1784118779.038655,""raw"":[15668,14335,17695]},""pinky"":{""age_s"":0.009199142456054688,""channels"":3,""force"":[-1.0219583887752712,-0.7471097101200019],""has_data"":true,""last_update_ts"":1784118779.038655,""raw"":[17414,15288,17697]},""ring"":{""age_s"":0.009199142456054688,""channels"":3,""force"":[0.27495776029137176,0.2558823004199944],""has_data"":true,""last_update_ts"":1784118779.038655,""raw"":[15795,16367,15620]},""thumb"":{""age_s"":0.009199142456054688,""channels"":3,""force"":[0.0,-2.220446049250313e-16],""has_data"":true,""last_update_ts"":1784118779.038655,""raw"":[0,0,0]}}","{""ble"":{""connection_state"":""connected"",""counter"":994920,""finger_order"":""DexterController.Visualizer"",""last_error"":null,""last_sample_age_s"":0.009222846987540834,""reconnect_count"":0,""sample_hz"":20.0,""sample_sequence"":845,""timestamp_us"":9743846496},""fingers"":{""index"":{""has_data"":true,""last_update_ts"":1784118779.038655,""mapped"":true},""middle"":{""has_data"":true,""last_update_ts"":1784118779.038655,""mapped"":true},""pinky"":{""has_data"":true,""last_update_ts"":1784118779.038655,""mapped"":true},""ring"":{""has_data"":true,""last_update_ts"":1784118779.038655,""mapped"":true},""thumb"":{""has_data"":true,""last_update_ts"":1784118779.038655,""mapped"":true}},""ports"":{""available"":[""BLE:Dexter""],""unavailable"":[]}}"
1784118779.0979598,1784118779.0978281,847,ble,"{""index"":{""age_s"":0.009168624877929688,""channels"":3,""force"":[0.0995039447208299,-1.8058851722700027],""has_data"":true,""last_update_ts"":1784118779.0886595,""raw"":[15959,16166,19316]},""middle"":{""age_s"":0.009168624877929688,""channels"":3,""force"":[-0.5229965790157554,-1.8228144784800016],""has_data"":true,""last_update_ts"":1784118779.0886595,""raw"":[15348,14260,18088]},""pinky"":{""age_s"":0.009168624877929688,""channels"":3,""force"":[-1.025323256471145,-0.7479422989500009],""has_data"":true,""last_update_ts"":1784118779.0886595,""raw"":[17426,15293,17707]},""ring"":{""age_s"":0.009168624877929688,""channels"":3,""force"":[0.27880332337237057,0.2547721819799973],""has_data"":true,""last_update_ts"":1784118779.0886595,""raw"":[15795,16375,15626]},""thumb"":{""age_s"":0.009168624877929688,""channels"":3,""force"":[0.0,-2.220446049250313e-16],""has_data"":true,""last_update_ts"":1784118779.0886595,""raw"":[0,0,0]}}","{""ble"":{""connection_state"":""connected"",""counter"":994925,""finger_order"":""DexterController.Visualizer"",""last_error"":null,""last_sample_age_s"":0.009192115991027094,""reconnect_count"":0,""sample_hz"":20.0,""sample_sequence"":846,""timestamp_us"":9743893472},""fingers"":{""index"":{""has_data"":true,""last_update_ts"":1784118779.0886595,""mapped"":true},""middle"":{""has_data"":true,""last_update_ts"":1784118779.0886595,""mapped"":true},""pinky"":{""has_data"":true,""last_update_ts"":1784118779.0886595,""mapped"":true},""ring"":{""has_data"":true,""last_update_ts"":1784118779.0886595,""mapped"":true},""thumb"":{""has_data"":true,""last_update_ts"":1784118779.0886595,""mapped"":true}},""ports"":{""available"":[""BLE:Dexter""],""unavailable"":[]}}"
1784118779.1479592,1784118779.1478276,848,ble,"{""index"":{""age_s"":0.009172916412353516,""channels"":3,""force"":[0.14757348323330355,-1.6182751559100028],""has_data"":true,""last_update_ts"":1784118779.1386547,""raw"":[16031,16338,19100]},""middle"":{""age_s"":0.009172916412353516,""channels"":3,""force"":[-0.4350293235379219,-2.2132986397500005],""has_data"":true,""last_update_ts"":1784118779.1386547,""raw"":[15018,14113,18553]},""pinky"":{""age_s"":0.009172916412353516,""channels"":3,""force"":[-1.0224390841604016,-0.7418366475300013],""has_data"":true,""last_update_ts"":1784118779.1386547,""raw"":[17429,15302,17702]},""ring"":{""age_s"":0.009172916412353516,""channels"":3,""force"":[0.27207358798061776,0.2536620635399993],""has_data"":true,""last_update_ts"":1784118779.1386547,""raw"":[15805,16371,15631]},""thumb"":{""age_s"":0.009172916412353516,""channels"":3,""force"":[0.0,-2.220446049250313e-16],""has_data"":true,""last_update_ts"":1784118779.1386547,""raw"":[0,0,0]}}","{""ble"":{""connection_state"":""connected"",""counter"":994930,""finger_order"":""DexterController.Visualizer"",""last_error"":null,""last_sample_age_s"":0.009196483995765448,""reconnect_count"":0,""sample_hz"":20.0,""sample_sequence"":847,""timestamp_us"":9743940416},""fingers"":{""index"":{""has_data"":true,""last_update_ts"":1784118779.1386547,""mapped"":true},""middle"":{""has_data"":true,""last_update_ts"":1784118779.1386547,""mapped"":true},""pinky"":{""has_data"":true,""last_update_ts"":1784118779.1386547,""mapped"":true},""ring"":{""has_data"":true,""last_update_ts"":1784118779.1386547,""mapped"":true},""thumb"":{""has_data"":true,""last_update_ts"":1784118779.1386547,""mapped"":true}},""ports"":{""available"":[""BLE:Dexter""],""unavailable"":[]}}"
1784118779.1979682,1784118779.19783,849,ble,"{""index"":{""age_s"":0.009172201156616211,""channels"":3,""force"":[0.2999539203178614,-1.1201095059600021],""has_data"":true,""last_update_ts"":1784118779.1886578,""raw"":[16181,16805,18511]},""middle"":{""age_s"":0.009172201156616211,""channels"":3,""force"":[-0.27543845567649683,-2.863828045590002],""has_data"":true,""last_update_ts"":1784118779.1886578,""raw"":[14443,13870,19316]},""pinky"":{""age_s"":0.009172201156616211,""channels"":3,""force"":[-1.016190044153774,-0.762651368280002],""has_data"":true,""last_update_ts"":1784118779.1886578,""raw"":[17399,15285,17716]},""ring"":{""age_s"":0.009172201156616211,""channels"":3,""force"":[0.2797647141426154,0.24034064225999874],""has_data"":true,""last_update_ts"":1784118779.1886578,""raw"":[15785,16367,15643]},""thumb"":{""age_s"":0.009172201156616211,""channels"":3,""force"":[0.0,-2.220446049250313e-16],""has_data"":true,""last_update_ts"":1784118779.1886578,""raw"":[0,0,0]}}","{""ble"":{""connection_state"":""connected"",""counter"":994936,""finger_order"":""DexterController.Visualizer"",""last_error"":null,""last_sample_age_s"":0.009201214998029172,""reconnect_count"":0,""sample_hz"":20.0,""sample_sequence"":848,""timestamp_us"":9743996832},""fingers"":{""index"":{""has_data"":true,""last_update_ts"":1784118779.1886578,""mapped"":true},""middle"":{""has_data"":true,""last_update_ts"":1784118779.1886578,""mapped"":true},""pinky"":{""has_data"":true,""last_update_ts"":1784118779.1886578,""mapped"":true},""ring"":{""has_data"":true,""last_update_ts"":1784118779.1886578,""mapped"":true},""thumb"":{""has_data"":true,""last_update_ts"":1784118779.1886578,""mapped"":true}},""ports"":{""available"":[""BLE:Dexter""],""unavailable"":[]}}"
1784118779.24795,1784118779.2478273,850,ble,"{""index"":{""age_s"":0.009168148040771484,""channels"":3,""force"":[0.3105292187906059,-0.7143612161399995],""has_data"":true,""last_update_ts"":1784118779.2386591,""raw"":[16430,17076,18040]},""middle"":{""age_s"":0.009168148040771484,""channels"":3,""force"":[-0.26678593874424994,-3.109719280050003],""has_data"":true,""last_update_ts"":1784118779.2386591,""raw"":[14280,13725,19605]},""pinky"":{""age_s"":0.009168148040771484,""channels"":3,""force"":[-1.0195549118496512,-0.7396164106500009],""has_data"":true,""last_update_ts"":1784118779.2386591,""raw"":[17424,15303,17696]},""ring"":{""age_s"":0.009168148040771484,""channels"":3,""force"":[0.2759191510616166,0.2630980702799999],""has_data"":true,""last_update_ts"":1784118779.2386591,""raw"":[15805,16379,15618]},""thumb"":{""age_s"":0.009168148040771484,""channels"":3,""force"":[0.0,-2.220446049250313e-16],""has_data"":true,""last_update_ts"":1784118779.2386591,""raw"":[0,0,0]}}","{""ble"":{""connection_state"":""connected"",""counter"":994941,""finger_order"":""DexterController.Visualizer"",""last_error"":null,""last_sample_age_s"":0.00919240599614568,""reconnect_count"":0,""sample_hz"":20.0,""sample_sequence"":849,""timestamp_us"":9744043840},""fingers"":{""index"":{""has_data"":true,""last_update_ts"":1784118779.2386591,""mapped"":true},""middle"":{""has_data"":true,""last_update_ts"":1784118779.2386591,""mapped"":true},""pinky"":{""has_data"":true,""last_update_ts"":1784118779.2386591,""mapped"":true},""ring"":{""has_data"":true,""last_update_ts"":1784118779.2386591,""mapped"":true},""thumb"":{""has_data"":true,""last_update_ts"":1784118779.2386591,""mapped"":true}},""ports"":{""available"":[""BLE:Dexter""],""unavailable"":[]}}"
1784118779.2979555,1784118779.2978268,851,ble,"{""index"":{""age_s"":0.009166717529296875,""channels"":3,""force"":[0.34898484960058873,-0.5522839239000001],""has_data"":true,""last_update_ts"":1784118779.28866,""raw"":[16481,17207,17839]},""middle"":{""age_s"":0.009166717529296875,""channels"":3,""force"":[-0.26918941566987176,-3.180489330600002],""has_data"":true,""last_update_ts"":1784118779.28866,""raw"":[14238,13678,19688]},""pinky"":{""age_s"":0.009166717529296875,""channels"":3,""force"":[-1.022439084160398,-0.7473872397299992],""has_data"":true,""last_update_ts"":1784118779.28866,""raw"":[17420,15293,17703]},""ring"":{""age_s"":0.009166717529296875,""channels"":3,""force"":[0.27255428336574816,0.24727888250999808],""has_data"":true,""last_update_ts"":1784118779.28866,""raw"":[15796,16363,15634]},""thumb"":{""age_s"":0.009166717529296875,""channels"":3,""force"":[0.0,-2.220446049250313e-16],""has_data"":true,""last_update_ts"":1784118779.28866,""raw"":[0,0,0]}}","{""ble"":{""connection_state"":""connected"",""counter"":994946,""finger_order"":""DexterController.Visualizer"",""last_error"":null,""last_sample_age_s"":0.00919090400566347,""reconnect_count"":0,""sample_hz"":20.0,""sample_sequence"":850,""timestamp_us"":9744090720},""fingers"":{""index"":{""has_data"":true,""last_update_ts"":1784118779.28866,""mapped"":true},""middle"":{""has_data"":true,""last_update_ts"":1784118779.28866,""mapped"":true},""pinky"":{""has_data"":true,""last_update_ts"":1784118779.28866,""mapped"":true},""ring"":{""has_data"":true,""last_update_ts"":1784118779.28866,""mapped"":true},""thumb"":{""has_data"":true,""last_update_ts"":1784118779.28866,""mapped"":true}},""ports"":{""available"":[""BLE:Dexter""],""unavailable"":[]}}"
1784118779.347952,1784118779.3478181,852,ble,"{""index"":{""age_s"":0.009159326553344727,""channels"":3,""force"":[0.38840187118081815,-0.5611648714200017],""has_data"":true,""last_update_ts"":1784118779.3386588,""raw"":[16429,17237,17844]},""middle"":{""age_s"":0.009159326553344727,""channels"":3,""force"":[-0.22929169870451815,-3.259585269450003],""has_data"":true,""last_update_ts"":1784118779.3386588,""raw"":[14160,13683,19794]},""pinky"":{""age_s"":0.009159326553344727,""channels"":3,""force"":[-1.021477693390148,-0.7440568844100008],""has_data"":true,""last_update_ts"":1784118779.3386588,""raw"":[17422,15297,17700]},""ring"":{""age_s"":0.009159326553344727,""channels"":3,""force"":[0.27639984644674875,0.25504971158999723],""has_data"":true,""last_update_ts"":1784118779.3386588,""raw"":[15795,16370,15623]},""thumb"":{""age_s"":0.009159326553344727,""channels"":3,""force"":[0.0,-2.220446049250313e-16],""has_data"":true,""last_update_ts"":1784118779.3386588,""raw"":[0,0,0]}}","{""ble"":{""connection_state"":""connected"",""counter"":994952,""finger_order"":""DexterController.Visualizer"",""last_error"":null,""last_sample_age_s"":0.009183679998386651,""reconnect_count"":0,""sample_hz"":20.0,""sample_sequence"":851,""timestamp_us"":9744147008},""fingers"":{""index"":{""has_data"":true,""last_update_ts"":1784118779.3386588,""mapped"":true},""middle"":{""has_data"":true,""last_update_ts"":1784118779.3386588,""mapped"":true},""pinky"":{""has_data"":true,""last_update_ts"":1784118779.3386588,""mapped"":true},""ring"":{""has_data"":true,""last_update_ts"":1784118779.3386588,""mapped"":true},""thumb"":{""has_data"":true,""last_update_ts"":1784118779.3386588,""mapped"":true}},""ports"":{""available"":[""BLE:Dexter""],""unavailable"":[]}}"
1784118779.3980334,1784118779.3978307,853,ble,"{""index"":{""age_s"":0.00917196273803711,""channels"":3,""force"":[0.39320882503206533,-0.5928032469600035],""has_data"":true,""last_update_ts"":1784118779.3886588,""raw"":[16408,17226,17885]},""middle"":{""age_s"":0.00917196273803711,""channels"":3,""force"":[-0.22160057254252052,-3.176881445670003],""has_data"":true,""last_update_ts"":1784118779.3886588,""raw"":[14192,13731,19685]},""pinky"":{""age_s"":0.00917196273803711,""channels"":3,""force"":[-1.0205163026198978,-0.746832180510002],""has_data"":true,""last_update_ts"":1784118779.3886588,""raw"":[17418,15295,17702]},""ring"":{""age_s"":0.00917196273803711,""channels"":3,""force"":[0.27303497875087146,0.25588230041999704],""has_data"":true,""last_update_ts"":1784118779.3886588,""raw"":[15803,16371,15626]},""thumb"":{""age_s"":0.00917196273803711,""channels"":3,""force"":[0.0,-2.220446049250313e-16],""has_data"":true,""last_update_ts"":1784118779.3886588,""raw"":[0,0,0]}}","{""ble"":{""connection_state"":""connected"",""counter"":994957,""finger_order"":""DexterController.Visualizer"",""last_error"":null,""last_sample_age_s"":0.009200041997246444,""reconnect_count"":0,""sample_hz"":20.0,""sample_sequence"":852,""timestamp_us"":9744193984},""fingers"":{""index"":{""has_data"":true,""last_update_ts"":1784118779.3886588,""mapped"":true},""middle"":{""has_data"":true,""last_update_ts"":1784118779.3886588,""mapped"":true},""pinky"":{""has_data"":true,""last_update_ts"":1784118779.3886588,""mapped"":true},""ring"":{""has_data"":true,""last_update_ts"":1784118779.3886588,""mapped"":true},""thumb"":{""has_data"":true,""last_update_ts"":1784118779.3886588,""mapped"":true}},""ports"":{""available"":[""BLE:Dexter""],""unavailable"":[]}}"
1784118779.447954,1784118779.4478219,854,ble,"{""index"":{""age_s"":0.009166955947875977,""channels"":3,""force"":[0.3283149480402212,-0.6552474092100002],""has_data"":true,""last_update_ts"":1784118779.438655,""raw"":[16443,17126,17965]},""middle"":{""age_s"":0.009166955947875977,""channels"":3,""force"":[-0.2528457725756308,-2.9451442213200014],""has_data"":true,""last_update_ts"":1784118779.438655,""raw"":[14353,13827,19396]},""pinky"":{""age_s"":0.009166955947875977,""channels"":3,""force"":[-1.0243618657008984,-0.7462771212899995],""has_data"":true,""last_update_ts"":1784118779.438655,""raw"":[17420,15289,17699]},""ring"":{""age_s"":0.009166955947875977,""channels"":3,""force"":[0.27303497875087146,0.25255194509999956],""has_data"":true,""last_update_ts"":1784118779.438655,""raw"":[15801,16369,15630]},""thumb"":{""age_s"":0.009166955947875977,""channels"":3,""force"":[0.0,-2.220446049250313e-16],""has_data"":true,""last_update_ts"":1784118779.438655,""raw"":[0,0,0]}}","{""ble"":{""connection_state"":""connected"",""counter"":994962,""finger_order"":""DexterController.Visualizer"",""last_error"":null,""last_sample_age_s"":0.009191625998937525,""reconnect_count"":0,""sample_hz"":20.0,""sample_sequence"":853,""timestamp_us"":9744241056},""fingers"":{""index"":{""has_data"":true,""last_update_ts"":1784118779.438655,""mapped"":true},""middle"":{""has_data"":true,""last_update_ts"":1784118779.438655,""mapped"":true},""pinky"":{""has_data"":true,""last_update_ts"":1784118779.438655,""mapped"":true},""ring"":{""has_data"":true,""last_update_ts"":1784118779.438655,""mapped"":true},""thumb"":{""has_data"":true,""last_update_ts"":1784118779.438655,""mapped"":true}},""ports"":{""available"":[""BLE:Dexter""],""unavailable"":[]}}"
1784118779.4979599,1784118779.4978228,855,ble,"{""index"":{""age_s"":0.009164810180664062,""channels"":3,""force"":[0.19131676327965863,-0.7981751583600021],""has_data"":true,""last_update_ts"":1784118779.488658,""raw"":[16495,16893,18132]},""middle"":{""age_s"":0.009164810180664062,""channels"":3,""force"":[-0.30379948339885754,-2.428939146720003],""has_data"":true,""last_update_ts"":1784118779.488658,""raw"":[14692,14060,18752]},""pinky"":{""age_s"":0.009164810180664062,""channels"":3,""force"":[-1.020035607234771,-0.7476647693400045],""has_data"":true,""last_update_ts"":1784118779.488658,""raw"":[17415,15293,17701]},""ring"":{""age_s"":0.009164810180664062,""channels"":3,""force"":[0.27928401875749564,0.2533845339299976],""has_data"":true,""last_update_ts"":1784118779.488658,""raw"":[15791,16372,15625]},""thumb"":{""age_s"":0.009164810180664062,""channels"":3,""force"":[0.0,-2.220446049250313e-16],""has_data"":true,""last_update_ts"":1784118779.488658,""raw"":[0,0,0]}}","{""ble"":{""connection_state"":""connected"",""counter"":994968,""finger_order"":""DexterController.Visualizer"",""last_error"":null,""last_sample_age_s"":0.009193409001454711,""reconnect_count"":0,""sample_hz"":20.0,""sample_sequence"":854,""timestamp_us"":9744297504},""fingers"":{""index"":{""has_data"":true,""last_update_ts"":1784118779.488658,""mapped"":true},""middle"":{""has_data"":true,""last_update_ts"":1784118779.488658,""mapped"":true},""pinky"":{""has_data"":true,""last_update_ts"":1784118779.488658,""mapped"":true},""ring"":{""has_data"":true,""last_update_ts"":1784118779.488658,""mapped"":true},""thumb"":{""has_data"":true,""last_update_ts"":1784118779.488658,""mapped"":true}},""ports"":{""available"":[""BLE:Dexter""],""unavailable"":[]}}"
1784118779.5479524,1784118779.5478187,856,ble,"{""index"":{""age_s"":0.009164810180664062,""channels"":3,""force"":[-0.00769112616199763,-0.8525709619200024],""has_data"":true,""last_update_ts"":1784118779.5386539,""raw"":[16643,16627,18171]},""middle"":{""age_s"":0.009164810180664062,""channels"":3,""force"":[-0.2658245479740007,-1.9934951886300025],""has_data"":true,""last_update_ts"":1784118779.5386539,""raw"":[14900,14347,18215]},""pinky"":{""age_s"":0.009164810180664062,""channels"":3,""force"":[-1.0214776933901497,-0.7390613514300011],""has_data"":true,""last_update_ts"":1784118779.5386539,""raw"":[17420,15295,17689]},""ring"":{""age_s"":0.009164810180664062,""channels"":3,""force"":[0.27495776029137176,0.2608778333999968],""has_data"":true,""last_update_ts"":1784118779.5386539,""raw"":[15803,16375,15619]},""thumb"":{""age_s"":0.009164810180664062,""channels"":3,""force"":[0.0,-2.220446049250313e-16],""has_data"":true,""last_update_ts"":1784118779.5386539,""raw"":[0,0,0]}}","{""ble"":{""connection_state"":""connected"",""counter"":994973,""finger_order"":""DexterController.Visualizer"",""last_error"":null,""last_sample_age_s"":0.00919016299303621,""reconnect_count"":0,""sample_hz"":20.0,""sample_sequence"":855,""timestamp_us"":9744344608},""fingers"":{""index"":{""has_data"":true,""last_update_ts"":1784118779.5386539,""mapped"":true},""middle"":{""has_data"":true,""last_update_ts"":1784118779.5386539,""mapped"":true},""pinky"":{""has_data"":true,""last_update_ts"":1784118779.5386539,""mapped"":true},""ring"":{""has_data"":true,""last_update_ts"":1784118779.5386539,""mapped"":true},""thumb"":{""has_data"":true,""last_update_ts"":1784118779.5386539,""mapped"":true}},""ports"":{""available"":[""BLE:Dexter""],""unavailable"":[]}}"
1784118779.5979712,1784118779.597827,857,ble,"{""index"":{""age_s"":0.009167671203613281,""channels"":3,""force"":[-0.08989003701833198,-0.7052027390100015],""has_data"":true,""last_update_ts"":1784118779.5886593,""raw"":[16801,16614,17978]},""middle"":{""age_s"":0.009167671203613281,""channels"":3,""force"":[-0.12257732320681924,-1.90135535811],""has_data"":true,""last_update_ts"":1784118779.5886593,""raw"":[14775,14520,18073]},""pinky"":{""age_s"":0.009167671203613281,""channels"":3,""force"":[-1.0238811703157733,-0.7432242955800001],""has_data"":true,""last_update_ts"":1784118779.5886593,""raw"":[17420,15290,17694]},""ring"":{""age_s"":0.009167671203613281,""channels"":3,""force"":[0.2706315018252461,0.2572699484699994],""has_data"":true,""last_update_ts"":1784118779.5886593,""raw"":[15805,16368,15623]},""thumb"":{""age_s"":0.009167671203613281,""channels"":3,""force"":[0.0,-2.220446049250313e-16],""has_data"":true,""last_update_ts"":1784118779.5886593,""raw"":[0,0,0]}}","{""ble"":{""connection_state"":""connected"",""counter"":994978,""finger_order"":""DexterController.Visualizer"",""last_error"":null,""last_sample_age_s"":0.00919229599821847,""reconnect_count"":0,""sample_hz"":20.0,""sample_sequence"":856,""timestamp_us"":9744391616},""fingers"":{""index"":{""has_data"":true,""last_update_ts"":1784118779.5886593,""mapped"":true},""middle"":{""has_data"":true,""last_update_ts"":1784118779.5886593,""mapped"":true},""pinky"":{""has_data"":true,""last_update_ts"":1784118779.5886593,""mapped"":true},""ring"":{""has_data"":true,""last_update_ts"":1784118779.5886593,""mapped"":true},""thumb"":{""has_data"":true,""last_update_ts"":1784118779.5886593,""mapped"":true}},""ports"":{""available"":[""BLE:Dexter""],""unavailable"":[]}}"
1784118779.6479683,1784118779.6478186,858,ble,"{""index"":{""age_s"":0.009136199951171875,""channels"":3,""force"":[-0.1547839140101761,-0.7410040587000006],""has_data"":true,""last_update_ts"":1784118779.6386824,""raw"":[16789,16467,17963]},""middle"":{""age_s"":0.009136199951171875,""channels"":3,""force"":[0.043743280046353306,-1.9979356623900033],""has_data"":true,""last_update_ts"":1784118779.6386824,""raw"":[14502,14593,18147]},""pinky"":{""age_s"":0.009136199951171875,""channels"":3,""force"":[-1.0248425610860217,-0.747109710120001],""has_data"":true,""last_update_ts"":1784118779.6386824,""raw"":[17424,15292,17704]},""ring"":{""age_s"":0.009136199951171875,""channels"":3,""force"":[0.27543845567649505,0.25060923783],""has_data"":true,""last_update_ts"":1784118779.6386824,""raw"":[15797,16370,15632]},""thumb"":{""age_s"":0.009136199951171875,""channels"":3,""force"":[0.0,-2.220446049250313e-16],""has_data"":true,""last_update_ts"":1784118779.6386824,""raw"":[0,0,0]}}","{""ble"":{""connection_state"":""connected"",""counter"":994984,""finger_order"":""DexterController.Visualizer"",""last_error"":null,""last_sample_age_s"":0.00916555400181096,""reconnect_count"":0,""sample_hz"":20.0,""sample_sequence"":857,""timestamp_us"":9744448160},""fingers"":{""index"":{""has_data"":true,""last_update_ts"":1784118779.6386824,""mapped"":true},""middle"":{""has_data"":true,""last_update_ts"":1784118779.6386824,""mapped"":true},""pinky"":{""has_data"":true,""last_update_ts"":1784118779.6386824,""mapped"":true},""ring"":{""has_data"":true,""last_update_ts"":1784118779.6386824,""mapped"":true},""thumb"":{""has_data"":true,""last_update_ts"":1784118779.6386824,""mapped"":true}},""ports"":{""available"":[""BLE:Dexter""],""unavailable"":[]}}"
1784118779.697964,1784118779.6978173,859,ble,"{""index"":{""age_s"":0.009159326553344727,""channels"":3,""force"":[-0.30716435109473217,-0.9083544135300006],""has_data"":true,""last_update_ts"":1784118779.688658,""raw"":[16747,16108,18064]},""middle"":{""age_s"":0.009159326553344727,""channels"":3,""force"":[0.04133980312072971,-1.6535214163800038],""has_data"":true,""last_update_ts"":1784118779.688658,""raw"":[14547,14633,17569]},""pinky"":{""age_s"":0.009159326553344727,""channels"":3,""force"":[1.6795496756259638,0.5189803706999987],""has_data"":true,""last_update_ts"":1784118779.688658,""raw"":[16521,20015,17333]},""ring"":{""age_s"":0.009159326553344727,""channels"":3,""force"":[0.3201431264930985,0.8042808097799989],""has_data"":true,""last_update_ts"":1784118779.688658,""raw"":[15739,16405,14623]},""thumb"":{""age_s"":0.009159326553344727,""channels"":3,""force"":[0.0,-2.220446049250313e-16],""has_data"":true,""last_update_ts"":1784118779.688658,""raw"":[0,0,0]}}","{""ble"":{""connection_state"":""connected"",""counter"":994989,""finger_order"":""DexterController.Visualizer"",""last_error"":null,""last_sample_age_s"":0.009188719996018335,""reconnect_count"":0,""sample_hz"":20.0,""sample_sequence"":858,""timestamp_us"":9744495072},""fingers"":{""index"":{""has_data"":true,""last_update_ts"":1784118779.688658,""mapped"":true},""middle"":{""has_data"":true,""last_update_ts"":1784118779.688658,""mapped"":true},""pinky"":{""has_data"":true,""last_update_ts"":1784118779.688658,""mapped"":true},""ring"":{""has_data"":true,""last_update_ts"":1784118779.688658,""mapped"":true},""thumb"":{""has_data"":true,""last_update_ts"":1784118779.688658,""mapped"":true}},""ports"":{""available"":[""BLE:Dexter""],""unavailable"":[]}}"
1784118779.747933,1784118779.7478049,860,ble,"{""index"":{""age_s"":0.009155988693237305,""channels"":3,""force"":[-0.324950080344351,-1.2699754953600015],""has_data"":true,""last_update_ts"":1784118779.738649,""raw"":[16496,15820,18446]},""middle"":{""age_s"":0.009155988693237305,""channels"":3,""force"":[0.2451546464136367,-1.7190184043400034],""has_data"":true,""last_update_ts"":1784118779.738649,""raw"":[14423,14933,17775]},""pinky"":{""age_s"":0.009155988693237305,""channels"":3,""force"":[-1.0262846472413951,-0.750717595050002],""has_data"":true,""last_update_ts"":1784118779.738649,""raw"":[17419,15284,17704]},""ring"":{""age_s"":0.009155988693237305,""channels"":3,""force"":[0.2783226279872455,0.25949018534999624],""has_data"":true,""last_update_ts"":1784118779.738649,""raw"":[15798,16377,15620]},""thumb"":{""age_s"":0.009155988693237305,""channels"":3,""force"":[0.0,-2.220446049250313e-16],""has_data"":true,""last_update_ts"":1784118779.738649,""raw"":[0,0,0]}}","{""ble"":{""connection_state"":""connected"",""counter"":994994,""finger_order"":""DexterController.Visualizer"",""last_error"":null,""last_sample_age_s"":0.009179180007777177,""reconnect_count"":0,""sample_hz"":20.0,""sample_sequence"":859,""timestamp_us"":9744542112},""fingers"":{""index"":{""has_data"":true,""last_update_ts"":1784118779.738649,""mapped"":true},""middle"":{""has_data"":true,""last_update_ts"":1784118779.738649,""mapped"":true},""pinky"":{""has_data"":true,""last_update_ts"":1784118779.738649,""mapped"":true},""ring"":{""has_data"":true,""last_update_ts"":1784118779.738649,""mapped"":true},""thumb"":{""has_data"":true,""last_update_ts"":1784118779.738649,""mapped"":true}},""ports"":{""available"":[""BLE:Dexter""],""unavailable"":[]}}"
1784118779.797977,1784118779.7978294,861,ble,"{""index"":{""age_s"":0.009170293807983398,""channels"":3,""force"":[-0.32783425265509614,-1.3365826017600009],""has_data"":true,""last_update_ts"":1784118779.788659,""raw"":[16339,15657,18406]},""middle"":{""age_s"":0.009170293807983398,""channels"":3,""force"":[0.24275116948801134,-1.4822856470100003],""has_data"":true,""last_update_ts"":1784118779.788659,""raw"":[14514,15019,17437]},""pinky"":{""age_s"":0.009170293807983398,""channels"":3,""force"":[-1.0209969980050229,-0.7443344140200008],""has_data"":true,""last_update_ts"":1784118779.788659,""raw"":[17410,15286,17689]},""ring"":{""age_s"":0.009170293807983398,""channels"":3,""force"":[0.2884172310748667,0.2636531294999962],""has_data"":true,""last_update_ts"":1784118779.788659,""raw"":[15791,16391,15616]},""thumb"":{""age_s"":0.009170293807983398,""channels"":3,""force"":[0.0,-2.220446049250313e-16],""has_data"":true,""last_update_ts"":1784118779.788659,""raw"":[0,0,0]}}","{""ble"":{""connection_state"":""connected"",""counter"":995000,""finger_order"":""DexterController.Visualizer"",""last_error"":null,""last_sample_age_s"":0.009199341002386063,""reconnect_count"":0,""sample_hz"":20.0,""sample_sequence"":860,""timestamp_us"":9744598720},""fingers"":{""index"":{""has_data"":true,""last_update_ts"":1784118779.788659,""mapped"":true},""middle"":{""has_data"":true,""last_update_ts"":1784118779.788659,""mapped"":true},""pinky"":{""has_data"":true,""last_update_ts"":1784118779.788659,""mapped"":true},""ring"":{""has_data"":true,""last_update_ts"":1784118779.788659,""mapped"":true},""thumb"":{""has_data"":true,""last_update_ts"":1784118779.788659,""mapped"":true}},""ports"":{""available"":[""BLE:Dexter""],""unavailable"":[]}}"
1784118779.8479755,1784118779.8478262,862,ble,"{""index"":{""age_s"":0.009171485900878906,""channels"":3,""force"":[-0.4244540250651756,-1.4289999618900033],""has_data"":true,""last_update_ts"":1784118779.8386548,""raw"":[16338,15455,18471]},""middle"":{""age_s"":0.009171485900878906,""channels"":3,""force"":[0.23361795717064027,-1.187826730800003],""has_data"":true,""last_update_ts"":1784118779.8386548,""raw"":[14660,15146,17043]},""pinky"":{""age_s"":0.009171485900878906,""channels"":3,""force"":[-1.021477693390148,-0.7462771212900003],""has_data"":true,""last_update_ts"":1784118779.8386548,""raw"":[17414,15289,17696]},""ring"":{""age_s"":0.009171485900878906,""channels"":3,""force"":[0.2763998464467434,0.2539395931499975],""has_data"":true,""last_update_ts"":1784118779.8386548,""raw"":[15792,16367,15622]},""thumb"":{""age_s"":0.009171485900878906,""channels"":3,""force"":[0.0,-2.220446049250313e-16],""has_data"":true,""last_update_ts"":1784118779.8386548,""raw"":[0,0,0]}}","{""ble"":{""connection_state"":""connected"",""counter"":995005,""finger_order"":""DexterController.Visualizer"",""last_error"":null,""last_sample_age_s"":0.009200462998705916,""reconnect_count"":0,""sample_hz"":20.0,""sample_sequence"":861,""timestamp_us"":9744645696},""fingers"":{""index"":{""has_data"":true,""last_update_ts"":1784118779.8386548,""mapped"":true},""middle"":{""has_data"":true,""last_update_ts"":1784118779.8386548,""mapped"":true},""pinky"":{""has_data"":true,""last_update_ts"":1784118779.8386548,""mapped"":true},""ring"":{""has_data"":true,""last_update_ts"":1784118779.8386548,""mapped"":true},""thumb"":{""has_data"":true,""last_update_ts"":1784118779.8386548,""mapped"":true}},""ports"":{""available"":[""BLE:Dexter""],""unavailable"":[]}}"
1784118779.8979645,1784118779.897805,863,ble,"{""index"":{""age_s"":0.00914621353149414,""channels"":3,""force"":[-0.5369367451843736,-1.5555534640500008],""has_data"":true,""last_update_ts"":1784118779.8886588,""raw"":[16349,15232,18593]},""middle"":{""age_s"":0.00914621353149414,""channels"":3,""force"":[0.2586141171971299,-1.188936849240001],""has_data"":true,""last_update_ts"":1784118779.8886588,""raw"":[14580,15118,16991]},""pinky"":{""age_s"":0.00914621353149414,""channels"":3,""force"":[-1.0219583887752748,-0.740448999479999],""has_data"":true,""last_update_ts"":1784118779.8886588,""raw"":[17425,15299,17696]},""ring"":{""age_s"":0.00914621353149414,""channels"":3,""force"":[0.2763998464467452,0.2556047708099962],""has_data"":true,""last_update_ts"":1784118779.8886588,""raw"":[15800,16375,15627]},""thumb"":{""age_s"":0.00914621353149414,""channels"":3,""force"":[0.0,-2.220446049250313e-16],""has_data"":true,""last_update_ts"":1784118779.8886588,""raw"":[0,0,0]}}","{""ble"":{""connection_state"":""connected"",""counter"":995010,""finger_order"":""DexterController.Visualizer"",""last_error"":null,""last_sample_age_s"":0.009178640000754967,""reconnect_count"":0,""sample_hz"":20.0,""sample_sequence"":862,""timestamp_us"":9744692672},""fingers"":{""index"":{""has_data"":true,""last_update_ts"":1784118779.8886588,""mapped"":true},""middle"":{""has_data"":true,""last_update_ts"":1784118779.8886588,""mapped"":true},""pinky"":{""has_data"":true,""last_update_ts"":1784118779.8886588,""mapped"":true},""ring"":{""has_data"":true,""last_update_ts"":1784118779.8886588,""mapped"":true},""thumb"":{""has_data"":true,""last_update_ts"":1784118779.8886588,""mapped"":true}},""ports"":{""available"":[""BLE:Dexter""],""unavailable"":[]}}"
1784118779.9479516,1784118779.9478047,864,ble,"{""index"":{""age_s"":0.00914764404296875,""channels"":3,""force"":[-0.6109638344935888,-1.8142110605700017],""has_data"":true,""last_update_ts"":1784118779.938657,""raw"":[16259,14988,18892]},""middle"":{""age_s"":0.00914764404296875,""channels"":3,""force"":[0.32927633881047136,-1.324093769310001],""has_data"":true,""last_update_ts"":1784118779.938657,""raw"":[14403,15088,17131]},""pinky"":{""age_s"":0.00914764404296875,""channels"":3,""force"":[-1.0219583887752712,-0.7360085257200009],""has_data"":true,""last_update_ts"":1784118779.938657,""raw"":[17426,15300,17689]},""ring"":{""age_s"":0.00914764404296875,""channels"":3,""force"":[0.2845716679938679,0.26642842559999647],""has_data"":true,""last_update_ts"":1784118779.938657,""raw"":[15791,16383,15607]},""thumb"":{""age_s"":0.00914764404296875,""channels"":3,""force"":[0.0,-2.220446049250313e-16],""has_data"":true,""last_update_ts"":1784118779.938657,""raw"":[0,0,0]}}","{""ble"":{""connection_state"":""connected"",""counter"":995016,""finger_order"":""DexterController.Visualizer"",""last_error"":null,""last_sample_age_s"":0.009177928004646674,""reconnect_count"":0,""sample_hz"":20.0,""sample_sequence"":863,""timestamp_us"":9744749248},""fingers"":{""index"":{""has_data"":true,""last_update_ts"":1784118779.938657,""mapped"":true},""middle"":{""has_data"":true,""last_update_ts"":1784118779.938657,""mapped"":true},""pinky"":{""has_data"":true,""last_update_ts"":1784118779.938657,""mapped"":true},""ring"":{""has_data"":true,""last_update_ts"":1784118779.938657,""mapped"":true},""thumb"":{""has_data"":true,""last_update_ts"":1784118779.938657,""mapped"":true}},""ports"":{""available"":[""BLE:Dexter""],""unavailable"":[]}}"
1784118779.9979706,1784118779.9978306,865,ble,"{""index"":{""age_s"":0.009171009063720703,""channels"":3,""force"":[-0.5576066467447394,-1.66628777844],""has_data"":true,""last_update_ts"":1784118779.9886596,""raw"":[16419,15259,18841]},""middle"":{""age_s"":0.009171009063720703,""channels"":3,""force"":[0.42493472045030245,-1.4908890649200028],""has_data"":true,""last_update_ts"":1784118779.9886596,""raw"":[14076,14960,17204]},""pinky"":{""age_s"":0.009171009063720703,""channels"":3,""force"":[-1.0209969980050229,-0.7554355984200001],""has_data"":true,""last_update_ts"":1784118779.9886596,""raw"":[17412,15288,17711]},""ring"":{""age_s"":0.009171009063720703,""channels"":3,""force"":[0.2768805418318703,0.25754747807999934],""has_data"":true,""last_update_ts"":1784118779.9886596,""raw"":[15797,16373,15621]},""thumb"":{""age_s"":0.009171009063720703,""channels"":3,""force"":[0.0,-2.220446049250313e-16],""has_data"":true,""last_update_ts"":1784118779.9886596,""raw"":[0,0,0]}}","{""ble"":{""connection_state"":""connected"",""counter"":995021,""finger_order"":""DexterController.Visualizer"",""last_error"":null,""last_sample_age_s"":0.009200002998113632,""reconnect_count"":0,""sample_hz"":20.0,""sample_sequence"":864,""timestamp_us"":9744796288},""fingers"":{""index"":{""has_data"":true,""last_update_ts"":1784118779.9886596,""mapped"":true},""middle"":{""has_data"":true,""last_update_ts"":1784118779.9886596,""mapped"":true},""pinky"":{""has_data"":true,""last_update_ts"":1784118779.9886596,""mapped"":true},""ring"":{""has_data"":true,""last_update_ts"":1784118779.9886596,""mapped"":true},""thumb"":{""has_data"":true,""last_update_ts"":1784118779.9886596,""mapped"":true}},""ports"":{""available"":[""BLE:Dexter""],""unavailable"":[]}}"
1784118780.0479412,1784118780.047805,866,ble,"{""index"":{""age_s"":0.009150028228759766,""channels"":3,""force"":[-0.4980004189892657,-1.482563176620003],""has_data"":true,""last_update_ts"":1784118780.038655,""raw"":[16523,15487,18676]},""middle"":{""age_s"":0.009150028228759766,""channels"":3,""force"":[0.29082070800048854,-1.0121504876700032],""has_data"":true,""last_update_ts"":1784118780.038655,""raw"":[14662,15267,16788]},""pinky"":{""age_s"":0.009150028228759766,""channels"":3,""force"":[-1.0325336872480193,-0.7082555647200017],""has_data"":true,""last_update_ts"":1784118780.038655,""raw"":[17455,15307,17657]},""ring"":{""age_s"":0.009150028228759766,""channels"":3,""force"":[0.2754384556764986,0.2794723172699971],""has_data"":true,""last_update_ts"":1784118780.038655,""raw"":[15808,16381,15591]},""thumb"":{""age_s"":0.009150028228759766,""channels"":3,""force"":[0.0,-2.220446049250313e-16],""has_data"":true,""last_update_ts"":1784118780.038655,""raw"":[0,0,0]}}","{""ble"":{""connection_state"":""connected"",""counter"":995026,""finger_order"":""DexterController.Visualizer"",""last_error"":null,""last_sample_age_s"":0.00918063399149105,""reconnect_count"":0,""sample_hz"":20.0,""sample_sequence"":865,""timestamp_us"":9744843200},""fingers"":{""index"":{""has_data"":true,""last_update_ts"":1784118780.038655,""mapped"":true},""middle"":{""has_data"":true,""last_update_ts"":1784118780.038655,""mapped"":true},""pinky"":{""has_data"":true,""last_update_ts"":1784118780.038655,""mapped"":true},""ring"":{""has_data"":true,""last_update_ts"":1784118780.038655,""mapped"":true},""thumb"":{""has_data"":true,""last_update_ts"":1784118780.038655,""mapped"":true}},""ports"":{""available"":[""BLE:Dexter""],""unavailable"":[]}}"
1784118780.0979774,1784118780.0978293,867,ble,"{""index"":{""age_s"":0.009169816970825195,""channels"":3,""force"":[-0.37109683731632614,-0.6005740760400018],""has_data"":true,""last_update_ts"":1784118780.0886595,""raw"":[17042,16270,17738]},""middle"":{""age_s"":0.009169816970825195,""channels"":3,""force"":[0.038936326195107895,-0.27281160663000303],""has_data"":true,""last_update_ts"":1784118780.0886595,""raw"":[15568,15649,16100]},""pinky"":{""age_s"":0.009169816970825195,""channels"":3,""force"":[-1.0109023949174034,-0.6480316393500027],""has_data"":true,""last_update_ts"":1784118780.0886595,""raw"":[17481,15378,17597]},""ring"":{""age_s"":0.009169816970825195,""channels"":3,""force"":[0.280245409527744,0.28613302790999917],""has_data"":true,""last_update_ts"":1784118780.0886595,""raw"":[15814,16397,15590]},""thumb"":{""age_s"":0.009169816970825195,""channels"":3,""force"":[0.0,-2.220446049250313e-16],""has_data"":true,""last_update_ts"":1784118780.0886595,""raw"":[0,0,0]}}","{""ble"":{""connection_state"":""connected"",""counter"":995032,""finger_order"":""DexterController.Visualizer"",""last_error"":null,""last_sample_age_s"":0.009198729996569455,""reconnect_count"":0,""sample_hz"":20.0,""sample_sequence"":866,""timestamp_us"":9744899616},""fingers"":{""index"":{""has_data"":true,""last_update_ts"":1784118780.0886595,""mapped"":true},""middle"":{""has_data"":true,""last_update_ts"":1784118780.0886595,""mapped"":true},""pinky"":{""has_data"":true,""last_update_ts"":1784118780.0886595,""mapped"":true},""ring"":{""has_data"":true,""last_update_ts"":1784118780.0886595,""mapped"":true},""thumb"":{""has_data"":true,""last_update_ts"":1784118780.0886595,""mapped"":true}},""ports"":{""available"":[""BLE:Dexter""],""unavailable"":[]}}"
1784118780.1479735,1784118780.1478229,868,ble,"{""index"":{""age_s"":0.009167909622192383,""channels"":3,""force"":[-0.39080534810643996,-0.7962324510900016],""has_data"":true,""last_update_ts"":1784118780.138655,""raw"":[16926,16113,17954]},""middle"":{""age_s"":0.009167909622192383,""channels"":3,""force"":[-0.0365328492694843,-0.007770829080001818],""has_data"":true,""last_update_ts"":1784118780.138655,""raw"":[15814,15738,15790]},""pinky"":{""age_s"":0.009167909622192383,""channels"":3,""force"":[-0.999846401059532,-0.7482198285600026],""has_data"":true,""last_update_ts"":1784118780.138655,""raw"":[17390,15310,17698]},""ring"":{""age_s"":0.009167909622192383,""channels"":3,""force"":[0.2850523633789894,0.29168362010999704],""has_data"":true,""last_update_ts"":1784118780.138655,""raw"":[15812,16405,15583]},""thumb"":{""age_s"":0.009167909622192383,""channels"":3,""force"":[0.0,-2.220446049250313e-16],""has_data"":true,""last_update_ts"":1784118780.138655,""raw"":[0,0,0]}}","{""ble"":{""connection_state"":""connected"",""counter"":995037,""finger_order"":""DexterController.Visualizer"",""last_error"":null,""last_sample_age_s"":0.009196975996019319,""reconnect_count"":0,""sample_hz"":20.0,""sample_sequence"":867,""timestamp_us"":9744946720},""fingers"":{""index"":{""has_data"":true,""last_update_ts"":1784118780.138655,""mapped"":true},""middle"":{""has_data"":true,""last_update_ts"":1784118780.138655,""mapped"":true},""pinky"":{""has_data"":true,""last_update_ts"":1784118780.138655,""mapped"":true},""ring"":{""has_data"":true,""last_update_ts"":1784118780.138655,""mapped"":true},""thumb"":{""has_data"":true,""last_update_ts"":1784118780.138655,""mapped"":true}},""ports"":{""available"":[""BLE:Dexter""],""unavailable"":[]}}"
1784118780.1979678,1784118780.197829,869,ble,"{""index"":{""age_s"":0.009170293807983398,""channels"":3,""force"":[-0.3994578650386895,-0.7756952599500027],""has_data"":true,""last_update_ts"":1784118780.1886587,""raw"":[16958,16127,17940]},""middle"":{""age_s"":0.009170293807983398,""channels"":3,""force"":[-0.002403476925621817,-0.023590016850002726],""has_data"":true,""last_update_ts"":1784118780.1886587,""raw"":[15754,15749,15794]},""pinky"":{""age_s"":0.009170293807983398,""channels"":3,""force"":[-1.0363792503290146,-0.7421141771400013],""has_data"":true,""last_update_ts"":1784118780.1886587,""raw"":[17435,15279,17694]},""ring"":{""age_s"":0.009170293807983398,""channels"":3,""force"":[0.28841723107486494,0.2564373596399996],""has_data"":true,""last_update_ts"":1784118780.1886587,""raw"":[15785,16385,15623]},""thumb"":{""age_s"":0.009170293807983398,""channels"":3,""force"":[0.0,-2.220446049250313e-16],""has_data"":true,""last_update_ts"":1784118780.1886587,""raw"":[0,0,0]}}","{""ble"":{""connection_state"":""connected"",""counter"":995042,""finger_order"":""DexterController.Visualizer"",""last_error"":null,""last_sample_age_s"":0.00919981200422626,""reconnect_count"":0,""sample_hz"":20.0,""sample_sequence"":868,""timestamp_us"":9744993728},""fingers"":{""index"":{""has_data"":true,""last_update_ts"":1784118780.1886587,""mapped"":true},""middle"":{""has_data"":true,""last_update_ts"":1784118780.1886587,""mapped"":true},""pinky"":{""has_data"":true,""last_update_ts"":1784118780.1886587,""mapped"":true},""ring"":{""has_data"":true,""last_update_ts"":1784118780.1886587,""mapped"":true},""thumb"":{""has_data"":true,""last_update_ts"":1784118780.1886587,""mapped"":true}},""ports"":{""available"":[""BLE:Dexter""],""unavailable"":[]}}"
1784118780.247952,1784118780.2478175,870,ble,"{""index"":{""age_s"":0.00916743278503418,""channels"":3,""force"":[-0.3956123019576889,-0.7412815883100023],""has_data"":true,""last_update_ts"":1784118780.23865,""raw"":[16978,16155,17902]},""middle"":{""age_s"":0.00916743278503418,""channels"":3,""force"":[-0.022111987715740966,-0.04218450072000124],""has_data"":true,""last_update_ts"":1784118780.23865,""raw"":[15763,15717,15816]},""pinky"":{""age_s"":0.00916743278503418,""channels"":3,""force"":[-1.0243618657008966,-0.735175936890001],""has_data"":true,""last_update_ts"":1784118780.23865,""raw"":[17430,15299,17689]},""ring"":{""age_s"":0.00916743278503418,""channels"":3,""force"":[0.27928401875749387,0.25171935626999886],""has_data"":true,""last_update_ts"":1784118780.23865,""raw"":[15793,16374,15630]},""thumb"":{""age_s"":0.00916743278503418,""channels"":3,""force"":[0.0,-2.220446049250313e-16],""has_data"":true,""last_update_ts"":1784118780.23865,""raw"":[0,0,0]}}","{""ble"":{""connection_state"":""connected"",""counter"":995047,""finger_order"":""DexterController.Visualizer"",""last_error"":null,""last_sample_age_s"":0.009196245009661652,""reconnect_count"":0,""sample_hz"":20.0,""sample_sequence"":869,""timestamp_us"":9745040768},""fingers"":{""index"":{""has_data"":true,""last_update_ts"":1784118780.23865,""mapped"":true},""middle"":{""has_data"":true,""last_update_ts"":1784118780.23865,""mapped"":true},""pinky"":{""has_data"":true,""last_update_ts"":1784118780.23865,""mapped"":true},""ring"":{""has_data"":true,""last_update_ts"":1784118780.23865,""mapped"":true},""thumb"":{""has_data"":true,""last_update_ts"":1784118780.23865,""mapped"":true}},""ports"":{""available"":[""BLE:Dexter""],""unavailable"":[]}}"
1784118780.2979379,1784118780.2978055,871,ble,"{""index"":{""age_s"":0.009146928787231445,""channels"":3,""force"":[-0.40330342811968833,-0.7679244308700035],""has_data"":true,""last_update_ts"":1784118780.2886586,""raw"":[16963,16124,17927]},""middle"":{""age_s"":0.009146928787231445,""channels"":3,""force"":[-0.03028380926286367,-0.04468226721000246],""has_data"":true,""last_update_ts"":1784118780.2886586,""raw"":[15772,15709,15821]},""pinky"":{""age_s"":0.009146928787231445,""channels"":3,""force"":[-1.026765342626522,-0.7465546509000021],""has_data"":true,""last_update_ts"":1784118780.2886586,""raw"":[17420,15284,17697]},""ring"":{""age_s"":0.009146928787231445,""channels"":3,""force"":[0.28745584030461835,0.25366206353999754],""has_data"":true,""last_update_ts"":1784118780.2886586,""raw"":[15787,16385,15629]},""thumb"":{""age_s"":0.009146928787231445,""channels"":3,""force"":[0.0,-2.220446049250313e-16],""has_data"":true,""last_update_ts"":1784118780.2886586,""raw"":[0,0,0]}}","{""ble"":{""connection_state"":""connected"",""counter"":995053,""finger_order"":""DexterController.Visualizer"",""last_error"":null,""last_sample_age_s"":0.00917231799394358,""reconnect_count"":0,""sample_hz"":20.0,""sample_sequence"":870,""timestamp_us"":9745097280},""fingers"":{""index"":{""has_data"":true,""last_update_ts"":1784118780.2886586,""mapped"":true},""middle"":{""has_data"":true,""last_update_ts"":1784118780.2886586,""mapped"":true},""pinky"":{""has_data"":true,""last_update_ts"":1784118780.2886586,""mapped"":true},""ring"":{""has_data"":true,""last_update_ts"":1784118780.2886586,""mapped"":true},""thumb"":{""has_data"":true,""last_update_ts"":1784118780.2886586,""mapped"":true}},""ports"":{""available"":[""BLE:Dexter""],""unavailable"":[]}}"
1784118780.347951,1784118780.3478024,872,ble,"{""index"":{""age_s"":0.009148359298706055,""channels"":3,""force"":[-0.38215283117419574,-0.7290702854700015],""has_data"":true,""last_update_ts"":1784118780.338654,""raw"":[16957,16162,17873]},""middle"":{""age_s"":0.009148359298706055,""channels"":3,""force"":[-0.010575298472744521,-0.01942707270000099],""has_data"":true,""last_update_ts"":1784118780.338654,""raw"":[15760,15738,15784]},""pinky"":{""age_s"":0.009148359298706055,""channels"":3,""force"":[-1.0084989179917798,-0.7448894732399998],""has_data"":true,""last_update_ts"":1784118780.338654,""raw"":[17410,15312,17703]},""ring"":{""age_s"":0.009148359298706055,""channels"":3,""force"":[0.29755044339223424,0.2606003037899969],""has_data"":true,""last_update_ts"":1784118780.338654,""raw"":[15772,16391,15612]},""thumb"":{""age_s"":0.009148359298706055,""channels"":3,""force"":[0.0,-2.220446049250313e-16],""has_data"":true,""last_update_ts"":1784118780.338654,""raw"":[0,0,0]}}","{""ble"":{""connection_state"":""connected"",""counter"":995058,""finger_order"":""DexterController.Visualizer"",""last_error"":null,""last_sample_age_s"":0.00917914099409245,""reconnect_count"":0,""sample_hz"":20.0,""sample_sequence"":871,""timestamp_us"":9745144256},""fingers"":{""index"":{""has_data"":true,""last_update_ts"":1784118780.338654,""mapped"":true},""middle"":{""has_data"":true,""last_update_ts"":1784118780.338654,""mapped"":true},""pinky"":{""has_data"":true,""last_update_ts"":1784118780.338654,""mapped"":true},""ring"":{""has_data"":true,""last_update_ts"":1784118780.338654,""mapped"":true},""thumb"":{""has_data"":true,""last_update_ts"":1784118780.338654,""mapped"":true}},""ports"":{""available"":[""BLE:Dexter""],""unavailable"":[]}}"
1784118780.3979697,1784118780.3978305,873,ble,"{""index"":{""age_s"":0.009171485900878906,""channels"":3,""force"":[-0.39897716965356445,-0.7287927558600007],""has_data"":true,""last_update_ts"":1784118780.388659,""raw"":[16986,16156,17884]},""middle"":{""age_s"":0.009171485900878906,""channels"":3,""force"":[-0.025957550796738005,-0.0005550592200025406],""has_data"":true,""last_update_ts"":1784118780.388659,""raw"":[15798,15744,15772]},""pinky"":{""age_s"":0.009171485900878906,""channels"":3,""force"":[-1.0349371641736411,-0.762928897890002],""has_data"":true,""last_update_ts"":1784118780.388659,""raw"":[17418,15265,17716]},""ring"":{""age_s"":0.009171485900878906,""channels"":3,""force"":[0.2538071633458827,0.26476324793999684],""has_data"":true,""last_update_ts"":1784118780.388659,""raw"":[15825,16353,15612]},""thumb"":{""age_s"":0.009171485900878906,""channels"":3,""force"":[0.0,-2.220446049250313e-16],""has_data"":true,""last_update_ts"":1784118780.388659,""raw"":[0,0,0]}}","{""ble"":{""connection_state"":""connected"",""counter"":995063,""finger_order"":""DexterController.Visualizer"",""last_error"":null,""last_sample_age_s"":0.009201595006743446,""reconnect_count"":0,""sample_hz"":20.0,""sample_sequence"":872,""timestamp_us"":9745191328},""fingers"":{""index"":{""has_data"":true,""last_update_ts"":1784118780.388659,""mapped"":true},""middle"":{""has_data"":true,""last_update_ts"":1784118780.388659,""mapped"":true},""pinky"":{""has_data"":true,""last_update_ts"":1784118780.388659,""mapped"":true},""ring"":{""has_data"":true,""last_update_ts"":1784118780.388659,""mapped"":true},""thumb"":{""has_data"":true,""last_update_ts"":1784118780.388659,""mapped"":true}},""ports"":{""available"":[""BLE:Dexter""],""unavailable"":[]}}"
1784118780.4479516,1784118780.4478178,874,ble,"{""index"":{""age_s"":0.00915980339050293,""channels"":3,""force"":[-0.4177242896734299,-0.7779154968300004],""has_data"":true,""last_update_ts"":1784118780.438658,""raw"":[16979,16110,17946]},""middle"":{""age_s"":0.00915980339050293,""channels"":3,""force"":[-0.022111987715740966,-0.04107438227999971],""has_data"":true,""last_update_ts"":1784118780.438658,""raw"":[15764,15718,15815]},""pinky"":{""age_s"":0.00915980339050293,""channels"":3,""force"":[-1.0036919641405309,-0.7315680519600019],""has_data"":true,""last_update_ts"":1784118780.438658,""raw"":[17409,15321,17683]},""ring"":{""age_s"":0.00915980339050293,""channels"":3,""force"":[0.2715928925954998,0.255604770809998],""has_data"":true,""last_update_ts"":1784118780.438658,""raw"":[15803,16368,15625]},""thumb"":{""age_s"":0.00915980339050293,""channels"":3,""force"":[0.0,-2.220446049250313e-16],""has_data"":true,""last_update_ts"":1784118780.438658,""raw"":[0,0,0]}}","{""ble"":{""connection_state"":""connected"",""counter"":995069,""finger_order"":""DexterController.Visualizer"",""last_error"":null,""last_sample_age_s"":0.009188340001855977,""reconnect_count"":0,""sample_hz"":20.0,""sample_sequence"":873,""timestamp_us"":9745247744},""fingers"":{""index"":{""has_data"":true,""last_update_ts"":1784118780.438658,""mapped"":true},""middle"":{""has_data"":true,""last_update_ts"":1784118780.438658,""mapped"":true},""pinky"":{""has_data"":true,""last_update_ts"":1784118780.438658,""mapped"":true},""ring"":{""has_data"":true,""last_update_ts"":1784118780.438658,""mapped"":true},""thumb"":{""has_data"":true,""last_update_ts"":1784118780.438658,""mapped"":true}},""ports"":{""available"":[""BLE:Dexter""],""unavailable"":[]}}"
1784118780.4979694,1784118780.4978306,875,ble,"{""index"":{""age_s"":0.009171009063720703,""channels"":3,""force"":[-0.3994578650386913,-0.7418366475300022],""has_data"":true,""last_update_ts"":1784118780.4886596,""raw"":[16984,16153,17905]},""middle"":{""age_s"":0.009171009063720703,""channels"":3,""force"":[-0.03653284926948075,0.0016651776599978518],""has_data"":true,""last_update_ts"":1784118780.4886596,""raw"":[15807,15731,15766]},""pinky"":{""age_s"":0.009171009063720703,""channels"":3,""force"":[-1.0041726595256542,-0.7285152262500034],""has_data"":true,""last_update_ts"":1784118780.4886596,""raw"":[17415,15326,17683]},""ring"":{""age_s"":0.009171009063720703,""channels"":3,""force"":[0.2893786218451133,0.2991769195799989],""has_data"":true,""last_update_ts"":1784118780.4886596,""raw"":[15823,16425,15585]},""thumb"":{""age_s"":0.009171009063720703,""channels"":3,""force"":[0.0,-2.220446049250313e-16],""has_data"":true,""last_update_ts"":1784118780.4886596,""raw"":[0,0,0]}}","{""ble"":{""connection_state"":""connected"",""counter"":995074,""finger_order"":""DexterController.Visualizer"",""last_error"":null,""last_sample_age_s"":0.009199981999699958,""reconnect_count"":0,""sample_hz"":20.0,""sample_sequence"":874,""timestamp_us"":9745294688},""fingers"":{""index"":{""has_data"":true,""last_update_ts"":1784118780.4886596,""mapped"":true},""middle"":{""has_data"":true,""last_update_ts"":1784118780.4886596,""mapped"":true},""pinky"":{""has_data"":true,""last_update_ts"":1784118780.4886596,""mapped"":true},""ring"":{""has_data"":true,""last_update_ts"":1784118780.4886596,""mapped"":true},""thumb"":{""has_data"":true,""last_update_ts"":1784118780.4886596,""mapped"":true}},""ports"":{""available"":[""BLE:Dexter""],""unavailable"":[]}}"
1784118780.5479271,1784118780.5478,876,ble,"{""index"":{""age_s"":0.0091400146484375,""channels"":3,""force"":[-0.39513160657256563,-0.7493299469999997],""has_data"":true,""last_update_ts"":1784118780.53866,""raw"":[16973,16151,17912]},""middle"":{""age_s"":0.0091400146484375,""channels"":3,""force"":[-0.018266424634740375,-0.038854145400000206],""has_data"":true,""last_update_ts"":1784118780.53866,""raw"":[15765,15727,15816]},""pinky"":{""age_s"":0.0091400146484375,""channels"":3,""force"":[-1.0306109057075172,-0.7360085257200017],""has_data"":true,""last_update_ts"":1784118780.53866,""raw"":[17436,15292,17690]},""ring"":{""age_s"":0.0091400146484375,""channels"":3,""force"":[0.2778419326021204,0.24367099757999888],""has_data"":true,""last_update_ts"":1784118780.53866,""raw"":[15792,16370,15642]},""thumb"":{""age_s"":0.0091400146484375,""channels"":3,""force"":[0.0,-2.220446049250313e-16],""has_data"":true,""last_update_ts"":1784118780.53866,""raw"":[0,0,0]}}","{""ble"":{""connection_state"":""connected"",""counter"":995079,""finger_order"":""DexterController.Visualizer"",""last_error"":null,""last_sample_age_s"":0.009164873001282103,""reconnect_count"":0,""sample_hz"":20.0,""sample_sequence"":875,""timestamp_us"":9745341760},""fingers"":{""index"":{""has_data"":true,""last_update_ts"":1784118780.53866,""mapped"":true},""middle"":{""has_data"":true,""last_update_ts"":1784118780.53866,""mapped"":true},""pinky"":{""has_data"":true,""last_update_ts"":1784118780.53866,""mapped"":true},""ring"":{""has_data"":true,""last_update_ts"":1784118780.53866,""mapped"":true},""thumb"":{""has_data"":true,""last_update_ts"":1784118780.53866,""mapped"":true}},""ports"":{""available"":[""BLE:Dexter""],""unavailable"":[]}}"
1784118780.5979505,1784118780.597803,877,ble,"{""index"":{""age_s"":0.00914454460144043,""channels"":3,""force"":[-0.3941702158023155,-0.7521052431000017],""has_data"":true,""last_update_ts"":1784118780.5886586,""raw"":[16964,16144,17909]},""middle"":{""age_s"":0.00914454460144043,""channels"":3,""force"":[-0.019227815404988746,-0.027752961000002685],""has_data"":true,""last_update_ts"":1784118780.5886586,""raw"":[15774,15734,15804]},""pinky"":{""age_s"":0.00914454460144043,""channels"":3,""force"":[-1.0234004749306447,-0.754047950370003],""has_data"":true,""last_update_ts"":1784118780.5886586,""raw"":[17415,15286,17709]},""ring"":{""age_s"":0.00914454460144043,""channels"":3,""force"":[0.27207358798062486,0.24644629367999915],""has_data"":true,""last_update_ts"":1784118780.5886586,""raw"":[15798,16364,15637]},""thumb"":{""age_s"":0.00914454460144043,""channels"":3,""force"":[0.0,-2.220446049250313e-16],""has_data"":true,""last_update_ts"":1784118780.5886586,""raw"":[0,0,0]}}","{""ble"":{""connection_state"":""connected"",""counter"":995085,""finger_order"":""DexterController.Visualizer"",""last_error"":null,""last_sample_age_s"":0.009173369006020948,""reconnect_count"":0,""sample_hz"":20.0,""sample_sequence"":876,""timestamp_us"":9745398272},""fingers"":{""index"":{""has_data"":true,""last_update_ts"":1784118780.5886586,""mapped"":true},""middle"":{""has_data"":true,""last_update_ts"":1784118780.5886586,""mapped"":true},""pinky"":{""has_data"":true,""last_update_ts"":1784118780.5886586,""mapped"":true},""ring"":{""has_data"":true,""last_update_ts"":1784118780.5886586,""mapped"":true},""thumb"":{""has_data"":true,""last_update_ts"":1784118780.5886586,""mapped"":true}},""ports"":{""available"":[""BLE:Dexter""],""unavailable"":[]}}"
1784118780.6479638,1784118780.6478157,878,ble,"{""index"":{""age_s"":0.009156465530395508,""channels"":3,""force"":[-0.3965736927279373,-0.7562681872499999],""has_data"":true,""last_update_ts"":1784118780.6386592,""raw"":[16967,16142,17917]},""middle"":{""age_s"":0.009156465530395508,""channels"":3,""force"":[-0.019227815404990523,-0.031638375540002706],""has_data"":true,""last_update_ts"":1784118780.6386592,""raw"":[15765,15725,15802]},""pinky"":{""age_s"":0.009156465530395508,""channels"":3,""force"":[-1.0286881241670187,-0.730457933520003],""has_data"":true,""last_update_ts"":1784118780.6386592,""raw"":[17433,15293,17679]},""ring"":{""age_s"":0.009156465530395508,""channels"":3,""force"":[0.27447706490624846,0.2594901853499971],""has_data"":true,""last_update_ts"":1784118780.6386592,""raw"":[15799,16370,15617]},""thumb"":{""age_s"":0.009156465530395508,""channels"":3,""force"":[0.0,-2.220446049250313e-16],""has_data"":true,""last_update_ts"":1784118780.6386592,""raw"":[0,0,0]}}","{""ble"":{""connection_state"":""connected"",""counter"":995090,""finger_order"":""DexterController.Visualizer"",""last_error"":null,""last_sample_age_s"":0.00918499199906364,""reconnect_count"":0,""sample_hz"":20.0,""sample_sequence"":877,""timestamp_us"":9745445216},""fingers"":{""index"":{""has_data"":true,""last_update_ts"":1784118780.6386592,""mapped"":true},""middle"":{""has_data"":true,""last_update_ts"":1784118780.6386592,""mapped"":true},""pinky"":{""has_data"":true,""last_update_ts"":1784118780.6386592,""mapped"":true},""ring"":{""has_data"":true,""last_update_ts"":1784118780.6386592,""mapped"":true},""thumb"":{""has_data"":true,""last_update_ts"":1784118780.6386592,""mapped"":true}},""ports"":{""available"":[""BLE:Dexter""],""unavailable"":[]}}"
1784118780.6979814,1784118780.6978319,879,ble,"{""index"":{""age_s"":0.009171485900878906,""channels"":3,""force"":[-0.38984395733619337,-0.7401714698700008],""has_data"":true,""last_update_ts"":1784118780.6886604,""raw"":[16972,16161,17900]},""middle"":{""age_s"":0.009171485900878906,""channels"":3,""force"":[-0.023554073871112635,-0.010268595570002148],""has_data"":true,""last_update_ts"":1784118780.6886604,""raw"":[15787,15738,15781]},""pinky"":{""age_s"":0.009171485900878906,""channels"":3,""force"":[-1.0286881241670187,-0.7376737033800014],""has_data"":true,""last_update_ts"":1784118780.6886604,""raw"":[17431,15291,17690]},""ring"":{""age_s"":0.009171485900878906,""channels"":3,""force"":[0.27111219721037116,0.2708688993599999],""has_data"":true,""last_update_ts"":1784118780.6886604,""raw"":[15812,16376,15606]},""thumb"":{""age_s"":0.009171485900878906,""channels"":3,""force"":[0.0,-2.220446049250313e-16],""has_data"":true,""last_update_ts"":1784118780.6886604,""raw"":[0,0,0]}}","{""ble"":{""connection_state"":""connected"",""counter"":995095,""finger_order"":""DexterController.Visualizer"",""last_error"":null,""last_sample_age_s"":0.009200703003443778,""reconnect_count"":0,""sample_hz"":20.0,""sample_sequence"":878,""timestamp_us"":9745492256},""fingers"":{""index"":{""has_data"":true,""last_update_ts"":1784118780.6886604,""mapped"":true},""middle"":{""has_data"":true,""last_update_ts"":1784118780.6886604,""mapped"":true},""pinky"":{""has_data"":true,""last_update_ts"":1784118780.6886604,""mapped"":true},""ring"":{""has_data"":true,""last_update_ts"":1784118780.6886604,""mapped"":true},""thumb"":{""has_data"":true,""last_update_ts"":1784118780.6886604,""mapped"":true}},""ports"":{""available"":[""BLE:Dexter""],""unavailable"":[]}}"
1784118780.7479641,1784118780.7478158,880,ble,"{""index"":{""age_s"":0.009155988693237305,""channels"":3,""force"":[-0.40234203734943463,-0.7623738386700012],""has_data"":true,""last_update_ts"":1784118780.7386599,""raw"":[16975,16138,17930]},""middle"":{""age_s"":0.009155988693237305,""channels"":3,""force"":[-0.02355407387111441,-0.03025072749000124],""has_data"":true,""last_update_ts"":1784118780.7386599,""raw"":[15772,15723,15802]},""pinky"":{""age_s"":0.009155988693237305,""channels"":3,""force"":[-1.0147479579984022,-0.7396164106500018],""has_data"":true,""last_update_ts"":1784118780.7386599,""raw"":[17412,15301,17689]},""ring"":{""age_s"":0.009155988693237305,""channels"":3,""force"":[0.276399846446747,0.256159830029997],""has_data"":true,""last_update_ts"":1784118780.7386599,""raw"":[15798,16373,15624]},""thumb"":{""age_s"":0.009155988693237305,""channels"":3,""force"":[0.0,-2.220446049250313e-16],""has_data"":true,""last_update_ts"":1784118780.7386599,""raw"":[0,0,0]}}","{""ble"":{""connection_state"":""connected"",""counter"":995101,""finger_order"":""DexterController.Visualizer"",""last_error"":null,""last_sample_age_s"":0.009185001996229403,""reconnect_count"":0,""sample_hz"":20.0,""sample_sequence"":879,""timestamp_us"":9745548960},""fingers"":{""index"":{""has_data"":true,""last_update_ts"":1784118780.7386599,""mapped"":true},""middle"":{""has_data"":true,""last_update_ts"":1784118780.7386599,""mapped"":true},""pinky"":{""has_data"":true,""last_update_ts"":1784118780.7386599,""mapped"":true},""ring"":{""has_data"":true,""last_update_ts"":1784118780.7386599,""mapped"":true},""thumb"":{""has_data"":true,""last_update_ts"":1784118780.7386599,""mapped"":true}},""ports"":{""available"":[""BLE:Dexter""],""unavailable"":[]}}"
1784118780.7979505,1784118780.7978039,881,ble,"{""index"":{""age_s"":0.009144306182861328,""channels"":3,""force"":[-0.4023420373494364,-0.7590434833500028],""has_data"":true,""last_update_ts"":1784118780.7886596,""raw"":[16974,16137,17923]},""middle"":{""age_s"":0.009144306182861328,""channels"":3,""force"":[-0.0177857292496153,-0.03524626047000101],""has_data"":true,""last_update_ts"":1784118780.7886596,""raw"":[15762,15725,15807]},""pinky"":{""age_s"":0.009144306182861328,""channels"":3,""force"":[-1.0176321303091491,-0.7546030095900003],""has_data"":true,""last_update_ts"":1784118780.7886596,""raw"":[17410,15293,17711]},""ring"":{""age_s"":0.009144306182861328,""channels"":3,""force"":[0.27063150182524964,0.24949911938999847],""has_data"":true,""last_update_ts"":1784118780.7886596,""raw"":[15802,16365,15634]},""thumb"":{""age_s"":0.009144306182861328,""channels"":3,""force"":[0.0,-2.220446049250313e-16],""has_data"":true,""last_update_ts"":1784118780.7886596,""raw"":[0,0,0]}}","{""ble"":{""connection_state"":""connected"",""counter"":995106,""finger_order"":""DexterController.Visualizer"",""last_error"":null,""last_sample_age_s"":0.00917283799208235,""reconnect_count"":0,""sample_hz"":20.0,""sample_sequence"":880,""timestamp_us"":9745595872},""fingers"":{""index"":{""has_data"":true,""last_update_ts"":1784118780.7886596,""mapped"":true},""middle"":{""has_data"":true,""last_update_ts"":1784118780.7886596,""mapped"":true},""pinky"":{""has_data"":true,""last_update_ts"":1784118780.7886596,""mapped"":true},""ring"":{""has_data"":true,""last_update_ts"":1784118780.7886596,""mapped"":true},""thumb"":{""has_data"":true,""last_update_ts"":1784118780.7886596,""mapped"":true}},""ports"":{""available"":[""BLE:Dexter""],""unavailable"":[]}}"
1784118780.8479311,1784118780.8477995,882,ble,"{""index"":{""age_s"":0.009150981903076172,""channels"":3,""force"":[-0.396092997342814,-0.7626513682800029],""has_data"":true,""last_update_ts"":1784118780.8386486,""raw"":[16964,16140,17926]},""middle"":{""age_s"":0.009150981903076172,""channels"":3,""force"":[-0.021631292330614116,-0.036911438130003305],""has_data"":true,""last_update_ts"":1784118780.8386486,""raw"":[15769,15724,15813]},""pinky"":{""age_s"":0.009150981903076172,""channels"":3,""force"":[-1.021958388775273,-0.7554355984200036],""has_data"":true,""last_update_ts"":1784118780.8386486,""raw"":[17407,15281,17705]},""ring"":{""age_s"":0.009150981903076172,""channels"":3,""force"":[0.273034978750875,0.243670997579998],""has_data"":true,""last_update_ts"":1784118780.8386486,""raw"":[15791,16359,15636]},""thumb"":{""age_s"":0.009150981903076172,""channels"":3,""force"":[0.0,-2.220446049250313e-16],""has_data"":true,""last_update_ts"":1784118780.8386486,""raw"":[0,0,0]}}","{""ble"":{""connection_state"":""connected"",""counter"":995111,""finger_order"":""DexterController.Visualizer"",""last_error"":null,""last_sample_age_s"":0.009176045001368038,""reconnect_count"":0,""sample_hz"":20.0,""sample_sequence"":881,""timestamp_us"":9745642880},""fingers"":{""index"":{""has_data"":true,""last_update_ts"":1784118780.8386486,""mapped"":true},""middle"":{""has_data"":true,""last_update_ts"":1784118780.8386486,""mapped"":true},""pinky"":{""has_data"":true,""last_update_ts"":1784118780.8386486,""mapped"":true},""ring"":{""has_data"":true,""last_update_ts"":1784118780.8386486,""mapped"":true},""thumb"":{""has_data"":true,""last_update_ts"":1784118780.8386486,""mapped"":true}},""ports"":{""available"":[""BLE:Dexter""],""unavailable"":[]}}"
1784118780.8980882,1784118780.897848,883,ble,"{""index"":{""age_s"":0.009145498275756836,""channels"":3,""force"":[-0.40089995119406296,-0.7670918420400028],""has_data"":true,""last_update_ts"":1784118780.8887024,""raw"":[16963,16129,17928]},""middle"":{""age_s"":0.009145498275756836,""channels"":3,""force"":[-0.023073378485989338,-0.0366339085200007],""has_data"":true,""last_update_ts"":1784118780.8887024,""raw"":[15765,15717,15807]},""pinky"":{""age_s"":0.009145498275756836,""channels"":3,""force"":[-1.0214776933901462,-0.7462771212900021],""has_data"":true,""last_update_ts"":1784118780.8887024,""raw"":[17418,15293,17700]},""ring"":{""age_s"":0.009145498275756836,""channels"":3,""force"":[0.27543845567649683,0.251164297049999],""has_data"":true,""last_update_ts"":1784118780.8887024,""raw"":[15796,16369,15630]},""thumb"":{""age_s"":0.009145498275756836,""channels"":3,""force"":[0.0,-2.220446049250313e-16],""has_data"":true,""last_update_ts"":1784118780.8887024,""raw"":[0,0,0]}}","{""ble"":{""connection_state"":""connected"",""counter"":995117,""finger_order"":""DexterController.Visualizer"",""last_error"":null,""last_sample_age_s"":0.009187817995552905,""reconnect_count"":0,""sample_hz"":20.0,""sample_sequence"":882,""timestamp_us"":9745699360},""fingers"":{""index"":{""has_data"":true,""last_update_ts"":1784118780.8887024,""mapped"":true},""middle"":{""has_data"":true,""last_update_ts"":1784118780.8887024,""mapped"":true},""pinky"":{""has_data"":true,""last_update_ts"":1784118780.8887024,""mapped"":true},""ring"":{""has_data"":true,""last_update_ts"":1784118780.8887024,""mapped"":true},""thumb"":{""has_data"":true,""last_update_ts"":1784118780.8887024,""mapped"":true}},""ports"":{""available"":[""BLE:Dexter""],""unavailable"":[]}}"
1784118780.9479582,1784118780.9478035,884,ble,"{""index"":{""age_s"":0.009123802185058594,""channels"":3,""force"":[-0.40138064657918804,-0.7629288978900002],""has_data"":true,""last_update_ts"":1784118780.9386797,""raw"":[16965,16130,17922]},""middle"":{""age_s"":0.009123802185058594,""channels"":3,""force"":[-0.022592683100864264,-0.03802155657000128],""has_data"":true,""last_update_ts"":1784118780.9386797,""raw"":[15766,15719,15811]},""pinky"":{""age_s"":0.009123802185058594,""channels"":3,""force"":[-1.021958388775273,-0.7448894732400007],""has_data"":true,""last_update_ts"":1784118780.9386797,""raw"":[17416,15290,17695]},""ring"":{""age_s"":0.009123802185058594,""channels"":3,""force"":[0.2768805418318703,0.25144182665999715],""has_data"":true,""last_update_ts"":1784118780.9386797,""raw"":[15793,16369,15628]},""thumb"":{""age_s"":0.009123802185058594,""channels"":3,""force"":[0.0,-2.220446049250313e-16],""has_data"":true,""last_update_ts"":1784118780.9386797,""raw"":[0,0,0]}}","{""ble"":{""connection_state"":""connected"",""counter"":995122,""finger_order"":""DexterController.Visualizer"",""last_error"":null,""last_sample_age_s"":0.009158158994978294,""reconnect_count"":0,""sample_hz"":20.0,""sample_sequence"":883,""timestamp_us"":9745746368},""fingers"":{""index"":{""has_data"":true,""last_update_ts"":1784118780.9386797,""mapped"":true},""middle"":{""has_data"":true,""last_update_ts"":1784118780.9386797,""mapped"":true},""pinky"":{""has_data"":true,""last_update_ts"":1784118780.9386797,""mapped"":true},""ring"":{""has_data"":true,""last_update_ts"":1784118780.9386797,""mapped"":true},""thumb"":{""has_data"":true,""last_update_ts"":1784118780.9386797,""mapped"":true}},""ports"":{""available"":[""BLE:Dexter""],""unavailable"":[]}}"
1784118780.9980493,1784118780.9978414,885,ble,"{""index"":{""age_s"":0.009134531021118164,""channels"":3,""force"":[-0.39945786503868774,-0.7607086610100025],""has_data"":true,""last_update_ts"":1784118780.9887068,""raw"":[16972,16141,17927]},""middle"":{""age_s"":0.009134531021118164,""channels"":3,""force"":[-0.024515464641366336,-0.0352462604700019],""has_data"":true,""last_update_ts"":1784118780.9887068,""raw"":[15772,15721,15810]},""pinky"":{""age_s"":0.009134531021118164,""channels"":3,""force"":[-1.0238811703157733,-0.7493299470000023],""has_data"":true,""last_update_ts"":1784118780.9887068,""raw"":[17420,15290,17705]},""ring"":{""age_s"":0.009134531021118164,""channels"":3,""force"":[0.27784193260211687,0.2542171227599974],""has_data"":true,""last_update_ts"":1784118780.9887068,""raw"":[15797,16375,15628]},""thumb"":{""age_s"":0.009134531021118164,""channels"":3,""force"":[0.0,-2.220446049250313e-16],""has_data"":true,""last_update_ts"":1784118780.9887068,""raw"":[0,0,0]}}","{""ble"":{""connection_state"":""connected"",""counter"":995127,""finger_order"":""DexterController.Visualizer"",""last_error"":null,""last_sample_age_s"":0.00916995300212875,""reconnect_count"":0,""sample_hz"":20.0,""sample_sequence"":884,""timestamp_us"":9745793408},""fingers"":{""index"":{""has_data"":true,""last_update_ts"":1784118780.9887068,""mapped"":true},""middle"":{""has_data"":true,""last_update_ts"":1784118780.9887068,""mapped"":true},""pinky"":{""has_data"":true,""last_update_ts"":1784118780.9887068,""mapped"":true},""ring"":{""has_data"":true,""last_update_ts"":1784118780.9887068,""mapped"":true},""thumb"":{""has_data"":true,""last_update_ts"":1784118780.9887068,""mapped"":true}},""ports"":{""available"":[""BLE:Dexter""],""unavailable"":[]}}"
1784118781.0480142,1784118781.0478797,886,ble,"{""index"":{""age_s"":0.00916910171508789,""channels"":3,""force"":[-0.3912860434915668,-0.7537704207600031],""has_data"":true,""last_update_ts"":1784118781.0387106,""raw"":[16960,16146,17911]},""middle"":{""age_s"":0.00916910171508789,""channels"":3,""force"":[-0.015382252323993484,-0.025532724120001404],""has_data"":true,""last_update_ts"":1784118781.0387106,""raw"":[15772,15740,15802]},""pinky"":{""age_s"":0.00916910171508789,""channels"":3,""force"":[-1.0282074287818936,-0.7312905223500028],""has_data"":true,""last_update_ts"":1784118781.0387106,""raw"":[17435,15296,17683]},""ring"":{""age_s"":0.00916910171508789,""channels"":3,""force"":[0.2759191510616237,0.2630980702799972],""has_data"":true,""last_update_ts"":1784118781.0387106,""raw"":[15803,16377,15616]},""thumb"":{""age_s"":0.00916910171508789,""channels"":3,""force"":[0.0,-2.220446049250313e-16],""has_data"":true,""last_update_ts"":1784118781.0387106,""raw"":[0,0,0]}}","{""ble"":{""connection_state"":""connected"",""counter"":995132,""finger_order"":""DexterController.Visualizer"",""last_error"":null,""last_sample_age_s"":0.009196744998916984,""reconnect_count"":0,""sample_hz"":20.0,""sample_sequence"":885,""timestamp_us"":9745840480},""fingers"":{""index"":{""has_data"":true,""last_update_ts"":1784118781.0387106,""mapped"":true},""middle"":{""has_data"":true,""last_update_ts"":1784118781.0387106,""mapped"":true},""pinky"":{""has_data"":true,""last_update_ts"":1784118781.0387106,""mapped"":true},""ring"":{""has_data"":true,""last_update_ts"":1784118781.0387106,""mapped"":true},""thumb"":{""has_data"":true,""last_update_ts"":1784118781.0387106,""mapped"":true}},""ports"":{""available"":[""BLE:Dexter""],""unavailable"":[]}}"
