recorded_at,source_timestamp,sequence,transport,fingers_json,status_json
1784109745.4540012,1784109745.453869,69,ble,"{""index"":{""age_s"":0.009244441986083984,""channels"":3,""force"":[-0.38407561271469604,-0.7262949893700013],""has_data"":true,""last_update_ts"":1784109745.4446247,""raw"":[16961,16162,17870]},""middle"":{""age_s"":0.009244441986083984,""channels"":3,""force"":[-0.02066990156036219,-0.033026023590002396],""has_data"":true,""last_update_ts"":1784109745.4446247,""raw"":[15754,15711,15792]},""pinky"":{""age_s"":0.009244441986083984,""channels"":3,""force"":[-1.0349371641736411,-0.7401714698700017],""has_data"":true,""last_update_ts"":1784109745.4446247,""raw"":[17433,15280,17690]},""ring"":{""age_s"":0.009244441986083984,""channels"":3,""force"":[0.2845716679938679,0.25366206353999754],""has_data"":true,""last_update_ts"":1784109745.4446247,""raw"":[15802,16394,15641]},""thumb"":{""age_s"":0.009244441986083984,""channels"":3,""force"":[0.0,-2.220446049250313e-16],""has_data"":true,""last_update_ts"":1784109745.4446247,""raw"":[0,0,0]}}","{""ble"":{""connection_state"":""connected"",""counter"":56391,""finger_order"":""DexterController.Visualizer"",""last_error"":null,""last_sample_age_s"":0.00927380500070285,""reconnect_count"":0,""sample_hz"":20.0,""sample_sequence"":68,""timestamp_us"":710618720},""fingers"":{""index"":{""has_data"":true,""last_update_ts"":1784109745.4446247,""mapped"":true},""middle"":{""has_data"":true,""last_update_ts"":1784109745.4446247,""mapped"":true},""pinky"":{""has_data"":true,""last_update_ts"":1784109745.4446247,""mapped"":true},""ring"":{""has_data"":true,""last_update_ts"":1784109745.4446247,""mapped"":true},""thumb"":{""has_data"":true,""last_update_ts"":1784109745.4446247,""mapped"":true}},""ports"":{""available"":[""BLE:Dexter""],""unavailable"":[]}}"
1784109745.503951,1784109745.5037932,70,ble,"{""index"":{""age_s"":0.00916910171508789,""channels"":3,""force"":[-0.3831142219444441,-0.7296253446900023],""has_data"":true,""last_update_ts"":1784109745.4946241,""raw"":[16959,16162,17875]},""middle"":{""age_s"":0.00916910171508789,""channels"":3,""force"":[-0.01826642463474215,-0.03774402696000223],""has_data"":true,""last_update_ts"":1784109745.4946241,""raw"":[15752,15714,15801]},""pinky"":{""age_s"":0.00916910171508789,""channels"":3,""force"":[-1.0402248134100152,-0.7376737033800049],""has_data"":true,""last_update_ts"":1784109745.4946241,""raw"":[17437,15273,17684]},""ring"":{""age_s"":0.00916910171508789,""channels"":3,""force"":[0.28985931723024194,0.25227441548999785],""has_data"":true,""last_update_ts"":1784109745.4946241,""raw"":[15787,16390,15634]},""thumb"":{""age_s"":0.00916910171508789,""channels"":3,""force"":[0.0,-2.220446049250313e-16],""has_data"":true,""last_update_ts"":1784109745.4946241,""raw"":[0,0,0]}}","{""ble"":{""connection_state"":""connected"",""counter"":56397,""finger_order"":""DexterController.Visualizer"",""last_error"":null,""last_sample_age_s"":0.009197232997394167,""reconnect_count"":0,""sample_hz"":20.0,""sample_sequence"":69,""timestamp_us"":710675296},""fingers"":{""index"":{""has_data"":true,""last_update_ts"":1784109745.4946241,""mapped"":true},""middle"":{""has_data"":true,""last_update_ts"":1784109745.4946241,""mapped"":true},""pinky"":{""has_data"":true,""last_update_ts"":1784109745.4946241,""mapped"":true},""ring"":{""has_data"":true,""last_update_ts"":1784109745.4946241,""mapped"":true},""thumb"":{""has_data"":true,""last_update_ts"":1784109745.4946241,""mapped"":true}},""ports"":{""available"":[""BLE:Dexter""],""unavailable"":[]}}"
1784109745.5539427,1784109745.55379,71,ble,"{""index"":{""age_s"":0.009165525436401367,""channels"":3,""force"":[-0.3956123019576907,-0.7379512329900013],""has_data"":true,""last_update_ts"":1784109745.5446246,""raw"":[16962,16139,17880]},""middle"":{""age_s"":0.009165525436401367,""channels"":3,""force"":[-0.020669901560365744,-0.04634744487000475],""has_data"":true,""last_update_ts"":1784109745.5446246,""raw"":[15747,15704,15809]},""pinky"":{""age_s"":0.009165525436401367,""channels"":3,""force"":[-1.03878272725464,-0.74405688441],""has_data"":true,""last_update_ts"":1784109745.5446246,""raw"":[17422,15261,17682]},""ring"":{""age_s"":0.009165525436401367,""channels"":3,""force"":[0.2893786218451133,0.2414507606999985],""has_data"":true,""last_update_ts"":1784109745.5446246,""raw"":[15781,16383,15647]},""thumb"":{""age_s"":0.009165525436401367,""channels"":3,""force"":[0.0,-2.220446049250313e-16],""has_data"":true,""last_update_ts"":1784109745.5446246,""raw"":[0,0,0]}}","{""ble"":{""connection_state"":""connected"",""counter"":56401,""finger_order"":""DexterController.Visualizer"",""last_error"":null,""last_sample_age_s"":0.009193806996336207,""reconnect_count"":0,""sample_hz"":20.0,""sample_sequence"":70,""timestamp_us"":710712832},""fingers"":{""index"":{""has_data"":true,""last_update_ts"":1784109745.5446246,""mapped"":true},""middle"":{""has_data"":true,""last_update_ts"":1784109745.5446246,""mapped"":true},""pinky"":{""has_data"":true,""last_update_ts"":1784109745.5446246,""mapped"":true},""ring"":{""has_data"":true,""last_update_ts"":1784109745.5446246,""mapped"":true},""thumb"":{""has_data"":true,""last_update_ts"":1784109745.5446246,""mapped"":true}},""ports"":{""available"":[""BLE:Dexter""],""unavailable"":[]}}"
1784109745.6039488,1784109745.6037934,72,ble,"{""index"":{""age_s"":0.009168863296508789,""channels"":3,""force"":[-0.39080534810644174,-0.7446119436300025],""has_data"":true,""last_update_ts"":1784109745.5946245,""raw"":[16950,16137,17885]},""middle"":{""age_s"":0.009168863296508789,""channels"":3,""force"":[-0.01634364309424363,-0.04940027058000229],""has_data"":true,""last_update_ts"":1784109745.5946245,""raw"":[15738,15704,15810]},""pinky"":{""age_s"":0.009168863296508789,""channels"":3,""force"":[-1.0363792503290181,-0.7509951246600002],""has_data"":true,""last_update_ts"":1784109745.5946245,""raw"":[17420,15264,17695]},""ring"":{""age_s"":0.009168863296508789,""channels"":3,""force"":[0.2864944495343664,0.23978558304000153],""has_data"":true,""last_update_ts"":1784109745.5946245,""raw"":[15785,16381,15651]},""thumb"":{""age_s"":0.009168863296508789,""channels"":3,""force"":[0.0,-2.220446049250313e-16],""has_data"":true,""last_update_ts"":1784109745.5946245,""raw"":[0,0,0]}}","{""ble"":{""connection_state"":""connected"",""counter"":56408,""finger_order"":""DexterController.Visualizer"",""last_error"":null,""last_sample_age_s"":0.009197705003316514,""reconnect_count"":0,""sample_hz"":20.0,""sample_sequence"":71,""timestamp_us"":710778784},""fingers"":{""index"":{""has_data"":true,""last_update_ts"":1784109745.5946245,""mapped"":true},""middle"":{""has_data"":true,""last_update_ts"":1784109745.5946245,""mapped"":true},""pinky"":{""has_data"":true,""last_update_ts"":1784109745.5946245,""mapped"":true},""ring"":{""has_data"":true,""last_update_ts"":1784109745.5946245,""mapped"":true},""thumb"":{""has_data"":true,""last_update_ts"":1784109745.5946245,""mapped"":true}},""ports"":{""available"":[""BLE:Dexter""],""unavailable"":[]}}"
1784109745.6540089,1784109745.6538036,73,ble,"{""index"":{""age_s"":0.009171247482299805,""channels"":3,""force"":[-0.38840187118081815,-0.7343433480600012],""has_data"":true,""last_update_ts"":1784109745.6446323,""raw"":[16958,16150,17877]},""middle"":{""age_s"":0.009171247482299805,""channels"":3,""force"":[-0.01682433847936693,-0.03857661579000293],""has_data"":true,""last_update_ts"":1784109745.6446323,""raw"":[15749,15714,15801]},""pinky"":{""age_s"":0.009171247482299805,""channels"":3,""force"":[-1.033495078018266,-0.7398939402600035],""has_data"":true,""last_update_ts"":1784109745.6446323,""raw"":[17426,15276,17684]},""ring"":{""age_s"":0.009171247482299805,""channels"":3,""force"":[0.2927434895409906,0.24616876406999832],""has_data"":true,""last_update_ts"":1784109745.6446323,""raw"":[15783,16392,15644]},""thumb"":{""age_s"":0.009171247482299805,""channels"":3,""force"":[0.0,-2.220446049250313e-16],""has_data"":true,""last_update_ts"":1784109745.6446323,""raw"":[0,0,0]}}","{""ble"":{""connection_state"":""connected"",""counter"":56412,""finger_order"":""DexterController.Visualizer"",""last_error"":null,""last_sample_age_s"":0.009205191003275104,""reconnect_count"":0,""sample_hz"":20.0,""sample_sequence"":72,""timestamp_us"":710816256},""fingers"":{""index"":{""has_data"":true,""last_update_ts"":1784109745.6446323,""mapped"":true},""middle"":{""has_data"":true,""last_update_ts"":1784109745.6446323,""mapped"":true},""pinky"":{""has_data"":true,""last_update_ts"":1784109745.6446323,""mapped"":true},""ring"":{""has_data"":true,""last_update_ts"":1784109745.6446323,""mapped"":true},""thumb"":{""has_data"":true,""last_update_ts"":1784109745.6446323,""mapped"":true}},""ports"":{""available"":[""BLE:Dexter""],""unavailable"":[]}}"
1784109745.704047,1784109745.7038286,74,ble,"{""index"":{""age_s"":0.009159088134765625,""channels"":3,""force"":[-0.38647908964031785,-0.7376737033800032],""has_data"":true,""last_update_ts"":1784109745.6946695,""raw"":[16955,16151,17882]},""middle"":{""age_s"":0.009159088134765625,""channels"":3,""force"":[-0.016824338479368706,-0.045237326430002334],""has_data"":true,""last_update_ts"":1784109745.6946695,""raw"":[15740,15705,15804]},""pinky"":{""age_s"":0.009159088134765625,""channels"":3,""force"":[-1.0339757734033945,-0.744611943629998],""has_data"":true,""last_update_ts"":1784109745.6946695,""raw"":[17425,15274,17691]},""ring"":{""age_s"":0.009159088134765625,""channels"":3,""force"":[0.2884172310748667,0.24256087913999735],""has_data"":true,""last_update_ts"":1784109745.6946695,""raw"":[15782,16382,15645]},""thumb"":{""age_s"":0.009159088134765625,""channels"":3,""force"":[0.0,-2.220446049250313e-16],""has_data"":true,""last_update_ts"":1784109745.6946695,""raw"":[0,0,0]}}","{""ble"":{""connection_state"":""connected"",""counter"":56418,""finger_order"":""DexterController.Visualizer"",""last_error"":null,""last_sample_age_s"":0.009194026002660394,""reconnect_count"":0,""sample_hz"":20.0,""sample_sequence"":73,""timestamp_us"":710872768},""fingers"":{""index"":{""has_data"":true,""last_update_ts"":1784109745.6946695,""mapped"":true},""middle"":{""has_data"":true,""last_update_ts"":1784109745.6946695,""mapped"":true},""pinky"":{""has_data"":true,""last_update_ts"":1784109745.6946695,""mapped"":true},""ring"":{""has_data"":true,""last_update_ts"":1784109745.6946695,""mapped"":true},""thumb"":{""has_data"":true,""last_update_ts"":1784109745.6946695,""mapped"":true}},""ports"":{""available"":[""BLE:Dexter""],""unavailable"":[]}}"
1784109745.7539415,1784109745.7537913,75,ble,"{""index"":{""age_s"":0.009167671203613281,""channels"":3,""force"":[-0.3874404804105698,-0.7393388810400019],""has_data"":true,""last_update_ts"":1784109745.7446237,""raw"":[16950,16144,17879]},""middle"":{""age_s"":0.009167671203613281,""channels"":3,""force"":[-0.014901556938864857,-0.047457563310003614],""has_data"":true,""last_update_ts"":1784109745.7446237,""raw"":[15742,15711,15812]},""pinky"":{""age_s"":0.009167671203613281,""channels"":3,""force"":[-1.033495078018266,-0.7437793547999991],""has_data"":true,""last_update_ts"":1784109745.7446237,""raw"":[17426,15276,17691]},""ring"":{""age_s"":0.009167671203613281,""channels"":3,""force"":[0.2864944495343664,0.23645522771999872],""has_data"":true,""last_update_ts"":1784109745.7446237,""raw"":[15784,16380,15656]},""thumb"":{""age_s"":0.009167671203613281,""channels"":3,""force"":[0.0,-2.220446049250313e-16],""has_data"":true,""last_update_ts"":1784109745.7446237,""raw"":[0,0,0]}}","{""ble"":{""connection_state"":""connected"",""counter"":56423,""finger_order"":""DexterController.Visualizer"",""last_error"":null,""last_sample_age_s"":0.009196422004606575,""reconnect_count"":0,""sample_hz"":20.0,""sample_sequence"":74,""timestamp_us"":710919616},""fingers"":{""index"":{""has_data"":true,""last_update_ts"":1784109745.7446237,""mapped"":true},""middle"":{""has_data"":true,""last_update_ts"":1784109745.7446237,""mapped"":true},""pinky"":{""has_data"":true,""last_update_ts"":1784109745.7446237,""mapped"":true},""ring"":{""has_data"":true,""last_update_ts"":1784109745.7446237,""mapped"":true},""thumb"":{""has_data"":true,""last_update_ts"":1784109745.7446237,""mapped"":true}},""ports"":{""available"":[""BLE:Dexter""],""unavailable"":[]}}"
1784109745.804175,1784109745.8039062,76,ble,"{""index"":{""age_s"":0.009234905242919922,""channels"":3,""force"":[-0.397535083498191,-0.7618187794500013],""has_data"":true,""last_update_ts"":1784109745.7946713,""raw"":[16951,16124,17910]},""middle"":{""age_s"":0.009234905242919922,""channels"":3,""force"":[-0.015382252323993484,-0.05550592200000093],""has_data"":true,""last_update_ts"":1784109745.7946713,""raw"":[15744,15712,15828]},""pinky"":{""age_s"":0.009234905242919922,""channels"":3,""force"":[-1.0334950780182677,-0.7343433480600003],""has_data"":true,""last_update_ts"":1784109745.7946713,""raw"":[17422,15272,17670]},""ring"":{""age_s"":0.009234905242919922,""channels"":3,""force"":[0.3023573972434832,0.25615983002999787],""has_data"":true,""last_update_ts"":1784109745.7946713,""raw"":[15780,16409,15633]},""thumb"":{""age_s"":0.009234905242919922,""channels"":3,""force"":[0.0,-2.220446049250313e-16],""has_data"":true,""last_update_ts"":1784109745.7946713,""raw"":[0,0,0]}}","{""ble"":{""connection_state"":""connected"",""counter"":56429,""finger_order"":""DexterController.Visualizer"",""last_error"":null,""last_sample_age_s"":0.009274426003685221,""reconnect_count"":0,""sample_hz"":20.0,""sample_sequence"":75,""timestamp_us"":710976128},""fingers"":{""index"":{""has_data"":true,""last_update_ts"":1784109745.7946713,""mapped"":true},""middle"":{""has_data"":true,""last_update_ts"":1784109745.7946713,""mapped"":true},""pinky"":{""has_data"":true,""last_update_ts"":1784109745.7946713,""mapped"":true},""ring"":{""has_data"":true,""last_update_ts"":1784109745.7946713,""mapped"":true},""thumb"":{""has_data"":true,""last_update_ts"":1784109745.7946713,""mapped"":true}},""ports"":{""available"":[""BLE:Dexter""],""unavailable"":[]}}"
1784109745.854044,1784109745.853818,77,ble,"{""index"":{""age_s"":0.009206771850585938,""channels"":3,""force"":[-0.3888825665659432,-0.7385062922100003],""has_data"":true,""last_update_ts"":1784109745.8446112,""raw"":[16954,16145,17880]},""middle"":{""age_s"":0.009206771850585938,""channels"":3,""force"":[-0.01586294770911678,-0.04412720798999903],""has_data"":true,""last_update_ts"":1784109745.8446112,""raw"":[15744,15711,15807]},""pinky"":{""age_s"":0.009206771850585938,""channels"":3,""force"":[-1.0334950780182695,-0.7448894732400015],""has_data"":true,""last_update_ts"":1784109745.8446112,""raw"":[17420,15270,17687]},""ring"":{""age_s"":0.009206771850585938,""channels"":3,""force"":[0.28889792645999,0.2445035864099978],""has_data"":true,""last_update_ts"":1784109745.8446112,""raw"":[15782,16383,15642]},""thumb"":{""age_s"":0.009206771850585938,""channels"":3,""force"":[0.0,-2.220446049250313e-16],""has_data"":true,""last_update_ts"":1784109745.8446112,""raw"":[0,0,0]}}","{""ble"":{""connection_state"":""connected"",""counter"":56434,""finger_order"":""DexterController.Visualizer"",""last_error"":null,""last_sample_age_s"":0.009246653993614018,""reconnect_count"":0,""sample_hz"":20.0,""sample_sequence"":76,""timestamp_us"":711023200},""fingers"":{""index"":{""has_data"":true,""last_update_ts"":1784109745.8446112,""mapped"":true},""middle"":{""has_data"":true,""last_update_ts"":1784109745.8446112,""mapped"":true},""pinky"":{""has_data"":true,""last_update_ts"":1784109745.8446112,""mapped"":true},""ring"":{""has_data"":true,""last_update_ts"":1784109745.8446112,""mapped"":true},""thumb"":{""has_data"":true,""last_update_ts"":1784109745.8446112,""mapped"":true}},""ports"":{""available"":[""BLE:Dexter""],""unavailable"":[]}}"
1784109745.9043345,1784109745.9040887,78,ble,"{""index"":{""age_s"":0.00915837287902832,""channels"":3,""force"":[-0.388882566565945,-0.7440568844099982],""has_data"":true,""last_update_ts"":1784109745.8949304,""raw"":[16952,16143,17888]},""middle"":{""age_s"":0.00915837287902832,""channels"":3,""force"":[-0.01490155693886841,-0.048012622530000826],""has_data"":true,""last_update_ts"":1784109745.8949304,""raw"":[15739,15708,15810]},""pinky"":{""age_s"":0.00915837287902832,""channels"":3,""force"":[-1.0354178595587662,-0.7415591179200023],""has_data"":true,""last_update_ts"":1784109745.8949304,""raw"":[17426,15272,17685]},""ring"":{""age_s"":0.00915837287902832,""channels"":3,""force"":[0.2913014033856136,0.2436709975799971],""has_data"":true,""last_update_ts"":1784109745.8949304,""raw"":[15781,16387,15645]},""thumb"":{""age_s"":0.00915837287902832,""channels"":3,""force"":[0.0,-2.220446049250313e-16],""has_data"":true,""last_update_ts"":1784109745.8949304,""raw"":[0,0,0]}}","{""ble"":{""connection_state"":""connected"",""counter"":56439,""finger_order"":""DexterController.Visualizer"",""last_error"":null,""last_sample_age_s"":0.009198797997669317,""reconnect_count"":0,""sample_hz"":20.0,""sample_sequence"":77,""timestamp_us"":711070144},""fingers"":{""index"":{""has_data"":true,""last_update_ts"":1784109745.8949304,""mapped"":true},""middle"":{""has_data"":true,""last_update_ts"":1784109745.8949304,""mapped"":true},""pinky"":{""has_data"":true,""last_update_ts"":1784109745.8949304,""mapped"":true},""ring"":{""has_data"":true,""last_update_ts"":1784109745.8949304,""mapped"":true},""thumb"":{""has_data"":true,""last_update_ts"":1784109745.8949304,""mapped"":true}},""ports"":{""available"":[""BLE:Dexter""],""unavailable"":[]}}"
1784109745.9540548,1784109745.9538116,79,ble,"{""index"":{""age_s"":0.009181022644042969,""channels"":3,""force"":[-0.3936895204171922,-0.7368411145500033],""has_data"":true,""last_update_ts"":1784109745.9446306,""raw"":[16967,16148,17885]},""middle"":{""age_s"":0.009181022644042969,""channels"":3,""force"":[-0.018266424634740375,-0.04551485604000405],""has_data"":true,""last_update_ts"":1784109745.9446306,""raw"":[15746,15708,15809]},""pinky"":{""age_s"":0.009181022644042969,""channels"":3,""force"":[-1.032533687248021,-0.7476647693400009],""has_data"":true,""last_update_ts"":1784109745.9446306,""raw"":[17417,15269,17690]},""ring"":{""age_s"":0.009181022644042969,""channels"":3,""force"":[0.2860137541492396,0.23784287576999574],""has_data"":true,""last_update_ts"":1784109745.9446306,""raw"":[15784,16379,15653]},""thumb"":{""age_s"":0.009181022644042969,""channels"":3,""force"":[0.0,-2.220446049250313e-16],""has_data"":true,""last_update_ts"":1784109745.9446306,""raw"":[0,0,0]}}","{""ble"":{""connection_state"":""connected"",""counter"":56445,""finger_order"":""DexterController.Visualizer"",""last_error"":null,""last_sample_age_s"":0.009230056995875202,""reconnect_count"":0,""sample_hz"":20.0,""sample_sequence"":78,""timestamp_us"":711126528},""fingers"":{""index"":{""has_data"":true,""last_update_ts"":1784109745.9446306,""mapped"":true},""middle"":{""has_data"":true,""last_update_ts"":1784109745.9446306,""mapped"":true},""pinky"":{""has_data"":true,""last_update_ts"":1784109745.9446306,""mapped"":true},""ring"":{""has_data"":true,""last_update_ts"":1784109745.9446306,""mapped"":true},""thumb"":{""has_data"":true,""last_update_ts"":1784109745.9446306,""mapped"":true}},""ports"":{""available"":[""BLE:Dexter""],""unavailable"":[]}}"
1784109746.004028,1784109746.0037956,80,ble,"{""index"":{""age_s"":0.009140491485595703,""channels"":3,""force"":[-0.3936895204171922,-0.7562681872500026],""has_data"":true,""last_update_ts"":1784109745.9946551,""raw"":[16949,16130,17902]},""middle"":{""age_s"":0.009140491485595703,""channels"":3,""force"":[-0.01586294770911678,-0.05023285941000122],""has_data"":true,""last_update_ts"":1784109745.9946551,""raw"":[15741,15708,15815]},""pinky"":{""age_s"":0.009140491485595703,""channels"":3,""force"":[-1.0306109057075172,-0.7365635849400016],""has_data"":true,""last_update_ts"":1784109745.9946551,""raw"":[17418,15274,17673]},""ring"":{""age_s"":0.009140491485595703,""channels"":3,""force"":[0.3004346157029847,0.2578250076899975],""has_data"":true,""last_update_ts"":1784109745.9946551,""raw"":[15788,16413,15636]},""thumb"":{""age_s"":0.009140491485595703,""channels"":3,""force"":[0.0,-2.220446049250313e-16],""has_data"":true,""last_update_ts"":1784109745.9946551,""raw"":[0,0,0]}}","{""ble"":{""connection_state"":""connected"",""counter"":56450,""finger_order"":""DexterController.Visualizer"",""last_error"":null,""last_sample_age_s"":0.009182271009194665,""reconnect_count"":0,""sample_hz"":20.0,""sample_sequence"":79,""timestamp_us"":711173632},""fingers"":{""index"":{""has_data"":true,""last_update_ts"":1784109745.9946551,""mapped"":true},""middle"":{""has_data"":true,""last_update_ts"":1784109745.9946551,""mapped"":true},""pinky"":{""has_data"":true,""last_update_ts"":1784109745.9946551,""mapped"":true},""ring"":{""has_data"":true,""last_update_ts"":1784109745.9946551,""mapped"":true},""thumb"":{""has_data"":true,""last_update_ts"":1784109745.9946551,""mapped"":true}},""ports"":{""available"":[""BLE:Dexter""],""unavailable"":[]}}"
1784109746.0540612,1784109746.053815,81,ble,"{""index"":{""age_s"":0.009144306182861328,""channels"":3,""force"":[-0.388882566565945,-0.7351759368900037],""has_data"":true,""last_update_ts"":1784109746.0446706,""raw"":[16958,16149,17878]},""middle"":{""age_s"":0.009144306182861328,""channels"":3,""force"":[-0.020669901560365744,-0.04690250409000285],""has_data"":true,""last_update_ts"":1784109746.0446706,""raw"":[15747,15704,15810]},""pinky"":{""age_s"":0.009144306182861328,""channels"":3,""force"":[-1.0306109057075226,-0.7448894732400015],""has_data"":true,""last_update_ts"":1784109746.0446706,""raw"":[17417,15273,17687]},""ring"":{""age_s"":0.009144306182861328,""channels"":3,""force"":[0.2860137541492396,0.2417282903100002],""has_data"":true,""last_update_ts"":1784109746.0446706,""raw"":[15789,16384,15651]},""thumb"":{""age_s"":0.009144306182861328,""channels"":3,""force"":[0.0,-2.220446049250313e-16],""has_data"":true,""last_update_ts"":1784109746.0446706,""raw"":[0,0,0]}}","{""ble"":{""connection_state"":""connected"",""counter"":56453,""finger_order"":""DexterController.Visualizer"",""last_error"":null,""last_sample_age_s"":0.00918268199893646,""reconnect_count"":0,""sample_hz"":20.0,""sample_sequence"":80,""timestamp_us"":711201696},""fingers"":{""index"":{""has_data"":true,""last_update_ts"":1784109746.0446706,""mapped"":true},""middle"":{""has_data"":true,""last_update_ts"":1784109746.0446706,""mapped"":true},""pinky"":{""has_data"":true,""last_update_ts"":1784109746.0446706,""mapped"":true},""ring"":{""has_data"":true,""last_update_ts"":1784109746.0446706,""mapped"":true},""thumb"":{""has_data"":true,""last_update_ts"":1784109746.0446706,""mapped"":true}},""ports"":{""available"":[""BLE:Dexter""],""unavailable"":[]}}"
1784109746.1042678,1784109746.1040566,82,ble,"{""index"":{""age_s"":0.009393930435180664,""channels"":3,""force"":[-0.3980157788833143,-0.7593210129600001],""has_data"":true,""last_update_ts"":1784109746.0946627,""raw"":[16946,16118,17900]},""middle"":{""age_s"":0.009393930435180664,""channels"":3,""force"":[-0.012017384628117966,-0.048012622530000826],""has_data"":true,""last_update_ts"":1784109746.0946627,""raw"":[15750,15725,15824]},""pinky"":{""age_s"":0.009393930435180664,""channels"":3,""force"":[-1.0315722964777692,-0.7304579335200021],""has_data"":true,""last_update_ts"":1784109746.0946627,""raw"":[17428,15282,17671]},""ring"":{""age_s"":0.009393930435180664,""channels"":3,""force"":[0.29418557569636405,0.25810253729999655],""has_data"":true,""last_update_ts"":1784109746.0946627,""raw"":[15787,16399,15628]},""thumb"":{""age_s"":0.009393930435180664,""channels"":3,""force"":[0.0,-2.220446049250313e-16],""has_data"":true,""last_update_ts"":1784109746.0946627,""raw"":[0,0,0]}}","{""ble"":{""connection_state"":""connected"",""counter"":56461,""finger_order"":""DexterController.Visualizer"",""last_error"":null,""last_sample_age_s"":0.009428937002667226,""reconnect_count"":0,""sample_hz"":20.0,""sample_sequence"":81,""timestamp_us"":711277248},""fingers"":{""index"":{""has_data"":true,""last_update_ts"":1784109746.0946627,""mapped"":true},""middle"":{""has_data"":true,""last_update_ts"":1784109746.0946627,""mapped"":true},""pinky"":{""has_data"":true,""last_update_ts"":1784109746.0946627,""mapped"":true},""ring"":{""has_data"":true,""last_update_ts"":1784109746.0946627,""mapped"":true},""thumb"":{""has_data"":true,""last_update_ts"":1784109746.0946627,""mapped"":true}},""ports"":{""available"":[""BLE:Dexter""],""unavailable"":[]}}"
1784109746.1539505,1784109746.1537943,83,ble,"{""index"":{""age_s"":0.009169816970825195,""channels"":3,""force"":[-0.3912860434915668,-0.7410040587000006],""has_data"":true,""last_update_ts"":1784109746.1446245,""raw"":[16951,16137,17879]},""middle"":{""age_s"":0.009169816970825195,""channels"":3,""force"":[-0.01874712001986545,-0.043572148770002705],""has_data"":true,""last_update_ts"":1784109746.1446245,""raw"":[15745,15706,15804]},""pinky"":{""age_s"":0.009169816970825195,""channels"":3,""force"":[-1.035417859558768,-0.7432242955800019],""has_data"":true,""last_update_ts"":1784109746.1446245,""raw"":[17427,15273,17689]},""ring"":{""age_s"":0.009169816970825195,""channels"":3,""force"":[0.2893786218451151,0.24089570147999773],""has_data"":true,""last_update_ts"":1784109746.1446245,""raw"":[15778,16380,15645]},""thumb"":{""age_s"":0.009169816970825195,""channels"":3,""force"":[0.0,-2.220446049250313e-16],""has_data"":true,""last_update_ts"":1784109746.1446245,""raw"":[0,0,0]}}","{""ble"":{""connection_state"":""connected"",""counter"":56465,""finger_order"":""DexterController.Visualizer"",""last_error"":null,""last_sample_age_s"":0.009198095998726785,""reconnect_count"":0,""sample_hz"":20.0,""sample_sequence"":82,""timestamp_us"":711314848},""fingers"":{""index"":{""has_data"":true,""last_update_ts"":1784109746.1446245,""mapped"":true},""middle"":{""has_data"":true,""last_update_ts"":1784109746.1446245,""mapped"":true},""pinky"":{""has_data"":true,""last_update_ts"":1784109746.1446245,""mapped"":true},""ring"":{""has_data"":true,""last_update_ts"":1784109746.1446245,""mapped"":true},""thumb"":{""has_data"":true,""last_update_ts"":1784109746.1446245,""mapped"":true}},""ports"":{""available"":[""BLE:Dexter""],""unavailable"":[]}}"
1784109746.2042978,1784109746.2040596,84,ble,"{""index"":{""age_s"":0.009171724319458008,""channels"":3,""force"":[-0.388882566565945,-0.7462771212899995],""has_data"":true,""last_update_ts"":1784109746.1948879,""raw"":[16952,16143,17892]},""middle"":{""age_s"":0.009171724319458008,""channels"":3,""force"":[-0.017785729249617077,-0.04745756330999917],""has_data"":true,""last_update_ts"":1784109746.1948879,""raw"":[15740,15703,15807]},""pinky"":{""age_s"":0.009171724319458008,""channels"":3,""force"":[-1.034937164173643,-0.7401714698700026],""has_data"":true,""last_update_ts"":1784109746.1948879,""raw"":[17426,15273,17683]},""ring"":{""age_s"":0.009171724319458008,""channels"":3,""force"":[0.2908207080004903,0.2461687640699992],""has_data"":true,""last_update_ts"":1784109746.1948879,""raw"":[15784,16389,15643]},""thumb"":{""age_s"":0.009171724319458008,""channels"":3,""force"":[0.0,-2.220446049250313e-16],""has_data"":true,""last_update_ts"":1784109746.1948879,""raw"":[0,0,0]}}","{""ble"":{""connection_state"":""connected"",""counter"":56471,""finger_order"":""DexterController.Visualizer"",""last_error"":null,""last_sample_age_s"":0.00921357999322936,""reconnect_count"":0,""sample_hz"":20.0,""sample_sequence"":83,""timestamp_us"":711371488},""fingers"":{""index"":{""has_data"":true,""last_update_ts"":1784109746.1948879,""mapped"":true},""middle"":{""has_data"":true,""last_update_ts"":1784109746.1948879,""mapped"":true},""pinky"":{""has_data"":true,""last_update_ts"":1784109746.1948879,""mapped"":true},""ring"":{""has_data"":true,""last_update_ts"":1784109746.1948879,""mapped"":true},""thumb"":{""has_data"":true,""last_update_ts"":1784109746.1948879,""mapped"":true}},""ports"":{""available"":[""BLE:Dexter""],""unavailable"":[]}}"
1784109746.253955,1784109746.2537973,85,ble,"{""index"":{""age_s"":0.009172677993774414,""channels"":3,""force"":[-0.3917667388766919,-0.7435018251900001],""has_data"":true,""last_update_ts"":1784109746.2446246,""raw"":[16956,16141,17888]},""middle"":{""age_s"":0.009172677993774414,""channels"":3,""force"":[-0.01297877539836989,-0.040241793450000785],""has_data"":true,""last_update_ts"":1784109746.2446246,""raw"":[15744,15717,15803]},""pinky"":{""age_s"":0.009172677993774414,""channels"":3,""force"":[-1.0334950780182677,-0.742669236360002],""has_data"":true,""last_update_ts"":1784109746.2446246,""raw"":[17422,15272,17685]},""ring"":{""age_s"":0.009172677993774414,""channels"":3,""force"":[0.2913014033856136,0.24533617523999673],""has_data"":true,""last_update_ts"":1784109746.2446246,""raw"":[15780,16386,15641]},""thumb"":{""age_s"":0.009172677993774414,""channels"":3,""force"":[0.0,-2.220446049250313e-16],""has_data"":true,""last_update_ts"":1784109746.2446246,""raw"":[0,0,0]}}","{""ble"":{""connection_state"":""connected"",""counter"":56476,""finger_order"":""DexterController.Visualizer"",""last_error"":null,""last_sample_age_s"":0.009200961998431012,""reconnect_count"":0,""sample_hz"":20.0,""sample_sequence"":84,""timestamp_us"":711418432},""fingers"":{""index"":{""has_data"":true,""last_update_ts"":1784109746.2446246,""mapped"":true},""middle"":{""has_data"":true,""last_update_ts"":1784109746.2446246,""mapped"":true},""pinky"":{""has_data"":true,""last_update_ts"":1784109746.2446246,""mapped"":true},""ring"":{""has_data"":true,""last_update_ts"":1784109746.2446246,""mapped"":true},""thumb"":{""has_data"":true,""last_update_ts"":1784109746.2446246,""mapped"":true}},""ports"":{""available"":[""BLE:Dexter""],""unavailable"":[]}}"
1784109746.3039408,1784109746.3037934,86,ble,"{""index"":{""age_s"":0.009168624877929688,""channels"":3,""force"":[-0.39897716965356445,-0.7620963090600021],""has_data"":true,""last_update_ts"":1784109746.2946248,""raw"":[16945,16115,17903]},""middle"":{""age_s"":0.009168624877929688,""channels"":3,""force"":[-0.017785729249617077,-0.049122740970001466],""has_data"":true,""last_update_ts"":1784109746.2946248,""raw"":[15755,15718,15825]},""pinky"":{""age_s"":0.009168624877929688,""channels"":3,""force"":[-1.0296495149372689,-0.7354534665000036],""has_data"":true,""last_update_ts"":1784109746.2946248,""raw"":[17415,15273,17669]},""ring"":{""age_s"":0.009168624877929688,""channels"":3,""force"":[0.300915311088108,0.25754747807999845],""has_data"":true,""last_update_ts"":1784109746.2946248,""raw"":[15785,16411,15634]},""thumb"":{""age_s"":0.009168624877929688,""channels"":3,""force"":[0.0,-2.220446049250313e-16],""has_data"":true,""last_update_ts"":1784109746.2946248,""raw"":[0,0,0]}}","{""ble"":{""connection_state"":""connected"",""counter"":56482,""finger_order"":""DexterController.Visualizer"",""last_error"":null,""last_sample_age_s"":0.00919694299227558,""reconnect_count"":0,""sample_hz"":20.0,""sample_sequence"":85,""timestamp_us"":711474880},""fingers"":{""index"":{""has_data"":true,""last_update_ts"":1784109746.2946248,""mapped"":true},""middle"":{""has_data"":true,""last_update_ts"":1784109746.2946248,""mapped"":true},""pinky"":{""has_data"":true,""last_update_ts"":1784109746.2946248,""mapped"":true},""ring"":{""has_data"":true,""last_update_ts"":1784109746.2946248,""mapped"":true},""thumb"":{""has_data"":true,""last_update_ts"":1784109746.2946248,""mapped"":true}},""ports"":{""available"":[""BLE:Dexter""],""unavailable"":[]}}"
1784109746.3539407,1784109746.353793,87,ble,"{""index"":{""age_s"":0.009167671203613281,""channels"":3,""force"":[-0.388882566565945,-0.7373961737700014],""has_data"":true,""last_update_ts"":1784109746.3446252,""raw"":[16957,16148,17881]},""middle"":{""age_s"":0.009167671203613281,""channels"":3,""force"":[-0.017785729249617077,-0.04579238565000221],""has_data"":true,""last_update_ts"":1784109746.3446252,""raw"":[15747,15710,15811]},""pinky"":{""age_s"":0.009167671203613281,""channels"":3,""force"":[-1.0349371641736411,-0.7429467659700011],""has_data"":true,""last_update_ts"":1784109746.3446252,""raw"":[17427,15274,17689]},""ring"":{""age_s"":0.009167671203613281,""channels"":3,""force"":[0.2869751449194897,0.24006311264999702],""has_data"":true,""last_update_ts"":1784109746.3446252,""raw"":[15782,16379,15648]},""thumb"":{""age_s"":0.009167671203613281,""channels"":3,""force"":[0.0,-2.220446049250313e-16],""has_data"":true,""last_update_ts"":1784109746.3446252,""raw"":[0,0,0]}}","{""ble"":{""connection_state"":""connected"",""counter"":56487,""finger_order"":""DexterController.Visualizer"",""last_error"":null,""last_sample_age_s"":0.009196511993650347,""reconnect_count"":0,""sample_hz"":20.0,""sample_sequence"":86,""timestamp_us"":711521920},""fingers"":{""index"":{""has_data"":true,""last_update_ts"":1784109746.3446252,""mapped"":true},""middle"":{""has_data"":true,""last_update_ts"":1784109746.3446252,""mapped"":true},""pinky"":{""has_data"":true,""last_update_ts"":1784109746.3446252,""mapped"":true},""ring"":{""has_data"":true,""last_update_ts"":1784109746.3446252,""mapped"":true},""thumb"":{""has_data"":true,""last_update_ts"":1784109746.3446252,""mapped"":true}},""ports"":{""available"":[""BLE:Dexter""],""unavailable"":[]}}"
1784109746.4040558,1784109746.403812,88,ble,"{""index"":{""age_s"":0.009138822555541992,""channels"":3,""force"":[-0.38119144040394737,-0.7224095748300012],""has_data"":true,""last_update_ts"":1784109746.394673,""raw"":[16936,16143,17841]},""middle"":{""age_s"":0.009138822555541992,""channels"":3,""force"":[-0.026438246181861302,0.007493299469999215],""has_data"":true,""last_update_ts"":1784109746.394673,""raw"":[15721,15666,15680]},""pinky"":{""age_s"":0.009138822555541992,""channels"":3,""force"":[-0.04470467081660168,-0.22507651371000037],""has_data"":true,""last_update_ts"":1784109746.394673,""raw"":[17189,17096,17548]},""ring"":{""age_s"":0.009138822555541992,""channels"":3,""force"":[0.3807107450188223,0.3952021646399979],""has_data"":true,""last_update_ts"":1784109746.394673,""raw"":[15687,16479,15371]},""thumb"":{""age_s"":0.009138822555541992,""channels"":3,""force"":[0.0,-2.220446049250313e-16],""has_data"":true,""last_update_ts"":1784109746.394673,""raw"":[0,0,0]}}","{""ble"":{""connection_state"":""connected"",""counter"":56492,""finger_order"":""DexterController.Visualizer"",""last_error"":null,""last_sample_age_s"":0.009179323998978361,""reconnect_count"":0,""sample_hz"":20.0,""sample_sequence"":87,""timestamp_us"":711568864},""fingers"":{""index"":{""has_data"":true,""last_update_ts"":1784109746.394673,""mapped"":true},""middle"":{""has_data"":true,""last_update_ts"":1784109746.394673,""mapped"":true},""pinky"":{""has_data"":true,""last_update_ts"":1784109746.394673,""mapped"":true},""ring"":{""has_data"":true,""last_update_ts"":1784109746.394673,""mapped"":true},""thumb"":{""has_data"":true,""last_update_ts"":1784109746.394673,""mapped"":true}},""ports"":{""available"":[""BLE:Dexter""],""unavailable"":[]}}"
1784109746.4542894,1784109746.45406,89,ble,"{""index"":{""age_s"":0.009387969970703125,""channels"":3,""force"":[-0.39080534810643996,-0.742946765970002],""has_data"":true,""last_update_ts"":1784109746.444672,""raw"":[16955,16142,17887]},""middle"":{""age_s"":0.009387969970703125,""channels"":3,""force"":[-0.017785729249617077,-0.047457563310002726],""has_data"":true,""last_update_ts"":1784109746.444672,""raw"":[15741,15704,15808]},""pinky"":{""age_s"":0.009387969970703125,""channels"":3,""force"":[-1.033975773403391,-0.7440568844099991],""has_data"":true,""last_update_ts"":1784109746.444672,""raw"":[17426,15275,17691]},""ring"":{""age_s"":0.009387969970703125,""channels"":3,""force"":[0.29130140338561716,0.24700135289999814],""has_data"":true,""last_update_ts"":1784109746.444672,""raw"":[15779,16385,15637]},""thumb"":{""age_s"":0.009387969970703125,""channels"":3,""force"":[0.0,-2.220446049250313e-16],""has_data"":true,""last_update_ts"":1784109746.444672,""raw"":[0,0,0]}}","{""ble"":{""connection_state"":""connected"",""counter"":56498,""finger_order"":""DexterController.Visualizer"",""last_error"":null,""last_sample_age_s"":0.00942711200332269,""reconnect_count"":0,""sample_hz"":20.0,""sample_sequence"":88,""timestamp_us"":711625344},""fingers"":{""index"":{""has_data"":true,""last_update_ts"":1784109746.444672,""mapped"":true},""middle"":{""has_data"":true,""last_update_ts"":1784109746.444672,""mapped"":true},""pinky"":{""has_data"":true,""last_update_ts"":1784109746.444672,""mapped"":true},""ring"":{""has_data"":true,""last_update_ts"":1784109746.444672,""mapped"":true},""thumb"":{""has_data"":true,""last_update_ts"":1784109746.444672,""mapped"":true}},""ports"":{""available"":[""BLE:Dexter""],""unavailable"":[]}}"
1784109746.504055,1784109746.503813,90,ble,"{""index"":{""age_s"":0.009141206741333008,""channels"":3,""force"":[-0.3980157788833143,-0.7587659537400029],""has_data"":true,""last_update_ts"":1784109746.4946718,""raw"":[16949,16121,17902]},""middle"":{""age_s"":0.009141206741333008,""channels"":3,""force"":[-0.01682433847936693,-0.05189803707000262],""has_data"":true,""last_update_ts"":1784109746.4946718,""raw"":[15747,15712,15823]},""pinky"":{""age_s"":0.009141206741333008,""channels"":3,""force"":[-1.035898554943893,-0.7390613514300011],""has_data"":true,""last_update_ts"":1784109746.4946718,""raw"":[17428,15273,17682]},""ring"":{""age_s"":0.009141206741333008,""channels"":3,""force"":[0.3057222649393587,0.2569924188599968],""has_data"":true,""last_update_ts"":1784109746.4946718,""raw"":[15779,16415,15634]},""thumb"":{""age_s"":0.009141206741333008,""channels"":3,""force"":[0.0,-2.220446049250313e-16],""has_data"":true,""last_update_ts"":1784109746.4946718,""raw"":[0,0,0]}}","{""ble"":{""connection_state"":""connected"",""counter"":56503,""finger_order"":""DexterController.Visualizer"",""last_error"":null,""last_sample_age_s"":0.009180616994854063,""reconnect_count"":0,""sample_hz"":20.0,""sample_sequence"":89,""timestamp_us"":711672256},""fingers"":{""index"":{""has_data"":true,""last_update_ts"":1784109746.4946718,""mapped"":true},""middle"":{""has_data"":true,""last_update_ts"":1784109746.4946718,""mapped"":true},""pinky"":{""has_data"":true,""last_update_ts"":1784109746.4946718,""mapped"":true},""ring"":{""has_data"":true,""last_update_ts"":1784109746.4946718,""mapped"":true},""thumb"":{""has_data"":true,""last_update_ts"":1784109746.4946718,""mapped"":true}},""ports"":{""available"":[""BLE:Dexter""],""unavailable"":[]}}"
1784109746.553922,1784109746.5537899,91,ble,"{""index"":{""age_s"":0.009112119674682617,""channels"":3,""force"":[-0.3879211757956931,-0.7357309961100009],""has_data"":true,""last_update_ts"":1784109746.5446777,""raw"":[16958,16151,17880]},""middle"":{""age_s"":0.009112119674682617,""channels"":3,""force"":[-0.016343643094241855,-0.03996426384000351],""has_data"":true,""last_update_ts"":1784109746.5446777,""raw"":[15747,15713,15802]},""pinky"":{""age_s"":0.009112119674682617,""channels"":3,""force"":[-1.0358985549438948,-0.7429467659700011],""has_data"":true,""last_update_ts"":1784109746.5446777,""raw"":[17425,15270,17686]},""ring"":{""age_s"":0.009112119674682617,""channels"":3,""force"":[0.28793653568974165,0.24727888250999808],""has_data"":true,""last_update_ts"":1784109746.5446777,""raw"":[15788,16387,15642]},""thumb"":{""age_s"":0.009112119674682617,""channels"":3,""force"":[0.0,-2.220446049250313e-16],""has_data"":true,""last_update_ts"":1784109746.5446777,""raw"":[0,0,0]}}","{""ble"":{""connection_state"":""connected"",""counter"":56508,""finger_order"":""DexterController.Visualizer"",""last_error"":null,""last_sample_age_s"":0.009137492001173086,""reconnect_count"":0,""sample_hz"":20.0,""sample_sequence"":90,""timestamp_us"":711719296},""fingers"":{""index"":{""has_data"":true,""last_update_ts"":1784109746.5446777,""mapped"":true},""middle"":{""has_data"":true,""last_update_ts"":1784109746.5446777,""mapped"":true},""pinky"":{""has_data"":true,""last_update_ts"":1784109746.5446777,""mapped"":true},""ring"":{""has_data"":true,""last_update_ts"":1784109746.5446777,""mapped"":true},""thumb"":{""has_data"":true,""last_update_ts"":1784109746.5446777,""mapped"":true}},""ports"":{""available"":[""BLE:Dexter""],""unavailable"":[]}}"
1784109746.6039143,1784109746.603765,92,ble,"{""index"":{""age_s"":0.009140253067016602,""channels"":3,""force"":[-0.38407561271469604,-0.7451670028500015],""has_data"":true,""last_update_ts"":1784109746.5946248,""raw"":[16942,16143,17885]},""middle"":{""age_s"":0.009140253067016602,""channels"":3,""force"":[-0.014420861553745112,-0.05495086278000283],""has_data"":true,""last_update_ts"":1784109746.5946248,""raw"":[15730,15700,15814]},""pinky"":{""age_s"":0.009140253067016602,""channels"":3,""force"":[-1.0291688195521438,-0.7518277134900018],""has_data"":true,""last_update_ts"":1784109746.5946248,""raw"":[17406,15265,17690]},""ring"":{""age_s"":0.009140253067016602,""channels"":3,""force"":[0.29803113877736287,0.2347900500599991],""has_data"":true,""last_update_ts"":1784109746.5946248,""raw"":[15761,16381,15648]},""thumb"":{""age_s"":0.009140253067016602,""channels"":3,""force"":[0.0,-2.220446049250313e-16],""has_data"":true,""last_update_ts"":1784109746.5946248,""raw"":[0,0,0]}}","{""ble"":{""connection_state"":""connected"",""counter"":56514,""finger_order"":""DexterController.Visualizer"",""last_error"":null,""last_sample_age_s"":0.00916812899231445,""reconnect_count"":0,""sample_hz"":20.0,""sample_sequence"":91,""timestamp_us"":711775872},""fingers"":{""index"":{""has_data"":true,""last_update_ts"":1784109746.5946248,""mapped"":true},""middle"":{""has_data"":true,""last_update_ts"":1784109746.5946248,""mapped"":true},""pinky"":{""has_data"":true,""last_update_ts"":1784109746.5946248,""mapped"":true},""ring"":{""has_data"":true,""last_update_ts"":1784109746.5946248,""mapped"":true},""thumb"":{""has_data"":true,""last_update_ts"":1784109746.5946248,""mapped"":true}},""ports"":{""available"":[""BLE:Dexter""],""unavailable"":[]}}"
1784109746.6540365,1784109746.6538057,93,ble,"{""index"":{""age_s"":0.009131193161010742,""channels"":3,""force"":[-0.39417021580231903,-0.7615412498400032],""has_data"":true,""last_update_ts"":1784109746.6446745,""raw"":[16944,16124,17906]},""middle"":{""age_s"":0.009131193161010742,""channels"":3,""force"":[-0.01586294770911678,-0.05023285941000122],""has_data"":true,""last_update_ts"":1784109746.6446745,""raw"":[15746,15713,15820]},""pinky"":{""age_s"":0.009131193161010742,""channels"":3,""force"":[-1.0253232564711467,-0.7290702854700015],""has_data"":true,""last_update_ts"":1784109746.6446745,""raw"":[17421,15288,17668]},""ring"":{""age_s"":0.009131193161010742,""channels"":3,""force"":[0.30620296032447847,0.26004524456999967],""has_data"":true,""last_update_ts"":1784109746.6446745,""raw"":[15776,16413,15626]},""thumb"":{""age_s"":0.009131193161010742,""channels"":3,""force"":[0.0,-2.220446049250313e-16],""has_data"":true,""last_update_ts"":1784109746.6446745,""raw"":[0,0,0]}}","{""ble"":{""connection_state"":""connected"",""counter"":56519,""finger_order"":""DexterController.Visualizer"",""last_error"":null,""last_sample_age_s"":0.009171176003292203,""reconnect_count"":0,""sample_hz"":20.0,""sample_sequence"":92,""timestamp_us"":711822848},""fingers"":{""index"":{""has_data"":true,""last_update_ts"":1784109746.6446745,""mapped"":true},""middle"":{""has_data"":true,""last_update_ts"":1784109746.6446745,""mapped"":true},""pinky"":{""has_data"":true,""last_update_ts"":1784109746.6446745,""mapped"":true},""ring"":{""has_data"":true,""last_update_ts"":1784109746.6446745,""mapped"":true},""thumb"":{""has_data"":true,""last_update_ts"":1784109746.6446745,""mapped"":true}},""ports"":{""available"":[""BLE:Dexter""],""unavailable"":[]}}"
1784109746.7042935,1784109746.7040584,94,ble,"{""index"":{""age_s"":0.009382247924804688,""channels"":3,""force"":[-0.3850370034849444,-0.7390613514300011],""has_data"":true,""last_update_ts"":1784109746.6946762,""raw"":[16946,16145,17877]},""middle"":{""age_s"":0.009382247924804688,""channels"":3,""force"":[-0.013940166168618262,-0.04412720799000258],""has_data"":true,""last_update_ts"":1784109746.6946762,""raw"":[15745,15716,15810]},""pinky"":{""age_s"":0.009382247924804688,""channels"":3,""force"":[-1.0334950780182677,-0.7387838218200038],""has_data"":true,""last_update_ts"":1784109746.6946762,""raw"":[17428,15278,17684]},""ring"":{""age_s"":0.009382247924804688,""channels"":3,""force"":[0.2908207080004903,0.24228334952999653],""has_data"":true,""last_update_ts"":1784109746.6946762,""raw"":[15783,16388,15649]},""thumb"":{""age_s"":0.009382247924804688,""channels"":3,""force"":[0.0,-2.220446049250313e-16],""has_data"":true,""last_update_ts"":1784109746.6946762,""raw"":[0,0,0]}}","{""ble"":{""connection_state"":""connected"",""counter"":56524,""finger_order"":""DexterController.Visualizer"",""last_error"":null,""last_sample_age_s"":0.009423604991752654,""reconnect_count"":0,""sample_hz"":20.0,""sample_sequence"":93,""timestamp_us"":711869696},""fingers"":{""index"":{""has_data"":true,""last_update_ts"":1784109746.6946762,""mapped"":true},""middle"":{""has_data"":true,""last_update_ts"":1784109746.6946762,""mapped"":true},""pinky"":{""has_data"":true,""last_update_ts"":1784109746.6946762,""mapped"":true},""ring"":{""has_data"":true,""last_update_ts"":1784109746.6946762,""mapped"":true},""thumb"":{""has_data"":true,""last_update_ts"":1784109746.6946762,""mapped"":true}},""ports"":{""available"":[""BLE:Dexter""],""unavailable"":[]}}"
1784109746.7539465,1784109746.7537928,95,ble,"{""index"":{""age_s"":0.009119510650634766,""channels"":3,""force"":[-0.38359491732957274,-0.7360085257200009],""has_data"":true,""last_update_ts"":1784109746.7446733,""raw"":[16954,16156,17881]},""middle"":{""age_s"":0.009119510650634766,""channels"":3,""force"":[-0.016824338479365153,-0.04190697111000219],""has_data"":true,""last_update_ts"":1784109746.7446733,""raw"":[15750,15715,15808]},""pinky"":{""age_s"":0.009119510650634766,""channels"":3,""force"":[-1.030130210322394,-0.7418366475299996],""has_data"":true,""last_update_ts"":1784109746.7446733,""raw"":[17426,15283,17691]},""ring"":{""age_s"":0.009119510650634766,""channels"":3,""force"":[0.28553305876411805,0.24700135289999814],""has_data"":true,""last_update_ts"":1784109746.7446733,""raw"":[15788,16382,15640]},""thumb"":{""age_s"":0.009119510650634766,""channels"":3,""force"":[0.0,-2.220446049250313e-16],""has_data"":true,""last_update_ts"":1784109746.7446733,""raw"":[0,0,0]}}","{""ble"":{""connection_state"":""connected"",""counter"":56530,""finger_order"":""DexterController.Visualizer"",""last_error"":null,""last_sample_age_s"":0.00914762400498148,""reconnect_count"":0,""sample_hz"":20.0,""sample_sequence"":94,""timestamp_us"":711925984},""fingers"":{""index"":{""has_data"":true,""last_update_ts"":1784109746.7446733,""mapped"":true},""middle"":{""has_data"":true,""last_update_ts"":1784109746.7446733,""mapped"":true},""pinky"":{""has_data"":true,""last_update_ts"":1784109746.7446733,""mapped"":true},""ring"":{""has_data"":true,""last_update_ts"":1784109746.7446733,""mapped"":true},""thumb"":{""has_data"":true,""last_update_ts"":1784109746.7446733,""mapped"":true}},""ports"":{""available"":[""BLE:Dexter""],""unavailable"":[]}}"
1784109746.8039389,1784109746.803794,96,ble,"{""index"":{""age_s"":0.009145021438598633,""channels"":3,""force"":[-0.40234203734943996,-0.7690345493100024],""has_data"":true,""last_update_ts"":1784109746.794649,""raw"":[16949,16112,17916]},""middle"":{""age_s"":0.009145021438598633,""channels"":3,""force"":[-0.013459470783493188,-0.061056514200002354],""has_data"":true,""last_update_ts"":1784109746.794649,""raw"":[15733,15705,15829]},""pinky"":{""age_s"":0.009145021438598633,""channels"":3,""force"":[-1.0296495149372706,-0.7415591179200005],""has_data"":true,""last_update_ts"":1784109746.794649,""raw"":[17413,15271,17678]},""ring"":{""age_s"":0.009145021438598633,""channels"":3,""force"":[0.29947322493273454,0.24727888251000074],""has_data"":true,""last_update_ts"":1784109746.794649,""raw"":[15773,16396,15639]},""thumb"":{""age_s"":0.009145021438598633,""channels"":3,""force"":[0.0,-2.220446049250313e-16],""has_data"":true,""last_update_ts"":1784109746.794649,""raw"":[0,0,0]}}","{""ble"":{""connection_state"":""connected"",""counter"":56535,""finger_order"":""DexterController.Visualizer"",""last_error"":null,""last_sample_age_s"":0.00917353099794127,""reconnect_count"":0,""sample_hz"":20.0,""sample_sequence"":95,""timestamp_us"":711972896},""fingers"":{""index"":{""has_data"":true,""last_update_ts"":1784109746.794649,""mapped"":true},""middle"":{""has_data"":true,""last_update_ts"":1784109746.794649,""mapped"":true},""pinky"":{""has_data"":true,""last_update_ts"":1784109746.794649,""mapped"":true},""ring"":{""has_data"":true,""last_update_ts"":1784109746.794649,""mapped"":true},""thumb"":{""has_data"":true,""last_update_ts"":1784109746.794649,""mapped"":true}},""ports"":{""available"":[""BLE:Dexter""],""unavailable"":[]}}"
1784109746.8540444,1784109746.853806,97,ble,"{""index"":{""age_s"":0.009135007858276367,""channels"":3,""force"":[-0.38407561271469604,-0.738506292210003],""has_data"":true,""last_update_ts"":1784109746.844671,""raw"":[16955,16156,17886]},""middle"":{""age_s"":0.009135007858276367,""channels"":3,""force"":[-0.015862947709118558,-0.0391316750100037],""has_data"":true,""last_update_ts"":1784109746.844671,""raw"":[15743,15710,15797]},""pinky"":{""age_s"":0.009135007858276367,""channels"":3,""force"":[-1.0358985549438913,-0.7324006407900017],""has_data"":true,""last_update_ts"":1784109746.844671,""raw"":[17433,15278,17675]},""ring"":{""age_s"":0.009135007858276367,""channels"":3,""force"":[0.28409097260874105,0.2533845339299976],""has_data"":true,""last_update_ts"":1784109746.844671,""raw"":[15789,16380,15628]},""thumb"":{""age_s"":0.009135007858276367,""channels"":3,""force"":[0.0,-2.220446049250313e-16],""has_data"":true,""last_update_ts"":1784109746.844671,""raw"":[0,0,0]}}","{""ble"":{""connection_state"":""connected"",""counter"":56540,""finger_order"":""DexterController.Visualizer"",""last_error"":null,""last_sample_age_s"":0.009175865998258814,""reconnect_count"":0,""sample_hz"":20.0,""sample_sequence"":96,""timestamp_us"":712019808},""fingers"":{""index"":{""has_data"":true,""last_update_ts"":1784109746.844671,""mapped"":true},""middle"":{""has_data"":true,""last_update_ts"":1784109746.844671,""mapped"":true},""pinky"":{""has_data"":true,""last_update_ts"":1784109746.844671,""mapped"":true},""ring"":{""has_data"":true,""last_update_ts"":1784109746.844671,""mapped"":true},""thumb"":{""has_data"":true,""last_update_ts"":1784109746.844671,""mapped"":true}},""ports"":{""available"":[""BLE:Dexter""],""unavailable"":[]}}"
1784109746.9039073,1784109746.9037795,98,ble,"{""index"":{""age_s"":0.00913381576538086,""channels"":3,""force"":[-0.3888825665659432,-0.7401714698700017],""has_data"":true,""last_update_ts"":1784109746.8946457,""raw"":[16954,16145,17883]},""middle"":{""age_s"":0.00913381576538086,""channels"":3,""force"":[-0.019708510790115596,-0.04412720799000258],""has_data"":true,""last_update_ts"":1784109746.8946457,""raw"":[15747,15706,15806]},""pinky"":{""age_s"":0.00913381576538086,""channels"":3,""force"":[-1.034456468788516,-0.744334414019999],""has_data"":true,""last_update_ts"":1784109746.8946457,""raw"":[17426,15274,17691]},""ring"":{""age_s"":0.00913381576538086,""channels"":3,""force"":[0.29034001261536346,0.24367099757999888],""has_data"":true,""last_update_ts"":1784109746.8946457,""raw"":[15784,16388,15647]},""thumb"":{""age_s"":0.00913381576538086,""channels"":3,""force"":[0.0,-2.220446049250313e-16],""has_data"":true,""last_update_ts"":1784109746.8946457,""raw"":[0,0,0]}}","{""ble"":{""connection_state"":""connected"",""counter"":56546,""finger_order"":""DexterController.Visualizer"",""last_error"":null,""last_sample_age_s"":0.009165223003947176,""reconnect_count"":0,""sample_hz"":20.0,""sample_sequence"":97,""timestamp_us"":712076256},""fingers"":{""index"":{""has_data"":true,""last_update_ts"":1784109746.8946457,""mapped"":true},""middle"":{""has_data"":true,""last_update_ts"":1784109746.8946457,""mapped"":true},""pinky"":{""has_data"":true,""last_update_ts"":1784109746.8946457,""mapped"":true},""ring"":{""has_data"":true,""last_update_ts"":1784109746.8946457,""mapped"":true},""thumb"":{""has_data"":true,""last_update_ts"":1784109746.8946457,""mapped"":true}},""ports"":{""available"":[""BLE:Dexter""],""unavailable"":[]}}"
1784109746.9539158,1784109746.9537852,99,ble,"{""index"":{""age_s"":0.009160757064819336,""channels"":3,""force"":[-0.3884018711808199,-0.7360085257200017],""has_data"":true,""last_update_ts"":1784109746.9446244,""raw"":[16957,16149,17879]},""middle"":{""age_s"":0.009160757064819336,""channels"":3,""force"":[-0.016343643094241855,-0.03774402696000134],""has_data"":true,""last_update_ts"":1784109746.9446244,""raw"":[15748,15714,15799]},""pinky"":{""age_s"":0.009160757064819336,""channels"":3,""force"":[-1.0334950780182695,-0.7393388810399992],""has_data"":true,""last_update_ts"":1784109746.9446244,""raw"":[17425,15275,17682]},""ring"":{""age_s"":0.009160757064819336,""channels"":3,""force"":[0.28985931723024194,0.2467238232899991],""has_data"":true,""last_update_ts"":1784109746.9446244,""raw"":[15786,16389,15643]},""thumb"":{""age_s"":0.009160757064819336,""channels"":3,""force"":[0.0,-2.220446049250313e-16],""has_data"":true,""last_update_ts"":1784109746.9446244,""raw"":[0,0,0]}}","{""ble"":{""connection_state"":""connected"",""counter"":56551,""finger_order"":""DexterController.Visualizer"",""last_error"":null,""last_sample_age_s"":0.009184014998027124,""reconnect_count"":0,""sample_hz"":20.0,""sample_sequence"":98,""timestamp_us"":712123264},""fingers"":{""index"":{""has_data"":true,""last_update_ts"":1784109746.9446244,""mapped"":true},""middle"":{""has_data"":true,""last_update_ts"":1784109746.9446244,""mapped"":true},""pinky"":{""has_data"":true,""last_update_ts"":1784109746.9446244,""mapped"":true},""ring"":{""has_data"":true,""last_update_ts"":1784109746.9446244,""mapped"":true},""thumb"":{""has_data"":true,""last_update_ts"":1784109746.9446244,""mapped"":true}},""ports"":{""available"":[""BLE:Dexter""],""unavailable"":[]}}"
1784109747.004002,1784109747.0037906,100,ble,"{""index"":{""age_s"":0.009119033813476562,""channels"":3,""force"":[-0.39128604349156504,-0.7421141771400022],""has_data"":true,""last_update_ts"":1784109746.9946716,""raw"":[16959,16145,17889]},""middle"":{""age_s"":0.009119033813476562,""channels"":3,""force"":[-0.020669901560363968,-0.045237326430002334],""has_data"":true,""last_update_ts"":1784109746.9946716,""raw"":[15750,15707,15810]},""pinky"":{""age_s"":0.009119033813476562,""channels"":3,""force"":[-1.0325336872480158,-0.747109710120001],""has_data"":true,""last_update_ts"":1784109746.9946716,""raw"":[17423,15275,17695]},""ring"":{""age_s"":0.009119033813476562,""channels"":3,""force"":[0.28457166799386613,0.23812040537999923],""has_data"":true,""last_update_ts"":1784109746.9946716,""raw"":[15785,16377,15652]},""thumb"":{""age_s"":0.009119033813476562,""channels"":3,""force"":[0.0,-2.220446049250313e-16],""has_data"":true,""last_update_ts"":1784109746.9946716,""raw"":[0,0,0]}}","{""ble"":{""connection_state"":""connected"",""counter"":56556,""finger_order"":""DexterController.Visualizer"",""last_error"":null,""last_sample_age_s"":0.009153184000751935,""reconnect_count"":0,""sample_hz"":20.0,""sample_sequence"":99,""timestamp_us"":712170304},""fingers"":{""index"":{""has_data"":true,""last_update_ts"":1784109746.9946716,""mapped"":true},""middle"":{""has_data"":true,""last_update_ts"":1784109746.9946716,""mapped"":true},""pinky"":{""has_data"":true,""last_update_ts"":1784109746.9946716,""mapped"":true},""ring"":{""has_data"":true,""last_update_ts"":1784109746.9946716,""mapped"":true},""thumb"":{""has_data"":true,""last_update_ts"":1784109746.9946716,""mapped"":true}},""ports"":{""available"":[""BLE:Dexter""],""unavailable"":[]}}"
1784109747.0540361,1784109747.0538101,101,ble,"{""index"":{""age_s"":0.00915074348449707,""channels"":3,""force"":[-0.39224743426181874,-0.7371186441600006],""has_data"":true,""last_update_ts"":1784109747.0446594,""raw"":[16973,16157,17893]},""middle"":{""age_s"":0.00915074348449707,""channels"":3,""force"":[-0.012017384628119743,-0.041906971109999525],""has_data"":true,""last_update_ts"":1784109747.0446594,""raw"":[15740,15715,15803]},""pinky"":{""age_s"":0.00915074348449707,""channels"":3,""force"":[-1.0363792503290163,-0.7398939402600027],""has_data"":true,""last_update_ts"":1784109747.0446594,""raw"":[17428,15272,17683]},""ring"":{""age_s"":0.00915074348449707,""channels"":3,""force"":[0.29034001261536524,0.25033170822000006],""has_data"":true,""last_update_ts"":1784109747.0446594,""raw"":[15789,16393,15640]},""thumb"":{""age_s"":0.00915074348449707,""channels"":3,""force"":[0.0,-2.220446049250313e-16],""has_data"":true,""last_update_ts"":1784109747.0446594,""raw"":[0,0,0]}}","{""ble"":{""connection_state"":""connected"",""counter"":56561,""finger_order"":""DexterController.Visualizer"",""last_error"":null,""last_sample_age_s"":0.009189631004119292,""reconnect_count"":0,""sample_hz"":20.0,""sample_sequence"":100,""timestamp_us"":712217376},""fingers"":{""index"":{""has_data"":true,""last_update_ts"":1784109747.0446594,""mapped"":true},""middle"":{""has_data"":true,""last_update_ts"":1784109747.0446594,""mapped"":true},""pinky"":{""has_data"":true,""last_update_ts"":1784109747.0446594,""mapped"":true},""ring"":{""has_data"":true,""last_update_ts"":1784109747.0446594,""mapped"":true},""thumb"":{""has_data"":true,""last_update_ts"":1784109747.0446594,""mapped"":true}},""ports"":{""available"":[""BLE:Dexter""],""unavailable"":[]}}"
1784109747.104102,1784109747.1038413,102,ble,"{""index"":{""age_s"":0.009184598922729492,""channels"":3,""force"":[-0.5335718774884999,-0.5739312334800024],""has_data"":true,""last_update_ts"":1784109747.0946567,""raw"":[17264,16154,17743]},""middle"":{""age_s"":0.009184598922729492,""channels"":3,""force"":[-0.015862947709118558,-0.0485676817500007],""has_data"":true,""last_update_ts"":1784109747.0946567,""raw"":[15740,15707,15811]},""pinky"":{""age_s"":0.009184598922729492,""channels"":3,""force"":[-1.0325336872480193,-0.7138061569200005],""has_data"":true,""last_update_ts"":1784109747.0946567,""raw"":[17442,15294,17654]},""ring"":{""age_s"":0.009184598922729492,""channels"":3,""force"":[0.28841723107486494,0.25088676743999727],""has_data"":true,""last_update_ts"":1784109747.0946567,""raw"":[15788,16388,15636]},""thumb"":{""age_s"":0.009184598922729492,""channels"":3,""force"":[0.0,-2.220446049250313e-16],""has_data"":true,""last_update_ts"":1784109747.0946567,""raw"":[0,0,0]}}","{""ble"":{""connection_state"":""connected"",""counter"":56567,""finger_order"":""DexterController.Visualizer"",""last_error"":null,""last_sample_age_s"":0.009235384000930935,""reconnect_count"":0,""sample_hz"":20.0,""sample_sequence"":101,""timestamp_us"":712273952},""fingers"":{""index"":{""has_data"":true,""last_update_ts"":1784109747.0946567,""mapped"":true},""middle"":{""has_data"":true,""last_update_ts"":1784109747.0946567,""mapped"":true},""pinky"":{""has_data"":true,""last_update_ts"":1784109747.0946567,""mapped"":true},""ring"":{""has_data"":true,""last_update_ts"":1784109747.0946567,""mapped"":true},""thumb"":{""has_data"":true,""last_update_ts"":1784109747.0946567,""mapped"":true}},""ports"":{""available"":[""BLE:Dexter""],""unavailable"":[]}}"
1784109747.203986,1784109747.2037787,103,ble,"{""index"":{""age_s"":0.009111166000366211,""channels"":3,""force"":[-0.5883711513927246,-0.25699241886000035],""has_data"":true,""last_update_ts"":1784109747.1946676,""raw"":[17507,16283,17358]},""middle"":{""age_s"":0.009111166000366211,""channels"":3,""force"":[-0.022592683100864264,-0.03691143813000153],""has_data"":true,""last_update_ts"":1784109747.1946676,""raw"":[15757,15710,15800]},""pinky"":{""age_s"":0.009111166000366211,""channels"":3,""force"":[-1.0238811703157715,-0.76764690126],""has_data"":true,""last_update_ts"":1784109747.1946676,""raw"":[17397,15267,17715]},""ring"":{""age_s"":0.009111166000366211,""channels"":3,""force"":[0.2802454095277458,0.22119109916999857],""has_data"":true,""last_update_ts"":1784109747.1946676,""raw"":[15783,16366,15676]},""thumb"":{""age_s"":0.009111166000366211,""channels"":3,""force"":[0.0,-2.220446049250313e-16],""has_data"":true,""last_update_ts"":1784109747.1946676,""raw"":[0,0,0]}}","{""ble"":{""connection_state"":""connected"",""counter"":56579,""finger_order"":""DexterController.Visualizer"",""last_error"":null,""last_sample_age_s"":0.009136704000411555,""reconnect_count"":0,""sample_hz"":20.0,""sample_sequence"":102,""timestamp_us"":712387040},""fingers"":{""index"":{""has_data"":true,""last_update_ts"":1784109747.1946676,""mapped"":true},""middle"":{""has_data"":true,""last_update_ts"":1784109747.1946676,""mapped"":true},""pinky"":{""has_data"":true,""last_update_ts"":1784109747.1946676,""mapped"":true},""ring"":{""has_data"":true,""last_update_ts"":1784109747.1946676,""mapped"":true},""thumb"":{""has_data"":true,""last_update_ts"":1784109747.1946676,""mapped"":true}},""ports"":{""available"":[""BLE:Dexter""],""unavailable"":[]}}"
1784109747.2540262,1784109747.2537994,104,ble,"{""index"":{""age_s"":0.00912618637084961,""channels"":3,""force"":[-0.4109945542816842,-0.782911029810001],""has_data"":true,""last_update_ts"":1784109747.2446733,""raw"":[16954,16099,17937]},""middle"":{""age_s"":0.00912618637084961,""channels"":3,""force"":[-0.009613907702492597,-0.01498659894000376],""has_data"":true,""last_update_ts"":1784109747.2446733,""raw"":[15754,15734,15771]},""pinky"":{""age_s"":0.00912618637084961,""channels"":3,""force"":[-1.0171514349240258,-0.7387838218200002],""has_data"":true,""last_update_ts"":1784109747.2446733,""raw"":[17413,15297,17686]},""ring"":{""age_s"":0.00912618637084961,""channels"":3,""force"":[0.2951469664666124,0.2719790177999988],""has_data"":true,""last_update_ts"":1784109747.2446733,""raw"":[15804,16418,15621]},""thumb"":{""age_s"":0.00912618637084961,""channels"":3,""force"":[0.0,-2.220446049250313e-16],""has_data"":true,""last_update_ts"":1784109747.2446733,""raw"":[0,0,0]}}","{""ble"":{""connection_state"":""connected"",""counter"":56583,""finger_order"":""DexterController.Visualizer"",""last_error"":null,""last_sample_age_s"":0.009165508003206924,""reconnect_count"":0,""sample_hz"":20.0,""sample_sequence"":103,""timestamp_us"":712424768},""fingers"":{""index"":{""has_data"":true,""last_update_ts"":1784109747.2446733,""mapped"":true},""middle"":{""has_data"":true,""last_update_ts"":1784109747.2446733,""mapped"":true},""pinky"":{""has_data"":true,""last_update_ts"":1784109747.2446733,""mapped"":true},""ring"":{""has_data"":true,""last_update_ts"":1784109747.2446733,""mapped"":true},""thumb"":{""has_data"":true,""last_update_ts"":1784109747.2446733,""mapped"":true}},""ports"":{""available"":[""BLE:Dexter""],""unavailable"":[]}}"
1784109747.3040383,1784109747.303816,105,ble,"{""index"":{""age_s"":0.009144306182861328,""channels"":3,""force"":[-0.5633749913662367,-0.5650502859600017],""has_data"":true,""last_update_ts"":1784109747.2946718,""raw"":[17309,16137,17741]},""middle"":{""age_s"":0.009144306182861328,""channels"":3,""force"":[-0.005768344621495558,-0.02608778334000128],""has_data"":true,""last_update_ts"":1784109747.2946718,""raw"":[15750,15738,15791]},""pinky"":{""age_s"":0.009144306182861328,""channels"":3,""force"":[-1.0248425610860217,-0.7343433480600021],""has_data"":true,""last_update_ts"":1784109747.2946718,""raw"":[17424,15292,17681]},""ring"":{""age_s"":0.009144306182861328,""channels"":3,""force"":[0.2956276618517357,0.24172829030999754],""has_data"":true,""last_update_ts"":1784109747.2946718,""raw"":[15773,16388,15645]},""thumb"":{""age_s"":0.009144306182861328,""channels"":3,""force"":[0.0,-2.220446049250313e-16],""has_data"":true,""last_update_ts"":1784109747.2946718,""raw"":[0,0,0]}}","{""ble"":{""connection_state"":""connected"",""counter"":56588,""finger_order"":""DexterController.Visualizer"",""last_error"":null,""last_sample_age_s"":0.009181733999866992,""reconnect_count"":0,""sample_hz"":20.0,""sample_sequence"":104,""timestamp_us"":712471744},""fingers"":{""index"":{""has_data"":true,""last_update_ts"":1784109747.2946718,""mapped"":true},""middle"":{""has_data"":true,""last_update_ts"":1784109747.2946718,""mapped"":true},""pinky"":{""has_data"":true,""last_update_ts"":1784109747.2946718,""mapped"":true},""ring"":{""has_data"":true,""last_update_ts"":1784109747.2946718,""mapped"":true},""thumb"":{""has_data"":true,""last_update_ts"":1784109747.2946718,""mapped"":true}},""ports"":{""available"":[""BLE:Dexter""],""unavailable"":[]}}"
1784109747.3542879,1784109747.3540616,106,ble,"{""index"":{""age_s"":0.009386539459228516,""channels"":3,""force"":[-0.3884018711808217,-0.7548805392000002],""has_data"":true,""last_update_ts"":1784109747.344675,""raw"":[16952,16144,17908]},""middle"":{""age_s"":0.009386539459228516,""channels"":3,""force"":[-0.05095371082322586,0.02164730957999872],""has_data"":true,""last_update_ts"":1784109747.344675,""raw"":[15849,15743,15757]},""pinky"":{""age_s"":0.009386539459228516,""channels"":3,""force"":[-1.03974411802489,-0.7007622652500025],""has_data"":true,""last_update_ts"":1784109747.344675,""raw"":[17462,15299,17643]},""ring"":{""age_s"":0.009386539459228516,""channels"":3,""force"":[0.2845716679938679,0.287520675959998],""has_data"":true,""last_update_ts"":1784109747.344675,""raw"":[15817,16409,15595]},""thumb"":{""age_s"":0.009386539459228516,""channels"":3,""force"":[0.0,-2.220446049250313e-16],""has_data"":true,""last_update_ts"":1784109747.344675,""raw"":[0,0,0]}}","{""ble"":{""connection_state"":""connected"",""counter"":56593,""finger_order"":""DexterController.Visualizer"",""last_error"":null,""last_sample_age_s"":0.00942602098803036,""reconnect_count"":0,""sample_hz"":20.0,""sample_sequence"":105,""timestamp_us"":712518848},""fingers"":{""index"":{""has_data"":true,""last_update_ts"":1784109747.344675,""mapped"":true},""middle"":{""has_data"":true,""last_update_ts"":1784109747.344675,""mapped"":true},""pinky"":{""has_data"":true,""last_update_ts"":1784109747.344675,""mapped"":true},""ring"":{""has_data"":true,""last_update_ts"":1784109747.344675,""mapped"":true},""thumb"":{""has_data"":true,""last_update_ts"":1784109747.344675,""mapped"":true}},""ports"":{""available"":[""BLE:Dexter""],""unavailable"":[]}}"
1784109747.404043,1784109747.4038167,107,ble,"{""index"":{""age_s"":0.00914621353149414,""channels"":3,""force"":[-0.4090717727411839,-0.647476580130002],""has_data"":true,""last_update_ts"":1784109747.3946705,""raw"":[17051,16200,17792]},""middle"":{""age_s"":0.00914621353149414,""channels"":3,""force"":[0.010575298472748074,0.05328568511999787],""has_data"":true,""last_update_ts"":1784109747.3946705,""raw"":[15816,15838,15731]},""pinky"":{""age_s"":0.00914621353149414,""channels"":3,""force"":[-1.0407055087951402,-0.6941015546100022],""has_data"":true,""last_update_ts"":1784109747.3946705,""raw"":[17472,15307,17640]},""ring"":{""age_s"":0.00914621353149414,""channels"":3,""force"":[0.29274348954098706,0.26171042222999663],""has_data"":true,""last_update_ts"":1784109747.3946705,""raw"":[15796,16405,15629]},""thumb"":{""age_s"":0.00914621353149414,""channels"":3,""force"":[0.0,-2.220446049250313e-16],""has_data"":true,""last_update_ts"":1784109747.3946705,""raw"":[0,0,0]}}","{""ble"":{""connection_state"":""connected"",""counter"":56594,""finger_order"":""DexterController.Visualizer"",""last_error"":null,""last_sample_age_s"":0.00918494000507053,""reconnect_count"":0,""sample_hz"":20.0,""sample_sequence"":106,""timestamp_us"":712528288},""fingers"":{""index"":{""has_data"":true,""last_update_ts"":1784109747.3946705,""mapped"":true},""middle"":{""has_data"":true,""last_update_ts"":1784109747.3946705,""mapped"":true},""pinky"":{""has_data"":true,""last_update_ts"":1784109747.3946705,""mapped"":true},""ring"":{""has_data"":true,""last_update_ts"":1784109747.3946705,""mapped"":true},""thumb"":{""has_data"":true,""last_update_ts"":1784109747.3946705,""mapped"":true}},""ports"":{""available"":[""BLE:Dexter""],""unavailable"":[]}}"
1784109747.4539285,1784109747.4537902,108,ble,"{""index"":{""age_s"":0.009113550186157227,""channels"":3,""force"":[-0.37205822808657807,-0.7626513682800011],""has_data"":true,""last_update_ts"":1784109747.4446766,""raw"":[16928,16154,17915]},""middle"":{""age_s"":0.009113550186157227,""channels"":3,""force"":[0.042301193890981637,-0.023867546460003553],""has_data"":true,""last_update_ts"":1784109747.4446766,""raw"":[15710,15798,15797]},""pinky"":{""age_s"":0.009113550186157227,""channels"":3,""force"":[-1.0392634226397632,-0.7537704207600004],""has_data"":true,""last_update_ts"":1784109747.4446766,""raw"":[17418,15256,17695]},""ring"":{""age_s"":0.009113550186157227,""channels"":3,""force"":[0.2884172310748667,0.2597677149599953],""has_data"":true,""last_update_ts"":1784109747.4446766,""raw"":[15783,16383,15615]},""thumb"":{""age_s"":0.009113550186157227,""channels"":3,""force"":[0.0,-2.220446049250313e-16],""has_data"":true,""last_update_ts"":1784109747.4446766,""raw"":[0,0,0]}}","{""ble"":{""connection_state"":""connected"",""counter"":56605,""finger_order"":""DexterController.Visualizer"",""last_error"":null,""last_sample_age_s"":0.009136584994848818,""reconnect_count"":0,""sample_hz"":20.0,""sample_sequence"":107,""timestamp_us"":712631936},""fingers"":{""index"":{""has_data"":true,""last_update_ts"":1784109747.4446766,""mapped"":true},""middle"":{""has_data"":true,""last_update_ts"":1784109747.4446766,""mapped"":true},""pinky"":{""has_data"":true,""last_update_ts"":1784109747.4446766,""mapped"":true},""ring"":{""has_data"":true,""last_update_ts"":1784109747.4446766,""mapped"":true},""thumb"":{""has_data"":true,""last_update_ts"":1784109747.4446766,""mapped"":true}},""ports"":{""available"":[""BLE:Dexter""],""unavailable"":[]}}"
1784109747.5039966,1784109747.5038507,109,ble,"{""index"":{""age_s"":0.009222269058227539,""channels"":3,""force"":[-0.3807107450188205,-0.7138061569200014],""has_data"":true,""last_update_ts"":1784109747.4946284,""raw"":[16951,16159,17841]},""middle"":{""age_s"":0.009222269058227539,""channels"":3,""force"":[-0.012017384628119743,0.004162944149997294],""has_data"":true,""last_update_ts"":1784109747.4946284,""raw"":[15722,15697,15702]},""pinky"":{""age_s"":0.009222269058227539,""channels"":3,""force"":[-0.452815052787539,-0.4745756330999997],""has_data"":true,""last_update_ts"":1784109747.4946284,""raw"":[17245,16303,17629]},""ring"":{""age_s"":0.009222269058227539,""channels"":3,""force"":[0.3768651819378235,0.3430265979599989],""has_data"":true,""last_update_ts"":1784109747.4946284,""raw"":[15666,16450,15440]},""thumb"":{""age_s"":0.009222269058227539,""channels"":3,""force"":[0.0,-2.220446049250313e-16],""has_data"":true,""last_update_ts"":1784109747.4946284,""raw"":[0,0,0]}}","{""ble"":{""connection_state"":""connected"",""counter"":56609,""finger_order"":""DexterController.Visualizer"",""last_error"":null,""last_sample_age_s"":0.009250845003407449,""reconnect_count"":0,""sample_hz"":20.0,""sample_sequence"":108,""timestamp_us"":712669344},""fingers"":{""index"":{""has_data"":true,""last_update_ts"":1784109747.4946284,""mapped"":true},""middle"":{""has_data"":true,""last_update_ts"":1784109747.4946284,""mapped"":true},""pinky"":{""has_data"":true,""last_update_ts"":1784109747.4946284,""mapped"":true},""ring"":{""has_data"":true,""last_update_ts"":1784109747.4946284,""mapped"":true},""thumb"":{""has_data"":true,""last_update_ts"":1784109747.4946284,""mapped"":true}},""ports"":{""available"":[""BLE:Dexter""],""unavailable"":[]}}"
1784109747.5540626,1784109747.5538251,110,ble,"{""index"":{""age_s"":0.009156465530395508,""channels"":3,""force"":[-0.45377644355778735,-0.5839222994400028],""has_data"":true,""last_update_ts"":1784109747.5446687,""raw"":[17154,16210,17734]},""middle"":{""age_s"":0.009156465530395508,""channels"":3,""force"":[-0.03412937234386071,-0.023590016850001838],""has_data"":true,""last_update_ts"":1784109747.5446687,""raw"":[15771,15700,15778]},""pinky"":{""age_s"":0.009156465530395508,""channels"":3,""force"":[-1.0113830903025303,-0.687718373580001],""has_data"":true,""last_update_ts"":1784109747.5446687,""raw"":[17458,15354,17645]},""ring"":{""age_s"":0.009156465530395508,""channels"":3,""force"":[0.28361027722361953,0.2586575965199973],""has_data"":true,""last_update_ts"":1784109747.5446687,""raw"":[15799,16389,15628]},""thumb"":{""age_s"":0.009156465530395508,""channels"":3,""force"":[0.0,-2.220446049250313e-16],""has_data"":true,""last_update_ts"":1784109747.5446687,""raw"":[0,0,0]}}","{""ble"":{""connection_state"":""connected"",""counter"":56615,""finger_order"":""DexterController.Visualizer"",""last_error"":null,""last_sample_age_s"":0.009195965001708828,""reconnect_count"":0,""sample_hz"":20.0,""sample_sequence"":109,""timestamp_us"":712725824},""fingers"":{""index"":{""has_data"":true,""last_update_ts"":1784109747.5446687,""mapped"":true},""middle"":{""has_data"":true,""last_update_ts"":1784109747.5446687,""mapped"":true},""pinky"":{""has_data"":true,""last_update_ts"":1784109747.5446687,""mapped"":true},""ring"":{""has_data"":true,""last_update_ts"":1784109747.5446687,""mapped"":true},""thumb"":{""has_data"":true,""last_update_ts"":1784109747.5446687,""mapped"":true}},""ports"":{""available"":[""BLE:Dexter""],""unavailable"":[]}}"
1784109747.6040525,1784109747.6038353,111,ble,"{""index"":{""age_s"":0.009185075759887695,""channels"":3,""force"":[-0.37734587732294855,-0.6696789489300015],""has_data"":true,""last_update_ts"":1784109747.5946503,""raw"":[16996,16211,17810]},""middle"":{""age_s"":0.009185075759887695,""channels"":3,""force"":[-0.059125532370348566,0.01748436542999876],""has_data"":true,""last_update_ts"":1784109747.5946503,""raw"":[15830,15707,15737]},""pinky"":{""age_s"":0.009185075759887695,""channels"":3,""force"":[-1.0407055087951385,-0.7512726542700019],""has_data"":true,""last_update_ts"":1784109747.5946503,""raw"":[17426,15261,17697]},""ring"":{""age_s"":0.009185075759887695,""channels"":3,""force"":[0.2581334218120048,0.2356226388899989],""has_data"":true,""last_update_ts"":1784109747.5946503,""raw"":[15823,16360,15667]},""thumb"":{""age_s"":0.009185075759887695,""channels"":3,""force"":[0.0,-2.220446049250313e-16],""has_data"":true,""last_update_ts"":1784109747.5946503,""raw"":[0,0,0]}}","{""ble"":{""connection_state"":""connected"",""counter"":56620,""finger_order"":""DexterController.Visualizer"",""last_error"":null,""last_sample_age_s"":0.009220599007676356,""reconnect_count"":0,""sample_hz"":20.0,""sample_sequence"":110,""timestamp_us"":712772928},""fingers"":{""index"":{""has_data"":true,""last_update_ts"":1784109747.5946503,""mapped"":true},""middle"":{""has_data"":true,""last_update_ts"":1784109747.5946503,""mapped"":true},""pinky"":{""has_data"":true,""last_update_ts"":1784109747.5946503,""mapped"":true},""ring"":{""has_data"":true,""last_update_ts"":1784109747.5946503,""mapped"":true},""thumb"":{""has_data"":true,""last_update_ts"":1784109747.5946503,""mapped"":true}},""ports"":{""available"":[""BLE:Dexter""],""unavailable"":[]}}"
1784109747.6539414,1784109747.6537938,112,ble,"{""index"":{""age_s"":0.00916910171508789,""channels"":3,""force"":[-0.4196470712139284,-0.7484973581700034],""has_data"":true,""last_update_ts"":1784109747.6446247,""raw"":[16983,16110,17895]},""middle"":{""age_s"":0.00916910171508789,""channels"":3,""force"":[-0.0456660615868536,-0.09075218247000016],""has_data"":true,""last_update_ts"":1784109747.6446247,""raw"":[15737,15642,15853]},""pinky"":{""age_s"":0.00916910171508789,""channels"":3,""force"":[-1.0354178595587644,-0.7809683225400024],""has_data"":true,""last_update_ts"":1784109747.6446247,""raw"":[17399,15245,17729]},""ring"":{""age_s"":0.00916910171508789,""channels"":3,""force"":[0.2845716679938679,0.20370673373999804],""has_data"":true,""last_update_ts"":1784109747.6446247,""raw"":[15761,16353,15690]},""thumb"":{""age_s"":0.00916910171508789,""channels"":3,""force"":[0.0,-2.220446049250313e-16],""has_data"":true,""last_update_ts"":1784109747.6446247,""raw"":[0,0,0]}}","{""ble"":{""connection_state"":""connected"",""counter"":56625,""finger_order"":""DexterController.Visualizer"",""last_error"":null,""last_sample_age_s"":0.009197268009302206,""reconnect_count"":0,""sample_hz"":20.0,""sample_sequence"":111,""timestamp_us"":712819840},""fingers"":{""index"":{""has_data"":true,""last_update_ts"":1784109747.6446247,""mapped"":true},""middle"":{""has_data"":true,""last_update_ts"":1784109747.6446247,""mapped"":true},""pinky"":{""has_data"":true,""last_update_ts"":1784109747.6446247,""mapped"":true},""ring"":{""has_data"":true,""last_update_ts"":1784109747.6446247,""mapped"":true},""thumb"":{""has_data"":true,""last_update_ts"":1784109747.6446247,""mapped"":true}},""ports"":{""available"":[""BLE:Dexter""],""unavailable"":[]}}"
1784109747.704345,1784109747.704127,113,ble,"{""index"":{""age_s"":0.009451866149902344,""channels"":3,""force"":[-0.4830988620503973,-1.169232246930001],""has_data"":true,""last_update_ts"":1784109747.6946752,""raw"":[16802,15797,18406]},""middle"":{""age_s"":0.009451866149902344,""channels"":3,""force"":[-0.07450778469433672,-0.19898873037000264],""has_data"":true,""last_update_ts"":1784109747.6946752,""raw"":[15746,15591,16027]},""pinky"":{""age_s"":0.009451866149902344,""channels"":3,""force"":[-1.0133058718430252,-0.7382287626000039],""has_data"":true,""last_update_ts"":1784109747.6946752,""raw"":[17403,15295,17679]},""ring"":{""age_s"":0.009451866149902344,""channels"":3,""force"":[0.28601375414924135,0.2095348555499985],""has_data"":true,""last_update_ts"":1784109747.6946752,""raw"":[15773,16368,15693]},""thumb"":{""age_s"":0.009451866149902344,""channels"":3,""force"":[0.0,-2.220446049250313e-16],""has_data"":true,""last_update_ts"":1784109747.6946752,""raw"":[0,0,0]}}","{""ble"":{""connection_state"":""connected"",""counter"":56631,""finger_order"":""DexterController.Visualizer"",""last_error"":null,""last_sample_age_s"":0.009486615002970211,""reconnect_count"":0,""sample_hz"":20.0,""sample_sequence"":112,""timestamp_us"":712876256},""fingers"":{""index"":{""has_data"":true,""last_update_ts"":1784109747.6946752,""mapped"":true},""middle"":{""has_data"":true,""last_update_ts"":1784109747.6946752,""mapped"":true},""pinky"":{""has_data"":true,""last_update_ts"":1784109747.6946752,""mapped"":true},""ring"":{""has_data"":true,""last_update_ts"":1784109747.6946752,""mapped"":true},""thumb"":{""has_data"":true,""last_update_ts"":1784109747.6946752,""mapped"":true}},""ports"":{""available"":[""BLE:Dexter""],""unavailable"":[]}}"
1784109747.7540314,1784109747.7538154,114,ble,"{""index"":{""age_s"":0.00914907455444336,""channels"":3,""force"":[-0.4196470712139284,-0.6535822315500015],""has_data"":true,""last_update_ts"":1784109747.7446663,""raw"":[17037,16164,17778]},""middle"":{""age_s"":0.00914907455444336,""channels"":3,""force"":[-0.022111987715737413,-0.06993746172000037],""has_data"":true,""last_update_ts"":1784109747.7446663,""raw"":[15733,15687,15836]},""pinky"":{""age_s"":0.00914907455444336,""channels"":3,""force"":[-1.056087761119132,-0.8400821294700007],""has_data"":true,""last_update_ts"":1784109747.7446663,""raw"":[17384,15187,17799]},""ring"":{""age_s"":0.00914907455444336,""channels"":3,""force"":[0.2913014033856136,0.19427072699999748],""has_data"":true,""last_update_ts"":1784109747.7446663,""raw"":[15749,16355,15702]},""thumb"":{""age_s"":0.00914907455444336,""channels"":3,""force"":[0.0,-2.220446049250313e-16],""has_data"":true,""last_update_ts"":1784109747.7446663,""raw"":[0,0,0]}}","{""ble"":{""connection_state"":""connected"",""counter"":56636,""finger_order"":""DexterController.Visualizer"",""last_error"":null,""last_sample_age_s"":0.009183586997096427,""reconnect_count"":0,""sample_hz"":20.0,""sample_sequence"":113,""timestamp_us"":712923264},""fingers"":{""index"":{""has_data"":true,""last_update_ts"":1784109747.7446663,""mapped"":true},""middle"":{""has_data"":true,""last_update_ts"":1784109747.7446663,""mapped"":true},""pinky"":{""has_data"":true,""last_update_ts"":1784109747.7446663,""mapped"":true},""ring"":{""has_data"":true,""last_update_ts"":1784109747.7446663,""mapped"":true},""thumb"":{""has_data"":true,""last_update_ts"":1784109747.7446663,""mapped"":true}},""ports"":{""available"":[""BLE:Dexter""],""unavailable"":[]}}"
1784109747.8038943,1784109747.8037646,115,ble,"{""index"":{""age_s"":0.00888204574584961,""channels"":3,""force"":[-0.4331065419974234,-0.9727412830500004],""has_data"":true,""last_update_ts"":1784109747.7948825,""raw"":[16928,16027,18230]},""middle"":{""age_s"":0.00888204574584961,""channels"":3,""force"":[-0.01826642463474215,-0.1315490351400026],""has_data"":true,""last_update_ts"":1784109747.7948825,""raw"":[15718,15680,15936]},""pinky"":{""age_s"":0.00888204574584961,""channels"":3,""force"":[-1.0373406410992665,-0.7293478150800015],""has_data"":true,""last_update_ts"":1784109747.7948825,""raw"":[17421,15263,17656]},""ring"":{""age_s"":0.00888204574584961,""channels"":3,""force"":[0.3047608741691068,0.2669834848199981],""has_data"":true,""last_update_ts"":1784109747.7948825,""raw"":[15790,16424,15626]},""thumb"":{""age_s"":0.00888204574584961,""channels"":3,""force"":[0.0,-2.220446049250313e-16],""has_data"":true,""last_update_ts"":1784109747.7948825,""raw"":[0,0,0]}}","{""ble"":{""connection_state"":""connected"",""counter"":56641,""finger_order"":""DexterController.Visualizer"",""last_error"":null,""last_sample_age_s"":0.0089063680061372,""reconnect_count"":0,""sample_hz"":20.0,""sample_sequence"":114,""timestamp_us"":712970208},""fingers"":{""index"":{""has_data"":true,""last_update_ts"":1784109747.7948825,""mapped"":true},""middle"":{""has_data"":true,""last_update_ts"":1784109747.7948825,""mapped"":true},""pinky"":{""has_data"":true,""last_update_ts"":1784109747.7948825,""mapped"":true},""ring"":{""has_data"":true,""last_update_ts"":1784109747.7948825,""mapped"":true},""thumb"":{""has_data"":true,""last_update_ts"":1784109747.7948825,""mapped"":true}},""ports"":{""available"":[""BLE:Dexter""],""unavailable"":[]}}"
1784109747.8540573,1784109747.8538408,116,ble,"{""index"":{""age_s"":0.00917673110961914,""channels"":3,""force"":[-0.551838302123242,-0.9991065960000007],""has_data"":true,""last_update_ts"":1784109747.844664,""raw"":[17052,15904,18278]},""middle"":{""age_s"":0.00917673110961914,""channels"":3,""force"":[-0.0629710954513456,-0.12905126865000405],""has_data"":true,""last_update_ts"":1784109747.844664,""raw"":[15762,15631,15929]},""pinky"":{""age_s"":0.00917673110961914,""channels"":3,""force"":[-1.0604140195852558,-0.7498850062199995],""has_data"":true,""last_update_ts"":1784109747.844664,""raw"":[17451,15245,17699]},""ring"":{""age_s"":0.00917673110961914,""channels"":3,""force"":[0.30139600647323306,0.25449465236999735],""has_data"":true,""last_update_ts"":1784109747.844664,""raw"":[15772,16399,15627]},""thumb"":{""age_s"":0.00917673110961914,""channels"":3,""force"":[0.0,-2.220446049250313e-16],""has_data"":true,""last_update_ts"":1784109747.844664,""raw"":[0,0,0]}}","{""ble"":{""connection_state"":""connected"",""counter"":56646,""finger_order"":""DexterController.Visualizer"",""last_error"":null,""last_sample_age_s"":0.009211719006998464,""reconnect_count"":0,""sample_hz"":20.0,""sample_sequence"":115,""timestamp_us"":713017152},""fingers"":{""index"":{""has_data"":true,""last_update_ts"":1784109747.844664,""mapped"":true},""middle"":{""has_data"":true,""last_update_ts"":1784109747.844664,""mapped"":true},""pinky"":{""has_data"":true,""last_update_ts"":1784109747.844664,""mapped"":true},""ring"":{""has_data"":true,""last_update_ts"":1784109747.844664,""mapped"":true},""thumb"":{""has_data"":true,""last_update_ts"":1784109747.844664,""mapped"":true}},""ports"":{""available"":[""BLE:Dexter""],""unavailable"":[]}}"
1784109747.9039254,1784109747.9037898,117,ble,"{""index"":{""age_s"":0.009124517440795898,""channels"":3,""force"":[-0.37494240039732674,-0.6910487289000029],""has_data"":true,""last_update_ts"":1784109747.8946652,""raw"":[16970,16190,17825]},""middle"":{""age_s"":0.009124517440795898,""channels"":3,""force"":[-0.011055993857866042,0.019704602309997377],""has_data"":true,""last_update_ts"":1784109747.8946652,""raw"":[15791,15768,15744]},""pinky"":{""age_s"":0.009124517440795898,""channels"":3,""force"":[-1.0157093487686506,-0.7312905223500001],""has_data"":true,""last_update_ts"":1784109747.8946652,""raw"":[17413,15300,17674]},""ring"":{""age_s"":0.009124517440795898,""channels"":3,""force"":[0.3066836557096053,0.271423958579998],""has_data"":true,""last_update_ts"":1784109747.8946652,""raw"":[15785,16423,15615]},""thumb"":{""age_s"":0.009124517440795898,""channels"":3,""force"":[0.0,-2.220446049250313e-16],""has_data"":true,""last_update_ts"":1784109747.8946652,""raw"":[0,0,0]}}","{""ble"":{""connection_state"":""connected"",""counter"":56652,""finger_order"":""DexterController.Visualizer"",""last_error"":null,""last_sample_age_s"":0.00914967298740521,""reconnect_count"":0,""sample_hz"":20.0,""sample_sequence"":116,""timestamp_us"":713073632},""fingers"":{""index"":{""has_data"":true,""last_update_ts"":1784109747.8946652,""mapped"":true},""middle"":{""has_data"":true,""last_update_ts"":1784109747.8946652,""mapped"":true},""pinky"":{""has_data"":true,""last_update_ts"":1784109747.8946652,""mapped"":true},""ring"":{""has_data"":true,""last_update_ts"":1784109747.8946652,""mapped"":true},""thumb"":{""has_data"":true,""last_update_ts"":1784109747.8946652,""mapped"":true}},""ports"":{""available"":[""BLE:Dexter""],""unavailable"":[]}}"
1784109747.9542902,1784109747.954057,118,ble,"{""index"":{""age_s"":0.009381532669067383,""channels"":3,""force"":[-0.19708510790115774,-0.5755964111400012],""has_data"":true,""last_update_ts"":1784109747.9446754,""raw"":[16917,16507,17749]},""middle"":{""age_s"":0.009381532669067383,""channels"":3,""force"":[-0.02691894156698993,-0.03552379008000184],""has_data"":true,""last_update_ts"":1784109747.9446754,""raw"":[15789,15733,15825]},""pinky"":{""age_s"":0.009381532669067383,""channels"":3,""force"":[-1.0181128256942742,-0.7543254799800021],""has_data"":true,""last_update_ts"":1784109747.9446754,""raw"":[17397,15279,17697]},""ring"":{""age_s"":0.009381532669067383,""channels"":3,""force"":[0.2831295818384927,0.2295169874699976],""has_data"":true,""last_update_ts"":1784109747.9446754,""raw"":[15781,16370,15662]},""thumb"":{""age_s"":0.009381532669067383,""channels"":3,""force"":[0.0,-2.220446049250313e-16],""has_data"":true,""last_update_ts"":1784109747.9446754,""raw"":[0,0,0]}}","{""ble"":{""connection_state"":""connected"",""counter"":56657,""finger_order"":""DexterController.Visualizer"",""last_error"":null,""last_sample_age_s"":0.009422753006219864,""reconnect_count"":0,""sample_hz"":20.0,""sample_sequence"":117,""timestamp_us"":713120672},""fingers"":{""index"":{""has_data"":true,""last_update_ts"":1784109747.9446754,""mapped"":true},""middle"":{""has_data"":true,""last_update_ts"":1784109747.9446754,""mapped"":true},""pinky"":{""has_data"":true,""last_update_ts"":1784109747.9446754,""mapped"":true},""ring"":{""has_data"":true,""last_update_ts"":1784109747.9446754,""mapped"":true},""thumb"":{""has_data"":true,""last_update_ts"":1784109747.9446754,""mapped"":true}},""ports"":{""available"":[""BLE:Dexter""],""unavailable"":[]}}"
1784109748.0040338,1784109748.0038152,119,ble,"{""index"":{""age_s"":0.009149551391601562,""channels"":3,""force"":[-0.034610067728984006,-0.4962229426800002],""has_data"":true,""last_update_ts"":1784109747.9946656,""raw"":[16791,16719,17649]},""middle"":{""age_s"":0.009149551391601562,""channels"":3,""force"":[-0.02066990156036219,-0.05245309629000161],""has_data"":true,""last_update_ts"":1784109747.9946656,""raw"":[15742,15699,15815]},""pinky"":{""age_s"":0.009149551391601562,""channels"":3,""force"":[-1.0411862041802635,-0.7404489994800025],""has_data"":true,""last_update_ts"":1784109747.9946656,""raw"":[17436,15270,17687]},""ring"":{""age_s"":0.009149551391601562,""channels"":3,""force"":[0.29803113877736287,0.2414507606999976],""has_data"":true,""last_update_ts"":1784109747.9946656,""raw"":[15774,16394,15649]},""thumb"":{""age_s"":0.009149551391601562,""channels"":3,""force"":[0.0,-2.220446049250313e-16],""has_data"":true,""last_update_ts"":1784109747.9946656,""raw"":[0,0,0]}}","{""ble"":{""connection_state"":""connected"",""counter"":56662,""finger_order"":""DexterController.Visualizer"",""last_error"":null,""last_sample_age_s"":0.00918479700339958,""reconnect_count"":0,""sample_hz"":20.0,""sample_sequence"":118,""timestamp_us"":713167712},""fingers"":{""index"":{""has_data"":true,""last_update_ts"":1784109747.9946656,""mapped"":true},""middle"":{""has_data"":true,""last_update_ts"":1784109747.9946656,""mapped"":true},""pinky"":{""has_data"":true,""last_update_ts"":1784109747.9946656,""mapped"":true},""ring"":{""has_data"":true,""last_update_ts"":1784109747.9946656,""mapped"":true},""thumb"":{""has_data"":true,""last_update_ts"":1784109747.9946656,""mapped"":true}},""ports"":{""available"":[""BLE:Dexter""],""unavailable"":[]}}"
1784109748.054027,1784109748.0538087,120,ble,"{""index"":{""age_s"":0.009135723114013672,""channels"":3,""force"":[-0.3249500803443457,-0.5139848377200007],""has_data"":true,""last_update_ts"":1784109748.044673,""raw"":[17053,16377,17641]},""middle"":{""age_s"":0.009135723114013672,""channels"":3,""force"":[-0.12401940936219091,-0.020537191140003408],""has_data"":true,""last_update_ts"":1784109748.044673,""raw"":[15877,15619,15785]},""pinky"":{""age_s"":0.009135723114013672,""channels"":3,""force"":[-1.0416668995653886,-0.7740300822900013],""has_data"":true,""last_update_ts"":1784109748.044673,""raw"":[17405,15238,17716]},""ring"":{""age_s"":0.009135723114013672,""channels"":3,""force"":[0.3172589541823516,0.24089570147999861],""has_data"":true,""last_update_ts"":1784109748.044673,""raw"":[15756,16416,15652]},""thumb"":{""age_s"":0.009135723114013672,""channels"":3,""force"":[0.0,-2.220446049250313e-16],""has_data"":true,""last_update_ts"":1784109748.044673,""raw"":[0,0,0]}}","{""ble"":{""connection_state"":""connected"",""counter"":56668,""finger_order"":""DexterController.Visualizer"",""last_error"":null,""last_sample_age_s"":0.00917138000659179,""reconnect_count"":0,""sample_hz"":20.0,""sample_sequence"":119,""timestamp_us"":713224128},""fingers"":{""index"":{""has_data"":true,""last_update_ts"":1784109748.044673,""mapped"":true},""middle"":{""has_data"":true,""last_update_ts"":1784109748.044673,""mapped"":true},""pinky"":{""has_data"":true,""last_update_ts"":1784109748.044673,""mapped"":true},""ring"":{""has_data"":true,""last_update_ts"":1784109748.044673,""mapped"":true},""thumb"":{""has_data"":true,""last_update_ts"":1784109748.044673,""mapped"":true}},""ports"":{""available"":[""BLE:Dexter""],""unavailable"":[]}}"
1784109748.1039293,1784109748.1037931,121,ble,"{""index"":{""age_s"":0.009091615676879883,""channels"":3,""force"":[-0.20285345252265508,-0.655524938820002],""has_data"":true,""last_update_ts"":1784109748.0947015,""raw"":[16919,16497,17889]},""middle"":{""age_s"":0.009091615676879883,""channels"":3,""force"":[-0.026918941566986376,-0.3474670717199988],""has_data"":true,""last_update_ts"":1784109748.0947015,""raw"":[15588,15532,16186]},""pinky"":{""age_s"":0.009091615676879883,""channels"":3,""force"":[-1.035898554943893,-0.7396164106500027],""has_data"":true,""last_update_ts"":1784109748.0947015,""raw"":[17429,15274,17684]},""ring"":{""age_s"":0.009091615676879883,""channels"":3,""force"":[0.2845716679938679,0.2581025372999983],""has_data"":true,""last_update_ts"":1784109748.0947015,""raw"":[15799,16391,15630]},""thumb"":{""age_s"":0.009091615676879883,""channels"":3,""force"":[0.0,-2.220446049250313e-16],""has_data"":true,""last_update_ts"":1784109748.0947015,""raw"":[0,0,0]}}","{""ble"":{""connection_state"":""connected"",""counter"":56673,""finger_order"":""DexterController.Visualizer"",""last_error"":null,""last_sample_age_s"":0.00912062800489366,""reconnect_count"":0,""sample_hz"":20.0,""sample_sequence"":120,""timestamp_us"":713271072},""fingers"":{""index"":{""has_data"":true,""last_update_ts"":1784109748.0947015,""mapped"":true},""middle"":{""has_data"":true,""last_update_ts"":1784109748.0947015,""mapped"":true},""pinky"":{""has_data"":true,""last_update_ts"":1784109748.0947015,""mapped"":true},""ring"":{""has_data"":true,""last_update_ts"":1784109748.0947015,""mapped"":true},""thumb"":{""has_data"":true,""last_update_ts"":1784109748.0947015,""mapped"":true}},""ports"":{""available"":[""BLE:Dexter""],""unavailable"":[]}}"
1784109748.1539156,1784109748.153789,122,ble,"{""index"":{""age_s"":0.009165287017822266,""channels"":3,""force"":[-0.35763736653283296,-0.7526603023200007],""has_data"":true,""last_update_ts"":1784109748.1446238,""raw"":[17109,16365,18093]},""middle"":{""age_s"":0.009165287017822266,""channels"":3,""force"":[0.12209662782169417,-0.2814150245400011],""has_data"":true,""last_update_ts"":1784109748.1446238,""raw"":[15538,15792,16172]},""pinky"":{""age_s"":0.009165287017822266,""channels"":3,""force"":[-1.031091601092644,-0.7496074766100014],""has_data"":true,""last_update_ts"":1784109748.1446238,""raw"":[17416,15271,17694]},""ring"":{""age_s"":0.009165287017822266,""channels"":3,""force"":[0.2893786218451151,0.2414507606999976],""has_data"":true,""last_update_ts"":1784109748.1446238,""raw"":[15784,16386,15650]},""thumb"":{""age_s"":0.009165287017822266,""channels"":3,""force"":[0.0,-2.220446049250313e-16],""has_data"":true,""last_update_ts"":1784109748.1446238,""raw"":[0,0,0]}}","{""ble"":{""connection_state"":""connected"",""counter"":56678,""finger_order"":""DexterController.Visualizer"",""last_error"":null,""last_sample_age_s"":0.009188016003463417,""reconnect_count"":0,""sample_hz"":20.0,""sample_sequence"":121,""timestamp_us"":713318112},""fingers"":{""index"":{""has_data"":true,""last_update_ts"":1784109748.1446238,""mapped"":true},""middle"":{""has_data"":true,""last_update_ts"":1784109748.1446238,""mapped"":true},""pinky"":{""has_data"":true,""last_update_ts"":1784109748.1446238,""mapped"":true},""ring"":{""has_data"":true,""last_update_ts"":1784109748.1446238,""mapped"":true},""thumb"":{""has_data"":true,""last_update_ts"":1784109748.1446238,""mapped"":true}},""ports"":{""available"":[""BLE:Dexter""],""unavailable"":[]}}"
1784109748.2040462,1784109748.2038343,123,ble,"{""index"":{""age_s"":0.009169816970825195,""channels"":3,""force"":[-0.9253386163651953,-1.8547303836300024],""has_data"":true,""last_update_ts"":1784109748.1946645,""raw"":[17042,15117,19421]},""middle"":{""age_s"":0.009169816970825195,""channels"":3,""force"":[0.3004346157029847,0.3921493389299977],""has_data"":true,""last_update_ts"":1784109748.1946645,""raw"":[15827,16452,15433]},""pinky"":{""age_s"":0.009169816970825195,""channels"":3,""force"":[-1.0368599457141432,-0.7412815883099997],""has_data"":true,""last_update_ts"":1784109748.1946645,""raw"":[17425,15268,17682]},""ring"":{""age_s"":0.009169816970825195,""channels"":3,""force"":[0.285052363378993,0.255604770809998],""has_data"":true,""last_update_ts"":1784109748.1946645,""raw"":[15795,16388,15631]},""thumb"":{""age_s"":0.009169816970825195,""channels"":3,""force"":[0.0,-2.220446049250313e-16],""has_data"":true,""last_update_ts"":1784109748.1946645,""raw"":[0,0,0]}}","{""ble"":{""connection_state"":""connected"",""counter"":56684,""finger_order"":""DexterController.Visualizer"",""last_error"":null,""last_sample_age_s"":0.009205554000800475,""reconnect_count"":0,""sample_hz"":20.0,""sample_sequence"":122,""timestamp_us"":713374560},""fingers"":{""index"":{""has_data"":true,""last_update_ts"":1784109748.1946645,""mapped"":true},""middle"":{""has_data"":true,""last_update_ts"":1784109748.1946645,""mapped"":true},""pinky"":{""has_data"":true,""last_update_ts"":1784109748.1946645,""mapped"":true},""ring"":{""has_data"":true,""last_update_ts"":1784109748.1946645,""mapped"":true},""thumb"":{""has_data"":true,""last_update_ts"":1784109748.1946645,""mapped"":true}},""ports"":{""available"":[""BLE:Dexter""],""unavailable"":[]}}"
1784109748.254007,1784109748.253802,124,ble,"{""index"":{""age_s"":0.009125947952270508,""channels"":3,""force"":[-1.4550649307726964,-1.5044880158100007],""has_data"":true,""last_update_ts"":1784109748.244676,""raw"":[17842,14815,19039]},""middle"":{""age_s"":0.009125947952270508,""channels"":3,""force"":[0.49078998821239495,1.1214971540099992],""has_data"":true,""last_update_ts"":1784109748.244676,""raw"":[16027,17048,14517]},""pinky"":{""age_s"":0.009125947952270508,""channels"":3,""force"":[-1.031091601092644,-0.739061351430002],""has_data"":true,""last_update_ts"":1784109748.244676,""raw"":[17418,15273,17677]},""ring"":{""age_s"":0.009125947952270508,""channels"":3,""force"":[0.31004852340548084,0.2578250076899966],""has_data"":true,""last_update_ts"":1784109748.244676,""raw"":[15779,16424,15637]},""thumb"":{""age_s"":0.009125947952270508,""channels"":3,""force"":[0.0,-2.220446049250313e-16],""has_data"":true,""last_update_ts"":1784109748.244676,""raw"":[0,0,0]}}","{""ble"":{""connection_state"":""connected"",""counter"":56689,""finger_order"":""DexterController.Visualizer"",""last_error"":null,""last_sample_age_s"":0.00916178899933584,""reconnect_count"":0,""sample_hz"":20.0,""sample_sequence"":123,""timestamp_us"":713421504},""fingers"":{""index"":{""has_data"":true,""last_update_ts"":1784109748.244676,""mapped"":true},""middle"":{""has_data"":true,""last_update_ts"":1784109748.244676,""mapped"":true},""pinky"":{""has_data"":true,""last_update_ts"":1784109748.244676,""mapped"":true},""ring"":{""has_data"":true,""last_update_ts"":1784109748.244676,""mapped"":true},""thumb"":{""has_data"":true,""last_update_ts"":1784109748.244676,""mapped"":true}},""ports"":{""available"":[""BLE:Dexter""],""unavailable"":[]}}"
1784109748.3040128,1784109748.3038075,125,ble,"{""index"":{""age_s"":0.009136676788330078,""channels"":3,""force"":[-2.3731931163610183,-2.914338434610001],""has_data"":true,""last_update_ts"":1784109748.2946708,""raw"":[18080,13143,20862]},""middle"":{""age_s"":0.009136676788330078,""channels"":3,""force"":[0.6782611884110583,2.1894310932899996],""has_data"":true,""last_update_ts"":1784109748.2946708,""raw"":[16438,17849,13199]},""pinky"":{""age_s"":0.009136676788330078,""channels"":3,""force"":[-1.0296495149372689,-0.7360085257200009],""has_data"":true,""last_update_ts"":1784109748.2946708,""raw"":[17422,15280,17677]},""ring"":{""age_s"":0.009136676788330078,""channels"":3,""force"":[0.2869751449194933,0.24949911938999847],""has_data"":true,""last_update_ts"":1784109748.2946708,""raw"":[15788,16385,15637]},""thumb"":{""age_s"":0.009136676788330078,""channels"":3,""force"":[0.0,-2.220446049250313e-16],""has_data"":true,""last_update_ts"":1784109748.2946708,""raw"":[0,0,0]}}","{""ble"":{""connection_state"":""connected"",""counter"":56694,""finger_order"":""DexterController.Visualizer"",""last_error"":null,""last_sample_age_s"":0.009171218989649788,""reconnect_count"":0,""sample_hz"":20.0,""sample_sequence"":124,""timestamp_us"":713468544},""fingers"":{""index"":{""has_data"":true,""last_update_ts"":1784109748.2946708,""mapped"":true},""middle"":{""has_data"":true,""last_update_ts"":1784109748.2946708,""mapped"":true},""pinky"":{""has_data"":true,""last_update_ts"":1784109748.2946708,""mapped"":true},""ring"":{""has_data"":true,""last_update_ts"":1784109748.2946708,""mapped"":true},""thumb"":{""has_data"":true,""last_update_ts"":1784109748.2946708,""mapped"":true}},""ports"":{""available"":[""BLE:Dexter""],""unavailable"":[]}}"
1784109748.35399,1784109748.3537834,126,ble,"{""index"":{""age_s"":0.00911402702331543,""channels"":3,""force"":[-2.8687900584246604,-3.7250024254200005],""has_data"":true,""last_update_ts"":1784109748.3446693,""raw"":[18286,12318,22013]},""middle"":{""age_s"":0.00911402702331543,""channels"":3,""force"":[0.7931473854558817,3.616765877519998],""has_data"":true,""last_update_ts"":1784109748.3446693,""raw"":[17188,18838,11497]},""pinky"":{""age_s"":0.00911402702331543,""channels"":3,""force"":[-1.0435896811058871,-0.7318455815700027],""has_data"":true,""last_update_ts"":1784109748.3446693,""raw"":[17444,15273,17677]},""ring"":{""age_s"":0.00911402702331543,""channels"":3,""force"":[0.27976471414261894,0.2519968858799997],""has_data"":true,""last_update_ts"":1784109748.3446693,""raw"":[15798,16380,15635]},""thumb"":{""age_s"":0.00911402702331543,""channels"":3,""force"":[0.0,-2.220446049250313e-16],""has_data"":true,""last_update_ts"":1784109748.3446693,""raw"":[0,0,0]}}","{""ble"":{""connection_state"":""connected"",""counter"":56700,""finger_order"":""DexterController.Visualizer"",""last_error"":null,""last_sample_age_s"":0.009151164995273575,""reconnect_count"":0,""sample_hz"":20.0,""sample_sequence"":125,""timestamp_us"":713525088},""fingers"":{""index"":{""has_data"":true,""last_update_ts"":1784109748.3446693,""mapped"":true},""middle"":{""has_data"":true,""last_update_ts"":1784109748.3446693,""mapped"":true},""pinky"":{""has_data"":true,""last_update_ts"":1784109748.3446693,""mapped"":true},""ring"":{""has_data"":true,""last_update_ts"":1784109748.3446693,""mapped"":true},""thumb"":{""has_data"":true,""last_update_ts"":1784109748.3446693,""mapped"":true}},""ports"":{""available"":[""BLE:Dexter""],""unavailable"":[]}}"
1784109748.403908,1784109748.4037883,127,ble,"{""index"":{""age_s"":0.009163141250610352,""channels"":3,""force"":[-3.134133911013537,-5.06325020484],""has_data"":true,""last_update_ts"":1784109748.3946252,""raw"":[17821,11301,23683]},""middle"":{""age_s"":0.009163141250610352,""channels"":3,""force"":[0.6225005237365853,4.364708176469997],""has_data"":true,""last_update_ts"":1784109748.3946252,""raw"":[17793,19088,10577]},""pinky"":{""age_s"":0.009163141250610352,""channels"":3,""force"":[-1.0286881241670205,-0.7537704207600022],""has_data"":true,""last_update_ts"":1784109748.3946252,""raw"":[17412,15272,17700]},""ring"":{""age_s"":0.009163141250610352,""channels"":3,""force"":[0.2850523633789912,0.24616876406999832],""has_data"":true,""last_update_ts"":1784109748.3946252,""raw"":[15790,16383,15643]},""thumb"":{""age_s"":0.009163141250610352,""channels"":3,""force"":[0.0,-2.220446049250313e-16],""has_data"":true,""last_update_ts"":1784109748.3946252,""raw"":[0,0,0]}}","{""ble"":{""connection_state"":""connected"",""counter"":56705,""finger_order"":""DexterController.Visualizer"",""last_error"":null,""last_sample_age_s"":0.009188216004986316,""reconnect_count"":0,""sample_hz"":20.0,""sample_sequence"":126,""timestamp_us"":713572064},""fingers"":{""index"":{""has_data"":true,""last_update_ts"":1784109748.3946252,""mapped"":true},""middle"":{""has_data"":true,""last_update_ts"":1784109748.3946252,""mapped"":true},""pinky"":{""has_data"":true,""last_update_ts"":1784109748.3946252,""mapped"":true},""ring"":{""has_data"":true,""last_update_ts"":1784109748.3946252,""mapped"":true},""thumb"":{""has_data"":true,""last_update_ts"":1784109748.3946252,""mapped"":true}},""ports"":{""available"":[""BLE:Dexter""],""unavailable"":[]}}"
1784109748.454037,1784109748.4538255,128,ble,"{""index"":{""age_s"":0.009157657623291016,""channels"":3,""force"":[-3.6205976407598097,-6.29104119948],""has_data"":true,""last_update_ts"":1784109748.4446678,""raw"":[17850,10318,25418]},""middle"":{""age_s"":0.009157657623291016,""channels"":3,""force"":[0.18218355096228933,5.295542488409997],""has_data"":true,""last_update_ts"":1784109748.4446678,""raw"":[18791,19170,9440]},""pinky"":{""age_s"":0.009157657623291016,""channels"":3,""force"":[-1.0291688195521438,-0.7468321805099993],""has_data"":true,""last_update_ts"":1784109748.4446678,""raw"":[17416,15275,17691]},""ring"":{""age_s"":0.009157657623291016,""channels"":3,""force"":[0.27880332337237057,0.2531070043200012],""has_data"":true,""last_update_ts"":1784109748.4446678,""raw"":[15801,16381,15635]},""thumb"":{""age_s"":0.009157657623291016,""channels"":3,""force"":[0.0,-2.220446049250313e-16],""has_data"":true,""last_update_ts"":1784109748.4446678,""raw"":[0,0,0]}}","{""ble"":{""connection_state"":""connected"",""counter"":56710,""finger_order"":""DexterController.Visualizer"",""last_error"":null,""last_sample_age_s"":0.009192776997224428,""reconnect_count"":0,""sample_hz"":20.0,""sample_sequence"":127,""timestamp_us"":713619072},""fingers"":{""index"":{""has_data"":true,""last_update_ts"":1784109748.4446678,""mapped"":true},""middle"":{""has_data"":true,""last_update_ts"":1784109748.4446678,""mapped"":true},""pinky"":{""has_data"":true,""last_update_ts"":1784109748.4446678,""mapped"":true},""ring"":{""has_data"":true,""last_update_ts"":1784109748.4446678,""mapped"":true},""thumb"":{""has_data"":true,""last_update_ts"":1784109748.4446678,""mapped"":true}},""ports"":{""available"":[""BLE:Dexter""],""unavailable"":[]}}"
1784109748.5039268,1784109748.5037909,129,ble,"{""index"":{""age_s"":0.009167671203613281,""channels"":3,""force"":[-3.212006563403749,-6.77061236556],""has_data"":true,""last_update_ts"":1784109748.4946232,""raw"":[17168,10486,26025]},""middle"":{""age_s"":0.009167671203613281,""channels"":3,""force"":[0.13844027091593425,5.726545972739998],""has_data"":true,""last_update_ts"":1784109748.4946232,""raw"":[19082,19370,8909]},""pinky"":{""age_s"":0.009167671203613281,""channels"":3,""force"":[-1.0363792503290128,-0.7582108945200003],""has_data"":true,""last_update_ts"":1784109748.4946232,""raw"":[17415,15259,17703]},""ring"":{""age_s"":0.009167671203613281,""channels"":3,""force"":[0.29370488031123543,0.2339574612299984],""has_data"":true,""last_update_ts"":1784109748.4946232,""raw"":[15772,16383,15656]},""thumb"":{""age_s"":0.009167671203613281,""channels"":3,""force"":[0.0,-2.220446049250313e-16],""has_data"":true,""last_update_ts"":1784109748.4946232,""raw"":[0,0,0]}}","{""ble"":{""connection_state"":""connected"",""counter"":56716,""finger_order"":""DexterController.Visualizer"",""last_error"":null,""last_sample_age_s"":0.009198137995554134,""reconnect_count"":0,""sample_hz"":20.0,""sample_sequence"":128,""timestamp_us"":713675712},""fingers"":{""index"":{""has_data"":true,""last_update_ts"":1784109748.4946232,""mapped"":true},""middle"":{""has_data"":true,""last_update_ts"":1784109748.4946232,""mapped"":true},""pinky"":{""has_data"":true,""last_update_ts"":1784109748.4946232,""mapped"":true},""ring"":{""has_data"":true,""last_update_ts"":1784109748.4946232,""mapped"":true},""thumb"":{""has_data"":true,""last_update_ts"":1784109748.4946232,""mapped"":true}},""ports"":{""available"":[""BLE:Dexter""],""unavailable"":[]}}"
1784109748.5540211,1784109748.5538094,130,ble,"{""index"":{""age_s"":0.00913858413696289,""channels"":3,""force"":[-2.788994624493948,-6.1239683742599995],""has_data"":true,""last_update_ts"":1784109748.5446708,""raw"":[16892,11090,25024]},""middle"":{""age_s"":0.00913858413696289,""channels"":3,""force"":[0.16199434478705044,5.606930710829998],""has_data"":true,""last_update_ts"":1784109748.5446708,""raw"":[19154,19491,9221]},""pinky"":{""age_s"":0.00913858413696289,""channels"":3,""force"":[-1.0320529918628942,-0.743501825190001],""has_data"":true,""last_update_ts"":1784109748.5446708,""raw"":[17424,15277,17690]},""ring"":{""age_s"":0.00913858413696289,""channels"":3,""force"":[0.2788033233723688,0.23978558303999797],""has_data"":true,""last_update_ts"":1784109748.5446708,""raw"":[15792,16372,15650]},""thumb"":{""age_s"":0.00913858413696289,""channels"":3,""force"":[0.0,-2.220446049250313e-16],""has_data"":true,""last_update_ts"":1784109748.5446708,""raw"":[0,0,0]}}","{""ble"":{""connection_state"":""connected"",""counter"":56721,""finger_order"":""DexterController.Visualizer"",""last_error"":null,""last_sample_age_s"":0.009172902995487675,""reconnect_count"":0,""sample_hz"":20.0,""sample_sequence"":129,""timestamp_us"":713722656},""fingers"":{""index"":{""has_data"":true,""last_update_ts"":1784109748.5446708,""mapped"":true},""middle"":{""has_data"":true,""last_update_ts"":1784109748.5446708,""mapped"":true},""pinky"":{""has_data"":true,""last_update_ts"":1784109748.5446708,""mapped"":true},""ring"":{""has_data"":true,""last_update_ts"":1784109748.5446708,""mapped"":true},""thumb"":{""has_data"":true,""last_update_ts"":1784109748.5446708,""mapped"":true}},""ports"":{""available"":[""BLE:Dexter""],""unavailable"":[]}}"
1784109748.604042,1784109748.6038215,131,ble,"{""index"":{""age_s"":0.009069442749023438,""channels"":3,""force"":[-1.6718585494639688,-3.6805976878200006],""has_data"":true,""last_update_ts"":1784109748.594752,""raw"":[17005,13527,21897]},""middle"":{""age_s"":0.009069442749023438,""channels"":3,""force"":[-0.003845563080998815,3.660060496679999],""has_data"":true,""last_update_ts"":1784109748.594752,""raw"":[18125,18117,11527]},""pinky"":{""age_s"":0.009069442749023438,""channels"":3,""force"":[-0.5225158836306338,-0.45986656377000124],""has_data"":true,""last_update_ts"":1784109748.594752,""raw"":[17307,16220,17592]},""ring"":{""age_s"":0.009069442749023438,""channels"":3,""force"":[0.37350031424194974,0.34774460132999874],""has_data"":true,""last_update_ts"":1784109748.594752,""raw"":[15699,16476,15461]},""thumb"":{""age_s"":0.009069442749023438,""channels"":3,""force"":[0.0,-2.220446049250313e-16],""has_data"":true,""last_update_ts"":1784109748.594752,""raw"":[0,0,0]}}","{""ble"":{""connection_state"":""connected"",""counter"":56726,""finger_order"":""DexterController.Visualizer"",""last_error"":null,""last_sample_age_s"":0.009106177007197402,""reconnect_count"":0,""sample_hz"":20.0,""sample_sequence"":130,""timestamp_us"":713769536},""fingers"":{""index"":{""has_data"":true,""last_update_ts"":1784109748.594752,""mapped"":true},""middle"":{""has_data"":true,""last_update_ts"":1784109748.594752,""mapped"":true},""pinky"":{""has_data"":true,""last_update_ts"":1784109748.594752,""mapped"":true},""ring"":{""has_data"":true,""last_update_ts"":1784109748.594752,""mapped"":true},""thumb"":{""has_data"":true,""last_update_ts"":1784109748.594752,""mapped"":true}},""ports"":{""available"":[""BLE:Dexter""],""unavailable"":[]}}"
1784109748.6539543,1784109748.6538217,132,ble,"{""index"":{""age_s"":0.009197235107421875,""channels"":3,""force"":[-0.7691126161996404,-1.1556332960400022],""has_data"":true,""last_update_ts"":1784109748.6446245,""raw"":[17336,15736,18618]},""middle"":{""age_s"":0.009197235107421875,""channels"":3,""force"":[-0.1754538155705454,1.5261353253899985],""has_data"":true,""last_update_ts"":1784109748.6446245,""raw"":[16908,16543,13976]},""pinky"":{""age_s"":0.009197235107421875,""channels"":3,""force"":[-1.0325336872480175,-0.7360085257200009],""has_data"":true,""last_update_ts"":1784109748.6446245,""raw"":[17426,15278,17678]},""ring"":{""age_s"":0.009197235107421875,""channels"":3,""force"":[0.2975504433922378,0.2339574612299975],""has_data"":true,""last_update_ts"":1784109748.6446245,""raw"":[15770,16389,15658]},""thumb"":{""age_s"":0.009197235107421875,""channels"":3,""force"":[0.0,-2.220446049250313e-16],""has_data"":true,""last_update_ts"":1784109748.6446245,""raw"":[0,0,0]}}","{""ble"":{""connection_state"":""connected"",""counter"":56732,""finger_order"":""DexterController.Visualizer"",""last_error"":null,""last_sample_age_s"":0.009222461012541316,""reconnect_count"":0,""sample_hz"":20.0,""sample_sequence"":131,""timestamp_us"":713826176},""fingers"":{""index"":{""has_data"":true,""last_update_ts"":1784109748.6446245,""mapped"":true},""middle"":{""has_data"":true,""last_update_ts"":1784109748.6446245,""mapped"":true},""pinky"":{""has_data"":true,""last_update_ts"":1784109748.6446245,""mapped"":true},""ring"":{""has_data"":true,""last_update_ts"":1784109748.6446245,""mapped"":true},""thumb"":{""has_data"":true,""last_update_ts"":1784109748.6446245,""mapped"":true}},""ports"":{""available"":[""BLE:Dexter""],""unavailable"":[]}}"
1784109748.7040195,1784109748.7038145,133,ble,"{""index"":{""age_s"":0.00914907455444336,""channels"":3,""force"":[-0.6926820499648016,-0.07909593885000277],""has_data"":true,""last_update_ts"":1784109748.6946654,""raw"":[17835,16394,17257]},""middle"":{""age_s"":0.00914907455444336,""channels"":3,""force"":[-0.15141904631430414,1.1092858511699974],""has_data"":true,""last_update_ts"":1784109748.6946654,""raw"":[16629,16314,14473]},""pinky"":{""age_s"":0.00914907455444336,""channels"":3,""force"":[-1.0282074287818936,-0.7362860553300035],""has_data"":true,""last_update_ts"":1784109748.6946654,""raw"":[17419,15280,17676]},""ring"":{""age_s"":0.00914907455444336,""channels"":3,""force"":[0.28937862184511864,0.25976771495999706],""has_data"":true,""last_update_ts"":1784109748.6946654,""raw"":[15795,16397,15628]},""thumb"":{""age_s"":0.00914907455444336,""channels"":3,""force"":[0.0,-2.220446049250313e-16],""has_data"":true,""last_update_ts"":1784109748.6946654,""raw"":[0,0,0]}}","{""ble"":{""connection_state"":""connected"",""counter"":56737,""finger_order"":""DexterController.Visualizer"",""last_error"":null,""last_sample_age_s"":0.009184298003674485,""reconnect_count"":0,""sample_hz"":20.0,""sample_sequence"":132,""timestamp_us"":713873216},""fingers"":{""index"":{""has_data"":true,""last_update_ts"":1784109748.6946654,""mapped"":true},""middle"":{""has_data"":true,""last_update_ts"":1784109748.6946654,""mapped"":true},""pinky"":{""has_data"":true,""last_update_ts"":1784109748.6946654,""mapped"":true},""ring"":{""has_data"":true,""last_update_ts"":1784109748.6946654,""mapped"":true},""thumb"":{""has_data"":true,""last_update_ts"":1784109748.6946654,""mapped"":true}},""ports"":{""available"":[""BLE:Dexter""],""unavailable"":[]}}"
1784109748.7539532,1784109748.7537975,134,ble,"{""index"":{""age_s"":0.009135723114013672,""channels"":3,""force"":[-0.5854869790819759,0.10990172555999944],""has_data"":true,""last_update_ts"":1784109748.7446618,""raw"":[17831,16613,17024]},""middle"":{""age_s"":0.009135723114013672,""channels"":3,""force"":[-0.10286881241670187,0.7060353278399978],""has_data"":true,""last_update_ts"":1784109748.7446618,""raw"":[16343,16129,14964]},""pinky"":{""age_s"":0.009135723114013672,""channels"":3,""force"":[-1.0315722964777674,-0.7382287626000021],""has_data"":true,""last_update_ts"":1784109748.7446618,""raw"":[17426,15280,17683]},""ring"":{""age_s"":0.009135723114013672,""channels"":3,""force"":[0.2860137541492431,0.2467238232899982],""has_data"":true,""last_update_ts"":1784109748.7446618,""raw"":[15791,16386,15644]},""thumb"":{""age_s"":0.009135723114013672,""channels"":3,""force"":[0.0,-2.220446049250313e-16],""has_data"":true,""last_update_ts"":1784109748.7446618,""raw"":[0,0,0]}}","{""ble"":{""connection_state"":""connected"",""counter"":56742,""finger_order"":""DexterController.Visualizer"",""last_error"":null,""last_sample_age_s"":0.009163712005829439,""reconnect_count"":0,""sample_hz"":20.0,""sample_sequence"":133,""timestamp_us"":713920224},""fingers"":{""index"":{""has_data"":true,""last_update_ts"":1784109748.7446618,""mapped"":true},""middle"":{""has_data"":true,""last_update_ts"":1784109748.7446618,""mapped"":true},""pinky"":{""has_data"":true,""last_update_ts"":1784109748.7446618,""mapped"":true},""ring"":{""has_data"":true,""last_update_ts"":1784109748.7446618,""mapped"":true},""thumb"":{""has_data"":true,""last_update_ts"":1784109748.7446618,""mapped"":true}},""ports"":{""available"":[""BLE:Dexter""],""unavailable"":[]}}"
1784109748.8040562,1784109748.8038192,135,ble,"{""index"":{""age_s"":0.008962154388427734,""channels"":3,""force"":[-0.4004192558089379,0.5497861574099998],""has_data"":true,""last_update_ts"":1784109748.794857,""raw"":[18016,17183,16609]},""middle"":{""age_s"":0.008962154388427734,""channels"":3,""force"":[-0.06297109545134738,0.24672382328999642],""has_data"":true,""last_update_ts"":1784109748.794857,""raw"":[16025,15894,15515]},""pinky"":{""age_s"":0.008962154388427734,""channels"":3,""force"":[-1.0320529918628942,-0.746832180510002],""has_data"":true,""last_update_ts"":1784109748.794857,""raw"":[17421,15274,17693]},""ring"":{""age_s"":0.008962154388427734,""channels"":3,""force"":[0.28457166799386613,0.24533617524000118],""has_data"":true,""last_update_ts"":1784109748.794857,""raw"":[15785,16377,15639]},""thumb"":{""age_s"":0.008962154388427734,""channels"":3,""force"":[0.0,-2.220446049250313e-16],""has_data"":true,""last_update_ts"":1784109748.794857,""raw"":[0,0,0]}}","{""ble"":{""connection_state"":""connected"",""counter"":56747,""finger_order"":""DexterController.Visualizer"",""last_error"":null,""last_sample_age_s"":0.00899898300122004,""reconnect_count"":0,""sample_hz"":20.0,""sample_sequence"":134,""timestamp_us"":713967168},""fingers"":{""index"":{""has_data"":true,""last_update_ts"":1784109748.794857,""mapped"":true},""middle"":{""has_data"":true,""last_update_ts"":1784109748.794857,""mapped"":true},""pinky"":{""has_data"":true,""last_update_ts"":1784109748.794857,""mapped"":true},""ring"":{""has_data"":true,""last_update_ts"":1784109748.794857,""mapped"":true},""thumb"":{""has_data"":true,""last_update_ts"":1784109748.794857,""mapped"":true}},""ports"":{""available"":[""BLE:Dexter""],""unavailable"":[]}}"
1784109748.8542836,1784109748.8540597,136,ble,"{""index"":{""age_s"":0.009160995483398438,""channels"":3,""force"":[-0.36148292961383177,1.0179786094799992],""has_data"":true,""last_update_ts"":1784109748.8448987,""raw"":[18277,17525,16067]},""middle"":{""age_s"":0.009160995483398438,""channels"":3,""force"":[0.32687286188484777,-0.5772615888000008],""has_data"":true,""last_update_ts"":1784109748.8448987,""raw"":[15133,15813,16513]},""pinky"":{""age_s"":0.009160995483398438,""channels"":3,""force"":[-1.0296495149372689,-0.7459995916800022],""has_data"":true,""last_update_ts"":1784109748.8448987,""raw"":[17414,15272,17687]},""ring"":{""age_s"":0.009160995483398438,""channels"":3,""force"":[0.29226279415586554,0.24755641211999535],""has_data"":true,""last_update_ts"":1784109748.8448987,""raw"":[15783,16391,15641]},""thumb"":{""age_s"":0.009160995483398438,""channels"":3,""force"":[0.0,-2.220446049250313e-16],""has_data"":true,""last_update_ts"":1784109748.8448987,""raw"":[0,0,0]}}","{""ble"":{""connection_state"":""connected"",""counter"":56753,""finger_order"":""DexterController.Visualizer"",""last_error"":null,""last_sample_age_s"":0.009196404993417673,""reconnect_count"":0,""sample_hz"":20.0,""sample_sequence"":135,""timestamp_us"":714023648},""fingers"":{""index"":{""has_data"":true,""last_update_ts"":1784109748.8448987,""mapped"":true},""middle"":{""has_data"":true,""last_update_ts"":1784109748.8448987,""mapped"":true},""pinky"":{""has_data"":true,""last_update_ts"":1784109748.8448987,""mapped"":true},""ring"":{""has_data"":true,""last_update_ts"":1784109748.8448987,""mapped"":true},""thumb"":{""has_data"":true,""last_update_ts"":1784109748.8448987,""mapped"":true}},""ports"":{""available"":[""BLE:Dexter""],""unavailable"":[]}}"
1784109748.9040086,1784109748.9037983,137,ble,"{""index"":{""age_s"":0.009126424789428711,""channels"":3,""force"":[-0.1913167632796604,3.2099074692599974],""has_data"":true,""last_update_ts"":1784109748.894672,""raw"":[19463,19065,13481]},""middle"":{""age_s"":0.009126424789428711,""channels"":3,""force"":[1.0435896811058871,-2.1172733946900024],""has_data"":true,""last_update_ts"":1784109748.894672,""raw"":[13566,15737,18466]},""pinky"":{""age_s"":0.009126424789428711,""channels"":3,""force"":[-1.034456468788516,-0.759321012960001],""has_data"":true,""last_update_ts"":1784109748.894672,""raw"":[17414,15262,17706]},""ring"":{""age_s"":0.009126424789428711,""channels"":3,""force"":[0.2807261049128691,0.23701028693999593],""has_data"":true,""last_update_ts"":1784109748.894672,""raw"":[15788,16372,15653]},""thumb"":{""age_s"":0.009126424789428711,""channels"":3,""force"":[0.0,-2.220446049250313e-16],""has_data"":true,""last_update_ts"":1784109748.894672,""raw"":[0,0,0]}}","{""ble"":{""connection_state"":""connected"",""counter"":56758,""finger_order"":""DexterController.Visualizer"",""last_error"":null,""last_sample_age_s"":0.009161427995422855,""reconnect_count"":0,""sample_hz"":20.0,""sample_sequence"":136,""timestamp_us"":714070720},""fingers"":{""index"":{""has_data"":true,""last_update_ts"":1784109748.894672,""mapped"":true},""middle"":{""has_data"":true,""last_update_ts"":1784109748.894672,""mapped"":true},""pinky"":{""has_data"":true,""last_update_ts"":1784109748.894672,""mapped"":true},""ring"":{""has_data"":true,""last_update_ts"":1784109748.894672,""mapped"":true},""thumb"":{""has_data"":true,""last_update_ts"":1784109748.894672,""mapped"":true}},""ports"":{""available"":[""BLE:Dexter""],""unavailable"":[]}}"
1784109748.9540524,1784109748.9538352,138,ble,"{""index"":{""age_s"":0.009163141250610352,""channels"":3,""force"":[-0.02403476925623771,4.068584082599998],""has_data"":true,""last_update_ts"":1784109748.944672,""raw"":[19803,19753,12448]},""middle"":{""age_s"":0.009163141250610352,""channels"":3,""force"":[1.513709767757919,-3.2223963017100035],""has_data"":true,""last_update_ts"":1784109748.944672,""raw"":[12445,15594,19825]},""pinky"":{""age_s"":0.009163141250610352,""channels"":3,""force"":[-1.0378213364843916,-0.7446119436300016],""has_data"":true,""last_update_ts"":1784109748.944672,""raw"":[17424,15265,17686]},""ring"":{""age_s"":0.009163141250610352,""channels"":3,""force"":[0.2893786218451151,0.2653183071599985],""has_data"":true,""last_update_ts"":1784109748.944672,""raw"":[15798,16400,15621]},""thumb"":{""age_s"":0.009163141250610352,""channels"":3,""force"":[0.0,-2.220446049250313e-16],""has_data"":true,""last_update_ts"":1784109748.944672,""raw"":[0,0,0]}}","{""ble"":{""connection_state"":""connected"",""counter"":56763,""finger_order"":""DexterController.Visualizer"",""last_error"":null,""last_sample_age_s"":0.009198668994940817,""reconnect_count"":0,""sample_hz"":20.0,""sample_sequence"":137,""timestamp_us"":714117792},""fingers"":{""index"":{""has_data"":true,""last_update_ts"":1784109748.944672,""mapped"":true},""middle"":{""has_data"":true,""last_update_ts"":1784109748.944672,""mapped"":true},""pinky"":{""has_data"":true,""last_update_ts"":1784109748.944672,""mapped"":true},""ring"":{""has_data"":true,""last_update_ts"":1784109748.944672,""mapped"":true},""thumb"":{""has_data"":true,""last_update_ts"":1784109748.944672,""mapped"":true}},""ports"":{""available"":[""BLE:Dexter""],""unavailable"":[]}}"
1784109749.0040886,1784109749.003865,139,ble,"{""index"":{""age_s"":0.009196043014526367,""channels"":3,""force"":[-0.3811914404039438,5.716832436389997],""has_data"":true,""last_update_ts"":1784109748.994669,""raw"":[21066,20273,10370]},""middle"":{""age_s"":0.009196043014526367,""channels"":3,""force"":[2.630845842787898,-5.49536380761],""has_data"":true,""last_update_ts"":1784109748.994669,""raw"":[10192,15665,22829]},""pinky"":{""age_s"":0.009196043014526367,""channels"":3,""force"":[-1.030130210322394,-0.7640390163300026],""has_data"":true,""last_update_ts"":1784109748.994669,""raw"":[17407,15264,17712]},""ring"":{""age_s"":0.009196043014526367,""channels"":3,""force"":[0.30331878801373335,0.2295169874699985],""has_data"":true,""last_update_ts"":1784109748.994669,""raw"":[15757,16388,15659]},""thumb"":{""age_s"":0.009196043014526367,""channels"":3,""force"":[0.0,-2.220446049250313e-16],""has_data"":true,""last_update_ts"":1784109748.994669,""raw"":[0,0,0]}}","{""ble"":{""connection_state"":""connected"",""counter"":56769,""finger_order"":""DexterController.Visualizer"",""last_error"":null,""last_sample_age_s"":0.00923510298889596,""reconnect_count"":0,""sample_hz"":20.0,""sample_sequence"":138,""timestamp_us"":714174272},""fingers"":{""index"":{""has_data"":true,""last_update_ts"":1784109748.994669,""mapped"":true},""middle"":{""has_data"":true,""last_update_ts"":1784109748.994669,""mapped"":true},""pinky"":{""has_data"":true,""last_update_ts"":1784109748.994669,""mapped"":true},""ring"":{""has_data"":true,""last_update_ts"":1784109748.994669,""mapped"":true},""thumb"":{""has_data"":true,""last_update_ts"":1784109748.994669,""mapped"":true}},""ports"":{""available"":[""BLE:Dexter""],""unavailable"":[]}}"
1784109749.0540283,1784109749.0538836,140,ble,"{""index"":{""age_s"":0.009226560592651367,""channels"":3,""force"":[-0.5696240313728573,5.926089762329998],""has_data"":true,""last_update_ts"":1784109749.044657,""raw"":[21360,20175,10091]},""middle"":{""age_s"":0.009226560592651367,""channels"":3,""force"":[2.9865604277802316,-6.779770842690001],""has_data"":true,""last_update_ts"":1784109749.044657,""raw"":[9151,15364,24472]},""pinky"":{""age_s"":0.009226560592651367,""channels"":3,""force"":[-1.0320529918628925,-0.7301804039100013],""has_data"":true,""last_update_ts"":1784109749.044657,""raw"":[17433,15286,17675]},""ring"":{""age_s"":0.009226560592651367,""channels"":3,""force"":[0.29899252954760946,0.2608778333999986],""has_data"":true,""last_update_ts"":1784109749.044657,""raw"":[15790,16412,15631]},""thumb"":{""age_s"":0.009226560592651367,""channels"":3,""force"":[0.0,-2.220446049250313e-16],""has_data"":true,""last_update_ts"":1784109749.044657,""raw"":[0,0,0]}}","{""ble"":{""connection_state"":""connected"",""counter"":56774,""finger_order"":""DexterController.Visualizer"",""last_error"":null,""last_sample_age_s"":0.009255213997676037,""reconnect_count"":0,""sample_hz"":20.0,""sample_sequence"":139,""timestamp_us"":714221376},""fingers"":{""index"":{""has_data"":true,""last_update_ts"":1784109749.044657,""mapped"":true},""middle"":{""has_data"":true,""last_update_ts"":1784109749.044657,""mapped"":true},""pinky"":{""has_data"":true,""last_update_ts"":1784109749.044657,""mapped"":true},""ring"":{""has_data"":true,""last_update_ts"":1784109749.044657,""mapped"":true},""thumb"":{""has_data"":true,""last_update_ts"":1784109749.044657,""mapped"":true}},""ports"":{""available"":[""BLE:Dexter""],""unavailable"":[]}}"
1784109749.1041296,1784109749.1039019,141,ble,"{""index"":{""age_s"":0.00923299789428711,""channels"":3,""force"":[-0.4158015081329296,6.5066817064499975],""has_data"":true,""last_update_ts"":1784109749.0946689,""raw"":[21575,20710,9420]},""middle"":{""age_s"":0.00923299789428711,""channels"":3,""force"":[3.324489283522948,-7.888501634640002],""has_data"":true,""last_update_ts"":1784109749.0946689,""raw"":[8233,15149,25903]},""pinky"":{""age_s"":0.00923299789428711,""channels"":3,""force"":[-1.0286881241670187,-0.7476647693399991],""has_data"":true,""last_update_ts"":1784109749.0946689,""raw"":[17414,15274,17691]},""ring"":{""age_s"":0.00923299789428711,""channels"":3,""force"":[0.29178209877074224,0.24949911938999936],""has_data"":true,""last_update_ts"":1784109749.0946689,""raw"":[15786,16393,15640]},""thumb"":{""age_s"":0.00923299789428711,""channels"":3,""force"":[0.0,-2.220446049250313e-16],""has_data"":true,""last_update_ts"":1784109749.0946689,""raw"":[0,0,0]}}","{""ble"":{""connection_state"":""connected"",""counter"":56779,""finger_order"":""DexterController.Visualizer"",""last_error"":null,""last_sample_age_s"":0.00927151899668388,""reconnect_count"":0,""sample_hz"":20.0,""sample_sequence"":140,""timestamp_us"":714268352},""fingers"":{""index"":{""has_data"":true,""last_update_ts"":1784109749.0946689,""mapped"":true},""middle"":{""has_data"":true,""last_update_ts"":1784109749.0946689,""mapped"":true},""pinky"":{""has_data"":true,""last_update_ts"":1784109749.0946689,""mapped"":true},""ring"":{""has_data"":true,""last_update_ts"":1784109749.0946689,""mapped"":true},""thumb"":{""has_data"":true,""last_update_ts"":1784109749.0946689,""mapped"":true}},""ports"":{""available"":[""BLE:Dexter""],""unavailable"":[]}}"
1784109749.1540675,1784109749.153911,142,ble,"{""index"":{""age_s"":0.00928640365600586,""channels"":3,""force"":[-0.09613907702495439,6.937130131559998],""has_data"":true,""last_update_ts"":1784109749.1446247,""raw"":[21483,21283,8885]},""middle"":{""age_s"":0.00928640365600586,""channels"":3,""force"":[3.324008588137824,-8.557070465130003],""has_data"":true,""last_update_ts"":1784109749.1446247,""raw"":[7924,14839,26798]},""pinky"":{""age_s"":0.00928640365600586,""channels"":3,""force"":[-1.0373406410992647,-0.7443344140200034],""has_data"":true,""last_update_ts"":1784109749.1446247,""raw"":[17426,15268,17688]},""ring"":{""age_s"":0.00928640365600586,""channels"":3,""force"":[0.29034001261536524,0.24866653055999777],""has_data"":true,""last_update_ts"":1784109749.1446247,""raw"":[15782,16386,15636]},""thumb"":{""age_s"":0.00928640365600586,""channels"":3,""force"":[0.0,-2.220446049250313e-16],""has_data"":true,""last_update_ts"":1784109749.1446247,""raw"":[0,0,0]}}","{""ble"":{""connection_state"":""connected"",""counter"":56785,""finger_order"":""DexterController.Visualizer"",""last_error"":null,""last_sample_age_s"":0.009325717997853644,""reconnect_count"":0,""sample_hz"":20.0,""sample_sequence"":141,""timestamp_us"":714324768},""fingers"":{""index"":{""has_data"":true,""last_update_ts"":1784109749.1446247,""mapped"":true},""middle"":{""has_data"":true,""last_update_ts"":1784109749.1446247,""mapped"":true},""pinky"":{""has_data"":true,""last_update_ts"":1784109749.1446247,""mapped"":true},""ring"":{""has_data"":true,""last_update_ts"":1784109749.1446247,""mapped"":true},""thumb"":{""has_data"":true,""last_update_ts"":1784109749.1446247,""mapped"":true}},""ports"":{""available"":[""BLE:Dexter""],""unavailable"":[]}}"
1784109749.2041497,1784109749.203922,143,ble,"{""index"":{""age_s"":0.009252071380615234,""channels"":3,""force"":[-0.2893786218451151,6.242195988119998],""has_data"":true,""last_update_ts"":1784109749.19467,""raw"":[21384,20782,9837]},""middle"":{""age_s"":0.009252071380615234,""channels"":3,""force"":[2.500577393419083,-7.314570401159999],""has_data"":true,""last_update_ts"":1784109749.19467,""raw"":[9286,14488,25065]},""pinky"":{""age_s"":0.009252071380615234,""channels"":3,""force"":[-1.034456468788516,-0.7415591179200032],""has_data"":true,""last_update_ts"":1784109749.19467,""raw"":[17423,15271,17683]},""ring"":{""age_s"":0.009252071380615234,""channels"":3,""force"":[0.29226279415586554,0.23978558303999886],""has_data"":true,""last_update_ts"":1784109749.19467,""raw"":[15777,16385,15649]},""thumb"":{""age_s"":0.009252071380615234,""channels"":3,""force"":[0.0,-2.220446049250313e-16],""has_data"":true,""last_update_ts"":1784109749.19467,""raw"":[0,0,0]}}","{""ble"":{""connection_state"":""connected"",""counter"":56790,""finger_order"":""DexterController.Visualizer"",""last_error"":null,""last_sample_age_s"":0.009291163005400449,""reconnect_count"":0,""sample_hz"":20.0,""sample_sequence"":142,""timestamp_us"":714371808},""fingers"":{""index"":{""has_data"":true,""last_update_ts"":1784109749.19467,""mapped"":true},""middle"":{""has_data"":true,""last_update_ts"":1784109749.19467,""mapped"":true},""pinky"":{""has_data"":true,""last_update_ts"":1784109749.19467,""mapped"":true},""ring"":{""has_data"":true,""last_update_ts"":1784109749.19467,""mapped"":true},""thumb"":{""has_data"":true,""last_update_ts"":1784109749.19467,""mapped"":true}},""ports"":{""available"":[""BLE:Dexter""],""unavailable"":[]}}"
1784109749.2540839,1784109749.2539382,144,ble,"{""index"":{""age_s"":0.009301185607910156,""channels"":3,""force"":[-0.41916637582880334,2.662619078339997],""has_data"":true,""last_update_ts"":1784109749.244637,""raw"":[19376,18504,14143]},""middle"":{""age_s"":0.009301185607910156,""channels"":3,""force"":[2.2486930116137005,-4.011968042160001],""has_data"":true,""last_update_ts"":1784109749.244637,""raw"":[11366,16044,20933]},""pinky"":{""age_s"":0.009301185607910156,""channels"":3,""force"":[-1.0306109057075172,-0.7426692363600038],""has_data"":true,""last_update_ts"":1784109749.244637,""raw"":[17418,15274,17684]},""ring"":{""age_s"":0.009301185607910156,""channels"":3,""force"":[0.2994732249327363,0.2372878165500003],""has_data"":true,""last_update_ts"":1784109749.244637,""raw"":[15767,16390,15651]},""thumb"":{""age_s"":0.009301185607910156,""channels"":3,""force"":[0.0,-2.220446049250313e-16],""has_data"":true,""last_update_ts"":1784109749.244637,""raw"":[0,0,0]}}","{""ble"":{""connection_state"":""connected"",""counter"":56795,""finger_order"":""DexterController.Visualizer"",""last_error"":null,""last_sample_age_s"":0.009330808999948204,""reconnect_count"":0,""sample_hz"":20.0,""sample_sequence"":143,""timestamp_us"":714418784},""fingers"":{""index"":{""has_data"":true,""last_update_ts"":1784109749.244637,""mapped"":true},""middle"":{""has_data"":true,""last_update_ts"":1784109749.244637,""mapped"":true},""pinky"":{""has_data"":true,""last_update_ts"":1784109749.244637,""mapped"":true},""ring"":{""has_data"":true,""last_update_ts"":1784109749.244637,""mapped"":true},""thumb"":{""has_data"":true,""last_update_ts"":1784109749.244637,""mapped"":true}},""ports"":{""available"":[""BLE:Dexter""],""unavailable"":[]}}"
1784109749.304157,1784109749.303948,145,ble,"{""index"":{""age_s"":0.009276866912841797,""channels"":3,""force"":[-0.4100331635114358,0.6669036528299959],""has_data"":true,""last_update_ts"":1784109749.294671,""raw"":[18009,17156,16381]},""middle"":{""age_s"":0.009276866912841797,""channels"":3,""force"":[1.0373406410992665,-0.6771722484000007],""has_data"":true,""last_update_ts"":1784109749.294671,""raw"":[14396,16554,16695]},""pinky"":{""age_s"":0.009276866912841797,""channels"":3,""force"":[-1.0320529918628942,-0.7451670028500024],""has_data"":true,""last_update_ts"":1784109749.294671,""raw"":[17424,15277,17693]},""ring"":{""age_s"":0.009276866912841797,""channels"":3,""force"":[0.28312958183849446,0.2378428757699984],""has_data"":true,""last_update_ts"":1784109749.294671,""raw"":[15784,16373,15650]},""thumb"":{""age_s"":0.009276866912841797,""channels"":3,""force"":[0.0,-2.220446049250313e-16],""has_data"":true,""last_update_ts"":1784109749.294671,""raw"":[0,0,0]}}","{""ble"":{""connection_state"":""connected"",""counter"":56801,""finger_order"":""DexterController.Visualizer"",""last_error"":null,""last_sample_age_s"":0.009312099005910568,""reconnect_count"":0,""sample_hz"":20.0,""sample_sequence"":144,""timestamp_us"":714475232},""fingers"":{""index"":{""has_data"":true,""last_update_ts"":1784109749.294671,""mapped"":true},""middle"":{""has_data"":true,""last_update_ts"":1784109749.294671,""mapped"":true},""pinky"":{""has_data"":true,""last_update_ts"":1784109749.294671,""mapped"":true},""ring"":{""has_data"":true,""last_update_ts"":1784109749.294671,""mapped"":true},""thumb"":{""has_data"":true,""last_update_ts"":1784109749.294671,""mapped"":true}},""ports"":{""available"":[""BLE:Dexter""],""unavailable"":[]}}"
1784109749.3540857,1784109749.353956,146,ble,"{""index"":{""age_s"":0.00933218002319336,""channels"":3,""force"":[-0.47300425896277964,0.45459350117999886],""has_data"":true,""last_update_ts"":1784109749.3446238,""raw"":[17979,16995,16668]},""middle"":{""age_s"":0.00933218002319336,""channels"":3,""force"":[0.12546149551756614,0.3832683914099979],""has_data"":true,""last_update_ts"":1784109749.3446238,""raw"":[15909,16170,15349]},""pinky"":{""age_s"":0.00933218002319336,""channels"":3,""force"":[-1.035417859558768,-0.748219828559999],""has_data"":true,""last_update_ts"":1784109749.3446238,""raw"":[17420,15266,17691]},""ring"":{""age_s"":0.00933218002319336,""channels"":3,""force"":[0.30091531108810976,0.24200581991999925],""has_data"":true,""last_update_ts"":1784109749.3446238,""raw"":[15770,16396,15647]},""thumb"":{""age_s"":0.00933218002319336,""channels"":3,""force"":[0.0,-2.220446049250313e-16],""has_data"":true,""last_update_ts"":1784109749.3446238,""raw"":[0,0,0]}}","{""ble"":{""connection_state"":""connected"",""counter"":56806,""finger_order"":""DexterController.Visualizer"",""last_error"":null,""last_sample_age_s"":0.00935562199447304,""reconnect_count"":0,""sample_hz"":20.0,""sample_sequence"":145,""timestamp_us"":714522176},""fingers"":{""index"":{""has_data"":true,""last_update_ts"":1784109749.3446238,""mapped"":true},""middle"":{""has_data"":true,""last_update_ts"":1784109749.3446238,""mapped"":true},""pinky"":{""has_data"":true,""last_update_ts"":1784109749.3446238,""mapped"":true},""ring"":{""has_data"":true,""last_update_ts"":1784109749.3446238,""mapped"":true},""thumb"":{""has_data"":true,""last_update_ts"":1784109749.3446238,""mapped"":true}},""ports"":{""available"":[""BLE:Dexter""],""unavailable"":[]}}"
1784109749.4041007,1784109749.4039698,147,ble,"{""index"":{""age_s"":0.009345769882202148,""channels"":3,""force"":[-0.21439014176564974,0.2286843986399978],""has_data"":true,""last_update_ts"":1784109749.394624,""raw"":[17541,17095,16906]},""middle"":{""age_s"":0.009345769882202148,""channels"":3,""force"":[0.05624136005959812,0.3127758704699968],""has_data"":true,""last_update_ts"":1784109749.394624,""raw"":[15925,16042,15420]},""pinky"":{""age_s"":0.009345769882202148,""channels"":3,""force"":[-1.0330143826331426,-0.7435018251899992],""has_data"":true,""last_update_ts"":1784109749.394624,""raw"":[17426,15277,17691]},""ring"":{""age_s"":0.009345769882202148,""channels"":3,""force"":[0.28457166799386613,0.2414507606999967],""has_data"":true,""last_update_ts"":1784109749.394624,""raw"":[15784,16376,15645]},""thumb"":{""age_s"":0.009345769882202148,""channels"":3,""force"":[0.0,-2.220446049250313e-16],""has_data"":true,""last_update_ts"":1784109749.394624,""raw"":[0,0,0]}}","{""ble"":{""connection_state"":""connected"",""counter"":56811,""finger_order"":""DexterController.Visualizer"",""last_error"":null,""last_sample_age_s"":0.009370364001370035,""reconnect_count"":0,""sample_hz"":20.0,""sample_sequence"":146,""timestamp_us"":714569088},""fingers"":{""index"":{""has_data"":true,""last_update_ts"":1784109749.394624,""mapped"":true},""middle"":{""has_data"":true,""last_update_ts"":1784109749.394624,""mapped"":true},""pinky"":{""has_data"":true,""last_update_ts"":1784109749.394624,""mapped"":true},""ring"":{""has_data"":true,""last_update_ts"":1784109749.394624,""mapped"":true},""thumb"":{""has_data"":true,""last_update_ts"":1784109749.394624,""mapped"":true}},""ports"":{""available"":[""BLE:Dexter""],""unavailable"":[]}}"
1784109749.4541192,1784109749.453982,148,ble,"{""index"":{""age_s"":0.009358406066894531,""channels"":3,""force"":[-0.09277420932908065,0.001942707269998678],""has_data"":true,""last_update_ts"":1784109749.4446237,""raw"":[17231,17038,17131]},""middle"":{""age_s"":0.009358406066894531,""channels"":3,""force"":[0.041820498505854786,0.17623130234999618],""has_data"":true,""last_update_ts"":1784109749.4446237,""raw"":[15877,15964,15603]},""pinky"":{""age_s"":0.009358406066894531,""channels"":3,""force"":[-1.0243618657008948,-0.7340658184500013],""has_data"":true,""last_update_ts"":1784109749.4446237,""raw"":[17418,15287,17675]},""ring"":{""age_s"":0.009358406066894531,""channels"":3,""force"":[0.2888979264599918,0.23895299420999994],""has_data"":true,""last_update_ts"":1784109749.4446237,""raw"":[15777,16378,15647]},""thumb"":{""age_s"":0.009358406066894531,""channels"":3,""force"":[0.0,-2.220446049250313e-16],""has_data"":true,""last_update_ts"":1784109749.4446237,""raw"":[0,0,0]}}","{""ble"":{""connection_state"":""connected"",""counter"":56817,""finger_order"":""DexterController.Visualizer"",""last_error"":null,""last_sample_age_s"":0.009388613994815387,""reconnect_count"":0,""sample_hz"":20.0,""sample_sequence"":147,""timestamp_us"":714625696},""fingers"":{""index"":{""has_data"":true,""last_update_ts"":1784109749.4446237,""mapped"":true},""middle"":{""has_data"":true,""last_update_ts"":1784109749.4446237,""mapped"":true},""pinky"":{""has_data"":true,""last_update_ts"":1784109749.4446237,""mapped"":true},""ring"":{""has_data"":true,""last_update_ts"":1784109749.4446237,""mapped"":true},""thumb"":{""has_data"":true,""last_update_ts"":1784109749.4446237,""mapped"":true}},""ports"":{""available"":[""BLE:Dexter""],""unavailable"":[]}}"
1784109749.5041175,1784109749.5039973,149,ble,"{""index"":{""age_s"":0.009373903274536133,""channels"":3,""force"":[-0.12305801859194254,-0.21924839190000078],""has_data"":true,""last_update_ts"":1784109749.4946234,""raw"":[17148,16892,17415]},""middle"":{""age_s"":0.009373903274536133,""channels"":3,""force"":[-0.05095371082322764,0.5128747192799974],""has_data"":true,""last_update_ts"":1784109749.4946234,""raw"":[16197,16091,15220]},""pinky"":{""age_s"":0.009373903274536133,""channels"":3,""force"":[-1.0383020318695149,-0.7454445324599996],""has_data"":true,""last_update_ts"":1784109749.4946234,""raw"":[17428,15268,17691]},""ring"":{""age_s"":0.009373903274536133,""channels"":3,""force"":[0.2893786218451133,0.2497766489999984],""has_data"":true,""last_update_ts"":1784109749.4946234,""raw"":[15789,16391,15640]},""thumb"":{""age_s"":0.009373903274536133,""channels"":3,""force"":[0.0,-2.220446049250313e-16],""has_data"":true,""last_update_ts"":1784109749.4946234,""raw"":[0,0,0]}}","{""ble"":{""connection_state"":""connected"",""counter"":56822,""finger_order"":""DexterController.Visualizer"",""last_error"":null,""last_sample_age_s"":0.009398014997714199,""reconnect_count"":0,""sample_hz"":20.0,""sample_sequence"":148,""timestamp_us"":714672640},""fingers"":{""index"":{""has_data"":true,""last_update_ts"":1784109749.4946234,""mapped"":true},""middle"":{""has_data"":true,""last_update_ts"":1784109749.4946234,""mapped"":true},""pinky"":{""has_data"":true,""last_update_ts"":1784109749.4946234,""mapped"":true},""ring"":{""has_data"":true,""last_update_ts"":1784109749.4946234,""mapped"":true},""thumb"":{""has_data"":true,""last_update_ts"":1784109749.4946234,""mapped"":true}},""ports"":{""available"":[""BLE:Dexter""],""unavailable"":[]}}"
1784109749.5541008,1784109749.5537858,150,ble,"{""index"":{""age_s"":0.009162425994873047,""channels"":3,""force"":[-0.024515464641362783,-1.331309539170002],""has_data"":true,""last_update_ts"":1784109749.5446234,""raw"":[16458,16407,18831]},""middle"":{""age_s"":0.009162425994873047,""channels"":3,""force"":[-0.04133980312073149,1.206698744279997],""has_data"":true,""last_update_ts"":1784109749.5446234,""raw"":[16698,16612,14481]},""pinky"":{""age_s"":0.009162425994873047,""channels"":3,""force"":[-1.0339757734033945,-0.7490524173900006],""has_data"":true,""last_update_ts"":1784109749.5446234,""raw"":[17420,15269,17694]},""ring"":{""age_s"":0.009162425994873047,""channels"":3,""force"":[0.2864944495343664,0.22979451707999754],""has_data"":true,""last_update_ts"":1784109749.5446234,""raw"":[15778,16374,15662]},""thumb"":{""age_s"":0.009162425994873047,""channels"":3,""force"":[0.0,-2.220446049250313e-16],""has_data"":true,""last_update_ts"":1784109749.5446234,""raw"":[0,0,0]}}","{""ble"":{""connection_state"":""connected"",""counter"":56827,""finger_order"":""DexterController.Visualizer"",""last_error"":null,""last_sample_age_s"":0.009379675990203395,""reconnect_count"":0,""sample_hz"":20.0,""sample_sequence"":149,""timestamp_us"":714719648},""fingers"":{""index"":{""has_data"":true,""last_update_ts"":1784109749.5446234,""mapped"":true},""middle"":{""has_data"":true,""last_update_ts"":1784109749.5446234,""mapped"":true},""pinky"":{""has_data"":true,""last_update_ts"":1784109749.5446234,""mapped"":true},""ring"":{""has_data"":true,""last_update_ts"":1784109749.5446234,""mapped"":true},""thumb"":{""has_data"":true,""last_update_ts"":1784109749.5446234,""mapped"":true}},""ports"":{""available"":[""BLE:Dexter""],""unavailable"":[]}}"
1784109749.6041074,1784109749.6037831,151,ble,"{""index"":{""age_s"":0.009159326553344727,""channels"":3,""force"":[-0.38119144040394737,-3.762468922770002],""has_data"":true,""last_update_ts"":1784109749.5946238,""raw"":[15657,14864,22039]},""middle"":{""age_s"":0.009159326553344727,""channels"":3,""force"":[-0.2980311387773593,1.9521432767399984],""has_data"":true,""last_update_ts"":1784109749.5946238,""raw"":[17263,16643,13436]},""pinky"":{""age_s"":0.009159326553344727,""channels"":3,""force"":[-1.033495078018266,-0.757655835300004],""has_data"":true,""last_update_ts"":1784109749.5946238,""raw"":[17411,15261,17701]},""ring"":{""age_s"":0.009159326553344727,""channels"":3,""force"":[0.29418557569636405,0.2453361752399985],""has_data"":true,""last_update_ts"":1784109749.5946238,""raw"":[15781,16393,15645]},""thumb"":{""age_s"":0.009159326553344727,""channels"":3,""force"":[0.0,-2.220446049250313e-16],""has_data"":true,""last_update_ts"":1784109749.5946238,""raw"":[0,0,0]}}","{""ble"":{""connection_state"":""connected"",""counter"":56833,""finger_order"":""DexterController.Visualizer"",""last_error"":null,""last_sample_age_s"":0.009385097000631504,""reconnect_count"":0,""sample_hz"":20.0,""sample_sequence"":150,""timestamp_us"":714776160},""fingers"":{""index"":{""has_data"":true,""last_update_ts"":1784109749.5946238,""mapped"":true},""middle"":{""has_data"":true,""last_update_ts"":1784109749.5946238,""mapped"":true},""pinky"":{""has_data"":true,""last_update_ts"":1784109749.5946238,""mapped"":true},""ring"":{""has_data"":true,""last_update_ts"":1784109749.5946238,""mapped"":true},""thumb"":{""has_data"":true,""last_update_ts"":1784109749.5946238,""mapped"":true}},""ports"":{""available"":[""BLE:Dexter""],""unavailable"":[]}}"
1784109749.6541238,1784109749.6537886,152,ble,"{""index"":{""age_s"":0.009165763854980469,""channels"":3,""force"":[-0.5316490959480031,-4.325576501460003],""has_data"":true,""last_update_ts"":1784109749.6446228,""raw"":[15562,14456,22802]},""middle"":{""age_s"":0.009165763854980469,""channels"":3,""force"":[-0.3158168680269764,3.1291463527499985],""has_data"":true,""last_update_ts"":1784109749.6446228,""raw"":[17877,17220,11911]},""pinky"":{""age_s"":0.009165763854980469,""channels"":3,""force"":[-1.0243618657008966,-0.7645940755500025],""has_data"":true,""last_update_ts"":1784109749.6446228,""raw"":[17398,15267,17710]},""ring"":{""age_s"":0.009165763854980469,""channels"":3,""force"":[0.292262794155862,0.22923945786000033],""has_data"":true,""last_update_ts"":1784109749.6446228,""raw"":[15772,16380,15663]},""thumb"":{""age_s"":0.009165763854980469,""channels"":3,""force"":[0.0,-2.220446049250313e-16],""has_data"":true,""last_update_ts"":1784109749.6446228,""raw"":[0,0,0]}}","{""ble"":{""connection_state"":""connected"",""counter"":56838,""finger_order"":""DexterController.Visualizer"",""last_error"":null,""last_sample_age_s"":0.009393966000061482,""reconnect_count"":0,""sample_hz"":20.0,""sample_sequence"":151,""timestamp_us"":714823168},""fingers"":{""index"":{""has_data"":true,""last_update_ts"":1784109749.6446228,""mapped"":true},""middle"":{""has_data"":true,""last_update_ts"":1784109749.6446228,""mapped"":true},""pinky"":{""has_data"":true,""last_update_ts"":1784109749.6446228,""mapped"":true},""ring"":{""has_data"":true,""last_update_ts"":1784109749.6446228,""mapped"":true},""thumb"":{""has_data"":true,""last_update_ts"":1784109749.6446228,""mapped"":true}},""ports"":{""available"":[""BLE:Dexter""],""unavailable"":[]}}"
1784109749.7042456,1784109749.7038088,153,ble,"{""index"":{""age_s"":0.00914144515991211,""channels"":3,""force"":[-0.9652363333305498,-5.8281218100000025],""has_data"":true,""last_update_ts"":1784109749.6946673,""raw"":[15268,13260,24764]},""middle"":{""age_s"":0.00914144515991211,""channels"":3,""force"":[-0.3465813726749616,4.479605435009998],""has_data"":true,""last_update_ts"":1784109749.6946673,""raw"":[18611,17890,10180]},""pinky"":{""age_s"":0.00914144515991211,""channels"":3,""force"":[-0.4090717727411839,-0.4232326552500014],""has_data"":true,""last_update_ts"":1784109749.6946673,""raw"":[17263,16412,17600]},""ring"":{""age_s"":0.00914144515991211,""channels"":3,""force"":[0.38455630809981933,0.3774402695999983],""has_data"":true,""last_update_ts"":1784109749.6946673,""raw"":[15687,16487,15407]},""thumb"":{""age_s"":0.00914144515991211,""channels"":3,""force"":[0.0,-2.220446049250313e-16],""has_data"":true,""last_update_ts"":1784109749.6946673,""raw"":[0,0,0]}}","{""ble"":{""connection_state"":""connected"",""counter"":56843,""finger_order"":""DexterController.Visualizer"",""last_error"":null,""last_sample_age_s"":0.009394117005285807,""reconnect_count"":0,""sample_hz"":20.0,""sample_sequence"":152,""timestamp_us"":714870208},""fingers"":{""index"":{""has_data"":true,""last_update_ts"":1784109749.6946673,""mapped"":true},""middle"":{""has_data"":true,""last_update_ts"":1784109749.6946673,""mapped"":true},""pinky"":{""has_data"":true,""last_update_ts"":1784109749.6946673,""mapped"":true},""ring"":{""has_data"":true,""last_update_ts"":1784109749.6946673,""mapped"":true},""thumb"":{""has_data"":true,""last_update_ts"":1784109749.6946673,""mapped"":true}},""ports"":{""available"":[""BLE:Dexter""],""unavailable"":[]}}"
1784109749.7542403,1784109749.753807,154,ble,"{""index"":{""age_s"":0.009147405624389648,""channels"":3,""force"":[-1.281053201357527,-6.401775513870001],""has_data"":true,""last_update_ts"":1784109749.7446597,""raw"":[15266,12601,25467]},""middle"":{""age_s"":0.009147405624389648,""channels"":3,""force"":[-0.12546149551756614,5.196186888029999],""has_data"":true,""last_update_ts"":1784109749.7446597,""raw"":[18929,18668,9437]},""pinky"":{""age_s"":0.009147405624389648,""channels"":3,""force"":[-1.0411862041802635,-0.7365635849400016],""has_data"":true,""last_update_ts"":1784109749.7446597,""raw"":[17433,15267,17677]},""ring"":{""age_s"":0.009147405624389648,""channels"":3,""force"":[0.2932241849261139,0.243670997579998],""has_data"":true,""last_update_ts"":1784109749.7446597,""raw"":[15774,16384,15640]},""thumb"":{""age_s"":0.009147405624389648,""channels"":3,""force"":[0.0,-2.220446049250313e-16],""has_data"":true,""last_update_ts"":1784109749.7446597,""raw"":[0,0,0]}}","{""ble"":{""connection_state"":""connected"",""counter"":56846,""finger_order"":""DexterController.Visualizer"",""last_error"":null,""last_sample_age_s"":0.009181815010379069,""reconnect_count"":0,""sample_hz"":20.0,""sample_sequence"":153,""timestamp_us"":714898336},""fingers"":{""index"":{""has_data"":true,""last_update_ts"":1784109749.7446597,""mapped"":true},""middle"":{""has_data"":true,""last_update_ts"":1784109749.7446597,""mapped"":true},""pinky"":{""has_data"":true,""last_update_ts"":1784109749.7446597,""mapped"":true},""ring"":{""has_data"":true,""last_update_ts"":1784109749.7446597,""mapped"":true},""thumb"":{""has_data"":true,""last_update_ts"":1784109749.7446597,""mapped"":true}},""ports"":{""available"":[""BLE:Dexter""],""unavailable"":[]}}"
1784109749.8042355,1784109749.8038106,155,ble,"{""index"":{""age_s"":0.00914454460144043,""channels"":3,""force"":[-1.7492505064690596,-7.17164265201],""has_data"":true,""last_update_ts"":1784109749.794666,""raw"":[15389,11750,26490]},""middle"":{""age_s"":0.00914454460144043,""channels"":3,""force"":[-0.06056761852572379,6.460334261579998],""has_data"":true,""last_update_ts"":1784109749.794666,""raw"":[19712,19586,8010]},""pinky"":{""age_s"":0.00914454460144043,""channels"":3,""force"":[-1.0349371641736447,-0.7440568844100008],""has_data"":true,""last_update_ts"":1784109749.794666,""raw"":[17425,15272,17689]},""ring"":{""age_s"":0.00914454460144043,""channels"":3,""force"":[0.2884172310748614,0.23090463551999818],""has_data"":true,""last_update_ts"":1784109749.794666,""raw"":[15776,16376,15660]},""thumb"":{""age_s"":0.00914454460144043,""channels"":3,""force"":[0.0,-2.220446049250313e-16],""has_data"":true,""last_update_ts"":1784109749.794666,""raw"":[0,0,0]}}","{""ble"":{""connection_state"":""connected"",""counter"":56854,""finger_order"":""DexterController.Visualizer"",""last_error"":null,""last_sample_age_s"":0.009179850996588357,""reconnect_count"":0,""sample_hz"":20.0,""sample_sequence"":154,""timestamp_us"":714973728},""fingers"":{""index"":{""has_data"":true,""last_update_ts"":1784109749.794666,""mapped"":true},""middle"":{""has_data"":true,""last_update_ts"":1784109749.794666,""mapped"":true},""pinky"":{""has_data"":true,""last_update_ts"":1784109749.794666,""mapped"":true},""ring"":{""has_data"":true,""last_update_ts"":1784109749.794666,""mapped"":true},""thumb"":{""has_data"":true,""last_update_ts"":1784109749.794666,""mapped"":true}},""ports"":{""available"":[""BLE:Dexter""],""unavailable"":[]}}"
1784109749.8539155,1784109749.853787,156,ble,"{""index"":{""age_s"":0.009111881256103516,""channels"":3,""force"":[-2.1737045315342343,-8.644492292280002],""has_data"":true,""last_update_ts"":1784109749.844675,""raw"":[14966,10444,28279]},""middle"":{""age_s"":0.009111881256103516,""channels"":3,""force"":[-0.17545381557054363,6.800308033829997],""has_data"":true,""last_update_ts"":1784109749.844675,""raw"":[19987,19622,7553]},""pinky"":{""age_s"":0.009111881256103516,""channels"":3,""force"":[-1.0373406410992665,-0.7537704207600031],""has_data"":true,""last_update_ts"":1784109749.844675,""raw"":[17422,15264,17701]},""ring"":{""age_s"":0.009111881256103516,""channels"":3,""force"":[0.2836102772236213,0.2331248723999968],""has_data"":true,""last_update_ts"":1784109749.844675,""raw"":[15783,16373,15658]},""thumb"":{""age_s"":0.009111881256103516,""channels"":3,""force"":[0.0,-2.220446049250313e-16],""has_data"":true,""last_update_ts"":1784109749.844675,""raw"":[0,0,0]}}","{""ble"":{""connection_state"":""connected"",""counter"":56859,""finger_order"":""DexterController.Visualizer"",""last_error"":null,""last_sample_age_s"":0.009135004002018832,""reconnect_count"":0,""sample_hz"":20.0,""sample_sequence"":155,""timestamp_us"":715020704},""fingers"":{""index"":{""has_data"":true,""last_update_ts"":1784109749.844675,""mapped"":true},""middle"":{""has_data"":true,""last_update_ts"":1784109749.844675,""mapped"":true},""pinky"":{""has_data"":true,""last_update_ts"":1784109749.844675,""mapped"":true},""ring"":{""has_data"":true,""last_update_ts"":1784109749.844675,""mapped"":true},""thumb"":{""has_data"":true,""last_update_ts"":1784109749.844675,""mapped"":true}},""ports"":{""available"":[""BLE:Dexter""],""unavailable"":[]}}"
1784109749.9042132,1784109749.903807,157,ble,"{""index"":{""age_s"":0.009135961532592773,""channels"":3,""force"":[-2.3207973193824163,-7.849092430020001],""has_data"":true,""last_update_ts"":1784109749.894671,""raw"":[15600,10772,27327]},""middle"":{""age_s"":0.009135961532592773,""channels"":3,""force"":[-0.508095022076887,7.2598970679899955],""has_data"":true,""last_update_ts"":1784109749.894671,""raw"":[20649,19592,7041]},""pinky"":{""age_s"":0.009135961532592773,""channels"":3,""force"":[-1.03974411802489,-0.7418366475300004],""has_data"":true,""last_update_ts"":1784109749.894671,""raw"":[17436,15273,17691]},""ring"":{""age_s"":0.009135961532592773,""channels"":3,""force"":[0.28409097260874105,0.2528294747099977],""has_data"":true,""last_update_ts"":1784109749.894671,""raw"":[15793,16384,15633]},""thumb"":{""age_s"":0.009135961532592773,""channels"":3,""force"":[0.0,-2.220446049250313e-16],""has_data"":true,""last_update_ts"":1784109749.894671,""raw"":[0,0,0]}}","{""ble"":{""connection_state"":""connected"",""counter"":56864,""finger_order"":""DexterController.Visualizer"",""last_error"":null,""last_sample_age_s"":0.009171192010398954,""reconnect_count"":0,""sample_hz"":20.0,""sample_sequence"":156,""timestamp_us"":715067808},""fingers"":{""index"":{""has_data"":true,""last_update_ts"":1784109749.894671,""mapped"":true},""middle"":{""has_data"":true,""last_update_ts"":1784109749.894671,""mapped"":true},""pinky"":{""has_data"":true,""last_update_ts"":1784109749.894671,""mapped"":true},""ring"":{""has_data"":true,""last_update_ts"":1784109749.894671,""mapped"":true},""thumb"":{""has_data"":true,""last_update_ts"":1784109749.894671,""mapped"":true}},""ports"":{""available"":[""BLE:Dexter""],""unavailable"":[]}}"
1784109749.953919,1784109749.9537868,158,ble,"{""index"":{""age_s"":0.00911402702331543,""channels"":3,""force"":[-1.8059725619137819,-6.373467493650002],""has_data"":true,""last_update_ts"":1784109749.9446728,""raw"":[15737,11980,25341]},""middle"":{""age_s"":0.00911402702331543,""channels"":3,""force"":[-0.45617992048341094,6.282992840789998],""has_data"":true,""last_update_ts"":1784109749.9446728,""raw"":[20114,19165,8320]},""pinky"":{""age_s"":0.00911402702331543,""channels"":3,""force"":[-1.0320529918628907,-0.7518277134900018],""has_data"":true,""last_update_ts"":1784109749.9446728,""raw"":[17415,15268,17696]},""ring"":{""age_s"":0.00911402702331543,""channels"":3,""force"":[0.28841723107486494,0.24422605679999876],""has_data"":true,""last_update_ts"":1784109749.9446728,""raw"":[15785,16385,15645]},""thumb"":{""age_s"":0.00911402702331543,""channels"":3,""force"":[0.0,-2.220446049250313e-16],""has_data"":true,""last_update_ts"":1784109749.9446728,""raw"":[0,0,0]}}","{""ble"":{""connection_state"":""connected"",""counter"":56870,""finger_order"":""DexterController.Visualizer"",""last_error"":null,""last_sample_age_s"":0.009138912006164901,""reconnect_count"":0,""sample_hz"":20.0,""sample_sequence"":157,""timestamp_us"":715124288},""fingers"":{""index"":{""has_data"":true,""last_update_ts"":1784109749.9446728,""mapped"":true},""middle"":{""has_data"":true,""last_update_ts"":1784109749.9446728,""mapped"":true},""pinky"":{""has_data"":true,""last_update_ts"":1784109749.9446728,""mapped"":true},""ring"":{""has_data"":true,""last_update_ts"":1784109749.9446728,""mapped"":true},""thumb"":{""has_data"":true,""last_update_ts"":1784109749.9446728,""mapped"":true}},""ports"":{""available"":[""BLE:Dexter""],""unavailable"":[]}}"
1784109750.0042107,1784109750.0038052,159,ble,"{""index"":{""age_s"":0.009134054183959961,""channels"":3,""force"":[-0.4629096558751584,-2.3076587071500025],""has_data"":true,""last_update_ts"":1784109749.994671,""raw"":[16456,15493,20132]},""middle"":{""age_s"":0.009134054183959961,""channels"":3,""force"":[-0.3523497172964607,2.968734238169999],""has_data"":true,""last_update_ts"":1784109749.994671,""raw"":[18018,17285,12303]},""pinky"":{""age_s"":0.009134054183959961,""channels"":3,""force"":[-1.0344564687885178,-0.7365635849400016],""has_data"":true,""last_update_ts"":1784109749.994671,""raw"":[17424,15272,17675]},""ring"":{""age_s"":0.009134054183959961,""channels"":3,""force"":[0.29178209877074046,0.2528294747099995],""has_data"":true,""last_update_ts"":1784109749.994671,""raw"":[15787,16394,15635]},""thumb"":{""age_s"":0.009134054183959961,""channels"":3,""force"":[0.0,-2.220446049250313e-16],""has_data"":true,""last_update_ts"":1784109749.994671,""raw"":[0,0,0]}}","{""ble"":{""connection_state"":""connected"",""counter"":56875,""finger_order"":""DexterController.Visualizer"",""last_error"":null,""last_sample_age_s"":0.009169565004413016,""reconnect_count"":0,""sample_hz"":20.0,""sample_sequence"":158,""timestamp_us"":715171360},""fingers"":{""index"":{""has_data"":true,""last_update_ts"":1784109749.994671,""mapped"":true},""middle"":{""has_data"":true,""last_update_ts"":1784109749.994671,""mapped"":true},""pinky"":{""has_data"":true,""last_update_ts"":1784109749.994671,""mapped"":true},""ring"":{""has_data"":true,""last_update_ts"":1784109749.994671,""mapped"":true},""thumb"":{""has_data"":true,""last_update_ts"":1784109749.994671,""mapped"":true}},""ports"":{""available"":[""BLE:Dexter""],""unavailable"":[]}}"
1784109750.0539162,1784109750.053787,160,ble,"{""index"":{""age_s"":0.009111642837524414,""channels"":3,""force"":[0.0,-0.5028836533200014],""has_data"":true,""last_update_ts"":1784109750.0446754,""raw"":[16976,16976,17882]},""middle"":{""age_s"":0.009111642837524414,""channels"":3,""force"":[-0.3254307757294743,0.9571996248899985],""has_data"":true,""last_update_ts"":1784109750.0446754,""raw"":[16639,15962,14576]},""pinky"":{""age_s"":0.009111642837524414,""channels"":3,""force"":[-1.0320529918628942,-0.7557131280300018],""has_data"":true,""last_update_ts"":1784109750.0446754,""raw"":[17412,15265,17700]},""ring"":{""age_s"":0.009111642837524414,""channels"":3,""force"":[0.28553305876411805,0.2347900500599973],""has_data"":true,""last_update_ts"":1784109750.0446754,""raw"":[15786,16380,15660]},""thumb"":{""age_s"":0.009111642837524414,""channels"":3,""force"":[0.0,-2.220446049250313e-16],""has_data"":true,""last_update_ts"":1784109750.0446754,""raw"":[0,0,0]}}","{""ble"":{""connection_state"":""connected"",""counter"":56880,""finger_order"":""DexterController.Visualizer"",""last_error"":null,""last_sample_age_s"":0.009135360989603214,""reconnect_count"":0,""sample_hz"":20.0,""sample_sequence"":159,""timestamp_us"":715218368},""fingers"":{""index"":{""has_data"":true,""last_update_ts"":1784109750.0446754,""mapped"":true},""middle"":{""has_data"":true,""last_update_ts"":1784109750.0446754,""mapped"":true},""pinky"":{""has_data"":true,""last_update_ts"":1784109750.0446754,""mapped"":true},""ring"":{""has_data"":true,""last_update_ts"":1784109750.0446754,""mapped"":true},""thumb"":{""has_data"":true,""last_update_ts"":1784109750.0446754,""mapped"":true}},""ports"":{""available"":[""BLE:Dexter""],""unavailable"":[]}}"
1784109750.1042266,1784109750.1038072,161,ble,"{""index"":{""age_s"":0.009134769439697266,""channels"":3,""force"":[0.011055993857866042,-0.145703045250003],""has_data"":true,""last_update_ts"":1784109750.0946724,""raw"":[17080,17103,17354]},""middle"":{""age_s"":0.009134769439697266,""channels"":3,""force"":[-0.21679361869127334,0.46930257050999913],""has_data"":true,""last_update_ts"":1784109750.0946724,""raw"":[16226,15775,15155]},""pinky"":{""age_s"":0.009134769439697266,""channels"":3,""force"":[-1.0373406410992665,-0.7343433480600021],""has_data"":true,""last_update_ts"":1784109750.0946724,""raw"":[17430,15272,17674]},""ring"":{""age_s"":0.009134769439697266,""channels"":3,""force"":[0.29755044339223424,0.2489440601699977],""has_data"":true,""last_update_ts"":1784109750.0946724,""raw"":[15785,16404,15646]},""thumb"":{""age_s"":0.009134769439697266,""channels"":3,""force"":[0.0,-2.220446049250313e-16],""has_data"":true,""last_update_ts"":1784109750.0946724,""raw"":[0,0,0]}}","{""ble"":{""connection_state"":""connected"",""counter"":56886,""finger_order"":""DexterController.Visualizer"",""last_error"":null,""last_sample_age_s"":0.00917221100826282,""reconnect_count"":0,""sample_hz"":20.0,""sample_sequence"":160,""timestamp_us"":715274880},""fingers"":{""index"":{""has_data"":true,""last_update_ts"":1784109750.0946724,""mapped"":true},""middle"":{""has_data"":true,""last_update_ts"":1784109750.0946724,""mapped"":true},""pinky"":{""has_data"":true,""last_update_ts"":1784109750.0946724,""mapped"":true},""ring"":{""has_data"":true,""last_update_ts"":1784109750.0946724,""mapped"":true},""thumb"":{""has_data"":true,""last_update_ts"":1784109750.0946724,""mapped"":true}},""ports"":{""available"":[""BLE:Dexter""],""unavailable"":[]}}"
1784109750.1539063,1784109750.1537862,162,ble,"{""index"":{""age_s"":0.009163141250610352,""channels"":3,""force"":[0.0048069538512471865,-0.16374246990000163],""has_data"":true,""last_update_ts"":1784109750.144623,""raw"":[17005,17015,17305]},""middle"":{""age_s"":0.009163141250610352,""channels"":3,""force"":[-0.11392480627457502,0.442104668729999],""has_data"":true,""last_update_ts"":1784109750.144623,""raw"":[16138,15901,15223]},""pinky"":{""age_s"":0.009163141250610352,""channels"":3,""force"":[-1.0243618657008948,-0.750162535830003],""has_data"":true,""last_update_ts"":1784109750.144623,""raw"":[17411,15280,17697]},""ring"":{""age_s"":0.009163141250610352,""channels"":3,""force"":[0.29514696646661065,0.24422605680000053],""has_data"":true,""last_update_ts"":1784109750.144623,""raw"":[15776,16390,15643]},""thumb"":{""age_s"":0.009163141250610352,""channels"":3,""force"":[0.0,-2.220446049250313e-16],""has_data"":true,""last_update_ts"":1784109750.144623,""raw"":[0,0,0]}}","{""ble"":{""connection_state"":""connected"",""counter"":56891,""finger_order"":""DexterController.Visualizer"",""last_error"":null,""last_sample_age_s"":0.009186751995002851,""reconnect_count"":0,""sample_hz"":20.0,""sample_sequence"":161,""timestamp_us"":715321824},""fingers"":{""index"":{""has_data"":true,""last_update_ts"":1784109750.144623,""mapped"":true},""middle"":{""has_data"":true,""last_update_ts"":1784109750.144623,""mapped"":true},""pinky"":{""has_data"":true,""last_update_ts"":1784109750.144623,""mapped"":true},""ring"":{""has_data"":true,""last_update_ts"":1784109750.144623,""mapped"":true},""thumb"":{""has_data"":true,""last_update_ts"":1784109750.144623,""mapped"":true}},""ports"":{""available"":[""BLE:Dexter""],""unavailable"":[]}}"
1784109750.204011,1784109750.2038088,163,ble,"{""index"":{""age_s"":0.00907754898071289,""channels"":3,""force"":[0.07643056623484057,-0.2606003037900031],""has_data"":true,""last_update_ts"":1784109750.1947312,""raw"":[16871,17030,17420]},""middle"":{""age_s"":0.00907754898071289,""channels"":3,""force"":[-0.12738427705806465,0.298899389969999],""has_data"":true,""last_update_ts"":1784109750.1947312,""raw"":[16066,15801,15395]},""pinky"":{""age_s"":0.00907754898071289,""channels"":3,""force"":[-1.0306109057075172,-0.742669236360002],""has_data"":true,""last_update_ts"":1784109750.1947312,""raw"":[17419,15275,17685]},""ring"":{""age_s"":0.00907754898071289,""channels"":3,""force"":[0.28841723107486494,0.23978558303999797],""has_data"":true,""last_update_ts"":1784109750.1947312,""raw"":[15780,16380,15648]},""thumb"":{""age_s"":0.00907754898071289,""channels"":3,""force"":[0.0,-2.220446049250313e-16],""has_data"":true,""last_update_ts"":1784109750.1947312,""raw"":[0,0,0]}}","{""ble"":{""connection_state"":""connected"",""counter"":56896,""finger_order"":""DexterController.Visualizer"",""last_error"":null,""last_sample_age_s"":0.009113052990869619,""reconnect_count"":0,""sample_hz"":20.0,""sample_sequence"":162,""timestamp_us"":715368800},""fingers"":{""index"":{""has_data"":true,""last_update_ts"":1784109750.1947312,""mapped"":true},""middle"":{""has_data"":true,""last_update_ts"":1784109750.1947312,""mapped"":true},""pinky"":{""has_data"":true,""last_update_ts"":1784109750.1947312,""mapped"":true},""ring"":{""has_data"":true,""last_update_ts"":1784109750.1947312,""mapped"":true},""thumb"":{""has_data"":true,""last_update_ts"":1784109750.1947312,""mapped"":true}},""ports"":{""available"":[""BLE:Dexter""],""unavailable"":[]}}"
1784109750.254044,1784109750.2538311,164,ble,"{""index"":{""age_s"":0.009155511856079102,""channels"":3,""force"":[0.026438246181864855,-0.024700135290003367],""has_data"":true,""last_update_ts"":1784109750.2446756,""raw"":[17115,17170,17187]},""middle"":{""age_s"":0.009155511856079102,""channels"":3,""force"":[0.11536689242994491,0.20037637841999967],""has_data"":true,""last_update_ts"":1784109750.2446756,""raw"":[15768,16008,15527]},""pinky"":{""age_s"":0.009155511856079102,""channels"":3,""force"":[-1.034456468788516,-0.7443344140200026],""has_data"":true,""last_update_ts"":1784109750.2446756,""raw"":[17428,15276,17693]},""ring"":{""age_s"":0.009155511856079102,""channels"":3,""force"":[0.290340012615367,0.23978558304000064],""has_data"":true,""last_update_ts"":1784109750.2446756,""raw"":[15777,16381,15647]},""thumb"":{""age_s"":0.009155511856079102,""channels"":3,""force"":[0.0,-2.220446049250313e-16],""has_data"":true,""last_update_ts"":1784109750.2446756,""raw"":[0,0,0]}}","{""ble"":{""connection_state"":""connected"",""counter"":56902,""finger_order"":""DexterController.Visualizer"",""last_error"":null,""last_sample_age_s"":0.009192033001454547,""reconnect_count"":0,""sample_hz"":20.0,""sample_sequence"":163,""timestamp_us"":715425216},""fingers"":{""index"":{""has_data"":true,""last_update_ts"":1784109750.2446756,""mapped"":true},""middle"":{""has_data"":true,""last_update_ts"":1784109750.2446756,""mapped"":true},""pinky"":{""has_data"":true,""last_update_ts"":1784109750.2446756,""mapped"":true},""ring"":{""has_data"":true,""last_update_ts"":1784109750.2446756,""mapped"":true},""thumb"":{""has_data"":true,""last_update_ts"":1784109750.2446756,""mapped"":true}},""ports"":{""available"":[""BLE:Dexter""],""unavailable"":[]}}"
1784109750.3040192,1784109750.303808,165,ble,"{""index"":{""age_s"":0.009136438369750977,""channels"":3,""force"":[0.40955246812630897,1.095131841059998],""has_data"":true,""last_update_ts"":1784109750.2946715,""raw"":[17537,18389,15990]},""middle"":{""age_s"":0.009136438369750977,""channels"":3,""force"":[0.45762200663878794,-0.3924268685400021],""has_data"":true,""last_update_ts"":1784109750.2946715,""raw"":[15182,16134,16365]},""pinky"":{""age_s"":0.009136438369750977,""channels"":3,""force"":[-1.0291688195521456,-0.7412815883099997],""has_data"":true,""last_update_ts"":1784109750.2946715,""raw"":[17417,15276,17682]},""ring"":{""age_s"":0.009136438369750977,""channels"":3,""force"":[0.28985931723024194,0.25504971158999723],""has_data"":true,""last_update_ts"":1784109750.2946715,""raw"":[15779,16382,15621]},""thumb"":{""age_s"":0.009136438369750977,""channels"":3,""force"":[0.0,-2.220446049250313e-16],""has_data"":true,""last_update_ts"":1784109750.2946715,""raw"":[0,0,0]}}","{""ble"":{""connection_state"":""connected"",""counter"":56907,""finger_order"":""DexterController.Visualizer"",""last_error"":null,""last_sample_age_s"":0.00917375499557238,""reconnect_count"":0,""sample_hz"":20.0,""sample_sequence"":164,""timestamp_us"":715472128},""fingers"":{""index"":{""has_data"":true,""last_update_ts"":1784109750.2946715,""mapped"":true},""middle"":{""has_data"":true,""last_update_ts"":1784109750.2946715,""mapped"":true},""pinky"":{""has_data"":true,""last_update_ts"":1784109750.2946715,""mapped"":true},""ring"":{""has_data"":true,""last_update_ts"":1784109750.2946715,""mapped"":true},""thumb"":{""has_data"":true,""last_update_ts"":1784109750.2946715,""mapped"":true}},""ports"":{""available"":[""BLE:Dexter""],""unavailable"":[]}}"
1784109750.3540623,1784109750.35381,166,ble,"{""index"":{""age_s"":0.009139299392700195,""channels"":3,""force"":[0.4287802835312995,2.224122294539999],""has_data"":true,""last_update_ts"":1784109750.3446708,""raw"":[18174,19066,14613]},""middle"":{""age_s"":0.009139299392700195,""channels"":3,""force"":[1.695412623335086,-2.3875872348300007],""has_data"":true,""last_update_ts"":1784109750.3446708,""raw"":[12817,16344,18882]},""pinky"":{""age_s"":0.009139299392700195,""channels"":3,""force"":[-1.031091601092644,-0.7540479503699995],""has_data"":true,""last_update_ts"":1784109750.3446708,""raw"":[17413,15268,17699]},""ring"":{""age_s"":0.009139299392700195,""channels"":3,""force"":[0.28745584030461835,0.24478111601999775],""has_data"":true,""last_update_ts"":1784109750.3446708,""raw"":[15787,16385,15645]},""thumb"":{""age_s"":0.009139299392700195,""channels"":3,""force"":[0.0,-2.220446049250313e-16],""has_data"":true,""last_update_ts"":1784109750.3446708,""raw"":[0,0,0]}}","{""ble"":{""connection_state"":""connected"",""counter"":56912,""finger_order"":""DexterController.Visualizer"",""last_error"":null,""last_sample_age_s"":0.0092258770018816,""reconnect_count"":0,""sample_hz"":20.0,""sample_sequence"":165,""timestamp_us"":715519200},""fingers"":{""index"":{""has_data"":true,""last_update_ts"":1784109750.3446708,""mapped"":true},""middle"":{""has_data"":true,""last_update_ts"":1784109750.3446708,""mapped"":true},""pinky"":{""has_data"":true,""last_update_ts"":1784109750.3446708,""mapped"":true},""ring"":{""has_data"":true,""last_update_ts"":1784109750.3446708,""mapped"":true},""thumb"":{""has_data"":true,""last_update_ts"":1784109750.3446708,""mapped"":true}},""ports"":{""available"":[""BLE:Dexter""],""unavailable"":[]}}"
1784109750.404022,1784109750.4038055,167,ble,"{""index"":{""age_s"":0.009134292602539062,""channels"":3,""force"":[0.539340222109999,5.132077548119998],""has_data"":true,""last_update_ts"":1784109750.3946712,""raw"":[19629,20751,10944]},""middle"":{""age_s"":0.009134292602539062,""channels"":3,""force"":[2.331372617855161,-4.799597075340003],""has_data"":true,""last_update_ts"":1784109750.3946712,""raw"":[11023,15873,22095]},""pinky"":{""age_s"":0.009134292602539062,""channels"":3,""force"":[-1.0229197795455214,-0.7432242955800028],""has_data"":true,""last_update_ts"":1784109750.3946712,""raw"":[17411,15283,17686]},""ring"":{""age_s"":0.009134292602539062,""channels"":3,""force"":[0.2840909726087446,0.2445035864099987],""has_data"":true,""last_update_ts"":1784109750.3946712,""raw"":[15790,16381,15645]},""thumb"":{""age_s"":0.009134292602539062,""channels"":3,""force"":[0.0,-2.220446049250313e-16],""has_data"":true,""last_update_ts"":1784109750.3946712,""raw"":[0,0,0]}}","{""ble"":{""connection_state"":""connected"",""counter"":56918,""finger_order"":""DexterController.Visualizer"",""last_error"":null,""last_sample_age_s"":0.00918105999880936,""reconnect_count"":0,""sample_hz"":20.0,""sample_sequence"":166,""timestamp_us"":715575712},""fingers"":{""index"":{""has_data"":true,""last_update_ts"":1784109750.3946712,""mapped"":true},""middle"":{""has_data"":true,""last_update_ts"":1784109750.3946712,""mapped"":true},""pinky"":{""has_data"":true,""last_update_ts"":1784109750.3946712,""mapped"":true},""ring"":{""has_data"":true,""last_update_ts"":1784109750.3946712,""mapped"":true},""thumb"":{""has_data"":true,""last_update_ts"":1784109750.3946712,""mapped"":true}},""ports"":{""available"":[""BLE:Dexter""],""unavailable"":[]}}"
1784109750.4540205,1784109750.4538133,168,ble,"{""index"":{""age_s"":0.009142160415649414,""channels"":3,""force"":[0.05047301543810079,4.41688374315],""has_data"":true,""last_update_ts"":1784109750.4446712,""raw"":[19683,19788,11778]},""middle"":{""age_s"":0.009142160415649414,""channels"":3,""force"":[2.5255735534455708,-6.959887559579999],""has_data"":true,""last_update_ts"":1784109750.4446712,""raw"":[9674,14928,24840]},""pinky"":{""age_s"":0.009142160415649414,""channels"":3,""force"":[-1.042147594950512,-0.7704221973600003],""has_data"":true,""last_update_ts"":1784109750.4446712,""raw"":[17411,15243,17715]},""ring"":{""age_s"":0.009142160415649414,""channels"":3,""force"":[0.319662431107977,0.23562263888999802],""has_data"":true,""last_update_ts"":1784109750.4446712,""raw"":[15749,16414,15657]},""thumb"":{""age_s"":0.009142160415649414,""channels"":3,""force"":[0.0,-2.220446049250313e-16],""has_data"":true,""last_update_ts"":1784109750.4446712,""raw"":[0,0,0]}}","{""ble"":{""connection_state"":""connected"",""counter"":56923,""finger_order"":""DexterController.Visualizer"",""last_error"":null,""last_sample_age_s"":0.009178545005852357,""reconnect_count"":0,""sample_hz"":20.0,""sample_sequence"":167,""timestamp_us"":715622720},""fingers"":{""index"":{""has_data"":true,""last_update_ts"":1784109750.4446712,""mapped"":true},""middle"":{""has_data"":true,""last_update_ts"":1784109750.4446712,""mapped"":true},""pinky"":{""has_data"":true,""last_update_ts"":1784109750.4446712,""mapped"":true},""ring"":{""has_data"":true,""last_update_ts"":1784109750.4446712,""mapped"":true},""thumb"":{""has_data"":true,""last_update_ts"":1784109750.4446712,""mapped"":true}},""ports"":{""available"":[""BLE:Dexter""],""unavailable"":[]}}"
1784109750.5040033,1784109750.5037942,169,ble,"{""index"":{""age_s"":0.009121894836425781,""channels"":3,""force"":[-0.314855477256728,4.880913251069997],""has_data"":true,""last_update_ts"":1784109750.4946723,""raw"":[20452,19797,11331]},""middle"":{""age_s"":0.009121894836425781,""channels"":3,""force"":[2.5755658734985456,-8.310346641839999],""has_data"":true,""last_update_ts"":1784109750.4946723,""raw"":[9019,14377,26670]},""pinky"":{""age_s"":0.009121894836425781,""channels"":3,""force"":[-1.0479159395720092,-0.7315680519600036],""has_data"":true,""last_update_ts"":1784109750.4946723,""raw"":[17448,15268,17676]},""ring"":{""age_s"":0.009121894836425781,""channels"":3,""force"":[0.2845716679938679,0.271423958579998],""has_data"":true,""last_update_ts"":1784109750.4946723,""raw"":[15808,16400,15615]},""thumb"":{""age_s"":0.009121894836425781,""channels"":3,""force"":[0.0,-2.220446049250313e-16],""has_data"":true,""last_update_ts"":1784109750.4946723,""raw"":[0,0,0]}}","{""ble"":{""connection_state"":""connected"",""counter"":56928,""finger_order"":""DexterController.Visualizer"",""last_error"":null,""last_sample_age_s"":0.009158221000689082,""reconnect_count"":0,""sample_hz"":20.0,""sample_sequence"":168,""timestamp_us"":715669632},""fingers"":{""index"":{""has_data"":true,""last_update_ts"":1784109750.4946723,""mapped"":true},""middle"":{""has_data"":true,""last_update_ts"":1784109750.4946723,""mapped"":true},""pinky"":{""has_data"":true,""last_update_ts"":1784109750.4946723,""mapped"":true},""ring"":{""has_data"":true,""last_update_ts"":1784109750.4946723,""mapped"":true},""thumb"":{""has_data"":true,""last_update_ts"":1784109750.4946723,""mapped"":true}},""ports"":{""available"":[""BLE:Dexter""],""unavailable"":[]}}"
1784109750.5540392,1784109750.5538132,170,ble,"{""index"":{""age_s"":0.009142637252807617,""channels"":3,""force"":[-0.33985163728321766,5.446518596249998],""has_data"":true,""last_update_ts"":1784109750.5446706,""raw"":[20823,20116,10657]},""middle"":{""age_s"":0.009142637252807617,""channels"":3,""force"":[2.46116037183885,-8.188233613440005],""has_data"":true,""last_update_ts"":1784109750.5446706,""raw"":[9162,14282,26474]},""pinky"":{""age_s"":0.009142637252807617,""channels"":3,""force"":[-1.0291688195521456,-0.7468321805100002],""has_data"":true,""last_update_ts"":1784109750.5446706,""raw"":[17421,15280,17696]},""ring"":{""age_s"":0.009142637252807617,""channels"":3,""force"":[0.2941855756963605,0.23312487239999768],""has_data"":true,""last_update_ts"":1784109750.5446706,""raw"":[15772,16384,15658]},""thumb"":{""age_s"":0.009142637252807617,""channels"":3,""force"":[0.0,-2.220446049250313e-16],""has_data"":true,""last_update_ts"":1784109750.5446706,""raw"":[0,0,0]}}","{""ble"":{""connection_state"":""connected"",""counter"":56934,""finger_order"":""DexterController.Visualizer"",""last_error"":null,""last_sample_age_s"":0.009182463996694423,""reconnect_count"":0,""sample_hz"":20.0,""sample_sequence"":169,""timestamp_us"":715726144},""fingers"":{""index"":{""has_data"":true,""last_update_ts"":1784109750.5446706,""mapped"":true},""middle"":{""has_data"":true,""last_update_ts"":1784109750.5446706,""mapped"":true},""pinky"":{""has_data"":true,""last_update_ts"":1784109750.5446706,""mapped"":true},""ring"":{""has_data"":true,""last_update_ts"":1784109750.5446706,""mapped"":true},""thumb"":{""has_data"":true,""last_update_ts"":1784109750.5446706,""mapped"":true}},""ports"":{""available"":[""BLE:Dexter""],""unavailable"":[]}}"
1784109750.6040142,1784109750.6038055,171,ble,"{""index"":{""age_s"":0.009132862091064453,""channels"":3,""force"":[-0.16680129863829762,5.208398190869999],""has_data"":true,""last_update_ts"":1784109750.5946727,""raw"":[20602,20255,11045]},""middle"":{""age_s"":0.009132862091064453,""channels"":3,""force"":[2.3169517563014175,-7.83632606796],""has_data"":true,""last_update_ts"":1784109750.5946727,""raw"":[9402,14222,25930]},""pinky"":{""age_s"":0.009132862091064453,""channels"":3,""force"":[-1.035898554943893,-0.7435018251899983],""has_data"":true,""last_update_ts"":1784109750.5946727,""raw"":[17429,15274,17691]},""ring"":{""age_s"":0.009132862091064453,""channels"":3,""force"":[0.28985931723024194,0.24394852718999616],""has_data"":true,""last_update_ts"":1784109750.5946727,""raw"":[15783,16386,15645]},""thumb"":{""age_s"":0.009132862091064453,""channels"":3,""force"":[0.0,-2.220446049250313e-16],""has_data"":true,""last_update_ts"":1784109750.5946727,""raw"":[0,0,0]}}","{""ble"":{""connection_state"":""connected"",""counter"":56939,""finger_order"":""DexterController.Visualizer"",""last_error"":null,""last_sample_age_s"":0.009167740994598716,""reconnect_count"":0,""sample_hz"":20.0,""sample_sequence"":170,""timestamp_us"":715773152},""fingers"":{""index"":{""has_data"":true,""last_update_ts"":1784109750.5946727,""mapped"":true},""middle"":{""has_data"":true,""last_update_ts"":1784109750.5946727,""mapped"":true},""pinky"":{""has_data"":true,""last_update_ts"":1784109750.5946727,""mapped"":true},""ring"":{""has_data"":true,""last_update_ts"":1784109750.5946727,""mapped"":true},""thumb"":{""has_data"":true,""last_update_ts"":1784109750.5946727,""mapped"":true}},""ports"":{""available"":[""BLE:Dexter""],""unavailable"":[]}}"
1784109750.6539106,1784109750.653789,172,ble,"{""index"":{""age_s"":0.009163379669189453,""channels"":3,""force"":[0.057683446214973344,2.828581785119998],""has_data"":true,""last_update_ts"":1784109750.6446257,""raw"":[19111,19231,14075]},""middle"":{""age_s"":0.009163379669189453,""channels"":3,""force"":[1.1969315089606916,-4.271735757120001],""has_data"":true,""last_update_ts"":1784109750.6446257,""raw"":[12259,14749,21200]},""pinky"":{""age_s"":0.009163379669189453,""channels"":3,""force"":[-1.043108985720762,-0.7609861906200033],""has_data"":true,""last_update_ts"":1784109750.6446257,""raw"":[17419,15249,17705]},""ring"":{""age_s"":0.009163379669189453,""channels"":3,""force"":[0.28793653568973987,0.2556047708099989],""has_data"":true,""last_update_ts"":1784109750.6446257,""raw"":[15792,16391,15631]},""thumb"":{""age_s"":0.009163379669189453,""channels"":3,""force"":[0.0,-2.220446049250313e-16],""has_data"":true,""last_update_ts"":1784109750.6446257,""raw"":[0,0,0]}}","{""ble"":{""connection_state"":""connected"",""counter"":56944,""finger_order"":""DexterController.Visualizer"",""last_error"":null,""last_sample_age_s"":0.009187534000375308,""reconnect_count"":0,""sample_hz"":20.0,""sample_sequence"":171,""timestamp_us"":715820032},""fingers"":{""index"":{""has_data"":true,""last_update_ts"":1784109750.6446257,""mapped"":true},""middle"":{""has_data"":true,""last_update_ts"":1784109750.6446257,""mapped"":true},""pinky"":{""has_data"":true,""last_update_ts"":1784109750.6446257,""mapped"":true},""ring"":{""has_data"":true,""last_update_ts"":1784109750.6446257,""mapped"":true},""thumb"":{""has_data"":true,""last_update_ts"":1784109750.6446257,""mapped"":true}},""ports"":{""available"":[""BLE:Dexter""],""unavailable"":[]}}"
1784109750.703912,1784109750.7037852,173,ble,"{""index"":{""age_s"":0.009161233901977539,""channels"":3,""force"":[-0.19564302174578252,-0.3305377655100008],""has_data"":true,""last_update_ts"":1784109750.694624,""raw"":[17195,16788,17587]},""middle"":{""age_s"":0.009161233901977539,""channels"":3,""force"":[0.4061876004304352,-0.19288307895000045],""has_data"":true,""last_update_ts"":1784109750.694624,""raw"":[15185,16030,15955]},""pinky"":{""age_s"":0.009161233901977539,""channels"":3,""force"":[-1.0296495149372689,-0.7543254799800012],""has_data"":true,""last_update_ts"":1784109750.694624,""raw"":[17407,15265,17695]},""ring"":{""age_s"":0.009161233901977539,""channels"":3,""force"":[0.29851183416248794,0.2522744154899996],""has_data"":true,""last_update_ts"":1784109750.694624,""raw"":[15779,16400,15635]},""thumb"":{""age_s"":0.009161233901977539,""channels"":3,""force"":[0.0,-2.220446049250313e-16],""has_data"":true,""last_update_ts"":1784109750.694624,""raw"":[0,0,0]}}","{""ble"":{""connection_state"":""connected"",""counter"":56950,""finger_order"":""DexterController.Visualizer"",""last_error"":null,""last_sample_age_s"":0.009185709990561008,""reconnect_count"":0,""sample_hz"":20.0,""sample_sequence"":172,""timestamp_us"":715876192},""fingers"":{""index"":{""has_data"":true,""last_update_ts"":1784109750.694624,""mapped"":true},""middle"":{""has_data"":true,""last_update_ts"":1784109750.694624,""mapped"":true},""pinky"":{""has_data"":true,""last_update_ts"":1784109750.694624,""mapped"":true},""ring"":{""has_data"":true,""last_update_ts"":1784109750.694624,""mapped"":true},""thumb"":{""has_data"":true,""last_update_ts"":1784109750.694624,""mapped"":true}},""ports"":{""available"":[""BLE:Dexter""],""unavailable"":[]}}"
1784109750.7540405,1784109750.7538283,174,ble,"{""index"":{""age_s"":0.009153127670288086,""channels"":3,""force"":[-0.31004852340548084,-0.650806935450003],""has_data"":true,""last_update_ts"":1784109750.7446752,""raw"":[16929,16284,17779]},""middle"":{""age_s"":0.009153127670288086,""channels"":3,""force"":[-0.0052876492363722605,-0.46819245207000204],""has_data"":true,""last_update_ts"":1784109750.7446752,""raw"":[15453,15442,16291]},""pinky"":{""age_s"":0.009153127670288086,""channels"":3,""force"":[-1.0450317672612606,-0.699374617200001],""has_data"":true,""last_update_ts"":1784109750.7446752,""raw"":[17460,15286,17633]},""ring"":{""age_s"":0.009153127670288086,""channels"":3,""force"":[0.2812068002979924,0.27891725804999634],""has_data"":true,""last_update_ts"":1784109750.7446752,""raw"":[15818,16403,15608]},""thumb"":{""age_s"":0.009153127670288086,""channels"":3,""force"":[0.0,-2.220446049250313e-16],""has_data"":true,""last_update_ts"":1784109750.7446752,""raw"":[0,0,0]}}","{""ble"":{""connection_state"":""connected"",""counter"":56955,""finger_order"":""DexterController.Visualizer"",""last_error"":null,""last_sample_age_s"":0.009190330005367287,""reconnect_count"":0,""sample_hz"":20.0,""sample_sequence"":173,""timestamp_us"":715923104},""fingers"":{""index"":{""has_data"":true,""last_update_ts"":1784109750.7446752,""mapped"":true},""middle"":{""has_data"":true,""last_update_ts"":1784109750.7446752,""mapped"":true},""pinky"":{""has_data"":true,""last_update_ts"":1784109750.7446752,""mapped"":true},""ring"":{""has_data"":true,""last_update_ts"":1784109750.7446752,""mapped"":true},""thumb"":{""has_data"":true,""last_update_ts"":1784109750.7446752,""mapped"":true}},""ports"":{""available"":[""BLE:Dexter""],""unavailable"":[]}}"
1784109750.8039055,1784109750.803787,175,ble,"{""index"":{""age_s"":0.009113073348999023,""channels"":3,""force"":[-0.39032465272131844,-0.739338881040001],""has_data"":true,""last_update_ts"":1784109750.794674,""raw"":[16951,16139,17877]},""middle"":{""age_s"":0.009113073348999023,""channels"":3,""force"":[-0.043743280046353306,0.010823654789997583],""has_data"":true,""last_update_ts"":1784109750.794674,""raw"":[15791,15700,15726]},""pinky"":{""age_s"":0.009113073348999023,""channels"":3,""force"":[-0.7912246039153814,-0.6577451757000015],""has_data"":true,""last_update_ts"":1784109750.794674,""raw"":[17323,15677,17685]},""ring"":{""age_s"":0.009113073348999023,""channels"":3,""force"":[0.3388902465129693,0.3288725878499976],""has_data"":true,""last_update_ts"":1784109750.794674,""raw"":[15757,16462,15517]},""thumb"":{""age_s"":0.009113073348999023,""channels"":3,""force"":[0.0,-2.220446049250313e-16],""has_data"":true,""last_update_ts"":1784109750.794674,""raw"":[0,0,0]}}","{""ble"":{""connection_state"":""connected"",""counter"":56960,""finger_order"":""DexterController.Visualizer"",""last_error"":null,""last_sample_age_s"":0.00913709400629159,""reconnect_count"":0,""sample_hz"":20.0,""sample_sequence"":174,""timestamp_us"":715969984},""fingers"":{""index"":{""has_data"":true,""last_update_ts"":1784109750.794674,""mapped"":true},""middle"":{""has_data"":true,""last_update_ts"":1784109750.794674,""mapped"":true},""pinky"":{""has_data"":true,""last_update_ts"":1784109750.794674,""mapped"":true},""ring"":{""has_data"":true,""last_update_ts"":1784109750.794674,""mapped"":true},""thumb"":{""has_data"":true,""last_update_ts"":1784109750.794674,""mapped"":true}},""ports"":{""available"":[""BLE:Dexter""],""unavailable"":[]}}"
1784109750.853908,1784109750.8537872,176,ble,"{""index"":{""age_s"":0.009145021438598633,""channels"":3,""force"":[-0.39032465272131667,-0.7143612161400021],""has_data"":true,""last_update_ts"":1784109750.8446422,""raw"":[16975,16163,17856]},""middle"":{""age_s"":0.009145021438598633,""channels"":3,""force"":[-0.025476855411611155,-0.08464653105000153],""has_data"":true,""last_update_ts"":1784109750.8446422,""raw"":[15728,15675,15854]},""pinky"":{""age_s"":0.009145021438598633,""channels"":3,""force"":[-1.0282074287818972,-0.7379512329900004],""has_data"":true,""last_update_ts"":1784109750.8446422,""raw"":[17425,15286,17685]},""ring"":{""age_s"":0.009145021438598633,""channels"":3,""force"":[0.2788033233723688,0.2519968858799988],""has_data"":true,""last_update_ts"":1784109750.8446422,""raw"":[15797,16377,15633]},""thumb"":{""age_s"":0.009145021438598633,""channels"":3,""force"":[0.0,-2.220446049250313e-16],""has_data"":true,""last_update_ts"":1784109750.8446422,""raw"":[0,0,0]}}","{""ble"":{""connection_state"":""connected"",""counter"":56966,""finger_order"":""DexterController.Visualizer"",""last_error"":null,""last_sample_age_s"":0.009169523997115903,""reconnect_count"":0,""sample_hz"":20.0,""sample_sequence"":175,""timestamp_us"":716026144},""fingers"":{""index"":{""has_data"":true,""last_update_ts"":1784109750.8446422,""mapped"":true},""middle"":{""has_data"":true,""last_update_ts"":1784109750.8446422,""mapped"":true},""pinky"":{""has_data"":true,""last_update_ts"":1784109750.8446422,""mapped"":true},""ring"":{""has_data"":true,""last_update_ts"":1784109750.8446422,""mapped"":true},""thumb"":{""has_data"":true,""last_update_ts"":1784109750.8446422,""mapped"":true}},""ports"":{""available"":[""BLE:Dexter""],""unavailable"":[]}}"
1784109750.90392,1784109750.903787,177,ble,"{""index"":{""age_s"":0.009163856506347656,""channels"":3,""force"":[-0.38984395733619337,-0.7534928911500032],""has_data"":true,""last_update_ts"":1784109750.894623,""raw"":[16943,16132,17895]},""middle"":{""age_s"":0.009163856506347656,""channels"":3,""force"":[-0.010094603087621223,-0.003607884930001859],""has_data"":true,""last_update_ts"":1784109750.894623,""raw"":[15764,15743,15760]},""pinky"":{""age_s"":0.009163856506347656,""channels"":3,""force"":[-1.0426282903356388,-0.7479422989500026],""has_data"":true,""last_update_ts"":1784109750.894623,""raw"":[17430,15261,17693]},""ring"":{""age_s"":0.009163856506347656,""channels"":3,""force"":[0.2879365356897434,0.25893512612999814],""has_data"":true,""last_update_ts"":1784109750.894623,""raw"":[15794,16393,15627]},""thumb"":{""age_s"":0.009163856506347656,""channels"":3,""force"":[0.0,-2.220446049250313e-16],""has_data"":true,""last_update_ts"":1784109750.894623,""raw"":[0,0,0]}}","{""ble"":{""connection_state"":""connected"",""counter"":56971,""finger_order"":""DexterController.Visualizer"",""last_error"":null,""last_sample_age_s"":0.009188377007376403,""reconnect_count"":0,""sample_hz"":20.0,""sample_sequence"":176,""timestamp_us"":716073184},""fingers"":{""index"":{""has_data"":true,""last_update_ts"":1784109750.894623,""mapped"":true},""middle"":{""has_data"":true,""last_update_ts"":1784109750.894623,""mapped"":true},""pinky"":{""has_data"":true,""last_update_ts"":1784109750.894623,""mapped"":true},""ring"":{""has_data"":true,""last_update_ts"":1784109750.894623,""mapped"":true},""thumb"":{""has_data"":true,""last_update_ts"":1784109750.894623,""mapped"":true}},""ports"":{""available"":[""BLE:Dexter""],""unavailable"":[]}}"
1784109750.953898,1784109750.9537873,178,ble,"{""index"":{""age_s"":0.009165048599243164,""channels"":3,""force"":[-0.39272812964694204,-0.7401714698700026],""has_data"":true,""last_update_ts"":1784109750.9446223,""raw"":[16958,16141,17883]},""middle"":{""age_s"":0.009165048599243164,""channels"":3,""force"":[-0.015862947709118558,-0.029695668270001363],""has_data"":true,""last_update_ts"":1784109750.9446223,""raw"":[15749,15716,15786]},""pinky"":{""age_s"":0.009165048599243164,""channels"":3,""force"":[-1.0330143826331444,-0.7435018251900019],""has_data"":true,""last_update_ts"":1784109750.9446223,""raw"":[17422,15273,17687]},""ring"":{""age_s"":0.009165048599243164,""channels"":3,""force"":[0.29082070800048854,0.22674169136999556],""has_data"":true,""last_update_ts"":1784109750.9446223,""raw"":[15767,16372,15661]},""thumb"":{""age_s"":0.009165048599243164,""channels"":3,""force"":[0.0,-2.220446049250313e-16],""has_data"":true,""last_update_ts"":1784109750.9446223,""raw"":[0,0,0]}}","{""ble"":{""connection_state"":""connected"",""counter"":56976,""finger_order"":""DexterController.Visualizer"",""last_error"":null,""last_sample_age_s"":0.009188175012241118,""reconnect_count"":0,""sample_hz"":20.0,""sample_sequence"":177,""timestamp_us"":716120224},""fingers"":{""index"":{""has_data"":true,""last_update_ts"":1784109750.9446223,""mapped"":true},""middle"":{""has_data"":true,""last_update_ts"":1784109750.9446223,""mapped"":true},""pinky"":{""has_data"":true,""last_update_ts"":1784109750.9446223,""mapped"":true},""ring"":{""has_data"":true,""last_update_ts"":1784109750.9446223,""mapped"":true},""thumb"":{""has_data"":true,""last_update_ts"":1784109750.9446223,""mapped"":true}},""ports"":{""available"":[""BLE:Dexter""],""unavailable"":[]}}"
1784109751.0040112,1784109751.0038052,179,ble,"{""index"":{""age_s"":0.009133100509643555,""channels"":3,""force"":[-0.39080534810644174,-0.7407265290899998],""has_data"":true,""last_update_ts"":1784109750.994672,""raw"":[16956,16143,17884]},""middle"":{""age_s"":0.009133100509643555,""channels"":3,""force"":[-0.01970851079011382,-0.05689357005000062],""has_data"":true,""last_update_ts"":1784109750.994672,""raw"":[15742,15701,15824]},""pinky"":{""age_s"":0.009133100509643555,""channels"":3,""force"":[-1.0286881241670223,-0.7415591179199978],""has_data"":true,""last_update_ts"":1784109750.994672,""raw"":[17425,15285,17691]},""ring"":{""age_s"":0.009133100509643555,""channels"":3,""force"":[0.2917820987707387,0.23673275732999866],""has_data"":true,""last_update_ts"":1784109750.994672,""raw"":[15773,16380,15650]},""thumb"":{""age_s"":0.009133100509643555,""channels"":3,""force"":[0.0,-2.220446049250313e-16],""has_data"":true,""last_update_ts"":1784109750.994672,""raw"":[0,0,0]}}","{""ble"":{""connection_state"":""connected"",""counter"":56981,""finger_order"":""DexterController.Visualizer"",""last_error"":null,""last_sample_age_s"":0.00917035799648147,""reconnect_count"":0,""sample_hz"":20.0,""sample_sequence"":178,""timestamp_us"":716167328},""fingers"":{""index"":{""has_data"":true,""last_update_ts"":1784109750.994672,""mapped"":true},""middle"":{""has_data"":true,""last_update_ts"":1784109750.994672,""mapped"":true},""pinky"":{""has_data"":true,""last_update_ts"":1784109750.994672,""mapped"":true},""ring"":{""has_data"":true,""last_update_ts"":1784109750.994672,""mapped"":true},""thumb"":{""has_data"":true,""last_update_ts"":1784109750.994672,""mapped"":true}},""ports"":{""available"":[""BLE:Dexter""],""unavailable"":[]}}"
1784109751.053954,1784109751.0537927,180,ble,"{""index"":{""age_s"":0.00912022590637207,""channels"":3,""force"":[-0.3936895204171904,-0.7457220620700014],""has_data"":true,""last_update_ts"":1784109751.0446725,""raw"":[16953,16134,17887]},""middle"":{""age_s"":0.00912022590637207,""channels"":3,""force"":[-0.02211198771573919,-0.04551485604000227],""has_data"":true,""last_update_ts"":1784109751.0446725,""raw"":[15747,15701,15806]},""pinky"":{""age_s"":0.00912022590637207,""channels"":3,""force"":[-1.0325336872480175,-0.7321231111800035],""has_data"":true,""last_update_ts"":1784109751.0446725,""raw"":[17431,15283,17676]},""ring"":{""age_s"":0.00912022590637207,""channels"":3,""force"":[0.28361027722361953,0.23867546459999822],""has_data"":true,""last_update_ts"":1784109751.0446725,""raw"":[15787,16377,15652]},""thumb"":{""age_s"":0.00912022590637207,""channels"":3,""force"":[0.0,-2.220446049250313e-16],""has_data"":true,""last_update_ts"":1784109751.0446725,""raw"":[0,0,0]}}","{""ble"":{""connection_state"":""connected"",""counter"":56987,""finger_order"":""DexterController.Visualizer"",""last_error"":null,""last_sample_age_s"":0.009150615005637519,""reconnect_count"":0,""sample_hz"":20.0,""sample_sequence"":179,""timestamp_us"":716223872},""fingers"":{""index"":{""has_data"":true,""last_update_ts"":1784109751.0446725,""mapped"":true},""middle"":{""has_data"":true,""last_update_ts"":1784109751.0446725,""mapped"":true},""pinky"":{""has_data"":true,""last_update_ts"":1784109751.0446725,""mapped"":true},""ring"":{""has_data"":true,""last_update_ts"":1784109751.0446725,""mapped"":true},""thumb"":{""has_data"":true,""last_update_ts"":1784109751.0446725,""mapped"":true}},""ports"":{""available"":[""BLE:Dexter""],""unavailable"":[]}}"
1784109751.1040163,1784109751.1038065,181,ble,"{""index"":{""age_s"":0.009135723114013672,""channels"":3,""force"":[-0.39032465272131844,-0.7365635849400016],""has_data"":true,""last_update_ts"":1784109751.0946708,""raw"":[16960,16148,17881]},""middle"":{""age_s"":0.009135723114013672,""channels"":3,""force"":[-0.024034769256239485,-0.03330355319999967],""has_data"":true,""last_update_ts"":1784109751.0946708,""raw"":[15760,15710,15795]},""pinky"":{""age_s"":0.009135723114013672,""channels"":3,""force"":[-1.0291688195521438,-0.7579333649100013],""has_data"":true,""last_update_ts"":1784109751.0946708,""raw"":[17409,15268,17704]},""ring"":{""age_s"":0.009135723114013672,""channels"":3,""force"":[0.2864944495343682,0.24700135289999992],""has_data"":true,""last_update_ts"":1784109751.0946708,""raw"":[15786,16382,15639]},""thumb"":{""age_s"":0.009135723114013672,""channels"":3,""force"":[0.0,-2.220446049250313e-16],""has_data"":true,""last_update_ts"":1784109751.0946708,""raw"":[0,0,0]}}","{""ble"":{""connection_state"":""connected"",""counter"":56988,""finger_order"":""DexterController.Visualizer"",""last_error"":null,""last_sample_age_s"":0.009171659999992698,""reconnect_count"":0,""sample_hz"":20.0,""sample_sequence"":180,""timestamp_us"":716233216},""fingers"":{""index"":{""has_data"":true,""last_update_ts"":1784109751.0946708,""mapped"":true},""middle"":{""has_data"":true,""last_update_ts"":1784109751.0946708,""mapped"":true},""pinky"":{""has_data"":true,""last_update_ts"":1784109751.0946708,""mapped"":true},""ring"":{""has_data"":true,""last_update_ts"":1784109751.0946708,""mapped"":true},""thumb"":{""has_data"":true,""last_update_ts"":1784109751.0946708,""mapped"":true}},""ports"":{""available"":[""BLE:Dexter""],""unavailable"":[]}}"
1784109751.1540716,1784109751.1538246,182,ble,"{""index"":{""age_s"":0.009161710739135742,""channels"":3,""force"":[-0.37830726809320225,-0.7013173244700006],""has_data"":true,""last_update_ts"":1784109751.1446629,""raw"":[16973,16186,17843]},""middle"":{""age_s"":0.009161710739135742,""channels"":3,""force"":[-0.009133212317372852,0.006383181030000351],""has_data"":true,""last_update_ts"":1784109751.1446629,""raw"":[15768,15749,15747]},""pinky"":{""age_s"":0.009161710739135742,""channels"":3,""force"":[-1.0551263703488818,-0.7218545156100014],""has_data"":true,""last_update_ts"":1784109751.1446629,""raw"":[17454,15259,17657]},""ring"":{""age_s"":0.009161710739135742,""channels"":3,""force"":[0.28072610491287087,0.28474537985999593],""has_data"":true,""last_update_ts"":1784109751.1446629,""raw"":[15824,16408,15603]},""thumb"":{""age_s"":0.009161710739135742,""channels"":3,""force"":[0.0,-2.220446049250313e-16],""has_data"":true,""last_update_ts"":1784109751.1446629,""raw"":[0,0,0]}}","{""ble"":{""connection_state"":""connected"",""counter"":56999,""finger_order"":""DexterController.Visualizer"",""last_error"":null,""last_sample_age_s"":0.009201845998177305,""reconnect_count"":0,""sample_hz"":20.0,""sample_sequence"":181,""timestamp_us"":716336960},""fingers"":{""index"":{""has_data"":true,""last_update_ts"":1784109751.1446629,""mapped"":true},""middle"":{""has_data"":true,""last_update_ts"":1784109751.1446629,""mapped"":true},""pinky"":{""has_data"":true,""last_update_ts"":1784109751.1446629,""mapped"":true},""ring"":{""has_data"":true,""last_update_ts"":1784109751.1446629,""mapped"":true},""thumb"":{""has_data"":true,""last_update_ts"":1784109751.1446629,""mapped"":true}},""ports"":{""available"":[""BLE:Dexter""],""unavailable"":[]}}"
1784109751.204044,1784109751.2038112,183,ble,"{""index"":{""age_s"":0.009139299392700195,""channels"":3,""force"":[-0.37494240039732674,-0.7215769860000014],""has_data"":true,""last_update_ts"":1784109751.1946719,""raw"":[16957,16177,17867]},""middle"":{""age_s"":0.009139299392700195,""channels"":3,""force"":[-0.020669901560363968,-0.03635637891000343],""has_data"":true,""last_update_ts"":1784109751.1946719,""raw"":[15757,15714,15801]},""pinky"":{""age_s"":0.009139299392700195,""channels"":3,""force"":[-1.0084989179917816,-0.7820784409800021],""has_data"":true,""last_update_ts"":1784109751.1946719,""raw"":[17371,15273,17731]},""ring"":{""age_s"":0.009139299392700195,""channels"":3,""force"":[0.3018767018583617,0.21425285891999923],""has_data"":true,""last_update_ts"":1784109751.1946719,""raw"":[15753,16381,15681]},""thumb"":{""age_s"":0.009139299392700195,""channels"":3,""force"":[0.0,-2.220446049250313e-16],""has_data"":true,""last_update_ts"":1784109751.1946719,""raw"":[0,0,0]}}","{""ble"":{""connection_state"":""connected"",""counter"":57002,""finger_order"":""DexterController.Visualizer"",""last_error"":null,""last_sample_age_s"":0.009178836000501178,""reconnect_count"":0,""sample_hz"":20.0,""sample_sequence"":182,""timestamp_us"":716364992},""fingers"":{""index"":{""has_data"":true,""last_update_ts"":1784109751.1946719,""mapped"":true},""middle"":{""has_data"":true,""last_update_ts"":1784109751.1946719,""mapped"":true},""pinky"":{""has_data"":true,""last_update_ts"":1784109751.1946719,""mapped"":true},""ring"":{""has_data"":true,""last_update_ts"":1784109751.1946719,""mapped"":true},""thumb"":{""has_data"":true,""last_update_ts"":1784109751.1946719,""mapped"":true}},""ports"":{""available"":[""BLE:Dexter""],""unavailable"":[]}}"
1784109751.2540462,1784109751.253812,184,ble,"{""index"":{""age_s"":0.009140729904174805,""channels"":3,""force"":[-0.4172435942883066,-0.7837436186400017],""has_data"":true,""last_update_ts"":1784109751.2446713,""raw"":[16966,16098,17944]},""middle"":{""age_s"":0.009140729904174805,""channels"":3,""force"":[-0.03076450464798519,-0.05217556668000167],""has_data"":true,""last_update_ts"":1784109751.2446713,""raw"":[15761,15697,15823]},""pinky"":{""age_s"":0.009140729904174805,""channels"":3,""force"":[-1.026765342626522,-0.7365635849400025],""has_data"":true,""last_update_ts"":1784109751.2446713,""raw"":[17420,15284,17679]},""ring"":{""age_s"":0.009140729904174805,""channels"":3,""force"":[0.3023573972434832,0.27447678428999733],""has_data"":true,""last_update_ts"":1784109751.2446713,""raw"":[15796,16425,15616]},""thumb"":{""age_s"":0.009140729904174805,""channels"":3,""force"":[0.0,-2.220446049250313e-16],""has_data"":true,""last_update_ts"":1784109751.2446713,""raw"":[0,0,0]}}","{""ble"":{""connection_state"":""connected"",""counter"":57008,""finger_order"":""DexterController.Visualizer"",""last_error"":null,""last_sample_age_s"":0.009180249006021768,""reconnect_count"":0,""sample_hz"":20.0,""sample_sequence"":183,""timestamp_us"":716421472},""fingers"":{""index"":{""has_data"":true,""last_update_ts"":1784109751.2446713,""mapped"":true},""middle"":{""has_data"":true,""last_update_ts"":1784109751.2446713,""mapped"":true},""pinky"":{""has_data"":true,""last_update_ts"":1784109751.2446713,""mapped"":true},""ring"":{""has_data"":true,""last_update_ts"":1784109751.2446713,""mapped"":true},""thumb"":{""has_data"":true,""last_update_ts"":1784109751.2446713,""mapped"":true}},""ports"":{""available"":[""BLE:Dexter""],""unavailable"":[]}}"
1784109751.303941,1784109751.3037922,185,ble,"{""index"":{""age_s"":0.009132623672485352,""channels"":3,""force"":[-0.3908053481064435,-0.7385062922100012],""has_data"":true,""last_update_ts"":1784109751.2946596,""raw"":[16957,16144,17881]},""middle"":{""age_s"":0.009132623672485352,""channels"":3,""force"":[-0.00721043077687078,-0.04079685267000155],""has_data"":true,""last_update_ts"":1784109751.2946596,""raw"":[15738,15723,15804]},""pinky"":{""age_s"":0.009132623672485352,""channels"":3,""force"":[-1.03878272725464,-0.7435018251900019],""has_data"":true,""last_update_ts"":1784109751.2946596,""raw"":[17427,15266,17686]},""ring"":{""age_s"":0.009132623672485352,""channels"":3,""force"":[0.28457166799386613,0.23534510927999808],""has_data"":true,""last_update_ts"":1784109751.2946596,""raw"":[15780,16372,15652]},""thumb"":{""age_s"":0.009132623672485352,""channels"":3,""force"":[0.0,-2.220446049250313e-16],""has_data"":true,""last_update_ts"":1784109751.2946596,""raw"":[0,0,0]}}","{""ble"":{""connection_state"":""connected"",""counter"":57013,""finger_order"":""DexterController.Visualizer"",""last_error"":null,""last_sample_age_s"":0.009162441012449563,""reconnect_count"":0,""sample_hz"":20.0,""sample_sequence"":184,""timestamp_us"":716468480},""fingers"":{""index"":{""has_data"":true,""last_update_ts"":1784109751.2946596,""mapped"":true},""middle"":{""has_data"":true,""last_update_ts"":1784109751.2946596,""mapped"":true},""pinky"":{""has_data"":true,""last_update_ts"":1784109751.2946596,""mapped"":true},""ring"":{""has_data"":true,""last_update_ts"":1784109751.2946596,""mapped"":true},""thumb"":{""has_data"":true,""last_update_ts"":1784109751.2946596,""mapped"":true}},""ports"":{""available"":[""BLE:Dexter""],""unavailable"":[]}}"
1784109751.3540747,1784109751.3538396,186,ble,"{""index"":{""age_s"":0.009172677993774414,""channels"":3,""force"":[-0.38936326195107007,-0.7498850062200022],""has_data"":true,""last_update_ts"":1784109751.344667,""raw"":[16949,16139,17895]},""middle"":{""age_s"":0.009172677993774414,""channels"":3,""force"":[-0.012978775398366338,-0.03635637891000254],""has_data"":true,""last_update_ts"":1784109751.344667,""raw"":[15742,15715,15794]},""pinky"":{""age_s"":0.009172677993774414,""channels"":3,""force"":[-1.0258039518562736,-0.743224295580001],""has_data"":true,""last_update_ts"":1784109751.344667,""raw"":[17417,15283,17689]},""ring"":{""age_s"":0.009172677993774414,""channels"":3,""force"":[0.2913014033856154,0.24922158977999853],""has_data"":true,""last_update_ts"":1784109751.344667,""raw"":[15786,16392,15640]},""thumb"":{""age_s"":0.009172677993774414,""channels"":3,""force"":[0.0,-2.220446049250313e-16],""has_data"":true,""last_update_ts"":1784109751.344667,""raw"":[0,0,0]}}","{""ble"":{""connection_state"":""connected"",""counter"":57019,""finger_order"":""DexterController.Visualizer"",""last_error"":null,""last_sample_age_s"":0.009212417993694544,""reconnect_count"":0,""sample_hz"":20.0,""sample_sequence"":185,""timestamp_us"":716524992},""fingers"":{""index"":{""has_data"":true,""last_update_ts"":1784109751.344667,""mapped"":true},""middle"":{""has_data"":true,""last_update_ts"":1784109751.344667,""mapped"":true},""pinky"":{""has_data"":true,""last_update_ts"":1784109751.344667,""mapped"":true},""ring"":{""has_data"":true,""last_update_ts"":1784109751.344667,""mapped"":true},""thumb"":{""has_data"":true,""last_update_ts"":1784109751.344667,""mapped"":true}},""ports"":{""available"":[""BLE:Dexter""],""unavailable"":[]}}"
1784109751.4040725,1784109751.4038396,187,ble,"{""index"":{""age_s"":0.009168386459350586,""channels"":3,""force"":[-0.39320882503206356,-0.73989394026],""has_data"":true,""last_update_ts"":1784109751.3946712,""raw"":[16960,16142,17884]},""middle"":{""age_s"":0.009168386459350586,""channels"":3,""force"":[-0.0177857292496153,-0.04190697111000308],""has_data"":true,""last_update_ts"":1784109751.3946712,""raw"":[15748,15711,15805]},""pinky"":{""age_s"":0.009168386459350586,""channels"":3,""force"":[-1.0306109057075172,-0.7498850062200022],""has_data"":true,""last_update_ts"":1784109751.3946712,""raw"":[17418,15274,17697]},""ring"":{""age_s"":0.009168386459350586,""channels"":3,""force"":[0.2946662710814856,0.231737224349998],""has_data"":true,""last_update_ts"":1784109751.3946712,""raw"":[15776,16389,15665]},""thumb"":{""age_s"":0.009168386459350586,""channels"":3,""force"":[0.0,-2.220446049250313e-16],""has_data"":true,""last_update_ts"":1784109751.3946712,""raw"":[0,0,0]}}","{""ble"":{""connection_state"":""connected"",""counter"":57024,""finger_order"":""DexterController.Visualizer"",""last_error"":null,""last_sample_age_s"":0.009206546004861593,""reconnect_count"":0,""sample_hz"":20.0,""sample_sequence"":186,""timestamp_us"":716571968},""fingers"":{""index"":{""has_data"":true,""last_update_ts"":1784109751.3946712,""mapped"":true},""middle"":{""has_data"":true,""last_update_ts"":1784109751.3946712,""mapped"":true},""pinky"":{""has_data"":true,""last_update_ts"":1784109751.3946712,""mapped"":true},""ring"":{""has_data"":true,""last_update_ts"":1784109751.3946712,""mapped"":true},""thumb"":{""has_data"":true,""last_update_ts"":1784109751.3946712,""mapped"":true}},""ports"":{""available"":[""BLE:Dexter""],""unavailable"":[]}}"
1784109751.4539442,1784109751.4537976,188,ble,"{""index"":{""age_s"":0.009124279022216797,""channels"":3,""force"":[-0.4004192558089379,-0.750162535830003],""has_data"":true,""last_update_ts"":1784109751.4446733,""raw"":[16960,16127,17895]},""middle"":{""age_s"":0.009124279022216797,""channels"":3,""force"":[-0.02355407387111441,-0.038576615790002045],""has_data"":true,""last_update_ts"":1784109751.4446733,""raw"":[15758,15709,15803]},""pinky"":{""age_s"":0.009124279022216797,""channels"":3,""force"":[-1.0344564687885214,-0.7448894732399989],""has_data"":true,""last_update_ts"":1784109751.4446733,""raw"":[17425,15273,17691]},""ring"":{""age_s"":0.009124279022216797,""channels"":3,""force"":[0.2864944495343664,0.24811147133999967],""has_data"":true,""last_update_ts"":1784109751.4446733,""raw"":[15793,16389,15644]},""thumb"":{""age_s"":0.009124279022216797,""channels"":3,""force"":[0.0,-2.220446049250313e-16],""has_data"":true,""last_update_ts"":1784109751.4446733,""raw"":[0,0,0]}}","{""ble"":{""connection_state"":""connected"",""counter"":57029,""finger_order"":""DexterController.Visualizer"",""last_error"":null,""last_sample_age_s"":0.009152900005574338,""reconnect_count"":0,""sample_hz"":20.0,""sample_sequence"":187,""timestamp_us"":716618880},""fingers"":{""index"":{""has_data"":true,""last_update_ts"":1784109751.4446733,""mapped"":true},""middle"":{""has_data"":true,""last_update_ts"":1784109751.4446733,""mapped"":true},""pinky"":{""has_data"":true,""last_update_ts"":1784109751.4446733,""mapped"":true},""ring"":{""has_data"":true,""last_update_ts"":1784109751.4446733,""mapped"":true},""thumb"":{""has_data"":true,""last_update_ts"":1784109751.4446733,""mapped"":true}},""ports"":{""available"":[""BLE:Dexter""],""unavailable"":[]}}"
1784109751.5039105,1784109751.503788,189,ble,"{""index"":{""age_s"":0.009159088134765625,""channels"":3,""force"":[-0.40138064657918804,-0.7640390163300017],""has_data"":true,""last_update_ts"":1784109751.494629,""raw"":[16950,16115,17909]},""middle"":{""age_s"":0.009159088134765625,""channels"":3,""force"":[-0.018266424634740375,-0.049400270580001404],""has_data"":true,""last_update_ts"":1784109751.494629,""raw"":[15754,15716,15824]},""pinky"":{""age_s"":0.009159088134765625,""channels"":3,""force"":[-1.0325336872480175,-0.7404489994800034],""has_data"":true,""last_update_ts"":1784109751.494629,""raw"":[17419,15271,17679]},""ring"":{""age_s"":0.009159088134765625,""channels"":3,""force"":[0.29514696646661065,0.24866653055999777],""has_data"":true,""last_update_ts"":1784109751.494629,""raw"":[15781,16395,15640]},""thumb"":{""age_s"":0.009159088134765625,""channels"":3,""force"":[0.0,-2.220446049250313e-16],""has_data"":true,""last_update_ts"":1784109751.494629,""raw"":[0,0,0]}}","{""ble"":{""connection_state"":""connected"",""counter"":57035,""finger_order"":""DexterController.Visualizer"",""last_error"":null,""last_sample_age_s"":0.009184517009998672,""reconnect_count"":0,""sample_hz"":20.0,""sample_sequence"":188,""timestamp_us"":716675488},""fingers"":{""index"":{""has_data"":true,""last_update_ts"":1784109751.494629,""mapped"":true},""middle"":{""has_data"":true,""last_update_ts"":1784109751.494629,""mapped"":true},""pinky"":{""has_data"":true,""last_update_ts"":1784109751.494629,""mapped"":true},""ring"":{""has_data"":true,""last_update_ts"":1784109751.494629,""mapped"":true},""thumb"":{""has_data"":true,""last_update_ts"":1784109751.494629,""mapped"":true}},""ports"":{""available"":[""BLE:Dexter""],""unavailable"":[]}}"
1784109751.5539992,1784109751.5538478,190,ble,"{""index"":{""age_s"":0.009222269058227539,""channels"":3,""force"":[-0.39657369272794085,-0.7462771212900021],""has_data"":true,""last_update_ts"":1784109751.5446255,""raw"":[16957,16132,17889]},""middle"":{""age_s"":0.009222269058227539,""channels"":3,""force"":[-0.024034769256239485,-0.04162944150000225],""has_data"":true,""last_update_ts"":1784109751.5446255,""raw"":[15751,15701,15801]},""pinky"":{""age_s"":0.009222269058227539,""channels"":3,""force"":[-1.035898554943893,-0.7396164106500027],""has_data"":true,""last_update_ts"":1784109751.5446255,""raw"":[17428,15273,17683]},""ring"":{""age_s"":0.009222269058227539,""channels"":3,""force"":[0.2888979264599918,0.24616876406999744],""has_data"":true,""last_update_ts"":1784109751.5446255,""raw"":[15784,16385,15641]},""thumb"":{""age_s"":0.009222269058227539,""channels"":3,""force"":[0.0,-2.220446049250313e-16],""has_data"":true,""last_update_ts"":1784109751.5446255,""raw"":[0,0,0]}}","{""ble"":{""connection_state"":""connected"",""counter"":57040,""finger_order"":""DexterController.Visualizer"",""last_error"":null,""last_sample_age_s"":0.009254347998648882,""reconnect_count"":0,""sample_hz"":20.0,""sample_sequence"":189,""timestamp_us"":716722432},""fingers"":{""index"":{""has_data"":true,""last_update_ts"":1784109751.5446255,""mapped"":true},""middle"":{""has_data"":true,""last_update_ts"":1784109751.5446255,""mapped"":true},""pinky"":{""has_data"":true,""last_update_ts"":1784109751.5446255,""mapped"":true},""ring"":{""has_data"":true,""last_update_ts"":1784109751.5446255,""mapped"":true},""thumb"":{""has_data"":true,""last_update_ts"":1784109751.5446255,""mapped"":true}},""ports"":{""available"":[""BLE:Dexter""],""unavailable"":[]}}"
1784109751.653956,1784109751.653792,191,ble,"{""index"":{""age_s"":0.00916743278503418,""channels"":3,""force"":[-0.40330342811968833,-0.7679244308700026],""has_data"":true,""last_update_ts"":1784109751.6446245,""raw"":[16951,16112,17915]},""middle"":{""age_s"":0.00916743278503418,""channels"":3,""force"":[-0.01634364309424008,-0.04662497448000291],""has_data"":true,""last_update_ts"":1784109751.6446245,""raw"":[15754,15720,15821]},""pinky"":{""age_s"":0.00916743278503418,""channels"":3,""force"":[-1.0310916010926459,-0.7396164106500009],""has_data"":true,""last_update_ts"":1784109751.6446245,""raw"":[17417,15272,17677]},""ring"":{""age_s"":0.00916743278503418,""channels"":3,""force"":[0.29466627108148735,0.2533845339299985],""has_data"":true,""last_update_ts"":1784109751.6446245,""raw"":[15782,16395,15632]},""thumb"":{""age_s"":0.00916743278503418,""channels"":3,""force"":[0.0,-2.220446049250313e-16],""has_data"":true,""last_update_ts"":1784109751.6446245,""raw"":[0,0,0]}}","{""ble"":{""connection_state"":""connected"",""counter"":57052,""finger_order"":""DexterController.Visualizer"",""last_error"":null,""last_sample_age_s"":0.009196532992064022,""reconnect_count"":0,""sample_hz"":20.0,""sample_sequence"":190,""timestamp_us"":716835456},""fingers"":{""index"":{""has_data"":true,""last_update_ts"":1784109751.6446245,""mapped"":true},""middle"":{""has_data"":true,""last_update_ts"":1784109751.6446245,""mapped"":true},""pinky"":{""has_data"":true,""last_update_ts"":1784109751.6446245,""mapped"":true},""ring"":{""has_data"":true,""last_update_ts"":1784109751.6446245,""mapped"":true},""thumb"":{""has_data"":true,""last_update_ts"":1784109751.6446245,""mapped"":true}},""ports"":{""available"":[""BLE:Dexter""],""unavailable"":[]}}"
1784109751.7039158,1784109751.7037663,192,ble,"{""index"":{""age_s"":0.00914311408996582,""channels"":3,""force"":[-0.3956123019576907,-0.7451670028500015],""has_data"":true,""last_update_ts"":1784109751.6946232,""raw"":[16958,16135,17889]},""middle"":{""age_s"":0.00914311408996582,""channels"":3,""force"":[-0.021631292330615892,-0.03580131969000089],""has_data"":true,""last_update_ts"":1784109751.6946232,""raw"":[15752,15707,15794]},""pinky"":{""age_s"":0.00914311408996582,""channels"":3,""force"":[-1.0383020318695166,-0.7376737033800032],""has_data"":true,""last_update_ts"":1784109751.6946232,""raw"":[17430,15270,17679]},""ring"":{""age_s"":0.00914311408996582,""channels"":3,""force"":[0.2893786218451133,0.24367099757999977],""has_data"":true,""last_update_ts"":1784109751.6946232,""raw"":[15785,16387,15647]},""thumb"":{""age_s"":0.00914311408996582,""channels"":3,""force"":[0.0,-2.220446049250313e-16],""has_data"":true,""last_update_ts"":1784109751.6946232,""raw"":[0,0,0]}}","{""ble"":{""connection_state"":""connected"",""counter"":57055,""finger_order"":""DexterController.Visualizer"",""last_error"":null,""last_sample_age_s"":0.00917524799297098,""reconnect_count"":0,""sample_hz"":20.0,""sample_sequence"":191,""timestamp_us"":716863552},""fingers"":{""index"":{""has_data"":true,""last_update_ts"":1784109751.6946232,""mapped"":true},""middle"":{""has_data"":true,""last_update_ts"":1784109751.6946232,""mapped"":true},""pinky"":{""has_data"":true,""last_update_ts"":1784109751.6946232,""mapped"":true},""ring"":{""has_data"":true,""last_update_ts"":1784109751.6946232,""mapped"":true},""thumb"":{""has_data"":true,""last_update_ts"":1784109751.6946232,""mapped"":true}},""ports"":{""available"":[""BLE:Dexter""],""unavailable"":[]}}"
