recorded_at,source_timestamp,sequence,transport,fingers_json,status_json
1784118800.0480504,1784118800.0478945,1261,ble,"{""index"":{""age_s"":0.00923466682434082,""channels"":3,""force"":[-0.40138064657918626,-0.7601536017900026],""has_data"":true,""last_update_ts"":1784118800.0386598,""raw"":[16972,16137,17924]},""middle"":{""age_s"":0.00923466682434082,""channels"":3,""force"":[-0.02307337848598756,-0.030528257100002953],""has_data"":true,""last_update_ts"":1784118800.0386598,""raw"":[15770,15722,15801]},""pinky"":{""age_s"":0.00923466682434082,""channels"":3,""force"":[-1.025323256471145,-0.746832180510002],""has_data"":true,""last_update_ts"":1784118800.0386598,""raw"":[17423,15290,17702]},""ring"":{""age_s"":0.00923466682434082,""channels"":3,""force"":[0.27543845567649505,0.25449465236999735],""has_data"":true,""last_update_ts"":1784118800.0386598,""raw"":[15801,16374,15629]},""thumb"":{""age_s"":0.00923466682434082,""channels"":3,""force"":[0.0,-2.220446049250313e-16],""has_data"":true,""last_update_ts"":1784118800.0386598,""raw"":[0,0,0]}}","{""ble"":{""connection_state"":""connected"",""counter"":997153,""finger_order"":""DexterController.Visualizer"",""last_error"":null,""last_sample_age_s"":0.009260004007956013,""reconnect_count"":0,""sample_hz"":20.0,""sample_sequence"":1260,""timestamp_us"":9764848512},""fingers"":{""index"":{""has_data"":true,""last_update_ts"":1784118800.0386598,""mapped"":true},""middle"":{""has_data"":true,""last_update_ts"":1784118800.0386598,""mapped"":true},""pinky"":{""has_data"":true,""last_update_ts"":1784118800.0386598,""mapped"":true},""ring"":{""has_data"":true,""last_update_ts"":1784118800.0386598,""mapped"":true},""thumb"":{""has_data"":true,""last_update_ts"":1784118800.0386598,""mapped"":true}},""ports"":{""available"":[""BLE:Dexter""],""unavailable"":[]}}"
1784118800.0979316,1784118800.0978003,1262,ble,"{""index"":{""age_s"":0.009140729904174805,""channels"":3,""force"":[-0.41916637582880334,-0.7737525526800013],""has_data"":true,""last_update_ts"":1784118800.0886595,""raw"":[16977,16105,17935]},""middle"":{""age_s"":0.009140729904174805,""channels"":3,""force"":[-0.022592683100862487,-0.04079685267000066],""has_data"":true,""last_update_ts"":1784118800.0886595,""raw"":[15777,15730,15827]},""pinky"":{""age_s"":0.009140729904174805,""channels"":3,""force"":[-1.0286881241670205,-0.7410040587000015],""has_data"":true,""last_update_ts"":1784118800.0886595,""raw"":[17422,15282,17687]},""ring"":{""age_s"":0.009140729904174805,""channels"":3,""force"":[0.27880332337237235,0.27308913623999675],""has_data"":true,""last_update_ts"":1784118800.0886595,""raw"":[15807,16387,15605]},""thumb"":{""age_s"":0.009140729904174805,""channels"":3,""force"":[0.0,-2.220446049250313e-16],""has_data"":true,""last_update_ts"":1784118800.0886595,""raw"":[0,0,0]}}","{""ble"":{""connection_state"":""connected"",""counter"":997158,""finger_order"":""DexterController.Visualizer"",""last_error"":null,""last_sample_age_s"":0.009159786990494467,""reconnect_count"":0,""sample_hz"":20.0,""sample_sequence"":1261,""timestamp_us"":9764895616},""fingers"":{""index"":{""has_data"":true,""last_update_ts"":1784118800.0886595,""mapped"":true},""middle"":{""has_data"":true,""last_update_ts"":1784118800.0886595,""mapped"":true},""pinky"":{""has_data"":true,""last_update_ts"":1784118800.0886595,""mapped"":true},""ring"":{""has_data"":true,""last_update_ts"":1784118800.0886595,""mapped"":true},""thumb"":{""has_data"":true,""last_update_ts"":1784118800.0886595,""mapped"":true}},""ports"":{""available"":[""BLE:Dexter""],""unavailable"":[]}}"
1784118800.1479554,1784118800.1478267,1263,ble,"{""index"":{""age_s"":0.009166717529296875,""channels"":3,""force"":[-0.40138064657918626,-0.7640390163300017],""has_data"":true,""last_update_ts"":1784118800.13866,""raw"":[16968,16133,17927]},""middle"":{""age_s"":0.009166717529296875,""channels"":3,""force"":[-0.024034769256241262,-0.03496873086000374],""has_data"":true,""last_update_ts"":1784118800.13866,""raw"":[15771,15721,15809]},""pinky"":{""age_s"":0.009166717529296875,""channels"":3,""force"":[-1.0286881241670187,-0.7459995916800031],""has_data"":true,""last_update_ts"":1784118800.13866,""raw"":[17427,15287,17701]},""ring"":{""age_s"":0.009166717529296875,""channels"":3,""force"":[0.26870872028474935,0.2517193562700015],""has_data"":true,""last_update_ts"":1784118800.13866,""raw"":[15805,16364,15631]},""thumb"":{""age_s"":0.009166717529296875,""channels"":3,""force"":[0.0,-2.220446049250313e-16],""has_data"":true,""last_update_ts"":1784118800.13866,""raw"":[0,0,0]}}","{""ble"":{""connection_state"":""connected"",""counter"":997163,""finger_order"":""DexterController.Visualizer"",""last_error"":null,""last_sample_age_s"":0.00918690100661479,""reconnect_count"":0,""sample_hz"":20.0,""sample_sequence"":1262,""timestamp_us"":9764942624},""fingers"":{""index"":{""has_data"":true,""last_update_ts"":1784118800.13866,""mapped"":true},""middle"":{""has_data"":true,""last_update_ts"":1784118800.13866,""mapped"":true},""pinky"":{""has_data"":true,""last_update_ts"":1784118800.13866,""mapped"":true},""ring"":{""has_data"":true,""last_update_ts"":1784118800.13866,""mapped"":true},""thumb"":{""has_data"":true,""last_update_ts"":1784118800.13866,""mapped"":true}},""ports"":{""available"":[""BLE:Dexter""],""unavailable"":[]}}"
1784118800.19794,1784118800.1978226,1264,ble,"{""index"":{""age_s"":0.009163379669189453,""channels"":3,""force"":[-0.39849647426843937,-0.7618187794500022],""has_data"":true,""last_update_ts"":1784118800.1886592,""raw"":[16966,16137,17924]},""middle"":{""age_s"":0.009163379669189453,""channels"":3,""force"":[-0.016824338479365153,-0.03469120125000025],""has_data"":true,""last_update_ts"":1784118800.1886592,""raw"":[15758,15723,15803]},""pinky"":{""age_s"":0.009163379669189453,""channels"":3,""force"":[-1.0219583887752748,-0.7432242955800001],""has_data"":true,""last_update_ts"":1784118800.1886592,""raw"":[17420,15294,17696]},""ring"":{""age_s"":0.009163379669189453,""channels"":3,""force"":[0.28120680029799416,0.2539395931499975],""has_data"":true,""last_update_ts"":1784118800.1886592,""raw"":[15792,16377,15627]},""thumb"":{""age_s"":0.009163379669189453,""channels"":3,""force"":[0.0,-2.220446049250313e-16],""has_data"":true,""last_update_ts"":1784118800.1886592,""raw"":[0,0,0]}}","{""ble"":{""connection_state"":""connected"",""counter"":997169,""finger_order"":""DexterController.Visualizer"",""last_error"":null,""last_sample_age_s"":0.009183253001538105,""reconnect_count"":0,""sample_hz"":20.0,""sample_sequence"":1263,""timestamp_us"":9764999008},""fingers"":{""index"":{""has_data"":true,""last_update_ts"":1784118800.1886592,""mapped"":true},""middle"":{""has_data"":true,""last_update_ts"":1784118800.1886592,""mapped"":true},""pinky"":{""has_data"":true,""last_update_ts"":1784118800.1886592,""mapped"":true},""ring"":{""has_data"":true,""last_update_ts"":1784118800.1886592,""mapped"":true},""thumb"":{""has_data"":true,""last_update_ts"":1784118800.1886592,""mapped"":true}},""ports"":{""available"":[""BLE:Dexter""],""unavailable"":[]}}"
1784118800.247935,1784118800.2478018,1265,ble,"{""index"":{""age_s"":0.00914144515991211,""channels"":3,""force"":[-0.40330342811968656,-0.7729199638500033],""has_data"":true,""last_update_ts"":1784118800.2386603,""raw"":[16970,16131,17943]},""middle"":{""age_s"":0.00914144515991211,""channels"":3,""force"":[-0.026918941566988153,-0.038299086180002107],""has_data"":true,""last_update_ts"":1784118800.2386603,""raw"":[15771,15715,15812]},""pinky"":{""age_s"":0.00914144515991211,""channels"":3,""force"":[-1.0166707395389007,-0.739061351430002],""has_data"":true,""last_update_ts"":1784118800.2386603,""raw"":[17416,15301,17690]},""ring"":{""age_s"":0.00914144515991211,""channels"":3,""force"":[0.2913014033856154,0.2625430110599991],""has_data"":true,""last_update_ts"":1784118800.2386603,""raw"":[15796,16402,15626]},""thumb"":{""age_s"":0.00914144515991211,""channels"":3,""force"":[0.0,-2.220446049250313e-16],""has_data"":true,""last_update_ts"":1784118800.2386603,""raw"":[0,0,0]}}","{""ble"":{""connection_state"":""connected"",""counter"":997174,""finger_order"":""DexterController.Visualizer"",""last_error"":null,""last_sample_age_s"":0.009164136004983447,""reconnect_count"":0,""sample_hz"":20.0,""sample_sequence"":1264,""timestamp_us"":9765046144},""fingers"":{""index"":{""has_data"":true,""last_update_ts"":1784118800.2386603,""mapped"":true},""middle"":{""has_data"":true,""last_update_ts"":1784118800.2386603,""mapped"":true},""pinky"":{""has_data"":true,""last_update_ts"":1784118800.2386603,""mapped"":true},""ring"":{""has_data"":true,""last_update_ts"":1784118800.2386603,""mapped"":true},""thumb"":{""has_data"":true,""last_update_ts"":1784118800.2386603,""mapped"":true}},""ports"":{""available"":[""BLE:Dexter""],""unavailable"":[]}}"
1784118800.297935,1784118800.297802,1266,ble,"{""index"":{""age_s"":0.009142875671386719,""channels"":3,""force"":[-0.39657369272794085,-0.7607086610100025],""has_data"":true,""last_update_ts"":1784118800.288659,""raw"":[16965,16140,17923]},""middle"":{""age_s"":0.009142875671386719,""channels"":3,""force"":[-0.02307337848598756,-0.03052825710000473],""has_data"":true,""last_update_ts"":1784118800.288659,""raw"":[15774,15726,15805]},""pinky"":{""age_s"":0.009142875671386719,""channels"":3,""force"":[-1.0176321303091491,-0.7446119436299998],""has_data"":true,""last_update_ts"":1784118800.288659,""raw"":[17416,15299,17699]},""ring"":{""age_s"":0.009142875671386719,""channels"":3,""force"":[0.27976471414261894,0.25366206353999843],""has_data"":true,""last_update_ts"":1784118800.288659,""raw"":[15792,16374,15626]},""thumb"":{""age_s"":0.009142875671386719,""channels"":3,""force"":[0.0,-2.220446049250313e-16],""has_data"":true,""last_update_ts"":1784118800.288659,""raw"":[0,0,0]}}","{""ble"":{""connection_state"":""connected"",""counter"":997179,""finger_order"":""DexterController.Visualizer"",""last_error"":null,""last_sample_age_s"":0.009163262991933152,""reconnect_count"":0,""sample_hz"":20.0,""sample_sequence"":1265,""timestamp_us"":9765093120},""fingers"":{""index"":{""has_data"":true,""last_update_ts"":1784118800.288659,""mapped"":true},""middle"":{""has_data"":true,""last_update_ts"":1784118800.288659,""mapped"":true},""pinky"":{""has_data"":true,""last_update_ts"":1784118800.288659,""mapped"":true},""ring"":{""has_data"":true,""last_update_ts"":1784118800.288659,""mapped"":true},""thumb"":{""has_data"":true,""last_update_ts"":1784118800.288659,""mapped"":true}},""ports"":{""available"":[""BLE:Dexter""],""unavailable"":[]}}"
1784118800.347936,1784118800.347801,1267,ble,"{""index"":{""age_s"":0.009140253067016602,""channels"":3,""force"":[-0.3970543881130659,-0.759321012960001],""has_data"":true,""last_update_ts"":1784118800.3386607,""raw"":[16965,16139,17920]},""middle"":{""age_s"":0.009140253067016602,""channels"":3,""force"":[-0.02211198771573919,-0.03330355320000056],""has_data"":true,""last_update_ts"":1784118800.3386607,""raw"":[15773,15727,15810]},""pinky"":{""age_s"":0.009140253067016602,""channels"":3,""force"":[-1.0209969980050246,-0.7443344140200008],""has_data"":true,""last_update_ts"":1784118800.3386607,""raw"":[17421,15297,17700]},""ring"":{""age_s"":0.009140253067016602,""channels"":3,""force"":[0.2759191510616219,0.25310700431999855],""has_data"":true,""last_update_ts"":1784118800.3386607,""raw"":[15800,16374,15631]},""thumb"":{""age_s"":0.009140253067016602,""channels"":3,""force"":[0.0,-2.220446049250313e-16],""has_data"":true,""last_update_ts"":1784118800.3386607,""raw"":[0,0,0]}}","{""ble"":{""connection_state"":""connected"",""counter"":997184,""finger_order"":""DexterController.Visualizer"",""last_error"":null,""last_sample_age_s"":0.009160558998701163,""reconnect_count"":0,""sample_hz"":20.0,""sample_sequence"":1266,""timestamp_us"":9765140128},""fingers"":{""index"":{""has_data"":true,""last_update_ts"":1784118800.3386607,""mapped"":true},""middle"":{""has_data"":true,""last_update_ts"":1784118800.3386607,""mapped"":true},""pinky"":{""has_data"":true,""last_update_ts"":1784118800.3386607,""mapped"":true},""ring"":{""has_data"":true,""last_update_ts"":1784118800.3386607,""mapped"":true},""thumb"":{""has_data"":true,""last_update_ts"":1784118800.3386607,""mapped"":true}},""ports"":{""available"":[""BLE:Dexter""],""unavailable"":[]}}"
1784118800.3979259,1784118800.3978035,1268,ble,"{""index"":{""age_s"":0.009143590927124023,""channels"":3,""force"":[-0.4052262096601851,-0.7623738386700021],""has_data"":true,""last_update_ts"":1784118800.38866,""raw"":[16974,16131,17926]},""middle"":{""age_s"":0.009143590927124023,""channels"":3,""force"":[-0.022592683100867816,-0.03580131969000355],""has_data"":true,""last_update_ts"":1784118800.38866,""raw"":[15768,15721,15809]},""pinky"":{""age_s"":0.009143590927124023,""channels"":3,""force"":[-1.0190742164645243,-0.7465546509000012],""has_data"":true,""last_update_ts"":1784118800.38866,""raw"":[17413,15293,17698]},""ring"":{""age_s"":0.009143590927124023,""channels"":3,""force"":[0.273034978750875,0.2542171227599974],""has_data"":true,""last_update_ts"":1784118800.38866,""raw"":[15795,16363,15621]},""thumb"":{""age_s"":0.009143590927124023,""channels"":3,""force"":[0.0,-2.220446049250313e-16],""has_data"":true,""last_update_ts"":1784118800.38866,""raw"":[0,0,0]}}","{""ble"":{""connection_state"":""connected"",""counter"":997190,""finger_order"":""DexterController.Visualizer"",""last_error"":null,""last_sample_age_s"":0.009165308001684025,""reconnect_count"":0,""sample_hz"":20.0,""sample_sequence"":1267,""timestamp_us"":9765196608},""fingers"":{""index"":{""has_data"":true,""last_update_ts"":1784118800.38866,""mapped"":true},""middle"":{""has_data"":true,""last_update_ts"":1784118800.38866,""mapped"":true},""pinky"":{""has_data"":true,""last_update_ts"":1784118800.38866,""mapped"":true},""ring"":{""has_data"":true,""last_update_ts"":1784118800.38866,""mapped"":true},""thumb"":{""has_data"":true,""last_update_ts"":1784118800.38866,""mapped"":true}},""ports"":{""available"":[""BLE:Dexter""],""unavailable"":[]}}"
1784118800.4479482,1784118800.4478056,1269,ble,"{""index"":{""age_s"":0.009149789810180664,""channels"":3,""force"":[-0.4008999511940612,-0.7571007760800015],""has_data"":true,""last_update_ts"":1784118800.4386559,""raw"":[16976,16142,17923]},""middle"":{""age_s"":0.009149789810180664,""channels"":3,""force"":[-0.023073378485989338,-0.028863079439999773],""has_data"":true,""last_update_ts"":1784118800.4386559,""raw"":[15775,15727,15803]},""pinky"":{""age_s"":0.009149789810180664,""channels"":3,""force"":[-1.0248425610860217,-0.7465546508999994],""has_data"":true,""last_update_ts"":1784118800.4386559,""raw"":[17420,15288,17699]},""ring"":{""age_s"":0.009149789810180664,""channels"":3,""force"":[0.2725542833657446,0.25393959315000014],""has_data"":true,""last_update_ts"":1784118800.4386559,""raw"":[15805,16372,15631]},""thumb"":{""age_s"":0.009149789810180664,""channels"":3,""force"":[0.0,-2.220446049250313e-16],""has_data"":true,""last_update_ts"":1784118800.4386559,""raw"":[0,0,0]}}","{""ble"":{""connection_state"":""connected"",""counter"":997195,""finger_order"":""DexterController.Visualizer"",""last_error"":null,""last_sample_age_s"":0.009174927006824873,""reconnect_count"":0,""sample_hz"":20.0,""sample_sequence"":1268,""timestamp_us"":9765243680},""fingers"":{""index"":{""has_data"":true,""last_update_ts"":1784118800.4386559,""mapped"":true},""middle"":{""has_data"":true,""last_update_ts"":1784118800.4386559,""mapped"":true},""pinky"":{""has_data"":true,""last_update_ts"":1784118800.4386559,""mapped"":true},""ring"":{""has_data"":true,""last_update_ts"":1784118800.4386559,""mapped"":true},""thumb"":{""has_data"":true,""last_update_ts"":1784118800.4386559,""mapped"":true}},""ports"":{""available"":[""BLE:Dexter""],""unavailable"":[]}}"
1784118800.4979494,1784118800.497819,1270,ble,"{""index"":{""age_s"":0.00916433334350586,""channels"":3,""force"":[-0.38119144040394914,-0.7329557000100015],""has_data"":true,""last_update_ts"":1784118800.4886546,""raw"":[16940,16147,17864]},""middle"":{""age_s"":0.00916433334350586,""channels"":3,""force"":[-0.026438246181864855,0.05078791862999843],""has_data"":true,""last_update_ts"":1784118800.4886546,""raw"":[15687,15632,15568]},""pinky"":{""age_s"":0.00916433334350586,""channels"":3,""force"":[1.4882329123463052,0.44238219833999715],""has_data"":true,""last_update_ts"":1784118800.4886546,""raw"":[16588,19684,17339]},""ring"":{""age_s"":0.00916433334350586,""channels"":3,""force"":[0.33119912035097165,0.7002072060299991],""has_data"":true,""last_update_ts"":1784118800.4886546,""raw"":[15725,16414,14808]},""thumb"":{""age_s"":0.00916433334350586,""channels"":3,""force"":[0.0,-2.220446049250313e-16],""has_data"":true,""last_update_ts"":1784118800.4886546,""raw"":[0,0,0]}}","{""ble"":{""connection_state"":""connected"",""counter"":997200,""finger_order"":""DexterController.Visualizer"",""last_error"":null,""last_sample_age_s"":0.009189386008074507,""reconnect_count"":0,""sample_hz"":20.0,""sample_sequence"":1269,""timestamp_us"":9765290560},""fingers"":{""index"":{""has_data"":true,""last_update_ts"":1784118800.4886546,""mapped"":true},""middle"":{""has_data"":true,""last_update_ts"":1784118800.4886546,""mapped"":true},""pinky"":{""has_data"":true,""last_update_ts"":1784118800.4886546,""mapped"":true},""ring"":{""has_data"":true,""last_update_ts"":1784118800.4886546,""mapped"":true},""thumb"":{""has_data"":true,""last_update_ts"":1784118800.4886546,""mapped"":true}},""ports"":{""available"":[""BLE:Dexter""],""unavailable"":[]}}"
1784118800.5479767,1784118800.5478315,1271,ble,"{""index"":{""age_s"":0.009180307388305664,""channels"":3,""force"":[-0.4018613419643131,-0.7615412498400014],""has_data"":true,""last_update_ts"":1784118800.5386512,""raw"":[16973,16137,17927]},""middle"":{""age_s"":0.009180307388305664,""channels"":3,""force"":[-0.020669901560363968,-0.03247096437000252],""has_data"":true,""last_update_ts"":1784118800.5386512,""raw"":[15765,15722,15802]},""pinky"":{""age_s"":0.009180307388305664,""channels"":3,""force"":[-1.022439084160398,-0.7484973581700007],""has_data"":true,""last_update_ts"":1784118800.5386512,""raw"":[17413,15286,17698]},""ring"":{""age_s"":0.009180307388305664,""channels"":3,""force"":[0.2725542833657464,0.2489440601699986],""has_data"":true,""last_update_ts"":1784118800.5386512,""raw"":[15800,16367,15635]},""thumb"":{""age_s"":0.009180307388305664,""channels"":3,""force"":[0.0,-2.220446049250313e-16],""has_data"":true,""last_update_ts"":1784118800.5386512,""raw"":[0,0,0]}}","{""ble"":{""connection_state"":""connected"",""counter"":997206,""finger_order"":""DexterController.Visualizer"",""last_error"":null,""last_sample_age_s"":0.009205476992065087,""reconnect_count"":0,""sample_hz"":20.0,""sample_sequence"":1270,""timestamp_us"":9765347008},""fingers"":{""index"":{""has_data"":true,""last_update_ts"":1784118800.5386512,""mapped"":true},""middle"":{""has_data"":true,""last_update_ts"":1784118800.5386512,""mapped"":true},""pinky"":{""has_data"":true,""last_update_ts"":1784118800.5386512,""mapped"":true},""ring"":{""has_data"":true,""last_update_ts"":1784118800.5386512,""mapped"":true},""thumb"":{""has_data"":true,""last_update_ts"":1784118800.5386512,""mapped"":true}},""ports"":{""available"":[""BLE:Dexter""],""unavailable"":[]}}"
1784118800.597958,1784118800.5978265,1272,ble,"{""index"":{""age_s"":0.009175777435302734,""channels"":3,""force"":[-0.40089995119406474,-0.7620963090599995],""has_data"":true,""last_update_ts"":1784118800.5886507,""raw"":[16969,16135,17925]},""middle"":{""age_s"":0.009175777435302734,""channels"":3,""force"":[-0.023554073871112635,-0.0346912012500038],""has_data"":true,""last_update_ts"":1784118800.5886507,""raw"":[15774,15725,15812]},""pinky"":{""age_s"":0.009175777435302734,""channels"":3,""force"":[-1.0258039518562718,-0.7432242955800001],""has_data"":true,""last_update_ts"":1784118800.5886507,""raw"":[17424,15290,17696]},""ring"":{""age_s"":0.009175777435302734,""channels"":3,""force"":[0.2797647141426225,0.2586575965199973],""has_data"":true,""last_update_ts"":1784118800.5886507,""raw"":[15803,16385,15628]},""thumb"":{""age_s"":0.009175777435302734,""channels"":3,""force"":[0.0,-2.220446049250313e-16],""has_data"":true,""last_update_ts"":1784118800.5886507,""raw"":[0,0,0]}}","{""ble"":{""connection_state"":""connected"",""counter"":997211,""finger_order"":""DexterController.Visualizer"",""last_error"":null,""last_sample_age_s"":0.009196669998345897,""reconnect_count"":0,""sample_hz"":20.0,""sample_sequence"":1271,""timestamp_us"":9765394080},""fingers"":{""index"":{""has_data"":true,""last_update_ts"":1784118800.5886507,""mapped"":true},""middle"":{""has_data"":true,""last_update_ts"":1784118800.5886507,""mapped"":true},""pinky"":{""has_data"":true,""last_update_ts"":1784118800.5886507,""mapped"":true},""ring"":{""has_data"":true,""last_update_ts"":1784118800.5886507,""mapped"":true},""thumb"":{""has_data"":true,""last_update_ts"":1784118800.5886507,""mapped"":true}},""ports"":{""available"":[""BLE:Dexter""],""unavailable"":[]}}"
1784118800.64795,1784118800.6478233,1273,ble,"{""index"":{""age_s"":0.009165287017822266,""channels"":3,""force"":[-0.39849647426844115,-0.7607086610100016],""has_data"":true,""last_update_ts"":1784118800.638658,""raw"":[16965,16136,17921]},""middle"":{""age_s"":0.009165287017822266,""channels"":3,""force"":[-0.019227815404990523,-0.03385861242000221],""has_data"":true,""last_update_ts"":1784118800.638658,""raw"":[15765,15725,15806]},""pinky"":{""age_s"":0.009165287017822266,""channels"":3,""force"":[-1.0258039518562736,-0.7476647693400018],""has_data"":true,""last_update_ts"":1784118800.638658,""raw"":[17425,15291,17705]},""ring"":{""age_s"":0.009165287017822266,""channels"":3,""force"":[0.27303497875087146,0.25477218197999907],""has_data"":true,""last_update_ts"":1784118800.638658,""raw"":[15797,16365,15622]},""thumb"":{""age_s"":0.009165287017822266,""channels"":3,""force"":[0.0,-2.220446049250313e-16],""has_data"":true,""last_update_ts"":1784118800.638658,""raw"":[0,0,0]}}","{""ble"":{""connection_state"":""connected"",""counter"":997216,""finger_order"":""DexterController.Visualizer"",""last_error"":null,""last_sample_age_s"":0.009185507005895488,""reconnect_count"":0,""sample_hz"":20.0,""sample_sequence"":1272,""timestamp_us"":9765441088},""fingers"":{""index"":{""has_data"":true,""last_update_ts"":1784118800.638658,""mapped"":true},""middle"":{""has_data"":true,""last_update_ts"":1784118800.638658,""mapped"":true},""pinky"":{""has_data"":true,""last_update_ts"":1784118800.638658,""mapped"":true},""ring"":{""has_data"":true,""last_update_ts"":1784118800.638658,""mapped"":true},""thumb"":{""has_data"":true,""last_update_ts"":1784118800.638658,""mapped"":true}},""ports"":{""available"":[""BLE:Dexter""],""unavailable"":[]}}"
1784118800.6979408,1784118800.6978238,1274,ble,"{""index"":{""age_s"":0.009165525436401367,""channels"":3,""force"":[-0.4158015081329296,-0.77958067449],""has_data"":true,""last_update_ts"":1784118800.6886582,""raw"":[16974,16109,17946]},""middle"":{""age_s"":0.009165525436401367,""channels"":3,""force"":[-0.015862947709120334,-0.037466497350000516],""has_data"":true,""last_update_ts"":1784118800.6886582,""raw"":[15776,15743,15827]},""pinky"":{""age_s"":0.009165525436401367,""channels"":3,""force"":[-1.0214776933901497,-0.7390613514300011],""has_data"":true,""last_update_ts"":1784118800.6886582,""raw"":[17420,15295,17689]},""ring"":{""age_s"":0.009165525436401367,""channels"":3,""force"":[0.2812068002979924,0.2705913697499982],""has_data"":true,""last_update_ts"":1784118800.6886582,""raw"":[15794,16379,15599]},""thumb"":{""age_s"":0.009165525436401367,""channels"":3,""force"":[0.0,-2.220446049250313e-16],""has_data"":true,""last_update_ts"":1784118800.6886582,""raw"":[0,0,0]}}","{""ble"":{""connection_state"":""connected"",""counter"":997222,""finger_order"":""DexterController.Visualizer"",""last_error"":null,""last_sample_age_s"":0.009185788003378548,""reconnect_count"":0,""sample_hz"":20.0,""sample_sequence"":1273,""timestamp_us"":9765497472},""fingers"":{""index"":{""has_data"":true,""last_update_ts"":1784118800.6886582,""mapped"":true},""middle"":{""has_data"":true,""last_update_ts"":1784118800.6886582,""mapped"":true},""pinky"":{""has_data"":true,""last_update_ts"":1784118800.6886582,""mapped"":true},""ring"":{""has_data"":true,""last_update_ts"":1784118800.6886582,""mapped"":true},""thumb"":{""has_data"":true,""last_update_ts"":1784118800.6886582,""mapped"":true}},""ports"":{""available"":[""BLE:Dexter""],""unavailable"":[]}}"
1784118800.7479653,1784118800.7478297,1275,ble,"{""index"":{""age_s"":0.009170293807983398,""channels"":3,""force"":[-0.3994578650386895,-0.7607086610100007],""has_data"":true,""last_update_ts"":1784118800.7386594,""raw"":[16970,16139,17925]},""middle"":{""age_s"":0.009170293807983398,""channels"":3,""force"":[-0.02018920617524067,-0.03385861242000221],""has_data"":true,""last_update_ts"":1784118800.7386594,""raw"":[15770,15728,15810]},""pinky"":{""age_s"":0.009170293807983398,""channels"":3,""force"":[-1.0267653426265184,-0.7454445324600023],""has_data"":true,""last_update_ts"":1784118800.7386594,""raw"":[17423,15287,17698]},""ring"":{""age_s"":0.009170293807983398,""channels"":3,""force"":[0.27495776029137,0.2531070043199959],""has_data"":true,""last_update_ts"":1784118800.7386594,""raw"":[15799,16371,15629]},""thumb"":{""age_s"":0.009170293807983398,""channels"":3,""force"":[0.0,-2.220446049250313e-16],""has_data"":true,""last_update_ts"":1784118800.7386594,""raw"":[0,0,0]}}","{""ble"":{""connection_state"":""connected"",""counter"":997227,""finger_order"":""DexterController.Visualizer"",""last_error"":null,""last_sample_age_s"":0.009195478007313795,""reconnect_count"":0,""sample_hz"":20.0,""sample_sequence"":1274,""timestamp_us"":9765544512},""fingers"":{""index"":{""has_data"":true,""last_update_ts"":1784118800.7386594,""mapped"":true},""middle"":{""has_data"":true,""last_update_ts"":1784118800.7386594,""mapped"":true},""pinky"":{""has_data"":true,""last_update_ts"":1784118800.7386594,""mapped"":true},""ring"":{""has_data"":true,""last_update_ts"":1784118800.7386594,""mapped"":true},""thumb"":{""has_data"":true,""last_update_ts"":1784118800.7386594,""mapped"":true}},""ports"":{""available"":[""BLE:Dexter""],""unavailable"":[]}}"
1784118800.7979734,1784118800.7978299,1276,ble,"{""index"":{""age_s"":0.009171724319458008,""channels"":3,""force"":[-0.3989771696535609,-0.7609861906200015],""has_data"":true,""last_update_ts"":1784118800.7886581,""raw"":[16968,16138,17924]},""middle"":{""age_s"":0.009171724319458008,""channels"":3,""force"":[-0.02355407387111441,-0.03080578670999934],""has_data"":true,""last_update_ts"":1784118800.7886581,""raw"":[15772,15723,15803]},""pinky"":{""age_s"":0.009171724319458008,""channels"":3,""force"":[-1.0234004749306482,-0.7473872397299992],""has_data"":true,""last_update_ts"":1784118800.7886581,""raw"":[17421,15292,17703]},""ring"":{""age_s"":0.009171724319458008,""channels"":3,""force"":[0.2739963695211216,0.251996885879997],""has_data"":true,""last_update_ts"":1784118800.7886581,""raw"":[15796,16366,15627]},""thumb"":{""age_s"":0.009171724319458008,""channels"":3,""force"":[0.0,-2.220446049250313e-16],""has_data"":true,""last_update_ts"":1784118800.7886581,""raw"":[0,0,0]}}","{""ble"":{""connection_state"":""connected"",""counter"":997232,""finger_order"":""DexterController.Visualizer"",""last_error"":null,""last_sample_age_s"":0.00919661000079941,""reconnect_count"":0,""sample_hz"":20.0,""sample_sequence"":1275,""timestamp_us"":9765591456},""fingers"":{""index"":{""has_data"":true,""last_update_ts"":1784118800.7886581,""mapped"":true},""middle"":{""has_data"":true,""last_update_ts"":1784118800.7886581,""mapped"":true},""pinky"":{""has_data"":true,""last_update_ts"":1784118800.7886581,""mapped"":true},""ring"":{""has_data"":true,""last_update_ts"":1784118800.7886581,""mapped"":true},""thumb"":{""has_data"":true,""last_update_ts"":1784118800.7886581,""mapped"":true}},""ports"":{""available"":[""BLE:Dexter""],""unavailable"":[]}}"
1784118800.8479722,1784118800.8478189,1277,ble,"{""index"":{""age_s"":0.00916290283203125,""channels"":3,""force"":[-0.39945786503868774,-0.7579333649100013],""has_data"":true,""last_update_ts"":1784118800.838656,""raw"":[16972,16141,17922]},""middle"":{""age_s"":0.00916290283203125,""channels"":3,""force"":[-0.021150596945489042,-0.031083316320001053],""has_data"":true,""last_update_ts"":1784118800.838656,""raw"":[15769,15725,15803]},""pinky"":{""age_s"":0.00916290283203125,""channels"":3,""force"":[-1.0209969980050229,-0.7465546509000021],""has_data"":true,""last_update_ts"":1784118800.838656,""raw"":[17419,15295,17702]},""ring"":{""age_s"":0.00916290283203125,""channels"":3,""force"":[0.27928401875749564,0.251719356269998],""has_data"":true,""last_update_ts"":1784118800.838656,""raw"":[15795,16376,15632]},""thumb"":{""age_s"":0.00916290283203125,""channels"":3,""force"":[0.0,-2.220446049250313e-16],""has_data"":true,""last_update_ts"":1784118800.838656,""raw"":[0,0,0]}}","{""ble"":{""connection_state"":""connected"",""counter"":997238,""finger_order"":""DexterController.Visualizer"",""last_error"":null,""last_sample_age_s"":0.009187420990201645,""reconnect_count"":0,""sample_hz"":20.0,""sample_sequence"":1276,""timestamp_us"":9765647936},""fingers"":{""index"":{""has_data"":true,""last_update_ts"":1784118800.838656,""mapped"":true},""middle"":{""has_data"":true,""last_update_ts"":1784118800.838656,""mapped"":true},""pinky"":{""has_data"":true,""last_update_ts"":1784118800.838656,""mapped"":true},""ring"":{""has_data"":true,""last_update_ts"":1784118800.838656,""mapped"":true},""thumb"":{""has_data"":true,""last_update_ts"":1784118800.838656,""mapped"":true}},""ports"":{""available"":[""BLE:Dexter""],""unavailable"":[]}}"
1784118800.8979616,1784118800.8978302,1278,ble,"{""index"":{""age_s"":0.00917959213256836,""channels"":3,""force"":[-0.41484011736267945,-0.7806907929300024],""has_data"":true,""last_update_ts"":1784118800.8886507,""raw"":[16960,16097,17935]},""middle"":{""age_s"":0.00917959213256836,""channels"":3,""force"":[-0.016824338479370482,-0.04246203033000118],""has_data"":true,""last_update_ts"":1784118800.8886507,""raw"":[15776,15741,15835]},""pinky"":{""age_s"":0.00917959213256836,""channels"":3,""force"":[-1.0209969980050246,-0.7371186441600015],""has_data"":true,""last_update_ts"":1784118800.8886507,""raw"":[17420,15296,17686]},""ring"":{""age_s"":0.00917959213256836,""channels"":3,""force"":[0.2788033233723688,0.2675385440399971],""has_data"":true,""last_update_ts"":1784118800.8886507,""raw"":[15792,16372,15600]},""thumb"":{""age_s"":0.00917959213256836,""channels"":3,""force"":[0.0,-2.220446049250313e-16],""has_data"":true,""last_update_ts"":1784118800.8886507,""raw"":[0,0,0]}}","{""ble"":{""connection_state"":""connected"",""counter"":997243,""finger_order"":""DexterController.Visualizer"",""last_error"":null,""last_sample_age_s"":0.009204685004078783,""reconnect_count"":0,""sample_hz"":20.0,""sample_sequence"":1277,""timestamp_us"":9765694848},""fingers"":{""index"":{""has_data"":true,""last_update_ts"":1784118800.8886507,""mapped"":true},""middle"":{""has_data"":true,""last_update_ts"":1784118800.8886507,""mapped"":true},""pinky"":{""has_data"":true,""last_update_ts"":1784118800.8886507,""mapped"":true},""ring"":{""has_data"":true,""last_update_ts"":1784118800.8886507,""mapped"":true},""thumb"":{""has_data"":true,""last_update_ts"":1784118800.8886507,""mapped"":true}},""ports"":{""available"":[""BLE:Dexter""],""unavailable"":[]}}"
1784118800.9479334,1784118800.947827,1279,ble,"{""index"":{""age_s"":0.009204864501953125,""channels"":3,""force"":[-0.3989771696535609,-0.7576558353000005],""has_data"":true,""last_update_ts"":1784118800.9386222,""raw"":[16972,16142,17922]},""middle"":{""age_s"":0.009204864501953125,""channels"":3,""force"":[-0.02211198771573919,-0.034413671640002086],""has_data"":true,""last_update_ts"":1784118800.9386222,""raw"":[15773,15727,15812]},""pinky"":{""age_s"":0.009204864501953125,""channels"":3,""force"":[-1.021477693390148,-0.7440568844100008],""has_data"":true,""last_update_ts"":1784118800.9386222,""raw"":[17422,15297,17700]},""ring"":{""age_s"":0.009204864501953125,""channels"":3,""force"":[0.2744770649062467,0.25282947470999684],""has_data"":true,""last_update_ts"":1784118800.9386222,""raw"":[15798,16369,15628]},""thumb"":{""age_s"":0.009204864501953125,""channels"":3,""force"":[0.0,-2.220446049250313e-16],""has_data"":true,""last_update_ts"":1784118800.9386222,""raw"":[0,0,0]}}","{""ble"":{""connection_state"":""connected"",""counter"":997248,""finger_order"":""DexterController.Visualizer"",""last_error"":null,""last_sample_age_s"":0.009225667003192939,""reconnect_count"":0,""sample_hz"":20.0,""sample_sequence"":1278,""timestamp_us"":9765741920},""fingers"":{""index"":{""has_data"":true,""last_update_ts"":1784118800.9386222,""mapped"":true},""middle"":{""has_data"":true,""last_update_ts"":1784118800.9386222,""mapped"":true},""pinky"":{""has_data"":true,""last_update_ts"":1784118800.9386222,""mapped"":true},""ring"":{""has_data"":true,""last_update_ts"":1784118800.9386222,""mapped"":true},""thumb"":{""has_data"":true,""last_update_ts"":1784118800.9386222,""mapped"":true}},""ports"":{""available"":[""BLE:Dexter""],""unavailable"":[]}}"
1784118800.997955,1784118800.9978175,1280,ble,"{""index"":{""age_s"":0.009157896041870117,""channels"":3,""force"":[-0.40186134196430956,-0.7571007760800006],""has_data"":true,""last_update_ts"":1784118800.9886596,""raw"":[16974,16138,17920]},""middle"":{""age_s"":0.009157896041870117,""channels"":3,""force"":[-0.017785729249617077,-0.032470964370004296],""has_data"":true,""last_update_ts"":1784118800.9886596,""raw"":[15765,15728,15805]},""pinky"":{""age_s"":0.009157896041870117,""channels"":3,""force"":[-1.0253232564711467,-0.7462771212900012],""has_data"":true,""last_update_ts"":1784118800.9886596,""raw"":[17422,15289,17700]},""ring"":{""age_s"":0.009157896041870117,""channels"":3,""force"":[0.2725542833657464,0.2533845339299976],""has_data"":true,""last_update_ts"":1784118800.9886596,""raw"":[15801,16368,15628]},""thumb"":{""age_s"":0.009157896041870117,""channels"":3,""force"":[0.0,-2.220446049250313e-16],""has_data"":true,""last_update_ts"":1784118800.9886596,""raw"":[0,0,0]}}","{""ble"":{""connection_state"":""connected"",""counter"":997254,""finger_order"":""DexterController.Visualizer"",""last_error"":null,""last_sample_age_s"":0.00918253100826405,""reconnect_count"":0,""sample_hz"":20.0,""sample_sequence"":1279,""timestamp_us"":9765798464},""fingers"":{""index"":{""has_data"":true,""last_update_ts"":1784118800.9886596,""mapped"":true},""middle"":{""has_data"":true,""last_update_ts"":1784118800.9886596,""mapped"":true},""pinky"":{""has_data"":true,""last_update_ts"":1784118800.9886596,""mapped"":true},""ring"":{""has_data"":true,""last_update_ts"":1784118800.9886596,""mapped"":true},""thumb"":{""has_data"":true,""last_update_ts"":1784118800.9886596,""mapped"":true}},""ports"":{""available"":[""BLE:Dexter""],""unavailable"":[]}}"
1784118801.0479734,1784118801.04783,1281,ble,"{""index"":{""age_s"":0.0091705322265625,""channels"":3,""force"":[-0.4008999511940612,-0.7726424342400025],""has_data"":true,""last_update_ts"":1784118801.0386596,""raw"":[16964,16130,17939]},""middle"":{""age_s"":0.0091705322265625,""channels"":3,""force"":[-0.02547685541161293,-0.0391316750100037],""has_data"":true,""last_update_ts"":1784118801.0386596,""raw"":[15774,15721,15818]},""pinky"":{""age_s"":0.0091705322265625,""channels"":3,""force"":[-1.0176321303091491,-0.7373961737700032],""has_data"":true,""last_update_ts"":1784118801.0386596,""raw"":[17423,15306,17693]},""ring"":{""age_s"":0.0091705322265625,""channels"":3,""force"":[0.29226279415586376,0.26476324793999684],""has_data"":true,""last_update_ts"":1784118801.0386596,""raw"":[15793,16401,15620]},""thumb"":{""age_s"":0.0091705322265625,""channels"":3,""force"":[0.0,-2.220446049250313e-16],""has_data"":true,""last_update_ts"":1784118801.0386596,""raw"":[0,0,0]}}","{""ble"":{""connection_state"":""connected"",""counter"":997259,""finger_order"":""DexterController.Visualizer"",""last_error"":null,""last_sample_age_s"":0.009195578008075245,""reconnect_count"":0,""sample_hz"":20.0,""sample_sequence"":1280,""timestamp_us"":9765845568},""fingers"":{""index"":{""has_data"":true,""last_update_ts"":1784118801.0386596,""mapped"":true},""middle"":{""has_data"":true,""last_update_ts"":1784118801.0386596,""mapped"":true},""pinky"":{""has_data"":true,""last_update_ts"":1784118801.0386596,""mapped"":true},""ring"":{""has_data"":true,""last_update_ts"":1784118801.0386596,""mapped"":true},""thumb"":{""has_data"":true,""last_update_ts"":1784118801.0386596,""mapped"":true}},""ports"":{""available"":[""BLE:Dexter""],""unavailable"":[]}}"
1784118801.09797,1784118801.097829,1282,ble,"{""index"":{""age_s"":0.009170770645141602,""channels"":3,""force"":[-0.3960929973428158,-0.7576558353000014],""has_data"":true,""last_update_ts"":1784118801.0886583,""raw"":[16965,16141,17918]},""middle"":{""age_s"":0.009170770645141602,""channels"":3,""force"":[-0.02066990156036752,-0.030805786710001115],""has_data"":true,""last_update_ts"":1784118801.0886583,""raw"":[15764,15721,15798]},""pinky"":{""age_s"":0.009170770645141602,""channels"":3,""force"":[-1.0238811703157698,-0.7465546509000021],""has_data"":true,""last_update_ts"":1784118801.0886583,""raw"":[17418,15288,17698]},""ring"":{""age_s"":0.009170770645141602,""channels"":3,""force"":[0.27399636952111805,0.25532724119999806],""has_data"":true,""last_update_ts"":1784118801.0886583,""raw"":[15801,16371,15626]},""thumb"":{""age_s"":0.009170770645141602,""channels"":3,""force"":[0.0,-2.220446049250313e-16],""has_data"":true,""last_update_ts"":1784118801.0886583,""raw"":[0,0,0]}}","{""ble"":{""connection_state"":""connected"",""counter"":997264,""finger_order"":""DexterController.Visualizer"",""last_error"":null,""last_sample_age_s"":0.009195777995046228,""reconnect_count"":0,""sample_hz"":20.0,""sample_sequence"":1281,""timestamp_us"":9765892512},""fingers"":{""index"":{""has_data"":true,""last_update_ts"":1784118801.0886583,""mapped"":true},""middle"":{""has_data"":true,""last_update_ts"":1784118801.0886583,""mapped"":true},""pinky"":{""has_data"":true,""last_update_ts"":1784118801.0886583,""mapped"":true},""ring"":{""has_data"":true,""last_update_ts"":1784118801.0886583,""mapped"":true},""thumb"":{""has_data"":true,""last_update_ts"":1784118801.0886583,""mapped"":true}},""ports"":{""available"":[""BLE:Dexter""],""unavailable"":[]}}"
1784118801.1479578,1784118801.1478293,1283,ble,"{""index"":{""age_s"":0.009169340133666992,""channels"":3,""force"":[-0.39224743426181696,-0.7493299470000032],""has_data"":true,""last_update_ts"":1784118801.13866,""raw"":[16955,16139,17897]},""middle"":{""age_s"":0.009169340133666992,""channels"":3,""force"":[-0.023073378485989338,-0.007770829080001818],""has_data"":true,""last_update_ts"":1784118801.13866,""raw"":[15761,15713,15751]},""pinky"":{""age_s"":0.009169340133666992,""channels"":3,""force"":[-0.6859523145730542,-0.5703233485500023],""has_data"":true,""last_update_ts"":1784118801.13866,""raw"":[17338,15911,17652]},""ring"":{""age_s"":0.009169340133666992,""channels"":3,""force"":[0.29899252954760946,0.30916798553999936],""has_data"":true,""last_update_ts"":1784118801.13866,""raw"":[15768,16390,15522]},""thumb"":{""age_s"":0.009169340133666992,""channels"":3,""force"":[0.0,-2.220446049250313e-16],""has_data"":true,""last_update_ts"":1784118801.13866,""raw"":[0,0,0]}}","{""ble"":{""connection_state"":""connected"",""counter"":997270,""finger_order"":""DexterController.Visualizer"",""last_error"":null,""last_sample_age_s"":0.009195217993692495,""reconnect_count"":0,""sample_hz"":20.0,""sample_sequence"":1282,""timestamp_us"":9765948864},""fingers"":{""index"":{""has_data"":true,""last_update_ts"":1784118801.13866,""mapped"":true},""middle"":{""has_data"":true,""last_update_ts"":1784118801.13866,""mapped"":true},""pinky"":{""has_data"":true,""last_update_ts"":1784118801.13866,""mapped"":true},""ring"":{""has_data"":true,""last_update_ts"":1784118801.13866,""mapped"":true},""thumb"":{""has_data"":true,""last_update_ts"":1784118801.13866,""mapped"":true}},""ports"":{""available"":[""BLE:Dexter""],""unavailable"":[]}}"
1784118801.1979566,1784118801.1978204,1284,ble,"{""index"":{""age_s"":0.009161710739135742,""channels"":3,""force"":[-0.3960929973428158,-0.7587659537400011],""has_data"":true,""last_update_ts"":1784118801.1886587,""raw"":[16965,16141,17920]},""middle"":{""age_s"":0.009161710739135742,""channels"":3,""force"":[-0.021150596945490818,-0.037188967740002354],""has_data"":true,""last_update_ts"":1784118801.1886587,""raw"":[15765,15721,15810]},""pinky"":{""age_s"":0.009161710739135742,""channels"":3,""force"":[-1.0238811703157715,-0.7482198285600026],""has_data"":true,""last_update_ts"":1784118801.1886587,""raw"":[17422,15292,17705]},""ring"":{""age_s"":0.009161710739135742,""channels"":3,""force"":[0.2739963695211216,0.251996885879997],""has_data"":true,""last_update_ts"":1784118801.1886587,""raw"":[15796,16366,15627]},""thumb"":{""age_s"":0.009161710739135742,""channels"":3,""force"":[0.0,-2.220446049250313e-16],""has_data"":true,""last_update_ts"":1784118801.1886587,""raw"":[0,0,0]}}","{""ble"":{""connection_state"":""connected"",""counter"":997275,""finger_order"":""DexterController.Visualizer"",""last_error"":null,""last_sample_age_s"":0.009186529990984127,""reconnect_count"":0,""sample_hz"":20.0,""sample_sequence"":1283,""timestamp_us"":9765995872},""fingers"":{""index"":{""has_data"":true,""last_update_ts"":1784118801.1886587,""mapped"":true},""middle"":{""has_data"":true,""last_update_ts"":1784118801.1886587,""mapped"":true},""pinky"":{""has_data"":true,""last_update_ts"":1784118801.1886587,""mapped"":true},""ring"":{""has_data"":true,""last_update_ts"":1784118801.1886587,""mapped"":true},""thumb"":{""has_data"":true,""last_update_ts"":1784118801.1886587,""mapped"":true}},""ports"":{""available"":[""BLE:Dexter""],""unavailable"":[]}}"
1784118801.2479599,1784118801.247825,1285,ble,"{""index"":{""age_s"":0.009165048599243164,""channels"":3,""force"":[-0.3989771696535662,-0.7615412498400032],""has_data"":true,""last_update_ts"":1784118801.2386599,""raw"":[16966,16136,17923]},""middle"":{""age_s"":0.009165048599243164,""channels"":3,""force"":[-0.022592683100864264,-0.036356378909999876],""has_data"":true,""last_update_ts"":1784118801.2386599,""raw"":[15765,15718,15807]},""pinky"":{""age_s"":0.009165048599243164,""channels"":3,""force"":[-1.020516302619896,-0.7385062922100012],""has_data"":true,""last_update_ts"":1784118801.2386599,""raw"":[17423,15300,17692]},""ring"":{""age_s"":0.009165048599243164,""channels"":3,""force"":[0.2763998464467434,0.25449465236999735],""has_data"":true,""last_update_ts"":1784118801.2386599,""raw"":[15796,16371,15625]},""thumb"":{""age_s"":0.009165048599243164,""channels"":3,""force"":[0.0,-2.220446049250313e-16],""has_data"":true,""last_update_ts"":1784118801.2386599,""raw"":[0,0,0]}}","{""ble"":{""connection_state"":""connected"",""counter"":997280,""finger_order"":""DexterController.Visualizer"",""last_error"":null,""last_sample_age_s"":0.009190969009068795,""reconnect_count"":0,""sample_hz"":20.0,""sample_sequence"":1284,""timestamp_us"":9766042912},""fingers"":{""index"":{""has_data"":true,""last_update_ts"":1784118801.2386599,""mapped"":true},""middle"":{""has_data"":true,""last_update_ts"":1784118801.2386599,""mapped"":true},""pinky"":{""has_data"":true,""last_update_ts"":1784118801.2386599,""mapped"":true},""ring"":{""has_data"":true,""last_update_ts"":1784118801.2386599,""mapped"":true},""thumb"":{""has_data"":true,""last_update_ts"":1784118801.2386599,""mapped"":true}},""ports"":{""available"":[""BLE:Dexter""],""unavailable"":[]}}"
1784118801.2979589,1784118801.2978253,1286,ble,"{""index"":{""age_s"":0.009165525436401367,""channels"":3,""force"":[-0.40330342811968656,-0.7551580688100019],""has_data"":true,""last_update_ts"":1784118801.2886598,""raw"":[16962,16123,17903]},""middle"":{""age_s"":0.009165525436401367,""channels"":3,""force"":[-0.02018920617524067,-0.006660710640001177],""has_data"":true,""last_update_ts"":1784118801.2886598,""raw"":[15755,15713,15746]},""pinky"":{""age_s"":0.009165525436401367,""channels"":3,""force"":[-0.5681819452174857,-0.5139848377200016],""has_data"":true,""last_update_ts"":1784118801.2886598,""raw"":[17299,16117,17634]},""ring"":{""age_s"":0.009165525436401367,""channels"":3,""force"":[0.30283809262861006,0.3369209465399985],""has_data"":true,""last_update_ts"":1784118801.2886598,""raw"":[15767,16397,15475]},""thumb"":{""age_s"":0.009165525436401367,""channels"":3,""force"":[0.0,-2.220446049250313e-16],""has_data"":true,""last_update_ts"":1784118801.2886598,""raw"":[0,0,0]}}","{""ble"":{""connection_state"":""connected"",""counter"":997285,""finger_order"":""DexterController.Visualizer"",""last_error"":null,""last_sample_age_s"":0.009190468001179397,""reconnect_count"":0,""sample_hz"":20.0,""sample_sequence"":1285,""timestamp_us"":9766090016},""fingers"":{""index"":{""has_data"":true,""last_update_ts"":1784118801.2886598,""mapped"":true},""middle"":{""has_data"":true,""last_update_ts"":1784118801.2886598,""mapped"":true},""pinky"":{""has_data"":true,""last_update_ts"":1784118801.2886598,""mapped"":true},""ring"":{""has_data"":true,""last_update_ts"":1784118801.2886598,""mapped"":true},""thumb"":{""has_data"":true,""last_update_ts"":1784118801.2886598,""mapped"":true}},""ports"":{""available"":[""BLE:Dexter""],""unavailable"":[]}}"
1784118801.3479629,1784118801.34783,1287,ble,"{""index"":{""age_s"":0.009170055389404297,""channels"":3,""force"":[-0.4124366404370594,-0.7815233817600022],""has_data"":true,""last_update_ts"":1784118801.33866,""raw"":[16985,16127,17964]},""middle"":{""age_s"":0.009170055389404297,""channels"":3,""force"":[-0.021150596945489042,-0.0294181386600032],""has_data"":true,""last_update_ts"":1784118801.33866,""raw"":[15770,15726,15801]},""pinky"":{""age_s"":0.009170055389404297,""channels"":3,""force"":[-1.01186378568765,-0.754047950370003],""has_data"":true,""last_update_ts"":1784118801.33866,""raw"":[17403,15298,17709]},""ring"":{""age_s"":0.009170055389404297,""channels"":3,""force"":[0.2778419326021204,0.251996885879997],""has_data"":true,""last_update_ts"":1784118801.33866,""raw"":[15794,16372,15629]},""thumb"":{""age_s"":0.009170055389404297,""channels"":3,""force"":[0.0,-2.220446049250313e-16],""has_data"":true,""last_update_ts"":1784118801.33866,""raw"":[0,0,0]}}","{""ble"":{""connection_state"":""connected"",""counter"":997291,""finger_order"":""DexterController.Visualizer"",""last_error"":null,""last_sample_age_s"":0.009194576006848365,""reconnect_count"":0,""sample_hz"":20.0,""sample_sequence"":1286,""timestamp_us"":9766146560},""fingers"":{""index"":{""has_data"":true,""last_update_ts"":1784118801.33866,""mapped"":true},""middle"":{""has_data"":true,""last_update_ts"":1784118801.33866,""mapped"":true},""pinky"":{""has_data"":true,""last_update_ts"":1784118801.33866,""mapped"":true},""ring"":{""has_data"":true,""last_update_ts"":1784118801.33866,""mapped"":true},""thumb"":{""has_data"":true,""last_update_ts"":1784118801.33866,""mapped"":true}},""ports"":{""available"":[""BLE:Dexter""],""unavailable"":[]}}"
1784118801.39797,1784118801.3978295,1288,ble,"{""index"":{""age_s"":0.009169578552246094,""channels"":3,""force"":[-0.4648324374156587,-0.7806907929300015],""has_data"":true,""last_update_ts"":1784118801.38866,""raw"":[17051,16084,17974]},""middle"":{""age_s"":0.009169578552246094,""channels"":3,""force"":[-0.023073378485989338,-0.04107438228000149],""has_data"":true,""last_update_ts"":1784118801.38866,""raw"":[15765,15717,15815]},""pinky"":{""age_s"":0.009169578552246094,""channels"":3,""force"":[-1.0277267333967721,-0.7387838218199985],""has_data"":true,""last_update_ts"":1784118801.38866,""raw"":[17429,15291,17691]},""ring"":{""age_s"":0.009169578552246094,""channels"":3,""force"":[0.2768805418318703,0.25088676743999727],""has_data"":true,""last_update_ts"":1784118801.38866,""raw"":[15795,16371,15631]},""thumb"":{""age_s"":0.009169578552246094,""channels"":3,""force"":[0.0,-2.220446049250313e-16],""has_data"":true,""last_update_ts"":1784118801.38866,""raw"":[0,0,0]}}","{""ble"":{""connection_state"":""connected"",""counter"":997296,""finger_order"":""DexterController.Visualizer"",""last_error"":null,""last_sample_age_s"":0.009194865997415036,""reconnect_count"":0,""sample_hz"":20.0,""sample_sequence"":1287,""timestamp_us"":9766193536},""fingers"":{""index"":{""has_data"":true,""last_update_ts"":1784118801.38866,""mapped"":true},""middle"":{""has_data"":true,""last_update_ts"":1784118801.38866,""mapped"":true},""pinky"":{""has_data"":true,""last_update_ts"":1784118801.38866,""mapped"":true},""ring"":{""has_data"":true,""last_update_ts"":1784118801.38866,""mapped"":true},""thumb"":{""has_data"":true,""last_update_ts"":1784118801.38866,""mapped"":true}},""ports"":{""available"":[""BLE:Dexter""],""unavailable"":[]}}"
1784118801.4479692,1784118801.4478202,1289,ble,"{""index"":{""age_s"":0.009159326553344727,""channels"":3,""force"":[-0.4681973051115307,-0.7493299470000023],""has_data"":true,""last_update_ts"":1784118801.4386609,""raw"":[17075,16101,17938]},""middle"":{""age_s"":0.009159326553344727,""channels"":3,""force"":[-0.017785729249617077,-0.03358108281000227],""has_data"":true,""last_update_ts"":1784118801.4386609,""raw"":[15766,15729,15808]},""pinky"":{""age_s"":0.009159326553344727,""channels"":3,""force"":[-1.020516302619896,-0.7468321805100011],""has_data"":true,""last_update_ts"":1784118801.4386609,""raw"":[17423,15300,17707]},""ring"":{""age_s"":0.009159326553344727,""channels"":3,""force"":[0.2768805418318703,0.25310700431999855],""has_data"":true,""last_update_ts"":1784118801.4386609,""raw"":[15793,16369,15625]},""thumb"":{""age_s"":0.009159326553344727,""channels"":3,""force"":[0.0,-2.220446049250313e-16],""has_data"":true,""last_update_ts"":1784118801.4386609,""raw"":[0,0,0]}}","{""ble"":{""connection_state"":""connected"",""counter"":997301,""finger_order"":""DexterController.Visualizer"",""last_error"":null,""last_sample_age_s"":0.00918456599174533,""reconnect_count"":0,""sample_hz"":20.0,""sample_sequence"":1288,""timestamp_us"":9766240576},""fingers"":{""index"":{""has_data"":true,""last_update_ts"":1784118801.4386609,""mapped"":true},""middle"":{""has_data"":true,""last_update_ts"":1784118801.4386609,""mapped"":true},""pinky"":{""has_data"":true,""last_update_ts"":1784118801.4386609,""mapped"":true},""ring"":{""has_data"":true,""last_update_ts"":1784118801.4386609,""mapped"":true},""thumb"":{""has_data"":true,""last_update_ts"":1784118801.4386609,""mapped"":true}},""ports"":{""available"":[""BLE:Dexter""],""unavailable"":[]}}"
1784118801.497968,1784118801.4978242,1290,ble,"{""index"":{""age_s"":0.00898289680480957,""channels"":3,""force"":[-0.40282273273456326,-0.7548805392000029],""has_data"":true,""last_update_ts"":1784118801.4888413,""raw"":[16978,16140,17919]},""middle"":{""age_s"":0.00898289680480957,""channels"":3,""force"":[-0.021150596945489042,-0.03385861242000132],""has_data"":true,""last_update_ts"":1784118801.4888413,""raw"":[15767,15723,15806]},""pinky"":{""age_s"":0.00898289680480957,""channels"":3,""force"":[-1.0219583887752712,-0.7504400654400021],""has_data"":true,""last_update_ts"":1784118801.4888413,""raw"":[17415,15289,17704]},""ring"":{""age_s"":0.00898289680480957,""channels"":3,""force"":[0.2759191510616237,0.25366206353999754],""has_data"":true,""last_update_ts"":1784118801.4888413,""raw"":[15799,16373,15629]},""thumb"":{""age_s"":0.00898289680480957,""channels"":3,""force"":[0.0,-2.220446049250313e-16],""has_data"":true,""last_update_ts"":1784118801.4888413,""raw"":[0,0,0]}}","{""ble"":{""connection_state"":""connected"",""counter"":997307,""finger_order"":""DexterController.Visualizer"",""last_error"":null,""last_sample_age_s"":0.009007607004605234,""reconnect_count"":0,""sample_hz"":20.0,""sample_sequence"":1289,""timestamp_us"":9766297088},""fingers"":{""index"":{""has_data"":true,""last_update_ts"":1784118801.4888413,""mapped"":true},""middle"":{""has_data"":true,""last_update_ts"":1784118801.4888413,""mapped"":true},""pinky"":{""has_data"":true,""last_update_ts"":1784118801.4888413,""mapped"":true},""ring"":{""has_data"":true,""last_update_ts"":1784118801.4888413,""mapped"":true},""thumb"":{""has_data"":true,""last_update_ts"":1784118801.4888413,""mapped"":true}},""ports"":{""available"":[""BLE:Dexter""],""unavailable"":[]}}"
1784118801.5479686,1784118801.5478256,1291,ble,"{""index"":{""age_s"":0.00917363166809082,""channels"":3,""force"":[-0.4114752496668075,-0.7626513682800011],""has_data"":true,""last_update_ts"":1784118801.538652,""raw"":[16982,16126,17928]},""middle"":{""age_s"":0.00917363166809082,""channels"":3,""force"":[-0.024996160026487857,-0.039964263840000847],""has_data"":true,""last_update_ts"":1784118801.538652,""raw"":[15770,15718,15816]},""pinky"":{""age_s"":0.00917363166809082,""channels"":3,""force"":[-1.0229197795455232,-0.7398939402600027],""has_data"":true,""last_update_ts"":1784118801.538652,""raw"":[17424,15296,17693]},""ring"":{""age_s"":0.00917363166809082,""channels"":3,""force"":[0.27928401875749564,0.25671488924999686],""has_data"":true,""last_update_ts"":1784118801.538652,""raw"":[15795,16376,15623]},""thumb"":{""age_s"":0.00917363166809082,""channels"":3,""force"":[0.0,-2.220446049250313e-16],""has_data"":true,""last_update_ts"":1784118801.538652,""raw"":[0,0,0]}}","{""ble"":{""connection_state"":""connected"",""counter"":997312,""finger_order"":""DexterController.Visualizer"",""last_error"":null,""last_sample_age_s"":0.00919874401006382,""reconnect_count"":0,""sample_hz"":20.0,""sample_sequence"":1290,""timestamp_us"":9766344064},""fingers"":{""index"":{""has_data"":true,""last_update_ts"":1784118801.538652,""mapped"":true},""middle"":{""has_data"":true,""last_update_ts"":1784118801.538652,""mapped"":true},""pinky"":{""has_data"":true,""last_update_ts"":1784118801.538652,""mapped"":true},""ring"":{""has_data"":true,""last_update_ts"":1784118801.538652,""mapped"":true},""thumb"":{""has_data"":true,""last_update_ts"":1784118801.538652,""mapped"":true}},""ports"":{""available"":[""BLE:Dexter""],""unavailable"":[]}}"
1784118801.5979724,1784118801.5978243,1292,ble,"{""index"":{""age_s"":0.009169578552246094,""channels"":3,""force"":[-0.43839419123379564,-0.7299028743000022],""has_data"":true,""last_update_ts"":1784118801.5886548,""raw"":[17035,16123,17894]},""middle"":{""age_s"":0.009169578552246094,""channels"":3,""force"":[-0.026438246181861302,0.0124888324499981],""has_data"":true,""last_update_ts"":1784118801.5886548,""raw"":[15745,15690,15695]},""pinky"":{""age_s"":0.009169578552246094,""channels"":3,""force"":[-0.14757348323330532,-0.30722527827000157],""has_data"":true,""last_update_ts"":1784118801.5886548,""raw"":[17182,16875,17582]},""ring"":{""age_s"":0.009169578552246094,""channels"":3,""force"":[0.32014312649310206,0.42128994797999564],""has_data"":true,""last_update_ts"":1784118801.5886548,""raw"":[15754,16420,15328]},""thumb"":{""age_s"":0.009169578552246094,""channels"":3,""force"":[0.0,-2.220446049250313e-16],""has_data"":true,""last_update_ts"":1784118801.5886548,""raw"":[0,0,0]}}","{""ble"":{""connection_state"":""connected"",""counter"":997317,""finger_order"":""DexterController.Visualizer"",""last_error"":null,""last_sample_age_s"":0.009194434998789802,""reconnect_count"":0,""sample_hz"":20.0,""sample_sequence"":1291,""timestamp_us"":9766391072},""fingers"":{""index"":{""has_data"":true,""last_update_ts"":1784118801.5886548,""mapped"":true},""middle"":{""has_data"":true,""last_update_ts"":1784118801.5886548,""mapped"":true},""pinky"":{""has_data"":true,""last_update_ts"":1784118801.5886548,""mapped"":true},""ring"":{""has_data"":true,""last_update_ts"":1784118801.5886548,""mapped"":true},""thumb"":{""has_data"":true,""last_update_ts"":1784118801.5886548,""mapped"":true}},""ports"":{""available"":[""BLE:Dexter""],""unavailable"":[]}}"
1784118801.647958,1784118801.6478243,1293,ble,"{""index"":{""age_s"":0.009163856506347656,""channels"":3,""force"":[-0.3941702158023155,-0.7687570197000015],""has_data"":true,""last_update_ts"":1784118801.6386604,""raw"":[16972,16152,17947]},""middle"":{""age_s"":0.009163856506347656,""channels"":3,""force"":[-0.02018920617524067,-0.03274849398000246],""has_data"":true,""last_update_ts"":1784118801.6386604,""raw"":[15770,15728,15808]},""pinky"":{""age_s"":0.009163856506347656,""channels"":3,""force"":[-1.031091601092644,-0.7418366475300013],""has_data"":true,""last_update_ts"":1784118801.6386604,""raw"":[17426,15281,17690]},""ring"":{""age_s"":0.009163856506347656,""channels"":3,""force"":[0.2773612372169936,0.2583800669099965],""has_data"":true,""last_update_ts"":1784118801.6386604,""raw"":[15797,16374,15620]},""thumb"":{""age_s"":0.009163856506347656,""channels"":3,""force"":[0.0,-2.220446049250313e-16],""has_data"":true,""last_update_ts"":1784118801.6386604,""raw"":[0,0,0]}}","{""ble"":{""connection_state"":""connected"",""counter"":997323,""finger_order"":""DexterController.Visualizer"",""last_error"":null,""last_sample_age_s"":0.00918889399326872,""reconnect_count"":0,""sample_hz"":20.0,""sample_sequence"":1292,""timestamp_us"":9766447616},""fingers"":{""index"":{""has_data"":true,""last_update_ts"":1784118801.6386604,""mapped"":true},""middle"":{""has_data"":true,""last_update_ts"":1784118801.6386604,""mapped"":true},""pinky"":{""has_data"":true,""last_update_ts"":1784118801.6386604,""mapped"":true},""ring"":{""has_data"":true,""last_update_ts"":1784118801.6386604,""mapped"":true},""thumb"":{""has_data"":true,""last_update_ts"":1784118801.6386604,""mapped"":true}},""ports"":{""available"":[""BLE:Dexter""],""unavailable"":[]}}"
1784118801.6980858,1784118801.6978414,1294,ble,"{""index"":{""age_s"":0.00918436050415039,""channels"":3,""force"":[-0.27736123721699535,-0.624164092890001],""has_data"":true,""last_update_ts"":1784118801.688657,""raw"":[16986,16409,17822]},""middle"":{""age_s"":0.00918436050415039,""channels"":3,""force"":[-0.002884172310746891,0.11656243619999884],""has_data"":true,""last_update_ts"":1784118801.688657,""raw"":[15849,15843,15636]},""pinky"":{""age_s"":0.00918436050415039,""channels"":3,""force"":[-1.012825176457902,-0.7729199638499988],""has_data"":true,""last_update_ts"":1784118801.688657,""raw"":[17393,15286,17732]},""ring"":{""age_s"":0.00918436050415039,""channels"":3,""force"":[0.2735156741359983,0.2356226388899989],""has_data"":true,""last_update_ts"":1784118801.688657,""raw"":[15784,16353,15644]},""thumb"":{""age_s"":0.00918436050415039,""channels"":3,""force"":[0.0,-2.220446049250313e-16],""has_data"":true,""last_update_ts"":1784118801.688657,""raw"":[0,0,0]}}","{""ble"":{""connection_state"":""connected"",""counter"":997328,""finger_order"":""DexterController.Visualizer"",""last_error"":null,""last_sample_age_s"":0.009225556990713812,""reconnect_count"":0,""sample_hz"":20.0,""sample_sequence"":1293,""timestamp_us"":9766494496},""fingers"":{""index"":{""has_data"":true,""last_update_ts"":1784118801.688657,""mapped"":true},""middle"":{""has_data"":true,""last_update_ts"":1784118801.688657,""mapped"":true},""pinky"":{""has_data"":true,""last_update_ts"":1784118801.688657,""mapped"":true},""ring"":{""has_data"":true,""last_update_ts"":1784118801.688657,""mapped"":true},""thumb"":{""has_data"":true,""last_update_ts"":1784118801.688657,""mapped"":true}},""ports"":{""available"":[""BLE:Dexter""],""unavailable"":[]}}"
1784118801.747979,1784118801.7478323,1295,ble,"{""index"":{""age_s"":0.009175539016723633,""channels"":3,""force"":[-0.3888825665659468,-0.6152831453700012],""has_data"":true,""last_update_ts"":1784118801.7386568,""raw"":[17113,16304,17817]},""middle"":{""age_s"":0.009175539016723633,""channels"":3,""force"":[-0.0735463939240919,0.05522839238999655],""has_data"":true,""last_update_ts"":1784118801.7386568,""raw"":[15895,15742,15719]},""pinky"":{""age_s"":0.009175539016723633,""channels"":3,""force"":[-1.0195549118496476,-0.7401714698700044],""has_data"":true,""last_update_ts"":1784118801.7386568,""raw"":[17411,15290,17684]},""ring"":{""age_s"":0.009175539016723633,""channels"":3,""force"":[0.2768805418318703,0.2564373596399978],""has_data"":true,""last_update_ts"":1784118801.7386568,""raw"":[15801,16377,15627]},""thumb"":{""age_s"":0.009175539016723633,""channels"":3,""force"":[0.0,-2.220446049250313e-16],""has_data"":true,""last_update_ts"":1784118801.7386568,""raw"":[0,0,0]}}","{""ble"":{""connection_state"":""connected"",""counter"":997333,""finger_order"":""DexterController.Visualizer"",""last_error"":null,""last_sample_age_s"":0.0092009380023228,""reconnect_count"":0,""sample_hz"":20.0,""sample_sequence"":1294,""timestamp_us"":9766541440},""fingers"":{""index"":{""has_data"":true,""last_update_ts"":1784118801.7386568,""mapped"":true},""middle"":{""has_data"":true,""last_update_ts"":1784118801.7386568,""mapped"":true},""pinky"":{""has_data"":true,""last_update_ts"":1784118801.7386568,""mapped"":true},""ring"":{""has_data"":true,""last_update_ts"":1784118801.7386568,""mapped"":true},""thumb"":{""has_data"":true,""last_update_ts"":1784118801.7386568,""mapped"":true}},""ports"":{""available"":[""BLE:Dexter""],""unavailable"":[]}}"
1784118801.7979767,1784118801.7978323,1296,ble,"{""index"":{""age_s"":0.00917363166809082,""channels"":3,""force"":[-0.3869597850254447,-0.5636626379100029],""has_data"":true,""last_update_ts"":1784118801.7886586,""raw"":[17179,16374,17792]},""middle"":{""age_s"":0.00917363166809082,""channels"":3,""force"":[-0.1278649724431915,0.10546125180000043],""has_data"":true,""last_update_ts"":1784118801.7886586,""raw"":[16027,15761,15704]},""pinky"":{""age_s"":0.00917363166809082,""channels"":3,""force"":[-1.0234004749306482,-0.7435018251900001],""has_data"":true,""last_update_ts"":1784118801.7886586,""raw"":[17424,15295,17699]},""ring"":{""age_s"":0.00917363166809082,""channels"":3,""force"":[0.2720735879806231,0.2614328926199976],""has_data"":true,""last_update_ts"":1784118801.7886586,""raw"":[15804,16370,15616]},""thumb"":{""age_s"":0.00917363166809082,""channels"":3,""force"":[0.0,-2.220446049250313e-16],""has_data"":true,""last_update_ts"":1784118801.7886586,""raw"":[0,0,0]}}","{""ble"":{""connection_state"":""connected"",""counter"":997339,""finger_order"":""DexterController.Visualizer"",""last_error"":null,""last_sample_age_s"":0.009199124993756413,""reconnect_count"":0,""sample_hz"":20.0,""sample_sequence"":1295,""timestamp_us"":9766597888},""fingers"":{""index"":{""has_data"":true,""last_update_ts"":1784118801.7886586,""mapped"":true},""middle"":{""has_data"":true,""last_update_ts"":1784118801.7886586,""mapped"":true},""pinky"":{""has_data"":true,""last_update_ts"":1784118801.7886586,""mapped"":true},""ring"":{""has_data"":true,""last_update_ts"":1784118801.7886586,""mapped"":true},""thumb"":{""has_data"":true,""last_update_ts"":1784118801.7886586,""mapped"":true}},""ports"":{""available"":[""BLE:Dexter""],""unavailable"":[]}}"
1784118801.847976,1784118801.8478322,1297,ble,"{""index"":{""age_s"":0.009173870086669922,""channels"":3,""force"":[-0.4071489912006854,-0.5914155989100038],""has_data"":true,""last_update_ts"":1784118801.8386583,""raw"":[17215,16368,17857]},""middle"":{""age_s"":0.009173870086669922,""channels"":3,""force"":[-0.2682280248996243,0.08492406066000058],""has_data"":true,""last_update_ts"":1784118801.8386583,""raw"":[16252,15694,15820]},""pinky"":{""age_s"":0.009173870086669922,""channels"":3,""force"":[-1.0209969980050229,-0.7393388810400037],""has_data"":true,""last_update_ts"":1784118801.8386583,""raw"":[17418,15294,17688]},""ring"":{""age_s"":0.009173870086669922,""channels"":3,""force"":[0.2879365356897434,0.25949018534999624],""has_data"":true,""last_update_ts"":1784118801.8386583,""raw"":[15795,16394,15627]},""thumb"":{""age_s"":0.009173870086669922,""channels"":3,""force"":[0.0,-2.220446049250313e-16],""has_data"":true,""last_update_ts"":1784118801.8386583,""raw"":[0,0,0]}}","{""ble"":{""connection_state"":""connected"",""counter"":997344,""finger_order"":""DexterController.Visualizer"",""last_error"":null,""last_sample_age_s"":0.00919895400875248,""reconnect_count"":0,""sample_hz"":20.0,""sample_sequence"":1296,""timestamp_us"":9766644864},""fingers"":{""index"":{""has_data"":true,""last_update_ts"":1784118801.8386583,""mapped"":true},""middle"":{""has_data"":true,""last_update_ts"":1784118801.8386583,""mapped"":true},""pinky"":{""has_data"":true,""last_update_ts"":1784118801.8386583,""mapped"":true},""ring"":{""has_data"":true,""last_update_ts"":1784118801.8386583,""mapped"":true},""thumb"":{""has_data"":true,""last_update_ts"":1784118801.8386583,""mapped"":true}},""ports"":{""available"":[""BLE:Dexter""],""unavailable"":[]}}"
1784118801.8979511,1784118801.8978233,1298,ble,"{""index"":{""age_s"":0.009165048599243164,""channels"":3,""force"":[-0.33840955112784243,-0.5578345161000016],""has_data"":true,""last_update_ts"":1784118801.8886583,""raw"":[17203,16499,17856]},""middle"":{""age_s"":0.009165048599243164,""channels"":3,""force"":[-0.36340571115433207,-0.05883627732000196],""has_data"":true,""last_update_ts"":1784118801.8886583,""raw"":[16399,15643,16127]},""pinky"":{""age_s"":0.009165048599243164,""channels"":3,""force"":[-1.0248425610860217,-0.7382287625999995],""has_data"":true,""last_update_ts"":1784118801.8886583,""raw"":[17427,15295,17691]},""ring"":{""age_s"":0.009165048599243164,""channels"":3,""force"":[0.27736123721699535,0.26171042222999663],""has_data"":true,""last_update_ts"":1784118801.8886583,""raw"":[15799,16376,15616]},""thumb"":{""age_s"":0.009165048599243164,""channels"":3,""force"":[0.0,-2.220446049250313e-16],""has_data"":true,""last_update_ts"":1784118801.8886583,""raw"":[0,0,0]}}","{""ble"":{""connection_state"":""connected"",""counter"":997349,""finger_order"":""DexterController.Visualizer"",""last_error"":null,""last_sample_age_s"":0.009185578004689887,""reconnect_count"":0,""sample_hz"":20.0,""sample_sequence"":1297,""timestamp_us"":9766691840},""fingers"":{""index"":{""has_data"":true,""last_update_ts"":1784118801.8886583,""mapped"":true},""middle"":{""has_data"":true,""last_update_ts"":1784118801.8886583,""mapped"":true},""pinky"":{""has_data"":true,""last_update_ts"":1784118801.8886583,""mapped"":true},""ring"":{""has_data"":true,""last_update_ts"":1784118801.8886583,""mapped"":true},""thumb"":{""has_data"":true,""last_update_ts"":1784118801.8886583,""mapped"":true}},""ports"":{""available"":[""BLE:Dexter""],""unavailable"":[]}}"
1784118801.9479759,1784118801.947825,1299,ble,"{""index"":{""age_s"":0.009169578552246094,""channels"":3,""force"":[-0.2018920617524067,-0.5384074434000006],""has_data"":true,""last_update_ts"":1784118801.9386554,""raw"":[17136,16716,17896]},""middle"":{""age_s"":0.009169578552246094,""channels"":3,""force"":[-0.4028227327345615,-0.4007527568400011],""has_data"":true,""last_update_ts"":1784118801.9386554,""raw"":[16454,15616,16757]},""pinky"":{""age_s"":0.009169578552246094,""channels"":3,""force"":[-1.0224390841603963,-0.7534928911500023],""has_data"":true,""last_update_ts"":1784118801.9386554,""raw"":[17418,15291,17712]},""ring"":{""age_s"":0.009169578552246094,""channels"":3,""force"":[0.27207358798061776,0.26032277417999783],""has_data"":true,""last_update_ts"":1784118801.9386554,""raw"":[15805,16371,15619]},""thumb"":{""age_s"":0.009169578552246094,""channels"":3,""force"":[0.0,-2.220446049250313e-16],""has_data"":true,""last_update_ts"":1784118801.9386554,""raw"":[0,0,0]}}","{""ble"":{""connection_state"":""connected"",""counter"":997355,""finger_order"":""DexterController.Visualizer"",""last_error"":null,""last_sample_age_s"":0.009193784993840382,""reconnect_count"":0,""sample_hz"":20.0,""sample_sequence"":1298,""timestamp_us"":9766748384},""fingers"":{""index"":{""has_data"":true,""last_update_ts"":1784118801.9386554,""mapped"":true},""middle"":{""has_data"":true,""last_update_ts"":1784118801.9386554,""mapped"":true},""pinky"":{""has_data"":true,""last_update_ts"":1784118801.9386554,""mapped"":true},""ring"":{""has_data"":true,""last_update_ts"":1784118801.9386554,""mapped"":true},""thumb"":{""has_data"":true,""last_update_ts"":1784118801.9386554,""mapped"":true}},""ports"":{""available"":[""BLE:Dexter""],""unavailable"":[]}}"
1784118801.9979732,1784118801.9978292,1300,ble,"{""index"":{""age_s"":0.009170293807983398,""channels"":3,""force"":[-0.14997696015892892,-0.5489535685800009],""has_data"":true,""last_update_ts"":1784118801.988659,""raw"":[17186,16874,18019]},""middle"":{""age_s"":0.009170293807983398,""channels"":3,""force"":[-0.4004192558089379,-0.4315585435500031],""has_data"":true,""last_update_ts"":1784118801.988659,""raw"":[16590,15757,16951]},""pinky"":{""age_s"":0.009170293807983398,""channels"":3,""force"":[-1.0262846472413951,-0.7401714698700026],""has_data"":true,""last_update_ts"":1784118801.988659,""raw"":[17427,15292,17693]},""ring"":{""age_s"":0.009170293807983398,""channels"":3,""force"":[0.2826488864533694,0.2564373596399987],""has_data"":true,""last_update_ts"":1784118801.988659,""raw"":[15794,16382,15626]},""thumb"":{""age_s"":0.009170293807983398,""channels"":3,""force"":[0.0,-2.220446049250313e-16],""has_data"":true,""last_update_ts"":1784118801.988659,""raw"":[0,0,0]}}","{""ble"":{""connection_state"":""connected"",""counter"":997360,""finger_order"":""DexterController.Visualizer"",""last_error"":null,""last_sample_age_s"":0.0091961989965057,""reconnect_count"":0,""sample_hz"":20.0,""sample_sequence"":1299,""timestamp_us"":9766795392},""fingers"":{""index"":{""has_data"":true,""last_update_ts"":1784118801.988659,""mapped"":true},""middle"":{""has_data"":true,""last_update_ts"":1784118801.988659,""mapped"":true},""pinky"":{""has_data"":true,""last_update_ts"":1784118801.988659,""mapped"":true},""ring"":{""has_data"":true,""last_update_ts"":1784118801.988659,""mapped"":true},""thumb"":{""has_data"":true,""last_update_ts"":1784118801.988659,""mapped"":true}},""ports"":{""available"":[""BLE:Dexter""],""unavailable"":[]}}"
1784118802.0479507,1784118802.0478182,1301,ble,"{""index"":{""age_s"":0.009159088134765625,""channels"":3,""force"":[0.20333414790778193,-0.5564468680500019],""has_data"":true,""last_update_ts"":1784118802.038659,""raw"":[16926,17349,18140]},""middle"":{""age_s"":0.009159088134765625,""channels"":3,""force"":[0.17353103403004688,-0.3949246350300024],""has_data"":true,""last_update_ts"":1784118802.038659,""raw"":[16156,16517,17048]},""pinky"":{""age_s"":0.009159088134765625,""channels"":3,""force"":[-1.0282074287818954,-0.7079780351100009],""has_data"":true,""last_update_ts"":1784118802.038659,""raw"":[17455,15316,17661]},""ring"":{""age_s"":0.009159088134765625,""channels"":3,""force"":[0.283610277223616,0.27086889935999636],""has_data"":true,""last_update_ts"":1784118802.038659,""raw"":[15801,16391,15608]},""thumb"":{""age_s"":0.009159088134765625,""channels"":3,""force"":[0.0,-2.220446049250313e-16],""has_data"":true,""last_update_ts"":1784118802.038659,""raw"":[0,0,0]}}","{""ble"":{""connection_state"":""connected"",""counter"":997365,""finger_order"":""DexterController.Visualizer"",""last_error"":null,""last_sample_age_s"":0.009183623988064937,""reconnect_count"":0,""sample_hz"":20.0,""sample_sequence"":1300,""timestamp_us"":9766842336},""fingers"":{""index"":{""has_data"":true,""last_update_ts"":1784118802.038659,""mapped"":true},""middle"":{""has_data"":true,""last_update_ts"":1784118802.038659,""mapped"":true},""pinky"":{""has_data"":true,""last_update_ts"":1784118802.038659,""mapped"":true},""ring"":{""has_data"":true,""last_update_ts"":1784118802.038659,""mapped"":true},""thumb"":{""has_data"":true,""last_update_ts"":1784118802.038659,""mapped"":true}},""ports"":{""available"":[""BLE:Dexter""],""unavailable"":[]}}"
1784118802.0979793,1784118802.0978553,1302,ble,"{""index"":{""age_s"":0.009197473526000977,""channels"":3,""force"":[-0.07402708930921165,-0.39575722386000134],""has_data"":true,""last_update_ts"":1784118802.0886579,""raw"":[17435,17281,18071]},""middle"":{""age_s"":0.009197473526000977,""channels"":3,""force"":[0.3422551142088395,-0.8792138044800035],""has_data"":true,""last_update_ts"":1784118802.0886579,""raw"":[15835,16547,17775]},""pinky"":{""age_s"":0.009197473526000977,""channels"":3,""force"":[-1.029649514937267,-0.7232421636600037],""has_data"":true,""last_update_ts"":1784118802.0886579,""raw"":[17440,15298,17672]},""ring"":{""age_s"":0.009197473526000977,""channels"":3,""force"":[0.27543845567649505,0.24783394172999706],""has_data"":true,""last_update_ts"":1784118802.0886579,""raw"":[15794,16367,15634]},""thumb"":{""age_s"":0.009197473526000977,""channels"":3,""force"":[0.0,-2.220446049250313e-16],""has_data"":true,""last_update_ts"":1784118802.0886579,""raw"":[0,0,0]}}","{""ble"":{""connection_state"":""connected"",""counter"":997371,""finger_order"":""DexterController.Visualizer"",""last_error"":null,""last_sample_age_s"":0.0092211680021137,""reconnect_count"":0,""sample_hz"":20.0,""sample_sequence"":1301,""timestamp_us"":9766898784},""fingers"":{""index"":{""has_data"":true,""last_update_ts"":1784118802.0886579,""mapped"":true},""middle"":{""has_data"":true,""last_update_ts"":1784118802.0886579,""mapped"":true},""pinky"":{""has_data"":true,""last_update_ts"":1784118802.0886579,""mapped"":true},""ring"":{""has_data"":true,""last_update_ts"":1784118802.0886579,""mapped"":true},""thumb"":{""has_data"":true,""last_update_ts"":1784118802.0886579,""mapped"":true}},""ports"":{""available"":[""BLE:Dexter""],""unavailable"":[]}}"
1784118802.148063,1784118802.1478438,1303,ble,"{""index"":{""age_s"":0.00916743278503418,""channels"":3,""force"":[-0.7292148992342824,-0.130716446310001],""has_data"":true,""last_update_ts"":1784118802.1386764,""raw"":[18457,16940,17934]},""middle"":{""age_s"":0.00916743278503418,""channels"":3,""force"":[0.3456199819047132,-1.4306651395500003],""has_data"":true,""last_update_ts"":1784118802.1386764,""raw"":[15547,16266,18484]},""pinky"":{""age_s"":0.00916743278503418,""channels"":3,""force"":[-1.0205163026198996,-0.7501625358300013],""has_data"":true,""last_update_ts"":1784118802.1386764,""raw"":[17412,15289,17702]},""ring"":{""age_s"":0.00916743278503418,""channels"":3,""force"":[0.2691894156698762,0.24644629367999826],""has_data"":true,""last_update_ts"":1784118802.1386764,""raw"":[15795,16355,15631]},""thumb"":{""age_s"":0.00916743278503418,""channels"":3,""force"":[0.0,-2.220446049250313e-16],""has_data"":true,""last_update_ts"":1784118802.1386764,""raw"":[0,0,0]}}","{""ble"":{""connection_state"":""connected"",""counter"":997376,""finger_order"":""DexterController.Visualizer"",""last_error"":null,""last_sample_age_s"":0.009203492998494767,""reconnect_count"":0,""sample_hz"":20.0,""sample_sequence"":1302,""timestamp_us"":9766945856},""fingers"":{""index"":{""has_data"":true,""last_update_ts"":1784118802.1386764,""mapped"":true},""middle"":{""has_data"":true,""last_update_ts"":1784118802.1386764,""mapped"":true},""pinky"":{""has_data"":true,""last_update_ts"":1784118802.1386764,""mapped"":true},""ring"":{""has_data"":true,""last_update_ts"":1784118802.1386764,""mapped"":true},""thumb"":{""has_data"":true,""last_update_ts"":1784118802.1386764,""mapped"":true}},""ports"":{""available"":[""BLE:Dexter""],""unavailable"":[]}}"
1784118802.1979523,1784118802.1978176,1304,ble,"{""index"":{""age_s"":0.009157896041870117,""channels"":3,""force"":[-0.19468163097553415,0.10462866296999795],""has_data"":true,""last_update_ts"":1784118802.1886597,""raw"":[18136,17731,17745]},""middle"":{""age_s"":0.009157896041870117,""channels"":3,""force"":[0.7282535084640358,-1.2802440909300001],""has_data"":true,""last_update_ts"":1784118802.1886597,""raw"":[15372,16887,18436]},""pinky"":{""age_s"":0.009157896041870117,""channels"":3,""force"":[-1.0253232564711467,-0.7462771212900012],""has_data"":true,""last_update_ts"":1784118802.1886597,""raw"":[17420,15287,17698]},""ring"":{""age_s"":0.009157896041870117,""channels"":3,""force"":[0.2845716679938679,0.26032277417999783],""has_data"":true,""last_update_ts"":1784118802.1886597,""raw"":[15790,16382,15617]},""thumb"":{""age_s"":0.009157896041870117,""channels"":3,""force"":[0.0,-2.220446049250313e-16],""has_data"":true,""last_update_ts"":1784118802.1886597,""raw"":[0,0,0]}}","{""ble"":{""connection_state"":""connected"",""counter"":997381,""finger_order"":""DexterController.Visualizer"",""last_error"":null,""last_sample_age_s"":0.009182743000565097,""reconnect_count"":0,""sample_hz"":20.0,""sample_sequence"":1303,""timestamp_us"":9766992896},""fingers"":{""index"":{""has_data"":true,""last_update_ts"":1784118802.1886597,""mapped"":true},""middle"":{""has_data"":true,""last_update_ts"":1784118802.1886597,""mapped"":true},""pinky"":{""has_data"":true,""last_update_ts"":1784118802.1886597,""mapped"":true},""ring"":{""has_data"":true,""last_update_ts"":1784118802.1886597,""mapped"":true},""thumb"":{""has_data"":true,""last_update_ts"":1784118802.1886597,""mapped"":true}},""ports"":{""available"":[""BLE:Dexter""],""unavailable"":[]}}"
1784118802.2479298,1784118802.2478118,1305,ble,"{""index"":{""age_s"":0.00915217399597168,""channels"":3,""force"":[-0.3225466034187239,-0.07909593885000099],""has_data"":true,""last_update_ts"":1784118802.2386596,""raw"":[18248,17577,18055]},""middle"":{""age_s"":0.00915217399597168,""channels"":3,""force"":[0.7546917546458971,-1.3354724833200011],""has_data"":true,""last_update_ts"":1784118802.2386596,""raw"":[15422,16992,18613]},""pinky"":{""age_s"":0.00915217399597168,""channels"":3,""force"":[-1.017632130309151,-0.7490524173899997],""has_data"":true,""last_update_ts"":1784118802.2386596,""raw"":[17412,15295,17703]},""ring"":{""age_s"":0.00915217399597168,""channels"":3,""force"":[0.2759191510616237,0.23590016849999795],""has_data"":true,""last_update_ts"":1784118802.2386596,""raw"":[15787,16361,15649]},""thumb"":{""age_s"":0.00915217399597168,""channels"":3,""force"":[0.0,-2.220446049250313e-16],""has_data"":true,""last_update_ts"":1784118802.2386596,""raw"":[0,0,0]}}","{""ble"":{""connection_state"":""connected"",""counter"":997386,""finger_order"":""DexterController.Visualizer"",""last_error"":null,""last_sample_age_s"":0.009172803009278141,""reconnect_count"":0,""sample_hz"":20.0,""sample_sequence"":1304,""timestamp_us"":9767039936},""fingers"":{""index"":{""has_data"":true,""last_update_ts"":1784118802.2386596,""mapped"":true},""middle"":{""has_data"":true,""last_update_ts"":1784118802.2386596,""mapped"":true},""pinky"":{""has_data"":true,""last_update_ts"":1784118802.2386596,""mapped"":true},""ring"":{""has_data"":true,""last_update_ts"":1784118802.2386596,""mapped"":true},""thumb"":{""has_data"":true,""last_update_ts"":1784118802.2386596,""mapped"":true}},""ports"":{""available"":[""BLE:Dexter""],""unavailable"":[]}}"
1784118802.2979176,1784118802.297801,1306,ble,"{""index"":{""age_s"":0.00914144515991211,""channels"":3,""force"":[-0.4898285974421466,-0.5614424010300008],""has_data"":true,""last_update_ts"":1784118802.2886596,""raw"":[18171,17152,18673]},""middle"":{""age_s"":0.00914144515991211,""channels"":3,""force"":[0.6960469176606754,-1.1017925517000027],""has_data"":true,""last_update_ts"":1784118802.2886596,""raw"":[15680,17128,18389]},""pinky"":{""age_s"":0.00914144515991211,""channels"":3,""force"":[-1.0339757734033928,-0.7362860553300008],""has_data"":true,""last_update_ts"":1784118802.2886596,""raw"":[17438,15287,17689]},""ring"":{""age_s"":0.00914144515991211,""channels"":3,""force"":[0.2759191510616237,0.2758644323399997],""has_data"":true,""last_update_ts"":1784118802.2886596,""raw"":[15811,16385,15601]},""thumb"":{""age_s"":0.00914144515991211,""channels"":3,""force"":[0.0,-2.220446049250313e-16],""has_data"":true,""last_update_ts"":1784118802.2886596,""raw"":[0,0,0]}}","{""ble"":{""connection_state"":""connected"",""counter"":997392,""finger_order"":""DexterController.Visualizer"",""last_error"":null,""last_sample_age_s"":0.009162482994724996,""reconnect_count"":0,""sample_hz"":20.0,""sample_sequence"":1305,""timestamp_us"":9767096384},""fingers"":{""index"":{""has_data"":true,""last_update_ts"":1784118802.2886596,""mapped"":true},""middle"":{""has_data"":true,""last_update_ts"":1784118802.2886596,""mapped"":true},""pinky"":{""has_data"":true,""last_update_ts"":1784118802.2886596,""mapped"":true},""ring"":{""has_data"":true,""last_update_ts"":1784118802.2886596,""mapped"":true},""thumb"":{""has_data"":true,""last_update_ts"":1784118802.2886596,""mapped"":true}},""ports"":{""available"":[""BLE:Dexter""],""unavailable"":[]}}"
1784118802.347917,1784118802.3478029,1307,ble,"{""index"":{""age_s"":0.009146928787231445,""channels"":3,""force"":[-0.4263768066056759,-0.23562263889000068],""has_data"":true,""last_update_ts"":1784118802.338656,""raw"":[18447,17560,18428]},""middle"":{""age_s"":0.009146928787231445,""channels"":3,""force"":[0.3480234588303386,-0.6116752604400011],""has_data"":true,""last_update_ts"":1784118802.338656,""raw"":[16417,17141,17881]},""pinky"":{""age_s"":0.009146928787231445,""channels"":3,""force"":[-1.0296495149372689,-0.7382287626000021],""has_data"":true,""last_update_ts"":1784118802.338656,""raw"":[17426,15284,17685]},""ring"":{""age_s"":0.009146928787231445,""channels"":3,""force"":[0.2735156741359983,0.26060030378999866],""has_data"":true,""last_update_ts"":1784118802.338656,""raw"":[15804,16373,15619]},""thumb"":{""age_s"":0.009146928787231445,""channels"":3,""force"":[0.0,-2.220446049250313e-16],""has_data"":true,""last_update_ts"":1784118802.338656,""raw"":[0,0,0]}}","{""ble"":{""connection_state"":""connected"",""counter"":997397,""finger_order"":""DexterController.Visualizer"",""last_error"":null,""last_sample_age_s"":0.009167793003143743,""reconnect_count"":0,""sample_hz"":20.0,""sample_sequence"":1306,""timestamp_us"":9767143456},""fingers"":{""index"":{""has_data"":true,""last_update_ts"":1784118802.338656,""mapped"":true},""middle"":{""has_data"":true,""last_update_ts"":1784118802.338656,""mapped"":true},""pinky"":{""has_data"":true,""last_update_ts"":1784118802.338656,""mapped"":true},""ring"":{""has_data"":true,""last_update_ts"":1784118802.338656,""mapped"":true},""thumb"":{""has_data"":true,""last_update_ts"":1784118802.338656,""mapped"":true}},""ports"":{""available"":[""BLE:Dexter""],""unavailable"":[]}}"
1784118802.3979213,1784118802.3978026,1308,ble,"{""index"":{""age_s"":0.00915217399597168,""channels"":3,""force"":[-0.11104063396382458,-0.48095881413000185],""has_data"":true,""last_update_ts"":1784118802.3886504,""raw"":[17943,17712,18694]},""middle"":{""age_s"":0.00915217399597168,""channels"":3,""force"":[0.15766808632092832,-0.4812363437400018],""has_data"":true,""last_update_ts"":1784118802.3886504,""raw"":[16719,17047,17750]},""pinky"":{""age_s"":0.00915217399597168,""channels"":3,""force"":[-0.5196317113198834,-0.5142623673300024],""has_data"":true,""last_update_ts"":1784118802.3886504,""raw"":[17258,16177,17644]},""ring"":{""age_s"":0.00915217399597168,""channels"":3,""force"":[0.3023573972434832,0.3594008449499997],""has_data"":true,""last_update_ts"":1784118802.3886504,""raw"":[15768,16397,15435]},""thumb"":{""age_s"":0.00915217399597168,""channels"":3,""force"":[0.0,-2.220446049250313e-16],""has_data"":true,""last_update_ts"":1784118802.3886504,""raw"":[0,0,0]}}","{""ble"":{""connection_state"":""connected"",""counter"":997402,""finger_order"":""DexterController.Visualizer"",""last_error"":null,""last_sample_age_s"":0.009171379002509639,""reconnect_count"":0,""sample_hz"":20.0,""sample_sequence"":1307,""timestamp_us"":9767190528},""fingers"":{""index"":{""has_data"":true,""last_update_ts"":1784118802.3886504,""mapped"":true},""middle"":{""has_data"":true,""last_update_ts"":1784118802.3886504,""mapped"":true},""pinky"":{""has_data"":true,""last_update_ts"":1784118802.3886504,""mapped"":true},""ring"":{""has_data"":true,""last_update_ts"":1784118802.3886504,""mapped"":true},""thumb"":{""has_data"":true,""last_update_ts"":1784118802.3886504,""mapped"":true}},""ports"":{""available"":[""BLE:Dexter""],""unavailable"":[]}}"
1784118802.447918,1784118802.4478014,1309,ble,"{""index"":{""age_s"":0.00914144515991211,""channels"":3,""force"":[0.3138940864864779,-0.8650597943700005],""has_data"":true,""last_update_ts"":1784118802.43866,""raw"":[17211,17864,19096]},""middle"":{""age_s"":0.00914144515991211,""channels"":3,""force"":[-0.12882636321343988,-0.6327675108000026],""has_data"":true,""last_update_ts"":1784118802.43866,""raw"":[16921,16653,17927]},""pinky"":{""age_s"":0.00914144515991211,""channels"":3,""force"":[-1.022439084160398,-0.7412815883099997],""has_data"":true,""last_update_ts"":1784118802.43866,""raw"":[17424,15297,17696]},""ring"":{""age_s"":0.00914144515991211,""channels"":3,""force"":[0.27303497875087146,0.25810253729999655],""has_data"":true,""last_update_ts"":1784118802.43866,""raw"":[15801,16369,15620]},""thumb"":{""age_s"":0.00914144515991211,""channels"":3,""force"":[0.0,-2.220446049250313e-16],""has_data"":true,""last_update_ts"":1784118802.43866,""raw"":[0,0,0]}}","{""ble"":{""connection_state"":""connected"",""counter"":997408,""finger_order"":""DexterController.Visualizer"",""last_error"":null,""last_sample_age_s"":0.009161820998997428,""reconnect_count"":0,""sample_hz"":20.0,""sample_sequence"":1308,""timestamp_us"":9767246944},""fingers"":{""index"":{""has_data"":true,""last_update_ts"":1784118802.43866,""mapped"":true},""middle"":{""has_data"":true,""last_update_ts"":1784118802.43866,""mapped"":true},""pinky"":{""has_data"":true,""last_update_ts"":1784118802.43866,""mapped"":true},""ring"":{""has_data"":true,""last_update_ts"":1784118802.43866,""mapped"":true},""thumb"":{""has_data"":true,""last_update_ts"":1784118802.43866,""mapped"":true}},""ports"":{""available"":[""BLE:Dexter""],""unavailable"":[]}}"
1784118802.4979525,1784118802.497819,1310,ble,"{""index"":{""age_s"":0.009159564971923828,""channels"":3,""force"":[0.31437478187160295,-0.9236185420800016],""has_data"":true,""last_update_ts"":1784118802.4886594,""raw"":[17051,17705,19042]},""middle"":{""age_s"":0.009159564971923828,""channels"":3,""force"":[-0.4066682958155585,-0.9225084236400019],""has_data"":true,""last_update_ts"":1784118802.4886594,""raw"":[16650,15804,17889]},""pinky"":{""age_s"":0.009159564971923828,""channels"":3,""force"":[-1.0195549118496494,-0.7512726542700028],""has_data"":true,""last_update_ts"":1784118802.4886594,""raw"":[17412,15291,17705]},""ring"":{""age_s"":0.009159564971923828,""channels"":3,""force"":[0.27880332337237057,0.2608778333999995],""has_data"":true,""last_update_ts"":1784118802.4886594,""raw"":[15801,16381,15621]},""thumb"":{""age_s"":0.009159564971923828,""channels"":3,""force"":[0.0,-2.220446049250313e-16],""has_data"":true,""last_update_ts"":1784118802.4886594,""raw"":[0,0,0]}}","{""ble"":{""connection_state"":""connected"",""counter"":997413,""finger_order"":""DexterController.Visualizer"",""last_error"":null,""last_sample_age_s"":0.009184256006847136,""reconnect_count"":0,""sample_hz"":20.0,""sample_sequence"":1309,""timestamp_us"":9767294016},""fingers"":{""index"":{""has_data"":true,""last_update_ts"":1784118802.4886594,""mapped"":true},""middle"":{""has_data"":true,""last_update_ts"":1784118802.4886594,""mapped"":true},""pinky"":{""has_data"":true,""last_update_ts"":1784118802.4886594,""mapped"":true},""ring"":{""has_data"":true,""last_update_ts"":1784118802.4886594,""mapped"":true},""thumb"":{""has_data"":true,""last_update_ts"":1784118802.4886594,""mapped"":true}},""ports"":{""available"":[""BLE:Dexter""],""unavailable"":[]}}"
1784118802.547964,1784118802.5478308,1311,ble,"{""index"":{""age_s"":0.009171009063720703,""channels"":3,""force"":[0.598465754480344,-1.0754272387500015],""has_data"":true,""last_update_ts"":1784118802.5386598,""raw"":[16352,17597,18912]},""middle"":{""age_s"":0.009171009063720703,""channels"":3,""force"":[-0.4975197236041424,-0.8389720110300027],""has_data"":true,""last_update_ts"":1784118802.5386598,""raw"":[16564,15529,17558]},""pinky"":{""age_s"":0.009171009063720703,""channels"":3,""force"":[-1.0315722964777674,-0.739338881040001],""has_data"":true,""last_update_ts"":1784118802.5386598,""raw"":[17431,15285,17690]},""ring"":{""age_s"":0.009171009063720703,""channels"":3,""force"":[0.276399846446747,0.2489440601699977],""has_data"":true,""last_update_ts"":1784118802.5386598,""raw"":[15794,16369,15633]},""thumb"":{""age_s"":0.009171009063720703,""channels"":3,""force"":[0.0,-2.220446049250313e-16],""has_data"":true,""last_update_ts"":1784118802.5386598,""raw"":[0,0,0]}}","{""ble"":{""connection_state"":""connected"",""counter"":997418,""finger_order"":""DexterController.Visualizer"",""last_error"":null,""last_sample_age_s"":0.00919552800769452,""reconnect_count"":0,""sample_hz"":20.0,""sample_sequence"":1310,""timestamp_us"":9767340992},""fingers"":{""index"":{""has_data"":true,""last_update_ts"":1784118802.5386598,""mapped"":true},""middle"":{""has_data"":true,""last_update_ts"":1784118802.5386598,""mapped"":true},""pinky"":{""has_data"":true,""last_update_ts"":1784118802.5386598,""mapped"":true},""ring"":{""has_data"":true,""last_update_ts"":1784118802.5386598,""mapped"":true},""thumb"":{""has_data"":true,""last_update_ts"":1784118802.5386598,""mapped"":true}},""ports"":{""available"":[""BLE:Dexter""],""unavailable"":[]}}"
1784118802.5979617,1784118802.5978315,1312,ble,"{""index"":{""age_s"":0.009171485900878906,""channels"":3,""force"":[0.32543077572947254,-1.2169673398500027],""has_data"":true,""last_update_ts"":1784118802.58866,""raw"":[16283,16960,18814]},""middle"":{""age_s"":0.009171485900878906,""channels"":3,""force"":[-0.654226419154817,-0.8489630769900041],""has_data"":true,""last_update_ts"":1784118802.58866,""raw"":[16523,15162,17372]},""pinky"":{""age_s"":0.009171485900878906,""channels"":3,""force"":[-1.0190742164645243,-0.7404489994800016],""has_data"":true,""last_update_ts"":1784118802.58866,""raw"":[17412,15292,17686]},""ring"":{""age_s"":0.009171485900878906,""channels"":3,""force"":[0.2840909726087446,0.26559583676999754],""has_data"":true,""last_update_ts"":1784118802.58866,""raw"":[15799,16390,15616]},""thumb"":{""age_s"":0.009171485900878906,""channels"":3,""force"":[0.0,-2.220446049250313e-16],""has_data"":true,""last_update_ts"":1784118802.58866,""raw"":[0,0,0]}}","{""ble"":{""connection_state"":""connected"",""counter"":997424,""finger_order"":""DexterController.Visualizer"",""last_error"":null,""last_sample_age_s"":0.009196589991915971,""reconnect_count"":0,""sample_hz"":20.0,""sample_sequence"":1311,""timestamp_us"":9767397440},""fingers"":{""index"":{""has_data"":true,""last_update_ts"":1784118802.58866,""mapped"":true},""middle"":{""has_data"":true,""last_update_ts"":1784118802.58866,""mapped"":true},""pinky"":{""has_data"":true,""last_update_ts"":1784118802.58866,""mapped"":true},""ring"":{""has_data"":true,""last_update_ts"":1784118802.58866,""mapped"":true},""thumb"":{""has_data"":true,""last_update_ts"":1784118802.58866,""mapped"":true}},""ports"":{""available"":[""BLE:Dexter""],""unavailable"":[]}}"
1784118802.6479151,1784118802.6478014,1313,ble,"{""index"":{""age_s"":0.009145975112915039,""channels"":3,""force"":[-0.13988235707130947,-0.7718098454100017],""has_data"":true,""last_update_ts"":1784118802.6386554,""raw"":[16975,16684,18220]},""middle"":{""age_s"":0.009145975112915039,""channels"":3,""force"":[-0.8152593731716209,-0.3174938738400028],""has_data"":true,""last_update_ts"":1784118802.6386554,""raw"":[16894,15198,16618]},""pinky"":{""age_s"":0.009145975112915039,""channels"":3,""force"":[-1.0205163026198978,-0.750162535830003],""has_data"":true,""last_update_ts"":1784118802.6386554,""raw"":[17418,15295,17708]},""ring"":{""age_s"":0.009145975112915039,""channels"":3,""force"":[0.2720735879806231,0.24977664900000018],""has_data"":true,""last_update_ts"":1784118802.6386554,""raw"":[15802,16368,15635]},""thumb"":{""age_s"":0.009145975112915039,""channels"":3,""force"":[0.0,-2.220446049250313e-16],""has_data"":true,""last_update_ts"":1784118802.6386554,""raw"":[0,0,0]}}","{""ble"":{""connection_state"":""connected"",""counter"":997429,""finger_order"":""DexterController.Visualizer"",""last_error"":null,""last_sample_age_s"":0.00916404600138776,""reconnect_count"":0,""sample_hz"":20.0,""sample_sequence"":1312,""timestamp_us"":9767444384},""fingers"":{""index"":{""has_data"":true,""last_update_ts"":1784118802.6386554,""mapped"":true},""middle"":{""has_data"":true,""last_update_ts"":1784118802.6386554,""mapped"":true},""pinky"":{""has_data"":true,""last_update_ts"":1784118802.6386554,""mapped"":true},""ring"":{""has_data"":true,""last_update_ts"":1784118802.6386554,""mapped"":true},""thumb"":{""has_data"":true,""last_update_ts"":1784118802.6386554,""mapped"":true}},""ports"":{""available"":[""BLE:Dexter""],""unavailable"":[]}}"
1784118802.6979187,1784118802.6978,1314,ble,"{""index"":{""age_s"":0.009139537811279297,""channels"":3,""force"":[-0.18602911404328992,-0.6996521468100001],""has_data"":true,""last_update_ts"":1784118802.6886604,""raw"":[16952,16565,18019]},""middle"":{""age_s"":0.009139537811279297,""channels"":3,""force"":[-0.7532496684905237,0.04690250408999752],""has_data"":true,""last_update_ts"":1784118802.6886604,""raw"":[16987,15420,16119]},""pinky"":{""age_s"":0.009139537811279297,""channels"":3,""force"":[-1.0229197795455232,-0.7443344140200017],""has_data"":true,""last_update_ts"":1784118802.6886604,""raw"":[17421,15293,17698]},""ring"":{""age_s"":0.009139537811279297,""channels"":3,""force"":[0.2773612372169971,0.25671488924999686],""has_data"":true,""last_update_ts"":1784118802.6886604,""raw"":[15795,16372,15621]},""thumb"":{""age_s"":0.009139537811279297,""channels"":3,""force"":[0.0,-2.220446049250313e-16],""has_data"":true,""last_update_ts"":1784118802.6886604,""raw"":[0,0,0]}}","{""ble"":{""connection_state"":""connected"",""counter"":997434,""finger_order"":""DexterController.Visualizer"",""last_error"":null,""last_sample_age_s"":0.009155769002973102,""reconnect_count"":0,""sample_hz"":20.0,""sample_sequence"":1313,""timestamp_us"":9767491424},""fingers"":{""index"":{""has_data"":true,""last_update_ts"":1784118802.6886604,""mapped"":true},""middle"":{""has_data"":true,""last_update_ts"":1784118802.6886604,""mapped"":true},""pinky"":{""has_data"":true,""last_update_ts"":1784118802.6886604,""mapped"":true},""ring"":{""has_data"":true,""last_update_ts"":1784118802.6886604,""mapped"":true},""thumb"":{""has_data"":true,""last_update_ts"":1784118802.6886604,""mapped"":true}},""ports"":{""available"":[""BLE:Dexter""],""unavailable"":[]}}"
1784118802.7479146,1784118802.7477994,1315,ble,"{""index"":{""age_s"":0.00915217399597168,""channels"":3,""force"":[-0.2999539203178596,-0.7476647693400027],""has_data"":true,""last_update_ts"":1784118802.7386472,""raw"":[16950,16326,17985]},""middle"":{""age_s"":0.00915217399597168,""channels"":3,""force"":[-0.41051385889655556,0.4779059884199981],""has_data"":true,""last_update_ts"":1784118802.7386472,""raw"":[16844,15990,15556]},""pinky"":{""age_s"":0.00915217399597168,""channels"":3,""force"":[-1.022439084160398,-0.7479422989500017],""has_data"":true,""last_update_ts"":1784118802.7386472,""raw"":[17424,15297,17708]},""ring"":{""age_s"":0.00915217399597168,""channels"":3,""force"":[0.2739963695211216,0.2536620635399993],""has_data"":true,""last_update_ts"":1784118802.7386472,""raw"":[15802,16372,15630]},""thumb"":{""age_s"":0.00915217399597168,""channels"":3,""force"":[0.0,-2.220446049250313e-16],""has_data"":true,""last_update_ts"":1784118802.7386472,""raw"":[0,0,0]}}","{""ble"":{""connection_state"":""connected"",""counter"":997440,""finger_order"":""DexterController.Visualizer"",""last_error"":null,""last_sample_age_s"":0.009167512005660683,""reconnect_count"":0,""sample_hz"":20.0,""sample_sequence"":1314,""timestamp_us"":9767547872},""fingers"":{""index"":{""has_data"":true,""last_update_ts"":1784118802.7386472,""mapped"":true},""middle"":{""has_data"":true,""last_update_ts"":1784118802.7386472,""mapped"":true},""pinky"":{""has_data"":true,""last_update_ts"":1784118802.7386472,""mapped"":true},""ring"":{""has_data"":true,""last_update_ts"":1784118802.7386472,""mapped"":true},""thumb"":{""has_data"":true,""last_update_ts"":1784118802.7386472,""mapped"":true}},""ports"":{""available"":[""BLE:Dexter""],""unavailable"":[]}}"
1784118802.7979183,1784118802.7978015,1316,ble,"{""index"":{""age_s"":0.009145975112915039,""channels"":3,""force"":[-0.2216005725425223,-0.715193804970002],""has_data"":true,""last_update_ts"":1784118802.7886555,""raw"":[16845,16384,17903]},""middle"":{""age_s"":0.009145975112915039,""channels"":3,""force"":[-0.34513928651958814,0.6083449051199992],""has_data"":true,""last_update_ts"":1784118802.7886555,""raw"":[16810,16092,15355]},""pinky"":{""age_s"":0.009145975112915039,""channels"":3,""force"":[-1.0234004749306482,-0.7390613514300028],""has_data"":true,""last_update_ts"":1784118802.7886555,""raw"":[17421,15292,17688]},""ring"":{""age_s"":0.009145975112915039,""channels"":3,""force"":[0.283610277223616,0.263653129499998],""has_data"":true,""last_update_ts"":1784118802.7886555,""raw"":[15793,16383,15613]},""thumb"":{""age_s"":0.009145975112915039,""channels"":3,""force"":[0.0,-2.220446049250313e-16],""has_data"":true,""last_update_ts"":1784118802.7886555,""raw"":[0,0,0]}}","{""ble"":{""connection_state"":""connected"",""counter"":997445,""finger_order"":""DexterController.Visualizer"",""last_error"":null,""last_sample_age_s"":0.009161851005046628,""reconnect_count"":0,""sample_hz"":20.0,""sample_sequence"":1315,""timestamp_us"":9767594784},""fingers"":{""index"":{""has_data"":true,""last_update_ts"":1784118802.7886555,""mapped"":true},""middle"":{""has_data"":true,""last_update_ts"":1784118802.7886555,""mapped"":true},""pinky"":{""has_data"":true,""last_update_ts"":1784118802.7886555,""mapped"":true},""ring"":{""has_data"":true,""last_update_ts"":1784118802.7886555,""mapped"":true},""thumb"":{""has_data"":true,""last_update_ts"":1784118802.7886555,""mapped"":true}},""ports"":{""available"":[""BLE:Dexter""],""unavailable"":[]}}"
1784118802.8479176,1784118802.847802,1317,ble,"{""index"":{""age_s"":0.00914621353149414,""channels"":3,""force"":[-0.08844795086295676,-0.528416377440001],""has_data"":true,""last_update_ts"":1784118802.8386557,""raw"":[16869,16685,17729]},""middle"":{""age_s"":0.00914621353149414,""channels"":3,""force"":[-0.4013806465791898,0.4393293726299978],""has_data"":true,""last_update_ts"":1784118802.8386557,""raw"":[16652,15817,15443]},""pinky"":{""age_s"":0.00914621353149414,""channels"":3,""force"":[-1.025323256471145,-0.7462771212900021],""has_data"":true,""last_update_ts"":1784118802.8386557,""raw"":[17419,15286,17697]},""ring"":{""age_s"":0.00914621353149414,""channels"":3,""force"":[0.27399636952111805,0.2581025372999992],""has_data"":true,""last_update_ts"":1784118802.8386557,""raw"":[15805,16375,15625]},""thumb"":{""age_s"":0.00914621353149414,""channels"":3,""force"":[0.0,-2.220446049250313e-16],""has_data"":true,""last_update_ts"":1784118802.8386557,""raw"":[0,0,0]}}","{""ble"":{""connection_state"":""connected"",""counter"":997450,""finger_order"":""DexterController.Visualizer"",""last_error"":null,""last_sample_age_s"":0.009161720998235978,""reconnect_count"":0,""sample_hz"":20.0,""sample_sequence"":1316,""timestamp_us"":9767641824},""fingers"":{""index"":{""has_data"":true,""last_update_ts"":1784118802.8386557,""mapped"":true},""middle"":{""has_data"":true,""last_update_ts"":1784118802.8386557,""mapped"":true},""pinky"":{""has_data"":true,""last_update_ts"":1784118802.8386557,""mapped"":true},""ring"":{""has_data"":true,""last_update_ts"":1784118802.8386557,""mapped"":true},""thumb"":{""has_data"":true,""last_update_ts"":1784118802.8386557,""mapped"":true}},""ports"":{""available"":[""BLE:Dexter""],""unavailable"":[]}}"
1784118802.8979523,1784118802.8978238,1318,ble,"{""index"":{""age_s"":0.009179830551147461,""channels"":3,""force"":[0.0014420861553752218,-0.36217614104999996],""has_data"":true,""last_update_ts"":1784118802.888644,""raw"":[16908,16911,17562]},""middle"":{""age_s"":0.009179830551147461,""channels"":3,""force"":[-0.3653284926948288,0.31194328163999696],""has_data"":true,""last_update_ts"":1784118802.888644,""raw"":[16489,15729,15547]},""pinky"":{""age_s"":0.009179830551147461,""channels"":3,""force"":[-1.0224390841603963,-0.7423917067500012],""has_data"":true,""last_update_ts"":1784118802.888644,""raw"":[17418,15291,17692]},""ring"":{""age_s"":0.009179830551147461,""channels"":3,""force"":[0.2744770649062467,0.25726994846999585],""has_data"":true,""last_update_ts"":1784118802.888644,""raw"":[15798,16369,15620]},""thumb"":{""age_s"":0.009179830551147461,""channels"":3,""force"":[0.0,-2.220446049250313e-16],""has_data"":true,""last_update_ts"":1784118802.888644,""raw"":[0,0,0]}}","{""ble"":{""connection_state"":""connected"",""counter"":997456,""finger_order"":""DexterController.Visualizer"",""last_error"":null,""last_sample_age_s"":0.009200006010360084,""reconnect_count"":0,""sample_hz"":20.0,""sample_sequence"":1317,""timestamp_us"":9767698432},""fingers"":{""index"":{""has_data"":true,""last_update_ts"":1784118802.888644,""mapped"":true},""middle"":{""has_data"":true,""last_update_ts"":1784118802.888644,""mapped"":true},""pinky"":{""has_data"":true,""last_update_ts"":1784118802.888644,""mapped"":true},""ring"":{""has_data"":true,""last_update_ts"":1784118802.888644,""mapped"":true},""thumb"":{""has_data"":true,""last_update_ts"":1784118802.888644,""mapped"":true}},""ports"":{""available"":[""BLE:Dexter""],""unavailable"":[]}}"
1784118802.9479434,1784118802.9478245,1319,ble,"{""index"":{""age_s"":0.009181737899780273,""channels"":3,""force"":[0.02211198771573919,-0.3996426383999996],""has_data"":true,""last_update_ts"":1784118802.9386427,""raw"":[16837,16883,17580]},""middle"":{""age_s"":0.009181737899780273,""channels"":3,""force"":[-0.33552537881709554,0.2297945170800002],""has_data"":true,""last_update_ts"":1784118802.9386427,""raw"":[16393,15695,15630]},""pinky"":{""age_s"":0.009181737899780273,""channels"":3,""force"":[-1.0195549118496494,-0.7362860553300008],""has_data"":true,""last_update_ts"":1784118802.9386427,""raw"":[17421,15300,17687]},""ring"":{""age_s"":0.009181737899780273,""channels"":3,""force"":[0.28120680029799594,0.2622654814499965],""has_data"":true,""last_update_ts"":1784118802.9386427,""raw"":[15800,16385,15620]},""thumb"":{""age_s"":0.009181737899780273,""channels"":3,""force"":[0.0,-2.220446049250313e-16],""has_data"":true,""last_update_ts"":1784118802.9386427,""raw"":[0,0,0]}}","{""ble"":{""connection_state"":""connected"",""counter"":997461,""finger_order"":""DexterController.Visualizer"",""last_error"":null,""last_sample_age_s"":0.009202240995364264,""reconnect_count"":0,""sample_hz"":20.0,""sample_sequence"":1318,""timestamp_us"":9767745536},""fingers"":{""index"":{""has_data"":true,""last_update_ts"":1784118802.9386427,""mapped"":true},""middle"":{""has_data"":true,""last_update_ts"":1784118802.9386427,""mapped"":true},""pinky"":{""has_data"":true,""last_update_ts"":1784118802.9386427,""mapped"":true},""ring"":{""has_data"":true,""last_update_ts"":1784118802.9386427,""mapped"":true},""thumb"":{""has_data"":true,""last_update_ts"":1784118802.9386427,""mapped"":true}},""ports"":{""available"":[""BLE:Dexter""],""unavailable"":[]}}"
1784118802.997932,1784118802.9978235,1320,ble,"{""index"":{""age_s"":0.009181976318359375,""channels"":3,""force"":[0.0072104307768743325,-0.39492463503000064],""has_data"":true,""last_update_ts"":1784118802.9886415,""raw"":[16855,16870,17574]},""middle"":{""age_s"":0.009181976318359375,""channels"":3,""force"":[-0.36436710192457866,0.23145969473999806],""has_data"":true,""last_update_ts"":1784118802.9886415,""raw"":[16411,15653,15615]},""pinky"":{""age_s"":0.009181976318359375,""channels"":3,""force"":[-1.0205163026198978,-0.7446119436300007],""has_data"":true,""last_update_ts"":1784118802.9886415,""raw"":[17422,15299,17702]},""ring"":{""age_s"":0.009181976318359375,""channels"":3,""force"":[0.2744770649062449,0.2533845339299958],""has_data"":true,""last_update_ts"":1784118802.9886415,""raw"":[15800,16371,15629]},""thumb"":{""age_s"":0.009181976318359375,""channels"":3,""force"":[0.0,-2.220446049250313e-16],""has_data"":true,""last_update_ts"":1784118802.9886415,""raw"":[0,0,0]}}","{""ble"":{""connection_state"":""connected"",""counter"":997466,""finger_order"":""DexterController.Visualizer"",""last_error"":null,""last_sample_age_s"":0.009202261993777938,""reconnect_count"":0,""sample_hz"":20.0,""sample_sequence"":1319,""timestamp_us"":9767792512},""fingers"":{""index"":{""has_data"":true,""last_update_ts"":1784118802.9886415,""mapped"":true},""middle"":{""has_data"":true,""last_update_ts"":1784118802.9886415,""mapped"":true},""pinky"":{""has_data"":true,""last_update_ts"":1784118802.9886415,""mapped"":true},""ring"":{""has_data"":true,""last_update_ts"":1784118802.9886415,""mapped"":true},""thumb"":{""has_data"":true,""last_update_ts"":1784118802.9886415,""mapped"":true}},""ports"":{""available"":[""BLE:Dexter""],""unavailable"":[]}}"
1784118803.0479584,1784118803.0478282,1321,ble,"{""index"":{""age_s"":0.009186267852783203,""channels"":3,""force"":[0.01970851079011382,-0.38382345063000134],""has_data"":true,""last_update_ts"":1784118803.038642,""raw"":[16832,16873,17544]},""middle"":{""age_s"":0.009186267852783203,""channels"":3,""force"":[-0.37109683731632614,0.3202691699399969],""has_data"":true,""last_update_ts"":1784118803.038642,""raw"":[16395,15623,15432]},""pinky"":{""age_s"":0.009186267852783203,""channels"":3,""force"":[0.2216005725425223,-0.14903340057000047],""has_data"":true,""last_update_ts"":1784118803.038642,""raw"":[17039,17500,17538]},""ring"":{""age_s"":0.009186267852783203,""channels"":3,""force"":[0.31918173572285014,0.522310726019998],""has_data"":true,""last_update_ts"":1784118803.038642,""raw"":[15744,16408,15135]},""thumb"":{""age_s"":0.009186267852783203,""channels"":3,""force"":[0.0,-2.220446049250313e-16],""has_data"":true,""last_update_ts"":1784118803.038642,""raw"":[0,0,0]}}","{""ble"":{""connection_state"":""connected"",""counter"":997472,""finger_order"":""DexterController.Visualizer"",""last_error"":null,""last_sample_age_s"":0.009205837995978072,""reconnect_count"":0,""sample_hz"":20.0,""sample_sequence"":1320,""timestamp_us"":9767848800},""fingers"":{""index"":{""has_data"":true,""last_update_ts"":1784118803.038642,""mapped"":true},""middle"":{""has_data"":true,""last_update_ts"":1784118803.038642,""mapped"":true},""pinky"":{""has_data"":true,""last_update_ts"":1784118803.038642,""mapped"":true},""ring"":{""has_data"":true,""last_update_ts"":1784118803.038642,""mapped"":true},""thumb"":{""has_data"":true,""last_update_ts"":1784118803.038642,""mapped"":true}},""ports"":{""available"":[""BLE:Dexter""],""unavailable"":[]}}"
1784118803.0979526,1784118803.0978248,1322,ble,"{""index"":{""age_s"":0.009178400039672852,""channels"":3,""force"":[0.021150596945492595,-0.4007527568400011],""has_data"":true,""last_update_ts"":1784118803.0886464,""raw"":[16834,16878,17578]},""middle"":{""age_s"":0.009178400039672852,""channels"":3,""force"":[-0.3595601480733315,0.2758644323399988],""has_data"":true,""last_update_ts"":1784118803.0886464,""raw"":[16435,15687,15564]},""pinky"":{""age_s"":0.009178400039672852,""channels"":3,""force"":[-1.02484256108602,-0.743224295580001],""has_data"":true,""last_update_ts"":1784118803.0886464,""raw"":[17423,15291,17696]},""ring"":{""age_s"":0.009178400039672852,""channels"":3,""force"":[0.2720735879806231,0.2569924188599968],""has_data"":true,""last_update_ts"":1784118803.0886464,""raw"":[15804,16370,15624]},""thumb"":{""age_s"":0.009178400039672852,""channels"":3,""force"":[0.0,-2.220446049250313e-16],""has_data"":true,""last_update_ts"":1784118803.0886464,""raw"":[0,0,0]}}","{""ble"":{""connection_state"":""connected"",""counter"":997477,""finger_order"":""DexterController.Visualizer"",""last_error"":null,""last_sample_age_s"":0.009198424013447948,""reconnect_count"":0,""sample_hz"":20.0,""sample_sequence"":1321,""timestamp_us"":9767895808},""fingers"":{""index"":{""has_data"":true,""last_update_ts"":1784118803.0886464,""mapped"":true},""middle"":{""has_data"":true,""last_update_ts"":1784118803.0886464,""mapped"":true},""pinky"":{""has_data"":true,""last_update_ts"":1784118803.0886464,""mapped"":true},""ring"":{""has_data"":true,""last_update_ts"":1784118803.0886464,""mapped"":true},""thumb"":{""has_data"":true,""last_update_ts"":1784118803.0886464,""mapped"":true}},""ports"":{""available"":[""BLE:Dexter""],""unavailable"":[]}}"
1784118803.147926,1784118803.1478002,1323,ble,"{""index"":{""age_s"":0.009152412414550781,""channels"":3,""force"":[0.015382252323993484,-0.43738666536000004],""has_data"":true,""last_update_ts"":1784118803.1386478,""raw"":[16813,16845,17617]},""middle"":{""age_s"":0.009152412414550781,""channels"":3,""force"":[-0.3388902465129675,0.251719356269998],""has_data"":true,""last_update_ts"":1784118803.1386478,""raw"":[16406,15701,15600]},""pinky"":{""age_s"":0.009152412414550781,""channels"":3,""force"":[-1.0253232564711467,-0.7557131280300009],""has_data"":true,""last_update_ts"":1784118803.1386478,""raw"":[17416,15283,17711]},""ring"":{""age_s"":0.009152412414550781,""channels"":3,""force"":[0.2725542833657464,0.2511642970499981],""has_data"":true,""last_update_ts"":1784118803.1386478,""raw"":[15800,16367,15631]},""thumb"":{""age_s"":0.009152412414550781,""channels"":3,""force"":[0.0,-2.220446049250313e-16],""has_data"":true,""last_update_ts"":1784118803.1386478,""raw"":[0,0,0]}}","{""ble"":{""connection_state"":""connected"",""counter"":997482,""finger_order"":""DexterController.Visualizer"",""last_error"":null,""last_sample_age_s"":0.009171430006972514,""reconnect_count"":0,""sample_hz"":20.0,""sample_sequence"":1322,""timestamp_us"":9767942848},""fingers"":{""index"":{""has_data"":true,""last_update_ts"":1784118803.1386478,""mapped"":true},""middle"":{""has_data"":true,""last_update_ts"":1784118803.1386478,""mapped"":true},""pinky"":{""has_data"":true,""last_update_ts"":1784118803.1386478,""mapped"":true},""ring"":{""has_data"":true,""last_update_ts"":1784118803.1386478,""mapped"":true},""thumb"":{""has_data"":true,""last_update_ts"":1784118803.1386478,""mapped"":true}},""ports"":{""available"":[""BLE:Dexter""],""unavailable"":[]}}"
1784118803.197926,1784118803.1978025,1324,ble,"{""index"":{""age_s"":0.009143829345703125,""channels"":3,""force"":[0.0192278154049923,-0.43627654692000206],""has_data"":true,""last_update_ts"":1784118803.1886587,""raw"":[16777,16817,17583]},""middle"":{""age_s"":0.009143829345703125,""channels"":3,""force"":[-0.3523497172964589,0.31111069280999804],""has_data"":true,""last_update_ts"":1784118803.1886587,""raw"":[16367,15634,15440]},""pinky"":{""age_s"":0.009143829345703125,""channels"":3,""force"":[0.1220966278216924,-0.17761895040000208],""has_data"":true,""last_update_ts"":1784118803.1886587,""raw"":[17109,17363,17556]},""ring"":{""age_s"":0.009143829345703125,""channels"":3,""force"":[0.33792885574271736,0.48706446554999694],""has_data"":true,""last_update_ts"":1784118803.1886587,""raw"":[15733,16436,15207]},""thumb"":{""age_s"":0.009143829345703125,""channels"":3,""force"":[0.0,-2.220446049250313e-16],""has_data"":true,""last_update_ts"":1784118803.1886587,""raw"":[0,0,0]}}","{""ble"":{""connection_state"":""connected"",""counter"":997487,""finger_order"":""DexterController.Visualizer"",""last_error"":null,""last_sample_age_s"":0.009163234004518017,""reconnect_count"":0,""sample_hz"":20.0,""sample_sequence"":1323,""timestamp_us"":9767989856},""fingers"":{""index"":{""has_data"":true,""last_update_ts"":1784118803.1886587,""mapped"":true},""middle"":{""has_data"":true,""last_update_ts"":1784118803.1886587,""mapped"":true},""pinky"":{""has_data"":true,""last_update_ts"":1784118803.1886587,""mapped"":true},""ring"":{""has_data"":true,""last_update_ts"":1784118803.1886587,""mapped"":true},""thumb"":{""has_data"":true,""last_update_ts"":1784118803.1886587,""mapped"":true}},""ports"":{""available"":[""BLE:Dexter""],""unavailable"":[]}}"
1784118803.2479215,1784118803.247802,1325,ble,"{""index"":{""age_s"":0.009143352508544922,""channels"":3,""force"":[0.032687286188481934,-0.45459350118000064],""has_data"":true,""last_update_ts"":1784118803.2386587,""raw"":[16776,16844,17629]},""middle"":{""age_s"":0.009143352508544922,""channels"":3,""force"":[-0.32062382187822536,0.24394852718999793],""has_data"":true,""last_update_ts"":1784118803.2386587,""raw"":[16380,15713,15607]},""pinky"":{""age_s"":0.009143352508544922,""channels"":3,""force"":[-1.021958388775273,-0.7360085257200017],""has_data"":true,""last_update_ts"":1784118803.2386587,""raw"":[17422,15296,17685]},""ring"":{""age_s"":0.009143352508544922,""channels"":3,""force"":[0.29034001261536524,0.2675385440399971],""has_data"":true,""last_update_ts"":1784118803.2386587,""raw"":[15799,16403,15619]},""thumb"":{""age_s"":0.009143352508544922,""channels"":3,""force"":[0.0,-2.220446049250313e-16],""has_data"":true,""last_update_ts"":1784118803.2386587,""raw"":[0,0,0]}}","{""ble"":{""connection_state"":""connected"",""counter"":997493,""finger_order"":""DexterController.Visualizer"",""last_error"":null,""last_sample_age_s"":0.00916165200760588,""reconnect_count"":0,""sample_hz"":20.0,""sample_sequence"":1324,""timestamp_us"":9768046112},""fingers"":{""index"":{""has_data"":true,""last_update_ts"":1784118803.2386587,""mapped"":true},""middle"":{""has_data"":true,""last_update_ts"":1784118803.2386587,""mapped"":true},""pinky"":{""has_data"":true,""last_update_ts"":1784118803.2386587,""mapped"":true},""ring"":{""has_data"":true,""last_update_ts"":1784118803.2386587,""mapped"":true},""thumb"":{""has_data"":true,""last_update_ts"":1784118803.2386587,""mapped"":true}},""ports"":{""available"":[""BLE:Dexter""],""unavailable"":[]}}"
1784118803.2979212,1784118803.2978024,1326,ble,"{""index"":{""age_s"":0.009144067764282227,""channels"":3,""force"":[0.04037841235048134,-0.4362765469200003],""has_data"":true,""last_update_ts"":1784118803.2886584,""raw"":[16789,16873,17617]},""middle"":{""age_s"":0.009144067764282227,""channels"":3,""force"":[-0.3086064372501056,0.24755641211999801],""has_data"":true,""last_update_ts"":1784118803.2886584,""raw"":[16374,15732,15607]},""pinky"":{""age_s"":0.009144067764282227,""channels"":3,""force"":[-1.0243618657008948,-0.7462771212900021],""has_data"":true,""last_update_ts"":1784118803.2886584,""raw"":[17419,15288,17698]},""ring"":{""age_s"":0.009144067764282227,""channels"":3,""force"":[0.27351567413599476,0.2539395931499975],""has_data"":true,""last_update_ts"":1784118803.2886584,""raw"":[15797,16366,15624]},""thumb"":{""age_s"":0.009144067764282227,""channels"":3,""force"":[0.0,-2.220446049250313e-16],""has_data"":true,""last_update_ts"":1784118803.2886584,""raw"":[0,0,0]}}","{""ble"":{""connection_state"":""connected"",""counter"":997498,""finger_order"":""DexterController.Visualizer"",""last_error"":null,""last_sample_age_s"":0.009161661000689492,""reconnect_count"":0,""sample_hz"":20.0,""sample_sequence"":1325,""timestamp_us"":9768092992},""fingers"":{""index"":{""has_data"":true,""last_update_ts"":1784118803.2886584,""mapped"":true},""middle"":{""has_data"":true,""last_update_ts"":1784118803.2886584,""mapped"":true},""pinky"":{""has_data"":true,""last_update_ts"":1784118803.2886584,""mapped"":true},""ring"":{""has_data"":true,""last_update_ts"":1784118803.2886584,""mapped"":true},""thumb"":{""has_data"":true,""last_update_ts"":1784118803.2886584,""mapped"":true}},""ports"":{""available"":[""BLE:Dexter""],""unavailable"":[]}}"
1784118803.347943,1784118803.3478262,1327,ble,"{""index"":{""age_s"":0.009177207946777344,""channels"":3,""force"":[0.05287649236372438,-0.37355485506000274],""has_data"":true,""last_update_ts"":1784118803.338649,""raw"":[16817,16927,17545]},""middle"":{""age_s"":0.009177207946777344,""channels"":3,""force"":[-0.3086064372501056,0.25477218197999996],""has_data"":true,""last_update_ts"":1784118803.338649,""raw"":[16377,15735,15597]},""pinky"":{""age_s"":0.009177207946777344,""channels"":3,""force"":[-1.0243618657008948,-0.7462771212900021],""has_data"":true,""last_update_ts"":1784118803.338649,""raw"":[17423,15292,17702]},""ring"":{""age_s"":0.009177207946777344,""channels"":3,""force"":[0.276399846446747,0.25227441548999874],""has_data"":true,""last_update_ts"":1784118803.338649,""raw"":[15790,16365,15623]},""thumb"":{""age_s"":0.009177207946777344,""channels"":3,""force"":[0.0,-2.220446049250313e-16],""has_data"":true,""last_update_ts"":1784118803.338649,""raw"":[0,0,0]}}","{""ble"":{""connection_state"":""connected"",""counter"":997503,""finger_order"":""DexterController.Visualizer"",""last_error"":null,""last_sample_age_s"":0.009197150997351855,""reconnect_count"":0,""sample_hz"":20.0,""sample_sequence"":1326,""timestamp_us"":9768139872},""fingers"":{""index"":{""has_data"":true,""last_update_ts"":1784118803.338649,""mapped"":true},""middle"":{""has_data"":true,""last_update_ts"":1784118803.338649,""mapped"":true},""pinky"":{""has_data"":true,""last_update_ts"":1784118803.338649,""mapped"":true},""ring"":{""has_data"":true,""last_update_ts"":1784118803.338649,""mapped"":true},""thumb"":{""has_data"":true,""last_update_ts"":1784118803.338649,""mapped"":true}},""ports"":{""available"":[""BLE:Dexter""],""unavailable"":[]}}"
1784118803.3979359,1784118803.3978112,1328,ble,"{""index"":{""age_s"":0.00915217399597168,""channels"":3,""force"":[0.03316798157360701,-0.33608835771000134],""has_data"":true,""last_update_ts"":1784118803.388659,""raw"":[16862,16931,17502]},""middle"":{""age_s"":0.00915217399597168,""channels"":3,""force"":[-0.33360259727659347,0.2442260567999961],""has_data"":true,""last_update_ts"":1784118803.388659,""raw"":[16395,15701,15608]},""pinky"":{""age_s"":0.00915217399597168,""channels"":3,""force"":[-1.0209969980050229,-0.7404489994799999],""has_data"":true,""last_update_ts"":1784118803.388659,""raw"":[17419,15295,17691]},""ring"":{""age_s"":0.00915217399597168,""channels"":3,""force"":[0.27543845567649505,0.25671488924999863],""has_data"":true,""last_update_ts"":1784118803.388659,""raw"":[15801,16374,15625]},""thumb"":{""age_s"":0.00915217399597168,""channels"":3,""force"":[0.0,-2.220446049250313e-16],""has_data"":true,""last_update_ts"":1784118803.388659,""raw"":[0,0,0]}}","{""ble"":{""connection_state"":""connected"",""counter"":997509,""finger_order"":""DexterController.Visualizer"",""last_error"":null,""last_sample_age_s"":0.009172373000183143,""reconnect_count"":0,""sample_hz"":20.0,""sample_sequence"":1327,""timestamp_us"":9768196160},""fingers"":{""index"":{""has_data"":true,""last_update_ts"":1784118803.388659,""mapped"":true},""middle"":{""has_data"":true,""last_update_ts"":1784118803.388659,""mapped"":true},""pinky"":{""has_data"":true,""last_update_ts"":1784118803.388659,""mapped"":true},""ring"":{""has_data"":true,""last_update_ts"":1784118803.388659,""mapped"":true},""thumb"":{""has_data"":true,""last_update_ts"":1784118803.388659,""mapped"":true}},""ports"":{""available"":[""BLE:Dexter""],""unavailable"":[]}}"
1784118803.4479306,1784118803.4478025,1329,ble,"{""index"":{""age_s"":0.009143352508544922,""channels"":3,""force"":[0.03653284926948075,-0.29085103128000256],""has_data"":true,""last_update_ts"":1784118803.4386592,""raw"":[16895,16971,17457]},""middle"":{""age_s"":0.009143352508544922,""channels"":3,""force"":[-0.34898484960058695,0.2531070043199968],""has_data"":true,""last_update_ts"":1784118803.4386592,""raw"":[16415,15689,15596]},""pinky"":{""age_s"":0.009143352508544922,""channels"":3,""force"":[-1.0214776933901497,-0.7435018251900001],""has_data"":true,""last_update_ts"":1784118803.4386592,""raw"":[17417,15292,17694]},""ring"":{""age_s"":0.009143352508544922,""channels"":3,""force"":[0.27688054183187205,0.25477218197999996],""has_data"":true,""last_update_ts"":1784118803.4386592,""raw"":[15802,16378,15631]},""thumb"":{""age_s"":0.009143352508544922,""channels"":3,""force"":[0.0,-2.220446049250313e-16],""has_data"":true,""last_update_ts"":1784118803.4386592,""raw"":[0,0,0]}}","{""ble"":{""connection_state"":""connected"",""counter"":997514,""finger_order"":""DexterController.Visualizer"",""last_error"":null,""last_sample_age_s"":0.00916445700568147,""reconnect_count"":0,""sample_hz"":20.0,""sample_sequence"":1328,""timestamp_us"":9768243136},""fingers"":{""index"":{""has_data"":true,""last_update_ts"":1784118803.4386592,""mapped"":true},""middle"":{""has_data"":true,""last_update_ts"":1784118803.4386592,""mapped"":true},""pinky"":{""has_data"":true,""last_update_ts"":1784118803.4386592,""mapped"":true},""ring"":{""has_data"":true,""last_update_ts"":1784118803.4386592,""mapped"":true},""thumb"":{""has_data"":true,""last_update_ts"":1784118803.4386592,""mapped"":true}},""ports"":{""available"":[""BLE:Dexter""],""unavailable"":[]}}"
1784118803.4979386,1784118803.4978032,1330,ble,"{""index"":{""age_s"":0.009141921997070312,""channels"":3,""force"":[0.04037841235048134,-0.21092250360000175],""has_data"":true,""last_update_ts"":1784118803.4886613,""raw"":[16934,17018,17356]},""middle"":{""age_s"":0.009141921997070312,""channels"":3,""force"":[-0.3768651819378235,0.29196114971999787],""has_data"":true,""last_update_ts"":1784118803.4886613,""raw"":[16434,15650,15516]},""pinky"":{""age_s"":0.009141921997070312,""channels"":3,""force"":[-0.5614522098257364,-0.5167601338200045],""has_data"":true,""last_update_ts"":1784118803.4886613,""raw"":[17288,16120,17635]},""ring"":{""age_s"":0.009141921997070312,""channels"":3,""force"":[0.30043461570298646,0.3505198974299981],""has_data"":true,""last_update_ts"":1784118803.4886613,""raw"":[15774,16399,15455]},""thumb"":{""age_s"":0.009141921997070312,""channels"":3,""force"":[0.0,-2.220446049250313e-16],""has_data"":true,""last_update_ts"":1784118803.4886613,""raw"":[0,0,0]}}","{""ble"":{""connection_state"":""connected"",""counter"":997519,""finger_order"":""DexterController.Visualizer"",""last_error"":null,""last_sample_age_s"":0.009164465998765081,""reconnect_count"":0,""sample_hz"":20.0,""sample_sequence"":1329,""timestamp_us"":9768290176},""fingers"":{""index"":{""has_data"":true,""last_update_ts"":1784118803.4886613,""mapped"":true},""middle"":{""has_data"":true,""last_update_ts"":1784118803.4886613,""mapped"":true},""pinky"":{""has_data"":true,""last_update_ts"":1784118803.4886613,""mapped"":true},""ring"":{""has_data"":true,""last_update_ts"":1784118803.4886613,""mapped"":true},""thumb"":{""has_data"":true,""last_update_ts"":1784118803.4886613,""mapped"":true}},""ports"":{""available"":[""BLE:Dexter""],""unavailable"":[]}}"
1784118803.547943,1784118803.5478048,1331,ble,"{""index"":{""age_s"":0.009139776229858398,""channels"":3,""force"":[0.04903092928272734,-0.14042998266000328],""has_data"":true,""last_update_ts"":1784118803.538665,""raw"":[16977,17079,17281]},""middle"":{""age_s"":0.009139776229858398,""channels"":3,""force"":[-0.3912860434915686,0.26864866247999775],""has_data"":true,""last_update_ts"":1784118803.538665,""raw"":[16474,15660,15583]},""pinky"":{""age_s"":0.009139776229858398,""channels"":3,""force"":[-1.026765342626522,-0.7421141771400004],""has_data"":true,""last_update_ts"":1784118803.538665,""raw"":[17421,15285,17690]},""ring"":{""age_s"":0.009139776229858398,""channels"":3,""force"":[0.2869751449194933,0.26004524456999967],""has_data"":true,""last_update_ts"":1784118803.538665,""raw"":[15796,16393,15626]},""thumb"":{""age_s"":0.009139776229858398,""channels"":3,""force"":[0.0,-2.220446049250313e-16],""has_data"":true,""last_update_ts"":1784118803.538665,""raw"":[0,0,0]}}","{""ble"":{""connection_state"":""connected"",""counter"":997525,""finger_order"":""DexterController.Visualizer"",""last_error"":null,""last_sample_age_s"":0.009162733011180535,""reconnect_count"":0,""sample_hz"":20.0,""sample_sequence"":1330,""timestamp_us"":9768346688},""fingers"":{""index"":{""has_data"":true,""last_update_ts"":1784118803.538665,""mapped"":true},""middle"":{""has_data"":true,""last_update_ts"":1784118803.538665,""mapped"":true},""pinky"":{""has_data"":true,""last_update_ts"":1784118803.538665,""mapped"":true},""ring"":{""has_data"":true,""last_update_ts"":1784118803.538665,""mapped"":true},""thumb"":{""has_data"":true,""last_update_ts"":1784118803.538665,""mapped"":true}},""ports"":{""available"":[""BLE:Dexter""],""unavailable"":[]}}"
1784118803.5979354,1784118803.5978036,1332,ble,"{""index"":{""age_s"":0.009145498275756836,""channels"":3,""force"":[0.06585526776209605,-0.09019712325000206],""has_data"":true,""last_update_ts"":1784118803.588658,""raw"":[16992,17129,17223]},""middle"":{""age_s"":0.009145498275756836,""channels"":3,""force"":[-0.3648477973097055,0.24894406017000126],""has_data"":true,""last_update_ts"":1784118803.588658,""raw"":[16438,15679,15610]},""pinky"":{""age_s"":0.009145498275756836,""channels"":3,""force"":[-1.0229197795455232,-0.7426692363600003],""has_data"":true,""last_update_ts"":1784118803.588658,""raw"":[17421,15293,17695]},""ring"":{""age_s"":0.009145498275756836,""channels"":3,""force"":[0.2754384556764986,0.25504971158999723],""has_data"":true,""last_update_ts"":1784118803.588658,""raw"":[15800,16373,15627]},""thumb"":{""age_s"":0.009145498275756836,""channels"":3,""force"":[0.0,-2.220446049250313e-16],""has_data"":true,""last_update_ts"":1784118803.588658,""raw"":[0,0,0]}}","{""ble"":{""connection_state"":""connected"",""counter"":997530,""finger_order"":""DexterController.Visualizer"",""last_error"":null,""last_sample_age_s"":0.009170669000013731,""reconnect_count"":0,""sample_hz"":20.0,""sample_sequence"":1331,""timestamp_us"":9768393696},""fingers"":{""index"":{""has_data"":true,""last_update_ts"":1784118803.588658,""mapped"":true},""middle"":{""has_data"":true,""last_update_ts"":1784118803.588658,""mapped"":true},""pinky"":{""has_data"":true,""last_update_ts"":1784118803.588658,""mapped"":true},""ring"":{""has_data"":true,""last_update_ts"":1784118803.588658,""mapped"":true},""thumb"":{""has_data"":true,""last_update_ts"":1784118803.588658,""mapped"":true}},""ports"":{""available"":[""BLE:Dexter""],""unavailable"":[]}}"
1784118803.6479337,1784118803.6478012,1333,ble,"{""index"":{""age_s"":0.00915074348449707,""channels"":3,""force"":[0.09517768625470602,-0.01387648050000223],""has_data"":true,""last_update_ts"":1784118803.6386504,""raw"":[17010,17208,17134]},""middle"":{""age_s"":0.00915074348449707,""channels"":3,""force"":[-0.3263921664997209,0.1407075122699979],""has_data"":true,""last_update_ts"":1784118803.6386504,""raw"":[16332,15653,15739]},""pinky"":{""age_s"":0.00915074348449707,""channels"":3,""force"":[-1.020516302619896,-0.7435018251900036],""has_data"":true,""last_update_ts"":1784118803.6386504,""raw"":[17415,15292,17693]},""ring"":{""age_s"":0.00915074348449707,""channels"":3,""force"":[0.27351567413599476,0.2528294747099995],""has_data"":true,""last_update_ts"":1784118803.6386504,""raw"":[15797,16366,15626]},""thumb"":{""age_s"":0.00915074348449707,""channels"":3,""force"":[0.0,-2.220446049250313e-16],""has_data"":true,""last_update_ts"":1784118803.6386504,""raw"":[0,0,0]}}","{""ble"":{""connection_state"":""connected"",""counter"":997535,""finger_order"":""DexterController.Visualizer"",""last_error"":null,""last_sample_age_s"":0.009175998988212086,""reconnect_count"":0,""sample_hz"":20.0,""sample_sequence"":1332,""timestamp_us"":9768440768},""fingers"":{""index"":{""has_data"":true,""last_update_ts"":1784118803.6386504,""mapped"":true},""middle"":{""has_data"":true,""last_update_ts"":1784118803.6386504,""mapped"":true},""pinky"":{""has_data"":true,""last_update_ts"":1784118803.6386504,""mapped"":true},""ring"":{""has_data"":true,""last_update_ts"":1784118803.6386504,""mapped"":true},""thumb"":{""has_data"":true,""last_update_ts"":1784118803.6386504,""mapped"":true}},""ports"":{""available"":[""BLE:Dexter""],""unavailable"":[]}}"
1784118803.6979303,1784118803.697814,1334,ble,"{""index"":{""age_s"":0.0091552734375,""channels"":3,""force"":[0.14468931092255666,0.13626703850999622],""has_data"":true,""last_update_ts"":1784118803.6886587,""raw"":[17061,17362,16966]},""middle"":{""age_s"":0.0091552734375,""channels"":3,""force"":[-0.29274348954098706,0.023590016850000062],""has_data"":true,""last_update_ts"":1784118803.6886587,""raw"":[16224,15615,15877]},""pinky"":{""age_s"":0.0091552734375,""channels"":3,""force"":[-1.0277267333967703,-0.7410040587000006],""has_data"":true,""last_update_ts"":1784118803.6886587,""raw"":[17430,15292,17696]},""ring"":{""age_s"":0.0091552734375,""channels"":3,""force"":[0.2720735879806231,0.25588230041999704],""has_data"":true,""last_update_ts"":1784118803.6886587,""raw"":[15802,16368,15624]},""thumb"":{""age_s"":0.0091552734375,""channels"":3,""force"":[0.0,-2.220446049250313e-16],""has_data"":true,""last_update_ts"":1784118803.6886587,""raw"":[0,0,0]}}","{""ble"":{""connection_state"":""connected"",""counter"":997541,""finger_order"":""DexterController.Visualizer"",""last_error"":null,""last_sample_age_s"":0.009175597995636053,""reconnect_count"":0,""sample_hz"":20.0,""sample_sequence"":1333,""timestamp_us"":9768497184},""fingers"":{""index"":{""has_data"":true,""last_update_ts"":1784118803.6886587,""mapped"":true},""middle"":{""has_data"":true,""last_update_ts"":1784118803.6886587,""mapped"":true},""pinky"":{""has_data"":true,""last_update_ts"":1784118803.6886587,""mapped"":true},""ring"":{""has_data"":true,""last_update_ts"":1784118803.6886587,""mapped"":true},""thumb"":{""has_data"":true,""last_update_ts"":1784118803.6886587,""mapped"":true}},""ports"":{""available"":[""BLE:Dexter""],""unavailable"":[]}}"
1784118803.7479515,1784118803.7478185,1335,ble,"{""index"":{""age_s"":0.009159564971923828,""channels"":3,""force"":[0.2264075263937677,0.1579143480899985],""has_data"":true,""last_update_ts"":1784118803.738659,""raw"":[17007,17478,16958]},""middle"":{""age_s"":0.009159564971923828,""channels"":3,""force"":[-0.3485041542154601,0.04856768174999715],""has_data"":true,""last_update_ts"":1784118803.738659,""raw"":[16280,15555,15830]},""pinky"":{""age_s"":0.009159564971923828,""channels"":3,""force"":[-1.0267653426265184,-0.743224295580001],""has_data"":true,""last_update_ts"":1784118803.738659,""raw"":[17423,15287,17694]},""ring"":{""age_s"":0.009159564971923828,""channels"":3,""force"":[0.28553305876411805,0.26420818871999785],""has_data"":true,""last_update_ts"":1784118803.738659,""raw"":[15800,16394,15621]},""thumb"":{""age_s"":0.009159564971923828,""channels"":3,""force"":[0.0,-2.220446049250313e-16],""has_data"":true,""last_update_ts"":1784118803.738659,""raw"":[0,0,0]}}","{""ble"":{""connection_state"":""connected"",""counter"":997546,""finger_order"":""DexterController.Visualizer"",""last_error"":null,""last_sample_age_s"":0.00918496800295543,""reconnect_count"":0,""sample_hz"":20.0,""sample_sequence"":1334,""timestamp_us"":9768544096},""fingers"":{""index"":{""has_data"":true,""last_update_ts"":1784118803.738659,""mapped"":true},""middle"":{""has_data"":true,""last_update_ts"":1784118803.738659,""mapped"":true},""pinky"":{""has_data"":true,""last_update_ts"":1784118803.738659,""mapped"":true},""ring"":{""has_data"":true,""last_update_ts"":1784118803.738659,""mapped"":true},""thumb"":{""has_data"":true,""last_update_ts"":1784118803.738659,""mapped"":true}},""ports"":{""available"":[""BLE:Dexter""],""unavailable"":[]}}"
1784118803.7979658,1784118803.7978327,1336,ble,"{""index"":{""age_s"":0.009173870086669922,""channels"":3,""force"":[0.27063150182524787,0.2778071396099975],""has_data"":true,""last_update_ts"":1784118803.7886589,""raw"":[17040,17603,16821]},""middle"":{""age_s"":0.009173870086669922,""channels"":3,""force"":[-0.3807107450188205,0.06605204717999769],""has_data"":true,""last_update_ts"":1784118803.7886589,""raw"":[16293,15501,15778]},""pinky"":{""age_s"":0.009173870086669922,""channels"":3,""force"":[-0.4523343574024157,-0.4687475112900019],""has_data"":true,""last_update_ts"":1784118803.7886589,""raw"":[17249,16308,17623]},""ring"":{""age_s"":0.009173870086669922,""channels"":3,""force"":[0.29274348954098883,0.37827285842999725],""has_data"":true,""last_update_ts"":1784118803.7886589,""raw"":[15777,16386,15400]},""thumb"":{""age_s"":0.009173870086669922,""channels"":3,""force"":[0.0,-2.220446049250313e-16],""has_data"":true,""last_update_ts"":1784118803.7886589,""raw"":[0,0,0]}}","{""ble"":{""connection_state"":""connected"",""counter"":997551,""finger_order"":""DexterController.Visualizer"",""last_error"":null,""last_sample_age_s"":0.009198784988257103,""reconnect_count"":0,""sample_hz"":20.0,""sample_sequence"":1335,""timestamp_us"":9768591168},""fingers"":{""index"":{""has_data"":true,""last_update_ts"":1784118803.7886589,""mapped"":true},""middle"":{""has_data"":true,""last_update_ts"":1784118803.7886589,""mapped"":true},""pinky"":{""has_data"":true,""last_update_ts"":1784118803.7886589,""mapped"":true},""ring"":{""has_data"":true,""last_update_ts"":1784118803.7886589,""mapped"":true},""thumb"":{""has_data"":true,""last_update_ts"":1784118803.7886589,""mapped"":true}},""ports"":{""available"":[""BLE:Dexter""],""unavailable"":[]}}"
1784118803.8479755,1784118803.8478315,1337,ble,"{""index"":{""age_s"":0.009173154830932617,""channels"":3,""force"":[0.3023573972434832,0.3766076807699994],""has_data"":true,""last_update_ts"":1784118803.8386583,""raw"":[17079,17708,16715]},""middle"":{""age_s"":0.009173154830932617,""channels"":3,""force"":[-0.34321650497908784,-0.09213983052000163],""has_data"":true,""last_update_ts"":1784118803.8386583,""raw"":[16187,15473,15996]},""pinky"":{""age_s"":0.009173154830932617,""channels"":3,""force"":[-1.0243618657008984,-0.7473872397300028],""has_data"":true,""last_update_ts"":1784118803.8386583,""raw"":[17420,15289,17701]},""ring"":{""age_s"":0.009173154830932617,""channels"":3,""force"":[0.2735156741359983,0.24838900094999783],""has_data"":true,""last_update_ts"":1784118803.8386583,""raw"":[15790,16359,15627]},""thumb"":{""age_s"":0.009173154830932617,""channels"":3,""force"":[0.0,-2.220446049250313e-16],""has_data"":true,""last_update_ts"":1784118803.8386583,""raw"":[0,0,0]}}","{""ble"":{""connection_state"":""connected"",""counter"":997557,""finger_order"":""DexterController.Visualizer"",""last_error"":null,""last_sample_age_s"":0.009197963008773513,""reconnect_count"":0,""sample_hz"":20.0,""sample_sequence"":1336,""timestamp_us"":9768647808},""fingers"":{""index"":{""has_data"":true,""last_update_ts"":1784118803.8386583,""mapped"":true},""middle"":{""has_data"":true,""last_update_ts"":1784118803.8386583,""mapped"":true},""pinky"":{""has_data"":true,""last_update_ts"":1784118803.8386583,""mapped"":true},""ring"":{""has_data"":true,""last_update_ts"":1784118803.8386583,""mapped"":true},""thumb"":{""has_data"":true,""last_update_ts"":1784118803.8386583,""mapped"":true}},""ports"":{""available"":[""BLE:Dexter""],""unavailable"":[]}}"
1784118803.8979664,1784118803.897832,1338,ble,"{""index"":{""age_s"":0.009172439575195312,""channels"":3,""force"":[0.3235079941889758,0.4676373928499986],""has_data"":true,""last_update_ts"":1784118803.8886595,""raw"":[17111,17784,16605]},""middle"":{""age_s"":0.009172439575195312,""channels"":3,""force"":[-0.3364867695873439,-0.04718003370000101],""has_data"":true,""last_update_ts"":1784118803.8886595,""raw"":[16209,15509,15944]},""pinky"":{""age_s"":0.009172439575195312,""channels"":3,""force"":[-1.022439084160398,-0.7412815883100006],""has_data"":true,""last_update_ts"":1784118803.8886595,""raw"":[17420,15293,17692]},""ring"":{""age_s"":0.009172439575195312,""channels"":3,""force"":[0.2778419326021222,0.2569924188599986],""has_data"":true,""last_update_ts"":1784118803.8886595,""raw"":[15799,16377,15625]},""thumb"":{""age_s"":0.009172439575195312,""channels"":3,""force"":[0.0,-2.220446049250313e-16],""has_data"":true,""last_update_ts"":1784118803.8886595,""raw"":[0,0,0]}}","{""ble"":{""connection_state"":""connected"",""counter"":997562,""finger_order"":""DexterController.Visualizer"",""last_error"":null,""last_sample_age_s"":0.009198533996823244,""reconnect_count"":0,""sample_hz"":20.0,""sample_sequence"":1337,""timestamp_us"":9768694656},""fingers"":{""index"":{""has_data"":true,""last_update_ts"":1784118803.8886595,""mapped"":true},""middle"":{""has_data"":true,""last_update_ts"":1784118803.8886595,""mapped"":true},""pinky"":{""has_data"":true,""last_update_ts"":1784118803.8886595,""mapped"":true},""ring"":{""has_data"":true,""last_update_ts"":1784118803.8886595,""mapped"":true},""thumb"":{""has_data"":true,""last_update_ts"":1784118803.8886595,""mapped"":true}},""ports"":{""available"":[""BLE:Dexter""],""unavailable"":[]}}"
1784118803.9479501,1784118803.947825,1339,ble,"{""index"":{""age_s"":0.009176969528198242,""channels"":3,""force"":[0.34898484960058873,0.5672705228400003],""has_data"":true,""last_update_ts"":1784118803.938648,""raw"":[17145,17871,16486]},""middle"":{""age_s"":0.009176969528198242,""channels"":3,""force"":[-0.3475427634452135,0.03247096436999808],""has_data"":true,""last_update_ts"":1784118803.938648,""raw"":[16269,15546,15849]},""pinky"":{""age_s"":0.009176969528198242,""channels"":3,""force"":[-1.021958388775273,-0.7465546509000012],""has_data"":true,""last_update_ts"":1784118803.938648,""raw"":[17422,15296,17704]},""ring"":{""age_s"":0.009176969528198242,""channels"":3,""force"":[0.27447706490624313,0.25615983002999787],""has_data"":true,""last_update_ts"":1784118803.938648,""raw"":[15805,16376,15629]},""thumb"":{""age_s"":0.009176969528198242,""channels"":3,""force"":[0.0,-2.220446049250313e-16],""has_data"":true,""last_update_ts"":1784118803.938648,""raw"":[0,0,0]}}","{""ble"":{""connection_state"":""connected"",""counter"":997567,""finger_order"":""DexterController.Visualizer"",""last_error"":null,""last_sample_age_s"":0.00919712100585457,""reconnect_count"":0,""sample_hz"":20.0,""sample_sequence"":1338,""timestamp_us"":9768741600},""fingers"":{""index"":{""has_data"":true,""last_update_ts"":1784118803.938648,""mapped"":true},""middle"":{""has_data"":true,""last_update_ts"":1784118803.938648,""mapped"":true},""pinky"":{""has_data"":true,""last_update_ts"":1784118803.938648,""mapped"":true},""ring"":{""has_data"":true,""last_update_ts"":1784118803.938648,""mapped"":true},""thumb"":{""has_data"":true,""last_update_ts"":1784118803.938648,""mapped"":true}},""ports"":{""available"":[""BLE:Dexter""],""unavailable"":[]}}"
1784118803.9979463,1784118803.9978175,1340,ble,"{""index"":{""age_s"":0.009157896041870117,""channels"":3,""force"":[0.3403323326683392,0.7737525526799987],""has_data"":true,""last_update_ts"":1784118803.9886596,""raw"":[17290,17998,16250]},""middle"":{""age_s"":0.009157896041870117,""channels"":3,""force"":[-0.3153361726418531,-0.14431539719999975],""has_data"":true,""last_update_ts"":1784118803.9886596,""raw"":[16130,15474,16062]},""pinky"":{""age_s"":0.009157896041870117,""channels"":3,""force"":[-1.0195549118496512,-0.7407265290899989],""has_data"":true,""last_update_ts"":1784118803.9886596,""raw"":[17417,15296,17691]},""ring"":{""age_s"":0.009157896041870117,""channels"":3,""force"":[0.2826488864533676,0.26420818871999874],""has_data"":true,""last_update_ts"":1784118803.9886596,""raw"":[15796,16384,15614]},""thumb"":{""age_s"":0.009157896041870117,""channels"":3,""force"":[0.0,-2.220446049250313e-16],""has_data"":true,""last_update_ts"":1784118803.9886596,""raw"":[0,0,0]}}","{""ble"":{""connection_state"":""connected"",""counter"":997573,""finger_order"":""DexterController.Visualizer"",""last_error"":null,""last_sample_age_s"":0.009177993008051999,""reconnect_count"":0,""sample_hz"":20.0,""sample_sequence"":1339,""timestamp_us"":9768798112},""fingers"":{""index"":{""has_data"":true,""last_update_ts"":1784118803.9886596,""mapped"":true},""middle"":{""has_data"":true,""last_update_ts"":1784118803.9886596,""mapped"":true},""pinky"":{""has_data"":true,""last_update_ts"":1784118803.9886596,""mapped"":true},""ring"":{""has_data"":true,""last_update_ts"":1784118803.9886596,""mapped"":true},""thumb"":{""has_data"":true,""last_update_ts"":1784118803.9886596,""mapped"":true}},""ports"":{""available"":[""BLE:Dexter""],""unavailable"":[]}}"
1784118804.047929,1784118804.0478003,1341,ble,"{""index"":{""age_s"":0.009140491485595703,""channels"":3,""force"":[0.3283149480402212,1.1720075430299985],""has_data"":true,""last_update_ts"":1784118804.0386598,""raw"":[17566,18249,15796]},""middle"":{""age_s"":0.009140491485595703,""channels"":3,""force"":[-0.23313726178551697,-0.31888152189000163],""has_data"":true,""last_update_ts"":1784118804.0386598,""raw"":[15910,15425,16242]},""pinky"":{""age_s"":0.009140491485595703,""channels"":3,""force"":[-1.0243618657008966,-0.7440568844100035],""has_data"":true,""last_update_ts"":1784118804.0386598,""raw"":[17426,15295,17701]},""ring"":{""age_s"":0.009140491485595703,""channels"":3,""force"":[0.2739963695211216,0.25754747807999845],""has_data"":true,""last_update_ts"":1784118804.0386598,""raw"":[15802,16372,15623]},""thumb"":{""age_s"":0.009140491485595703,""channels"":3,""force"":[0.0,-2.220446049250313e-16],""has_data"":true,""last_update_ts"":1784118804.0386598,""raw"":[0,0,0]}}","{""ble"":{""connection_state"":""connected"",""counter"":997578,""finger_order"":""DexterController.Visualizer"",""last_error"":null,""last_sample_age_s"":0.009160950008663349,""reconnect_count"":0,""sample_hz"":20.0,""sample_sequence"":1340,""timestamp_us"":9768845088},""fingers"":{""index"":{""has_data"":true,""last_update_ts"":1784118804.0386598,""mapped"":true},""middle"":{""has_data"":true,""last_update_ts"":1784118804.0386598,""mapped"":true},""pinky"":{""has_data"":true,""last_update_ts"":1784118804.0386598,""mapped"":true},""ring"":{""has_data"":true,""last_update_ts"":1784118804.0386598,""mapped"":true},""thumb"":{""has_data"":true,""last_update_ts"":1784118804.0386598,""mapped"":true}},""ports"":{""available"":[""BLE:Dexter""],""unavailable"":[]}}"
1784118804.0979407,1784118804.0978117,1342,ble,"{""index"":{""age_s"":0.009152412414550781,""channels"":3,""force"":[0.38359491732957274,1.640755054319997],""has_data"":true,""last_update_ts"":1784118804.0886593,""raw"":[17802,18600,15245]},""middle"":{""age_s"":0.009152412414550781,""channels"":3,""force"":[-0.10190742164645172,-0.7976200991400004],""has_data"":true,""last_update_ts"":1784118804.0886593,""raw"":[15480,15268,16811]},""pinky"":{""age_s"":0.009152412414550781,""channels"":3,""force"":[-1.0229197795455232,-0.7448894732399998],""has_data"":true,""last_update_ts"":1784118804.0886593,""raw"":[17421,15293,17699]},""ring"":{""age_s"":0.009152412414550781,""channels"":3,""force"":[0.27399636952111805,0.2569924188599977],""has_data"":true,""last_update_ts"":1784118804.0886593,""raw"":[15801,16371,15623]},""thumb"":{""age_s"":0.009152412414550781,""channels"":3,""force"":[0.0,-2.220446049250313e-16],""has_data"":true,""last_update_ts"":1784118804.0886593,""raw"":[0,0,0]}}","{""ble"":{""connection_state"":""connected"",""counter"":997583,""finger_order"":""DexterController.Visualizer"",""last_error"":null,""last_sample_age_s"":0.00917364499764517,""reconnect_count"":0,""sample_hz"":20.0,""sample_sequence"":1341,""timestamp_us"":9768892096},""fingers"":{""index"":{""has_data"":true,""last_update_ts"":1784118804.0886593,""mapped"":true},""middle"":{""has_data"":true,""last_update_ts"":1784118804.0886593,""mapped"":true},""pinky"":{""has_data"":true,""last_update_ts"":1784118804.0886593,""mapped"":true},""ring"":{""has_data"":true,""last_update_ts"":1784118804.0886593,""mapped"":true},""thumb"":{""has_data"":true,""last_update_ts"":1784118804.0886593,""mapped"":true}},""ports"":{""available"":[""BLE:Dexter""],""unavailable"":[]}}"
1784118804.1479752,1784118804.1478477,1343,ble,"{""index"":{""age_s"":0.009187459945678711,""channels"":3,""force"":[0.46483243741565694,1.997380603169999],""has_data"":true,""last_update_ts"":1784118804.1386602,""raw"":[17936,18903,14821]},""middle"":{""age_s"":0.009187459945678711,""channels"":3,""force"":[-0.048550233897604045,-1.10540043663],""has_data"":true,""last_update_ts"":1784118804.1386602,""raw"":[15186,15085,17127]},""pinky"":{""age_s"":0.009187459945678711,""channels"":3,""force"":[-0.5681819452174857,-0.5128747192800036],""has_data"":true,""last_update_ts"":1784118804.1386602,""raw"":[17298,16116,17631]},""ring"":{""age_s"":0.009187459945678711,""channels"":3,""force"":[0.3086064372501074,0.36023343377999684],""has_data"":true,""last_update_ts"":1784118804.1386602,""raw"":[15774,16416,15446]},""thumb"":{""age_s"":0.009187459945678711,""channels"":3,""force"":[0.0,-2.220446049250313e-16],""has_data"":true,""last_update_ts"":1784118804.1386602,""raw"":[0,0,0]}}","{""ble"":{""connection_state"":""connected"",""counter"":997589,""finger_order"":""DexterController.Visualizer"",""last_error"":null,""last_sample_age_s"":0.009208803996443748,""reconnect_count"":0,""sample_hz"":20.0,""sample_sequence"":1342,""timestamp_us"":9768948640},""fingers"":{""index"":{""has_data"":true,""last_update_ts"":1784118804.1386602,""mapped"":true},""middle"":{""has_data"":true,""last_update_ts"":1784118804.1386602,""mapped"":true},""pinky"":{""has_data"":true,""last_update_ts"":1784118804.1386602,""mapped"":true},""ring"":{""has_data"":true,""last_update_ts"":1784118804.1386602,""mapped"":true},""thumb"":{""has_data"":true,""last_update_ts"":1784118804.1386602,""mapped"":true}},""ports"":{""available"":[""BLE:Dexter""],""unavailable"":[]}}"
1784118804.1979387,1784118804.1978087,1344,ble,"{""index"":{""age_s"":0.009148597717285156,""channels"":3,""force"":[0.5619329052108633,2.2665843248699966],""has_data"":true,""last_update_ts"":1784118804.1886601,""raw"":[18023,19192,14524]},""middle"":{""age_s"":0.009148597717285156,""channels"":3,""force"":[0.023554073871116188,-1.3918109941500019],""has_data"":true,""last_update_ts"":1784118804.1886601,""raw"":[14970,15019,17502]},""pinky"":{""age_s"":0.009148597717285156,""channels"":3,""force"":[-1.0262846472413951,-0.7418366475300004],""has_data"":true,""last_update_ts"":1784118804.1886601,""raw"":[17426,15291,17695]},""ring"":{""age_s"":0.009148597717285156,""channels"":3,""force"":[0.2778419326021222,0.2586575965199982],""has_data"":true,""last_update_ts"":1784118804.1886601,""raw"":[15800,16378,15623]},""thumb"":{""age_s"":0.009148597717285156,""channels"":3,""force"":[0.0,-2.220446049250313e-16],""has_data"":true,""last_update_ts"":1784118804.1886601,""raw"":[0,0,0]}}","{""ble"":{""connection_state"":""connected"",""counter"":997594,""finger_order"":""DexterController.Visualizer"",""last_error"":null,""last_sample_age_s"":0.009170347999315709,""reconnect_count"":0,""sample_hz"":20.0,""sample_sequence"":1343,""timestamp_us"":9768995648},""fingers"":{""index"":{""has_data"":true,""last_update_ts"":1784118804.1886601,""mapped"":true},""middle"":{""has_data"":true,""last_update_ts"":1784118804.1886601,""mapped"":true},""pinky"":{""has_data"":true,""last_update_ts"":1784118804.1886601,""mapped"":true},""ring"":{""has_data"":true,""last_update_ts"":1784118804.1886601,""mapped"":true},""thumb"":{""has_data"":true,""last_update_ts"":1784118804.1886601,""mapped"":true}},""ports"":{""available"":[""BLE:Dexter""],""unavailable"":[]}}"
1784118804.2479208,1784118804.2477958,1345,ble,"{""index"":{""age_s"":0.009139776229858398,""channels"":3,""force"":[0.6075989667977151,2.395635593519998],""has_data"":true,""last_update_ts"":1784118804.238656,""raw"":[18072,19336,14388]},""middle"":{""age_s"":0.009139776229858398,""channels"":3,""force"":[0.05624136005959812,-1.5544433456100029],""has_data"":true,""last_update_ts"":1784118804.238656,""raw"":[14826,14943,17685]},""pinky"":{""age_s"":0.009139776229858398,""channels"":3,""force"":[-1.0234004749306482,-0.7440568844100017],""has_data"":true,""last_update_ts"":1784118804.238656,""raw"":[17421,15292,17697]},""ring"":{""age_s"":0.009139776229858398,""channels"":3,""force"":[0.27495776029137176,0.2503317082199974],""has_data"":true,""last_update_ts"":1784118804.238656,""raw"":[15794,16366,15629]},""thumb"":{""age_s"":0.009139776229858398,""channels"":3,""force"":[0.0,-2.220446049250313e-16],""has_data"":true,""last_update_ts"":1784118804.238656,""raw"":[0,0,0]}}","{""ble"":{""connection_state"":""connected"",""counter"":997599,""finger_order"":""DexterController.Visualizer"",""last_error"":null,""last_sample_age_s"":0.009159987996099517,""reconnect_count"":0,""sample_hz"":20.0,""sample_sequence"":1344,""timestamp_us"":9769042624},""fingers"":{""index"":{""has_data"":true,""last_update_ts"":1784118804.238656,""mapped"":true},""middle"":{""has_data"":true,""last_update_ts"":1784118804.238656,""mapped"":true},""pinky"":{""has_data"":true,""last_update_ts"":1784118804.238656,""mapped"":true},""ring"":{""has_data"":true,""last_update_ts"":1784118804.238656,""mapped"":true},""thumb"":{""has_data"":true,""last_update_ts"":1784118804.238656,""mapped"":true}},""ports"":{""available"":[""BLE:Dexter""],""unavailable"":[]}}"
1784118804.297926,1784118804.2977989,1346,ble,"{""index"":{""age_s"":0.00914311408996582,""channels"":3,""force"":[0.6335565175944584,2.316817184279998],""has_data"":true,""last_update_ts"":1784118804.2886558,""raw"":[18003,19321,14488]},""middle"":{""age_s"":0.00914311408996582,""channels"":3,""force"":[0.024034769256239485,-1.3826525170200012],""has_data"":true,""last_update_ts"":1784118804.2886558,""raw"":[14961,15011,17477]},""pinky"":{""age_s"":0.00914311408996582,""channels"":3,""force"":[-1.0258039518562718,-0.7426692363600003],""has_data"":true,""last_update_ts"":1784118804.2886558,""raw"":[17424,15290,17695]},""ring"":{""age_s"":0.00914311408996582,""channels"":3,""force"":[0.27303497875087146,0.25366206353999754],""has_data"":true,""last_update_ts"":1784118804.2886558,""raw"":[15799,16367,15626]},""thumb"":{""age_s"":0.00914311408996582,""channels"":3,""force"":[0.0,-2.220446049250313e-16],""has_data"":true,""last_update_ts"":1784118804.2886558,""raw"":[0,0,0]}}","{""ble"":{""connection_state"":""connected"",""counter"":997605,""finger_order"":""DexterController.Visualizer"",""last_error"":null,""last_sample_age_s"":0.009164717004750855,""reconnect_count"":0,""sample_hz"":20.0,""sample_sequence"":1345,""timestamp_us"":9769098912},""fingers"":{""index"":{""has_data"":true,""last_update_ts"":1784118804.2886558,""mapped"":true},""middle"":{""has_data"":true,""last_update_ts"":1784118804.2886558,""mapped"":true},""pinky"":{""has_data"":true,""last_update_ts"":1784118804.2886558,""mapped"":true},""ring"":{""has_data"":true,""last_update_ts"":1784118804.2886558,""mapped"":true},""thumb"":{""has_data"":true,""last_update_ts"":1784118804.2886558,""mapped"":true}},""ports"":{""available"":[""BLE:Dexter""],""unavailable"":[]}}"
1784118804.3479211,1784118804.3477972,1347,ble,"{""index"":{""age_s"":0.009142160415649414,""channels"":3,""force"":[0.681145360721807,2.2660292656499976],""has_data"":true,""last_update_ts"":1784118804.338655,""raw"":[17920,19337,14546]},""middle"":{""age_s"":0.009142160415649414,""channels"":3,""force"":[-0.017305033864490227,-1.2255707577600017],""has_data"":true,""last_update_ts"":1784118804.338655,""raw"":[15097,15061,17287]},""pinky"":{""age_s"":0.009142160415649414,""channels"":3,""force"":[-1.02484256108602,-0.7421141771400013],""has_data"":true,""last_update_ts"":1784118804.338655,""raw"":[17423,15291,17694]},""ring"":{""age_s"":0.009142160415649414,""channels"":3,""force"":[0.28120680029799594,0.2633755998899998],""has_data"":true,""last_update_ts"":1784118804.338655,""raw"":[15800,16385,15618]},""thumb"":{""age_s"":0.009142160415649414,""channels"":3,""force"":[0.0,-2.220446049250313e-16],""has_data"":true,""last_update_ts"":1784118804.338655,""raw"":[0,0,0]}}","{""ble"":{""connection_state"":""connected"",""counter"":997610,""finger_order"":""DexterController.Visualizer"",""last_error"":null,""last_sample_age_s"":0.009162493006442674,""reconnect_count"":0,""sample_hz"":20.0,""sample_sequence"":1346,""timestamp_us"":9769146016},""fingers"":{""index"":{""has_data"":true,""last_update_ts"":1784118804.338655,""mapped"":true},""middle"":{""has_data"":true,""last_update_ts"":1784118804.338655,""mapped"":true},""pinky"":{""has_data"":true,""last_update_ts"":1784118804.338655,""mapped"":true},""ring"":{""has_data"":true,""last_update_ts"":1784118804.338655,""mapped"":true},""thumb"":{""has_data"":true,""last_update_ts"":1784118804.338655,""mapped"":true}},""ports"":{""available"":[""BLE:Dexter""],""unavailable"":[]}}"
1784118804.397923,1784118804.3977964,1348,ble,"{""index"":{""age_s"":0.009141206741333008,""channels"":3,""force"":[0.7022959576672978,2.086190078369998],""has_data"":true,""last_update_ts"":1784118804.3886552,""raw"":[17789,19250,14761]},""middle"":{""age_s"":0.009141206741333008,""channels"":3,""force"":[-0.04374328004635508,-1.0859733639300009],""has_data"":true,""last_update_ts"":1784118804.3886552,""raw"":[15209,15118,17120]},""pinky"":{""age_s"":0.009141206741333008,""channels"":3,""force"":[-1.0243618657008966,-0.7435018251900001],""has_data"":true,""last_update_ts"":1784118804.3886552,""raw"":[17422,15291,17696]},""ring"":{""age_s"":0.009141206741333008,""channels"":3,""force"":[0.2744770649062449,0.25615983002999876],""has_data"":true,""last_update_ts"":1784118804.3886552,""raw"":[15801,16372,15625]},""thumb"":{""age_s"":0.009141206741333008,""channels"":3,""force"":[0.0,-2.220446049250313e-16],""has_data"":true,""last_update_ts"":1784118804.3886552,""raw"":[0,0,0]}}","{""ble"":{""connection_state"":""connected"",""counter"":997615,""finger_order"":""DexterController.Visualizer"",""last_error"":null,""last_sample_age_s"":0.009161690992186777,""reconnect_count"":0,""sample_hz"":20.0,""sample_sequence"":1347,""timestamp_us"":9769192992},""fingers"":{""index"":{""has_data"":true,""last_update_ts"":1784118804.3886552,""mapped"":true},""middle"":{""has_data"":true,""last_update_ts"":1784118804.3886552,""mapped"":true},""pinky"":{""has_data"":true,""last_update_ts"":1784118804.3886552,""mapped"":true},""ring"":{""has_data"":true,""last_update_ts"":1784118804.3886552,""mapped"":true},""thumb"":{""has_data"":true,""last_update_ts"":1784118804.3886552,""mapped"":true}},""ports"":{""available"":[""BLE:Dexter""],""unavailable"":[]}}"
1784118804.447912,1784118804.4477944,1349,ble,"{""index"":{""age_s"":0.009139537811279297,""channels"":3,""force"":[0.6811453607218052,1.7759119743899996],""has_data"":true,""last_update_ts"":1784118804.438655,""raw"":[17619,19036,15128]},""middle"":{""age_s"":0.009139537811279297,""channels"":3,""force"":[-0.11344411088944639,-0.7815233817600022],""has_data"":true,""last_update_ts"":1784118804.438655,""raw"":[15466,15230,16756]},""pinky"":{""age_s"":0.009139537811279297,""channels"":3,""force"":[-1.0234004749306465,-0.7479422989500017],""has_data"":true,""last_update_ts"":1784118804.438655,""raw"":[17419,15290,17702]},""ring"":{""age_s"":0.009139537811279297,""channels"":3,""force"":[0.2759191510616201,0.25477218197999907],""has_data"":true,""last_update_ts"":1784118804.438655,""raw"":[15802,16376,15630]},""thumb"":{""age_s"":0.009139537811279297,""channels"":3,""force"":[0.0,-2.220446049250313e-16],""has_data"":true,""last_update_ts"":1784118804.438655,""raw"":[0,0,0]}}","{""ble"":{""connection_state"":""connected"",""counter"":997620,""finger_order"":""DexterController.Visualizer"",""last_error"":null,""last_sample_age_s"":0.009157192995189689,""reconnect_count"":0,""sample_hz"":20.0,""sample_sequence"":1348,""timestamp_us"":9769239968},""fingers"":{""index"":{""has_data"":true,""last_update_ts"":1784118804.438655,""mapped"":true},""middle"":{""has_data"":true,""last_update_ts"":1784118804.438655,""mapped"":true},""pinky"":{""has_data"":true,""last_update_ts"":1784118804.438655,""mapped"":true},""ring"":{""has_data"":true,""last_update_ts"":1784118804.438655,""mapped"":true},""thumb"":{""has_data"":true,""last_update_ts"":1784118804.438655,""mapped"":true}},""ports"":{""available"":[""BLE:Dexter""],""unavailable"":[]}}"
1784118804.497914,1784118804.4977996,1350,ble,"{""index"":{""age_s"":0.009148120880126953,""channels"":3,""force"":[0.6301916498985829,1.1287129238699984],""has_data"":true,""last_update_ts"":1784118804.4886515,""raw"":[17267,18578,15889]},""middle"":{""age_s"":0.009148120880126953,""channels"":3,""force"":[-0.20525692944828222,-0.2128652108700031],""has_data"":true,""last_update_ts"":1784118804.4886515,""raw"":[15915,15488,16085]},""pinky"":{""age_s"":0.009148120880126953,""channels"":3,""force"":[-1.02484256108602,-0.7454445324600023],""has_data"":true,""last_update_ts"":1784118804.4886515,""raw"":[17423,15291,17700]},""ring"":{""age_s"":0.009148120880126953,""channels"":3,""force"":[0.2768805418318703,0.25921265574000074],""has_data"":true,""last_update_ts"":1784118804.4886515,""raw"":[15797,16373,15618]},""thumb"":{""age_s"":0.009148120880126953,""channels"":3,""force"":[0.0,-2.220446049250313e-16],""has_data"":true,""last_update_ts"":1784118804.4886515,""raw"":[0,0,0]}}","{""ble"":{""connection_state"":""connected"",""counter"":997626,""finger_order"":""DexterController.Visualizer"",""last_error"":null,""last_sample_age_s"":0.009164496004814282,""reconnect_count"":0,""sample_hz"":20.0,""sample_sequence"":1349,""timestamp_us"":9769296512},""fingers"":{""index"":{""has_data"":true,""last_update_ts"":1784118804.4886515,""mapped"":true},""middle"":{""has_data"":true,""last_update_ts"":1784118804.4886515,""mapped"":true},""pinky"":{""has_data"":true,""last_update_ts"":1784118804.4886515,""mapped"":true},""ring"":{""has_data"":true,""last_update_ts"":1784118804.4886515,""mapped"":true},""thumb"":{""has_data"":true,""last_update_ts"":1784118804.4886515,""mapped"":true}},""ports"":{""available"":[""BLE:Dexter""],""unavailable"":[]}}"
1784118804.5479145,1784118804.547801,1351,ble,"{""index"":{""age_s"":0.009151220321655273,""channels"":3,""force"":[0.501365286685143,0.594190895009997],""has_data"":true,""last_update_ts"":1784118804.5386498,""raw"":[17049,18092,16500]},""middle"":{""age_s"":0.009151220321655273,""channels"":3,""force"":[-0.23169517563014175,0.11933773229999645],""has_data"":true,""last_update_ts"":1784118804.5386498,""raw"":[16154,15672,15698]},""pinky"":{""age_s"":0.009151220321655273,""channels"":3,""force"":[-1.02580395185627,-0.7437793548000009],""has_data"":true,""last_update_ts"":1784118804.5386498,""raw"":[17423,15289,17696]},""ring"":{""age_s"":0.009151220321655273,""channels"":3,""force"":[0.27447706490624846,0.2583800669099974],""has_data"":true,""last_update_ts"":1784118804.5386498,""raw"":[15799,16370,15619]},""thumb"":{""age_s"":0.009151220321655273,""channels"":3,""force"":[0.0,-2.220446049250313e-16],""has_data"":true,""last_update_ts"":1784118804.5386498,""raw"":[0,0,0]}}","{""ble"":{""connection_state"":""connected"",""counter"":997631,""finger_order"":""DexterController.Visualizer"",""last_error"":null,""last_sample_age_s"":0.009167684009298682,""reconnect_count"":0,""sample_hz"":20.0,""sample_sequence"":1350,""timestamp_us"":9769343584},""fingers"":{""index"":{""has_data"":true,""last_update_ts"":1784118804.5386498,""mapped"":true},""middle"":{""has_data"":true,""last_update_ts"":1784118804.5386498,""mapped"":true},""pinky"":{""has_data"":true,""last_update_ts"":1784118804.5386498,""mapped"":true},""ring"":{""has_data"":true,""last_update_ts"":1784118804.5386498,""mapped"":true},""thumb"":{""has_data"":true,""last_update_ts"":1784118804.5386498,""mapped"":true}},""ports"":{""available"":[""BLE:Dexter""],""unavailable"":[]}}"
1784118804.5979335,1784118804.5978043,1352,ble,"{""index"":{""age_s"":0.009145021438598633,""channels"":3,""force"":[0.3585987573030831,0.2647632479399977],""has_data"":true,""last_update_ts"":1784118804.5886593,""raw"":[16970,17716,16866]},""middle"":{""age_s"":0.009145021438598633,""channels"":3,""force"":[-0.2720735879806231,0.27974984687999704],""has_data"":true,""last_update_ts"":1784118804.5886593,""raw"":[16269,15703,15482]},""pinky"":{""age_s"":0.009145021438598633,""channels"":3,""force"":[-0.48454094820577254,-0.4812363437400027],""has_data"":true,""last_update_ts"":1784118804.5886593,""raw"":[17263,16255,17626]},""ring"":{""age_s"":0.009145021438598633,""channels"":3,""force"":[0.29851183416248617,0.3721672070099977],""has_data"":true,""last_update_ts"":1784118804.5886593,""raw"":[15774,16395,15414]},""thumb"":{""age_s"":0.009145021438598633,""channels"":3,""force"":[0.0,-2.220446049250313e-16],""has_data"":true,""last_update_ts"":1784118804.5886593,""raw"":[0,0,0]}}","{""ble"":{""connection_state"":""connected"",""counter"":997636,""finger_order"":""DexterController.Visualizer"",""last_error"":null,""last_sample_age_s"":0.00916873499227222,""reconnect_count"":0,""sample_hz"":20.0,""sample_sequence"":1351,""timestamp_us"":9769390464},""fingers"":{""index"":{""has_data"":true,""last_update_ts"":1784118804.5886593,""mapped"":true},""middle"":{""has_data"":true,""last_update_ts"":1784118804.5886593,""mapped"":true},""pinky"":{""has_data"":true,""last_update_ts"":1784118804.5886593,""mapped"":true},""ring"":{""has_data"":true,""last_update_ts"":1784118804.5886593,""mapped"":true},""thumb"":{""has_data"":true,""last_update_ts"":1784118804.5886593,""mapped"":true}},""ports"":{""available"":[""BLE:Dexter""],""unavailable"":[]}}"
1784118804.6479309,1784118804.6478043,1353,ble,"{""index"":{""age_s"":0.009146451950073242,""channels"":3,""force"":[0.20958318791440256,0.02275742801999847],""has_data"":true,""last_update_ts"":1784118804.6386578,""raw"":[16972,17408,17149]},""middle"":{""age_s"":0.009146451950073242,""channels"":3,""force"":[-0.3480234588303368,0.2808599653199977],""has_data"":true,""last_update_ts"":1784118804.6386578,""raw"":[16391,15667,15523]},""pinky"":{""age_s"":0.009146451950073242,""channels"":3,""force"":[-1.0224390841603963,-0.743501825190001],""has_data"":true,""last_update_ts"":1784118804.6386578,""raw"":[17419,15292,17695]},""ring"":{""age_s"":0.009146451950073242,""channels"":3,""force"":[0.2744770649062467,0.25393959314999837],""has_data"":true,""last_update_ts"":1784118804.6386578,""raw"":[15798,16369,15626]},""thumb"":{""age_s"":0.009146451950073242,""channels"":3,""force"":[0.0,-2.220446049250313e-16],""has_data"":true,""last_update_ts"":1784118804.6386578,""raw"":[0,0,0]}}","{""ble"":{""connection_state"":""connected"",""counter"":997642,""finger_order"":""DexterController.Visualizer"",""last_error"":null,""last_sample_age_s"":0.009166641990304925,""reconnect_count"":0,""sample_hz"":20.0,""sample_sequence"":1352,""timestamp_us"":9769446912},""fingers"":{""index"":{""has_data"":true,""last_update_ts"":1784118804.6386578,""mapped"":true},""middle"":{""has_data"":true,""last_update_ts"":1784118804.6386578,""mapped"":true},""pinky"":{""has_data"":true,""last_update_ts"":1784118804.6386578,""mapped"":true},""ring"":{""has_data"":true,""last_update_ts"":1784118804.6386578,""mapped"":true},""thumb"":{""has_data"":true,""last_update_ts"":1784118804.6386578,""mapped"":true}},""ports"":{""available"":[""BLE:Dexter""],""unavailable"":[]}}"
1784118804.6979296,1784118804.6978042,1354,ble,"{""index"":{""age_s"":0.009145259857177734,""channels"":3,""force"":[0.20189206175240493,-0.09269488974000151],""has_data"":true,""last_update_ts"":1784118804.688659,""raw"":[16895,17315,17272]},""middle"":{""age_s"":0.009145259857177734,""channels"":3,""force"":[-0.3975350834981892,0.306670219049999],""has_data"":true,""last_update_ts"":1784118804.688659,""raw"":[16464,15637,15498]},""pinky"":{""age_s"":0.009145259857177734,""channels"":3,""force"":[-1.0291688195521438,-0.7429467659700002],""has_data"":true,""last_update_ts"":1784118804.688659,""raw"":[17426,15285,17694]},""ring"":{""age_s"":0.009145259857177734,""channels"":3,""force"":[0.2783226279872473,0.2556047708099989],""has_data"":true,""last_update_ts"":1784118804.688659,""raw"":[15794,16373,15623]},""thumb"":{""age_s"":0.009145259857177734,""channels"":3,""force"":[0.0,-2.220446049250313e-16],""has_data"":true,""last_update_ts"":1784118804.688659,""raw"":[0,0,0]}}","{""ble"":{""connection_state"":""connected"",""counter"":997647,""finger_order"":""DexterController.Visualizer"",""last_error"":null,""last_sample_age_s"":0.009165529991150834,""reconnect_count"":0,""sample_hz"":20.0,""sample_sequence"":1353,""timestamp_us"":9769493984},""fingers"":{""index"":{""has_data"":true,""last_update_ts"":1784118804.688659,""mapped"":true},""middle"":{""has_data"":true,""last_update_ts"":1784118804.688659,""mapped"":true},""pinky"":{""has_data"":true,""last_update_ts"":1784118804.688659,""mapped"":true},""ring"":{""has_data"":true,""last_update_ts"":1784118804.688659,""mapped"":true},""thumb"":{""has_data"":true,""last_update_ts"":1784118804.688659,""mapped"":true}},""ports"":{""available"":[""BLE:Dexter""],""unavailable"":[]}}"
1784118804.747942,1784118804.7478154,1355,ble,"{""index"":{""age_s"":0.00915670394897461,""channels"":3,""force"":[0.195162326360661,-0.13432433123999932],""has_data"":true,""last_update_ts"":1784118804.7386587,""raw"":[16867,17273,17312]},""middle"":{""age_s"":0.00915670394897461,""channels"":3,""force"":[-0.45810270202390946,0.31721634422999845],""has_data"":true,""last_update_ts"":1784118804.7386587,""raw"":[16543,15590,15495]},""pinky"":{""age_s"":0.00915670394897461,""channels"":3,""force"":[-1.026284647241397,-0.7479422989500026],""has_data"":true,""last_update_ts"":1784118804.7386587,""raw"":[17421,15286,17701]},""ring"":{""age_s"":0.00915670394897461,""channels"":3,""force"":[0.2802454095277458,0.2528294747099995],""has_data"":true,""last_update_ts"":1784118804.7386587,""raw"":[15794,16377,15630]},""thumb"":{""age_s"":0.00915670394897461,""channels"":3,""force"":[0.0,-2.220446049250313e-16],""has_data"":true,""last_update_ts"":1784118804.7386587,""raw"":[0,0,0]}}","{""ble"":{""connection_state"":""connected"",""counter"":997652,""finger_order"":""DexterController.Visualizer"",""last_error"":null,""last_sample_age_s"":0.009177101994282566,""reconnect_count"":0,""sample_hz"":20.0,""sample_sequence"":1354,""timestamp_us"":9769540960},""fingers"":{""index"":{""has_data"":true,""last_update_ts"":1784118804.7386587,""mapped"":true},""middle"":{""has_data"":true,""last_update_ts"":1784118804.7386587,""mapped"":true},""pinky"":{""has_data"":true,""last_update_ts"":1784118804.7386587,""mapped"":true},""ring"":{""has_data"":true,""last_update_ts"":1784118804.7386587,""mapped"":true},""thumb"":{""has_data"":true,""last_update_ts"":1784118804.7386587,""mapped"":true}},""ports"":{""available"":[""BLE:Dexter""],""unavailable"":[]}}"
1784118804.797909,1784118804.7978017,1356,ble,"{""index"":{""age_s"":0.009154081344604492,""channels"":3,""force"":[0.1442086155374298,-0.17595377274000068],""has_data"":true,""last_update_ts"":1784118804.7886477,""raw"":[16878,17178,17345]},""middle"":{""age_s"":0.009154081344604492,""channels"":3,""force"":[-0.5109791943876374,0.2772520803899994],""has_data"":true,""last_update_ts"":1784118804.7886477,""raw"":[16582,15519,15551]},""pinky"":{""age_s"":0.009154081344604492,""channels"":3,""force"":[-1.0205163026198996,-0.7373961737700023],""has_data"":true,""last_update_ts"":1784118804.7886477,""raw"":[17421,15298,17688]},""ring"":{""age_s"":0.009154081344604492,""channels"":3,""force"":[0.2792840187574921,0.264485718329996],""has_data"":true,""last_update_ts"":1784118804.7886477,""raw"":[15798,16379,15612]},""thumb"":{""age_s"":0.009154081344604492,""channels"":3,""force"":[0.0,-2.220446049250313e-16],""has_data"":true,""last_update_ts"":1784118804.7886477,""raw"":[0,0,0]}}","{""ble"":{""connection_state"":""connected"",""counter"":997658,""finger_order"":""DexterController.Visualizer"",""last_error"":null,""last_sample_age_s"":0.009172352001769468,""reconnect_count"":0,""sample_hz"":20.0,""sample_sequence"":1355,""timestamp_us"":9769597440},""fingers"":{""index"":{""has_data"":true,""last_update_ts"":1784118804.7886477,""mapped"":true},""middle"":{""has_data"":true,""last_update_ts"":1784118804.7886477,""mapped"":true},""pinky"":{""has_data"":true,""last_update_ts"":1784118804.7886477,""mapped"":true},""ring"":{""has_data"":true,""last_update_ts"":1784118804.7886477,""mapped"":true},""thumb"":{""has_data"":true,""last_update_ts"":1784118804.7886477,""mapped"":true}},""ports"":{""available"":[""BLE:Dexter""],""unavailable"":[]}}"
1784118804.847951,1784118804.8478243,1357,ble,"{""index"":{""age_s"":0.00916600227355957,""channels"":3,""force"":[0.17305033864492003,-0.17761895040000208],""has_data"":true,""last_update_ts"":1784118804.8386583,""raw"":[16859,17219,17359]},""middle"":{""age_s"":0.00916600227355957,""channels"":3,""force"":[-0.5330911821033766,0.2705913697499982],""has_data"":true,""last_update_ts"":1784118804.8386583,""raw"":[16599,15490,15557]},""pinky"":{""age_s"":0.00916600227355957,""channels"":3,""force"":[-1.0248425610860217,-0.7443344140200017],""has_data"":true,""last_update_ts"":1784118804.8386583,""raw"":[17422,15290,17697]},""ring"":{""age_s"":0.00916600227355957,""channels"":3,""force"":[0.2739963695211216,0.2519968858799979],""has_data"":true,""last_update_ts"":1784118804.8386583,""raw"":[15802,16372,15633]},""thumb"":{""age_s"":0.00916600227355957,""channels"":3,""force"":[0.0,-2.220446049250313e-16],""has_data"":true,""last_update_ts"":1784118804.8386583,""raw"":[0,0,0]}}","{""ble"":{""connection_state"":""connected"",""counter"":997663,""finger_order"":""DexterController.Visualizer"",""last_error"":null,""last_sample_age_s"":0.009186580995447002,""reconnect_count"":0,""sample_hz"":20.0,""sample_sequence"":1356,""timestamp_us"":9769644416},""fingers"":{""index"":{""has_data"":true,""last_update_ts"":1784118804.8386583,""mapped"":true},""middle"":{""has_data"":true,""last_update_ts"":1784118804.8386583,""mapped"":true},""pinky"":{""has_data"":true,""last_update_ts"":1784118804.8386583,""mapped"":true},""ring"":{""has_data"":true,""last_update_ts"":1784118804.8386583,""mapped"":true},""thumb"":{""has_data"":true,""last_update_ts"":1784118804.8386583,""mapped"":true}},""ports"":{""available"":[""BLE:Dexter""],""unavailable"":[]}}"
1784118804.897953,1784118804.8978248,1358,ble,"{""index"":{""age_s"":0.009166479110717773,""channels"":3,""force"":[0.15334182785480266,-0.22063603995000225],""has_data"":true,""last_update_ts"":1784118804.8886583,""raw"":[16849,17168,17406]},""middle"":{""age_s"":0.009166479110717773,""channels"":3,""force"":[-0.5263614467116309,0.23617769810999967],""has_data"":true,""last_update_ts"":1784118804.8886583,""raw"":[16570,15475,15597]},""pinky"":{""age_s"":0.009166479110717773,""channels"":3,""force"":[-1.021477693390148,-0.7451670028500006],""has_data"":true,""last_update_ts"":1784118804.8886583,""raw"":[17419,15294,17699]},""ring"":{""age_s"":0.009166479110717773,""channels"":3,""force"":[0.27928401875749387,0.25615983002999965],""has_data"":true,""last_update_ts"":1784118804.8886583,""raw"":[15797,16378,15626]},""thumb"":{""age_s"":0.009166479110717773,""channels"":3,""force"":[0.0,-2.220446049250313e-16],""has_data"":true,""last_update_ts"":1784118804.8886583,""raw"":[0,0,0]}}","{""ble"":{""connection_state"":""connected"",""counter"":997668,""finger_order"":""DexterController.Visualizer"",""last_error"":null,""last_sample_age_s"":0.009186882001813501,""reconnect_count"":0,""sample_hz"":20.0,""sample_sequence"":1357,""timestamp_us"":9769691392},""fingers"":{""index"":{""has_data"":true,""last_update_ts"":1784118804.8886583,""mapped"":true},""middle"":{""has_data"":true,""last_update_ts"":1784118804.8886583,""mapped"":true},""pinky"":{""has_data"":true,""last_update_ts"":1784118804.8886583,""mapped"":true},""ring"":{""has_data"":true,""last_update_ts"":1784118804.8886583,""mapped"":true},""thumb"":{""has_data"":true,""last_update_ts"":1784118804.8886583,""mapped"":true}},""ports"":{""available"":[""BLE:Dexter""],""unavailable"":[]}}"
1784118804.9479508,1784118804.9478233,1359,ble,"{""index"":{""age_s"":0.009168386459350586,""channels"":3,""force"":[0.15334182785480444,-0.2828026725900008],""has_data"":true,""last_update_ts"":1784118804.938655,""raw"":[16812,17131,17481]},""middle"":{""age_s"":0.009168386459350586,""channels"":3,""force"":[-0.465313132800782,0.1909403716799991],""has_data"":true,""last_update_ts"":1784118804.938655,""raw"":[16487,15519,15659]},""pinky"":{""age_s"":0.009168386459350586,""channels"":3,""force"":[-1.022919779545525,-0.7410040586999989],""has_data"":true,""last_update_ts"":1784118804.938655,""raw"":[17425,15297,17696]},""ring"":{""age_s"":0.009168386459350586,""channels"":3,""force"":[0.27303497875087146,0.25310700431999944],""has_data"":true,""last_update_ts"":1784118804.938655,""raw"":[15797,16365,15625]},""thumb"":{""age_s"":0.009168386459350586,""channels"":3,""force"":[0.0,-2.220446049250313e-16],""has_data"":true,""last_update_ts"":1784118804.938655,""raw"":[0,0,0]}}","{""ble"":{""connection_state"":""connected"",""counter"":997674,""finger_order"":""DexterController.Visualizer"",""last_error"":null,""last_sample_age_s"":0.009188594995066524,""reconnect_count"":0,""sample_hz"":20.0,""sample_sequence"":1358,""timestamp_us"":9769747840},""fingers"":{""index"":{""has_data"":true,""last_update_ts"":1784118804.938655,""mapped"":true},""middle"":{""has_data"":true,""last_update_ts"":1784118804.938655,""mapped"":true},""pinky"":{""has_data"":true,""last_update_ts"":1784118804.938655,""mapped"":true},""ring"":{""has_data"":true,""last_update_ts"":1784118804.938655,""mapped"":true},""thumb"":{""has_data"":true,""last_update_ts"":1784118804.938655,""mapped"":true}},""ports"":{""available"":[""BLE:Dexter""],""unavailable"":[]}}"
1784118804.9979417,1784118804.9978142,1360,ble,"{""index"":{""age_s"":0.0091552734375,""channels"":3,""force"":[0.14276652938205814,-0.336088357710004],""has_data"":true,""last_update_ts"":1784118804.988659,""raw"":[16778,17075,17532]},""middle"":{""age_s"":0.0091552734375,""channels"":3,""force"":[-0.387440480410568,0.14209516031999847],""has_data"":true,""last_update_ts"":1784118804.988659,""raw"":[16396,15590,15737]},""pinky"":{""age_s"":0.0091552734375,""channels"":3,""force"":[-1.0190742164645261,-0.7365635849400034],""has_data"":true,""last_update_ts"":1784118804.988659,""raw"":[17421,15301,17688]},""ring"":{""age_s"":0.0091552734375,""channels"":3,""force"":[0.28024540952774224,0.26060030378999866],""has_data"":true,""last_update_ts"":1784118804.988659,""raw"":[15789,16372,15611]},""thumb"":{""age_s"":0.0091552734375,""channels"":3,""force"":[0.0,-2.220446049250313e-16],""has_data"":true,""last_update_ts"":1784118804.988659,""raw"":[0,0,0]}}","{""ble"":{""connection_state"":""connected"",""counter"":997679,""finger_order"":""DexterController.Visualizer"",""last_error"":null,""last_sample_age_s"":0.009176310006296262,""reconnect_count"":0,""sample_hz"":20.0,""sample_sequence"":1359,""timestamp_us"":9769794816},""fingers"":{""index"":{""has_data"":true,""last_update_ts"":1784118804.988659,""mapped"":true},""middle"":{""has_data"":true,""last_update_ts"":1784118804.988659,""mapped"":true},""pinky"":{""has_data"":true,""last_update_ts"":1784118804.988659,""mapped"":true},""ring"":{""has_data"":true,""last_update_ts"":1784118804.988659,""mapped"":true},""thumb"":{""has_data"":true,""last_update_ts"":1784118804.988659,""mapped"":true}},""ports"":{""available"":[""BLE:Dexter""],""unavailable"":[]}}"
1784118805.047941,1784118805.047823,1361,ble,"{""index"":{""age_s"":0.009164094924926758,""channels"":3,""force"":[0.17256964325979673,-0.3810481545300002],""has_data"":true,""last_update_ts"":1784118805.0386589,""raw"":[16734,17093,17600]},""middle"":{""age_s"":0.009164094924926758,""channels"":3,""force"":[-0.29226279415586376,0.14098504187999694],""has_data"":true,""last_update_ts"":1784118805.0386589,""raw"":[16285,15677,15727]},""pinky"":{""age_s"":0.009164094924926758,""channels"":3,""force"":[-1.0195549118496476,-0.747387239730001],""has_data"":true,""last_update_ts"":1784118805.0386589,""raw"":[17418,15297,17704]},""ring"":{""age_s"":0.009164094924926758,""channels"":3,""force"":[0.2715928925954998,0.25393959314999837],""has_data"":true,""last_update_ts"":1784118805.0386589,""raw"":[15800,16365,15625]},""thumb"":{""age_s"":0.009164094924926758,""channels"":3,""force"":[0.0,-2.220446049250313e-16],""has_data"":true,""last_update_ts"":1784118805.0386589,""raw"":[0,0,0]}}","{""ble"":{""connection_state"":""connected"",""counter"":997684,""finger_order"":""DexterController.Visualizer"",""last_error"":null,""last_sample_age_s"":0.009184405993437394,""reconnect_count"":0,""sample_hz"":20.0,""sample_sequence"":1360,""timestamp_us"":9769841696},""fingers"":{""index"":{""has_data"":true,""last_update_ts"":1784118805.0386589,""mapped"":true},""middle"":{""has_data"":true,""last_update_ts"":1784118805.0386589,""mapped"":true},""pinky"":{""has_data"":true,""last_update_ts"":1784118805.0386589,""mapped"":true},""ring"":{""has_data"":true,""last_update_ts"":1784118805.0386589,""mapped"":true},""thumb"":{""has_data"":true,""last_update_ts"":1784118805.0386589,""mapped"":true}},""ports"":{""available"":[""BLE:Dexter""],""unavailable"":[]}}"
1784118805.097952,1784118805.0978265,1362,ble,"{""index"":{""age_s"":0.00916743278503418,""channels"":3,""force"":[0.19516232636065745,-0.40019769762000035],""has_data"":true,""last_update_ts"":1784118805.088659,""raw"":[16688,17094,17612]},""middle"":{""age_s"":0.00916743278503418,""channels"":3,""force"":[-0.22544613562352112,0.13959739382999725],""has_data"":true,""last_update_ts"":1784118805.088659,""raw"":[16216,15747,15730]},""pinky"":{""age_s"":0.00916743278503418,""channels"":3,""force"":[-1.0195549118496476,-0.7423917067500003],""has_data"":true,""last_update_ts"":1784118805.088659,""raw"":[17418,15297,17695]},""ring"":{""age_s"":0.00916743278503418,""channels"":3,""force"":[0.2763998464467434,0.251719356269998],""has_data"":true,""last_update_ts"":1784118805.088659,""raw"":[15792,16367,15626]},""thumb"":{""age_s"":0.00916743278503418,""channels"":3,""force"":[0.0,-2.220446049250313e-16],""has_data"":true,""last_update_ts"":1784118805.088659,""raw"":[0,0,0]}}","{""ble"":{""connection_state"":""connected"",""counter"":997690,""finger_order"":""DexterController.Visualizer"",""last_error"":null,""last_sample_age_s"":0.009188313997583464,""reconnect_count"":0,""sample_hz"":20.0,""sample_sequence"":1361,""timestamp_us"":9769898400},""fingers"":{""index"":{""has_data"":true,""last_update_ts"":1784118805.088659,""mapped"":true},""middle"":{""has_data"":true,""last_update_ts"":1784118805.088659,""mapped"":true},""pinky"":{""has_data"":true,""last_update_ts"":1784118805.088659,""mapped"":true},""ring"":{""has_data"":true,""last_update_ts"":1784118805.088659,""mapped"":true},""thumb"":{""has_data"":true,""last_update_ts"":1784118805.088659,""mapped"":true}},""ports"":{""available"":[""BLE:Dexter""],""unavailable"":[]}}"
1784118805.1480453,1784118805.1478436,1363,ble,"{""index"":{""age_s"":0.009170770645141602,""channels"":3,""force"":[0.1624750401721773,-0.4401619614600021],""has_data"":true,""last_update_ts"":1784118805.1386728,""raw"":[16700,17038,17662]},""middle"":{""age_s"":0.009170770645141602,""channels"":3,""force"":[-0.23938630179213938,0.11656243619999884],""has_data"":true,""last_update_ts"":1784118805.1386728,""raw"":[16212,15714,15753]},""pinky"":{""age_s"":0.009170770645141602,""channels"":3,""force"":[-1.0234004749306465,-0.7412815883100015],""has_data"":true,""last_update_ts"":1784118805.1386728,""raw"":[17418,15289,17689]},""ring"":{""age_s"":0.009170770645141602,""channels"":3,""force"":[0.28841723107486494,0.2647632479399977],""has_data"":true,""last_update_ts"":1784118805.1386728,""raw"":[15796,16396,15619]},""thumb"":{""age_s"":0.009170770645141602,""channels"":3,""force"":[0.0,-2.220446049250313e-16],""has_data"":true,""last_update_ts"":1784118805.1386728,""raw"":[0,0,0]}}","{""ble"":{""connection_state"":""connected"",""counter"":997695,""finger_order"":""DexterController.Visualizer"",""last_error"":null,""last_sample_age_s"":0.009203513996908441,""reconnect_count"":0,""sample_hz"":20.0,""sample_sequence"":1362,""timestamp_us"":9769945504},""fingers"":{""index"":{""has_data"":true,""last_update_ts"":1784118805.1386728,""mapped"":true},""middle"":{""has_data"":true,""last_update_ts"":1784118805.1386728,""mapped"":true},""pinky"":{""has_data"":true,""last_update_ts"":1784118805.1386728,""mapped"":true},""ring"":{""has_data"":true,""last_update_ts"":1784118805.1386728,""mapped"":true},""thumb"":{""has_data"":true,""last_update_ts"":1784118805.1386728,""mapped"":true}},""ports"":{""available"":[""BLE:Dexter""],""unavailable"":[]}}"
1784118805.1979592,1784118805.1978288,1364,ble,"{""index"":{""age_s"":0.009169340133666992,""channels"":3,""force"":[0.10671437549770069,-0.40630334904000254],""has_data"":true,""last_update_ts"":1784118805.1886594,""raw"":[16795,17017,17638]},""middle"":{""age_s"":0.009169340133666992,""channels"":3,""force"":[-0.2864944495343664,0.1176725546399986],""has_data"":true,""last_update_ts"":1784118805.1886594,""raw"":[16258,15662,15748]},""pinky"":{""age_s"":0.009169340133666992,""channels"":3,""force"":[-1.0209969980050229,-0.7437793548000009],""has_data"":true,""last_update_ts"":1784118805.1886594,""raw"":[17418,15294,17696]},""ring"":{""age_s"":0.009169340133666992,""channels"":3,""force"":[0.27303497875087146,0.256992418859995],""has_data"":true,""last_update_ts"":1784118805.1886594,""raw"":[15803,16371,15624]},""thumb"":{""age_s"":0.009169340133666992,""channels"":3,""force"":[0.0,-2.220446049250313e-16],""has_data"":true,""last_update_ts"":1784118805.1886594,""raw"":[0,0,0]}}","{""ble"":{""connection_state"":""connected"",""counter"":997700,""finger_order"":""DexterController.Visualizer"",""last_error"":null,""last_sample_age_s"":0.009190318000037223,""reconnect_count"":0,""sample_hz"":20.0,""sample_sequence"":1363,""timestamp_us"":9769992480},""fingers"":{""index"":{""has_data"":true,""last_update_ts"":1784118805.1886594,""mapped"":true},""middle"":{""has_data"":true,""last_update_ts"":1784118805.1886594,""mapped"":true},""pinky"":{""has_data"":true,""last_update_ts"":1784118805.1886594,""mapped"":true},""ring"":{""has_data"":true,""last_update_ts"":1784118805.1886594,""mapped"":true},""thumb"":{""has_data"":true,""last_update_ts"":1784118805.1886594,""mapped"":true}},""ports"":{""available"":[""BLE:Dexter""],""unavailable"":[]}}"
1784118805.2479117,1784118805.2478042,1365,ble,"{""index"":{""age_s"":0.009145021438598633,""channels"":3,""force"":[0.07931473854558924,-0.312775870470003],""has_data"":true,""last_update_ts"":1784118805.2386591,""raw"":[16852,17017,17498]},""middle"":{""age_s"":0.009145021438598633,""channels"":3,""force"":[-0.36869336039070255,0.25671488924999686],""has_data"":true,""last_update_ts"":1784118805.2386591,""raw"":[16293,15526,15447]},""pinky"":{""age_s"":0.009145021438598633,""channels"":3,""force"":[1.0027305733702825,0.23867546459999822],""has_data"":true,""last_update_ts"":1784118805.2386591,""raw"":[16826,18912,17439]},""ring"":{""age_s"":0.009145021438598633,""channels"":3,""force"":[0.3480234588303368,0.6710665969799994],""has_data"":true,""last_update_ts"":1784118805.2386591,""raw"":[15718,16442,14871]},""thumb"":{""age_s"":0.009145021438598633,""channels"":3,""force"":[0.0,-2.220446049250313e-16],""has_data"":true,""last_update_ts"":1784118805.2386591,""raw"":[0,0,0]}}","{""ble"":{""connection_state"":""connected"",""counter"":997706,""finger_order"":""DexterController.Visualizer"",""last_error"":null,""last_sample_age_s"":0.009166190007817931,""reconnect_count"":0,""sample_hz"":20.0,""sample_sequence"":1364,""timestamp_us"":9770048768},""fingers"":{""index"":{""has_data"":true,""last_update_ts"":1784118805.2386591,""mapped"":true},""middle"":{""has_data"":true,""last_update_ts"":1784118805.2386591,""mapped"":true},""pinky"":{""has_data"":true,""last_update_ts"":1784118805.2386591,""mapped"":true},""ring"":{""has_data"":true,""last_update_ts"":1784118805.2386591,""mapped"":true},""thumb"":{""has_data"":true,""last_update_ts"":1784118805.2386591,""mapped"":true}},""ports"":{""available"":[""BLE:Dexter""],""unavailable"":[]}}"
1784118805.297919,1784118805.2978022,1366,ble,"{""index"":{""age_s"":0.009143590927124023,""channels"":3,""force"":[0.050473015438102564,-0.3005645676300013],""has_data"":true,""last_update_ts"":1784118805.2886586,""raw"":[16921,17026,17515]},""middle"":{""age_s"":0.009143590927124023,""channels"":3,""force"":[-0.3783072680931987,0.20509438178999773],""has_data"":true,""last_update_ts"":1784118805.2886586,""raw"":[16390,15603,15627]},""pinky"":{""age_s"":0.009143590927124023,""channels"":3,""force"":[-1.0248425610860235,-0.7426692363600012],""has_data"":true,""last_update_ts"":1784118805.2886586,""raw"":[17425,15293,17697]},""ring"":{""age_s"":0.009143590927124023,""channels"":3,""force"":[0.2763998464467434,0.2556047708099971],""has_data"":true,""last_update_ts"":1784118805.2886586,""raw"":[15801,16376,15628]},""thumb"":{""age_s"":0.009143590927124023,""channels"":3,""force"":[0.0,-2.220446049250313e-16],""has_data"":true,""last_update_ts"":1784118805.2886586,""raw"":[0,0,0]}}","{""ble"":{""connection_state"":""connected"",""counter"":997711,""finger_order"":""DexterController.Visualizer"",""last_error"":null,""last_sample_age_s"":0.009164007002254948,""reconnect_count"":0,""sample_hz"":20.0,""sample_sequence"":1365,""timestamp_us"":9770095808},""fingers"":{""index"":{""has_data"":true,""last_update_ts"":1784118805.2886586,""mapped"":true},""middle"":{""has_data"":true,""last_update_ts"":1784118805.2886586,""mapped"":true},""pinky"":{""has_data"":true,""last_update_ts"":1784118805.2886586,""mapped"":true},""ring"":{""has_data"":true,""last_update_ts"":1784118805.2886586,""mapped"":true},""thumb"":{""has_data"":true,""last_update_ts"":1784118805.2886586,""mapped"":true}},""ports"":{""available"":[""BLE:Dexter""],""unavailable"":[]}}"
1784118805.347919,1784118805.347802,1367,ble,"{""index"":{""age_s"":0.009141683578491211,""channels"":3,""force"":[0.05912553237034679,-0.29501397543000163],""has_data"":true,""last_update_ts"":1784118805.3386602,""raw"":[16914,17037,17507]},""middle"":{""age_s"":0.009141683578491211,""channels"":3,""force"":[-0.3763844865526984,0.22063603994999692],""has_data"":true,""last_update_ts"":1784118805.3386602,""raw"":[16404,15621,15615]},""pinky"":{""age_s"":0.009141683578491211,""channels"":3,""force"":[-1.0234004749306465,-0.7446119436300007],""has_data"":true,""last_update_ts"":1784118805.3386602,""raw"":[17418,15289,17695]},""ring"":{""age_s"":0.009141683578491211,""channels"":3,""force"":[0.2773612372169971,0.25726994846999496],""has_data"":true,""last_update_ts"":1784118805.3386602,""raw"":[15795,16372,15620]},""thumb"":{""age_s"":0.009141683578491211,""channels"":3,""force"":[0.0,-2.220446049250313e-16],""has_data"":true,""last_update_ts"":1784118805.3386602,""raw"":[0,0,0]}}","{""ble"":{""connection_state"":""connected"",""counter"":997716,""finger_order"":""DexterController.Visualizer"",""last_error"":null,""last_sample_age_s"":0.00916193200100679,""reconnect_count"":0,""sample_hz"":20.0,""sample_sequence"":1366,""timestamp_us"":9770142752},""fingers"":{""index"":{""has_data"":true,""last_update_ts"":1784118805.3386602,""mapped"":true},""middle"":{""has_data"":true,""last_update_ts"":1784118805.3386602,""mapped"":true},""pinky"":{""has_data"":true,""last_update_ts"":1784118805.3386602,""mapped"":true},""ring"":{""has_data"":true,""last_update_ts"":1784118805.3386602,""mapped"":true},""thumb"":{""has_data"":true,""last_update_ts"":1784118805.3386602,""mapped"":true}},""ports"":{""available"":[""BLE:Dexter""],""unavailable"":[]}}"
1784118805.3979292,1784118805.397803,1368,ble,"{""index"":{""age_s"":0.00914764404296875,""channels"":3,""force"":[0.06873944007284116,-0.3044499821700004],""has_data"":true,""last_update_ts"":1784118805.3886554,""raw"":[16894,17037,17514]},""middle"":{""age_s"":0.00914764404296875,""channels"":3,""force"":[-0.3739810096270748,0.20981238515999756],""has_data"":true,""last_update_ts"":1784118805.3886554,""raw"":[16382,15604,15615]},""pinky"":{""age_s"":0.00914764404296875,""channels"":3,""force"":[-0.8421783147386073,-0.654969879600003],""has_data"":true,""last_update_ts"":1784118805.3886554,""raw"":[17370,15618,17674]},""ring"":{""age_s"":0.00914764404296875,""channels"":3,""force"":[0.2864944495343664,0.2930712681599985],""has_data"":true,""last_update_ts"":1784118805.3886554,""raw"":[15785,16381,15555]},""thumb"":{""age_s"":0.00914764404296875,""channels"":3,""force"":[0.0,-2.220446049250313e-16],""has_data"":true,""last_update_ts"":1784118805.3886554,""raw"":[0,0,0]}}","{""ble"":{""connection_state"":""connected"",""counter"":997721,""finger_order"":""DexterController.Visualizer"",""last_error"":null,""last_sample_age_s"":0.009167864001938142,""reconnect_count"":0,""sample_hz"":20.0,""sample_sequence"":1367,""timestamp_us"":9770189696},""fingers"":{""index"":{""has_data"":true,""last_update_ts"":1784118805.3886554,""mapped"":true},""middle"":{""has_data"":true,""last_update_ts"":1784118805.3886554,""mapped"":true},""pinky"":{""has_data"":true,""last_update_ts"":1784118805.3886554,""mapped"":true},""ring"":{""has_data"":true,""last_update_ts"":1784118805.3886554,""mapped"":true},""thumb"":{""has_data"":true,""last_update_ts"":1784118805.3886554,""mapped"":true}},""ports"":{""available"":[""BLE:Dexter""],""unavailable"":[]}}"
1784118805.4479272,1784118805.4478037,1369,ble,"{""index"":{""age_s"":0.009143829345703125,""channels"":3,""force"":[0.06729735391746772,-0.3546828415800025],""has_data"":true,""last_update_ts"":1784118805.43866,""raw"":[16857,16997,17566]},""middle"":{""age_s"":0.009143829345703125,""channels"":3,""force"":[-0.34513928651958814,0.17428859507999928],""has_data"":true,""last_update_ts"":1784118805.43866,""raw"":[16345,15627,15672]},""pinky"":{""age_s"":0.009143829345703125,""channels"":3,""force"":[-1.0262846472413933,-0.7446119436300025],""has_data"":true,""last_update_ts"":1784118805.43866,""raw"":[17423,15288,17697]},""ring"":{""age_s"":0.009143829345703125,""channels"":3,""force"":[0.27255428336574816,0.25449465236999735],""has_data"":true,""last_update_ts"":1784118805.43866,""raw"":[15802,16369,15627]},""thumb"":{""age_s"":0.009143829345703125,""channels"":3,""force"":[0.0,-2.220446049250313e-16],""has_data"":true,""last_update_ts"":1784118805.43866,""raw"":[0,0,0]}}","{""ble"":{""connection_state"":""connected"",""counter"":997727,""finger_order"":""DexterController.Visualizer"",""last_error"":null,""last_sample_age_s"":0.009164417002466507,""reconnect_count"":0,""sample_hz"":20.0,""sample_sequence"":1368,""timestamp_us"":9770246208},""fingers"":{""index"":{""has_data"":true,""last_update_ts"":1784118805.43866,""mapped"":true},""middle"":{""has_data"":true,""last_update_ts"":1784118805.43866,""mapped"":true},""pinky"":{""has_data"":true,""last_update_ts"":1784118805.43866,""mapped"":true},""ring"":{""has_data"":true,""last_update_ts"":1784118805.43866,""mapped"":true},""thumb"":{""has_data"":true,""last_update_ts"":1784118805.43866,""mapped"":true}},""ports"":{""available"":[""BLE:Dexter""],""unavailable"":[]}}"
1784118805.4979305,1784118805.4978037,1370,ble,"{""index"":{""age_s"":0.00914311408996582,""channels"":3,""force"":[0.09565838163983109,-0.36606155559000353],""has_data"":true,""last_update_ts"":1784118805.4886606,""raw"":[16818,17017,17577]},""middle"":{""age_s"":0.00914311408996582,""channels"":3,""force"":[-0.3167782587972283,0.15902446652999558],""has_data"":true,""last_update_ts"":1784118805.4886606,""raw"":[16310,15651,15694]},""pinky"":{""age_s"":0.00914311408996582,""channels"":3,""force"":[-1.018112825694276,-0.7465546509000021],""has_data"":true,""last_update_ts"":1784118805.4886606,""raw"":[17412,15294,17698]},""ring"":{""age_s"":0.00914311408996582,""channels"":3,""force"":[0.2735156741359983,0.2528294747099986],""has_data"":true,""last_update_ts"":1784118805.4886606,""raw"":[15803,16372,15632]},""thumb"":{""age_s"":0.00914311408996582,""channels"":3,""force"":[0.0,-2.220446049250313e-16],""has_data"":true,""last_update_ts"":1784118805.4886606,""raw"":[0,0,0]}}","{""ble"":{""connection_state"":""connected"",""counter"":997732,""finger_order"":""DexterController.Visualizer"",""last_error"":null,""last_sample_age_s"":0.009163694994640537,""reconnect_count"":0,""sample_hz"":20.0,""sample_sequence"":1369,""timestamp_us"":9770293312},""fingers"":{""index"":{""has_data"":true,""last_update_ts"":1784118805.4886606,""mapped"":true},""middle"":{""has_data"":true,""last_update_ts"":1784118805.4886606,""mapped"":true},""pinky"":{""has_data"":true,""last_update_ts"":1784118805.4886606,""mapped"":true},""ring"":{""has_data"":true,""last_update_ts"":1784118805.4886606,""mapped"":true},""thumb"":{""has_data"":true,""last_update_ts"":1784118805.4886606,""mapped"":true}},""ports"":{""available"":[""BLE:Dexter""],""unavailable"":[]}}"
1784118805.5479329,1784118805.5478044,1371,ble,"{""index"":{""age_s"":0.009143829345703125,""channels"":3,""force"":[0.10286881241670187,-0.37188967740000134],""has_data"":true,""last_update_ts"":1784118805.5386605,""raw"":[16800,17014,17577]},""middle"":{""age_s"":0.009143829345703125,""channels"":3,""force"":[-0.29899252954761124,0.14820081173999888],""has_data"":true,""last_update_ts"":1784118805.5386605,""raw"":[16294,15672,15716]},""pinky"":{""age_s"":0.009143829345703125,""channels"":3,""force"":[-1.0219583887752748,-0.7448894732399998],""has_data"":true,""last_update_ts"":1784118805.5386605,""raw"":[17417,15291,17696]},""ring"":{""age_s"":0.009143829345703125,""channels"":3,""force"":[0.2768805418318703,0.25532724119999806],""has_data"":true,""last_update_ts"":1784118805.5386605,""raw"":[15798,16374,15626]},""thumb"":{""age_s"":0.009143829345703125,""channels"":3,""force"":[0.0,-2.220446049250313e-16],""has_data"":true,""last_update_ts"":1784118805.5386605,""raw"":[0,0,0]}}","{""ble"":{""connection_state"":""connected"",""counter"":997737,""finger_order"":""DexterController.Visualizer"",""last_error"":null,""last_sample_age_s"":0.009167272000922821,""reconnect_count"":0,""sample_hz"":20.0,""sample_sequence"":1370,""timestamp_us"":9770340384},""fingers"":{""index"":{""has_data"":true,""last_update_ts"":1784118805.5386605,""mapped"":true},""middle"":{""has_data"":true,""last_update_ts"":1784118805.5386605,""mapped"":true},""pinky"":{""has_data"":true,""last_update_ts"":1784118805.5386605,""mapped"":true},""ring"":{""has_data"":true,""last_update_ts"":1784118805.5386605,""mapped"":true},""thumb"":{""has_data"":true,""last_update_ts"":1784118805.5386605,""mapped"":true}},""ports"":{""available"":[""BLE:Dexter""],""unavailable"":[]}}"
1784118805.5979056,1784118805.5978005,1372,ble,"{""index"":{""age_s"":0.009140491485595703,""channels"":3,""force"":[0.11007924319357443,-0.37216720701000217],""has_data"":true,""last_update_ts"":1784118805.58866,""raw"":[16792,17021,17577]},""middle"":{""age_s"":0.009140491485595703,""channels"":3,""force"":[-0.29034001261536346,0.15930199613999818],""has_data"":true,""last_update_ts"":1784118805.58866,""raw"":[16291,15687,15702]},""pinky"":{""age_s"":0.009140491485595703,""channels"":3,""force"":[-1.0224390841603999,-0.7429467659700002],""has_data"":true,""last_update_ts"":1784118805.58866,""raw"":[17421,15294,17696]},""ring"":{""age_s"":0.009140491485595703,""channels"":3,""force"":[0.27303497875087146,0.2547721819799982],""has_data"":true,""last_update_ts"":1784118805.58866,""raw"":[15798,16366,15623]},""thumb"":{""age_s"":0.009140491485595703,""channels"":3,""force"":[0.0,-2.220446049250313e-16],""has_data"":true,""last_update_ts"":1784118805.58866,""raw"":[0,0,0]}}","{""ble"":{""connection_state"":""connected"",""counter"":997743,""finger_order"":""DexterController.Visualizer"",""last_error"":null,""last_sample_age_s"":0.009158285000012256,""reconnect_count"":0,""sample_hz"":20.0,""sample_sequence"":1371,""timestamp_us"":9770396864},""fingers"":{""index"":{""has_data"":true,""last_update_ts"":1784118805.58866,""mapped"":true},""middle"":{""has_data"":true,""last_update_ts"":1784118805.58866,""mapped"":true},""pinky"":{""has_data"":true,""last_update_ts"":1784118805.58866,""mapped"":true},""ring"":{""has_data"":true,""last_update_ts"":1784118805.58866,""mapped"":true},""thumb"":{""has_data"":true,""last_update_ts"":1784118805.58866,""mapped"":true}},""ports"":{""available"":[""BLE:Dexter""],""unavailable"":[]}}"
1784118805.6479187,1784118805.647801,1373,ble,"{""index"":{""age_s"":0.009144067764282227,""channels"":3,""force"":[0.11440550165969654,-0.366339085199999],""has_data"":true,""last_update_ts"":1784118805.6386569,""raw"":[16788,17026,17567]},""middle"":{""age_s"":0.009144067764282227,""channels"":3,""force"":[-0.2956276618517375,0.1706807101499992],""has_data"":true,""last_update_ts"":1784118805.6386569,""raw"":[16311,15696,15696]},""pinky"":{""age_s"":0.009144067764282227,""channels"":3,""force"":[-1.0214776933901497,-0.7446119436299998],""has_data"":true,""last_update_ts"":1784118805.6386569,""raw"":[17417,15292,17696]},""ring"":{""age_s"":0.009144067764282227,""channels"":3,""force"":[0.2807261049128691,0.26032277417999783],""has_data"":true,""last_update_ts"":1784118805.6386569,""raw"":[15796,16380,15619]},""thumb"":{""age_s"":0.009144067764282227,""channels"":3,""force"":[0.0,-2.220446049250313e-16],""has_data"":true,""last_update_ts"":1784118805.6386569,""raw"":[0,0,0]}}","{""ble"":{""connection_state"":""connected"",""counter"":997748,""finger_order"":""DexterController.Visualizer"",""last_error"":null,""last_sample_age_s"":0.009161811991361901,""reconnect_count"":0,""sample_hz"":20.0,""sample_sequence"":1372,""timestamp_us"":9770443968},""fingers"":{""index"":{""has_data"":true,""last_update_ts"":1784118805.6386569,""mapped"":true},""middle"":{""has_data"":true,""last_update_ts"":1784118805.6386569,""mapped"":true},""pinky"":{""has_data"":true,""last_update_ts"":1784118805.6386569,""mapped"":true},""ring"":{""has_data"":true,""last_update_ts"":1784118805.6386569,""mapped"":true},""thumb"":{""has_data"":true,""last_update_ts"":1784118805.6386569,""mapped"":true}},""ports"":{""available"":[""BLE:Dexter""],""unavailable"":[]}}"
1784118805.6979394,1784118805.6978042,1374,ble,"{""index"":{""age_s"":0.009148359298706055,""channels"":3,""force"":[0.12209662782169417,-0.34358165718000144],""has_data"":true,""last_update_ts"":1784118805.6886559,""raw"":[16793,17047,17539]},""middle"":{""age_s"":0.009148359298706055,""channels"":3,""force"":[-0.2985118341624844,0.21897086228999818],""has_data"":true,""last_update_ts"":1784118805.6886559,""raw"":[16324,15703,15619]},""pinky"":{""age_s"":0.009148359298706055,""channels"":3,""force"":[-0.7287342038491573,-0.6083449051200036],""has_data"":true,""last_update_ts"":1784118805.6886559,""raw"":[17322,15806,17660]},""ring"":{""age_s"":0.009148359298706055,""channels"":3,""force"":[0.2802454095277458,0.32110175876999847],""has_data"":true,""last_update_ts"":1784118805.6886559,""raw"":[15794,16377,15507]},""thumb"":{""age_s"":0.009148359298706055,""channels"":3,""force"":[0.0,-2.220446049250313e-16],""has_data"":true,""last_update_ts"":1784118805.6886559,""raw"":[0,0,0]}}","{""ble"":{""connection_state"":""connected"",""counter"":997753,""finger_order"":""DexterController.Visualizer"",""last_error"":null,""last_sample_age_s"":0.009173214988550171,""reconnect_count"":0,""sample_hz"":20.0,""sample_sequence"":1373,""timestamp_us"":9770490976},""fingers"":{""index"":{""has_data"":true,""last_update_ts"":1784118805.6886559,""mapped"":true},""middle"":{""has_data"":true,""last_update_ts"":1784118805.6886559,""mapped"":true},""pinky"":{""has_data"":true,""last_update_ts"":1784118805.6886559,""mapped"":true},""ring"":{""has_data"":true,""last_update_ts"":1784118805.6886559,""mapped"":true},""thumb"":{""has_data"":true,""last_update_ts"":1784118805.6886559,""mapped"":true}},""ports"":{""available"":[""BLE:Dexter""],""unavailable"":[]}}"
1784118805.7479377,1784118805.747804,1375,ble,"{""index"":{""age_s"":0.00914764404296875,""channels"":3,""force"":[0.11200202473407117,-0.34219400913000264],""has_data"":true,""last_update_ts"":1784118805.7386563,""raw"":[16804,17037,17537]},""middle"":{""age_s"":0.00914764404296875,""channels"":3,""force"":[-0.3177396495674767,0.2050943817900004],""has_data"":true,""last_update_ts"":1784118805.7386563,""raw"":[16351,15690,15651]},""pinky"":{""age_s"":0.00914764404296875,""channels"":3,""force"":[-1.0243618657008966,-0.7401714698699999],""has_data"":true,""last_update_ts"":1784118805.7386563,""raw"":[17428,15297,17696]},""ring"":{""age_s"":0.00914764404296875,""channels"":3,""force"":[0.2893786218451151,0.26254301105999645],""has_data"":true,""last_update_ts"":1784118805.7386563,""raw"":[15792,16394,15620]},""thumb"":{""age_s"":0.00914764404296875,""channels"":3,""force"":[0.0,-2.220446049250313e-16],""has_data"":true,""last_update_ts"":1784118805.7386563,""raw"":[0,0,0]}}","{""ble"":{""connection_state"":""connected"",""counter"":997759,""finger_order"":""DexterController.Visualizer"",""last_error"":null,""last_sample_age_s"":0.009170388002530672,""reconnect_count"":0,""sample_hz"":20.0,""sample_sequence"":1374,""timestamp_us"":9770547424},""fingers"":{""index"":{""has_data"":true,""last_update_ts"":1784118805.7386563,""mapped"":true},""middle"":{""has_data"":true,""last_update_ts"":1784118805.7386563,""mapped"":true},""pinky"":{""has_data"":true,""last_update_ts"":1784118805.7386563,""mapped"":true},""ring"":{""has_data"":true,""last_update_ts"":1784118805.7386563,""mapped"":true},""thumb"":{""has_data"":true,""last_update_ts"":1784118805.7386563,""mapped"":true}},""ports"":{""available"":[""BLE:Dexter""],""unavailable"":[]}}"
1784118805.7978957,1784118805.7978008,1376,ble,"{""index"":{""age_s"":0.009146451950073242,""channels"":3,""force"":[0.1177703693555685,-0.3183264626700044],""has_data"":true,""last_update_ts"":1784118805.7886543,""raw"":[16820,17065,17516]},""middle"":{""age_s"":0.009146451950073242,""channels"":3,""force"":[-0.3211045172633522,0.23090463551999996],""has_data"":true,""last_update_ts"":1784118805.7886543,""raw"":[16364,15696,15614]},""pinky"":{""age_s"":0.009146451950073242,""channels"":3,""force"":[-1.02580395185627,-0.7437793548000009],""has_data"":true,""last_update_ts"":1784118805.7886543,""raw"":[17423,15289,17696]},""ring"":{""age_s"":0.009146451950073242,""channels"":3,""force"":[0.2735156741359983,0.25227441548999874],""has_data"":true,""last_update_ts"":1784118805.7886543,""raw"":[15800,16369,15630]},""thumb"":{""age_s"":0.009146451950073242,""channels"":3,""force"":[0.0,-2.220446049250313e-16],""has_data"":true,""last_update_ts"":1784118805.7886543,""raw"":[0,0,0]}}","{""ble"":{""connection_state"":""connected"",""counter"":997764,""finger_order"":""DexterController.Visualizer"",""last_error"":null,""last_sample_age_s"":0.00916273400071077,""reconnect_count"":0,""sample_hz"":20.0,""sample_sequence"":1375,""timestamp_us"":9770594400},""fingers"":{""index"":{""has_data"":true,""last_update_ts"":1784118805.7886543,""mapped"":true},""middle"":{""has_data"":true,""last_update_ts"":1784118805.7886543,""mapped"":true},""pinky"":{""has_data"":true,""last_update_ts"":1784118805.7886543,""mapped"":true},""ring"":{""has_data"":true,""last_update_ts"":1784118805.7886543,""mapped"":true},""thumb"":{""has_data"":true,""last_update_ts"":1784118805.7886543,""mapped"":true}},""ports"":{""available"":[""BLE:Dexter""],""unavailable"":[]}}"
1784118805.8479464,1784118805.8478055,1377,ble,"{""index"":{""age_s"":0.00915074348449707,""channels"":3,""force"":[0.11296341550432132,-0.3133309296899993],""has_data"":true,""last_update_ts"":1784118805.8386548,""raw"":[16832,17067,17514]},""middle"":{""age_s"":0.00915074348449707,""channels"":3,""force"":[-0.3239886895741009,0.23756534615999847],""has_data"":true,""last_update_ts"":1784118805.8386548,""raw"":[16378,15704,15613]},""pinky"":{""age_s"":0.00915074348449707,""channels"":3,""force"":[-1.026284647241397,-0.7473872397299992],""has_data"":true,""last_update_ts"":1784118805.8386548,""raw"":[17420,15285,17699]},""ring"":{""age_s"":0.00915074348449707,""channels"":3,""force"":[0.27543845567649683,0.2506092378299991],""has_data"":true,""last_update_ts"":1784118805.8386548,""raw"":[15796,16369,15631]},""thumb"":{""age_s"":0.00915074348449707,""channels"":3,""force"":[0.0,-2.220446049250313e-16],""has_data"":true,""last_update_ts"":1784118805.8386548,""raw"":[0,0,0]}}","{""ble"":{""connection_state"":""connected"",""counter"":997769,""finger_order"":""DexterController.Visualizer"",""last_error"":null,""last_sample_age_s"":0.00917638000100851,""reconnect_count"":0,""sample_hz"":20.0,""sample_sequence"":1376,""timestamp_us"":9770641408},""fingers"":{""index"":{""has_data"":true,""last_update_ts"":1784118805.8386548,""mapped"":true},""middle"":{""has_data"":true,""last_update_ts"":1784118805.8386548,""mapped"":true},""pinky"":{""has_data"":true,""last_update_ts"":1784118805.8386548,""mapped"":true},""ring"":{""has_data"":true,""last_update_ts"":1784118805.8386548,""mapped"":true},""thumb"":{""has_data"":true,""last_update_ts"":1784118805.8386548,""mapped"":true}},""ports"":{""available"":[""BLE:Dexter""],""unavailable"":[]}}"
1784118805.8979537,1784118805.8978252,1378,ble,"{""index"":{""age_s"":0.009174823760986328,""channels"":3,""force"":[0.13026844936881332,-0.32498717331000027],""has_data"":true,""last_update_ts"":1784118805.8886504,""raw"":[16800,17071,17521]},""middle"":{""age_s"":0.009174823760986328,""channels"":3,""force"":[-0.31437478187160295,0.23645522771999694],""has_data"":true,""last_update_ts"":1784118805.8886504,""raw"":[16368,15714,15615]},""pinky"":{""age_s"":0.009174823760986328,""channels"":3,""force"":[-1.0224390841603963,-0.742391706750003],""has_data"":true,""last_update_ts"":1784118805.8886504,""raw"":[17423,15296,17697]},""ring"":{""age_s"":0.009174823760986328,""channels"":3,""force"":[0.2744770649062467,0.251164297049999],""has_data"":true,""last_update_ts"":1784118805.8886504,""raw"":[15798,16369,15631]},""thumb"":{""age_s"":0.009174823760986328,""channels"":3,""force"":[0.0,-2.220446049250313e-16],""has_data"":true,""last_update_ts"":1784118805.8886504,""raw"":[0,0,0]}}","{""ble"":{""connection_state"":""connected"",""counter"":997775,""finger_order"":""DexterController.Visualizer"",""last_error"":null,""last_sample_age_s"":0.009195138001814485,""reconnect_count"":0,""sample_hz"":20.0,""sample_sequence"":1377,""timestamp_us"":9770697824},""fingers"":{""index"":{""has_data"":true,""last_update_ts"":1784118805.8886504,""mapped"":true},""middle"":{""has_data"":true,""last_update_ts"":1784118805.8886504,""mapped"":true},""pinky"":{""has_data"":true,""last_update_ts"":1784118805.8886504,""mapped"":true},""ring"":{""has_data"":true,""last_update_ts"":1784118805.8886504,""mapped"":true},""thumb"":{""has_data"":true,""last_update_ts"":1784118805.8886504,""mapped"":true}},""ports"":{""available"":[""BLE:Dexter""],""unavailable"":[]}}"
1784118805.947943,1784118805.9478252,1379,ble,"{""index"":{""age_s"":0.009167671203613281,""channels"":3,""force"":[0.12546149551756436,-0.3394187130300015],""has_data"":true,""last_update_ts"":1784118805.9386575,""raw"":[16792,17053,17534]},""middle"":{""age_s"":0.009167671203613281,""channels"":3,""force"":[-0.3177396495674767,0.21064497398999915],""has_data"":true,""last_update_ts"":1784118805.9386575,""raw"":[16354,15693,15644]},""pinky"":{""age_s"":0.009167671203613281,""channels"":3,""force"":[-1.02580395185627,-0.7376737033800032],""has_data"":true,""last_update_ts"":1784118805.9386575,""raw"":[17426,15292,17688]},""ring"":{""age_s"":0.009167671203613281,""channels"":3,""force"":[0.28793653568974165,0.26504077754999766],""has_data"":true,""last_update_ts"":1784118805.9386575,""raw"":[15799,16398,15621]},""thumb"":{""age_s"":0.009167671203613281,""channels"":3,""force"":[0.0,-2.220446049250313e-16],""has_data"":true,""last_update_ts"":1784118805.9386575,""raw"":[0,0,0]}}","{""ble"":{""connection_state"":""connected"",""counter"":997780,""finger_order"":""DexterController.Visualizer"",""last_error"":null,""last_sample_age_s"":0.009188254000036977,""reconnect_count"":0,""sample_hz"":20.0,""sample_sequence"":1378,""timestamp_us"":9770744736},""fingers"":{""index"":{""has_data"":true,""last_update_ts"":1784118805.9386575,""mapped"":true},""middle"":{""has_data"":true,""last_update_ts"":1784118805.9386575,""mapped"":true},""pinky"":{""has_data"":true,""last_update_ts"":1784118805.9386575,""mapped"":true},""ring"":{""has_data"":true,""last_update_ts"":1784118805.9386575,""mapped"":true},""thumb"":{""has_data"":true,""last_update_ts"":1784118805.9386575,""mapped"":true}},""ports"":{""available"":[""BLE:Dexter""],""unavailable"":[]}}"
1784118805.997938,1784118805.9978244,1380,ble,"{""index"":{""age_s"":0.00916743278503418,""channels"":3,""force"":[0.13507540322005873,-0.3322029431700022],""has_data"":true,""last_update_ts"":1784118805.988657,""raw"":[16784,17065,17523]},""middle"":{""age_s"":0.00916743278503418,""channels"":3,""force"":[-0.311009914175731,0.2234113360499972],""has_data"":true,""last_update_ts"":1784118805.988657,""raw"":[16353,15706,15627]},""pinky"":{""age_s"":0.00916743278503418,""channels"":3,""force"":[-1.0282074287818954,-0.742946765970002],""has_data"":true,""last_update_ts"":1784118805.988657,""raw"":[17424,15285,17693]},""ring"":{""age_s"":0.00916743278503418,""channels"":3,""force"":[0.2778419326021204,0.25532724119999806],""has_data"":true,""last_update_ts"":1784118805.988657,""raw"":[15796,16374,15625]},""thumb"":{""age_s"":0.00916743278503418,""channels"":3,""force"":[0.0,-2.220446049250313e-16],""has_data"":true,""last_update_ts"":1784118805.988657,""raw"":[0,0,0]}}","{""ble"":{""connection_state"":""connected"",""counter"":997785,""finger_order"":""DexterController.Visualizer"",""last_error"":null,""last_sample_age_s"":0.009187531992211007,""reconnect_count"":0,""sample_hz"":20.0,""sample_sequence"":1379,""timestamp_us"":9770791680},""fingers"":{""index"":{""has_data"":true,""last_update_ts"":1784118805.988657,""mapped"":true},""middle"":{""has_data"":true,""last_update_ts"":1784118805.988657,""mapped"":true},""pinky"":{""has_data"":true,""last_update_ts"":1784118805.988657,""mapped"":true},""ring"":{""has_data"":true,""last_update_ts"":1784118805.988657,""mapped"":true},""thumb"":{""has_data"":true,""last_update_ts"":1784118805.988657,""mapped"":true}},""ports"":{""available"":[""BLE:Dexter""],""unavailable"":[]}}"
1784118806.047945,1784118806.047827,1381,ble,"{""index"":{""age_s"":0.009168863296508789,""channels"":3,""force"":[0.15814878170605162,-0.3027848045100008],""has_data"":true,""last_update_ts"":1784118806.0386581,""raw"":[16751,17080,17461]},""middle"":{""age_s"":0.009168863296508789,""channels"":3,""force"":[-0.32591147111459584,0.32026916993999777],""has_data"":true,""last_update_ts"":1784118806.0386581,""raw"":[16293,15615,15377]},""pinky"":{""age_s"":0.009168863296508789,""channels"":3,""force"":[1.452661453847071,0.42406524407999946],""has_data"":true,""last_update_ts"":1784118806.0386581,""raw"":[16635,19657,17382]},""ring"":{""age_s"":0.009168863296508789,""channels"":3,""force"":[0.3326412065063433,0.7693120789199979],""has_data"":true,""last_update_ts"":1784118806.0386581,""raw"":[15732,16424,14692]},""thumb"":{""age_s"":0.009168863296508789,""channels"":3,""force"":[0.0,-2.220446049250313e-16],""has_data"":true,""last_update_ts"":1784118806.0386581,""raw"":[0,0,0]}}","{""ble"":{""connection_state"":""connected"",""counter"":997791,""finger_order"":""DexterController.Visualizer"",""last_error"":null,""last_sample_age_s"":0.009188975003780797,""reconnect_count"":0,""sample_hz"":20.0,""sample_sequence"":1380,""timestamp_us"":9770848384},""fingers"":{""index"":{""has_data"":true,""last_update_ts"":1784118806.0386581,""mapped"":true},""middle"":{""has_data"":true,""last_update_ts"":1784118806.0386581,""mapped"":true},""pinky"":{""has_data"":true,""last_update_ts"":1784118806.0386581,""mapped"":true},""ring"":{""has_data"":true,""last_update_ts"":1784118806.0386581,""mapped"":true},""thumb"":{""has_data"":true,""last_update_ts"":1784118806.0386581,""mapped"":true}},""ports"":{""available"":[""BLE:Dexter""],""unavailable"":[]}}"
1784118806.097956,1784118806.097827,1382,ble,"{""index"":{""age_s"":0.009166479110717773,""channels"":3,""force"":[0.14132444322668292,-0.33248047278000215],""has_data"":true,""last_update_ts"":1784118806.0886605,""raw"":[16779,17073,17525]},""middle"":{""age_s"":0.009166479110717773,""channels"":3,""force"":[-0.24900020949463375,-0.13376927202000388],""has_data"":true,""last_update_ts"":1784118806.0886605,""raw"":[16074,15556,16056]},""pinky"":{""age_s"":0.009166479110717773,""channels"":3,""force"":[-1.0205163026198996,-0.7396164106499983],""has_data"":true,""last_update_ts"":1784118806.0886605,""raw"":[17420,15297,17691]},""ring"":{""age_s"":0.009166479110717773,""channels"":3,""force"":[0.2888979264599918,0.26060030378999777],""has_data"":true,""last_update_ts"":1784118806.0886605,""raw"":[15795,16396,15626]},""thumb"":{""age_s"":0.009166479110717773,""channels"":3,""force"":[0.0,-2.220446049250313e-16],""has_data"":true,""last_update_ts"":1784118806.0886605,""raw"":[0,0,0]}}","{""ble"":{""connection_state"":""connected"",""counter"":997796,""finger_order"":""DexterController.Visualizer"",""last_error"":null,""last_sample_age_s"":0.009187271993141621,""reconnect_count"":0,""sample_hz"":20.0,""sample_sequence"":1381,""timestamp_us"":9770895488},""fingers"":{""index"":{""has_data"":true,""last_update_ts"":1784118806.0886605,""mapped"":true},""middle"":{""has_data"":true,""last_update_ts"":1784118806.0886605,""mapped"":true},""pinky"":{""has_data"":true,""last_update_ts"":1784118806.0886605,""mapped"":true},""ring"":{""has_data"":true,""last_update_ts"":1784118806.0886605,""mapped"":true},""thumb"":{""has_data"":true,""last_update_ts"":1784118806.0886605,""mapped"":true}},""ports"":{""available"":[""BLE:Dexter""],""unavailable"":[]}}"
1784118806.147991,1784118806.1478753,1383,ble,"{""index"":{""age_s"":0.009216070175170898,""channels"":3,""force"":[0.17353103403004333,-0.23895299420999905],""has_data"":true,""last_update_ts"":1784118806.1386592,""raw"":[16821,17182,17432]},""middle"":{""age_s"":0.009216070175170898,""channels"":3,""force"":[-0.20333414790778015,-0.3743874438899999],""has_data"":true,""last_update_ts"":1784118806.1386592,""raw"":[15875,15452,16338]},""pinky"":{""age_s"":0.009216070175170898,""channels"":3,""force"":[-1.0253232564711485,-0.7446119436300007],""has_data"":true,""last_update_ts"":1784118806.1386592,""raw"":[17425,15292,17700]},""ring"":{""age_s"":0.009216070175170898,""channels"":3,""force"":[0.27303497875087324,0.2547721819799982],""has_data"":true,""last_update_ts"":1784118806.1386592,""raw"":[15800,16368,15625]},""thumb"":{""age_s"":0.009216070175170898,""channels"":3,""force"":[0.0,-2.220446049250313e-16],""has_data"":true,""last_update_ts"":1784118806.1386592,""raw"":[0,0,0]}}","{""ble"":{""connection_state"":""connected"",""counter"":997801,""finger_order"":""DexterController.Visualizer"",""last_error"":null,""last_sample_age_s"":0.009235977006028406,""reconnect_count"":0,""sample_hz"":20.0,""sample_sequence"":1382,""timestamp_us"":9770942528},""fingers"":{""index"":{""has_data"":true,""last_update_ts"":1784118806.1386592,""mapped"":true},""middle"":{""has_data"":true,""last_update_ts"":1784118806.1386592,""mapped"":true},""pinky"":{""has_data"":true,""last_update_ts"":1784118806.1386592,""mapped"":true},""ring"":{""has_data"":true,""last_update_ts"":1784118806.1386592,""mapped"":true},""thumb"":{""has_data"":true,""last_update_ts"":1784118806.1386592,""mapped"":true}},""ports"":{""available"":[""BLE:Dexter""],""unavailable"":[]}}"
1784118806.1979487,1784118806.1978204,1384,ble,"{""index"":{""age_s"":0.009161233901977539,""channels"":3,""force"":[0.17112755710441974,-0.0865892383200011],""has_data"":true,""last_update_ts"":1784118806.1886592,""raw"":[16933,17289,17267]},""middle"":{""age_s"":0.009161233901977539,""channels"":3,""force"":[-0.2451546464136367,-0.5450681540400026],""has_data"":true,""last_update_ts"":1784118806.1886592,""raw"":[15818,15308,16545]},""pinky"":{""age_s"":0.009161233901977539,""channels"":3,""force"":[-1.026284647241397,-0.7429467659700002],""has_data"":true,""last_update_ts"":1784118806.1886592,""raw"":[17424,15289,17695]},""ring"":{""age_s"":0.009161233901977539,""channels"":3,""force"":[0.27447706490624846,0.2556047708099962],""has_data"":true,""last_update_ts"":1784118806.1886592,""raw"":[15799,16370,15624]},""thumb"":{""age_s"":0.009161233901977539,""channels"":3,""force"":[0.0,-2.220446049250313e-16],""has_data"":true,""last_update_ts"":1784118806.1886592,""raw"":[0,0,0]}}","{""ble"":{""connection_state"":""connected"",""counter"":997807,""finger_order"":""DexterController.Visualizer"",""last_error"":null,""last_sample_age_s"":0.009181300993077457,""reconnect_count"":0,""sample_hz"":20.0,""sample_sequence"":1383,""timestamp_us"":9770998816},""fingers"":{""index"":{""has_data"":true,""last_update_ts"":1784118806.1886592,""mapped"":true},""middle"":{""has_data"":true,""last_update_ts"":1784118806.1886592,""mapped"":true},""pinky"":{""has_data"":true,""last_update_ts"":1784118806.1886592,""mapped"":true},""ring"":{""has_data"":true,""last_update_ts"":1784118806.1886592,""mapped"":true},""thumb"":{""has_data"":true,""last_update_ts"":1784118806.1886592,""mapped"":true}},""ports"":{""available"":[""BLE:Dexter""],""unavailable"":[]}}"
1784118806.247949,1784118806.2478197,1385,ble,"{""index"":{""age_s"":0.009160041809082031,""channels"":3,""force"":[0.11728967397044343,-0.07437793548000116],""has_data"":true,""last_update_ts"":1784118806.2386596,""raw"":[16985,17229,17241]},""middle"":{""age_s"":0.009160041809082031,""channels"":3,""force"":[-0.2566913356566314,-0.8692227385200031],""has_data"":true,""last_update_ts"":1784118806.2386596,""raw"":[15629,15095,16928]},""pinky"":{""age_s"":0.009160041809082031,""channels"":3,""force"":[-1.022439084160398,-0.7368411145500025],""has_data"":true,""last_update_ts"":1784118806.2386596,""raw"":[17416,15289,17680]},""ring"":{""age_s"":0.009160041809082031,""channels"":3,""force"":[0.27976471414261717,0.263098070279999],""has_data"":true,""last_update_ts"":1784118806.2386596,""raw"":[15801,16383,15618]},""thumb"":{""age_s"":0.009160041809082031,""channels"":3,""force"":[0.0,-2.220446049250313e-16],""has_data"":true,""last_update_ts"":1784118806.2386596,""raw"":[0,0,0]}}","{""ble"":{""connection_state"":""connected"",""counter"":997812,""finger_order"":""DexterController.Visualizer"",""last_error"":null,""last_sample_age_s"":0.009180218999972567,""reconnect_count"":0,""sample_hz"":20.0,""sample_sequence"":1384,""timestamp_us"":9771046016},""fingers"":{""index"":{""has_data"":true,""last_update_ts"":1784118806.2386596,""mapped"":true},""middle"":{""has_data"":true,""last_update_ts"":1784118806.2386596,""mapped"":true},""pinky"":{""has_data"":true,""last_update_ts"":1784118806.2386596,""mapped"":true},""ring"":{""has_data"":true,""last_update_ts"":1784118806.2386596,""mapped"":true},""thumb"":{""has_data"":true,""last_update_ts"":1784118806.2386596,""mapped"":true}},""ports"":{""available"":[""BLE:Dexter""],""unavailable"":[]}}"
1784118806.297933,1784118806.2978153,1386,ble,"{""index"":{""age_s"":0.009156227111816406,""channels"":3,""force"":[0.1571873909357997,-0.02247989840999942],""has_data"":true,""last_update_ts"":1784118806.288659,""raw"":[16981,17308,17185]},""middle"":{""age_s"":0.009156227111816406,""channels"":3,""force"":[-0.24130908333263612,-0.9086319431400023],""has_data"":true,""last_update_ts"":1784118806.288659,""raw"":[15584,15082,16970]},""pinky"":{""age_s"":0.009156227111816406,""channels"":3,""force"":[-1.0229197795455214,-0.7404489994800016],""has_data"":true,""last_update_ts"":1784118806.288659,""raw"":[17419,15291,17689]},""ring"":{""age_s"":0.009156227111816406,""channels"":3,""force"":[0.27639984644674875,0.2533845339299976],""has_data"":true,""last_update_ts"":1784118806.288659,""raw"":[15795,16370,15626]},""thumb"":{""age_s"":0.009156227111816406,""channels"":3,""force"":[0.0,-2.220446049250313e-16],""has_data"":true,""last_update_ts"":1784118806.288659,""raw"":[0,0,0]}}","{""ble"":{""connection_state"":""connected"",""counter"":997817,""finger_order"":""DexterController.Visualizer"",""last_error"":null,""last_sample_age_s"":0.009176610998110846,""reconnect_count"":0,""sample_hz"":20.0,""sample_sequence"":1385,""timestamp_us"":9771093056},""fingers"":{""index"":{""has_data"":true,""last_update_ts"":1784118806.288659,""mapped"":true},""middle"":{""has_data"":true,""last_update_ts"":1784118806.288659,""mapped"":true},""pinky"":{""has_data"":true,""last_update_ts"":1784118806.288659,""mapped"":true},""ring"":{""has_data"":true,""last_update_ts"":1784118806.288659,""mapped"":true},""thumb"":{""has_data"":true,""last_update_ts"":1784118806.288659,""mapped"":true}},""ports"":{""available"":[""BLE:Dexter""],""unavailable"":[]}}"
1784118806.3479357,1784118806.347808,1387,ble,"{""index"":{""age_s"":0.00914907455444336,""channels"":3,""force"":[0.17256964325979318,-0.008048358690001756],""has_data"":true,""last_update_ts"":1784118806.3386588,""raw"":[16978,17337,17172]},""middle"":{""age_s"":0.00914907455444336,""channels"":3,""force"":[-0.16680129863829585,-1.2980059859700015],""has_data"":true,""last_update_ts"":1784118806.3386588,""raw"":[15265,14918,17430]},""pinky"":{""age_s"":0.00914907455444336,""channels"":3,""force"":[-1.0277267333967703,-0.7410040587000006],""has_data"":true,""last_update_ts"":1784118806.3386588,""raw"":[17428,15290,17694]},""ring"":{""age_s"":0.00914907455444336,""channels"":3,""force"":[0.27111219721037116,0.2586575965199991],""has_data"":true,""last_update_ts"":1784118806.3386588,""raw"":[15805,16369,15621]},""thumb"":{""age_s"":0.00914907455444336,""channels"":3,""force"":[0.0,-2.220446049250313e-16],""has_data"":true,""last_update_ts"":1784118806.3386588,""raw"":[0,0,0]}}","{""ble"":{""connection_state"":""connected"",""counter"":997822,""finger_order"":""DexterController.Visualizer"",""last_error"":null,""last_sample_age_s"":0.009169195996946655,""reconnect_count"":0,""sample_hz"":20.0,""sample_sequence"":1386,""timestamp_us"":9771140000},""fingers"":{""index"":{""has_data"":true,""last_update_ts"":1784118806.3386588,""mapped"":true},""middle"":{""has_data"":true,""last_update_ts"":1784118806.3386588,""mapped"":true},""pinky"":{""has_data"":true,""last_update_ts"":1784118806.3386588,""mapped"":true},""ring"":{""has_data"":true,""last_update_ts"":1784118806.3386588,""mapped"":true},""thumb"":{""has_data"":true,""last_update_ts"":1784118806.3386588,""mapped"":true}},""ports"":{""available"":[""BLE:Dexter""],""unavailable"":[]}}"
1784118806.397944,1784118806.397815,1388,ble,"{""index"":{""age_s"":0.009154796600341797,""channels"":3,""force"":[0.22929169870451993,0.15902446653000002],""has_data"":true,""last_update_ts"":1784118806.3886602,""raw"":[17010,17487,16962]},""middle"":{""age_s"":0.009154796600341797,""channels"":3,""force"":[-0.10623368011257384,-1.9435398588300004],""has_data"":true,""last_update_ts"":1784118806.3886602,""raw"":[14807,14586,18198]},""pinky"":{""age_s"":0.009154796600341797,""channels"":3,""force"":[-1.0229197795455232,-0.7376737033800014],""has_data"":true,""last_update_ts"":1784118806.3886602,""raw"":[17424,15296,17689]},""ring"":{""age_s"":0.009154796600341797,""channels"":3,""force"":[0.2864944495343664,0.2642081887199961],""has_data"":true,""last_update_ts"":1784118806.3886602,""raw"":[15798,16394,15620]},""thumb"":{""age_s"":0.009154796600341797,""channels"":3,""force"":[0.0,-2.220446049250313e-16],""has_data"":true,""last_update_ts"":1784118806.3886602,""raw"":[0,0,0]}}","{""ble"":{""connection_state"":""connected"",""counter"":997828,""finger_order"":""DexterController.Visualizer"",""last_error"":null,""last_sample_age_s"":0.009175889994367026,""reconnect_count"":0,""sample_hz"":20.0,""sample_sequence"":1387,""timestamp_us"":9771196576},""fingers"":{""index"":{""has_data"":true,""last_update_ts"":1784118806.3886602,""mapped"":true},""middle"":{""has_data"":true,""last_update_ts"":1784118806.3886602,""mapped"":true},""pinky"":{""has_data"":true,""last_update_ts"":1784118806.3886602,""mapped"":true},""ring"":{""has_data"":true,""last_update_ts"":1784118806.3886602,""mapped"":true},""thumb"":{""has_data"":true,""last_update_ts"":1784118806.3886602,""mapped"":true}},""ports"":{""available"":[""BLE:Dexter""],""unavailable"":[]}}"
1784118806.4479322,1784118806.4478233,1389,ble,"{""index"":{""age_s"":0.009168148040771484,""channels"":3,""force"":[0.29130140338561183,0.4490429089799983],""has_data"":true,""last_update_ts"":1784118806.4386551,""raw"":[17125,17731,16619]},""middle"":{""age_s"":0.009168148040771484,""channels"":3,""force"":[-0.16920477556392122,-2.433379620480002],""has_data"":true,""last_update_ts"":1784118806.4386551,""raw"":[14594,14242,18802]},""pinky"":{""age_s"":0.009168148040771484,""channels"":3,""force"":[-1.0229197795455232,-0.7443344140200017],""has_data"":true,""last_update_ts"":1784118806.4386551,""raw"":[17421,15293,17698]},""ring"":{""age_s"":0.009168148040771484,""channels"":3,""force"":[0.27111219721037294,0.25477218197999907],""has_data"":true,""last_update_ts"":1784118806.4386551,""raw"":[15802,16366,15625]},""thumb"":{""age_s"":0.009168148040771484,""channels"":3,""force"":[0.0,-2.220446049250313e-16],""has_data"":true,""last_update_ts"":1784118806.4386551,""raw"":[0,0,0]}}","{""ble"":{""connection_state"":""connected"",""counter"":997833,""finger_order"":""DexterController.Visualizer"",""last_error"":null,""last_sample_age_s"":0.00918888500018511,""reconnect_count"":0,""sample_hz"":20.0,""sample_sequence"":1388,""timestamp_us"":9771243648},""fingers"":{""index"":{""has_data"":true,""last_update_ts"":1784118806.4386551,""mapped"":true},""middle"":{""has_data"":true,""last_update_ts"":1784118806.4386551,""mapped"":true},""pinky"":{""has_data"":true,""last_update_ts"":1784118806.4386551,""mapped"":true},""ring"":{""has_data"":true,""last_update_ts"":1784118806.4386551,""mapped"":true},""thumb"":{""has_data"":true,""last_update_ts"":1784118806.4386551,""mapped"":true}},""ports"":{""available"":[""BLE:Dexter""],""unavailable"":[]}}"
1784118806.497948,1784118806.4978173,1390,ble,"{""index"":{""age_s"":0.009156942367553711,""channels"":3,""force"":[0.4335872373825467,0.6977094395399988],""has_data"":true,""last_update_ts"":1784118806.4886603,""raw"":[17100,18002,16294]},""middle"":{""age_s"":0.009156942367553711,""channels"":3,""force"":[-0.17785729249616722,-2.914615964220001],""has_data"":true,""last_update_ts"":1784118806.4886603,""raw"":[14257,13887,19323]},""pinky"":{""age_s"":0.009156942367553711,""channels"":3,""force"":[0.023073378485989338,-0.2231338064400008],""has_data"":true,""last_update_ts"":1784118806.4886603,""raw"":[17146,17194,17572]},""ring"":{""age_s"":0.009156942367553711,""channels"":3,""force"":[0.33552537881709377,0.47180033699999857],""has_data"":true,""last_update_ts"":1784118806.4886603,""raw"":[15737,16435,15236]},""thumb"":{""age_s"":0.009156942367553711,""channels"":3,""force"":[0.0,-2.220446049250313e-16],""has_data"":true,""last_update_ts"":1784118806.4886603,""raw"":[0,0,0]}}","{""ble"":{""connection_state"":""connected"",""counter"":997838,""finger_order"":""DexterController.Visualizer"",""last_error"":null,""last_sample_age_s"":0.009180428009130992,""reconnect_count"":0,""sample_hz"":20.0,""sample_sequence"":1389,""timestamp_us"":9771290656},""fingers"":{""index"":{""has_data"":true,""last_update_ts"":1784118806.4886603,""mapped"":true},""middle"":{""has_data"":true,""last_update_ts"":1784118806.4886603,""mapped"":true},""pinky"":{""has_data"":true,""last_update_ts"":1784118806.4886603,""mapped"":true},""ring"":{""has_data"":true,""last_update_ts"":1784118806.4886603,""mapped"":true},""thumb"":{""has_data"":true,""last_update_ts"":1784118806.4886603,""mapped"":true}},""ports"":{""available"":[""BLE:Dexter""],""unavailable"":[]}}"
1784118806.5479414,1784118806.5478234,1391,ble,"{""index"":{""age_s"":0.009167671203613281,""channels"":3,""force"":[0.47540773588840324,0.776805378389998],""has_data"":true,""last_update_ts"":1784118806.5386558,""raw"":[17106,18095,16201]},""middle"":{""age_s"":0.009167671203613281,""channels"":3,""force"":[-0.16632060325317166,-3.3736499391600017],""has_data"":true,""last_update_ts"":1784118806.5386558,""raw"":[14067,13721,19972]},""pinky"":{""age_s"":0.009167671203613281,""channels"":3,""force"":[-1.0224390841603945,-0.7479422989500009],""has_data"":true,""last_update_ts"":1784118806.5386558,""raw"":[17415,15288,17699]},""ring"":{""age_s"":0.009167671203613281,""channels"":3,""force"":[0.2653438525888774,0.2569924188599968],""has_data"":true,""last_update_ts"":1784118806.5386558,""raw"":[15811,16363,15624]},""thumb"":{""age_s"":0.009167671203613281,""channels"":3,""force"":[0.0,-2.220446049250313e-16],""has_data"":true,""last_update_ts"":1784118806.5386558,""raw"":[0,0,0]}}","{""ble"":{""connection_state"":""connected"",""counter"":997844,""finger_order"":""DexterController.Visualizer"",""last_error"":null,""last_sample_age_s"":0.009187823001411743,""reconnect_count"":0,""sample_hz"":20.0,""sample_sequence"":1390,""timestamp_us"":9771347136},""fingers"":{""index"":{""has_data"":true,""last_update_ts"":1784118806.5386558,""mapped"":true},""middle"":{""has_data"":true,""last_update_ts"":1784118806.5386558,""mapped"":true},""pinky"":{""has_data"":true,""last_update_ts"":1784118806.5386558,""mapped"":true},""ring"":{""has_data"":true,""last_update_ts"":1784118806.5386558,""mapped"":true},""thumb"":{""has_data"":true,""last_update_ts"":1784118806.5386558,""mapped"":true}},""ports"":{""available"":[""BLE:Dexter""],""unavailable"":[]}}"
1784118806.5980732,1784118806.5978546,1392,ble,"{""index"":{""age_s"":0.009177684783935547,""channels"":3,""force"":[0.5460699575017465,0.6638508271199974],""has_data"":true,""last_update_ts"":1784118806.588677,""raw"":[16931,18067,16303]},""middle"":{""age_s"":0.009177684783935547,""channels"":3,""force"":[-0.10094603087620513,-3.760526215500003],""has_data"":true,""last_update_ts"":1784118806.588677,""raw"":[13791,13581,20461]},""pinky"":{""age_s"":0.009177684783935547,""channels"":3,""force"":[-1.0344564687885143,-0.7365635849400034],""has_data"":true,""last_update_ts"":1784118806.588677,""raw"":[17432,15280,17683]},""ring"":{""age_s"":0.009177684783935547,""channels"":3,""force"":[0.28841723107486494,0.2647632479399977],""has_data"":true,""last_update_ts"":1784118806.588677,""raw"":[15797,16397,15620]},""thumb"":{""age_s"":0.009177684783935547,""channels"":3,""force"":[0.0,-2.220446049250313e-16],""has_data"":true,""last_update_ts"":1784118806.588677,""raw"":[0,0,0]}}","{""ble"":{""connection_state"":""connected"",""counter"":997849,""finger_order"":""DexterController.Visualizer"",""last_error"":null,""last_sample_age_s"":0.009216639009537175,""reconnect_count"":0,""sample_hz"":20.0,""sample_sequence"":1391,""timestamp_us"":9771394176},""fingers"":{""index"":{""has_data"":true,""last_update_ts"":1784118806.588677,""mapped"":true},""middle"":{""has_data"":true,""last_update_ts"":1784118806.588677,""mapped"":true},""pinky"":{""has_data"":true,""last_update_ts"":1784118806.588677,""mapped"":true},""ring"":{""has_data"":true,""last_update_ts"":1784118806.588677,""mapped"":true},""thumb"":{""has_data"":true,""last_update_ts"":1784118806.588677,""mapped"":true}},""ports"":{""available"":[""BLE:Dexter""],""unavailable"":[]}}"
1784118806.6479723,1784118806.6478324,1393,ble,"{""index"":{""age_s"":0.00918126106262207,""channels"":3,""force"":[0.6484580745333215,0.5619974602499971],""has_data"":true,""last_update_ts"":1784118806.6386511,""raw"":[16744,18093,16406]},""middle"":{""age_s"":0.00918126106262207,""channels"":3,""force"":[-0.020669901560364856,-3.9878229660900013],""has_data"":true,""last_update_ts"":1784118806.6386511,""raw"":[13599,13556,20762]},""pinky"":{""age_s"":0.00918126106262207,""channels"":3,""force"":[-1.021477693390148,-0.7479422989500009],""has_data"":true,""last_update_ts"":1784118806.6386511,""raw"":[17413,15288,17698]},""ring"":{""age_s"":0.00918126106262207,""channels"":3,""force"":[0.2768805418318703,0.25366206353999665],""has_data"":true,""last_update_ts"":1784118806.6386511,""raw"":[15796,16372,15627]},""thumb"":{""age_s"":0.00918126106262207,""channels"":3,""force"":[0.0,-2.220446049250313e-16],""has_data"":true,""last_update_ts"":1784118806.6386511,""raw"":[0,0,0]}}","{""ble"":{""connection_state"":""connected"",""counter"":997854,""finger_order"":""DexterController.Visualizer"",""last_error"":null,""last_sample_age_s"":0.009206028000335209,""reconnect_count"":0,""sample_hz"":20.0,""sample_sequence"":1392,""timestamp_us"":9771441184},""fingers"":{""index"":{""has_data"":true,""last_update_ts"":1784118806.6386511,""mapped"":true},""middle"":{""has_data"":true,""last_update_ts"":1784118806.6386511,""mapped"":true},""pinky"":{""has_data"":true,""last_update_ts"":1784118806.6386511,""mapped"":true},""ring"":{""has_data"":true,""last_update_ts"":1784118806.6386511,""mapped"":true},""thumb"":{""has_data"":true,""last_update_ts"":1784118806.6386511,""mapped"":true}},""ports"":{""available"":[""BLE:Dexter""],""unavailable"":[]}}"
1784118806.697965,1784118806.6978302,1394,ble,"{""index"":{""age_s"":0.009177684783935547,""channels"":3,""force"":[0.7046994345929214,0.48123634373999735],""has_data"":true,""last_update_ts"":1784118806.6886525,""raw"":[16641,18107,16507]},""middle"":{""age_s"":0.009177684783935547,""channels"":3,""force"":[-0.03364867695873475,-4.005862390740001],""has_data"":true,""last_update_ts"":1784118806.6886525,""raw"":[13594,13524,20776]},""pinky"":{""age_s"":0.009177684783935547,""channels"":3,""force"":[-1.02484256108602,-0.7459995916800022],""has_data"":true,""last_update_ts"":1784118806.6886525,""raw"":[17419,15287,17697]},""ring"":{""age_s"":0.009177684783935547,""channels"":3,""force"":[0.2783226279872473,0.25005417860999835],""has_data"":true,""last_update_ts"":1784118806.6886525,""raw"":[15791,16370,15630]},""thumb"":{""age_s"":0.009177684783935547,""channels"":3,""force"":[0.0,-2.220446049250313e-16],""has_data"":true,""last_update_ts"":1784118806.6886525,""raw"":[0,0,0]}}","{""ble"":{""connection_state"":""connected"",""counter"":997860,""finger_order"":""DexterController.Visualizer"",""last_error"":null,""last_sample_age_s"":0.009202693006955087,""reconnect_count"":0,""sample_hz"":20.0,""sample_sequence"":1393,""timestamp_us"":9771497760},""fingers"":{""index"":{""has_data"":true,""last_update_ts"":1784118806.6886525,""mapped"":true},""middle"":{""has_data"":true,""last_update_ts"":1784118806.6886525,""mapped"":true},""pinky"":{""has_data"":true,""last_update_ts"":1784118806.6886525,""mapped"":true},""ring"":{""has_data"":true,""last_update_ts"":1784118806.6886525,""mapped"":true},""thumb"":{""has_data"":true,""last_update_ts"":1784118806.6886525,""mapped"":true}},""ports"":{""available"":[""BLE:Dexter""],""unavailable"":[]}}"
1784118806.747946,1784118806.7478166,1395,ble,"{""index"":{""age_s"":0.009168386459350586,""channels"":3,""force"":[0.7152747330656659,0.49677800189999743],""has_data"":true,""last_update_ts"":1784118806.7386482,""raw"":[16642,18130,16491]},""middle"":{""age_s"":0.009168386459350586,""channels"":3,""force"":[-0.12065454166631806,-3.8984584316700017],""has_data"":true,""last_update_ts"":1784118806.7386482,""raw"":[13745,13494,20643]},""pinky"":{""age_s"":0.009168386459350586,""channels"":3,""force"":[-1.0224390841603945,-0.7412815883100023],""has_data"":true,""last_update_ts"":1784118806.7386482,""raw"":[17415,15288,17687]},""ring"":{""age_s"":0.009168386459350586,""channels"":3,""force"":[0.29034001261536524,0.2653183071599985],""has_data"":true,""last_update_ts"":1784118806.7386482,""raw"":[15798,16402,15622]},""thumb"":{""age_s"":0.009168386459350586,""channels"":3,""force"":[0.0,-2.220446049250313e-16],""has_data"":true,""last_update_ts"":1784118806.7386482,""raw"":[0,0,0]}}","{""ble"":{""connection_state"":""connected"",""counter"":997865,""finger_order"":""DexterController.Visualizer"",""last_error"":null,""last_sample_age_s"":0.009189486998366192,""reconnect_count"":0,""sample_hz"":20.0,""sample_sequence"":1394,""timestamp_us"":9771544736},""fingers"":{""index"":{""has_data"":true,""last_update_ts"":1784118806.7386482,""mapped"":true},""middle"":{""has_data"":true,""last_update_ts"":1784118806.7386482,""mapped"":true},""pinky"":{""has_data"":true,""last_update_ts"":1784118806.7386482,""mapped"":true},""ring"":{""has_data"":true,""last_update_ts"":1784118806.7386482,""mapped"":true},""thumb"":{""has_data"":true,""last_update_ts"":1784118806.7386482,""mapped"":true}},""ports"":{""available"":[""BLE:Dexter""],""unavailable"":[]}}"
1784118806.7979338,1784118806.7978246,1396,ble,"{""index"":{""age_s"":0.009167194366455078,""channels"":3,""force"":[0.7373867207814051,0.47735092919999733],""has_data"":true,""last_update_ts"":1784118806.7886574,""raw"":[16621,18155,16528]},""middle"":{""age_s"":0.009167194366455078,""channels"":3,""force"":[-0.1523804370845534,-3.6409109535900006],""has_data"":true,""last_update_ts"":1784118806.7886574,""raw"":[13919,13602,20320]},""pinky"":{""age_s"":0.009167194366455078,""channels"":3,""force"":[-1.0234004749306482,-0.7435018251900001],""has_data"":true,""last_update_ts"":1784118806.7886574,""raw"":[17420,15291,17695]},""ring"":{""age_s"":0.009167194366455078,""channels"":3,""force"":[0.27736123721699535,0.25449465237],""has_data"":true,""last_update_ts"":1784118806.7886574,""raw"":[15801,16378,15631]},""thumb"":{""age_s"":0.009167194366455078,""channels"":3,""force"":[0.0,-2.220446049250313e-16],""has_data"":true,""last_update_ts"":1784118806.7886574,""raw"":[0,0,0]}}","{""ble"":{""connection_state"":""connected"",""counter"":997870,""finger_order"":""DexterController.Visualizer"",""last_error"":null,""last_sample_age_s"":0.009187653005938046,""reconnect_count"":0,""sample_hz"":20.0,""sample_sequence"":1395,""timestamp_us"":9771591712},""fingers"":{""index"":{""has_data"":true,""last_update_ts"":1784118806.7886574,""mapped"":true},""middle"":{""has_data"":true,""last_update_ts"":1784118806.7886574,""mapped"":true},""pinky"":{""has_data"":true,""last_update_ts"":1784118806.7886574,""mapped"":true},""ring"":{""has_data"":true,""last_update_ts"":1784118806.7886574,""mapped"":true},""thumb"":{""has_data"":true,""last_update_ts"":1784118806.7886574,""mapped"":true}},""ports"":{""available"":[""BLE:Dexter""],""unavailable"":[]}}"
1784118806.8479524,1784118806.8478236,1397,ble,"{""index"":{""age_s"":0.009165048599243164,""channels"":3,""force"":[0.7359446346260299,0.4221225368099981],""has_data"":true,""last_update_ts"":1784118806.8386586,""raw"":[16586,18117,16591]},""middle"":{""age_s"":0.009165048599243164,""channels"":3,""force"":[-0.17208894787466988,-3.3658791100800007],""has_data"":true,""last_update_ts"":1784118806.8386586,""raw"":[14089,13731,19974]},""pinky"":{""age_s"":0.009165048599243164,""channels"":3,""force"":[-0.9075528871155765,-0.6893835512400024],""has_data"":true,""last_update_ts"":1784118806.8386586,""raw"":[17383,15495,17681]},""ring"":{""age_s"":0.009165048599243164,""channels"":3,""force"":[0.2807261049128673,0.27697455077999855],""has_data"":true,""last_update_ts"":1784118806.8386586,""raw"":[15792,16376,15585]},""thumb"":{""age_s"":0.009165048599243164,""channels"":3,""force"":[0.0,-2.220446049250313e-16],""has_data"":true,""last_update_ts"":1784118806.8386586,""raw"":[0,0,0]}}","{""ble"":{""connection_state"":""connected"",""counter"":997876,""finger_order"":""DexterController.Visualizer"",""last_error"":null,""last_sample_age_s"":0.009185718998196535,""reconnect_count"":0,""sample_hz"":20.0,""sample_sequence"":1396,""timestamp_us"":9771648384},""fingers"":{""index"":{""has_data"":true,""last_update_ts"":1784118806.8386586,""mapped"":true},""middle"":{""has_data"":true,""last_update_ts"":1784118806.8386586,""mapped"":true},""pinky"":{""has_data"":true,""last_update_ts"":1784118806.8386586,""mapped"":true},""ring"":{""has_data"":true,""last_update_ts"":1784118806.8386586,""mapped"":true},""thumb"":{""has_data"":true,""last_update_ts"":1784118806.8386586,""mapped"":true}},""ports"":{""available"":[""BLE:Dexter""],""unavailable"":[]}}"
1784118806.8979697,1784118806.8978193,1398,ble,"{""index"":{""age_s"":0.009159564971923828,""channels"":3,""force"":[0.6090410529530921,0.2428384087499964],""has_data"":true,""last_update_ts"":1784118806.8886597,""raw"":[16626,17893,16822]},""middle"":{""age_s"":0.009159564971923828,""channels"":3,""force"":[-0.23121448024501845,-2.672887673910002],""has_data"":true,""last_update_ts"":1784118806.8886597,""raw"":[14548,14067,19123]},""pinky"":{""age_s"":0.009159564971923828,""channels"":3,""force"":[-1.0219583887752712,-0.7437793548000009],""has_data"":true,""last_update_ts"":1784118806.8886597,""raw"":[17418,15292,17695]},""ring"":{""age_s"":0.009159564971923828,""channels"":3,""force"":[0.28409097260874105,0.26171042222999663],""has_data"":true,""last_update_ts"":1784118806.8886597,""raw"":[15792,16383,15616]},""thumb"":{""age_s"":0.009159564971923828,""channels"":3,""force"":[0.0,-2.220446049250313e-16],""has_data"":true,""last_update_ts"":1784118806.8886597,""raw"":[0,0,0]}}","{""ble"":{""connection_state"":""connected"",""counter"":997881,""finger_order"":""DexterController.Visualizer"",""last_error"":null,""last_sample_age_s"":0.00918888500018511,""reconnect_count"":0,""sample_hz"":20.0,""sample_sequence"":1397,""timestamp_us"":9771695392},""fingers"":{""index"":{""has_data"":true,""last_update_ts"":1784118806.8886597,""mapped"":true},""middle"":{""has_data"":true,""last_update_ts"":1784118806.8886597,""mapped"":true},""pinky"":{""has_data"":true,""last_update_ts"":1784118806.8886597,""mapped"":true},""ring"":{""has_data"":true,""last_update_ts"":1784118806.8886597,""mapped"":true},""thumb"":{""has_data"":true,""last_update_ts"":1784118806.8886597,""mapped"":true}},""ports"":{""available"":[""BLE:Dexter""],""unavailable"":[]}}"
1784118806.9479747,1784118806.94783,1399,ble,"{""index"":{""age_s"":0.009174823760986328,""channels"":3,""force"":[0.38119144040394737,0.06577451756999952],""has_data"":true,""last_update_ts"":1784118806.9386551,""raw"":[16780,17573,17058]},""middle"":{""age_s"":0.009174823760986328,""channels"":3,""force"":[-0.33600607420221706,-1.4167886590500016],""has_data"":true,""last_update_ts"":1784118806.9386551,""raw"":[15355,14656,17558]},""pinky"":{""age_s"":0.009174823760986328,""channels"":3,""force"":[-1.0123444810727769,-0.7648716051600033],""has_data"":true,""last_update_ts"":1784118806.9386551,""raw"":[17396,15290,17721]},""ring"":{""age_s"":0.009174823760986328,""channels"":3,""force"":[0.2773612372169971,0.21508544774999905],""has_data"":true,""last_update_ts"":1784118806.9386551,""raw"":[15770,16347,15671]},""thumb"":{""age_s"":0.009174823760986328,""channels"":3,""force"":[0.0,-2.220446049250313e-16],""has_data"":true,""last_update_ts"":1784118806.9386551,""raw"":[0,0,0]}}","{""ble"":{""connection_state"":""connected"",""counter"":997886,""finger_order"":""DexterController.Visualizer"",""last_error"":null,""last_sample_age_s"":0.009199766995152459,""reconnect_count"":0,""sample_hz"":20.0,""sample_sequence"":1398,""timestamp_us"":9771742368},""fingers"":{""index"":{""has_data"":true,""last_update_ts"":1784118806.9386551,""mapped"":true},""middle"":{""has_data"":true,""last_update_ts"":1784118806.9386551,""mapped"":true},""pinky"":{""has_data"":true,""last_update_ts"":1784118806.9386551,""mapped"":true},""ring"":{""has_data"":true,""last_update_ts"":1784118806.9386551,""mapped"":true},""thumb"":{""has_data"":true,""last_update_ts"":1784118806.9386551,""mapped"":true}},""ports"":{""available"":[""BLE:Dexter""],""unavailable"":[]}}"
1784118806.997959,1784118806.997827,1400,ble,"{""index"":{""age_s"":0.009168148040771484,""channels"":3,""force"":[0.26967011105500127,-0.04246203033000295],""has_data"":true,""last_update_ts"":1784118806.988659,""raw"":[16818,17379,17175]},""middle"":{""age_s"":0.009168148040771484,""channels"":3,""force"":[-0.4710814774222811,-0.2553272412000007],""has_data"":true,""last_update_ts"":1784118806.988659,""raw"":[16203,15223,16173]},""pinky"":{""age_s"":0.009168148040771484,""channels"":3,""force"":[-1.0368599457141414,-0.7318455815700018],""has_data"":true,""last_update_ts"":1784118806.988659,""raw"":[17447,15290,17687]},""ring"":{""age_s"":0.009168148040771484,""channels"":3,""force"":[0.27303497875087146,0.26198795183999746],""has_data"":true,""last_update_ts"":1784118806.988659,""raw"":[15804,16372,15616]},""thumb"":{""age_s"":0.009168148040771484,""channels"":3,""force"":[0.0,-2.220446049250313e-16],""has_data"":true,""last_update_ts"":1784118806.988659,""raw"":[0,0,0]}}","{""ble"":{""connection_state"":""connected"",""counter"":997892,""finger_order"":""DexterController.Visualizer"",""last_error"":null,""last_sample_age_s"":0.009188694995827973,""reconnect_count"":0,""sample_hz"":20.0,""sample_sequence"":1399,""timestamp_us"":9771798752},""fingers"":{""index"":{""has_data"":true,""last_update_ts"":1784118806.988659,""mapped"":true},""middle"":{""has_data"":true,""last_update_ts"":1784118806.988659,""mapped"":true},""pinky"":{""has_data"":true,""last_update_ts"":1784118806.988659,""mapped"":true},""ring"":{""has_data"":true,""last_update_ts"":1784118806.988659,""mapped"":true},""thumb"":{""has_data"":true,""last_update_ts"":1784118806.988659,""mapped"":true}},""ports"":{""available"":[""BLE:Dexter""],""unavailable"":[]}}"
1784118807.047941,1784118807.0478237,1401,ble,"{""index"":{""age_s"":0.009164571762084961,""channels"":3,""force"":[0.16391712632754718,-0.178451539230001],""has_data"":true,""last_update_ts"":1784118807.038659,""raw"":[16824,17165,17316]},""middle"":{""age_s"":0.009164571762084961,""channels"":3,""force"":[-0.504730154381015,0.21258768125999872],""has_data"":true,""last_update_ts"":1784118807.038659,""raw"":[16507,15457,15599]},""pinky"":{""age_s"":0.009164571762084961,""channels"":3,""force"":[-1.0248425610860217,-0.7454445324600014],""has_data"":true,""last_update_ts"":1784118807.038659,""raw"":[17420,15288,17697]},""ring"":{""age_s"":0.009164571762084961,""channels"":3,""force"":[0.27303497875087146,0.24700135289999814],""has_data"":true,""last_update_ts"":1784118807.038659,""raw"":[15798,16366,15637]},""thumb"":{""age_s"":0.009164571762084961,""channels"":3,""force"":[0.0,-2.220446049250313e-16],""has_data"":true,""last_update_ts"":1784118807.038659,""raw"":[0,0,0]}}","{""ble"":{""connection_state"":""connected"",""counter"":997897,""finger_order"":""DexterController.Visualizer"",""last_error"":null,""last_sample_age_s"":0.009184818001813255,""reconnect_count"":0,""sample_hz"":20.0,""sample_sequence"":1400,""timestamp_us"":9771845760},""fingers"":{""index"":{""has_data"":true,""last_update_ts"":1784118807.038659,""mapped"":true},""middle"":{""has_data"":true,""last_update_ts"":1784118807.038659,""mapped"":true},""pinky"":{""has_data"":true,""last_update_ts"":1784118807.038659,""mapped"":true},""ring"":{""has_data"":true,""last_update_ts"":1784118807.038659,""mapped"":true},""thumb"":{""has_data"":true,""last_update_ts"":1784118807.038659,""mapped"":true}},""ports"":{""available"":[""BLE:Dexter""],""unavailable"":[]}}"
1784118807.0979524,1784118807.0978248,1402,ble,"{""index"":{""age_s"":0.009165287017822266,""channels"":3,""force"":[0.09517768625470602,-0.28252514298000264],""has_data"":true,""last_update_ts"":1784118807.0886595,""raw"":[16821,17019,17429]},""middle"":{""age_s"":0.009165287017822266,""channels"":3,""force"":[-0.5008845913000162,0.34469177561999764],""has_data"":true,""last_update_ts"":1784118807.0886595,""raw"":[16588,15546,15446]},""pinky"":{""age_s"":0.009165287017822266,""channels"":3,""force"":[-1.0200356072347745,-0.7476647693400018],""has_data"":true,""last_update_ts"":1784118807.0886595,""raw"":[17416,15294,17702]},""ring"":{""age_s"":0.009165287017822266,""channels"":3,""force"":[0.27639984644674875,0.259490185349998],""has_data"":true,""last_update_ts"":1784118807.0886595,""raw"":[15803,16378,15623]},""thumb"":{""age_s"":0.009165287017822266,""channels"":3,""force"":[0.0,-2.220446049250313e-16],""has_data"":true,""last_update_ts"":1784118807.0886595,""raw"":[0,0,0]}}","{""ble"":{""connection_state"":""connected"",""counter"":997902,""finger_order"":""DexterController.Visualizer"",""last_error"":null,""last_sample_age_s"":0.00918646100035403,""reconnect_count"":0,""sample_hz"":20.0,""sample_sequence"":1401,""timestamp_us"":9771892800},""fingers"":{""index"":{""has_data"":true,""last_update_ts"":1784118807.0886595,""mapped"":true},""middle"":{""has_data"":true,""last_update_ts"":1784118807.0886595,""mapped"":true},""pinky"":{""has_data"":true,""last_update_ts"":1784118807.0886595,""mapped"":true},""ring"":{""has_data"":true,""last_update_ts"":1784118807.0886595,""mapped"":true},""thumb"":{""has_data"":true,""last_update_ts"":1784118807.0886595,""mapped"":true}},""ports"":{""available"":[""BLE:Dexter""],""unavailable"":[]}}"
1784118807.1479313,1784118807.147823,1403,ble,"{""index"":{""age_s"":0.009165048599243164,""channels"":3,""force"":[0.08652516932245824,-0.3335905912200019],""has_data"":true,""last_update_ts"":1784118807.138658,""raw"":[16799,16979,17490]},""middle"":{""age_s"":0.009165048599243164,""channels"":3,""force"":[-0.47492704050327994,0.35745813767999746],""has_data"":true,""last_update_ts"":1784118807.138658,""raw"":[16572,15584,15434]},""pinky"":{""age_s"":0.009165048599243164,""channels"":3,""force"":[-1.0195549118496476,-0.7412815883100006],""has_data"":true,""last_update_ts"":1784118807.138658,""raw"":[17419,15298,17694]},""ring"":{""age_s"":0.009165048599243164,""channels"":3,""force"":[0.276399846446747,0.25171935626999975],""has_data"":true,""last_update_ts"":1784118807.138658,""raw"":[15798,16373,15632]},""thumb"":{""age_s"":0.009165048599243164,""channels"":3,""force"":[0.0,-2.220446049250313e-16],""has_data"":true,""last_update_ts"":1784118807.138658,""raw"":[0,0,0]}}","{""ble"":{""connection_state"":""connected"",""counter"":997907,""finger_order"":""DexterController.Visualizer"",""last_error"":null,""last_sample_age_s"":0.009185649003484286,""reconnect_count"":0,""sample_hz"":20.0,""sample_sequence"":1402,""timestamp_us"":9771939776},""fingers"":{""index"":{""has_data"":true,""last_update_ts"":1784118807.138658,""mapped"":true},""middle"":{""has_data"":true,""last_update_ts"":1784118807.138658,""mapped"":true},""pinky"":{""has_data"":true,""last_update_ts"":1784118807.138658,""mapped"":true},""ring"":{""has_data"":true,""last_update_ts"":1784118807.138658,""mapped"":true},""thumb"":{""has_data"":true,""last_update_ts"":1784118807.138658,""mapped"":true}},""ports"":{""available"":[""BLE:Dexter""],""unavailable"":[]}}"
1784118807.197949,1784118807.197824,1404,ble,"{""index"":{""age_s"":0.00916600227355957,""channels"":3,""force"":[0.1129634155043231,-0.3738323846700027],""has_data"":true,""last_update_ts"":1784118807.188658,""raw"":[16733,16968,17524]},""middle"":{""age_s"":0.00916600227355957,""channels"":3,""force"":[-0.4292609789164281,0.37105708856999886],""has_data"":true,""last_update_ts"":1784118807.188658,""raw"":[16537,15644,15422]},""pinky"":{""age_s"":0.00916600227355957,""channels"":3,""force"":[-1.0234004749306465,-0.7446119436300025],""has_data"":true,""last_update_ts"":1784118807.188658,""raw"":[17423,15294,17700]},""ring"":{""age_s"":0.00916600227355957,""channels"":3,""force"":[0.27495776029137176,0.2525519450999969],""has_data"":true,""last_update_ts"":1784118807.188658,""raw"":[15798,16370,15629]},""thumb"":{""age_s"":0.00916600227355957,""channels"":3,""force"":[0.0,-2.220446049250313e-16],""has_data"":true,""last_update_ts"":1784118807.188658,""raw"":[0,0,0]}}","{""ble"":{""connection_state"":""connected"",""counter"":997913,""finger_order"":""DexterController.Visualizer"",""last_error"":null,""last_sample_age_s"":0.009186059993226081,""reconnect_count"":0,""sample_hz"":20.0,""sample_sequence"":1403,""timestamp_us"":9771996160},""fingers"":{""index"":{""has_data"":true,""last_update_ts"":1784118807.188658,""mapped"":true},""middle"":{""has_data"":true,""last_update_ts"":1784118807.188658,""mapped"":true},""pinky"":{""has_data"":true,""last_update_ts"":1784118807.188658,""mapped"":true},""ring"":{""has_data"":true,""last_update_ts"":1784118807.188658,""mapped"":true},""thumb"":{""has_data"":true,""last_update_ts"":1784118807.188658,""mapped"":true}},""ports"":{""available"":[""BLE:Dexter""],""unavailable"":[]}}"
1784118807.2479513,1784118807.2478235,1405,ble,"{""index"":{""age_s"":0.009165287017822266,""channels"":3,""force"":[0.11344411088944639,-0.3791054472600015],""has_data"":true,""last_update_ts"":1784118807.2386582,""raw"":[16732,16968,17533]},""middle"":{""age_s"":0.009165287017822266,""channels"":3,""force"":[-0.4234926342949308,0.36883685168999847],""has_data"":true,""last_update_ts"":1784118807.2386582,""raw"":[16525,15644,15420]},""pinky"":{""age_s"":0.009165287017822266,""channels"":3,""force"":[-1.0214776933901462,-0.7468321805100029],""has_data"":true,""last_update_ts"":1784118807.2386582,""raw"":[17415,15290,17698]},""ring"":{""age_s"":0.009165287017822266,""channels"":3,""force"":[0.27255428336574994,0.25227441548999874],""has_data"":true,""last_update_ts"":1784118807.2386582,""raw"":[15803,16370,15632]},""thumb"":{""age_s"":0.009165287017822266,""channels"":3,""force"":[0.0,-2.220446049250313e-16],""has_data"":true,""last_update_ts"":1784118807.2386582,""raw"":[0,0,0]}}","{""ble"":{""connection_state"":""connected"",""counter"":997918,""finger_order"":""DexterController.Visualizer"",""last_error"":null,""last_sample_age_s"":0.009186020004563034,""reconnect_count"":0,""sample_hz"":20.0,""sample_sequence"":1404,""timestamp_us"":9772043168},""fingers"":{""index"":{""has_data"":true,""last_update_ts"":1784118807.2386582,""mapped"":true},""middle"":{""has_data"":true,""last_update_ts"":1784118807.2386582,""mapped"":true},""pinky"":{""has_data"":true,""last_update_ts"":1784118807.2386582,""mapped"":true},""ring"":{""has_data"":true,""last_update_ts"":1784118807.2386582,""mapped"":true},""thumb"":{""has_data"":true,""last_update_ts"":1784118807.2386582,""mapped"":true}},""ports"":{""available"":[""BLE:Dexter""],""unavailable"":[]}}"
1784118807.2979193,1784118807.297802,1406,ble,"{""index"":{""age_s"":0.009146451950073242,""channels"":3,""force"":[0.10719507088282398,-0.3532951935300037],""has_data"":true,""last_update_ts"":1784118807.2886555,""raw"":[16756,16979,17504]},""middle"":{""age_s"":0.009146451950073242,""channels"":3,""force"":[-0.439355582004044,0.37966050647999694],""has_data"":true,""last_update_ts"":1784118807.2886555,""raw"":[16551,15637,15410]},""pinky"":{""age_s"":0.009146451950073242,""channels"":3,""force"":[-0.9902324933570377,-0.7299028743000004],""has_data"":true,""last_update_ts"":1784118807.2886555,""raw"":[17409,15349,17694]},""ring"":{""age_s"":0.009146451950073242,""channels"":3,""force"":[0.28409097260874105,0.26393065910999614],""has_data"":true,""last_update_ts"":1784118807.2886555,""raw"":[15792,16383,15612]},""thumb"":{""age_s"":0.009146451950073242,""channels"":3,""force"":[0.0,-2.220446049250313e-16],""has_data"":true,""last_update_ts"":1784118807.2886555,""raw"":[0,0,0]}}","{""ble"":{""connection_state"":""connected"",""counter"":997923,""finger_order"":""DexterController.Visualizer"",""last_error"":null,""last_sample_age_s"":0.009167052994598635,""reconnect_count"":0,""sample_hz"":20.0,""sample_sequence"":1405,""timestamp_us"":9772090080},""fingers"":{""index"":{""has_data"":true,""last_update_ts"":1784118807.2886555,""mapped"":true},""middle"":{""has_data"":true,""last_update_ts"":1784118807.2886555,""mapped"":true},""pinky"":{""has_data"":true,""last_update_ts"":1784118807.2886555,""mapped"":true},""ring"":{""has_data"":true,""last_update_ts"":1784118807.2886555,""mapped"":true},""thumb"":{""has_data"":true,""last_update_ts"":1784118807.2886555,""mapped"":true}},""ports"":{""available"":[""BLE:Dexter""],""unavailable"":[]}}"
1784118807.3479223,1784118807.3478022,1407,ble,"{""index"":{""age_s"":0.009147167205810547,""channels"":3,""force"":[0.11152132934894965,-0.31083316320000254],""has_data"":true,""last_update_ts"":1784118807.338655,""raw"":[16777,17009,17453]},""middle"":{""age_s"":0.009147167205810547,""channels"":3,""force"":[-0.45762200663878794,0.36855932207999853],""has_data"":true,""last_update_ts"":1784118807.338655,""raw"":[16566,15614,15426]},""pinky"":{""age_s"":0.009147167205810547,""channels"":3,""force"":[-1.0253232564711467,-0.7451670028500015],""has_data"":true,""last_update_ts"":1784118807.338655,""raw"":[17421,15288,17697]},""ring"":{""age_s"":0.009147167205810547,""channels"":3,""force"":[0.2735156741359983,0.2550497115899981],""has_data"":true,""last_update_ts"":1784118807.338655,""raw"":[15800,16369,15625]},""thumb"":{""age_s"":0.009147167205810547,""channels"":3,""force"":[0.0,-2.220446049250313e-16],""has_data"":true,""last_update_ts"":1784118807.338655,""raw"":[0,0,0]}}","{""ble"":{""connection_state"":""connected"",""counter"":997929,""finger_order"":""DexterController.Visualizer"",""last_error"":null,""last_sample_age_s"":0.009165488998405635,""reconnect_count"":0,""sample_hz"":20.0,""sample_sequence"":1406,""timestamp_us"":9772146336},""fingers"":{""index"":{""has_data"":true,""last_update_ts"":1784118807.338655,""mapped"":true},""middle"":{""has_data"":true,""last_update_ts"":1784118807.338655,""mapped"":true},""pinky"":{""has_data"":true,""last_update_ts"":1784118807.338655,""mapped"":true},""ring"":{""has_data"":true,""last_update_ts"":1784118807.338655,""mapped"":true},""thumb"":{""has_data"":true,""last_update_ts"":1784118807.338655,""mapped"":true}},""ports"":{""available"":[""BLE:Dexter""],""unavailable"":[]}}"
1784118807.397918,1784118807.3978016,1408,ble,"{""index"":{""age_s"":0.009146928787231445,""channels"":3,""force"":[0.10767576626794906,-0.28474537986000215],""has_data"":true,""last_update_ts"":1784118807.3886547,""raw"":[16808,17032,17433]},""middle"":{""age_s"":0.009146928787231445,""channels"":3,""force"":[-0.4749270405032764,0.3557929600199987],""has_data"":true,""last_update_ts"":1784118807.3886547,""raw"":[16579,15591,15444]},""pinky"":{""age_s"":0.009146928787231445,""channels"":3,""force"":[-1.0209969980050229,-0.7465546509000003],""has_data"":true,""last_update_ts"":1784118807.3886547,""raw"":[17412,15288,17695]},""ring"":{""age_s"":0.009146928787231445,""channels"":3,""force"":[0.27543845567649505,0.25615983002999876],""has_data"":true,""last_update_ts"":1784118807.3886547,""raw"":[15797,16370,15622]},""thumb"":{""age_s"":0.009146928787231445,""channels"":3,""force"":[0.0,-2.220446049250313e-16],""has_data"":true,""last_update_ts"":1784118807.3886547,""raw"":[0,0,0]}}","{""ble"":{""connection_state"":""connected"",""counter"":997934,""finger_order"":""DexterController.Visualizer"",""last_error"":null,""last_sample_age_s"":0.009164076996967196,""reconnect_count"":0,""sample_hz"":20.0,""sample_sequence"":1407,""timestamp_us"":9772193408},""fingers"":{""index"":{""has_data"":true,""last_update_ts"":1784118807.3886547,""mapped"":true},""middle"":{""has_data"":true,""last_update_ts"":1784118807.3886547,""mapped"":true},""pinky"":{""has_data"":true,""last_update_ts"":1784118807.3886547,""mapped"":true},""ring"":{""has_data"":true,""last_update_ts"":1784118807.3886547,""mapped"":true},""thumb"":{""has_data"":true,""last_update_ts"":1784118807.3886547,""mapped"":true}},""ports"":{""available"":[""BLE:Dexter""],""unavailable"":[]}}"
1784118807.4479194,1784118807.4478023,1409,ble,"{""index"":{""age_s"":0.009150028228759766,""channels"":3,""force"":[0.1105599385786995,-0.2719790178000041],""has_data"":true,""last_update_ts"":1784118807.4386523,""raw"":[16808,17038,17413]},""middle"":{""age_s"":0.009150028228759766,""channels"":3,""force"":[-0.4826181666652758,0.34413671639999777],""has_data"":true,""last_update_ts"":1784118807.4386523,""raw"":[16584,15580,15462]},""pinky"":{""age_s"":0.009150028228759766,""channels"":3,""force"":[-1.0258039518562718,-0.7421141771400022],""has_data"":true,""last_update_ts"":1784118807.4386523,""raw"":[17428,15294,17698]},""ring"":{""age_s"":0.009150028228759766,""channels"":3,""force"":[0.2715928925954998,0.2572699484699976],""has_data"":true,""last_update_ts"":1784118807.4386523,""raw"":[15803,16368,15622]},""thumb"":{""age_s"":0.009150028228759766,""channels"":3,""force"":[0.0,-2.220446049250313e-16],""has_data"":true,""last_update_ts"":1784118807.4386523,""raw"":[0,0,0]}}","{""ble"":{""connection_state"":""connected"",""counter"":997939,""finger_order"":""DexterController.Visualizer"",""last_error"":null,""last_sample_age_s"":0.009170548990368843,""reconnect_count"":0,""sample_hz"":20.0,""sample_sequence"":1408,""timestamp_us"":9772240448},""fingers"":{""index"":{""has_data"":true,""last_update_ts"":1784118807.4386523,""mapped"":true},""middle"":{""has_data"":true,""last_update_ts"":1784118807.4386523,""mapped"":true},""pinky"":{""has_data"":true,""last_update_ts"":1784118807.4386523,""mapped"":true},""ring"":{""has_data"":true,""last_update_ts"":1784118807.4386523,""mapped"":true},""thumb"":{""has_data"":true,""last_update_ts"":1784118807.4386523,""mapped"":true}},""ports"":{""available"":[""BLE:Dexter""],""unavailable"":[]}}"
1784118807.4979186,1784118807.4978032,1410,ble,"{""index"":{""age_s"":0.00914454460144043,""channels"":3,""force"":[0.11488619704482161,-0.25615983003000053],""has_data"":true,""last_update_ts"":1784118807.4886587,""raw"":[16818,17057,17399]},""middle"":{""age_s"":0.00914454460144043,""channels"":3,""force"":[-0.49223207436777017,0.3569030784599976],""has_data"":true,""last_update_ts"":1784118807.4886587,""raw"":[16604,15580,15449]},""pinky"":{""age_s"":0.00914454460144043,""channels"":3,""force"":[-1.0277267333967703,-0.7432242955800001],""has_data"":true,""last_update_ts"":1784118807.4886587,""raw"":[17424,15286,17694]},""ring"":{""age_s"":0.00914454460144043,""channels"":3,""force"":[0.27688054183187205,0.25088676743999905],""has_data"":true,""last_update_ts"":1784118807.4886587,""raw"":[15794,16370,15630]},""thumb"":{""age_s"":0.00914454460144043,""channels"":3,""force"":[0.0,-2.220446049250313e-16],""has_data"":true,""last_update_ts"":1784118807.4886587,""raw"":[0,0,0]}}","{""ble"":{""connection_state"":""connected"",""counter"":997945,""finger_order"":""DexterController.Visualizer"",""last_error"":null,""last_sample_age_s"":0.009164466988295317,""reconnect_count"":0,""sample_hz"":20.0,""sample_sequence"":1409,""timestamp_us"":9772296896},""fingers"":{""index"":{""has_data"":true,""last_update_ts"":1784118807.4886587,""mapped"":true},""middle"":{""has_data"":true,""last_update_ts"":1784118807.4886587,""mapped"":true},""pinky"":{""has_data"":true,""last_update_ts"":1784118807.4886587,""mapped"":true},""ring"":{""has_data"":true,""last_update_ts"":1784118807.4886587,""mapped"":true},""thumb"":{""has_data"":true,""last_update_ts"":1784118807.4886587,""mapped"":true}},""ports"":{""available"":[""BLE:Dexter""],""unavailable"":[]}}"
1784118807.5479202,1784118807.5478024,1411,ble,"{""index"":{""age_s"":0.009143352508544922,""channels"":3,""force"":[0.10719507088282576,-0.24949911939000113],""has_data"":true,""last_update_ts"":1784118807.538659,""raw"":[16828,17051,17389]},""middle"":{""age_s"":0.009143352508544922,""channels"":3,""force"":[-0.5061722405363884,0.354405311969999],""has_data"":true,""last_update_ts"":1784118807.538659,""raw"":[16619,15566,15454]},""pinky"":{""age_s"":0.009143352508544922,""channels"":3,""force"":[-1.0229197795455214,-0.7443344140200008],""has_data"":true,""last_update_ts"":1784118807.538659,""raw"":[17419,15291,17696]},""ring"":{""age_s"":0.009143352508544922,""channels"":3,""force"":[0.2788033233723688,0.2592126557399972],""has_data"":true,""last_update_ts"":1784118807.538659,""raw"":[15799,16379,15622]},""thumb"":{""age_s"":0.009143352508544922,""channels"":3,""force"":[0.0,-2.220446049250313e-16],""has_data"":true,""last_update_ts"":1784118807.538659,""raw"":[0,0,0]}}","{""ble"":{""connection_state"":""connected"",""counter"":997950,""finger_order"":""DexterController.Visualizer"",""last_error"":null,""last_sample_age_s"":0.009163074995740317,""reconnect_count"":0,""sample_hz"":20.0,""sample_sequence"":1410,""timestamp_us"":9772343968},""fingers"":{""index"":{""has_data"":true,""last_update_ts"":1784118807.538659,""mapped"":true},""middle"":{""has_data"":true,""last_update_ts"":1784118807.538659,""mapped"":true},""pinky"":{""has_data"":true,""last_update_ts"":1784118807.538659,""mapped"":true},""ring"":{""has_data"":true,""last_update_ts"":1784118807.538659,""mapped"":true},""thumb"":{""has_data"":true,""last_update_ts"":1784118807.538659,""mapped"":true}},""ports"":{""available"":[""BLE:Dexter""],""unavailable"":[]}}"
1784118807.5978985,1784118807.5978,1412,ble,"{""index"":{""age_s"":0.0091400146484375,""channels"":3,""force"":[0.12353871397706762,-0.23673275733000043],""has_data"":true,""last_update_ts"":1784118807.58866,""raw"":[16822,17079,17377]},""middle"":{""age_s"":0.0091400146484375,""channels"":3,""force"":[-0.5028073728405129,0.3757750919399978],""has_data"":true,""last_update_ts"":1784118807.58866,""raw"":[16633,15587,15433]},""pinky"":{""age_s"":0.0091400146484375,""channels"":3,""force"":[-1.0243618657009002,-0.7451670028500006],""has_data"":true,""last_update_ts"":1784118807.58866,""raw"":[17425,15294,17702]},""ring"":{""age_s"":0.0091400146484375,""channels"":3,""force"":[0.27495776029137,0.25976771495999973],""has_data"":true,""last_update_ts"":1784118807.58866,""raw"":[15805,16377,15623]},""thumb"":{""age_s"":0.0091400146484375,""channels"":3,""force"":[0.0,-2.220446049250313e-16],""has_data"":true,""last_update_ts"":1784118807.58866,""raw"":[0,0,0]}}","{""ble"":{""connection_state"":""connected"",""counter"":997955,""finger_order"":""DexterController.Visualizer"",""last_error"":null,""last_sample_age_s"":0.009155299005215056,""reconnect_count"":0,""sample_hz"":20.0,""sample_sequence"":1411,""timestamp_us"":9772390944},""fingers"":{""index"":{""has_data"":true,""last_update_ts"":1784118807.58866,""mapped"":true},""middle"":{""has_data"":true,""last_update_ts"":1784118807.58866,""mapped"":true},""pinky"":{""has_data"":true,""last_update_ts"":1784118807.58866,""mapped"":true},""ring"":{""has_data"":true,""last_update_ts"":1784118807.58866,""mapped"":true},""thumb"":{""has_data"":true,""last_update_ts"":1784118807.58866,""mapped"":true}},""ports"":{""available"":[""BLE:Dexter""],""unavailable"":[]}}"
1784118807.6479135,1784118807.647806,1413,ble,"{""index"":{""age_s"":0.009130239486694336,""channels"":3,""force"":[0.12113523705144402,-0.23701028694000215],""has_data"":true,""last_update_ts"":1784118807.6386757,""raw"":[16828,17080,17381]},""middle"":{""age_s"":0.009130239486694336,""channels"":3,""force"":[-0.5297263144075028,0.36411884831999775],""has_data"":true,""last_update_ts"":1784118807.6386757,""raw"":[16658,15556,15451]},""pinky"":{""age_s"":0.009130239486694336,""channels"":3,""force"":[-1.021477693390148,-0.7418366475300031],""has_data"":true,""last_update_ts"":1784118807.6386757,""raw"":[17419,15294,17693]},""ring"":{""age_s"":0.009130239486694336,""channels"":3,""force"":[0.2864944495343664,0.2603227741800005],""has_data"":true,""last_update_ts"":1784118807.6386757,""raw"":[15797,16393,15626]},""thumb"":{""age_s"":0.009130239486694336,""channels"":3,""force"":[0.0,-2.220446049250313e-16],""has_data"":true,""last_update_ts"":1784118807.6386757,""raw"":[0,0,0]}}","{""ble"":{""connection_state"":""connected"",""counter"":997961,""finger_order"":""DexterController.Visualizer"",""last_error"":null,""last_sample_age_s"":0.009146522002993152,""reconnect_count"":0,""sample_hz"":20.0,""sample_sequence"":1412,""timestamp_us"":9772447360},""fingers"":{""index"":{""has_data"":true,""last_update_ts"":1784118807.6386757,""mapped"":true},""middle"":{""has_data"":true,""last_update_ts"":1784118807.6386757,""mapped"":true},""pinky"":{""has_data"":true,""last_update_ts"":1784118807.6386757,""mapped"":true},""ring"":{""has_data"":true,""last_update_ts"":1784118807.6386757,""mapped"":true},""thumb"":{""has_data"":true,""last_update_ts"":1784118807.6386757,""mapped"":true}},""ports"":{""available"":[""BLE:Dexter""],""unavailable"":[]}}"
1784118807.69794,1784118807.6978054,1414,ble,"{""index"":{""age_s"":0.009145975112915039,""channels"":3,""force"":[0.11632828320019506,-0.23645522772000227],""has_data"":true,""last_update_ts"":1784118807.6886594,""raw"":[16837,17079,17384]},""middle"":{""age_s"":0.009145975112915039,""channels"":3,""force"":[-0.522035188245507,0.3546828415799972],""has_data"":true,""last_update_ts"":1784118807.6886594,""raw"":[16642,15556,15460]},""pinky"":{""age_s"":0.009145975112915039,""channels"":3,""force"":[-1.0258039518562718,-0.7448894732399998],""has_data"":true,""last_update_ts"":1784118807.6886594,""raw"":[17421,15287,17696]},""ring"":{""age_s"":0.009145975112915039,""channels"":3,""force"":[0.27688054183187205,0.25366206353999843],""has_data"":true,""last_update_ts"":1784118807.6886594,""raw"":[15794,16370,15625]},""thumb"":{""age_s"":0.009145975112915039,""channels"":3,""force"":[0.0,-2.220446049250313e-16],""has_data"":true,""last_update_ts"":1784118807.6886594,""raw"":[0,0,0]}}","{""ble"":{""connection_state"":""connected"",""counter"":997966,""finger_order"":""DexterController.Visualizer"",""last_error"":null,""last_sample_age_s"":0.009171682002488524,""reconnect_count"":0,""sample_hz"":20.0,""sample_sequence"":1413,""timestamp_us"":9772494400},""fingers"":{""index"":{""has_data"":true,""last_update_ts"":1784118807.6886594,""mapped"":true},""middle"":{""has_data"":true,""last_update_ts"":1784118807.6886594,""mapped"":true},""pinky"":{""has_data"":true,""last_update_ts"":1784118807.6886594,""mapped"":true},""ring"":{""has_data"":true,""last_update_ts"":1784118807.6886594,""mapped"":true},""thumb"":{""has_data"":true,""last_update_ts"":1784118807.6886594,""mapped"":true}},""ports"":{""available"":[""BLE:Dexter""],""unavailable"":[]}}"
1784118807.7479224,1784118807.747802,1415,ble,"{""index"":{""age_s"":0.009142875671386719,""channels"":3,""force"":[0.11584758781507354,-0.2328473427900013],""has_data"":true,""last_update_ts"":1784118807.7386591,""raw"":[16843,17084,17383]},""middle"":{""age_s"":0.009142875671386719,""channels"":3,""force"":[-0.5234772744008804,0.3532951935299993],""has_data"":true,""last_update_ts"":1784118807.7386591,""raw"":[16648,15559,15467]},""pinky"":{""age_s"":0.009142875671386719,""channels"":3,""force"":[-1.0229197795455232,-0.7454445324600032],""has_data"":true,""last_update_ts"":1784118807.7386591,""raw"":[17422,15294,17701]},""ring"":{""age_s"":0.009142875671386719,""channels"":3,""force"":[0.27303497875087146,0.2564373596399969],""has_data"":true,""last_update_ts"":1784118807.7386591,""raw"":[15806,16374,15628]},""thumb"":{""age_s"":0.009142875671386719,""channels"":3,""force"":[0.0,-2.220446049250313e-16],""has_data"":true,""last_update_ts"":1784118807.7386591,""raw"":[0,0,0]}}","{""ble"":{""connection_state"":""connected"",""counter"":997971,""finger_order"":""DexterController.Visualizer"",""last_error"":null,""last_sample_age_s"":0.00916201299696695,""reconnect_count"":0,""sample_hz"":20.0,""sample_sequence"":1414,""timestamp_us"":9772541344},""fingers"":{""index"":{""has_data"":true,""last_update_ts"":1784118807.7386591,""mapped"":true},""middle"":{""has_data"":true,""last_update_ts"":1784118807.7386591,""mapped"":true},""pinky"":{""has_data"":true,""last_update_ts"":1784118807.7386591,""mapped"":true},""ring"":{""has_data"":true,""last_update_ts"":1784118807.7386591,""mapped"":true},""thumb"":{""has_data"":true,""last_update_ts"":1784118807.7386591,""mapped"":true}},""ports"":{""available"":[""BLE:Dexter""],""unavailable"":[]}}"
1784118807.7979398,1784118807.7978048,1416,ble,"{""index"":{""age_s"":0.009145736694335938,""channels"":3,""force"":[0.12017384628119565,-0.23256981317999958],""has_data"":true,""last_update_ts"":1784118807.788659,""raw"":[16834,17084,17378]},""middle"":{""age_s"":0.009145736694335938,""channels"":3,""force"":[-0.5249193605562539,0.3369209465399985],""has_data"":true,""last_update_ts"":1784118807.788659,""raw"":[16638,15546,15485]},""pinky"":{""age_s"":0.009145736694335938,""channels"":3,""force"":[-1.0248425610860217,-0.7459995916800013],""has_data"":true,""last_update_ts"":1784118807.788659,""raw"":[17422,15290,17700]},""ring"":{""age_s"":0.009145736694335938,""channels"":3,""force"":[0.27495776029137176,0.2542171227599983],""has_data"":true,""last_update_ts"":1784118807.788659,""raw"":[15801,16373,15629]},""thumb"":{""age_s"":0.009145736694335938,""channels"":3,""force"":[0.0,-2.220446049250313e-16],""has_data"":true,""last_update_ts"":1784118807.788659,""raw"":[0,0,0]}}","{""ble"":{""connection_state"":""connected"",""counter"":997977,""finger_order"":""DexterController.Visualizer"",""last_error"":null,""last_sample_age_s"":0.009171210986096412,""reconnect_count"":0,""sample_hz"":20.0,""sample_sequence"":1415,""timestamp_us"":9772597824},""fingers"":{""index"":{""has_data"":true,""last_update_ts"":1784118807.788659,""mapped"":true},""middle"":{""has_data"":true,""last_update_ts"":1784118807.788659,""mapped"":true},""pinky"":{""has_data"":true,""last_update_ts"":1784118807.788659,""mapped"":true},""ring"":{""has_data"":true,""last_update_ts"":1784118807.788659,""mapped"":true},""thumb"":{""has_data"":true,""last_update_ts"":1784118807.788659,""mapped"":true}},""ports"":{""available"":[""BLE:Dexter""],""unavailable"":[]}}"
1784118807.8479266,1784118807.8478029,1417,ble,"{""index"":{""age_s"":0.009144306182861328,""channels"":3,""force"":[0.10431089857207532,-0.23617769811000322],""has_data"":true,""last_update_ts"":1784118807.8386586,""raw"":[16849,17066,17383]},""middle"":{""age_s"":0.009144306182861328,""channels"":3,""force"":[-0.5374174405694987,0.31860399227999814],""has_data"":true,""last_update_ts"":1784118807.8386586,""raw"":[16641,15523,15508]},""pinky"":{""age_s"":0.009144306182861328,""channels"":3,""force"":[-1.0258039518562718,-0.7415591179200005],""has_data"":true,""last_update_ts"":1784118807.8386586,""raw"":[17421,15287,17690]},""ring"":{""age_s"":0.009144306182861328,""channels"":3,""force"":[0.2864944495343664,0.2630980702799972],""has_data"":true,""last_update_ts"":1784118807.8386586,""raw"":[15799,16395,15623]},""thumb"":{""age_s"":0.009144306182861328,""channels"":3,""force"":[0.0,-2.220446049250313e-16],""has_data"":true,""last_update_ts"":1784118807.8386586,""raw"":[0,0,0]}}","{""ble"":{""connection_state"":""connected"",""counter"":997982,""finger_order"":""DexterController.Visualizer"",""last_error"":null,""last_sample_age_s"":0.009167142998194322,""reconnect_count"":0,""sample_hz"":20.0,""sample_sequence"":1416,""timestamp_us"":9772644768},""fingers"":{""index"":{""has_data"":true,""last_update_ts"":1784118807.8386586,""mapped"":true},""middle"":{""has_data"":true,""last_update_ts"":1784118807.8386586,""mapped"":true},""pinky"":{""has_data"":true,""last_update_ts"":1784118807.8386586,""mapped"":true},""ring"":{""has_data"":true,""last_update_ts"":1784118807.8386586,""mapped"":true},""thumb"":{""has_data"":true,""last_update_ts"":1784118807.8386586,""mapped"":true}},""ports"":{""available"":[""BLE:Dexter""],""unavailable"":[]}}"
1784118807.8979204,1784118807.8978028,1418,ble,"{""index"":{""age_s"":0.009143829345703125,""channels"":3,""force"":[0.10623368011257561,-0.23118216513000078],""has_data"":true,""last_update_ts"":1784118807.888659,""raw"":[16858,17079,17385]},""middle"":{""age_s"":0.009143829345703125,""channels"":3,""force"":[-0.542705089805871,0.31721634422999845],""has_data"":true,""last_update_ts"":1784118807.888659,""raw"":[16643,15514,15507]},""pinky"":{""age_s"":0.009143829345703125,""channels"":3,""force"":[-1.0229197795455214,-0.7426692363600029],""has_data"":true,""last_update_ts"":1784118807.888659,""raw"":[17419,15291,17693]},""ring"":{""age_s"":0.009143829345703125,""channels"":3,""force"":[0.27543845567649683,0.25171935626999886],""has_data"":true,""last_update_ts"":1784118807.888659,""raw"":[15799,16372,15632]},""thumb"":{""age_s"":0.009143829345703125,""channels"":3,""force"":[0.0,-2.220446049250313e-16],""has_data"":true,""last_update_ts"":1784118807.888659,""raw"":[0,0,0]}}","{""ble"":{""connection_state"":""connected"",""counter"":997987,""finger_order"":""DexterController.Visualizer"",""last_error"":null,""last_sample_age_s"":0.00916493900876958,""reconnect_count"":0,""sample_hz"":20.0,""sample_sequence"":1417,""timestamp_us"":9772691680},""fingers"":{""index"":{""has_data"":true,""last_update_ts"":1784118807.888659,""mapped"":true},""middle"":{""has_data"":true,""last_update_ts"":1784118807.888659,""mapped"":true},""pinky"":{""has_data"":true,""last_update_ts"":1784118807.888659,""mapped"":true},""ring"":{""has_data"":true,""last_update_ts"":1784118807.888659,""mapped"":true},""thumb"":{""has_data"":true,""last_update_ts"":1784118807.888659,""mapped"":true}},""ports"":{""available"":[""BLE:Dexter""],""unavailable"":[]}}"
1784118807.9479291,1784118807.9478056,1419,ble,"{""index"":{""age_s"":0.009145259857177734,""channels"":3,""force"":[0.12594219090269299,-0.2037067337400016],""has_data"":true,""last_update_ts"":1784118807.9386604,""raw"":[16830,17092,17328]},""middle"":{""age_s"":0.009145259857177734,""channels"":3,""force"":[-0.5436664805761211,0.4088011155299984],""has_data"":true,""last_update_ts"":1784118807.9386604,""raw"":[16579,15448,15277]},""pinky"":{""age_s"":0.009145259857177734,""channels"":3,""force"":[1.129634155043222,0.2753093731199989],""has_data"":true,""last_update_ts"":1784118807.9386604,""raw"":[16743,19093,17422]},""ring"":{""age_s"":0.009145259857177734,""channels"":3,""force"":[0.32783425265509614,0.704925209399998],""has_data"":true,""last_update_ts"":1784118807.9386604,""raw"":[15738,16420,14809]},""thumb"":{""age_s"":0.009145259857177734,""channels"":3,""force"":[0.0,-2.220446049250313e-16],""has_data"":true,""last_update_ts"":1784118807.9386604,""raw"":[0,0,0]}}","{""ble"":{""connection_state"":""connected"",""counter"":997993,""finger_order"":""DexterController.Visualizer"",""last_error"":null,""last_sample_age_s"":0.009166651987470686,""reconnect_count"":0,""sample_hz"":20.0,""sample_sequence"":1418,""timestamp_us"":9772748416},""fingers"":{""index"":{""has_data"":true,""last_update_ts"":1784118807.9386604,""mapped"":true},""middle"":{""has_data"":true,""last_update_ts"":1784118807.9386604,""mapped"":true},""pinky"":{""has_data"":true,""last_update_ts"":1784118807.9386604,""mapped"":true},""ring"":{""has_data"":true,""last_update_ts"":1784118807.9386604,""mapped"":true},""thumb"":{""has_data"":true,""last_update_ts"":1784118807.9386604,""mapped"":true}},""ports"":{""available"":[""BLE:Dexter""],""unavailable"":[]}}"
1784118807.9979668,1784118807.9978337,1420,ble,"{""index"":{""age_s"":0.009175777435302734,""channels"":3,""force"":[0.10575298472744876,-0.23090463552000262],""has_data"":true,""last_update_ts"":1784118807.988658,""raw"":[16853,17073,17379]},""middle"":{""age_s"":0.009175777435302734,""channels"":3,""force"":[-0.5422243944207477,0.30972304475999923],""has_data"":true,""last_update_ts"":1784118807.988658,""raw"":[16644,15516,15522]},""pinky"":{""age_s"":0.009175777435302734,""channels"":3,""force"":[-1.0238811703157733,-0.7382287626000013],""has_data"":true,""last_update_ts"":1784118807.988658,""raw"":[17421,15291,17686]},""ring"":{""age_s"":0.009175777435302734,""channels"":3,""force"":[0.2932241849261157,0.2630980702799981],""has_data"":true,""last_update_ts"":1784118807.988658,""raw"":[15791,16401,15622]},""thumb"":{""age_s"":0.009175777435302734,""channels"":3,""force"":[0.0,-2.220446049250313e-16],""has_data"":true,""last_update_ts"":1784118807.988658,""raw"":[0,0,0]}}","{""ble"":{""connection_state"":""connected"",""counter"":997998,""finger_order"":""DexterController.Visualizer"",""last_error"":null,""last_sample_age_s"":0.009201020002365112,""reconnect_count"":0,""sample_hz"":20.0,""sample_sequence"":1419,""timestamp_us"":9772795392},""fingers"":{""index"":{""has_data"":true,""last_update_ts"":1784118807.988658,""mapped"":true},""middle"":{""has_data"":true,""last_update_ts"":1784118807.988658,""mapped"":true},""pinky"":{""has_data"":true,""last_update_ts"":1784118807.988658,""mapped"":true},""ring"":{""has_data"":true,""last_update_ts"":1784118807.988658,""mapped"":true},""thumb"":{""has_data"":true,""last_update_ts"":1784118807.988658,""mapped"":true}},""ports"":{""available"":[""BLE:Dexter""],""unavailable"":[]}}"
1784118808.0479498,1784118808.0478299,1421,ble,"{""index"":{""age_s"":0.009169340133666992,""channels"":3,""force"":[0.11344411088944995,-0.2209135695600022],""has_data"":true,""last_update_ts"":1784118808.0386605,""raw"":[16864,17100,17380]},""middle"":{""age_s"":0.009169340133666992,""channels"":3,""force"":[-0.5335718774884999,0.32248940681999816],""has_data"":true,""last_update_ts"":1784118808.0386605,""raw"":[16641,15531,15505]},""pinky"":{""age_s"":0.009169340133666992,""channels"":3,""force"":[-1.0243618657008966,-0.7418366475300004],""has_data"":true,""last_update_ts"":1784118808.0386605,""raw"":[17424,15293,17695]},""ring"":{""age_s"":0.009169340133666992,""channels"":3,""force"":[0.2783226279872473,0.25393959314999925],""has_data"":true,""last_update_ts"":1784118808.0386605,""raw"":[15794,16373,15626]},""thumb"":{""age_s"":0.009169340133666992,""channels"":3,""force"":[0.0,-2.220446049250313e-16],""has_data"":true,""last_update_ts"":1784118808.0386605,""raw"":[0,0,0]}}","{""ble"":{""connection_state"":""connected"",""counter"":998003,""finger_order"":""DexterController.Visualizer"",""last_error"":null,""last_sample_age_s"":0.009189636999508366,""reconnect_count"":0,""sample_hz"":20.0,""sample_sequence"":1420,""timestamp_us"":9772842336},""fingers"":{""index"":{""has_data"":true,""last_update_ts"":1784118808.0386605,""mapped"":true},""middle"":{""has_data"":true,""last_update_ts"":1784118808.0386605,""mapped"":true},""pinky"":{""has_data"":true,""last_update_ts"":1784118808.0386605,""mapped"":true},""ring"":{""has_data"":true,""last_update_ts"":1784118808.0386605,""mapped"":true},""thumb"":{""has_data"":true,""last_update_ts"":1784118808.0386605,""mapped"":true}},""ports"":{""available"":[""BLE:Dexter""],""unavailable"":[]}}"
1784118808.0979674,1784118808.09783,1422,ble,"{""index"":{""age_s"":0.009179353713989258,""channels"":3,""force"":[0.1115213293489461,-0.21980345112000066],""has_data"":true,""last_update_ts"":1784118808.0886507,""raw"":[16866,17098,17378]},""middle"":{""age_s"":0.009179353713989258,""channels"":3,""force"":[-0.5364560497992503,0.31638375539999686],""has_data"":true,""last_update_ts"":1784118808.0886507,""raw"":[16643,15527,15515]},""pinky"":{""age_s"":0.009179353713989258,""channels"":3,""force"":[-1.0248425610860217,-0.7448894732399998],""has_data"":true,""last_update_ts"":1784118808.0886507,""raw"":[17427,15295,17703]},""ring"":{""age_s"":0.009179353713989258,""channels"":3,""force"":[0.2754384556764986,0.2539395931499975],""has_data"":true,""last_update_ts"":1784118808.0886507,""raw"":[15800,16373,15629]},""thumb"":{""age_s"":0.009179353713989258,""channels"":3,""force"":[0.0,-2.220446049250313e-16],""has_data"":true,""last_update_ts"":1784118808.0886507,""raw"":[0,0,0]}}","{""ble"":{""connection_state"":""connected"",""counter"":998009,""finger_order"":""DexterController.Visualizer"",""last_error"":null,""last_sample_age_s"":0.009204807007336058,""reconnect_count"":0,""sample_hz"":20.0,""sample_sequence"":1421,""timestamp_us"":9772898752},""fingers"":{""index"":{""has_data"":true,""last_update_ts"":1784118808.0886507,""mapped"":true},""middle"":{""has_data"":true,""last_update_ts"":1784118808.0886507,""mapped"":true},""pinky"":{""has_data"":true,""last_update_ts"":1784118808.0886507,""mapped"":true},""ring"":{""has_data"":true,""last_update_ts"":1784118808.0886507,""mapped"":true},""thumb"":{""has_data"":true,""last_update_ts"":1784118808.0886507,""mapped"":true}},""ports"":{""available"":[""BLE:Dexter""],""unavailable"":[]}}"
1784118808.1480215,1784118808.1478786,1423,ble,"{""index"":{""age_s"":0.009227752685546875,""channels"":3,""force"":[0.10046533549108005,-0.2134202700900012],""has_data"":true,""last_update_ts"":1784118808.138651,""raw"":[16879,17088,17368]},""middle"":{""age_s"":0.009227752685546875,""channels"":3,""force"":[-0.5441471759612444,0.3136084592999975],""has_data"":true,""last_update_ts"":1784118808.138651,""raw"":[16650,15518,15519]},""pinky"":{""age_s"":0.009227752685546875,""channels"":3,""force"":[-1.0258039518562718,-0.7482198285600026],""has_data"":true,""last_update_ts"":1784118808.138651,""raw"":[17424,15290,17705]},""ring"":{""age_s"":0.009227752685546875,""channels"":3,""force"":[0.27303497875087146,0.25421712276000097],""has_data"":true,""last_update_ts"":1784118808.138651,""raw"":[15805,16373,15631]},""thumb"":{""age_s"":0.009227752685546875,""channels"":3,""force"":[0.0,-2.220446049250313e-16],""has_data"":true,""last_update_ts"":1784118808.138651,""raw"":[0,0,0]}}","{""ble"":{""connection_state"":""connected"",""counter"":998014,""finger_order"":""DexterController.Visualizer"",""last_error"":null,""last_sample_age_s"":0.009252692005247809,""reconnect_count"":0,""sample_hz"":20.0,""sample_sequence"":1422,""timestamp_us"":9772945760},""fingers"":{""index"":{""has_data"":true,""last_update_ts"":1784118808.138651,""mapped"":true},""middle"":{""has_data"":true,""last_update_ts"":1784118808.138651,""mapped"":true},""pinky"":{""has_data"":true,""last_update_ts"":1784118808.138651,""mapped"":true},""ring"":{""has_data"":true,""last_update_ts"":1784118808.138651,""mapped"":true},""thumb"":{""has_data"":true,""last_update_ts"":1784118808.138651,""mapped"":true}},""ports"":{""available"":[""BLE:Dexter""],""unavailable"":[]}}"
1784118808.1980765,1784118808.1978793,1424,ble,"{""index"":{""age_s"":0.009207010269165039,""channels"":3,""force"":[0.09661977241008124,-0.21730568463000033],""has_data"":true,""last_update_ts"":1784118808.1886723,""raw"":[16883,17084,17375]},""middle"":{""age_s"":0.009207010269165039,""channels"":3,""force"":[-0.5489541298124916,0.30306233411999894],""has_data"":true,""last_update_ts"":1784118808.1886723,""raw"":[16645,15503,15528]},""pinky"":{""age_s"":0.009207010269165039,""channels"":3,""force"":[-1.0238811703157698,-0.7476647693400018],""has_data"":true,""last_update_ts"":1784118808.1886723,""raw"":[17418,15288,17700]},""ring"":{""age_s"":0.009207010269165039,""channels"":3,""force"":[0.27591915106161835,0.2569924188599986],""has_data"":true,""last_update_ts"":1784118808.1886723,""raw"":[15801,16375,15625]},""thumb"":{""age_s"":0.009207010269165039,""channels"":3,""force"":[0.0,-2.220446049250313e-16],""has_data"":true,""last_update_ts"":1784118808.1886723,""raw"":[0,0,0]}}","{""ble"":{""connection_state"":""connected"",""counter"":998019,""finger_order"":""DexterController.Visualizer"",""last_error"":null,""last_sample_age_s"":0.009238704005838372,""reconnect_count"":0,""sample_hz"":20.0,""sample_sequence"":1423,""timestamp_us"":9772992800},""fingers"":{""index"":{""has_data"":true,""last_update_ts"":1784118808.1886723,""mapped"":true},""middle"":{""has_data"":true,""last_update_ts"":1784118808.1886723,""mapped"":true},""pinky"":{""has_data"":true,""last_update_ts"":1784118808.1886723,""mapped"":true},""ring"":{""has_data"":true,""last_update_ts"":1784118808.1886723,""mapped"":true},""thumb"":{""has_data"":true,""last_update_ts"":1784118808.1886723,""mapped"":true}},""ports"":{""available"":[""BLE:Dexter""],""unavailable"":[]}}"
1784118808.247927,1784118808.2478046,1425,ble,"{""index"":{""age_s"":0.009111881256103516,""channels"":3,""force"":[0.1086371570381992,-0.22202368800000194],""has_data"":true,""last_update_ts"":1784118808.2386928,""raw"":[16866,17092,17379]},""middle"":{""age_s"":0.009111881256103516,""channels"":3,""force"":[-0.5378981359546238,0.30667021904999725],""has_data"":true,""last_update_ts"":1784118808.2386928,""raw"":[16643,15524,15531]},""pinky"":{""age_s"":0.009111881256103516,""channels"":3,""force"":[-1.0243618657008966,-0.7457220620700005],""has_data"":true,""last_update_ts"":1784118808.2386928,""raw"":[17416,15285,17694]},""ring"":{""age_s"":0.009111881256103516,""channels"":3,""force"":[0.27495776029137,0.2569924188599968],""has_data"":true,""last_update_ts"":1784118808.2386928,""raw"":[15799,16371,15622]},""thumb"":{""age_s"":0.009111881256103516,""channels"":3,""force"":[0.0,-2.220446049250313e-16],""has_data"":true,""last_update_ts"":1784118808.2386928,""raw"":[0,0,0]}}","{""ble"":{""connection_state"":""connected"",""counter"":998024,""finger_order"":""DexterController.Visualizer"",""last_error"":null,""last_sample_age_s"":0.009137052998994477,""reconnect_count"":0,""sample_hz"":20.0,""sample_sequence"":1424,""timestamp_us"":9773039776},""fingers"":{""index"":{""has_data"":true,""last_update_ts"":1784118808.2386928,""mapped"":true},""middle"":{""has_data"":true,""last_update_ts"":1784118808.2386928,""mapped"":true},""pinky"":{""has_data"":true,""last_update_ts"":1784118808.2386928,""mapped"":true},""ring"":{""has_data"":true,""last_update_ts"":1784118808.2386928,""mapped"":true},""thumb"":{""has_data"":true,""last_update_ts"":1784118808.2386928,""mapped"":true}},""ports"":{""available"":[""BLE:Dexter""],""unavailable"":[]}}"
1784118808.2979639,1784118808.2978177,1426,ble,"{""index"":{""age_s"":0.009160757064819336,""channels"":3,""force"":[0.1110406339638228,-0.2073146186699999],""has_data"":true,""last_update_ts"":1784118808.288657,""raw"":[16874,17105,17363]},""middle"":{""age_s"":0.009160757064819336,""channels"":3,""force"":[-0.543185785190996,0.315273636959998],""has_data"":true,""last_update_ts"":1784118808.288657,""raw"":[16654,15524,15521]},""pinky"":{""age_s"":0.009160757064819336,""channels"":3,""force"":[-1.0205163026198978,-0.7423917067500012],""has_data"":true,""last_update_ts"":1784118808.288657,""raw"":[17419,15296,17695]},""ring"":{""age_s"":0.009160757064819336,""channels"":3,""force"":[0.27495776029137176,0.2581025372999983],""has_data"":true,""last_update_ts"":1784118808.288657,""raw"":[15802,16374,15623]},""thumb"":{""age_s"":0.009160757064819336,""channels"":3,""force"":[0.0,-2.220446049250313e-16],""has_data"":true,""last_update_ts"":1784118808.288657,""raw"":[0,0,0]}}","{""ble"":{""connection_state"":""connected"",""counter"":998030,""finger_order"":""DexterController.Visualizer"",""last_error"":null,""last_sample_age_s"":0.009193093996145763,""reconnect_count"":0,""sample_hz"":20.0,""sample_sequence"":1425,""timestamp_us"":9773096320},""fingers"":{""index"":{""has_data"":true,""last_update_ts"":1784118808.288657,""mapped"":true},""middle"":{""has_data"":true,""last_update_ts"":1784118808.288657,""mapped"":true},""pinky"":{""has_data"":true,""last_update_ts"":1784118808.288657,""mapped"":true},""ring"":{""has_data"":true,""last_update_ts"":1784118808.288657,""mapped"":true},""thumb"":{""has_data"":true,""last_update_ts"":1784118808.288657,""mapped"":true}},""ports"":{""available"":[""BLE:Dexter""],""unavailable"":[]}}"
1784118808.347952,1784118808.3478312,1427,ble,"{""index"":{""age_s"":0.0091705322265625,""channels"":3,""force"":[0.11777036935557028,-0.21342027009000297],""has_data"":true,""last_update_ts"":1784118808.3386607,""raw"":[16865,17110,17372]},""middle"":{""age_s"":0.0091705322265625,""channels"":3,""force"":[-0.5403016128802474,0.33303553199999847],""has_data"":true,""last_update_ts"":1784118808.3386607,""raw"":[16662,15538,15500]},""pinky"":{""age_s"":0.0091705322265625,""channels"":3,""force"":[-1.0248425610860217,-0.7437793548000018],""has_data"":true,""last_update_ts"":1784118808.3386607,""raw"":[17424,15292,17698]},""ring"":{""age_s"":0.0091705322265625,""channels"":3,""force"":[0.2759191510616166,0.2531070043199968],""has_data"":true,""last_update_ts"":1784118808.3386607,""raw"":[15797,16371,15628]},""thumb"":{""age_s"":0.0091705322265625,""channels"":3,""force"":[0.0,-2.220446049250313e-16],""has_data"":true,""last_update_ts"":1784118808.3386607,""raw"":[0,0,0]}}","{""ble"":{""connection_state"":""connected"",""counter"":998035,""finger_order"":""DexterController.Visualizer"",""last_error"":null,""last_sample_age_s"":0.009196230006637052,""reconnect_count"":0,""sample_hz"":20.0,""sample_sequence"":1426,""timestamp_us"":9773143392},""fingers"":{""index"":{""has_data"":true,""last_update_ts"":1784118808.3386607,""mapped"":true},""middle"":{""has_data"":true,""last_update_ts"":1784118808.3386607,""mapped"":true},""pinky"":{""has_data"":true,""last_update_ts"":1784118808.3386607,""mapped"":true},""ring"":{""has_data"":true,""last_update_ts"":1784118808.3386607,""mapped"":true},""thumb"":{""has_data"":true,""last_update_ts"":1784118808.3386607,""mapped"":true}},""ports"":{""available"":[""BLE:Dexter""],""unavailable"":[]}}"
1784118808.3979506,1784118808.3978317,1428,ble,"{""index"":{""age_s"":0.009175300598144531,""channels"":3,""force"":[0.15670669555067818,-0.1859448387000011],""has_data"":true,""last_update_ts"":1784118808.3886564,""raw"":[16806,17132,17304]},""middle"":{""age_s"":0.009175300598144531,""channels"":3,""force"":[-0.5460699575017465,0.5156500153799985],""has_data"":true,""last_update_ts"":1784118808.3886564,""raw"":[16644,15508,15147]},""pinky"":{""age_s"":0.009175300598144531,""channels"":3,""force"":[1.3815185368486045,0.38854145399999673],""has_data"":true,""last_update_ts"":1784118808.3886564,""raw"":[16646,19520,17383]},""ring"":{""age_s"":0.009175300598144531,""channels"":3,""force"":[0.33216051112122,0.7457220620699987],""has_data"":true,""last_update_ts"":1784118808.3886564,""raw"":[15732,16423,14734]},""thumb"":{""age_s"":0.009175300598144531,""channels"":3,""force"":[0.0,-2.220446049250313e-16],""has_data"":true,""last_update_ts"":1784118808.3886564,""raw"":[0,0,0]}}","{""ble"":{""connection_state"":""connected"",""counter"":998040,""finger_order"":""DexterController.Visualizer"",""last_error"":null,""last_sample_age_s"":0.009200087995850481,""reconnect_count"":0,""sample_hz"":20.0,""sample_sequence"":1427,""timestamp_us"":9773190432},""fingers"":{""index"":{""has_data"":true,""last_update_ts"":1784118808.3886564,""mapped"":true},""middle"":{""has_data"":true,""last_update_ts"":1784118808.3886564,""mapped"":true},""pinky"":{""has_data"":true,""last_update_ts"":1784118808.3886564,""mapped"":true},""ring"":{""has_data"":true,""last_update_ts"":1784118808.3886564,""mapped"":true},""thumb"":{""has_data"":true,""last_update_ts"":1784118808.3886564,""mapped"":true}},""ports"":{""available"":[""BLE:Dexter""],""unavailable"":[]}}"
1784118808.4479296,1784118808.4478257,1429,ble,"{""index"":{""age_s"":0.009167671203613281,""channels"":3,""force"":[0.24803881872438716,-0.22479898410000043],""has_data"":true,""last_update_ts"":1784118808.438658,""raw"":[16695,17211,17358]},""middle"":{""age_s"":0.009167671203613281,""channels"":3,""force"":[-0.5254000559413772,0.7035375613500001],""has_data"":true,""last_update_ts"":1784118808.438658,""raw"":[16869,15776,15055]},""pinky"":{""age_s"":0.009167671203613281,""channels"":3,""force"":[-1.025323256471145,-0.7451670028500015],""has_data"":true,""last_update_ts"":1784118808.438658,""raw"":[17426,15293,17702]},""ring"":{""age_s"":0.009167671203613281,""channels"":3,""force"":[0.27399636952111805,0.2497766489999993],""has_data"":true,""last_update_ts"":1784118808.438658,""raw"":[15797,16367,15632]},""thumb"":{""age_s"":0.009167671203613281,""channels"":3,""force"":[0.0,-2.220446049250313e-16],""has_data"":true,""last_update_ts"":1784118808.438658,""raw"":[0,0,0]}}","{""ble"":{""connection_state"":""connected"",""counter"":998046,""finger_order"":""DexterController.Visualizer"",""last_error"":null,""last_sample_age_s"":0.009187713993014768,""reconnect_count"":0,""sample_hz"":20.0,""sample_sequence"":1428,""timestamp_us"":9773246848},""fingers"":{""index"":{""has_data"":true,""last_update_ts"":1784118808.438658,""mapped"":true},""middle"":{""has_data"":true,""last_update_ts"":1784118808.438658,""mapped"":true},""pinky"":{""has_data"":true,""last_update_ts"":1784118808.438658,""mapped"":true},""ring"":{""has_data"":true,""last_update_ts"":1784118808.438658,""mapped"":true},""thumb"":{""has_data"":true,""last_update_ts"":1784118808.438658,""mapped"":true}},""ports"":{""available"":[""BLE:Dexter""],""unavailable"":[]}}"
1784118808.4979513,1784118808.497831,1430,ble,"{""index"":{""age_s"":0.009172916412353516,""channels"":3,""force"":[0.3066836557096071,-0.1970460231000004],""has_data"":true,""last_update_ts"":1784118808.4886582,""raw"":[16656,17294,17330]},""middle"":{""age_s"":0.009172916412353516,""channels"":3,""force"":[-0.5883711513927246,1.1384264602199972],""has_data"":true,""last_update_ts"":1784118808.4886582,""raw"":[17190,15966,14527]},""pinky"":{""age_s"":0.009172916412353516,""channels"":3,""force"":[-1.0253232564711485,-0.7373961737700006],""has_data"":true,""last_update_ts"":1784118808.4886582,""raw"":[17425,15292,17687]},""ring"":{""age_s"":0.009172916412353516,""channels"":3,""force"":[0.27784193260211687,0.25754747807999845],""has_data"":true,""last_update_ts"":1784118808.4886582,""raw"":[15797,16375,15622]},""thumb"":{""age_s"":0.009172916412353516,""channels"":3,""force"":[0.0,-2.220446049250313e-16],""has_data"":true,""last_update_ts"":1784118808.4886582,""raw"":[0,0,0]}}","{""ble"":{""connection_state"":""connected"",""counter"":998051,""finger_order"":""DexterController.Visualizer"",""last_error"":null,""last_sample_age_s"":0.009198224011925049,""reconnect_count"":0,""sample_hz"":20.0,""sample_sequence"":1429,""timestamp_us"":9773293952},""fingers"":{""index"":{""has_data"":true,""last_update_ts"":1784118808.4886582,""mapped"":true},""middle"":{""has_data"":true,""last_update_ts"":1784118808.4886582,""mapped"":true},""pinky"":{""has_data"":true,""last_update_ts"":1784118808.4886582,""mapped"":true},""ring"":{""has_data"":true,""last_update_ts"":1784118808.4886582,""mapped"":true},""thumb"":{""has_data"":true,""last_update_ts"":1784118808.4886582,""mapped"":true}},""ports"":{""available"":[""BLE:Dexter""],""unavailable"":[]}}"
1784118808.5479646,1784118808.5478203,1431,ble,"{""index"":{""age_s"":0.009163141250610352,""channels"":3,""force"":[0.33600607420221706,-0.24505864563000213],""has_data"":true,""last_update_ts"":1784118808.5386572,""raw"":[16606,17305,17397]},""middle"":{""age_s"":0.009163141250610352,""channels"":3,""force"":[-0.6599947637763179,1.4378809094099987],""has_data"":true,""last_update_ts"":1784118808.5386572,""raw"":[17442,16069,14165]},""pinky"":{""age_s"":0.009163141250610352,""channels"":3,""force"":[-1.0209969980050229,-0.7471097101200019],""has_data"":true,""last_update_ts"":1784118808.5386572,""raw"":[17416,15292,17700]},""ring"":{""age_s"":0.009163141250610352,""channels"":3,""force"":[0.27495776029137176,0.25199688587999525],""has_data"":true,""last_update_ts"":1784118808.5386572,""raw"":[15795,16367,15627]},""thumb"":{""age_s"":0.009163141250610352,""channels"":3,""force"":[0.0,-2.220446049250313e-16],""has_data"":true,""last_update_ts"":1784118808.5386572,""raw"":[0,0,0]}}","{""ble"":{""connection_state"":""connected"",""counter"":998056,""finger_order"":""DexterController.Visualizer"",""last_error"":null,""last_sample_age_s"":0.009195368009386584,""reconnect_count"":0,""sample_hz"":20.0,""sample_sequence"":1430,""timestamp_us"":9773341088},""fingers"":{""index"":{""has_data"":true,""last_update_ts"":1784118808.5386572,""mapped"":true},""middle"":{""has_data"":true,""last_update_ts"":1784118808.5386572,""mapped"":true},""pinky"":{""has_data"":true,""last_update_ts"":1784118808.5386572,""mapped"":true},""ring"":{""has_data"":true,""last_update_ts"":1784118808.5386572,""mapped"":true},""thumb"":{""has_data"":true,""last_update_ts"":1784118808.5386572,""mapped"":true}},""ports"":{""available"":[""BLE:Dexter""],""unavailable"":[]}}"
1784118808.5979633,1784118808.5978289,1432,ble,"{""index"":{""age_s"":0.009171485900878906,""channels"":3,""force"":[0.3509076311410837,-0.34302659796000334],""has_data"":true,""last_update_ts"":1784118808.5886574,""raw"":[16533,17263,17516]},""middle"":{""age_s"":0.009171485900878906,""channels"":3,""force"":[-0.6297109545134578,1.7040318053999997],""has_data"":true,""last_update_ts"":1784118808.5886574,""raw"":[17576,16266,13851]},""pinky"":{""age_s"":0.009171485900878906,""channels"":3,""force"":[-1.0267653426265202,-0.7465546508999994],""has_data"":true,""last_update_ts"":1784118808.5886574,""raw"":[17422,15286,17699]},""ring"":{""age_s"":0.009171485900878906,""channels"":3,""force"":[0.2754384556764986,0.2556047708099989],""has_data"":true,""last_update_ts"":1784118808.5886574,""raw"":[15800,16373,15626]},""thumb"":{""age_s"":0.009171485900878906,""channels"":3,""force"":[0.0,-2.220446049250313e-16],""has_data"":true,""last_update_ts"":1784118808.5886574,""raw"":[0,0,0]}}","{""ble"":{""connection_state"":""connected"",""counter"":998062,""finger_order"":""DexterController.Visualizer"",""last_error"":null,""last_sample_age_s"":0.009196751008857973,""reconnect_count"":0,""sample_hz"":20.0,""sample_sequence"":1431,""timestamp_us"":9773397600},""fingers"":{""index"":{""has_data"":true,""last_update_ts"":1784118808.5886574,""mapped"":true},""middle"":{""has_data"":true,""last_update_ts"":1784118808.5886574,""mapped"":true},""pinky"":{""has_data"":true,""last_update_ts"":1784118808.5886574,""mapped"":true},""ring"":{""has_data"":true,""last_update_ts"":1784118808.5886574,""mapped"":true},""thumb"":{""has_data"":true,""last_update_ts"":1784118808.5886574,""mapped"":true}},""ports"":{""available"":[""BLE:Dexter""],""unavailable"":[]}}"
1784118808.647955,1784118808.6478307,1433,ble,"{""index"":{""age_s"":0.009173154830932617,""channels"":3,""force"":[0.3485041542154619,-0.4476552609300013],""has_data"":true,""last_update_ts"":1784118808.6386576,""raw"":[16471,17196,17640]},""middle"":{""age_s"":0.009173154830932617,""channels"":3,""force"":[-0.547992739042245,1.9438173884399976],""has_data"":true,""last_update_ts"":1784118808.6386576,""raw"":[17639,16499,13567]},""pinky"":{""age_s"":0.009173154830932617,""channels"":3,""force"":[-1.0234004749306465,-0.7457220620700022],""has_data"":true,""last_update_ts"":1784118808.6386576,""raw"":[17419,15290,17698]},""ring"":{""age_s"":0.009173154830932617,""channels"":3,""force"":[0.277841932602124,0.25366206353999665],""has_data"":true,""last_update_ts"":1784118808.6386576,""raw"":[15795,16373,15627]},""thumb"":{""age_s"":0.009173154830932617,""channels"":3,""force"":[0.0,-2.220446049250313e-16],""has_data"":true,""last_update_ts"":1784118808.6386576,""raw"":[0,0,0]}}","{""ble"":{""connection_state"":""connected"",""counter"":998067,""finger_order"":""DexterController.Visualizer"",""last_error"":null,""last_sample_age_s"":0.009199186999467202,""reconnect_count"":0,""sample_hz"":20.0,""sample_sequence"":1432,""timestamp_us"":9773444544},""fingers"":{""index"":{""has_data"":true,""last_update_ts"":1784118808.6386576,""mapped"":true},""middle"":{""has_data"":true,""last_update_ts"":1784118808.6386576,""mapped"":true},""pinky"":{""has_data"":true,""last_update_ts"":1784118808.6386576,""mapped"":true},""ring"":{""has_data"":true,""last_update_ts"":1784118808.6386576,""mapped"":true},""thumb"":{""has_data"":true,""last_update_ts"":1784118808.6386576,""mapped"":true}},""ports"":{""available"":[""BLE:Dexter""],""unavailable"":[]}}"
1784118808.697937,1784118808.697822,1434,ble,"{""index"":{""age_s"":0.009165048599243164,""channels"":3,""force"":[0.3436972003642129,-0.6857756663100041],""has_data"":true,""last_update_ts"":1784118808.688657,""raw"":[16326,17041,17919]},""middle"":{""age_s"":0.009165048599243164,""channels"":3,""force"":[-0.6287495637432059,2.349010619039997],""has_data"":true,""last_update_ts"":1784118808.688657,""raw"":[17999,16691,13113]},""pinky"":{""age_s"":0.009165048599243164,""channels"":3,""force"":[-1.021958388775273,-0.7437793548],""has_data"":true,""last_update_ts"":1784118808.688657,""raw"":[17422,15296,17699]},""ring"":{""age_s"":0.009165048599243164,""channels"":3,""force"":[0.2759191510616237,0.2564373596399969],""has_data"":true,""last_update_ts"":1784118808.688657,""raw"":[15803,16377,15628]},""thumb"":{""age_s"":0.009165048599243164,""channels"":3,""force"":[0.0,-2.220446049250313e-16],""has_data"":true,""last_update_ts"":1784118808.688657,""raw"":[0,0,0]}}","{""ble"":{""connection_state"":""connected"",""counter"":998072,""finger_order"":""DexterController.Visualizer"",""last_error"":null,""last_sample_age_s"":0.009184897993691266,""reconnect_count"":0,""sample_hz"":20.0,""sample_sequence"":1433,""timestamp_us"":9773491488},""fingers"":{""index"":{""has_data"":true,""last_update_ts"":1784118808.688657,""mapped"":true},""middle"":{""has_data"":true,""last_update_ts"":1784118808.688657,""mapped"":true},""pinky"":{""has_data"":true,""last_update_ts"":1784118808.688657,""mapped"":true},""ring"":{""has_data"":true,""last_update_ts"":1784118808.688657,""mapped"":true},""thumb"":{""has_data"":true,""last_update_ts"":1784118808.688657,""mapped"":true}},""ports"":{""available"":[""BLE:Dexter""],""unavailable"":[]}}"
1784118808.7479663,1784118808.7478325,1435,ble,"{""index"":{""age_s"":0.009174346923828125,""channels"":3,""force"":[0.3850370034849444,-1.1542456479900025],""has_data"":true,""last_update_ts"":1784118808.7386582,""raw"":[15952,16753,18432]},""middle"":{""age_s"":0.009174346923828125,""channels"":3,""force"":[-0.9017845424940791,3.0711426642599973],""has_data"":true,""last_update_ts"":1784118808.7386582,""raw"":[18789,16913,12318]},""pinky"":{""age_s"":0.009174346923828125,""channels"":3,""force"":[-0.8325644070361129,-0.6505294058400031],""has_data"":true,""last_update_ts"":1784118808.7386582,""raw"":[17363,15631,17669]},""ring"":{""age_s"":0.009174346923828125,""channels"":3,""force"":[0.2927434895409906,0.30833539670999865],""has_data"":true,""last_update_ts"":1784118808.7386582,""raw"":[15791,16400,15540]},""thumb"":{""age_s"":0.009174346923828125,""channels"":3,""force"":[0.0,-2.220446049250313e-16],""has_data"":true,""last_update_ts"":1784118808.7386582,""raw"":[0,0,0]}}","{""ble"":{""connection_state"":""connected"",""counter"":998078,""finger_order"":""DexterController.Visualizer"",""last_error"":null,""last_sample_age_s"":0.009199416992487386,""reconnect_count"":0,""sample_hz"":20.0,""sample_sequence"":1434,""timestamp_us"":9773548064},""fingers"":{""index"":{""has_data"":true,""last_update_ts"":1784118808.7386582,""mapped"":true},""middle"":{""has_data"":true,""last_update_ts"":1784118808.7386582,""mapped"":true},""pinky"":{""has_data"":true,""last_update_ts"":1784118808.7386582,""mapped"":true},""ring"":{""has_data"":true,""last_update_ts"":1784118808.7386582,""mapped"":true},""thumb"":{""has_data"":true,""last_update_ts"":1784118808.7386582,""mapped"":true}},""ports"":{""available"":[""BLE:Dexter""],""unavailable"":[]}}"
1784118808.798098,1784118808.797879,1436,ble,"{""index"":{""age_s"":0.009196281433105469,""channels"":3,""force"":[0.2648631572037523,-1.4428764423900002],""has_data"":true,""last_update_ts"":1784118808.7886827,""raw"":[15916,16467,18791]},""middle"":{""age_s"":0.009196281433105469,""channels"":3,""force"":[-1.1570337919953353,3.920105741249997],""has_data"":true,""last_update_ts"":1784118808.7886827,""raw"":[19596,17189,11330]},""pinky"":{""age_s"":0.009196281433105469,""channels"":3,""force"":[-1.0267653426265202,-0.7426692363600003],""has_data"":true,""last_update_ts"":1784118808.7886827,""raw"":[17422,15286,17692]},""ring"":{""age_s"":0.009196281433105469,""channels"":3,""force"":[0.2744770649062449,0.2533845339299958],""has_data"":true,""last_update_ts"":1784118808.7886827,""raw"":[15800,16371,15629]},""thumb"":{""age_s"":0.009196281433105469,""channels"":3,""force"":[0.0,-2.220446049250313e-16],""has_data"":true,""last_update_ts"":1784118808.7886827,""raw"":[0,0,0]}}","{""ble"":{""connection_state"":""connected"",""counter"":998083,""finger_order"":""DexterController.Visualizer"",""last_error"":null,""last_sample_age_s"":0.009232321011950262,""reconnect_count"":0,""sample_hz"":20.0,""sample_sequence"":1435,""timestamp_us"":9773595008},""fingers"":{""index"":{""has_data"":true,""last_update_ts"":1784118808.7886827,""mapped"":true},""middle"":{""has_data"":true,""last_update_ts"":1784118808.7886827,""mapped"":true},""pinky"":{""has_data"":true,""last_update_ts"":1784118808.7886827,""mapped"":true},""ring"":{""has_data"":true,""last_update_ts"":1784118808.7886827,""mapped"":true},""thumb"":{""has_data"":true,""last_update_ts"":1784118808.7886827,""mapped"":true}},""ports"":{""available"":[""BLE:Dexter""],""unavailable"":[]}}"
1784118808.8479204,1784118808.8478143,1437,ble,"{""index"":{""age_s"":0.009155035018920898,""channels"":3,""force"":[0.22208126792764737,-1.745661246900001],""has_data"":true,""last_update_ts"":1784118808.8386593,""raw"":[15811,16273,19187]},""middle"":{""age_s"":0.009155035018920898,""channels"":3,""force"":[-1.2906671090600224,4.536776534669998],""has_data"":true,""last_update_ts"":1784118808.8386593,""raw"":[20138,17453,10622]},""pinky"":{""age_s"":0.009155035018920898,""channels"":3,""force"":[-1.0219583887752748,-0.7426692363600003],""has_data"":true,""last_update_ts"":1784118808.8386593,""raw"":[17417,15291,17692]},""ring"":{""age_s"":0.009155035018920898,""channels"":3,""force"":[0.27303497875087146,0.25865759652],""has_data"":true,""last_update_ts"":1784118808.8386593,""raw"":[15805,16373,15623]},""thumb"":{""age_s"":0.009155035018920898,""channels"":3,""force"":[0.0,-2.220446049250313e-16],""has_data"":true,""last_update_ts"":1784118808.8386593,""raw"":[0,0,0]}}","{""ble"":{""connection_state"":""connected"",""counter"":998088,""finger_order"":""DexterController.Visualizer"",""last_error"":null,""last_sample_age_s"":0.009175348008284345,""reconnect_count"":0,""sample_hz"":20.0,""sample_sequence"":1436,""timestamp_us"":9773641888},""fingers"":{""index"":{""has_data"":true,""last_update_ts"":1784118808.8386593,""mapped"":true},""middle"":{""has_data"":true,""last_update_ts"":1784118808.8386593,""mapped"":true},""pinky"":{""has_data"":true,""last_update_ts"":1784118808.8386593,""mapped"":true},""ring"":{""has_data"":true,""last_update_ts"":1784118808.8386593,""mapped"":true},""thumb"":{""has_data"":true,""last_update_ts"":1784118808.8386593,""mapped"":true}},""ports"":{""available"":[""BLE:Dexter""],""unavailable"":[]}}"
1784118808.897961,1784118808.897826,1438,ble,"{""index"":{""age_s"":0.00916743278503418,""channels"":3,""force"":[0.2908207080004903,-2.226065001810001],""has_data"":true,""last_update_ts"":1784118808.8886585,""raw"":[15459,16064,19772]},""middle"":{""age_s"":0.00916743278503418,""channels"":3,""force"":[-1.3550802906667414,5.270009764289999],""has_data"":true,""last_update_ts"":1784118808.8886585,""raw"":[20709,17890,9805]},""pinky"":{""age_s"":0.00916743278503418,""channels"":3,""force"":[-1.02580395185627,-0.7432242955800001],""has_data"":true,""last_update_ts"":1784118808.8886585,""raw"":[17422,15288,17694]},""ring"":{""age_s"":0.00916743278503418,""channels"":3,""force"":[0.27928401875749387,0.25449465236999824],""has_data"":true,""last_update_ts"":1784118808.8886585,""raw"":[15797,16378,15629]},""thumb"":{""age_s"":0.00916743278503418,""channels"":3,""force"":[0.0,-2.220446049250313e-16],""has_data"":true,""last_update_ts"":1784118808.8886585,""raw"":[0,0,0]}}","{""ble"":{""connection_state"":""connected"",""counter"":998094,""finger_order"":""DexterController.Visualizer"",""last_error"":null,""last_sample_age_s"":0.009191962002660148,""reconnect_count"":0,""sample_hz"":20.0,""sample_sequence"":1437,""timestamp_us"":9773698368},""fingers"":{""index"":{""has_data"":true,""last_update_ts"":1784118808.8886585,""mapped"":true},""middle"":{""has_data"":true,""last_update_ts"":1784118808.8886585,""mapped"":true},""pinky"":{""has_data"":true,""last_update_ts"":1784118808.8886585,""mapped"":true},""ring"":{""has_data"":true,""last_update_ts"":1784118808.8886585,""mapped"":true},""thumb"":{""has_data"":true,""last_update_ts"":1784118808.8886585,""mapped"":true}},""ports"":{""available"":[""BLE:Dexter""],""unavailable"":[]}}"
1784118808.9479527,1784118808.9478197,1439,ble,"{""index"":{""age_s"":0.009160995483398438,""channels"":3,""force"":[0.3759037911675751,-2.2713023282400018],""has_data"":true,""last_update_ts"":1784118808.9386587,""raw"":[15351,16133,19834]},""middle"":{""age_s"":0.009160995483398438,""channels"":3,""force"":[-1.335852475261749,5.604155414729998],""has_data"":true,""last_update_ts"":1784118808.9386587,""raw"":[20918,18139,9432]},""pinky"":{""age_s"":0.009160995483398438,""channels"":3,""force"":[-1.0330143826331426,-0.7457220620700022],""has_data"":true,""last_update_ts"":1784118808.9386587,""raw"":[17433,15284,17702]},""ring"":{""age_s"":0.009160995483398438,""channels"":3,""force"":[0.2696701110549977,0.2517193562699971],""has_data"":true,""last_update_ts"":1784118808.9386587,""raw"":[15801,16362,15628]},""thumb"":{""age_s"":0.009160995483398438,""channels"":3,""force"":[0.0,-2.220446049250313e-16],""has_data"":true,""last_update_ts"":1784118808.9386587,""raw"":[0,0,0]}}","{""ble"":{""connection_state"":""connected"",""counter"":998099,""finger_order"":""DexterController.Visualizer"",""last_error"":null,""last_sample_age_s"":0.009181361005175859,""reconnect_count"":0,""sample_hz"":20.0,""sample_sequence"":1438,""timestamp_us"":9773745248},""fingers"":{""index"":{""has_data"":true,""last_update_ts"":1784118808.9386587,""mapped"":true},""middle"":{""has_data"":true,""last_update_ts"":1784118808.9386587,""mapped"":true},""pinky"":{""has_data"":true,""last_update_ts"":1784118808.9386587,""mapped"":true},""ring"":{""has_data"":true,""last_update_ts"":1784118808.9386587,""mapped"":true},""thumb"":{""has_data"":true,""last_update_ts"":1784118808.9386587,""mapped"":true}},""ports"":{""available"":[""BLE:Dexter""],""unavailable"":[]}}"
1784118808.997935,1784118808.9978065,1440,ble,"{""index"":{""age_s"":0.009145021438598633,""channels"":3,""force"":[0.3292763388104696,-2.2132986397500005],""has_data"":true,""last_update_ts"":1784118808.9886615,""raw"":[15443,16128,19773]},""middle"":{""age_s"":0.009145021438598633,""channels"":3,""force"":[-1.4536228446173194,5.675480524499998],""has_data"":true,""last_update_ts"":1784118808.9886615,""raw"":[21103,18079,9366]},""pinky"":{""age_s"":0.009145021438598633,""channels"":3,""force"":[-1.030130210322394,-0.7451670028500024],""has_data"":true,""last_update_ts"":1784118808.9886615,""raw"":[17426,15283,17697]},""ring"":{""age_s"":0.009145021438598633,""channels"":3,""force"":[0.2744770649062467,0.25449465236999824],""has_data"":true,""last_update_ts"":1784118808.9886615,""raw"":[15798,16369,15625]},""thumb"":{""age_s"":0.009145021438598633,""channels"":3,""force"":[0.0,-2.220446049250313e-16],""has_data"":true,""last_update_ts"":1784118808.9886615,""raw"":[0,0,0]}}","{""ble"":{""connection_state"":""connected"",""counter"":998104,""finger_order"":""DexterController.Visualizer"",""last_error"":null,""last_sample_age_s"":0.009165338997263461,""reconnect_count"":0,""sample_hz"":20.0,""sample_sequence"":1439,""timestamp_us"":9773792128},""fingers"":{""index"":{""has_data"":true,""last_update_ts"":1784118808.9886615,""mapped"":true},""middle"":{""has_data"":true,""last_update_ts"":1784118808.9886615,""mapped"":true},""pinky"":{""has_data"":true,""last_update_ts"":1784118808.9886615,""mapped"":true},""ring"":{""has_data"":true,""last_update_ts"":1784118808.9886615,""mapped"":true},""thumb"":{""has_data"":true,""last_update_ts"":1784118808.9886615,""mapped"":true}},""ports"":{""available"":[""BLE:Dexter""],""unavailable"":[]}}"
1784118809.047926,1784118809.047801,1441,ble,"{""index"":{""age_s"":0.009141683578491211,""channels"":3,""force"":[0.41628220351805467,-2.1197711611800027],""has_data"":true,""last_update_ts"":1784118809.0386593,""raw"":[15347,16213,19599]},""middle"":{""age_s"":0.009141683578491211,""channels"":3,""force"":[-1.4512193676916976,5.783994602009997],""has_data"":true,""last_update_ts"":1784118809.0386593,""raw"":[21059,18040,9129]},""pinky"":{""age_s"":0.009141683578491211,""channels"":3,""force"":[1.3228736998633828,0.3707795589599989],""has_data"":true,""last_update_ts"":1784118809.0386593,""raw"":[16687,19439,17395]},""ring"":{""age_s"":0.009141683578491211,""channels"":3,""force"":[0.34033233266834095,0.7371186441599988],""has_data"":true,""last_update_ts"":1784118809.0386593,""raw"":[15725,16433,14751]},""thumb"":{""age_s"":0.009141683578491211,""channels"":3,""force"":[0.0,-2.220446049250313e-16],""has_data"":true,""last_update_ts"":1784118809.0386593,""raw"":[0,0,0]}}","{""ble"":{""connection_state"":""connected"",""counter"":998110,""finger_order"":""DexterController.Visualizer"",""last_error"":null,""last_sample_age_s"":0.009160779998637736,""reconnect_count"":0,""sample_hz"":20.0,""sample_sequence"":1440,""timestamp_us"":9773848768},""fingers"":{""index"":{""has_data"":true,""last_update_ts"":1784118809.0386593,""mapped"":true},""middle"":{""has_data"":true,""last_update_ts"":1784118809.0386593,""mapped"":true},""pinky"":{""has_data"":true,""last_update_ts"":1784118809.0386593,""mapped"":true},""ring"":{""has_data"":true,""last_update_ts"":1784118809.0386593,""mapped"":true},""thumb"":{""has_data"":true,""last_update_ts"":1784118809.0386593,""mapped"":true}},""ports"":{""available"":[""BLE:Dexter""],""unavailable"":[]}}"
1784118809.09792,1784118809.0978036,1442,ble,"{""index"":{""age_s"":0.00914454460144043,""channels"":3,""force"":[0.4600254835644133,-1.940209503510002],""has_data"":true,""last_update_ts"":1784118809.088659,""raw"":[15416,16373,19390]},""middle"":{""age_s"":0.00914454460144043,""channels"":3,""force"":[-1.439201983063576,5.613868951079997],""has_data"":true,""last_update_ts"":1784118809.088659,""raw"":[21095,18101,9484]},""pinky"":{""age_s"":0.00914454460144043,""channels"":3,""force"":[-1.0277267333967703,-0.7448894732400015],""has_data"":true,""last_update_ts"":1784118809.088659,""raw"":[17427,15289,17700]},""ring"":{""age_s"":0.00914454460144043,""channels"":3,""force"":[0.2773612372169971,0.25449465236999913],""has_data"":true,""last_update_ts"":1784118809.088659,""raw"":[15796,16373,15626]},""thumb"":{""age_s"":0.00914454460144043,""channels"":3,""force"":[0.0,-2.220446049250313e-16],""has_data"":true,""last_update_ts"":1784118809.088659,""raw"":[0,0,0]}}","{""ble"":{""connection_state"":""connected"",""counter"":998115,""finger_order"":""DexterController.Visualizer"",""last_error"":null,""last_sample_age_s"":0.009163135007838719,""reconnect_count"":0,""sample_hz"":20.0,""sample_sequence"":1441,""timestamp_us"":9773895808},""fingers"":{""index"":{""has_data"":true,""last_update_ts"":1784118809.088659,""mapped"":true},""middle"":{""has_data"":true,""last_update_ts"":1784118809.088659,""mapped"":true},""pinky"":{""has_data"":true,""last_update_ts"":1784118809.088659,""mapped"":true},""ring"":{""has_data"":true,""last_update_ts"":1784118809.088659,""mapped"":true},""thumb"":{""has_data"":true,""last_update_ts"":1784118809.088659,""mapped"":true}},""ports"":{""available"":[""BLE:Dexter""],""unavailable"":[]}}"
1784118809.1479206,1784118809.1478045,1443,ble,"{""index"":{""age_s"":0.009145736694335938,""channels"":3,""force"":[0.5124212805430091,-1.7684186749200013],""has_data"":true,""last_update_ts"":1784118809.1386588,""raw"":[15460,16526,19179]},""middle"":{""age_s"":0.009145736694335938,""channels"":3,""force"":[-1.3901710537808523,5.430699408479998],""has_data"":true,""last_update_ts"":1784118809.1386588,""raw"":[20925,18033,9695]},""pinky"":{""age_s"":0.009145736694335938,""channels"":3,""force"":[-1.0234004749306482,-0.7446119436300034],""has_data"":true,""last_update_ts"":1784118809.1386588,""raw"":[17424,15295,17701]},""ring"":{""age_s"":0.009145736694335938,""channels"":3,""force"":[0.2735156741359983,0.2556047708099962],""has_data"":true,""last_update_ts"":1784118809.1386588,""raw"":[15796,16365,15620]},""thumb"":{""age_s"":0.009145736694335938,""channels"":3,""force"":[0.0,-2.220446049250313e-16],""has_data"":true,""last_update_ts"":1784118809.1386588,""raw"":[0,0,0]}}","{""ble"":{""connection_state"":""connected"",""counter"":998120,""finger_order"":""DexterController.Visualizer"",""last_error"":null,""last_sample_age_s"":0.009166150994133204,""reconnect_count"":0,""sample_hz"":20.0,""sample_sequence"":1442,""timestamp_us"":9773942816},""fingers"":{""index"":{""has_data"":true,""last_update_ts"":1784118809.1386588,""mapped"":true},""middle"":{""has_data"":true,""last_update_ts"":1784118809.1386588,""mapped"":true},""pinky"":{""has_data"":true,""last_update_ts"":1784118809.1386588,""mapped"":true},""ring"":{""has_data"":true,""last_update_ts"":1784118809.1386588,""mapped"":true},""thumb"":{""has_data"":true,""last_update_ts"":1784118809.1386588,""mapped"":true}},""ports"":{""available"":[""BLE:Dexter""],""unavailable"":[]}}"
1784118809.1979184,1784118809.1978033,1444,ble,"{""index"":{""age_s"":0.009143829345703125,""channels"":3,""force"":[0.5104984990025141,-1.6984812132000018],""has_data"":true,""last_update_ts"":1784118809.1886594,""raw"":[15500,16562,19091]},""middle"":{""age_s"":0.009143829345703125,""channels"":3,""force"":[-1.2824952875129032,5.157610272239998],""has_data"":true,""last_update_ts"":1784118809.1886594,""raw"":[20631,17963,10005]},""pinky"":{""age_s"":0.009143829345703125,""channels"":3,""force"":[-1.0200356072347763,-0.7454445324599996],""has_data"":true,""last_update_ts"":1784118809.1886594,""raw"":[17417,15295,17699]},""ring"":{""age_s"":0.009143829345703125,""channels"":3,""force"":[0.2759191510616166,0.25366206353999665],""has_data"":true,""last_update_ts"":1784118809.1886594,""raw"":[15797,16371,15627]},""thumb"":{""age_s"":0.009143829345703125,""channels"":3,""force"":[0.0,-2.220446049250313e-16],""has_data"":true,""last_update_ts"":1784118809.1886594,""raw"":[0,0,0]}}","{""ble"":{""connection_state"":""connected"",""counter"":998125,""finger_order"":""DexterController.Visualizer"",""last_error"":null,""last_sample_age_s"":0.009163905997411348,""reconnect_count"":0,""sample_hz"":20.0,""sample_sequence"":1443,""timestamp_us"":9773989792},""fingers"":{""index"":{""has_data"":true,""last_update_ts"":1784118809.1886594,""mapped"":true},""middle"":{""has_data"":true,""last_update_ts"":1784118809.1886594,""mapped"":true},""pinky"":{""has_data"":true,""last_update_ts"":1784118809.1886594,""mapped"":true},""ring"":{""has_data"":true,""last_update_ts"":1784118809.1886594,""mapped"":true},""thumb"":{""has_data"":true,""last_update_ts"":1784118809.1886594,""mapped"":true}},""ports"":{""available"":[""BLE:Dexter""],""unavailable"":[]}}"
1784118809.2479088,1784118809.2478015,1445,ble,"{""index"":{""age_s"":0.009144306182861328,""channels"":3,""force"":[0.4936741605231454,-1.5067082526900029],""has_data"":true,""last_update_ts"":1784118809.2386572,""raw"":[15631,16658,18859]},""middle"":{""age_s"":0.009144306182861328,""channels"":3,""force"":[-1.073873490368749,4.701906652619998],""has_data"":true,""last_update_ts"":1784118809.2386572,""raw"":[20121,17887,10533]},""pinky"":{""age_s"":0.009144306182861328,""channels"":3,""force"":[-1.0238811703157733,-0.7432242955800001],""has_data"":true,""last_update_ts"":1784118809.2386572,""raw"":[17420,15290,17694]},""ring"":{""age_s"":0.009144306182861328,""channels"":3,""force"":[0.27255428336574994,0.25671488924999597],""has_data"":true,""last_update_ts"":1784118809.2386572,""raw"":[15803,16370,15624]},""thumb"":{""age_s"":0.009144306182861328,""channels"":3,""force"":[0.0,-2.220446049250313e-16],""has_data"":true,""last_update_ts"":1784118809.2386572,""raw"":[0,0,0]}}","{""ble"":{""connection_state"":""connected"",""counter"":998131,""finger_order"":""DexterController.Visualizer"",""last_error"":null,""last_sample_age_s"":0.009162052010651678,""reconnect_count"":0,""sample_hz"":20.0,""sample_sequence"":1444,""timestamp_us"":9774046304},""fingers"":{""index"":{""has_data"":true,""last_update_ts"":1784118809.2386572,""mapped"":true},""middle"":{""has_data"":true,""last_update_ts"":1784118809.2386572,""mapped"":true},""pinky"":{""has_data"":true,""last_update_ts"":1784118809.2386572,""mapped"":true},""ring"":{""has_data"":true,""last_update_ts"":1784118809.2386572,""mapped"":true},""thumb"":{""has_data"":true,""last_update_ts"":1784118809.2386572,""mapped"":true}},""ports"":{""available"":[""BLE:Dexter""],""unavailable"":[]}}"
1784118809.2979312,1784118809.297816,1446,ble,"{""index"":{""age_s"":0.009159088134765625,""channels"":3,""force"":[0.4364714096932971,-1.0979071371600035],""has_data"":true,""last_update_ts"":1784118809.288657,""raw"":[15935,16843,18367]},""middle"":{""age_s"":0.009159088134765625,""channels"":3,""force"":[-0.8729428193865925,4.0286198187599975],""has_data"":true,""last_update_ts"":1784118809.288657,""raw"":[19462,17646,11296]},""pinky"":{""age_s"":0.009159088134765625,""channels"":3,""force"":[-1.0277267333967686,-0.7443344140200017],""has_data"":true,""last_update_ts"":1784118809.288657,""raw"":[17426,15288,17698]},""ring"":{""age_s"":0.009159088134765625,""channels"":3,""force"":[0.2725542833657464,0.2533845339299958],""has_data"":true,""last_update_ts"":1784118809.288657,""raw"":[15800,16367,15627]},""thumb"":{""age_s"":0.009159088134765625,""channels"":3,""force"":[0.0,-2.220446049250313e-16],""has_data"":true,""last_update_ts"":1784118809.288657,""raw"":[0,0,0]}}","{""ble"":{""connection_state"":""connected"",""counter"":998136,""finger_order"":""DexterController.Visualizer"",""last_error"":null,""last_sample_age_s"":0.009178965003229678,""reconnect_count"":0,""sample_hz"":20.0,""sample_sequence"":1445,""timestamp_us"":9774093376},""fingers"":{""index"":{""has_data"":true,""last_update_ts"":1784118809.288657,""mapped"":true},""middle"":{""has_data"":true,""last_update_ts"":1784118809.288657,""mapped"":true},""pinky"":{""has_data"":true,""last_update_ts"":1784118809.288657,""mapped"":true},""ring"":{""has_data"":true,""last_update_ts"":1784118809.288657,""mapped"":true},""thumb"":{""has_data"":true,""last_update_ts"":1784118809.288657,""mapped"":true}},""ports"":{""available"":[""BLE:Dexter""],""unavailable"":[]}}"
1784118809.347945,1784118809.3478272,1447,ble,"{""index"":{""age_s"":0.009169578552246094,""channels"":3,""force"":[0.4763691266586516,-0.5503412166300041],""has_data"":true,""last_update_ts"":1784118809.3386576,""raw"":[16235,17226,17722]},""middle"":{""age_s"":0.009169578552246094,""channels"":3,""force"":[-0.6167321791150844,2.4841675391099995],""has_data"":true,""last_update_ts"":1784118809.3386576,""raw"":[18223,16940,13106]},""pinky"":{""age_s"":0.009169578552246094,""channels"":3,""force"":[-1.025323256471145,-0.7451670028500006],""has_data"":true,""last_update_ts"":1784118809.3386576,""raw"":[17423,15290,17699]},""ring"":{""age_s"":0.009169578552246094,""channels"":3,""force"":[0.2768805418318703,0.25366206353999665],""has_data"":true,""last_update_ts"":1784118809.3386576,""raw"":[15795,16371,15626]},""thumb"":{""age_s"":0.009169578552246094,""channels"":3,""force"":[0.0,-2.220446049250313e-16],""has_data"":true,""last_update_ts"":1784118809.3386576,""raw"":[0,0,0]}}","{""ble"":{""connection_state"":""connected"",""counter"":998141,""finger_order"":""DexterController.Visualizer"",""last_error"":null,""last_sample_age_s"":0.009190530006890185,""reconnect_count"":0,""sample_hz"":20.0,""sample_sequence"":1446,""timestamp_us"":9774140384},""fingers"":{""index"":{""has_data"":true,""last_update_ts"":1784118809.3386576,""mapped"":true},""middle"":{""has_data"":true,""last_update_ts"":1784118809.3386576,""mapped"":true},""pinky"":{""has_data"":true,""last_update_ts"":1784118809.3386576,""mapped"":true},""ring"":{""has_data"":true,""last_update_ts"":1784118809.3386576,""mapped"":true},""thumb"":{""has_data"":true,""last_update_ts"":1784118809.3386576,""mapped"":true}},""ports"":{""available"":[""BLE:Dexter""],""unavailable"":[]}}"
1784118809.3979192,1784118809.397804,1448,ble,"{""index"":{""age_s"":0.009146928787231445,""channels"":3,""force"":[0.6143287021894608,0.062166632639998554],""has_data"":true,""last_update_ts"":1784118809.388657,""raw"":[16474,17752,17001]},""middle"":{""age_s"":0.009146928787231445,""channels"":3,""force"":[-0.4941548559082687,1.4198414847599974],""has_data"":true,""last_update_ts"":1784118809.388657,""raw"":[17431,16403,14359]},""pinky"":{""age_s"":0.009146928787231445,""channels"":3,""force"":[-1.0248425610860235,-0.7443344140199999],""has_data"":true,""last_update_ts"":1784118809.388657,""raw"":[17421,15289,17696]},""ring"":{""age_s"":0.009146928787231445,""channels"":3,""force"":[0.27543845567649505,0.2533845339299958],""has_data"":true,""last_update_ts"":1784118809.388657,""raw"":[15794,16367,15624]},""thumb"":{""age_s"":0.009146928787231445,""channels"":3,""force"":[0.0,-2.220446049250313e-16],""has_data"":true,""last_update_ts"":1784118809.388657,""raw"":[0,0,0]}}","{""ble"":{""connection_state"":""connected"",""counter"":998147,""finger_order"":""DexterController.Visualizer"",""last_error"":null,""last_sample_age_s"":0.009166200994513929,""reconnect_count"":0,""sample_hz"":20.0,""sample_sequence"":1447,""timestamp_us"":9774196864},""fingers"":{""index"":{""has_data"":true,""last_update_ts"":1784118809.388657,""mapped"":true},""middle"":{""has_data"":true,""last_update_ts"":1784118809.388657,""mapped"":true},""pinky"":{""has_data"":true,""last_update_ts"":1784118809.388657,""mapped"":true},""ring"":{""has_data"":true,""last_update_ts"":1784118809.388657,""mapped"":true},""thumb"":{""has_data"":true,""last_update_ts"":1784118809.388657,""mapped"":true}},""ports"":{""available"":[""BLE:Dexter""],""unavailable"":[]}}"
1784118809.4479322,1784118809.4478145,1449,ble,"{""index"":{""age_s"":0.009157180786132812,""channels"":3,""force"":[0.5869290652373493,0.1423726899299993],""has_data"":true,""last_update_ts"":1784118809.4386573,""raw"":[16564,17785,16918]},""middle"":{""age_s"":0.009157180786132812,""channels"":3,""force"":[-0.5595294282852379,1.0290797938799985],""has_data"":true,""last_update_ts"":1784118809.4386573,""raw"":[17224,16060,14788]},""pinky"":{""age_s"":0.009157180786132812,""channels"":3,""force"":[-1.0224390841603963,-0.7462771212900021],""has_data"":true,""last_update_ts"":1784118809.4386573,""raw"":[17419,15292,17700]},""ring"":{""age_s"":0.009157180786132812,""channels"":3,""force"":[0.2812068002979924,0.2578250076899993],""has_data"":true,""last_update_ts"":1784118809.4386573,""raw"":[15797,16382,15625]},""thumb"":{""age_s"":0.009157180786132812,""channels"":3,""force"":[0.0,-2.220446049250313e-16],""has_data"":true,""last_update_ts"":1784118809.4386573,""raw"":[0,0,0]}}","{""ble"":{""connection_state"":""connected"",""counter"":998152,""finger_order"":""DexterController.Visualizer"",""last_error"":null,""last_sample_age_s"":0.00917758401192259,""reconnect_count"":0,""sample_hz"":20.0,""sample_sequence"":1448,""timestamp_us"":9774243968},""fingers"":{""index"":{""has_data"":true,""last_update_ts"":1784118809.4386573,""mapped"":true},""middle"":{""has_data"":true,""last_update_ts"":1784118809.4386573,""mapped"":true},""pinky"":{""has_data"":true,""last_update_ts"":1784118809.4386573,""mapped"":true},""ring"":{""has_data"":true,""last_update_ts"":1784118809.4386573,""mapped"":true},""thumb"":{""has_data"":true,""last_update_ts"":1784118809.4386573,""mapped"":true}},""ports"":{""available"":[""BLE:Dexter""],""unavailable"":[]}}"
1784118809.4979346,1784118809.4978075,1450,ble,"{""index"":{""age_s"":0.009149551391601562,""channels"":3,""force"":[0.4071489912006854,0.03247096436999719],""has_data"":true,""last_update_ts"":1784118809.488658,""raw"":[16694,17541,17059]},""middle"":{""age_s"":0.009149551391601562,""channels"":3,""force"":[-0.6825874468771804,0.7682019604799981],""has_data"":true,""last_update_ts"":1784118809.488658,""raw"":[17128,15708,15034]},""pinky"":{""age_s"":0.009149551391601562,""channels"":3,""force"":[-0.6234619145068372,-0.551451335070003],""has_data"":true,""last_update_ts"":1784118809.488658,""raw"":[17302,16005,17647]},""ring"":{""age_s"":0.009149551391601562,""channels"":3,""force"":[0.29226279415586376,0.34191647951999915],""has_data"":true,""last_update_ts"":1784118809.488658,""raw"":[15781,16389,15469]},""thumb"":{""age_s"":0.009149551391601562,""channels"":3,""force"":[0.0,-2.220446049250313e-16],""has_data"":true,""last_update_ts"":1784118809.488658,""raw"":[0,0,0]}}","{""ble"":{""connection_state"":""connected"",""counter"":998157,""finger_order"":""DexterController.Visualizer"",""last_error"":null,""last_sample_age_s"":0.009169879005639814,""reconnect_count"":0,""sample_hz"":20.0,""sample_sequence"":1449,""timestamp_us"":9774290944},""fingers"":{""index"":{""has_data"":true,""last_update_ts"":1784118809.488658,""mapped"":true},""middle"":{""has_data"":true,""last_update_ts"":1784118809.488658,""mapped"":true},""pinky"":{""has_data"":true,""last_update_ts"":1784118809.488658,""mapped"":true},""ring"":{""has_data"":true,""last_update_ts"":1784118809.488658,""mapped"":true},""thumb"":{""has_data"":true,""last_update_ts"":1784118809.488658,""mapped"":true}},""ports"":{""available"":[""BLE:Dexter""],""unavailable"":[]}}"
1784118809.547924,1784118809.5478022,1451,ble,"{""index"":{""age_s"":0.009143829345703125,""channels"":3,""force"":[0.30187670185835813,-0.08769935676000085],""has_data"":true,""last_update_ts"":1784118809.5386584,""raw"":[16742,17370,17214]},""middle"":{""age_s"":0.009143829345703125,""channels"":3,""force"":[-0.7056608253631698,0.6594103533599984],""has_data"":true,""last_update_ts"":1784118809.5386584,""raw"":[17101,15633,15179]},""pinky"":{""age_s"":0.009143829345703125,""channels"":3,""force"":[-1.0234004749306465,-0.7346208776700012],""has_data"":true,""last_update_ts"":1784118809.5386584,""raw"":[17426,15297,17685]},""ring"":{""age_s"":0.009143829345703125,""channels"":3,""force"":[0.2812068002979924,0.26615089599000097],""has_data"":true,""last_update_ts"":1784118809.5386584,""raw"":[15797,16382,15610]},""thumb"":{""age_s"":0.009143829345703125,""channels"":3,""force"":[0.0,-2.220446049250313e-16],""has_data"":true,""last_update_ts"":1784118809.5386584,""raw"":[0,0,0]}}","{""ble"":{""connection_state"":""connected"",""counter"":998163,""finger_order"":""DexterController.Visualizer"",""last_error"":null,""last_sample_age_s"":0.009161692010820843,""reconnect_count"":0,""sample_hz"":20.0,""sample_sequence"":1450,""timestamp_us"":9774347360},""fingers"":{""index"":{""has_data"":true,""last_update_ts"":1784118809.5386584,""mapped"":true},""middle"":{""has_data"":true,""last_update_ts"":1784118809.5386584,""mapped"":true},""pinky"":{""has_data"":true,""last_update_ts"":1784118809.5386584,""mapped"":true},""ring"":{""has_data"":true,""last_update_ts"":1784118809.5386584,""mapped"":true},""thumb"":{""has_data"":true,""last_update_ts"":1784118809.5386584,""mapped"":true}},""ports"":{""available"":[""BLE:Dexter""],""unavailable"":[]}}"
1784118809.5979183,1784118809.5978014,1452,ble,"{""index"":{""age_s"":0.009145021438598633,""channels"":3,""force"":[0.2946662710814856,-0.1523637558900015],""has_data"":true,""last_update_ts"":1784118809.5886564,""raw"":[16723,17336,17304]},""middle"":{""age_s"":0.009145021438598633,""channels"":3,""force"":[-0.641728339141574,0.620833737569999],""has_data"":true,""last_update_ts"":1784118809.5886564,""raw"":[16976,15641,15190]},""pinky"":{""age_s"":0.009145021438598633,""channels"":3,""force"":[-1.0219583887752748,-0.7526603023200016],""has_data"":true,""last_update_ts"":1784118809.5886564,""raw"":[17417,15291,17710]},""ring"":{""age_s"":0.009145021438598633,""channels"":3,""force"":[0.2754384556764933,0.25504971158999723],""has_data"":true,""last_update_ts"":1784118809.5886564,""raw"":[15798,16371,15625]},""thumb"":{""age_s"":0.009145021438598633,""channels"":3,""force"":[0.0,-2.220446049250313e-16],""has_data"":true,""last_update_ts"":1784118809.5886564,""raw"":[0,0,0]}}","{""ble"":{""connection_state"":""connected"",""counter"":998168,""finger_order"":""DexterController.Visualizer"",""last_error"":null,""last_sample_age_s"":0.009161130990833044,""reconnect_count"":0,""sample_hz"":20.0,""sample_sequence"":1451,""timestamp_us"":9774394400},""fingers"":{""index"":{""has_data"":true,""last_update_ts"":1784118809.5886564,""mapped"":true},""middle"":{""has_data"":true,""last_update_ts"":1784118809.5886564,""mapped"":true},""pinky"":{""has_data"":true,""last_update_ts"":1784118809.5886564,""mapped"":true},""ring"":{""has_data"":true,""last_update_ts"":1784118809.5886564,""mapped"":true},""thumb"":{""has_data"":true,""last_update_ts"":1784118809.5886564,""mapped"":true}},""ports"":{""available"":[""BLE:Dexter""],""unavailable"":[]}}"
1784118809.6479194,1784118809.6478016,1453,ble,"{""index"":{""age_s"":0.00914144515991211,""channels"":3,""force"":[0.27784193260211865,-0.21980345112000244],""has_data"":true,""last_update_ts"":1784118809.6386602,""raw"":[16706,17284,17391]},""middle"":{""age_s"":0.00914144515991211,""channels"":3,""force"":[-0.5965429729398473,0.5492310981899973],""has_data"":true,""last_update_ts"":1784118809.6386602,""raw"":[16872,15631,15262]},""pinky"":{""age_s"":0.00914144515991211,""channels"":3,""force"":[-1.0229197795455214,-0.7459995916800022],""has_data"":true,""last_update_ts"":1784118809.6386602,""raw"":[17418,15290,17698]},""ring"":{""age_s"":0.00914144515991211,""channels"":3,""force"":[0.2768805418318703,0.2531070043199968],""has_data"":true,""last_update_ts"":1784118809.6386602,""raw"":[15792,16368,15624]},""thumb"":{""age_s"":0.00914144515991211,""channels"":3,""force"":[0.0,-2.220446049250313e-16],""has_data"":true,""last_update_ts"":1784118809.6386602,""raw"":[0,0,0]}}","{""ble"":{""connection_state"":""connected"",""counter"":998173,""finger_order"":""DexterController.Visualizer"",""last_error"":null,""last_sample_age_s"":0.009158075001323596,""reconnect_count"":0,""sample_hz"":20.0,""sample_sequence"":1452,""timestamp_us"":9774441312},""fingers"":{""index"":{""has_data"":true,""last_update_ts"":1784118809.6386602,""mapped"":true},""middle"":{""has_data"":true,""last_update_ts"":1784118809.6386602,""mapped"":true},""pinky"":{""has_data"":true,""last_update_ts"":1784118809.6386602,""mapped"":true},""ring"":{""has_data"":true,""last_update_ts"":1784118809.6386602,""mapped"":true},""thumb"":{""has_data"":true,""last_update_ts"":1784118809.6386602,""mapped"":true}},""ports"":{""available"":[""BLE:Dexter""],""unavailable"":[]}}"
1784118809.6979039,1784118809.6977994,1454,ble,"{""index"":{""age_s"":0.009140253067016602,""channels"":3,""force"":[0.23313726178551697,-0.2916836201100024],""has_data"":true,""last_update_ts"":1784118809.6886592,""raw"":[16700,17185,17468]},""middle"":{""age_s"":0.009140253067016602,""channels"":3,""force"":[-0.5595294282852379,0.4690250408999974],""has_data"":true,""last_update_ts"":1784118809.6886592,""raw"":[16775,15611,15348]},""pinky"":{""age_s"":0.009140253067016602,""channels"":3,""force"":[-1.025323256471145,-0.746832180510002],""has_data"":true,""last_update_ts"":1784118809.6886592,""raw"":[17419,15286,17698]},""ring"":{""age_s"":0.009140253067016602,""channels"":3,""force"":[0.2763998464467434,0.2578250076899966],""has_data"":true,""last_update_ts"":1784118809.6886592,""raw"":[15801,16376,15624]},""thumb"":{""age_s"":0.009140253067016602,""channels"":3,""force"":[0.0,-2.220446049250313e-16],""has_data"":true,""last_update_ts"":1784118809.6886592,""raw"":[0,0,0]}}","{""ble"":{""connection_state"":""connected"",""counter"":998179,""finger_order"":""DexterController.Visualizer"",""last_error"":null,""last_sample_age_s"":0.009156051004538313,""reconnect_count"":0,""sample_hz"":20.0,""sample_sequence"":1453,""timestamp_us"":9774497824},""fingers"":{""index"":{""has_data"":true,""last_update_ts"":1784118809.6886592,""mapped"":true},""middle"":{""has_data"":true,""last_update_ts"":1784118809.6886592,""mapped"":true},""pinky"":{""has_data"":true,""last_update_ts"":1784118809.6886592,""mapped"":true},""ring"":{""has_data"":true,""last_update_ts"":1784118809.6886592,""mapped"":true},""thumb"":{""has_data"":true,""last_update_ts"":1784118809.6886592,""mapped"":true}},""ports"":{""available"":[""BLE:Dexter""],""unavailable"":[]}}"
1784118809.747905,1784118809.7478,1455,ble,"{""index"":{""age_s"":0.009141921997070312,""channels"":3,""force"":[0.18218355096228933,-0.34607942367000266],""has_data"":true,""last_update_ts"":1784118809.7386582,""raw"":[16711,17090,17524]},""middle"":{""age_s"":0.009141921997070312,""channels"":3,""force"":[-0.5335718774885017,0.40796852669999595],""has_data"":true,""last_update_ts"":1784118809.7386582,""raw"":[16708,15598,15418]},""pinky"":{""age_s"":0.009141921997070312,""channels"":3,""force"":[-1.0214776933901497,-0.7390613514300011],""has_data"":true,""last_update_ts"":1784118809.7386582,""raw"":[17420,15295,17689]},""ring"":{""age_s"":0.009141921997070312,""channels"":3,""force"":[0.28024540952774224,0.2622654814499965],""has_data"":true,""last_update_ts"":1784118809.7386582,""raw"":[15793,16376,15612]},""thumb"":{""age_s"":0.009141921997070312,""channels"":3,""force"":[0.0,-2.220446049250313e-16],""has_data"":true,""last_update_ts"":1784118809.7386582,""raw"":[0,0,0]}}","{""ble"":{""connection_state"":""connected"",""counter"":998184,""finger_order"":""DexterController.Visualizer"",""last_error"":null,""last_sample_age_s"":0.009157493987004273,""reconnect_count"":0,""sample_hz"":20.0,""sample_sequence"":1454,""timestamp_us"":9774544768},""fingers"":{""index"":{""has_data"":true,""last_update_ts"":1784118809.7386582,""mapped"":true},""middle"":{""has_data"":true,""last_update_ts"":1784118809.7386582,""mapped"":true},""pinky"":{""has_data"":true,""last_update_ts"":1784118809.7386582,""mapped"":true},""ring"":{""has_data"":true,""last_update_ts"":1784118809.7386582,""mapped"":true},""thumb"":{""has_data"":true,""last_update_ts"":1784118809.7386582,""mapped"":true}},""ports"":{""available"":[""BLE:Dexter""],""unavailable"":[]}}"
1784118809.7979128,1784118809.7977996,1456,ble,"{""index"":{""age_s"":0.009126663208007812,""channels"":3,""force"":[0.1696854709490463,-0.3544053119699999],""has_data"":true,""last_update_ts"":1784118809.788673,""raw"":[16731,17084,17546]},""middle"":{""age_s"":0.009126663208007812,""channels"":3,""force"":[-0.5215544928603819,0.3927043981499976],""has_data"":true,""last_update_ts"":1784118809.788673,""raw"":[16674,15589,15424]},""pinky"":{""age_s"":0.009126663208007812,""channels"":3,""force"":[-1.02484256108602,-0.7465546509000021],""has_data"":true,""last_update_ts"":1784118809.788673,""raw"":[17418,15286,17697]},""ring"":{""age_s"":0.009126663208007812,""channels"":3,""force"":[0.2768805418318703,0.2542171227599965],""has_data"":true,""last_update_ts"":1784118809.788673,""raw"":[15795,16371,15625]},""thumb"":{""age_s"":0.009126663208007812,""channels"":3,""force"":[0.0,-2.220446049250313e-16],""has_data"":true,""last_update_ts"":1784118809.788673,""raw"":[0,0,0]}}","{""ble"":{""connection_state"":""connected"",""counter"":998189,""finger_order"":""DexterController.Visualizer"",""last_error"":null,""last_sample_age_s"":0.009142073002294637,""reconnect_count"":0,""sample_hz"":20.0,""sample_sequence"":1455,""timestamp_us"":9774591712},""fingers"":{""index"":{""has_data"":true,""last_update_ts"":1784118809.788673,""mapped"":true},""middle"":{""has_data"":true,""last_update_ts"":1784118809.788673,""mapped"":true},""pinky"":{""has_data"":true,""last_update_ts"":1784118809.788673,""mapped"":true},""ring"":{""has_data"":true,""last_update_ts"":1784118809.788673,""mapped"":true},""thumb"":{""has_data"":true,""last_update_ts"":1784118809.788673,""mapped"":true}},""ports"":{""available"":[""BLE:Dexter""],""unavailable"":[]}}"
1784118809.8479178,1784118809.847801,1457,ble,"{""index"":{""age_s"":0.009141206741333008,""channels"":3,""force"":[0.14661209246305873,-0.3538502527500027],""has_data"":true,""last_update_ts"":1784118809.8386598,""raw"":[16742,17047,17532]},""middle"":{""age_s"":0.009141206741333008,""channels"":3,""force"":[-0.5162668436240097,0.3990875791799988],""has_data"":true,""last_update_ts"":1784118809.8386598,""raw"":[16637,15563,15381]},""pinky"":{""age_s"":0.009141206741333008,""channels"":3,""force"":[-0.5758730713794815,-0.5212006075800009],""has_data"":true,""last_update_ts"":1784118809.8386598,""raw"":[17301,16103,17641]},""ring"":{""age_s"":0.009141206741333008,""channels"":3,""force"":[0.30091531108810976,0.3491322493799984],""has_data"":true,""last_update_ts"":1784118809.8386598,""raw"":[15766,16392,15450]},""thumb"":{""age_s"":0.009141206741333008,""channels"":3,""force"":[0.0,-2.220446049250313e-16],""has_data"":true,""last_update_ts"":1784118809.8386598,""raw"":[0,0,0]}}","{""ble"":{""connection_state"":""connected"",""counter"":998195,""finger_order"":""DexterController.Visualizer"",""last_error"":null,""last_sample_age_s"":0.009159567998722196,""reconnect_count"":0,""sample_hz"":20.0,""sample_sequence"":1456,""timestamp_us"":9774648384},""fingers"":{""index"":{""has_data"":true,""last_update_ts"":1784118809.8386598,""mapped"":true},""middle"":{""has_data"":true,""last_update_ts"":1784118809.8386598,""mapped"":true},""pinky"":{""has_data"":true,""last_update_ts"":1784118809.8386598,""mapped"":true},""ring"":{""has_data"":true,""last_update_ts"":1784118809.8386598,""mapped"":true},""thumb"":{""has_data"":true,""last_update_ts"":1784118809.8386598,""mapped"":true}},""ports"":{""available"":[""BLE:Dexter""],""unavailable"":[]}}"
1784118809.89794,1784118809.8978024,1458,ble,"{""index"":{""age_s"":0.009141921997070312,""channels"":3,""force"":[0.1283456678283148,-0.37882791765000334],""has_data"":true,""last_update_ts"":1784118809.8886604,""raw"":[16749,17016,17565]},""middle"":{""age_s"":0.009141921997070312,""channels"":3,""force"":[-0.5191510159347601,0.35523790079999795],""has_data"":true,""last_update_ts"":1784118809.8886604,""raw"":[16640,15560,15460]},""pinky"":{""age_s"":0.009141921997070312,""channels"":3,""force"":[-1.0224390841603999,-0.7418366475300004],""has_data"":true,""last_update_ts"":1784118809.8886604,""raw"":[17417,15290,17690]},""ring"":{""age_s"":0.009141921997070312,""channels"":3,""force"":[0.28889792645999,0.263930659109997],""has_data"":true,""last_update_ts"":1784118809.8886604,""raw"":[15794,16395,15619]},""thumb"":{""age_s"":0.009141921997070312,""channels"":3,""force"":[0.0,-2.220446049250313e-16],""has_data"":true,""last_update_ts"":1784118809.8886604,""raw"":[0,0,0]}}","{""ble"":{""connection_state"":""connected"",""counter"":998200,""finger_order"":""DexterController.Visualizer"",""last_error"":null,""last_sample_age_s"":0.009160079003777355,""reconnect_count"":0,""sample_hz"":20.0,""sample_sequence"":1457,""timestamp_us"":9774695488},""fingers"":{""index"":{""has_data"":true,""last_update_ts"":1784118809.8886604,""mapped"":true},""middle"":{""has_data"":true,""last_update_ts"":1784118809.8886604,""mapped"":true},""pinky"":{""has_data"":true,""last_update_ts"":1784118809.8886604,""mapped"":true},""ring"":{""has_data"":true,""last_update_ts"":1784118809.8886604,""mapped"":true},""thumb"":{""has_data"":true,""last_update_ts"":1784118809.8886604,""mapped"":true}},""ports"":{""available"":[""BLE:Dexter""],""unavailable"":[]}}"
1784118809.9479187,1784118809.9478,1459,ble,"{""index"":{""age_s"":0.009144067764282227,""channels"":3,""force"":[0.11296341550432132,-0.3716121477900005],""has_data"":true,""last_update_ts"":1784118809.9386559,""raw"":[16776,17011,17563]},""middle"":{""age_s"":0.009144067764282227,""channels"":3,""force"":[-0.5162668436240114,0.3480221309399969],""has_data"":true,""last_update_ts"":1784118809.9386559,""raw"":[16639,15565,15475]},""pinky"":{""age_s"":0.009144067764282227,""channels"":3,""force"":[-1.0219583887752712,-0.7482198285599999],""has_data"":true,""last_update_ts"":1784118809.9386559,""raw"":[17418,15292,17703]},""ring"":{""age_s"":0.009144067764282227,""channels"":3,""force"":[0.27495776029137176,0.25588230041999793],""has_data"":true,""last_update_ts"":1784118809.9386559,""raw"":[15798,16370,15623]},""thumb"":{""age_s"":0.009144067764282227,""channels"":3,""force"":[0.0,-2.220446049250313e-16],""has_data"":true,""last_update_ts"":1784118809.9386559,""raw"":[0,0,0]}}","{""ble"":{""connection_state"":""connected"",""counter"":998205,""finger_order"":""DexterController.Visualizer"",""last_error"":null,""last_sample_age_s"":0.00916054000845179,""reconnect_count"":0,""sample_hz"":20.0,""sample_sequence"":1458,""timestamp_us"":9774742496},""fingers"":{""index"":{""has_data"":true,""last_update_ts"":1784118809.9386559,""mapped"":true},""middle"":{""has_data"":true,""last_update_ts"":1784118809.9386559,""mapped"":true},""pinky"":{""has_data"":true,""last_update_ts"":1784118809.9386559,""mapped"":true},""ring"":{""has_data"":true,""last_update_ts"":1784118809.9386559,""mapped"":true},""thumb"":{""has_data"":true,""last_update_ts"":1784118809.9386559,""mapped"":true}},""ports"":{""available"":[""BLE:Dexter""],""unavailable"":[]}}"
1784118809.9979181,1784118809.9978015,1460,ble,"{""index"":{""age_s"":0.009142160415649414,""channels"":3,""force"":[0.11296341550432132,-0.37272226623000204],""has_data"":true,""last_update_ts"":1784118809.9886594,""raw"":[16773,17008,17562]},""middle"":{""age_s"":0.009142160415649414,""channels"":3,""force"":[-0.5143440620835094,0.315273636959998],""has_data"":true,""last_update_ts"":1784118809.9886594,""raw"":[16623,15553,15520]},""pinky"":{""age_s"":0.009142160415649414,""channels"":3,""force"":[-1.0229197795455214,-0.7459995916800022],""has_data"":true,""last_update_ts"":1784118809.9886594,""raw"":[17418,15290,17698]},""ring"":{""age_s"":0.009142160415649414,""channels"":3,""force"":[0.2763998464467434,0.2539395931499975],""has_data"":true,""last_update_ts"":1784118809.9886594,""raw"":[15796,16371,15626]},""thumb"":{""age_s"":0.009142160415649414,""channels"":3,""force"":[0.0,-2.220446049250313e-16],""has_data"":true,""last_update_ts"":1784118809.9886594,""raw"":[0,0,0]}}","{""ble"":{""connection_state"":""connected"",""counter"":998211,""finger_order"":""DexterController.Visualizer"",""last_error"":null,""last_sample_age_s"":0.009158296001260169,""reconnect_count"":0,""sample_hz"":20.0,""sample_sequence"":1459,""timestamp_us"":9774798816},""fingers"":{""index"":{""has_data"":true,""last_update_ts"":1784118809.9886594,""mapped"":true},""middle"":{""has_data"":true,""last_update_ts"":1784118809.9886594,""mapped"":true},""pinky"":{""has_data"":true,""last_update_ts"":1784118809.9886594,""mapped"":true},""ring"":{""has_data"":true,""last_update_ts"":1784118809.9886594,""mapped"":true},""thumb"":{""has_data"":true,""last_update_ts"":1784118809.9886594,""mapped"":true}},""ports"":{""available"":[""BLE:Dexter""],""unavailable"":[]}}"
1784118810.047916,1784118810.0478024,1461,ble,"{""index"":{""age_s"":0.009142398834228516,""channels"":3,""force"":[0.0826796062414612,-0.36744920364000144],""has_data"":true,""last_update_ts"":1784118810.03866,""raw"":[16807,16979,17555]},""middle"":{""age_s"":0.009142398834228516,""channels"":3,""force"":[-0.513382671313261,0.2975117419199984],""has_data"":true,""last_update_ts"":1784118810.03866,""raw"":[16615,15547,15545]},""pinky"":{""age_s"":0.009142398834228516,""channels"":3,""force"":[-1.0262846472413987,-0.7373961737700006],""has_data"":true,""last_update_ts"":1784118810.03866,""raw"":[17425,15290,17686]},""ring"":{""age_s"":0.009142398834228516,""channels"":3,""force"":[0.2898593172302384,0.2639306591099979],""has_data"":true,""last_update_ts"":1784118810.03866,""raw"":[15793,16396,15619]},""thumb"":{""age_s"":0.009142398834228516,""channels"":3,""force"":[0.0,-2.220446049250313e-16],""has_data"":true,""last_update_ts"":1784118810.03866,""raw"":[0,0,0]}}","{""ble"":{""connection_state"":""connected"",""counter"":998216,""finger_order"":""DexterController.Visualizer"",""last_error"":null,""last_sample_age_s"":0.00915860700479243,""reconnect_count"":0,""sample_hz"":20.0,""sample_sequence"":1460,""timestamp_us"":9774846016},""fingers"":{""index"":{""has_data"":true,""last_update_ts"":1784118810.03866,""mapped"":true},""middle"":{""has_data"":true,""last_update_ts"":1784118810.03866,""mapped"":true},""pinky"":{""has_data"":true,""last_update_ts"":1784118810.03866,""mapped"":true},""ring"":{""has_data"":true,""last_update_ts"":1784118810.03866,""mapped"":true},""thumb"":{""has_data"":true,""last_update_ts"":1784118810.03866,""mapped"":true}},""ports"":{""available"":[""BLE:Dexter""],""unavailable"":[]}}"
1784118810.097919,1784118810.0978012,1462,ble,"{""index"":{""age_s"":0.00914454460144043,""channels"":3,""force"":[0.08652516932246179,-0.35357272314000276],""has_data"":true,""last_update_ts"":1784118810.0886567,""raw"":[16808,16988,17535]},""middle"":{""age_s"":0.00914454460144043,""channels"":3,""force"":[-0.49944250514464095,0.3233219956499971],""has_data"":true,""last_update_ts"":1784118810.0886567,""raw"":[16621,15582,15519]},""pinky"":{""age_s"":0.00914454460144043,""channels"":3,""force"":[-1.0209969980050229,-0.7465546509000021],""has_data"":true,""last_update_ts"":1784118810.0886567,""raw"":[17419,15295,17702]},""ring"":{""age_s"":0.00914454460144043,""channels"":3,""force"":[0.27784193260211687,0.25310700431999944],""has_data"":true,""last_update_ts"":1784118810.0886567,""raw"":[15797,16375,15630]},""thumb"":{""age_s"":0.00914454460144043,""channels"":3,""force"":[0.0,-2.220446049250313e-16],""has_data"":true,""last_update_ts"":1784118810.0886567,""raw"":[0,0,0]}}","{""ble"":{""connection_state"":""connected"",""counter"":998221,""finger_order"":""DexterController.Visualizer"",""last_error"":null,""last_sample_age_s"":0.009160419998806901,""reconnect_count"":0,""sample_hz"":20.0,""sample_sequence"":1461,""timestamp_us"":9774893024},""fingers"":{""index"":{""has_data"":true,""last_update_ts"":1784118810.0886567,""mapped"":true},""middle"":{""has_data"":true,""last_update_ts"":1784118810.0886567,""mapped"":true},""pinky"":{""has_data"":true,""last_update_ts"":1784118810.0886567,""mapped"":true},""ring"":{""has_data"":true,""last_update_ts"":1784118810.0886567,""mapped"":true},""thumb"":{""has_data"":true,""last_update_ts"":1784118810.0886567,""mapped"":true}},""ports"":{""available"":[""BLE:Dexter""],""unavailable"":[]}}"
1784118810.1479166,1784118810.1478012,1463,ble,"{""index"":{""age_s"":0.009145021438598633,""channels"":3,""force"":[0.06441318160671905,-0.3408063610800012],""has_data"":true,""last_update_ts"":1784118810.1386561,""raw"":[16840,16974,17521]},""middle"":{""age_s"":0.009145021438598633,""channels"":3,""force"":[-0.5191510159347565,0.3430265979599989],""has_data"":true,""last_update_ts"":1784118810.1386561,""raw"":[16666,15586,15508]},""pinky"":{""age_s"":0.009145021438598633,""channels"":3,""force"":[-1.0238811703157698,-0.7459995916800013],""has_data"":true,""last_update_ts"":1784118810.1386561,""raw"":[17415,15285,17694]},""ring"":{""age_s"":0.009145021438598633,""channels"":3,""force"":[0.2783226279872473,0.251719356269998],""has_data"":true,""last_update_ts"":1784118810.1386561,""raw"":[15795,16374,15631]},""thumb"":{""age_s"":0.009145021438598633,""channels"":3,""force"":[0.0,-2.220446049250313e-16],""has_data"":true,""last_update_ts"":1784118810.1386561,""raw"":[0,0,0]}}","{""ble"":{""connection_state"":""connected"",""counter"":998226,""finger_order"":""DexterController.Visualizer"",""last_error"":null,""last_sample_age_s"":0.009159659006400034,""reconnect_count"":0,""sample_hz"":20.0,""sample_sequence"":1462,""timestamp_us"":9774940000},""fingers"":{""index"":{""has_data"":true,""last_update_ts"":1784118810.1386561,""mapped"":true},""middle"":{""has_data"":true,""last_update_ts"":1784118810.1386561,""mapped"":true},""pinky"":{""has_data"":true,""last_update_ts"":1784118810.1386561,""mapped"":true},""ring"":{""has_data"":true,""last_update_ts"":1784118810.1386561,""mapped"":true},""thumb"":{""has_data"":true,""last_update_ts"":1784118810.1386561,""mapped"":true}},""ports"":{""available"":[""BLE:Dexter""],""unavailable"":[]}}"
1784118810.1979582,1784118810.1978416,1464,ble,"{""index"":{""age_s"":0.009192466735839844,""channels"":3,""force"":[0.034610067728984006,-0.3041724525600005],""has_data"":true,""last_update_ts"":1784118810.1886492,""raw"":[16884,16956,17468]},""middle"":{""age_s"":0.009192466735839844,""channels"":3,""force"":[-0.5662591636769854,0.3541277823599991],""has_data"":true,""last_update_ts"":1784118810.1886492,""raw"":[16725,15547,15498]},""pinky"":{""age_s"":0.009192466735839844,""channels"":3,""force"":[-1.0238811703157715,-0.7365635849400007],""has_data"":true,""last_update_ts"":1784118810.1886492,""raw"":[17428,15298,17690]},""ring"":{""age_s"":0.009192466735839844,""channels"":3,""force"":[0.2826488864533676,0.2653183071599967],""has_data"":true,""last_update_ts"":1784118810.1886492,""raw"":[15800,16388,15616]},""thumb"":{""age_s"":0.009192466735839844,""channels"":3,""force"":[0.0,-2.220446049250313e-16],""has_data"":true,""last_update_ts"":1784118810.1886492,""raw"":[0,0,0]}}","{""ble"":{""connection_state"":""connected"",""counter"":998232,""finger_order"":""DexterController.Visualizer"",""last_error"":null,""last_sample_age_s"":0.009208493996993639,""reconnect_count"":0,""sample_hz"":20.0,""sample_sequence"":1463,""timestamp_us"":9774996512},""fingers"":{""index"":{""has_data"":true,""last_update_ts"":1784118810.1886492,""mapped"":true},""middle"":{""has_data"":true,""last_update_ts"":1784118810.1886492,""mapped"":true},""pinky"":{""has_data"":true,""last_update_ts"":1784118810.1886492,""mapped"":true},""ring"":{""has_data"":true,""last_update_ts"":1784118810.1886492,""mapped"":true},""thumb"":{""has_data"":true,""last_update_ts"":1784118810.1886492,""mapped"":true}},""ports"":{""available"":[""BLE:Dexter""],""unavailable"":[]}}"
1784118810.247905,1784118810.2477999,1465,ble,"{""index"":{""age_s"":0.009144783020019531,""channels"":3,""force"":[0.04710814774222705,-0.2841903206399996],""has_data"":true,""last_update_ts"":1784118810.238655,""raw"":[16891,16989,17452]},""middle"":{""age_s"":0.009144783020019531,""channels"":3,""force"":[-0.5720275082984827,0.3940920461999964],""has_data"":true,""last_update_ts"":1784118810.238655,""raw"":[16748,15558,15443]},""pinky"":{""age_s"":0.009144783020019531,""channels"":3,""force"":[-1.0238811703157733,-0.747109710120001],""has_data"":true,""last_update_ts"":1784118810.238655,""raw"":[17421,15291,17702]},""ring"":{""age_s"":0.009144783020019531,""channels"":3,""force"":[0.27543845567649683,0.2517193562699971],""has_data"":true,""last_update_ts"":1784118810.238655,""raw"":[15803,16376,15636]},""thumb"":{""age_s"":0.009144783020019531,""channels"":3,""force"":[0.0,-2.220446049250313e-16],""has_data"":true,""last_update_ts"":1784118810.238655,""raw"":[0,0,0]}}","{""ble"":{""connection_state"":""connected"",""counter"":998237,""finger_order"":""DexterController.Visualizer"",""last_error"":null,""last_sample_age_s"":0.009160329995211214,""reconnect_count"":0,""sample_hz"":20.0,""sample_sequence"":1464,""timestamp_us"":9775043648},""fingers"":{""index"":{""has_data"":true,""last_update_ts"":1784118810.238655,""mapped"":true},""middle"":{""has_data"":true,""last_update_ts"":1784118810.238655,""mapped"":true},""pinky"":{""has_data"":true,""last_update_ts"":1784118810.238655,""mapped"":true},""ring"":{""has_data"":true,""last_update_ts"":1784118810.238655,""mapped"":true},""thumb"":{""has_data"":true,""last_update_ts"":1784118810.238655,""mapped"":true}},""ports"":{""available"":[""BLE:Dexter""],""unavailable"":[]}}"
1784118810.2979064,1784118810.297801,1466,ble,"{""index"":{""age_s"":0.009149312973022461,""channels"":3,""force"":[0.04903092928272734,-0.27142395858000246],""has_data"":true,""last_update_ts"":1784118810.2886517,""raw"":[16901,17003,17441]},""middle"":{""age_s"":0.009149312973022461,""channels"":3,""force"":[-0.5926974098588502,0.41102135240999793],""has_data"":true,""last_update_ts"":1784118810.2886517,""raw"":[16781,15548,15424]},""pinky"":{""age_s"":0.009149312973022461,""channels"":3,""force"":[-0.9056301055750762,-0.6843880182600026],""has_data"":true,""last_update_ts"":1784118810.2886517,""raw"":[17385,15501,17676]},""ring"":{""age_s"":0.009149312973022461,""channels"":3,""force"":[0.27928401875749564,0.2816925541499966],""has_data"":true,""last_update_ts"":1784118810.2886517,""raw"":[15795,16376,15578]},""thumb"":{""age_s"":0.009149312973022461,""channels"":3,""force"":[0.0,-2.220446049250313e-16],""has_data"":true,""last_update_ts"":1784118810.2886517,""raw"":[0,0,0]}}","{""ble"":{""connection_state"":""connected"",""counter"":998242,""finger_order"":""DexterController.Visualizer"",""last_error"":null,""last_sample_age_s"":0.009164597999188118,""reconnect_count"":0,""sample_hz"":20.0,""sample_sequence"":1465,""timestamp_us"":9775090688},""fingers"":{""index"":{""has_data"":true,""last_update_ts"":1784118810.2886517,""mapped"":true},""middle"":{""has_data"":true,""last_update_ts"":1784118810.2886517,""mapped"":true},""pinky"":{""has_data"":true,""last_update_ts"":1784118810.2886517,""mapped"":true},""ring"":{""has_data"":true,""last_update_ts"":1784118810.2886517,""mapped"":true},""thumb"":{""has_data"":true,""last_update_ts"":1784118810.2886517,""mapped"":true}},""ports"":{""available"":[""BLE:Dexter""],""unavailable"":[]}}"
1784118810.347905,1784118810.3478003,1467,ble,"{""index"":{""age_s"":0.0091400146484375,""channels"":3,""force"":[0.0374942400397309,-0.2642081887200005],""has_data"":true,""last_update_ts"":1784118810.3386602,""raw"":[16925,17003,17440]},""middle"":{""age_s"":0.0091400146484375,""channels"":3,""force"":[-0.6263460868175823,0.41490676694999706],""has_data"":true,""last_update_ts"":1784118810.3386602,""raw"":[16830,15527,15431]},""pinky"":{""age_s"":0.0091400146484375,""channels"":3,""force"":[-1.0224390841603963,-0.7457220620700005],""has_data"":true,""last_update_ts"":1784118810.3386602,""raw"":[17419,15292,17699]},""ring"":{""age_s"":0.0091400146484375,""channels"":3,""force"":[0.2773612372169971,0.25282947470999595],""has_data"":true,""last_update_ts"":1784118810.3386602,""raw"":[15795,16372,15628]},""thumb"":{""age_s"":0.0091400146484375,""channels"":3,""force"":[0.0,-2.220446049250313e-16],""has_data"":true,""last_update_ts"":1784118810.3386602,""raw"":[0,0,0]}}","{""ble"":{""connection_state"":""connected"",""counter"":998248,""finger_order"":""DexterController.Visualizer"",""last_error"":null,""last_sample_age_s"":0.009155020001344383,""reconnect_count"":0,""sample_hz"":20.0,""sample_sequence"":1466,""timestamp_us"":9775147136},""fingers"":{""index"":{""has_data"":true,""last_update_ts"":1784118810.3386602,""mapped"":true},""middle"":{""has_data"":true,""last_update_ts"":1784118810.3386602,""mapped"":true},""pinky"":{""has_data"":true,""last_update_ts"":1784118810.3386602,""mapped"":true},""ring"":{""has_data"":true,""last_update_ts"":1784118810.3386602,""mapped"":true},""thumb"":{""has_data"":true,""last_update_ts"":1784118810.3386602,""mapped"":true}},""ports"":{""available"":[""BLE:Dexter""],""unavailable"":[]}}"
1784118810.3979053,1784118810.397801,1468,ble,"{""index"":{""age_s"":0.009143590927124023,""channels"":3,""force"":[0.019708510790115596,-0.23118216513000078],""has_data"":true,""last_update_ts"":1784118810.3886573,""raw"":[16958,16999,17395]},""middle"":{""age_s"":0.009143590927124023,""channels"":3,""force"":[-0.7056608253631698,0.41795959265999727],""has_data"":true,""last_update_ts"":1784118810.3886573,""raw"":[16926,15458,15439]},""pinky"":{""age_s"":0.009143590927124023,""channels"":3,""force"":[-1.0248425610860235,-0.7393388810399983],""has_data"":true,""last_update_ts"":1784118810.3886573,""raw"":[17425,15293,17691]},""ring"":{""age_s"":0.009143590927124023,""channels"":3,""force"":[0.2821681910682443,0.26282054066999994],""has_data"":true,""last_update_ts"":1784118810.3886573,""raw"":[15798,16385,15618]},""thumb"":{""age_s"":0.009143590927124023,""channels"":3,""force"":[0.0,-2.220446049250313e-16],""has_data"":true,""last_update_ts"":1784118810.3886573,""raw"":[0,0,0]}}","{""ble"":{""connection_state"":""connected"",""counter"":998253,""finger_order"":""DexterController.Visualizer"",""last_error"":null,""last_sample_age_s"":0.009158967004623264,""reconnect_count"":0,""sample_hz"":20.0,""sample_sequence"":1467,""timestamp_us"":9775194080},""fingers"":{""index"":{""has_data"":true,""last_update_ts"":1784118810.3886573,""mapped"":true},""middle"":{""has_data"":true,""last_update_ts"":1784118810.3886573,""mapped"":true},""pinky"":{""has_data"":true,""last_update_ts"":1784118810.3886573,""mapped"":true},""ring"":{""has_data"":true,""last_update_ts"":1784118810.3886573,""mapped"":true},""thumb"":{""has_data"":true,""last_update_ts"":1784118810.3886573,""mapped"":true}},""ports"":{""available"":[""BLE:Dexter""],""unavailable"":[]}}"
1784118810.4479418,1784118810.4478145,1469,ble,"{""index"":{""age_s"":0.009165287017822266,""channels"":3,""force"":[-0.024515464641366336,-0.1434828083700026],""has_data"":true,""last_update_ts"":1784118810.4386492,""raw"":[17080,17029,17313]},""middle"":{""age_s"":0.009165287017822266,""channels"":3,""force"":[-0.8094910285501218,0.4451574944399974],""has_data"":true,""last_update_ts"":1784118810.4386492,""raw"":[17046,15362,15402]},""pinky"":{""age_s"":0.009165287017822266,""channels"":3,""force"":[-1.0214776933901497,-0.7457220620700014],""has_data"":true,""last_update_ts"":1784118810.4386492,""raw"":[17421,15296,17702]},""ring"":{""age_s"":0.009165287017822266,""channels"":3,""force"":[0.27447706490624846,0.25282947470999684],""has_data"":true,""last_update_ts"":1784118810.4386492,""raw"":[15799,16370,15629]},""thumb"":{""age_s"":0.009165287017822266,""channels"":3,""force"":[0.0,-2.220446049250313e-16],""has_data"":true,""last_update_ts"":1784118810.4386492,""raw"":[0,0,0]}}","{""ble"":{""connection_state"":""connected"",""counter"":998258,""finger_order"":""DexterController.Visualizer"",""last_error"":null,""last_sample_age_s"":0.009185360002447851,""reconnect_count"":0,""sample_hz"":20.0,""sample_sequence"":1468,""timestamp_us"":9775241088},""fingers"":{""index"":{""has_data"":true,""last_update_ts"":1784118810.4386492,""mapped"":true},""middle"":{""has_data"":true,""last_update_ts"":1784118810.4386492,""mapped"":true},""pinky"":{""has_data"":true,""last_update_ts"":1784118810.4386492,""mapped"":true},""ring"":{""has_data"":true,""last_update_ts"":1784118810.4386492,""mapped"":true},""thumb"":{""has_data"":true,""last_update_ts"":1784118810.4386492,""mapped"":true}},""ports"":{""available"":[""BLE:Dexter""],""unavailable"":[]}}"
1784118810.4979656,1784118810.4978235,1470,ble,"{""index"":{""age_s"":0.00916600227355957,""channels"":3,""force"":[-0.09613907702495439,0.32248940681999727],""has_data"":true,""last_update_ts"":1784118810.4886575,""raw"":[17452,17252,16771]},""middle"":{""age_s"":0.00916600227355957,""channels"":3,""force"":[-0.9075528871155765,0.4978881203399972],""has_data"":true,""last_update_ts"":1784118810.4886575,""raw"":[17172,15284,15331]},""pinky"":{""age_s"":0.00916600227355957,""channels"":3,""force"":[-1.0234004749306482,-0.74405688441],""has_data"":true,""last_update_ts"":1784118810.4886575,""raw"":[17420,15291,17696]},""ring"":{""age_s"":0.00916600227355957,""channels"":3,""force"":[0.27399636952111805,0.25754747807999756],""has_data"":true,""last_update_ts"":1784118810.4886575,""raw"":[15801,16371,15622]},""thumb"":{""age_s"":0.00916600227355957,""channels"":3,""force"":[0.0,-2.220446049250313e-16],""has_data"":true,""last_update_ts"":1784118810.4886575,""raw"":[0,0,0]}}","{""ble"":{""connection_state"":""connected"",""counter"":998264,""finger_order"":""DexterController.Visualizer"",""last_error"":null,""last_sample_age_s"":0.00919110000540968,""reconnect_count"":0,""sample_hz"":20.0,""sample_sequence"":1469,""timestamp_us"":9775297600},""fingers"":{""index"":{""has_data"":true,""last_update_ts"":1784118810.4886575,""mapped"":true},""middle"":{""has_data"":true,""last_update_ts"":1784118810.4886575,""mapped"":true},""pinky"":{""has_data"":true,""last_update_ts"":1784118810.4886575,""mapped"":true},""ring"":{""has_data"":true,""last_update_ts"":1784118810.4886575,""mapped"":true},""thumb"":{""has_data"":true,""last_update_ts"":1784118810.4886575,""mapped"":true}},""ports"":{""available"":[""BLE:Dexter""],""unavailable"":[]}}"
1784118810.547945,1784118810.5478172,1471,ble,"{""index"":{""age_s"":0.009158849716186523,""channels"":3,""force"":[-0.09085142778858213,1.3407455459099982],""has_data"":true,""last_update_ts"":1784118810.5386584,""raw"":[18105,17916,15595]},""middle"":{""age_s"":0.009158849716186523,""channels"":3,""force"":[-0.8075682470096233,0.2281293394199997],""has_data"":true,""last_update_ts"":1784118810.5386584,""raw"":[16895,15215,15644]},""pinky"":{""age_s"":0.009158849716186523,""channels"":3,""force"":[-1.0243618657008966,-0.7396164106500009],""has_data"":true,""last_update_ts"":1784118810.5386584,""raw"":[17427,15296,17694]},""ring"":{""age_s"":0.009158849716186523,""channels"":3,""force"":[0.27784193260211687,0.25366206353999754],""has_data"":true,""last_update_ts"":1784118810.5386584,""raw"":[15797,16375,15629]},""thumb"":{""age_s"":0.009158849716186523,""channels"":3,""force"":[0.0,-2.220446049250313e-16],""has_data"":true,""last_update_ts"":1784118810.5386584,""raw"":[0,0,0]}}","{""ble"":{""connection_state"":""connected"",""counter"":998269,""finger_order"":""DexterController.Visualizer"",""last_error"":null,""last_sample_age_s"":0.009179286993457936,""reconnect_count"":0,""sample_hz"":20.0,""sample_sequence"":1470,""timestamp_us"":9775344544},""fingers"":{""index"":{""has_data"":true,""last_update_ts"":1784118810.5386584,""mapped"":true},""middle"":{""has_data"":true,""last_update_ts"":1784118810.5386584,""mapped"":true},""pinky"":{""has_data"":true,""last_update_ts"":1784118810.5386584,""mapped"":true},""ring"":{""has_data"":true,""last_update_ts"":1784118810.5386584,""mapped"":true},""thumb"":{""has_data"":true,""last_update_ts"":1784118810.5386584,""mapped"":true}},""ports"":{""available"":[""BLE:Dexter""],""unavailable"":[]}}"
1784118810.5979388,1784118810.5978162,1472,ble,"{""index"":{""age_s"":0.009162425994873047,""channels"":3,""force"":[-0.004806953851243634,2.3179273027199985],""has_data"":true,""last_update_ts"":1784118810.5886538,""raw"":[18630,18620,14449]},""middle"":{""age_s"":0.009162425994873047,""channels"":3,""force"":[-0.48117608050990235,-0.21175509243000157],""has_data"":true,""last_update_ts"":1784118810.5886538,""raw"":[16282,15281,16163]},""pinky"":{""age_s"":0.009162425994873047,""channels"":3,""force"":[-1.0243618657008966,-0.7496074766100005],""has_data"":true,""last_update_ts"":1784118810.5886538,""raw"":[17422,15291,17707]},""ring"":{""age_s"":0.009162425994873047,""channels"":3,""force"":[0.27351567413599653,0.25671488924999863],""has_data"":true,""last_update_ts"":1784118810.5886538,""raw"":[15801,16370,15623]},""thumb"":{""age_s"":0.009162425994873047,""channels"":3,""force"":[0.0,-2.220446049250313e-16],""has_data"":true,""last_update_ts"":1784118810.5886538,""raw"":[0,0,0]}}","{""ble"":{""connection_state"":""connected"",""counter"":998274,""finger_order"":""DexterController.Visualizer"",""last_error"":null,""last_sample_age_s"":0.009182743000565097,""reconnect_count"":0,""sample_hz"":20.0,""sample_sequence"":1471,""timestamp_us"":9775391520},""fingers"":{""index"":{""has_data"":true,""last_update_ts"":1784118810.5886538,""mapped"":true},""middle"":{""has_data"":true,""last_update_ts"":1784118810.5886538,""mapped"":true},""pinky"":{""has_data"":true,""last_update_ts"":1784118810.5886538,""mapped"":true},""ring"":{""has_data"":true,""last_update_ts"":1784118810.5886538,""mapped"":true},""thumb"":{""has_data"":true,""last_update_ts"":1784118810.5886538,""mapped"":true}},""ports"":{""available"":[""BLE:Dexter""],""unavailable"":[]}}"
1784118810.647943,1784118810.6478155,1473,ble,"{""index"":{""age_s"":0.009157180786132812,""channels"":3,""force"":[0.23121448024501667,3.785226350789997],""has_data"":true,""last_update_ts"":1784118810.6386583,""raw"":[19230,19711,12651]},""middle"":{""age_s"":0.009157180786132812,""channels"":3,""force"":[-0.18843259096891174,-0.33303553200000113],""has_data"":true,""last_update_ts"":1784118810.6386583,""raw"":[15839,15447,16243]},""pinky"":{""age_s"":0.009157180786132812,""channels"":3,""force"":[0.9988850102892854,0.2347900500599991],""has_data"":true,""last_update_ts"":1784118810.6386583,""raw"":[16820,18898,17436]},""ring"":{""age_s"":0.009157180786132812,""channels"":3,""force"":[0.36196362499895685,0.6763396595699991],""has_data"":true,""last_update_ts"":1784118810.6386583,""raw"":[15713,16466,14871]},""thumb"":{""age_s"":0.009157180786132812,""channels"":3,""force"":[0.0,-2.220446049250313e-16],""has_data"":true,""last_update_ts"":1784118810.6386583,""raw"":[0,0,0]}}","{""ble"":{""connection_state"":""connected"",""counter"":998280,""finger_order"":""DexterController.Visualizer"",""last_error"":null,""last_sample_age_s"":0.009177404004731216,""reconnect_count"":0,""sample_hz"":20.0,""sample_sequence"":1472,""timestamp_us"":9775448064},""fingers"":{""index"":{""has_data"":true,""last_update_ts"":1784118810.6386583,""mapped"":true},""middle"":{""has_data"":true,""last_update_ts"":1784118810.6386583,""mapped"":true},""pinky"":{""has_data"":true,""last_update_ts"":1784118810.6386583,""mapped"":true},""ring"":{""has_data"":true,""last_update_ts"":1784118810.6386583,""mapped"":true},""thumb"":{""has_data"":true,""last_update_ts"":1784118810.6386583,""mapped"":true}},""ports"":{""available"":[""BLE:Dexter""],""unavailable"":[]}}"
1784118810.697927,1784118810.697802,1474,ble,"{""index"":{""age_s"":0.009151220321655273,""channels"":3,""force"":[0.16824338479367107,4.956123775379998],""has_data"":true,""last_update_ts"":1784118810.6886508,""raw"":[20018,20368,11264]},""middle"":{""age_s"":0.009151220321655273,""channels"":3,""force"":[0.0004806953851268503,-0.6097325531700033],""has_data"":true,""last_update_ts"":1784118810.6886508,""raw"":[15639,15640,16738]},""pinky"":{""age_s"":0.009151220321655273,""channels"":3,""force"":[-1.0243618657008948,-0.7462771212900021],""has_data"":true,""last_update_ts"":1784118810.6886508,""raw"":[17418,15287,17697]},""ring"":{""age_s"":0.009151220321655273,""channels"":3,""force"":[0.27111219721037294,0.2547721819799973],""has_data"":true,""last_update_ts"":1784118810.6886508,""raw"":[15801,16365,15624]},""thumb"":{""age_s"":0.009151220321655273,""channels"":3,""force"":[0.0,-2.220446049250313e-16],""has_data"":true,""last_update_ts"":1784118810.6886508,""raw"":[0,0,0]}}","{""ble"":{""connection_state"":""connected"",""counter"":998285,""finger_order"":""DexterController.Visualizer"",""last_error"":null,""last_sample_age_s"":0.009169999000732787,""reconnect_count"":0,""sample_hz"":20.0,""sample_sequence"":1473,""timestamp_us"":9775495040},""fingers"":{""index"":{""has_data"":true,""last_update_ts"":1784118810.6886508,""mapped"":true},""middle"":{""has_data"":true,""last_update_ts"":1784118810.6886508,""mapped"":true},""pinky"":{""has_data"":true,""last_update_ts"":1784118810.6886508,""mapped"":true},""ring"":{""has_data"":true,""last_update_ts"":1784118810.6886508,""mapped"":true},""thumb"":{""has_data"":true,""last_update_ts"":1784118810.6886508,""mapped"":true}},""ports"":{""available"":[""BLE:Dexter""],""unavailable"":[]}}"
1784118810.7479193,1784118810.7478004,1475,ble,"{""index"":{""age_s"":0.009151697158813477,""channels"":3,""force"":[0.24948090487975882,5.942186479709998],""has_data"":true,""last_update_ts"":1784118810.7386487,""raw"":[20520,21039,10074]},""middle"":{""age_s"":0.009151697158813477,""channels"":3,""force"":[0.32639216649972447,-0.909464531970003],""has_data"":true,""last_update_ts"":1784118810.7386487,""raw"":[15168,15847,17146]},""pinky"":{""age_s"":0.009151697158813477,""channels"":3,""force"":[-1.021477693390148,-0.7607086610100025],""has_data"":true,""last_update_ts"":1784118810.7386487,""raw"":[17404,15279,17712]},""ring"":{""age_s"":0.009151697158813477,""channels"":3,""force"":[0.27399636952112516,0.2414507606999967],""has_data"":true,""last_update_ts"":1784118810.7386487,""raw"":[15795,16365,15645]},""thumb"":{""age_s"":0.009151697158813477,""channels"":3,""force"":[0.0,-2.220446049250313e-16],""has_data"":true,""last_update_ts"":1784118810.7386487,""raw"":[0,0,0]}}","{""ble"":{""connection_state"":""connected"",""counter"":998290,""finger_order"":""DexterController.Visualizer"",""last_error"":null,""last_sample_age_s"":0.009168234988464974,""reconnect_count"":0,""sample_hz"":20.0,""sample_sequence"":1474,""timestamp_us"":9775541984},""fingers"":{""index"":{""has_data"":true,""last_update_ts"":1784118810.7386487,""mapped"":true},""middle"":{""has_data"":true,""last_update_ts"":1784118810.7386487,""mapped"":true},""pinky"":{""has_data"":true,""last_update_ts"":1784118810.7386487,""mapped"":true},""ring"":{""has_data"":true,""last_update_ts"":1784118810.7386487,""mapped"":true},""thumb"":{""has_data"":true,""last_update_ts"":1784118810.7386487,""mapped"":true}},""ports"":{""available"":[""BLE:Dexter""],""unavailable"":[]}}"
1784118810.7979255,1784118810.7978015,1476,ble,"{""index"":{""age_s"":0.009143590927124023,""channels"":3,""force"":[0.5484734344273701,6.697067018909999],""has_data"":true,""last_update_ts"":1784118810.788658,""raw"":[20668,21809,9173]},""middle"":{""age_s"":0.009143590927124023,""channels"":3,""force"":[0.5830835021563541,-1.1753378983499996],""has_data"":true,""last_update_ts"":1784118810.788658,""raw"":[14786,15999,17510]},""pinky"":{""age_s"":0.009143590927124023,""channels"":3,""force"":[-1.0229197795455214,-0.7504400654400012],""has_data"":true,""last_update_ts"":1784118810.788658,""raw"":[17414,15286,17702]},""ring"":{""age_s"":0.009143590927124023,""channels"":3,""force"":[0.2807261049128691,0.25588230041999704],""has_data"":true,""last_update_ts"":1784118810.788658,""raw"":[15796,16380,15627]},""thumb"":{""age_s"":0.009143590927124023,""channels"":3,""force"":[0.0,-2.220446049250313e-16],""has_data"":true,""last_update_ts"":1784118810.788658,""raw"":[0,0,0]}}","{""ble"":{""connection_state"":""connected"",""counter"":998296,""finger_order"":""DexterController.Visualizer"",""last_error"":null,""last_sample_age_s"":0.009162454007309861,""reconnect_count"":0,""sample_hz"":20.0,""sample_sequence"":1475,""timestamp_us"":9775598496},""fingers"":{""index"":{""has_data"":true,""last_update_ts"":1784118810.788658,""mapped"":true},""middle"":{""has_data"":true,""last_update_ts"":1784118810.788658,""mapped"":true},""pinky"":{""has_data"":true,""last_update_ts"":1784118810.788658,""mapped"":true},""ring"":{""has_data"":true,""last_update_ts"":1784118810.788658,""mapped"":true},""thumb"":{""has_data"":true,""last_update_ts"":1784118810.788658,""mapped"":true}},""ports"":{""available"":[""BLE:Dexter""],""unavailable"":[]}}"
1784118810.8479486,1784118810.8478224,1477,ble,"{""index"":{""age_s"":0.009163379669189453,""channels"":3,""force"":[0.6325951268242047,7.312350164279999],""has_data"":true,""last_update_ts"":1784118810.838659,""raw"":[20952,22268,8436]},""middle"":{""age_s"":0.009163379669189453,""channels"":3,""force"":[0.6566298960804442,-1.1756154279600022],""has_data"":true,""last_update_ts"":1784118810.838659,""raw"":[14753,16119,17554]},""pinky"":{""age_s"":0.009163379669189453,""channels"":3,""force"":[-1.0238811703157733,-0.7404489994800008],""has_data"":true,""last_update_ts"":1784118810.838659,""raw"":[17420,15290,17689]},""ring"":{""age_s"":0.009163379669189453,""channels"":3,""force"":[0.2908207080004903,0.2661508959899983],""has_data"":true,""last_update_ts"":1784118810.838659,""raw"":[15792,16397,15615]},""thumb"":{""age_s"":0.009163379669189453,""channels"":3,""force"":[0.0,-2.220446049250313e-16],""has_data"":true,""last_update_ts"":1784118810.838659,""raw"":[0,0,0]}}","{""ble"":{""connection_state"":""connected"",""counter"":998301,""finger_order"":""DexterController.Visualizer"",""last_error"":null,""last_sample_age_s"":0.009184187001665123,""reconnect_count"":0,""sample_hz"":20.0,""sample_sequence"":1476,""timestamp_us"":9775645472},""fingers"":{""index"":{""has_data"":true,""last_update_ts"":1784118810.838659,""mapped"":true},""middle"":{""has_data"":true,""last_update_ts"":1784118810.838659,""mapped"":true},""pinky"":{""has_data"":true,""last_update_ts"":1784118810.838659,""mapped"":true},""ring"":{""has_data"":true,""last_update_ts"":1784118810.838659,""mapped"":true},""thumb"":{""has_data"":true,""last_update_ts"":1784118810.838659,""mapped"":true}},""ports"":{""available"":[""BLE:Dexter""],""unavailable"":[]}}"
1784118810.897951,1784118810.897806,1478,ble,"{""index"":{""age_s"":0.009147167205810547,""channels"":3,""force"":[0.715755428450791,7.723926575909998],""has_data"":true,""last_update_ts"":1784118810.8886588,""raw"":[21151,22640,7980]},""middle"":{""age_s"":0.009147167205810547,""channels"":3,""force"":[0.629230259128331,-1.2852396239100017],""has_data"":true,""last_update_ts"":1784118810.8886588,""raw"":[14739,16048,17709]},""pinky"":{""age_s"":0.009147167205810547,""channels"":3,""force"":[-1.0234004749306482,-0.7462771212900012],""has_data"":true,""last_update_ts"":1784118810.8886588,""raw"":[17420,15291,17700]},""ring"":{""age_s"":0.009147167205810547,""channels"":3,""force"":[0.2768805418318703,0.24644629367999826],""has_data"":true,""last_update_ts"":1784118810.8886588,""raw"":[15792,16368,15636]},""thumb"":{""age_s"":0.009147167205810547,""channels"":3,""force"":[0.0,-2.220446049250313e-16],""has_data"":true,""last_update_ts"":1784118810.8886588,""raw"":[0,0,0]}}","{""ble"":{""connection_state"":""connected"",""counter"":998306,""finger_order"":""DexterController.Visualizer"",""last_error"":null,""last_sample_age_s"":0.009172001999104396,""reconnect_count"":0,""sample_hz"":20.0,""sample_sequence"":1477,""timestamp_us"":9775692448},""fingers"":{""index"":{""has_data"":true,""last_update_ts"":1784118810.8886588,""mapped"":true},""middle"":{""has_data"":true,""last_update_ts"":1784118810.8886588,""mapped"":true},""pinky"":{""has_data"":true,""last_update_ts"":1784118810.8886588,""mapped"":true},""ring"":{""has_data"":true,""last_update_ts"":1784118810.8886588,""mapped"":true},""thumb"":{""has_data"":true,""last_update_ts"":1784118810.8886588,""mapped"":true}},""ports"":{""available"":[""BLE:Dexter""],""unavailable"":[]}}"
1784118810.9479716,1784118810.9478269,1479,ble,"{""index"":{""age_s"":0.009164094924926758,""channels"":3,""force"":[0.8686165609204686,7.921527658229999],""has_data"":true,""last_update_ts"":1784118810.9386628,""raw"":[21038,22845,7670]},""middle"":{""age_s"":0.009164094924926758,""channels"":3,""force"":[0.45617992048341094,-1.0382382710100009],""has_data"":true,""last_update_ts"":1784118810.9386628,""raw"":[15040,15989,17385]},""pinky"":{""age_s"":0.009164094924926758,""channels"":3,""force"":[-0.5282842282521294,-0.5064915382500033],""has_data"":true,""last_update_ts"":1784118810.9386628,""raw"":[17272,16173,17635]},""ring"":{""age_s"":0.009164094924926758,""channels"":3,""force"":[0.3023573972434832,0.3571806080700002],""has_data"":true,""last_update_ts"":1784118810.9386628,""raw"":[15768,16397,15439]},""thumb"":{""age_s"":0.009164094924926758,""channels"":3,""force"":[0.0,-2.220446049250313e-16],""has_data"":true,""last_update_ts"":1784118810.9386628,""raw"":[0,0,0]}}","{""ble"":{""connection_state"":""connected"",""counter"":998312,""finger_order"":""DexterController.Visualizer"",""last_error"":null,""last_sample_age_s"":0.009189406991936266,""reconnect_count"":0,""sample_hz"":20.0,""sample_sequence"":1478,""timestamp_us"":9775748736},""fingers"":{""index"":{""has_data"":true,""last_update_ts"":1784118810.9386628,""mapped"":true},""middle"":{""has_data"":true,""last_update_ts"":1784118810.9386628,""mapped"":true},""pinky"":{""has_data"":true,""last_update_ts"":1784118810.9386628,""mapped"":true},""ring"":{""has_data"":true,""last_update_ts"":1784118810.9386628,""mapped"":true},""thumb"":{""has_data"":true,""last_update_ts"":1784118810.9386628,""mapped"":true}},""ports"":{""available"":[""BLE:Dexter""],""unavailable"":[]}}"
1784118810.997958,1784118810.9978297,1480,ble,"{""index"":{""age_s"":0.009170293807983398,""channels"":3,""force"":[0.8546763947518521,7.950113208059998],""has_data"":true,""last_update_ts"":1784118810.9886594,""raw"":[21088,22866,7654]},""middle"":{""age_s"":0.009170293807983398,""channels"":3,""force"":[0.20621832021852704,-0.8450776624500005],""has_data"":true,""last_update_ts"":1784118810.9886594,""raw"":[15444,15873,17181]},""pinky"":{""age_s"":0.009170293807983398,""channels"":3,""force"":[-1.0238811703157715,-0.73989394026],""has_data"":true,""last_update_ts"":1784118810.9886594,""raw"":[17427,15297,17695]},""ring"":{""age_s"":0.009170293807983398,""channels"":3,""force"":[0.271592892595498,0.2533845339299994],""has_data"":true,""last_update_ts"":1784118810.9886594,""raw"":[15804,16369,15630]},""thumb"":{""age_s"":0.009170293807983398,""channels"":3,""force"":[0.0,-2.220446049250313e-16],""has_data"":true,""last_update_ts"":1784118810.9886594,""raw"":[0,0,0]}}","{""ble"":{""connection_state"":""connected"",""counter"":998317,""finger_order"":""DexterController.Visualizer"",""last_error"":null,""last_sample_age_s"":0.009190448996378109,""reconnect_count"":0,""sample_hz"":20.0,""sample_sequence"":1479,""timestamp_us"":9775795744},""fingers"":{""index"":{""has_data"":true,""last_update_ts"":1784118810.9886594,""mapped"":true},""middle"":{""has_data"":true,""last_update_ts"":1784118810.9886594,""mapped"":true},""pinky"":{""has_data"":true,""last_update_ts"":1784118810.9886594,""mapped"":true},""ring"":{""has_data"":true,""last_update_ts"":1784118810.9886594,""mapped"":true},""thumb"":{""has_data"":true,""last_update_ts"":1784118810.9886594,""mapped"":true}},""ports"":{""available"":[""BLE:Dexter""],""unavailable"":[]}}"
1784118811.0479765,1784118811.047831,1481,ble,"{""index"":{""age_s"":0.009172201156616211,""channels"":3,""force"":[1.1310762411985955,7.843819367429998],""has_data"":true,""last_update_ts"":1784118811.0386589,""raw"":[20789,23142,7834]},""middle"":{""age_s"":0.009172201156616211,""channels"":3,""force"":[0.31870104033772684,-0.9305567823300009],""has_data"":true,""last_update_ts"":1784118811.0386589,""raw"":[15283,15946,17291]},""pinky"":{""age_s"":0.009172201156616211,""channels"":3,""force"":[-1.0234004749306465,-0.7440568844100008],""has_data"":true,""last_update_ts"":1784118811.0386589,""raw"":[17419,15290,17695]},""ring"":{""age_s"":0.009172201156616211,""channels"":3,""force"":[0.2739963695211216,0.251996885879997],""has_data"":true,""last_update_ts"":1784118811.0386589,""raw"":[15798,16368,15629]},""thumb"":{""age_s"":0.009172201156616211,""channels"":3,""force"":[0.0,-2.220446049250313e-16],""has_data"":true,""last_update_ts"":1784118811.0386589,""raw"":[0,0,0]}}","{""ble"":{""connection_state"":""connected"",""counter"":998322,""finger_order"":""DexterController.Visualizer"",""last_error"":null,""last_sample_age_s"":0.009198015002766624,""reconnect_count"":0,""sample_hz"":20.0,""sample_sequence"":1480,""timestamp_us"":9775842720},""fingers"":{""index"":{""has_data"":true,""last_update_ts"":1784118811.0386589,""mapped"":true},""middle"":{""has_data"":true,""last_update_ts"":1784118811.0386589,""mapped"":true},""pinky"":{""has_data"":true,""last_update_ts"":1784118811.0386589,""mapped"":true},""ring"":{""has_data"":true,""last_update_ts"":1784118811.0386589,""mapped"":true},""thumb"":{""has_data"":true,""last_update_ts"":1784118811.0386589,""mapped"":true}},""ports"":{""available"":[""BLE:Dexter""],""unavailable"":[]}}"
1784118811.0979457,1784118811.097818,1482,ble,"{""index"":{""age_s"":0.009158134460449219,""channels"":3,""force"":[1.120020247340726,7.854087962999999],""has_data"":true,""last_update_ts"":1784118811.0886598,""raw"":[20785,23115,7800]},""middle"":{""age_s"":0.009158134460449219,""channels"":3,""force"":[0.07643056623483702,-0.7268500485900011],""has_data"":true,""last_update_ts"":1784118811.0886598,""raw"":[15627,15786,17016]},""pinky"":{""age_s"":0.009158134460449219,""channels"":3,""force"":[-0.5287649236372509,-0.5034387125400013],""has_data"":true,""last_update_ts"":1784118811.0886598,""raw"":[17275,16175,17632]},""ring"":{""age_s"":0.009158134460449219,""channels"":3,""force"":[0.2956276618517357,0.3682817924699977],""has_data"":true,""last_update_ts"":1784118811.0886598,""raw"":[15780,16395,15424]},""thumb"":{""age_s"":0.009158134460449219,""channels"":3,""force"":[0.0,-2.220446049250313e-16],""has_data"":true,""last_update_ts"":1784118811.0886598,""raw"":[0,0,0]}}","{""ble"":{""connection_state"":""connected"",""counter"":998327,""finger_order"":""DexterController.Visualizer"",""last_error"":null,""last_sample_age_s"":0.009178335996693932,""reconnect_count"":0,""sample_hz"":20.0,""sample_sequence"":1481,""timestamp_us"":9775889728},""fingers"":{""index"":{""has_data"":true,""last_update_ts"":1784118811.0886598,""mapped"":true},""middle"":{""has_data"":true,""last_update_ts"":1784118811.0886598,""mapped"":true},""pinky"":{""has_data"":true,""last_update_ts"":1784118811.0886598,""mapped"":true},""ring"":{""has_data"":true,""last_update_ts"":1784118811.0886598,""mapped"":true},""thumb"":{""has_data"":true,""last_update_ts"":1784118811.0886598,""mapped"":true}},""ports"":{""available"":[""BLE:Dexter""],""unavailable"":[]}}"
1784118811.1479242,1784118811.1478002,1483,ble,"{""index"":{""age_s"":0.009140968322753906,""channels"":3,""force"":[1.1632828320019577,7.872404917259996],""has_data"":true,""last_update_ts"":1784118811.1386592,""raw"":[20725,23145,7752]},""middle"":{""age_s"":0.009140968322753906,""channels"":3,""force"":[0.03797493542485597,-0.6347102180699977],""has_data"":true,""last_update_ts"":1784118811.1386592,""raw"":[15776,15855,16959]},""pinky"":{""age_s"":0.009140968322753906,""channels"":3,""force"":[-1.0234004749306482,-0.7446119436300016],""has_data"":true,""last_update_ts"":1784118811.1386592,""raw"":[17420,15291,17697]},""ring"":{""age_s"":0.009140968322753906,""channels"":3,""force"":[0.2763998464467452,0.2517193562699971],""has_data"":true,""last_update_ts"":1784118811.1386592,""raw"":[15793,16368,15627]},""thumb"":{""age_s"":0.009140968322753906,""channels"":3,""force"":[0.0,-2.220446049250313e-16],""has_data"":true,""last_update_ts"":1784118811.1386592,""raw"":[0,0,0]}}","{""ble"":{""connection_state"":""connected"",""counter"":998333,""finger_order"":""DexterController.Visualizer"",""last_error"":null,""last_sample_age_s"":0.009159508001175709,""reconnect_count"":0,""sample_hz"":20.0,""sample_sequence"":1482,""timestamp_us"":9775946176},""fingers"":{""index"":{""has_data"":true,""last_update_ts"":1784118811.1386592,""mapped"":true},""middle"":{""has_data"":true,""last_update_ts"":1784118811.1386592,""mapped"":true},""pinky"":{""has_data"":true,""last_update_ts"":1784118811.1386592,""mapped"":true},""ring"":{""has_data"":true,""last_update_ts"":1784118811.1386592,""mapped"":true},""thumb"":{""has_data"":true,""last_update_ts"":1784118811.1386592,""mapped"":true}},""ports"":{""available"":[""BLE:Dexter""],""unavailable"":[]}}"
1784118811.1979525,1784118811.1978238,1484,ble,"{""index"":{""age_s"":0.009172916412353516,""channels"":3,""force"":[1.2440396567029204,7.871294798819998],""has_data"":true,""last_update_ts"":1784118811.1886508,""raw"":[20619,23207,7732]},""middle"":{""age_s"":0.009172916412353516,""channels"":3,""force"":[0.11152132934894787,-0.6993746172000002],""has_data"":true,""last_update_ts"":1784118811.1886508,""raw"":[15690,15922,17066]},""pinky"":{""age_s"":0.009172916412353516,""channels"":3,""force"":[-1.0214776933901497,-0.7457220620700031],""has_data"":true,""last_update_ts"":1784118811.1886508,""raw"":[17420,15295,17701]},""ring"":{""age_s"":0.009172916412353516,""channels"":3,""force"":[0.2725542833657446,0.2528294747099986],""has_data"":true,""last_update_ts"":1784118811.1886508,""raw"":[15804,16371,15632]},""thumb"":{""age_s"":0.009172916412353516,""channels"":3,""force"":[0.0,-2.220446049250313e-16],""has_data"":true,""last_update_ts"":1784118811.1886508,""raw"":[0,0,0]}}","{""ble"":{""connection_state"":""connected"",""counter"":998338,""finger_order"":""DexterController.Visualizer"",""last_error"":null,""last_sample_age_s"":0.00919367499591317,""reconnect_count"":0,""sample_hz"":20.0,""sample_sequence"":1483,""timestamp_us"":9775993248},""fingers"":{""index"":{""has_data"":true,""last_update_ts"":1784118811.1886508,""mapped"":true},""middle"":{""has_data"":true,""last_update_ts"":1784118811.1886508,""mapped"":true},""pinky"":{""has_data"":true,""last_update_ts"":1784118811.1886508,""mapped"":true},""ring"":{""has_data"":true,""last_update_ts"":1784118811.1886508,""mapped"":true},""thumb"":{""has_data"":true,""last_update_ts"":1784118811.1886508,""mapped"":true}},""ports"":{""available"":[""BLE:Dexter""],""unavailable"":[]}}"
1784118811.247974,1784118811.2478294,1485,ble,"{""index"":{""age_s"":0.009169816970825195,""channels"":3,""force"":[1.294031976755896,7.889056693859997],""has_data"":true,""last_update_ts"":1784118811.2386596,""raw"":[20544,23236,7677]},""middle"":{""age_s"":0.009169816970825195,""channels"":3,""force"":[0.1999692802119064,-1.1317657495800022],""has_data"":true,""last_update_ts"":1784118811.2386596,""raw"":[15368,15784,17615]},""pinky"":{""age_s"":0.009169816970825195,""channels"":3,""force"":[-1.0243618657008948,-0.7507175950500011],""has_data"":true,""last_update_ts"":1784118811.2386596,""raw"":[17419,15288,17706]},""ring"":{""age_s"":0.009169816970825195,""channels"":3,""force"":[0.2759191510616219,0.2542171227599965],""has_data"":true,""last_update_ts"":1784118811.2386596,""raw"":[15800,16374,15629]},""thumb"":{""age_s"":0.009169816970825195,""channels"":3,""force"":[0.0,-2.220446049250313e-16],""has_data"":true,""last_update_ts"":1784118811.2386596,""raw"":[0,0,0]}}","{""ble"":{""connection_state"":""connected"",""counter"":998343,""finger_order"":""DexterController.Visualizer"",""last_error"":null,""last_sample_age_s"":0.009194457001285627,""reconnect_count"":0,""sample_hz"":20.0,""sample_sequence"":1484,""timestamp_us"":9776040160},""fingers"":{""index"":{""has_data"":true,""last_update_ts"":1784118811.2386596,""mapped"":true},""middle"":{""has_data"":true,""last_update_ts"":1784118811.2386596,""mapped"":true},""pinky"":{""has_data"":true,""last_update_ts"":1784118811.2386596,""mapped"":true},""ring"":{""has_data"":true,""last_update_ts"":1784118811.2386596,""mapped"":true},""thumb"":{""has_data"":true,""last_update_ts"":1784118811.2386596,""mapped"":true}},""ports"":{""available"":[""BLE:Dexter""],""unavailable"":[]}}"
1784118811.2979715,1784118811.297832,1486,ble,"{""index"":{""age_s"":0.00917196273803711,""channels"":3,""force"":[1.2224083643723027,7.9387344940499975],""has_data"":true,""last_update_ts"":1784118811.28866,""raw"":[20617,23160,7586]},""middle"":{""age_s"":0.00917196273803711,""channels"":3,""force"":[0.1326719262944387,-1.344353430840001],""has_data"":true,""last_update_ts"":1784118811.28866,""raw"":[15286,15562,17846]},""pinky"":{""age_s"":0.00917196273803711,""channels"":3,""force"":[-1.0243618657008966,-0.7407265290899989],""has_data"":true,""last_update_ts"":1784118811.28866,""raw"":[17422,15291,17691]},""ring"":{""age_s"":0.00917196273803711,""channels"":3,""force"":[0.2759191510616219,0.2542171227599983],""has_data"":true,""last_update_ts"":1784118811.28866,""raw"":[15796,16370,15625]},""thumb"":{""age_s"":0.00917196273803711,""channels"":3,""force"":[0.0,-2.220446049250313e-16],""has_data"":true,""last_update_ts"":1784118811.28866,""raw"":[0,0,0]}}","{""ble"":{""connection_state"":""connected"",""counter"":998349,""finger_order"":""DexterController.Visualizer"",""last_error"":null,""last_sample_age_s"":0.009197413004585542,""reconnect_count"":0,""sample_hz"":20.0,""sample_sequence"":1485,""timestamp_us"":9776096480},""fingers"":{""index"":{""has_data"":true,""last_update_ts"":1784118811.28866,""mapped"":true},""middle"":{""has_data"":true,""last_update_ts"":1784118811.28866,""mapped"":true},""pinky"":{""has_data"":true,""last_update_ts"":1784118811.28866,""mapped"":true},""ring"":{""has_data"":true,""last_update_ts"":1784118811.28866,""mapped"":true},""thumb"":{""has_data"":true,""last_update_ts"":1784118811.28866,""mapped"":true}},""ports"":{""available"":[""BLE:Dexter""],""unavailable"":[]}}"
1784118811.347976,1784118811.3478317,1487,ble,"{""index"":{""age_s"":0.009178876876831055,""channels"":3,""force"":[1.251730782864918,7.881285864779997],""has_data"":true,""last_update_ts"":1784118811.3386528,""raw"":[20612,23216,7715]},""middle"":{""age_s"":0.009178876876831055,""channels"":3,""force"":[0.03605215388435745,-1.4117931260700018],""has_data"":true,""last_update_ts"":1784118811.3386528,""raw"":[15337,15412,17918]},""pinky"":{""age_s"":0.009178876876831055,""channels"":3,""force"":[-1.02484256108602,-0.7437793548000027],""has_data"":true,""last_update_ts"":1784118811.3386528,""raw"":[17419,15287,17693]},""ring"":{""age_s"":0.009178876876831055,""channels"":3,""force"":[0.2759191510616237,0.25144182665999804],""has_data"":true,""last_update_ts"":1784118811.3386528,""raw"":[15790,16364,15624]},""thumb"":{""age_s"":0.009178876876831055,""channels"":3,""force"":[0.0,-2.220446049250313e-16],""has_data"":true,""last_update_ts"":1784118811.3386528,""raw"":[0,0,0]}}","{""ble"":{""connection_state"":""connected"",""counter"":998354,""finger_order"":""DexterController.Visualizer"",""last_error"":null,""last_sample_age_s"":0.009203494992107153,""reconnect_count"":0,""sample_hz"":20.0,""sample_sequence"":1486,""timestamp_us"":9776143456},""fingers"":{""index"":{""has_data"":true,""last_update_ts"":1784118811.3386528,""mapped"":true},""middle"":{""has_data"":true,""last_update_ts"":1784118811.3386528,""mapped"":true},""pinky"":{""has_data"":true,""last_update_ts"":1784118811.3386528,""mapped"":true},""ring"":{""has_data"":true,""last_update_ts"":1784118811.3386528,""mapped"":true},""thumb"":{""has_data"":true,""last_update_ts"":1784118811.3386528,""mapped"":true}},""ports"":{""available"":[""BLE:Dexter""],""unavailable"":[]}}"
1784118811.397966,1784118811.397832,1488,ble,"{""index"":{""age_s"":0.009171724319458008,""channels"":3,""force"":[1.3781536691527307,7.7638908397499975],""has_data"":true,""last_update_ts"":1784118811.3886602,""raw"":[20453,23320,7899]},""middle"":{""age_s"":0.009171724319458008,""channels"":3,""force"":[0.04662745235710375,-1.2857946831300016],""has_data"":true,""last_update_ts"":1784118811.3886602,""raw"":[15407,15504,17772]},""pinky"":{""age_s"":0.009171724319458008,""channels"":3,""force"":[-1.02580395185627,-0.7454445324600014],""has_data"":true,""last_update_ts"":1784118811.3886602,""raw"":[17426,15292,17702]},""ring"":{""age_s"":0.009171724319458008,""channels"":3,""force"":[0.2773612372169971,0.25504971158999723],""has_data"":true,""last_update_ts"":1784118811.3886602,""raw"":[15800,16377,15629]},""thumb"":{""age_s"":0.009171724319458008,""channels"":3,""force"":[0.0,-2.220446049250313e-16],""has_data"":true,""last_update_ts"":1784118811.3886602,""raw"":[0,0,0]}}","{""ble"":{""connection_state"":""connected"",""counter"":998359,""finger_order"":""DexterController.Visualizer"",""last_error"":null,""last_sample_age_s"":0.009197513005346991,""reconnect_count"":0,""sample_hz"":20.0,""sample_sequence"":1487,""timestamp_us"":9776190304},""fingers"":{""index"":{""has_data"":true,""last_update_ts"":1784118811.3886602,""mapped"":true},""middle"":{""has_data"":true,""last_update_ts"":1784118811.3886602,""mapped"":true},""pinky"":{""has_data"":true,""last_update_ts"":1784118811.3886602,""mapped"":true},""ring"":{""has_data"":true,""last_update_ts"":1784118811.3886602,""mapped"":true},""thumb"":{""has_data"":true,""last_update_ts"":1784118811.3886602,""mapped"":true}},""ports"":{""available"":[""BLE:Dexter""],""unavailable"":[]}}"
1784118811.4479764,1784118811.4478328,1489,ble,"{""index"":{""age_s"":0.009181022644042969,""channels"":3,""force"":[1.3651748937543626,7.280711788739999],""has_data"":true,""last_update_ts"":1784118811.4386518,""raw"":[20249,23089,8552]},""middle"":{""age_s"":0.009181022644042969,""channels"":3,""force"":[0.033167981573608785,-1.2813542093700008],""has_data"":true,""last_update_ts"":1784118811.4386518,""raw"":[15393,15462,17736]},""pinky"":{""age_s"":0.009181022644042969,""channels"":3,""force"":[-1.0262846472413987,-0.739061351430002],""has_data"":true,""last_update_ts"":1784118811.4386518,""raw"":[17429,15294,17693]},""ring"":{""age_s"":0.009181022644042969,""channels"":3,""force"":[0.2879365356897381,0.2683711328699987],""has_data"":true,""last_update_ts"":1784118811.4386518,""raw"":[15805,16404,15621]},""thumb"":{""age_s"":0.009181022644042969,""channels"":3,""force"":[0.0,-2.220446049250313e-16],""has_data"":true,""last_update_ts"":1784118811.4386518,""raw"":[0,0,0]}}","{""ble"":{""connection_state"":""connected"",""counter"":998365,""finger_order"":""DexterController.Visualizer"",""last_error"":null,""last_sample_age_s"":0.009206111004459672,""reconnect_count"":0,""sample_hz"":20.0,""sample_sequence"":1488,""timestamp_us"":9776246752},""fingers"":{""index"":{""has_data"":true,""last_update_ts"":1784118811.4386518,""mapped"":true},""middle"":{""has_data"":true,""last_update_ts"":1784118811.4386518,""mapped"":true},""pinky"":{""has_data"":true,""last_update_ts"":1784118811.4386518,""mapped"":true},""ring"":{""has_data"":true,""last_update_ts"":1784118811.4386518,""mapped"":true},""thumb"":{""has_data"":true,""last_update_ts"":1784118811.4386518,""mapped"":true}},""ports"":{""available"":[""BLE:Dexter""],""unavailable"":[]}}"
1784118811.4979522,1784118811.4978244,1490,ble,"{""index"":{""age_s"":0.009167909622192383,""channels"":3,""force"":[1.2983582352220182,6.035436428669997],""has_data"":true,""last_update_ts"":1784118811.4886565,""raw"":[19623,22324,10100]},""middle"":{""age_s"":0.009167909622192383,""channels"":3,""force"":[0.02595755079673978,-1.1511928222800023],""has_data"":true,""last_update_ts"":1784118811.4886565,""raw"":[15382,15436,17483]},""pinky"":{""age_s"":0.009167909622192383,""channels"":3,""force"":[-1.0262846472413951,-0.7457220620700014],""has_data"":true,""last_update_ts"":1784118811.4886565,""raw"":[17422,15287,17698]},""ring"":{""age_s"":0.009167909622192383,""channels"":3,""force"":[0.2739963695211234,0.25532724119999806],""has_data"":true,""last_update_ts"":1784118811.4886565,""raw"":[15800,16370,15625]},""thumb"":{""age_s"":0.009167909622192383,""channels"":3,""force"":[0.0,-2.220446049250313e-16],""has_data"":true,""last_update_ts"":1784118811.4886565,""raw"":[0,0,0]}}","{""ble"":{""connection_state"":""connected"",""counter"":998370,""finger_order"":""DexterController.Visualizer"",""last_error"":null,""last_sample_age_s"":0.009187974996166304,""reconnect_count"":0,""sample_hz"":20.0,""sample_sequence"":1489,""timestamp_us"":9776293792},""fingers"":{""index"":{""has_data"":true,""last_update_ts"":1784118811.4886565,""mapped"":true},""middle"":{""has_data"":true,""last_update_ts"":1784118811.4886565,""mapped"":true},""pinky"":{""has_data"":true,""last_update_ts"":1784118811.4886565,""mapped"":true},""ring"":{""has_data"":true,""last_update_ts"":1784118811.4886565,""mapped"":true},""thumb"":{""has_data"":true,""last_update_ts"":1784118811.4886565,""mapped"":true}},""ports"":{""available"":[""BLE:Dexter""],""unavailable"":[]}}"
1784118811.5479507,1784118811.5478232,1491,ble,"{""index"":{""age_s"":0.009166717529296875,""channels"":3,""force"":[1.0830067026861183,3.675324625229999],""has_data"":true,""last_update_ts"":1784118811.5386565,""raw"":[18421,20674,12926]},""middle"":{""age_s"":0.009166717529296875,""channels"":3,""force"":[-0.30187670185835813,-0.06771722484000176],""has_data"":true,""last_update_ts"":1784118811.5386565,""raw"":[16264,15636,16072]},""pinky"":{""age_s"":0.009166717529296875,""channels"":3,""force"":[-1.02484256108602,-0.7654266643800014],""has_data"":true,""last_update_ts"":1784118811.5386565,""raw"":[17406,15274,17719]},""ring"":{""age_s"":0.009166717529296875,""channels"":3,""force"":[0.28457166799386613,0.24866653055999866],""has_data"":true,""last_update_ts"":1784118811.5386565,""raw"":[15787,16379,15635]},""thumb"":{""age_s"":0.009166717529296875,""channels"":3,""force"":[0.0,-2.220446049250313e-16],""has_data"":true,""last_update_ts"":1784118811.5386565,""raw"":[0,0,0]}}","{""ble"":{""connection_state"":""connected"",""counter"":998375,""finger_order"":""DexterController.Visualizer"",""last_error"":null,""last_sample_age_s"":0.009186691997456364,""reconnect_count"":0,""sample_hz"":20.0,""sample_sequence"":1490,""timestamp_us"":9776340800},""fingers"":{""index"":{""has_data"":true,""last_update_ts"":1784118811.5386565,""mapped"":true},""middle"":{""has_data"":true,""last_update_ts"":1784118811.5386565,""mapped"":true},""pinky"":{""has_data"":true,""last_update_ts"":1784118811.5386565,""mapped"":true},""ring"":{""has_data"":true,""last_update_ts"":1784118811.5386565,""mapped"":true},""thumb"":{""has_data"":true,""last_update_ts"":1784118811.5386565,""mapped"":true}},""ports"":{""available"":[""BLE:Dexter""],""unavailable"":[]}}"
1784118811.598055,1784118811.5978413,1492,ble,"{""index"":{""age_s"":0.00917816162109375,""channels"":3,""force"":[0.7311376807747845,1.8053301130499984],""has_data"":true,""last_update_ts"":1784118811.588663,""raw"":[17595,19116,15103]},""middle"":{""age_s"":0.00917816162109375,""channels"":3,""force"":[-0.7671898346591401,0.6677362416599975],""has_data"":true,""last_update_ts"":1784118811.588663,""raw"":[17149,15553,15148]},""pinky"":{""age_s"":0.00917816162109375,""channels"":3,""force"":[-1.0205163026198996,-0.7362860553300008],""has_data"":true,""last_update_ts"":1784118811.588663,""raw"":[17420,15297,17685]},""ring"":{""age_s"":0.00917816162109375,""channels"":3,""force"":[0.2783226279872437,0.27003631052999744],""has_data"":true,""last_update_ts"":1784118811.588663,""raw"":[15804,16383,15607]},""thumb"":{""age_s"":0.00917816162109375,""channels"":3,""force"":[0.0,-2.220446049250313e-16],""has_data"":true,""last_update_ts"":1784118811.588663,""raw"":[0,0,0]}}","{""ble"":{""connection_state"":""connected"",""counter"":998381,""finger_order"":""DexterController.Visualizer"",""last_error"":null,""last_sample_age_s"":0.009214086006977595,""reconnect_count"":0,""sample_hz"":20.0,""sample_sequence"":1491,""timestamp_us"":9776397280},""fingers"":{""index"":{""has_data"":true,""last_update_ts"":1784118811.588663,""mapped"":true},""middle"":{""has_data"":true,""last_update_ts"":1784118811.588663,""mapped"":true},""pinky"":{""has_data"":true,""last_update_ts"":1784118811.588663,""mapped"":true},""ring"":{""has_data"":true,""last_update_ts"":1784118811.588663,""mapped"":true},""thumb"":{""has_data"":true,""last_update_ts"":1784118811.588663,""mapped"":true}},""ports"":{""available"":[""BLE:Dexter""],""unavailable"":[]}}"
1784118811.6479826,1784118811.647837,1493,ble,"{""index"":{""age_s"":0.009180068969726562,""channels"":3,""force"":[0.38984395733619337,1.0754272387499961],""has_data"":true,""last_update_ts"":1784118811.6386569,""raw"":[17502,18313,15970]},""middle"":{""age_s"":0.009180068969726562,""channels"":3,""force"":[-1.0219583887752712,0.8486855473799988],""has_data"":true,""last_update_ts"":1784118811.6386569,""raw"":[17498,15372,14906]},""pinky"":{""age_s"":0.009180068969726562,""channels"":3,""force"":[-1.0234004749306465,-0.7440568844100008],""has_data"":true,""last_update_ts"":1784118811.6386569,""raw"":[17423,15294,17699]},""ring"":{""age_s"":0.009180068969726562,""channels"":3,""force"":[0.2735156741359983,0.25671488924999775],""has_data"":true,""last_update_ts"":1784118811.6386569,""raw"":[15799,16368,15621]},""thumb"":{""age_s"":0.009180068969726562,""channels"":3,""force"":[0.0,-2.220446049250313e-16],""has_data"":true,""last_update_ts"":1784118811.6386569,""raw"":[0,0,0]}}","{""ble"":{""connection_state"":""connected"",""counter"":998386,""finger_order"":""DexterController.Visualizer"",""last_error"":null,""last_sample_age_s"":0.00920530900475569,""reconnect_count"":0,""sample_hz"":20.0,""sample_sequence"":1492,""timestamp_us"":9776444320},""fingers"":{""index"":{""has_data"":true,""last_update_ts"":1784118811.6386569,""mapped"":true},""middle"":{""has_data"":true,""last_update_ts"":1784118811.6386569,""mapped"":true},""pinky"":{""has_data"":true,""last_update_ts"":1784118811.6386569,""mapped"":true},""ring"":{""has_data"":true,""last_update_ts"":1784118811.6386569,""mapped"":true},""thumb"":{""has_data"":true,""last_update_ts"":1784118811.6386569,""mapped"":true}},""ports"":{""available"":[""BLE:Dexter""],""unavailable"":[]}}"
1784118811.697952,1784118811.6978242,1494,ble,"{""index"":{""age_s"":0.009164094924926758,""channels"":3,""force"":[0.15959086786142684,0.6538597611599979],""has_data"":true,""last_update_ts"":1784118811.6886601,""raw"":[17476,17808,16464]},""middle"":{""age_s"":0.009164094924926758,""channels"":3,""force"":[-1.1695318720085766,0.9100195911899975],""has_data"":true,""last_update_ts"":1784118811.6886601,""raw"":[17691,15258,14835]},""pinky"":{""age_s"":0.009164094924926758,""channels"":3,""force"":[-1.0248425610860217,-0.7432242955800001],""has_data"":true,""last_update_ts"":1784118811.6886601,""raw"":[17426,15294,17699]},""ring"":{""age_s"":0.009164094924926758,""channels"":3,""force"":[0.27688054183187205,0.2542171227599965],""has_data"":true,""last_update_ts"":1784118811.6886601,""raw"":[15794,16370,15624]},""thumb"":{""age_s"":0.009164094924926758,""channels"":3,""force"":[0.0,-2.220446049250313e-16],""has_data"":true,""last_update_ts"":1784118811.6886601,""raw"":[0,0,0]}}","{""ble"":{""connection_state"":""connected"",""counter"":998391,""finger_order"":""DexterController.Visualizer"",""last_error"":null,""last_sample_age_s"":0.009184026988805272,""reconnect_count"":0,""sample_hz"":20.0,""sample_sequence"":1493,""timestamp_us"":9776491392},""fingers"":{""index"":{""has_data"":true,""last_update_ts"":1784118811.6886601,""mapped"":true},""middle"":{""has_data"":true,""last_update_ts"":1784118811.6886601,""mapped"":true},""pinky"":{""has_data"":true,""last_update_ts"":1784118811.6886601,""mapped"":true},""ring"":{""has_data"":true,""last_update_ts"":1784118811.6886601,""mapped"":true},""thumb"":{""has_data"":true,""last_update_ts"":1784118811.6886601,""mapped"":true}},""ports"":{""available"":[""BLE:Dexter""],""unavailable"":[]}}"
1784118811.7479608,1784118811.7478275,1495,ble,"{""index"":{""age_s"":0.009175777435302734,""channels"":3,""force"":[0.1365174893754375,0.29862186035999994],""has_data"":true,""last_update_ts"":1784118811.7386518,""raw"":[17256,17540,16860]},""middle"":{""age_s"":0.009175777435302734,""channels"":3,""force"":[-1.0036919641405309,0.911962298459998],""has_data"":true,""last_update_ts"":1784118811.7386518,""raw"":[17518,15430,14831]},""pinky"":{""age_s"":0.009175777435302734,""channels"":3,""force"":[-1.02580395185627,-0.7459995916799995],""has_data"":true,""last_update_ts"":1784118811.7386518,""raw"":[17426,15292,17703]},""ring"":{""age_s"":0.009175777435302734,""channels"":3,""force"":[0.2744770649062449,0.2506092378299982],""has_data"":true,""last_update_ts"":1784118811.7386518,""raw"":[15796,16367,15630]},""thumb"":{""age_s"":0.009175777435302734,""channels"":3,""force"":[0.0,-2.220446049250313e-16],""has_data"":true,""last_update_ts"":1784118811.7386518,""raw"":[0,0,0]}}","{""ble"":{""connection_state"":""connected"",""counter"":998397,""finger_order"":""DexterController.Visualizer"",""last_error"":null,""last_sample_age_s"":0.009201250999467447,""reconnect_count"":0,""sample_hz"":20.0,""sample_sequence"":1494,""timestamp_us"":9776547808},""fingers"":{""index"":{""has_data"":true,""last_update_ts"":1784118811.7386518,""mapped"":true},""middle"":{""has_data"":true,""last_update_ts"":1784118811.7386518,""mapped"":true},""pinky"":{""has_data"":true,""last_update_ts"":1784118811.7386518,""mapped"":true},""ring"":{""has_data"":true,""last_update_ts"":1784118811.7386518,""mapped"":true},""thumb"":{""has_data"":true,""last_update_ts"":1784118811.7386518,""mapped"":true}},""ports"":{""available"":[""BLE:Dexter""],""unavailable"":[]}}"
1784118811.7979615,1784118811.7978272,1496,ble,"{""index"":{""age_s"":0.009155988693237305,""channels"":3,""force"":[0.20910249252927926,0.09075218246999839],""has_data"":true,""last_update_ts"":1784118811.7886713,""raw"":[17012,17447,17066]},""middle"":{""age_s"":0.009155988693237305,""channels"":3,""force"":[-0.7984350346922522,0.9189005387099973],""has_data"":true,""last_update_ts"":1784118811.7886713,""raw"":[17320,15659,14834]},""pinky"":{""age_s"":0.009155988693237305,""channels"":3,""force"":[-1.0234004749306482,-0.7412815883100006],""has_data"":true,""last_update_ts"":1784118811.7886713,""raw"":[17421,15292,17692]},""ring"":{""age_s"":0.009155988693237305,""channels"":3,""force"":[0.28216819106824254,0.26337559988999715],""has_data"":true,""last_update_ts"":1784118811.7886713,""raw"":[15793,16380,15612]},""thumb"":{""age_s"":0.009155988693237305,""channels"":3,""force"":[0.0,-2.220446049250313e-16],""has_data"":true,""last_update_ts"":1784118811.7886713,""raw"":[0,0,0]}}","{""ble"":{""connection_state"":""connected"",""counter"":998402,""finger_order"":""DexterController.Visualizer"",""last_error"":null,""last_sample_age_s"":0.009181351997540332,""reconnect_count"":0,""sample_hz"":20.0,""sample_sequence"":1495,""timestamp_us"":9776594720},""fingers"":{""index"":{""has_data"":true,""last_update_ts"":1784118811.7886713,""mapped"":true},""middle"":{""has_data"":true,""last_update_ts"":1784118811.7886713,""mapped"":true},""pinky"":{""has_data"":true,""last_update_ts"":1784118811.7886713,""mapped"":true},""ring"":{""has_data"":true,""last_update_ts"":1784118811.7886713,""mapped"":true},""thumb"":{""has_data"":true,""last_update_ts"":1784118811.7886713,""mapped"":true}},""ports"":{""available"":[""BLE:Dexter""],""unavailable"":[]}}"
1784118811.8479695,1784118811.84783,1497,ble,"{""index"":{""age_s"":0.009171485900878906,""channels"":3,""force"":[0.18122216019204096,-0.02359001685000095],""has_data"":true,""last_update_ts"":1784118811.8386586,""raw"":[16974,17351,17205]},""middle"":{""age_s"":0.009171485900878906,""channels"":3,""force"":[-0.6840295330325556,0.8717205050099981],""has_data"":true,""last_update_ts"":1784118811.8386586,""raw"":[17152,15729,14870]},""pinky"":{""age_s"":0.009171485900878906,""channels"":3,""force"":[-1.0229197795455232,-0.7437793548000018],""has_data"":true,""last_update_ts"":1784118811.8386586,""raw"":[17421,15293,17697]},""ring"":{""age_s"":0.009171485900878906,""channels"":3,""force"":[0.2744770649062449,0.25449465236999735],""has_data"":true,""last_update_ts"":1784118811.8386586,""raw"":[15796,16367,15623]},""thumb"":{""age_s"":0.009171485900878906,""channels"":3,""force"":[0.0,-2.220446049250313e-16],""has_data"":true,""last_update_ts"":1784118811.8386586,""raw"":[0,0,0]}}","{""ble"":{""connection_state"":""connected"",""counter"":998407,""finger_order"":""DexterController.Visualizer"",""last_error"":null,""last_sample_age_s"":0.009196211001835763,""reconnect_count"":0,""sample_hz"":20.0,""sample_sequence"":1496,""timestamp_us"":9776641824},""fingers"":{""index"":{""has_data"":true,""last_update_ts"":1784118811.8386586,""mapped"":true},""middle"":{""has_data"":true,""last_update_ts"":1784118811.8386586,""mapped"":true},""pinky"":{""has_data"":true,""last_update_ts"":1784118811.8386586,""mapped"":true},""ring"":{""has_data"":true,""last_update_ts"":1784118811.8386586,""mapped"":true},""thumb"":{""has_data"":true,""last_update_ts"":1784118811.8386586,""mapped"":true}},""ports"":{""available"":[""BLE:Dexter""],""unavailable"":[]}}"
1784118811.8979614,1784118811.8978283,1498,ble,"{""index"":{""age_s"":0.009169578552246094,""channels"":3,""force"":[0.11536689242994846,-0.08103864612000145],""has_data"":true,""last_update_ts"":1784118811.8886588,""raw"":[17004,17244,17270]},""middle"":{""age_s"":0.009169578552246094,""channels"":3,""force"":[-0.6599947637763162,0.8006729248499989],""has_data"":true,""last_update_ts"":1784118811.8886588,""raw"":[17081,15708,14952]},""pinky"":{""age_s"":0.009169578552246094,""channels"":3,""force"":[-1.0214776933901497,-0.7440568844100017],""has_data"":true,""last_update_ts"":1784118811.8886588,""raw"":[17420,15295,17698]},""ring"":{""age_s"":0.009169578552246094,""channels"":3,""force"":[0.27543845567649683,0.2578250076899975],""has_data"":true,""last_update_ts"":1784118811.8886588,""raw"":[15799,16372,15621]},""thumb"":{""age_s"":0.009169578552246094,""channels"":3,""force"":[0.0,-2.220446049250313e-16],""has_data"":true,""last_update_ts"":1784118811.8886588,""raw"":[0,0,0]}}","{""ble"":{""connection_state"":""connected"",""counter"":998413,""finger_order"":""DexterController.Visualizer"",""last_error"":null,""last_sample_age_s"":0.009194807993480936,""reconnect_count"":0,""sample_hz"":20.0,""sample_sequence"":1497,""timestamp_us"":9776698368},""fingers"":{""index"":{""has_data"":true,""last_update_ts"":1784118811.8886588,""mapped"":true},""middle"":{""has_data"":true,""last_update_ts"":1784118811.8886588,""mapped"":true},""pinky"":{""has_data"":true,""last_update_ts"":1784118811.8886588,""mapped"":true},""ring"":{""has_data"":true,""last_update_ts"":1784118811.8886588,""mapped"":true},""thumb"":{""has_data"":true,""last_update_ts"":1784118811.8886588,""mapped"":true}},""ports"":{""available"":[""BLE:Dexter""],""unavailable"":[]}}"
1784118811.9479623,1784118811.9478288,1499,ble,"{""index"":{""age_s"":0.0091705322265625,""channels"":3,""force"":[0.10767576626795083,-0.08270382378000196],""has_data"":true,""last_update_ts"":1784118811.9386582,""raw"":[16992,17216,17253]},""middle"":{""age_s"":0.0091705322265625,""channels"":3,""force"":[-0.6772997976408099,0.7584884241299967],""has_data"":true,""last_update_ts"":1784118811.9386582,""raw"":[17068,15659,14997]},""pinky"":{""age_s"":0.0091705322265625,""channels"":3,""force"":[-1.021477693390148,-0.7407265290900034],""has_data"":true,""last_update_ts"":1784118811.9386582,""raw"":[17416,15291,17688]},""ring"":{""age_s"":0.0091705322265625,""channels"":3,""force"":[0.2860137541492431,0.25560477080999977],""has_data"":true,""last_update_ts"":1784118811.9386582,""raw"":[15794,16389,15631]},""thumb"":{""age_s"":0.0091705322265625,""channels"":3,""force"":[0.0,-2.220446049250313e-16],""has_data"":true,""last_update_ts"":1784118811.9386582,""raw"":[0,0,0]}}","{""ble"":{""connection_state"":""connected"",""counter"":998418,""finger_order"":""DexterController.Visualizer"",""last_error"":null,""last_sample_age_s"":0.00919539900496602,""reconnect_count"":0,""sample_hz"":20.0,""sample_sequence"":1498,""timestamp_us"":9776745472},""fingers"":{""index"":{""has_data"":true,""last_update_ts"":1784118811.9386582,""mapped"":true},""middle"":{""has_data"":true,""last_update_ts"":1784118811.9386582,""mapped"":true},""pinky"":{""has_data"":true,""last_update_ts"":1784118811.9386582,""mapped"":true},""ring"":{""has_data"":true,""last_update_ts"":1784118811.9386582,""mapped"":true},""thumb"":{""has_data"":true,""last_update_ts"":1784118811.9386582,""mapped"":true}},""ports"":{""available"":[""BLE:Dexter""],""unavailable"":[]}}"
1784118811.9979725,1784118811.997828,1500,ble,"{""index"":{""age_s"":0.009169340133666992,""channels"":3,""force"":[0.07210430776871668,-0.06161157342000312],""has_data"":true,""last_update_ts"":1784118811.9886587,""raw"":[17046,17196,17232]},""middle"":{""age_s"":0.009169340133666992,""channels"":3,""force"":[-0.6619175453168147,0.6524721131099991],""has_data"":true,""last_update_ts"":1784118811.9886587,""raw"":[16992,15615,15128]},""pinky"":{""age_s"":0.009169340133666992,""channels"":3,""force"":[-1.0243618657008966,-0.7362860553300008],""has_data"":true,""last_update_ts"":1784118811.9886587,""raw"":[17428,15297,17689]},""ring"":{""age_s"":0.009169340133666992,""channels"":3,""force"":[0.2739963695211216,0.26198795183999746],""has_data"":true,""last_update_ts"":1784118811.9886587,""raw"":[15802,16372,15615]},""thumb"":{""age_s"":0.009169340133666992,""channels"":3,""force"":[0.0,-2.220446049250313e-16],""has_data"":true,""last_update_ts"":1784118811.9886587,""raw"":[0,0,0]}}","{""ble"":{""connection_state"":""connected"",""counter"":998423,""finger_order"":""DexterController.Visualizer"",""last_error"":null,""last_sample_age_s"":0.009195930004352704,""reconnect_count"":0,""sample_hz"":20.0,""sample_sequence"":1499,""timestamp_us"":9776792384},""fingers"":{""index"":{""has_data"":true,""last_update_ts"":1784118811.9886587,""mapped"":true},""middle"":{""has_data"":true,""last_update_ts"":1784118811.9886587,""mapped"":true},""pinky"":{""has_data"":true,""last_update_ts"":1784118811.9886587,""mapped"":true},""ring"":{""has_data"":true,""last_update_ts"":1784118811.9886587,""mapped"":true},""thumb"":{""has_data"":true,""last_update_ts"":1784118811.9886587,""mapped"":true}},""ports"":{""available"":[""BLE:Dexter""],""unavailable"":[]}}"
1784118812.0479736,1784118812.047829,1501,ble,"{""index"":{""age_s"":0.009170055389404297,""channels"":3,""force"":[0.14468931092255843,-0.10129830765000047],""has_data"":true,""last_update_ts"":1784118812.0386589,""raw"":[16919,17220,17252]},""middle"":{""age_s"":0.009170055389404297,""channels"":3,""force"":[-0.6306723452837044,0.7804132633199989],""has_data"":true,""last_update_ts"":1784118812.0386589,""raw"":[17010,15698,14948]},""pinky"":{""age_s"":0.009170055389404297,""channels"":3,""force"":[-0.5580873421298644,-0.5153724857700022],""has_data"":true,""last_update_ts"":1784118812.0386589,""raw"":[17291,16130,17639]},""ring"":{""age_s"":0.009170055389404297,""channels"":3,""force"":[0.3071643510947304,0.3383085945899982],""has_data"":true,""last_update_ts"":1784118812.0386589,""raw"":[15752,16391,15462]},""thumb"":{""age_s"":0.009170055389404297,""channels"":3,""force"":[0.0,-2.220446049250313e-16],""has_data"":true,""last_update_ts"":1784118812.0386589,""raw"":[0,0,0]}}","{""ble"":{""connection_state"":""connected"",""counter"":998429,""finger_order"":""DexterController.Visualizer"",""last_error"":null,""last_sample_age_s"":0.009195359001751058,""reconnect_count"":0,""sample_hz"":20.0,""sample_sequence"":1500,""timestamp_us"":9776848736},""fingers"":{""index"":{""has_data"":true,""last_update_ts"":1784118812.0386589,""mapped"":true},""middle"":{""has_data"":true,""last_update_ts"":1784118812.0386589,""mapped"":true},""pinky"":{""has_data"":true,""last_update_ts"":1784118812.0386589,""mapped"":true},""ring"":{""has_data"":true,""last_update_ts"":1784118812.0386589,""mapped"":true},""thumb"":{""has_data"":true,""last_update_ts"":1784118812.0386589,""mapped"":true}},""ports"":{""available"":[""BLE:Dexter""],""unavailable"":[]}}"
1784118812.0979638,1784118812.0978296,1502,ble,"{""index"":{""age_s"":0.009169816970825195,""channels"":3,""force"":[0.16632060325317255,-0.1576368184800021],""has_data"":true,""last_update_ts"":1784118812.0886598,""raw"":[16869,17215,17326]},""middle"":{""age_s"":0.009169816970825195,""channels"":3,""force"":[-0.5720275082984845,0.760431131399999],""has_data"":true,""last_update_ts"":1784118812.0886598,""raw"":[16976,15786,15011]},""pinky"":{""age_s"":0.009169816970825195,""channels"":3,""force"":[-1.027246038011647,-0.7518277134900009],""has_data"":true,""last_update_ts"":1784118812.0886598,""raw"":[17420,15283,17706]},""ring"":{""age_s"":0.009169816970825195,""channels"":3,""force"":[0.27207358798062486,0.25366206353999843],""has_data"":true,""last_update_ts"":1784118812.0886598,""raw"":[15799,16365,15625]},""thumb"":{""age_s"":0.009169816970825195,""channels"":3,""force"":[0.0,-2.220446049250313e-16],""has_data"":true,""last_update_ts"":1784118812.0886598,""raw"":[0,0,0]}}","{""ble"":{""connection_state"":""connected"",""counter"":998434,""finger_order"":""DexterController.Visualizer"",""last_error"":null,""last_sample_age_s"":0.009197653998853639,""reconnect_count"":0,""sample_hz"":20.0,""sample_sequence"":1501,""timestamp_us"":9776895744},""fingers"":{""index"":{""has_data"":true,""last_update_ts"":1784118812.0886598,""mapped"":true},""middle"":{""has_data"":true,""last_update_ts"":1784118812.0886598,""mapped"":true},""pinky"":{""has_data"":true,""last_update_ts"":1784118812.0886598,""mapped"":true},""ring"":{""has_data"":true,""last_update_ts"":1784118812.0886598,""mapped"":true},""thumb"":{""has_data"":true,""last_update_ts"":1784118812.0886598,""mapped"":true}},""ports"":{""available"":[""BLE:Dexter""],""unavailable"":[]}}"
1784118812.1479719,1784118812.1478293,1503,ble,"{""index"":{""age_s"":0.009169816970825195,""channels"":3,""force"":[0.18699050481353652,-0.1568042296500014],""has_data"":true,""last_update_ts"":1784118812.1386595,""raw"":[16853,17242,17330]},""middle"":{""age_s"":0.009169816970825195,""channels"":3,""force"":[-0.5595294282852379,0.7887391516199971],""has_data"":true,""last_update_ts"":1784118812.1386595,""raw"":[16979,15815,14976]},""pinky"":{""age_s"":0.009169816970825195,""channels"":3,""force"":[-1.0219583887752712,-0.7459995916800013],""has_data"":true,""last_update_ts"":1784118812.1386595,""raw"":[17415,15289,17696]},""ring"":{""age_s"":0.009169816970825195,""channels"":3,""force"":[0.27495776029137,0.2525519450999978],""has_data"":true,""last_update_ts"":1784118812.1386595,""raw"":[15799,16371,15630]},""thumb"":{""age_s"":0.009169816970825195,""channels"":3,""force"":[0.0,-2.220446049250313e-16],""has_data"":true,""last_update_ts"":1784118812.1386595,""raw"":[0,0,0]}}","{""ble"":{""connection_state"":""connected"",""counter"":998439,""finger_order"":""DexterController.Visualizer"",""last_error"":null,""last_sample_age_s"":0.009194587008096278,""reconnect_count"":0,""sample_hz"":20.0,""sample_sequence"":1502,""timestamp_us"":9776942752},""fingers"":{""index"":{""has_data"":true,""last_update_ts"":1784118812.1386595,""mapped"":true},""middle"":{""has_data"":true,""last_update_ts"":1784118812.1386595,""mapped"":true},""pinky"":{""has_data"":true,""last_update_ts"":1784118812.1386595,""mapped"":true},""ring"":{""has_data"":true,""last_update_ts"":1784118812.1386595,""mapped"":true},""thumb"":{""has_data"":true,""last_update_ts"":1784118812.1386595,""mapped"":true}},""ports"":{""available"":[""BLE:Dexter""],""unavailable"":[]}}"
1784118812.19799,1784118812.1978645,1504,ble,"{""index"":{""age_s"":0.009206295013427734,""channels"":3,""force"":[0.2081411017590291,-0.13127150553],""has_data"":true,""last_update_ts"":1784118812.1886582,""raw"":[16847,17280,17300]},""middle"":{""age_s"":0.009206295013427734,""channels"":3,""force"":[-0.5677012498323606,0.8867071039499965],""has_data"":true,""last_update_ts"":1784118812.1886582,""raw"":[17046,15865,14858]},""pinky"":{""age_s"":0.009206295013427734,""channels"":3,""force"":[-1.0282074287818972,-0.7496074766100014],""has_data"":true,""last_update_ts"":1784118812.1886582,""raw"":[17421,15282,17702]},""ring"":{""age_s"":0.009206295013427734,""channels"":3,""force"":[0.2773612372169971,0.25005417860999835],""has_data"":true,""last_update_ts"":1784118812.1886582,""raw"":[15796,16373,15634]},""thumb"":{""age_s"":0.009206295013427734,""channels"":3,""force"":[0.0,-2.220446049250313e-16],""has_data"":true,""last_update_ts"":1784118812.1886582,""raw"":[0,0,0]}}","{""ble"":{""connection_state"":""connected"",""counter"":998444,""finger_order"":""DexterController.Visualizer"",""last_error"":null,""last_sample_age_s"":0.009226420996128581,""reconnect_count"":0,""sample_hz"":20.0,""sample_sequence"":1503,""timestamp_us"":9776989728},""fingers"":{""index"":{""has_data"":true,""last_update_ts"":1784118812.1886582,""mapped"":true},""middle"":{""has_data"":true,""last_update_ts"":1784118812.1886582,""mapped"":true},""pinky"":{""has_data"":true,""last_update_ts"":1784118812.1886582,""mapped"":true},""ring"":{""has_data"":true,""last_update_ts"":1784118812.1886582,""mapped"":true},""thumb"":{""has_data"":true,""last_update_ts"":1784118812.1886582,""mapped"":true}},""ports"":{""available"":[""BLE:Dexter""],""unavailable"":[]}}"
1784118812.24795,1784118812.2478235,1505,ble,"{""index"":{""age_s"":0.009163856506347656,""channels"":3,""force"":[0.2004499755970297,-0.06632957679000118],""has_data"":true,""last_update_ts"":1784118812.2386596,""raw"":[16899,17316,17227]},""middle"":{""age_s"":0.009163856506347656,""channels"":3,""force"":[-0.615770788344836,1.0637709951299987],""has_data"":true,""last_update_ts"":1784118812.2386596,""raw"":[17205,15924,14648]},""pinky"":{""age_s"":0.009163856506347656,""channels"":3,""force"":[-1.022439084160398,-0.7479422989500009],""has_data"":true,""last_update_ts"":1784118812.2386596,""raw"":[17420,15293,17704]},""ring"":{""age_s"":0.009163856506347656,""channels"":3,""force"":[0.27495776029137353,0.2453361752399994],""has_data"":true,""last_update_ts"":1784118812.2386596,""raw"":[15791,16363,15635]},""thumb"":{""age_s"":0.009163856506347656,""channels"":3,""force"":[0.0,-2.220446049250313e-16],""has_data"":true,""last_update_ts"":1784118812.2386596,""raw"":[0,0,0]}}","{""ble"":{""connection_state"":""connected"",""counter"":998450,""finger_order"":""DexterController.Visualizer"",""last_error"":null,""last_sample_age_s"":0.009183885995298624,""reconnect_count"":0,""sample_hz"":20.0,""sample_sequence"":1504,""timestamp_us"":9777046176},""fingers"":{""index"":{""has_data"":true,""last_update_ts"":1784118812.2386596,""mapped"":true},""middle"":{""has_data"":true,""last_update_ts"":1784118812.2386596,""mapped"":true},""pinky"":{""has_data"":true,""last_update_ts"":1784118812.2386596,""mapped"":true},""ring"":{""has_data"":true,""last_update_ts"":1784118812.2386596,""mapped"":true},""thumb"":{""has_data"":true,""last_update_ts"":1784118812.2386596,""mapped"":true}},""ports"":{""available"":[""BLE:Dexter""],""unavailable"":[]}}"
1784118812.2979426,1784118812.297824,1506,ble,"{""index"":{""age_s"":0.009165525436401367,""channels"":3,""force"":[0.12113523705144402,-0.006660710640000289],""has_data"":true,""last_update_ts"":1784118812.2886584,""raw"":[17062,17314,17200]},""middle"":{""age_s"":0.009165525436401367,""channels"":3,""force"":[-0.6138480068043375,1.5622141746899985],""has_data"":true,""last_update_ts"":1784118812.2886584,""raw"":[17465,16188,14012]},""pinky"":{""age_s"":0.009165525436401367,""channels"":3,""force"":[-1.0205163026198996,-0.7407265290900016],""has_data"":true,""last_update_ts"":1784118812.2886584,""raw"":[17420,15297,17693]},""ring"":{""age_s"":0.009165525436401367,""channels"":3,""force"":[0.27543845567649683,0.2539395931499966],""has_data"":true,""last_update_ts"":1784118812.2886584,""raw"":[15799,16372,15628]},""thumb"":{""age_s"":0.009165525436401367,""channels"":3,""force"":[0.0,-2.220446049250313e-16],""has_data"":true,""last_update_ts"":1784118812.2886584,""raw"":[0,0,0]}}","{""ble"":{""connection_state"":""connected"",""counter"":998455,""finger_order"":""DexterController.Visualizer"",""last_error"":null,""last_sample_age_s"":0.009185800998238847,""reconnect_count"":0,""sample_hz"":20.0,""sample_sequence"":1505,""timestamp_us"":9777093248},""fingers"":{""index"":{""has_data"":true,""last_update_ts"":1784118812.2886584,""mapped"":true},""middle"":{""has_data"":true,""last_update_ts"":1784118812.2886584,""mapped"":true},""pinky"":{""has_data"":true,""last_update_ts"":1784118812.2886584,""mapped"":true},""ring"":{""has_data"":true,""last_update_ts"":1784118812.2886584,""mapped"":true},""thumb"":{""has_data"":true,""last_update_ts"":1784118812.2886584,""mapped"":true}},""ports"":{""available"":[""BLE:Dexter""],""unavailable"":[]}}"
1784118812.3479512,1784118812.3478227,1507,ble,"{""index"":{""age_s"":0.009164094924926758,""channels"":3,""force"":[-0.13315262167956377,0.02581025372999779],""has_data"":true,""last_update_ts"":1784118812.3386586,""raw"":[17364,17087,17179]},""middle"":{""age_s"":0.009164094924926758,""channels"":3,""force"":[-0.6388441668308271,2.5441139348699977],""has_data"":true,""last_update_ts"":1784118812.3386586,""raw"":[18068,16739,12820]},""pinky"":{""age_s"":0.009164094924926758,""channels"":3,""force"":[-1.0243618657008984,-0.7562681872500017],""has_data"":true,""last_update_ts"":1784118812.3386586,""raw"":[17413,15282,17710]},""ring"":{""age_s"":0.009164094924926758,""channels"":3,""force"":[0.2711121972103765,0.2453361752399994],""has_data"":true,""last_update_ts"":1784118812.3386586,""raw"":[15795,16359,15635]},""thumb"":{""age_s"":0.009164094924926758,""channels"":3,""force"":[0.0,-2.220446049250313e-16],""has_data"":true,""last_update_ts"":1784118812.3386586,""raw"":[0,0,0]}}","{""ble"":{""connection_state"":""connected"",""counter"":998460,""finger_order"":""DexterController.Visualizer"",""last_error"":null,""last_sample_age_s"":0.009184508002363145,""reconnect_count"":0,""sample_hz"":20.0,""sample_sequence"":1506,""timestamp_us"":9777140320},""fingers"":{""index"":{""has_data"":true,""last_update_ts"":1784118812.3386586,""mapped"":true},""middle"":{""has_data"":true,""last_update_ts"":1784118812.3386586,""mapped"":true},""pinky"":{""has_data"":true,""last_update_ts"":1784118812.3386586,""mapped"":true},""ring"":{""has_data"":true,""last_update_ts"":1784118812.3386586,""mapped"":true},""thumb"":{""has_data"":true,""last_update_ts"":1784118812.3386586,""mapped"":true}},""ports"":{""available"":[""BLE:Dexter""],""unavailable"":[]}}"
1784118812.3979518,1784118812.3978229,1508,ble,"{""index"":{""age_s"":0.009163379669189453,""channels"":3,""force"":[0.12738427705806288,-0.7318455815700009],""has_data"":true,""last_update_ts"":1784118812.3886595,""raw"":[16615,16880,18066]},""middle"":{""age_s"":0.009163379669189453,""channels"":3,""force"":[-0.6513422468440702,4.163221679609998],""has_data"":true,""last_update_ts"":1784118812.3886595,""raw"":[19154,17799,10976]},""pinky"":{""age_s"":0.009163379669189453,""channels"":3,""force"":[-1.0267653426265184,-0.7232421636600019],""has_data"":true,""last_update_ts"":1784118812.3886595,""raw"":[17436,15300,17671]},""ring"":{""age_s"":0.009163379669189453,""channels"":3,""force"":[0.28168749568311746,0.28419032063999605],""has_data"":true,""last_update_ts"":1784118812.3886595,""raw"":[15810,16396,15591]},""thumb"":{""age_s"":0.009163379669189453,""channels"":3,""force"":[0.0,-2.220446049250313e-16],""has_data"":true,""last_update_ts"":1784118812.3886595,""raw"":[0,0,0]}}","{""ble"":{""connection_state"":""connected"",""counter"":998466,""finger_order"":""DexterController.Visualizer"",""last_error"":null,""last_sample_age_s"":0.009183796995785087,""reconnect_count"":0,""sample_hz"":20.0,""sample_sequence"":1507,""timestamp_us"":9777196768},""fingers"":{""index"":{""has_data"":true,""last_update_ts"":1784118812.3886595,""mapped"":true},""middle"":{""has_data"":true,""last_update_ts"":1784118812.3886595,""mapped"":true},""pinky"":{""has_data"":true,""last_update_ts"":1784118812.3886595,""mapped"":true},""ring"":{""has_data"":true,""last_update_ts"":1784118812.3886595,""mapped"":true},""thumb"":{""has_data"":true,""last_update_ts"":1784118812.3886595,""mapped"":true}},""ports"":{""available"":[""BLE:Dexter""],""unavailable"":[]}}"
1784118812.4479742,1784118812.4478304,1509,ble,"{""index"":{""age_s"":0.009171724319458008,""channels"":3,""force"":[-0.14949626477380562,-1.3396354274700037],""has_data"":true,""last_update_ts"":1784118812.4386587,""raw"":[16568,16257,18826]},""middle"":{""age_s"":0.009171724319458008,""channels"":3,""force"":[-1.0238811703157733,5.505077343959998],""has_data"":true,""last_update_ts"":1784118812.4386587,""raw"":[20408,18278,9425]},""pinky"":{""age_s"":0.009171724319458008,""channels"":3,""force"":[-1.0224390841603999,-0.7462771212900012],""has_data"":true,""last_update_ts"":1784118812.4386587,""raw"":[17421,15294,17702]},""ring"":{""age_s"":0.009171724319458008,""channels"":3,""force"":[0.28601375414924135,0.2650407775499968],""has_data"":true,""last_update_ts"":1784118812.4386587,""raw"":[15792,16387,15612]},""thumb"":{""age_s"":0.009171724319458008,""channels"":3,""force"":[0.0,-2.220446049250313e-16],""has_data"":true,""last_update_ts"":1784118812.4386587,""raw"":[0,0,0]}}","{""ble"":{""connection_state"":""connected"",""counter"":998471,""finger_order"":""DexterController.Visualizer"",""last_error"":null,""last_sample_age_s"":0.009196361002977937,""reconnect_count"":0,""sample_hz"":20.0,""sample_sequence"":1508,""timestamp_us"":9777243744},""fingers"":{""index"":{""has_data"":true,""last_update_ts"":1784118812.4386587,""mapped"":true},""middle"":{""has_data"":true,""last_update_ts"":1784118812.4386587,""mapped"":true},""pinky"":{""has_data"":true,""last_update_ts"":1784118812.4386587,""mapped"":true},""ring"":{""has_data"":true,""last_update_ts"":1784118812.4386587,""mapped"":true},""thumb"":{""has_data"":true,""last_update_ts"":1784118812.4386587,""mapped"":true}},""ports"":{""available"":[""BLE:Dexter""],""unavailable"":[]}}"
1784118812.497975,1784118812.497831,1510,ble,"{""index"":{""age_s"":0.009175300598144531,""channels"":3,""force"":[-0.3134133911013546,-1.6479708241799997],""has_data"":true,""last_update_ts"":1784118812.4886558,""raw"":[16544,15892,19187]},""middle"":{""age_s"":0.009175300598144531,""channels"":3,""force"":[-1.3810378414634794,6.678750064649998],""has_data"":true,""last_update_ts"":1784118812.4886558,""raw"":[21497,18624,8028]},""pinky"":{""age_s"":0.009175300598144531,""channels"":3,""force"":[-1.0219583887752712,-0.7398939402600027],""has_data"":true,""last_update_ts"":1784118812.4886558,""raw"":[17423,15297,17693]},""ring"":{""age_s"":0.009175300598144531,""channels"":3,""force"":[0.27447706490624846,0.2550497115899981],""has_data"":true,""last_update_ts"":1784118812.4886558,""raw"":[15799,16370,15625]},""thumb"":{""age_s"":0.009175300598144531,""channels"":3,""force"":[0.0,-2.220446049250313e-16],""has_data"":true,""last_update_ts"":1784118812.4886558,""raw"":[0,0,0]}}","{""ble"":{""connection_state"":""connected"",""counter"":998476,""finger_order"":""DexterController.Visualizer"",""last_error"":null,""last_sample_age_s"":0.00920020900957752,""reconnect_count"":0,""sample_hz"":20.0,""sample_sequence"":1509,""timestamp_us"":9777290752},""fingers"":{""index"":{""has_data"":true,""last_update_ts"":1784118812.4886558,""mapped"":true},""middle"":{""has_data"":true,""last_update_ts"":1784118812.4886558,""mapped"":true},""pinky"":{""has_data"":true,""last_update_ts"":1784118812.4886558,""mapped"":true},""ring"":{""has_data"":true,""last_update_ts"":1784118812.4886558,""mapped"":true},""thumb"":{""has_data"":true,""last_update_ts"":1784118812.4886558,""mapped"":true}},""ports"":{""available"":[""BLE:Dexter""],""unavailable"":[]}}"
1784118812.547974,1784118812.5478308,1511,ble,"{""index"":{""age_s"":0.009176015853881836,""channels"":3,""force"":[-0.23986699717726623,-1.6932081506100038],""has_data"":true,""last_update_ts"":1784118812.5386548,""raw"":[16479,15980,19280]},""middle"":{""age_s"":0.009176015853881836,""channels"":3,""force"":[-1.7165632202805732,7.537981737209997],""has_data"":true,""last_update_ts"":1784118812.5386548,""raw"":[22423,18852,7057]},""pinky"":{""age_s"":0.009176015853881836,""channels"":3,""force"":[-1.030610905707519,-0.7426692363600003],""has_data"":true,""last_update_ts"":1784118812.5386548,""raw"":[17433,15289,17699]},""ring"":{""age_s"":0.009176015853881836,""channels"":3,""force"":[0.2778419326021222,0.2508867674399964],""has_data"":true,""last_update_ts"":1784118812.5386548,""raw"":[15791,16369,15628]},""thumb"":{""age_s"":0.009176015853881836,""channels"":3,""force"":[0.0,-2.220446049250313e-16],""has_data"":true,""last_update_ts"":1784118812.5386548,""raw"":[0,0,0]}}","{""ble"":{""connection_state"":""connected"",""counter"":998482,""finger_order"":""DexterController.Visualizer"",""last_error"":null,""last_sample_age_s"":0.009200808999594301,""reconnect_count"":0,""sample_hz"":20.0,""sample_sequence"":1510,""timestamp_us"":9777347136},""fingers"":{""index"":{""has_data"":true,""last_update_ts"":1784118812.5386548,""mapped"":true},""middle"":{""has_data"":true,""last_update_ts"":1784118812.5386548,""mapped"":true},""pinky"":{""has_data"":true,""last_update_ts"":1784118812.5386548,""mapped"":true},""ring"":{""has_data"":true,""last_update_ts"":1784118812.5386548,""mapped"":true},""thumb"":{""has_data"":true,""last_update_ts"":1784118812.5386548,""mapped"":true}},""ports"":{""available"":[""BLE:Dexter""],""unavailable"":[]}}"
1784118812.5979688,1784118812.597831,1512,ble,"{""index"":{""age_s"":0.009179353713989258,""channels"":3,""force"":[0.05239579697859931,-1.757595020130002],""has_data"":true,""last_update_ts"":1784118812.5886517,""raw"":[16130,16239,19351]},""middle"":{""age_s"":0.009179353713989258,""channels"":3,""force"":[-1.9025923343238613,8.239854120899997],""has_data"":true,""last_update_ts"":1784118812.5886517,""raw"":[23099,19141,6275]},""pinky"":{""age_s"":0.009179353713989258,""channels"":3,""force"":[-1.0243618657008984,-0.74405688441],""has_data"":true,""last_update_ts"":1784118812.5886517,""raw"":[17421,15290,17696]},""ring"":{""age_s"":0.009179353713989258,""channels"":3,""force"":[0.2831295818384927,0.2644857183299987],""has_data"":true,""last_update_ts"":1784118812.5886517,""raw"":[15801,16390,15619]},""thumb"":{""age_s"":0.009179353713989258,""channels"":3,""force"":[0.0,-2.220446049250313e-16],""has_data"":true,""last_update_ts"":1784118812.5886517,""raw"":[0,0,0]}}","{""ble"":{""connection_state"":""connected"",""counter"":998487,""finger_order"":""DexterController.Visualizer"",""last_error"":null,""last_sample_age_s"":0.009203976005665027,""reconnect_count"":0,""sample_hz"":20.0,""sample_sequence"":1511,""timestamp_us"":9777394176},""fingers"":{""index"":{""has_data"":true,""last_update_ts"":1784118812.5886517,""mapped"":true},""middle"":{""has_data"":true,""last_update_ts"":1784118812.5886517,""mapped"":true},""pinky"":{""has_data"":true,""last_update_ts"":1784118812.5886517,""mapped"":true},""ring"":{""has_data"":true,""last_update_ts"":1784118812.5886517,""mapped"":true},""thumb"":{""has_data"":true,""last_update_ts"":1784118812.5886517,""mapped"":true}},""ports"":{""available"":[""BLE:Dexter""],""unavailable"":[]}}"
1784118812.6479678,1784118812.6478322,1513,ble,"{""index"":{""age_s"":0.009180307388305664,""channels"":3,""force"":[0.08604447393733494,-1.816986356670001],""has_data"":true,""last_update_ts"":1784118812.6386518,""raw"":[16047,16226,19410]},""middle"":{""age_s"":0.009180307388305664,""channels"":3,""force"":[-1.8069339526840302,8.611466268689998],""has_data"":true,""last_update_ts"":1784118812.6386518,""raw"":[23130,19371,5736]},""pinky"":{""age_s"":0.009180307388305664,""channels"":3,""force"":[-1.021477693390148,-0.7423917067500039],""has_data"":true,""last_update_ts"":1784118812.6386518,""raw"":[17426,15301,17701]},""ring"":{""age_s"":0.009180307388305664,""channels"":3,""force"":[0.2725542833657464,0.25615983002999876],""has_data"":true,""last_update_ts"":1784118812.6386518,""raw"":[15801,16368,15623]},""thumb"":{""age_s"":0.009180307388305664,""channels"":3,""force"":[0.0,-2.220446049250313e-16],""has_data"":true,""last_update_ts"":1784118812.6386518,""raw"":[0,0,0]}}","{""ble"":{""connection_state"":""connected"",""counter"":998492,""finger_order"":""DexterController.Visualizer"",""last_error"":null,""last_sample_age_s"":0.009205219001160003,""reconnect_count"":0,""sample_hz"":20.0,""sample_sequence"":1512,""timestamp_us"":9777441248},""fingers"":{""index"":{""has_data"":true,""last_update_ts"":1784118812.6386518,""mapped"":true},""middle"":{""has_data"":true,""last_update_ts"":1784118812.6386518,""mapped"":true},""pinky"":{""has_data"":true,""last_update_ts"":1784118812.6386518,""mapped"":true},""ring"":{""has_data"":true,""last_update_ts"":1784118812.6386518,""mapped"":true},""thumb"":{""has_data"":true,""last_update_ts"":1784118812.6386518,""mapped"":true}},""ports"":{""available"":[""BLE:Dexter""],""unavailable"":[]}}"
1784118812.6979756,1784118812.6978316,1514,ble,"{""index"":{""age_s"":0.009181976318359375,""channels"":3,""force"":[0.07498848007946357,-1.578033362460002],""has_data"":true,""last_update_ts"":1784118812.6886497,""raw"":[16210,16366,19131]},""middle"":{""age_s"":0.009181976318359375,""channels"":3,""force"":[-1.7761694480360486,8.724698349569998],""has_data"":true,""last_update_ts"":1784118812.6886497,""raw"":[23057,19362,5491]},""pinky"":{""age_s"":0.009181976318359375,""channels"":3,""force"":[-1.0224390841603963,-0.7479422989500017],""has_data"":true,""last_update_ts"":1784118812.6886497,""raw"":[17418,15291,17702]},""ring"":{""age_s"":0.009181976318359375,""channels"":3,""force"":[0.2744770649062467,0.251164297049999],""has_data"":true,""last_update_ts"":1784118812.6886497,""raw"":[15798,16369,15631]},""thumb"":{""age_s"":0.009181976318359375,""channels"":3,""force"":[0.0,-2.220446049250313e-16],""has_data"":true,""last_update_ts"":1784118812.6886497,""raw"":[0,0,0]}}","{""ble"":{""connection_state"":""connected"",""counter"":998498,""finger_order"":""DexterController.Visualizer"",""last_error"":null,""last_sample_age_s"":0.009207123002852313,""reconnect_count"":0,""sample_hz"":20.0,""sample_sequence"":1513,""timestamp_us"":9777497760},""fingers"":{""index"":{""has_data"":true,""last_update_ts"":1784118812.6886497,""mapped"":true},""middle"":{""has_data"":true,""last_update_ts"":1784118812.6886497,""mapped"":true},""pinky"":{""has_data"":true,""last_update_ts"":1784118812.6886497,""mapped"":true},""ring"":{""has_data"":true,""last_update_ts"":1784118812.6886497,""mapped"":true},""thumb"":{""has_data"":true,""last_update_ts"":1784118812.6886497,""mapped"":true}},""ports"":{""available"":[""BLE:Dexter""],""unavailable"":[]}}"
1784118812.7480762,1784118812.747849,1515,ble,"{""index"":{""age_s"":0.00917196273803711,""channels"":3,""force"":[0.2913014033856136,-1.2855171535200007],""has_data"":true,""last_update_ts"":1784118812.738677,""raw"":[16163,16769,18782]},""middle"":{""age_s"":0.00917196273803711,""channels"":3,""force"":[-1.616097884789495,8.82599665722],""has_data"":true,""last_update_ts"":1784118812.738677,""raw"":[22918,19556,5336]},""pinky"":{""age_s"":0.00917196273803711,""channels"":3,""force"":[-1.0219583887752712,-0.7476647693400018],""has_data"":true,""last_update_ts"":1784118812.738677,""raw"":[17418,15292,17702]},""ring"":{""age_s"":0.00917196273803711,""channels"":3,""force"":[0.2768805418318703,0.24922158977999764],""has_data"":true,""last_update_ts"":1784118812.738677,""raw"":[15798,16374,15637]},""thumb"":{""age_s"":0.00917196273803711,""channels"":3,""force"":[0.0,-2.220446049250313e-16],""has_data"":true,""last_update_ts"":1784118812.738677,""raw"":[0,0,0]}}","{""ble"":{""connection_state"":""connected"",""counter"":998503,""finger_order"":""DexterController.Visualizer"",""last_error"":null,""last_sample_age_s"":0.009209337003994733,""reconnect_count"":0,""sample_hz"":20.0,""sample_sequence"":1514,""timestamp_us"":9777544608},""fingers"":{""index"":{""has_data"":true,""last_update_ts"":1784118812.738677,""mapped"":true},""middle"":{""has_data"":true,""last_update_ts"":1784118812.738677,""mapped"":true},""pinky"":{""has_data"":true,""last_update_ts"":1784118812.738677,""mapped"":true},""ring"":{""has_data"":true,""last_update_ts"":1784118812.738677,""mapped"":true},""thumb"":{""has_data"":true,""last_update_ts"":1784118812.738677,""mapped"":true}},""ports"":{""available"":[""BLE:Dexter""],""unavailable"":[]}}"
1784118812.798056,1784118812.7978284,1516,ble,"{""index"":{""age_s"":0.009171485900878906,""channels"":3,""force"":[0.5234772744008787,-1.0709867649900033],""has_data"":true,""last_update_ts"":1784118812.788657,""raw"":[16031,17120,18505]},""middle"":{""age_s"":0.009171485900878906,""channels"":3,""force"":[-1.5406287093249045,8.884000345709996],""has_data"":true,""last_update_ts"":1784118812.788657,""raw"":[22842,19637,5234]},""pinky"":{""age_s"":0.009171485900878906,""channels"":3,""force"":[-1.0262846472413987,-0.7396164106500001],""has_data"":true,""last_update_ts"":1784118812.788657,""raw"":[17429,15294,17694]},""ring"":{""age_s"":0.009171485900878906,""channels"":3,""force"":[0.27736123721699535,0.25615983002999787],""has_data"":true,""last_update_ts"":1784118812.788657,""raw"":[15801,16378,15628]},""thumb"":{""age_s"":0.009171485900878906,""channels"":3,""force"":[0.0,-2.220446049250313e-16],""has_data"":true,""last_update_ts"":1784118812.788657,""raw"":[0,0,0]}}","{""ble"":{""connection_state"":""connected"",""counter"":998508,""finger_order"":""DexterController.Visualizer"",""last_error"":null,""last_sample_age_s"":0.009196070997859351,""reconnect_count"":0,""sample_hz"":20.0,""sample_sequence"":1515,""timestamp_us"":9777591520},""fingers"":{""index"":{""has_data"":true,""last_update_ts"":1784118812.788657,""mapped"":true},""middle"":{""has_data"":true,""last_update_ts"":1784118812.788657,""mapped"":true},""pinky"":{""has_data"":true,""last_update_ts"":1784118812.788657,""mapped"":true},""ring"":{""has_data"":true,""last_update_ts"":1784118812.788657,""mapped"":true},""thumb"":{""has_data"":true,""last_update_ts"":1784118812.788657,""mapped"":true}},""ports"":{""available"":[""BLE:Dexter""],""unavailable"":[]}}"
1784118812.8480911,1784118812.8478556,1517,ble,"{""index"":{""age_s"":0.009178638458251953,""channels"":3,""force"":[0.6494194653035716,-0.8228752936500028],""has_data"":true,""last_update_ts"":1784118812.838677,""raw"":[16018,17369,18176]},""middle"":{""age_s"":0.009178638458251953,""channels"":3,""force"":[-1.5286113246967865,8.958655810799996],""has_data"":true,""last_update_ts"":1784118812.838677,""raw"":[22764,19584,5034]},""pinky"":{""age_s"":0.009178638458251953,""channels"":3,""force"":[1.9160518051073527,0.6033493721399994],""has_data"":true,""last_update_ts"":1784118812.838677,""raw"":[16373,20359,17279]},""ring"":{""age_s"":0.009178638458251953,""channels"":3,""force"":[0.3057222649393587,0.8758834491599972],""has_data"":true,""last_update_ts"":1784118812.838677,""raw"":[15746,16382,14486]},""thumb"":{""age_s"":0.009178638458251953,""channels"":3,""force"":[0.0,-2.220446049250313e-16],""has_data"":true,""last_update_ts"":1784118812.838677,""raw"":[0,0,0]}}","{""ble"":{""connection_state"":""connected"",""counter"":998514,""finger_order"":""DexterController.Visualizer"",""last_error"":null,""last_sample_age_s"":0.009220599997206591,""reconnect_count"":0,""sample_hz"":20.0,""sample_sequence"":1516,""timestamp_us"":9777648064},""fingers"":{""index"":{""has_data"":true,""last_update_ts"":1784118812.838677,""mapped"":true},""middle"":{""has_data"":true,""last_update_ts"":1784118812.838677,""mapped"":true},""pinky"":{""has_data"":true,""last_update_ts"":1784118812.838677,""mapped"":true},""ring"":{""has_data"":true,""last_update_ts"":1784118812.838677,""mapped"":true},""thumb"":{""has_data"":true,""last_update_ts"":1784118812.838677,""mapped"":true}},""ports"":{""available"":[""BLE:Dexter""],""unavailable"":[]}}"
1784118812.8979497,1784118812.897824,1518,ble,"{""index"":{""age_s"":0.009166955947875977,""channels"":3,""force"":[0.7599794038822729,-0.734620877670003],""has_data"":true,""last_update_ts"":1784118812.888657,""raw"":[15980,17561,18094]},""middle"":{""age_s"":0.009166955947875977,""channels"":3,""force"":[-1.5021730785149234,8.836265252789998],""has_data"":true,""last_update_ts"":1784118812.888657,""raw"":[22887,19762,5405]},""pinky"":{""age_s"":0.009166955947875977,""channels"":3,""force"":[-1.0272460380116453,-0.7440568844100017],""has_data"":true,""last_update_ts"":1784118812.888657,""raw"":[17426,15289,17698]},""ring"":{""age_s"":0.009166955947875977,""channels"":3,""force"":[0.2735156741359983,0.25504971158999634],""has_data"":true,""last_update_ts"":1784118812.888657,""raw"":[15803,16372,15628]},""thumb"":{""age_s"":0.009166955947875977,""channels"":3,""force"":[0.0,-2.220446049250313e-16],""has_data"":true,""last_update_ts"":1784118812.888657,""raw"":[0,0,0]}}","{""ble"":{""connection_state"":""connected"",""counter"":998519,""finger_order"":""DexterController.Visualizer"",""last_error"":null,""last_sample_age_s"":0.00918744399677962,""reconnect_count"":0,""sample_hz"":20.0,""sample_sequence"":1517,""timestamp_us"":9777695040},""fingers"":{""index"":{""has_data"":true,""last_update_ts"":1784118812.888657,""mapped"":true},""middle"":{""has_data"":true,""last_update_ts"":1784118812.888657,""mapped"":true},""pinky"":{""has_data"":true,""last_update_ts"":1784118812.888657,""mapped"":true},""ring"":{""has_data"":true,""last_update_ts"":1784118812.888657,""mapped"":true},""thumb"":{""has_data"":true,""last_update_ts"":1784118812.888657,""mapped"":true}},""ports"":{""available"":[""BLE:Dexter""],""unavailable"":[]}}"
1784118812.9479501,1784118812.9478238,1519,ble,"{""index"":{""age_s"":0.009165763854980469,""channels"":3,""force"":[0.8460238778196061,-0.5384074434000032],""has_data"":true,""last_update_ts"":1784118812.938658,""raw"":[16019,17779,17869]},""middle"":{""age_s"":0.009165763854980469,""channels"":3,""force"":[-1.4954433431231813,8.791860515189999],""has_data"":true,""last_update_ts"":1784118812.938658,""raw"":[22919,19808,5524]},""pinky"":{""age_s"":0.009165763854980469,""channels"":3,""force"":[-1.0234004749306482,-0.7479422989500009],""has_data"":true,""last_update_ts"":1784118812.938658,""raw"":[17417,15288,17700]},""ring"":{""age_s"":0.009165763854980469,""channels"":3,""force"":[0.2744770649062467,0.2533845339299967],""has_data"":true,""last_update_ts"":1784118812.938658,""raw"":[15798,16369,15627]},""thumb"":{""age_s"":0.009165763854980469,""channels"":3,""force"":[0.0,-2.220446049250313e-16],""has_data"":true,""last_update_ts"":1784118812.938658,""raw"":[0,0,0]}}","{""ble"":{""connection_state"":""connected"",""counter"":998524,""finger_order"":""DexterController.Visualizer"",""last_error"":null,""last_sample_age_s"":0.009186391995172016,""reconnect_count"":0,""sample_hz"":20.0,""sample_sequence"":1518,""timestamp_us"":9777741984},""fingers"":{""index"":{""has_data"":true,""last_update_ts"":1784118812.938658,""mapped"":true},""middle"":{""has_data"":true,""last_update_ts"":1784118812.938658,""mapped"":true},""pinky"":{""has_data"":true,""last_update_ts"":1784118812.938658,""mapped"":true},""ring"":{""has_data"":true,""last_update_ts"":1784118812.938658,""mapped"":true},""thumb"":{""has_data"":true,""last_update_ts"":1784118812.938658,""mapped"":true}},""ports"":{""available"":[""BLE:Dexter""],""unavailable"":[]}}"
1784118812.9979408,1784118812.9978242,1520,ble,"{""index"":{""age_s"":0.00916910171508789,""channels"":3,""force"":[0.8989003701833287,-0.45681373805999925],""has_data"":true,""last_update_ts"":1784118812.988655,""raw"":[16027,17897,17785]},""middle"":{""age_s"":0.00916910171508789,""channels"":3,""force"":[-1.5228429800752892,8.621734864259997],""has_data"":true,""last_update_ts"":1784118812.988655,""raw"":[22967,19799,5850]},""pinky"":{""age_s"":0.00916910171508789,""channels"":3,""force"":[-1.022439084160398,-0.7440568844100026],""has_data"":true,""last_update_ts"":1784118812.988655,""raw"":[17416,15289,17693]},""ring"":{""age_s"":0.00916910171508789,""channels"":3,""force"":[0.2855330587641163,0.2581025372999983],""has_data"":true,""last_update_ts"":1784118812.988655,""raw"":[15793,16387,15625]},""thumb"":{""age_s"":0.00916910171508789,""channels"":3,""force"":[0.0,-2.220446049250313e-16],""has_data"":true,""last_update_ts"":1784118812.988655,""raw"":[0,0,0]}}","{""ble"":{""connection_state"":""connected"",""counter"":998530,""finger_order"":""DexterController.Visualizer"",""last_error"":null,""last_sample_age_s"":0.009189075994072482,""reconnect_count"":0,""sample_hz"":20.0,""sample_sequence"":1519,""timestamp_us"":9777798592},""fingers"":{""index"":{""has_data"":true,""last_update_ts"":1784118812.988655,""mapped"":true},""middle"":{""has_data"":true,""last_update_ts"":1784118812.988655,""mapped"":true},""pinky"":{""has_data"":true,""last_update_ts"":1784118812.988655,""mapped"":true},""ring"":{""has_data"":true,""last_update_ts"":1784118812.988655,""mapped"":true},""thumb"":{""has_data"":true,""last_update_ts"":1784118812.988655,""mapped"":true}},""ports"":{""available"":[""BLE:Dexter""],""unavailable"":[]}}"
1784118813.0479503,1784118813.047831,1521,ble,"{""index"":{""age_s"":0.009174108505249023,""channels"":3,""force"":[0.8657323886097217,-0.40380558254999865],""has_data"":true,""last_update_ts"":1784118813.038657,""raw"":[16097,17898,17725]},""middle"":{""age_s"":0.009174108505249023,""channels"":3,""force"":[-1.5906210293778837,8.539308570089997],""has_data"":true,""last_update_ts"":1784118813.038657,""raw"":[23020,19711,5981]},""pinky"":{""age_s"":0.009174108505249023,""channels"":3,""force"":[-1.0229197795455214,-0.7382287626000004],""has_data"":true,""last_update_ts"":1784118813.038657,""raw"":[17426,15298,17692]},""ring"":{""age_s"":0.009174108505249023,""channels"":3,""force"":[0.28024540952774224,0.26060030378999866],""has_data"":true,""last_update_ts"":1784118813.038657,""raw"":[15797,16380,15619]},""thumb"":{""age_s"":0.009174108505249023,""channels"":3,""force"":[0.0,-2.220446049250313e-16],""has_data"":true,""last_update_ts"":1784118813.038657,""raw"":[0,0,0]}}","{""ble"":{""connection_state"":""connected"",""counter"":998535,""finger_order"":""DexterController.Visualizer"",""last_error"":null,""last_sample_age_s"":0.009197292994940653,""reconnect_count"":0,""sample_hz"":20.0,""sample_sequence"":1520,""timestamp_us"":9777845600},""fingers"":{""index"":{""has_data"":true,""last_update_ts"":1784118813.038657,""mapped"":true},""middle"":{""has_data"":true,""last_update_ts"":1784118813.038657,""mapped"":true},""pinky"":{""has_data"":true,""last_update_ts"":1784118813.038657,""mapped"":true},""ring"":{""has_data"":true,""last_update_ts"":1784118813.038657,""mapped"":true},""thumb"":{""has_data"":true,""last_update_ts"":1784118813.038657,""mapped"":true}},""ports"":{""available"":[""BLE:Dexter""],""unavailable"":[]}}"
1784118813.0979648,1784118813.097827,1522,ble,"{""index"":{""age_s"":0.00916910171508789,""channels"":3,""force"":[0.8945741117172084,-0.5137073081100025],""has_data"":true,""last_update_ts"":1784118813.0886579,""raw"":[16002,17863,17858]},""middle"":{""age_s"":0.00916910171508789,""channels"":3,""force"":[-1.5632213924257705,8.504062309619998],""has_data"":true,""last_update_ts"":1784118813.0886579,""raw"":[23012,19760,6065]},""pinky"":{""age_s"":0.00916910171508789,""channels"":3,""force"":[-1.0248425610860217,-0.7454445324599996],""has_data"":true,""last_update_ts"":1784118813.0886579,""raw"":[17422,15290,17699]},""ring"":{""age_s"":0.00916910171508789,""channels"":3,""force"":[0.27543845567649505,0.25671488924999863],""has_data"":true,""last_update_ts"":1784118813.0886579,""raw"":[15797,16370,15621]},""thumb"":{""age_s"":0.00916910171508789,""channels"":3,""force"":[0.0,-2.220446049250313e-16],""has_data"":true,""last_update_ts"":1784118813.0886579,""raw"":[0,0,0]}}","{""ble"":{""connection_state"":""connected"",""counter"":998540,""finger_order"":""DexterController.Visualizer"",""last_error"":null,""last_sample_age_s"":0.009193867008434609,""reconnect_count"":0,""sample_hz"":20.0,""sample_sequence"":1521,""timestamp_us"":9777892576},""fingers"":{""index"":{""has_data"":true,""last_update_ts"":1784118813.0886579,""mapped"":true},""middle"":{""has_data"":true,""last_update_ts"":1784118813.0886579,""mapped"":true},""pinky"":{""has_data"":true,""last_update_ts"":1784118813.0886579,""mapped"":true},""ring"":{""has_data"":true,""last_update_ts"":1784118813.0886579,""mapped"":true},""thumb"":{""has_data"":true,""last_update_ts"":1784118813.0886579,""mapped"":true}},""ports"":{""available"":[""BLE:Dexter""],""unavailable"":[]}}"
1784118813.1479664,1784118813.147833,1523,ble,"{""index"":{""age_s"":0.009174823760986328,""channels"":3,""force"":[0.8955355024874567,-0.6574676460900024],""has_data"":true,""last_update_ts"":1784118813.1386583,""raw"":[15872,17735,17988]},""middle"":{""age_s"":0.009174823760986328,""channels"":3,""force"":[-1.565144173966269,8.542361395799997],""has_data"":true,""last_update_ts"":1784118813.1386583,""raw"":[22967,19711,5949]},""pinky"":{""age_s"":0.009174823760986328,""channels"":3,""force"":[0.6071182714125918,0.06632957678999674],""has_data"":true,""last_update_ts"":1784118813.1386583,""raw"":[16975,18238,17487]},""ring"":{""age_s"":0.009174823760986328,""channels"":3,""force"":[0.35811806191795625,0.5830897106099986],""has_data"":true,""last_update_ts"":1784118813.1386583,""raw"":[15715,16460,15037]},""thumb"":{""age_s"":0.009174823760986328,""channels"":3,""force"":[0.0,-2.220446049250313e-16],""has_data"":true,""last_update_ts"":1784118813.1386583,""raw"":[0,0,0]}}","{""ble"":{""connection_state"":""connected"",""counter"":998546,""finger_order"":""DexterController.Visualizer"",""last_error"":null,""last_sample_age_s"":0.0091991269873688,""reconnect_count"":0,""sample_hz"":20.0,""sample_sequence"":1522,""timestamp_us"":9777948992},""fingers"":{""index"":{""has_data"":true,""last_update_ts"":1784118813.1386583,""mapped"":true},""middle"":{""has_data"":true,""last_update_ts"":1784118813.1386583,""mapped"":true},""pinky"":{""has_data"":true,""last_update_ts"":1784118813.1386583,""mapped"":true},""ring"":{""has_data"":true,""last_update_ts"":1784118813.1386583,""mapped"":true},""thumb"":{""has_data"":true,""last_update_ts"":1784118813.1386583,""mapped"":true}},""ports"":{""available"":[""BLE:Dexter""],""unavailable"":[]}}"
1784118813.19794,1784118813.1978247,1524,ble,"{""index"":{""age_s"":0.009166717529296875,""channels"":3,""force"":[0.862848216298973,-0.726294989370003],""has_data"":true,""last_update_ts"":1784118813.188658,""raw"":[15873,17668,18079]},""middle"":{""age_s"":0.009166717529296875,""channels"":3,""force"":[-1.5146711585281682,8.232360821429998],""has_data"":true,""last_update_ts"":1784118813.188658,""raw"":[22835,19684,6428]},""pinky"":{""age_s"":0.009166717529296875,""channels"":3,""force"":[-1.0229197795455214,-0.7443344140200008],""has_data"":true,""last_update_ts"":1784118813.188658,""raw"":[17418,15290,17695]},""ring"":{""age_s"":0.009166717529296875,""channels"":3,""force"":[0.27688054183187205,0.25366206353999843],""has_data"":true,""last_update_ts"":1784118813.188658,""raw"":[15802,16378,15633]},""thumb"":{""age_s"":0.009166717529296875,""channels"":3,""force"":[0.0,-2.220446049250313e-16],""has_data"":true,""last_update_ts"":1784118813.188658,""raw"":[0,0,0]}}","{""ble"":{""connection_state"":""connected"",""counter"":998551,""finger_order"":""DexterController.Visualizer"",""last_error"":null,""last_sample_age_s"":0.009187092990032397,""reconnect_count"":0,""sample_hz"":20.0,""sample_sequence"":1523,""timestamp_us"":9777996224},""fingers"":{""index"":{""has_data"":true,""last_update_ts"":1784118813.188658,""mapped"":true},""middle"":{""has_data"":true,""last_update_ts"":1784118813.188658,""mapped"":true},""pinky"":{""has_data"":true,""last_update_ts"":1784118813.188658,""mapped"":true},""ring"":{""has_data"":true,""last_update_ts"":1784118813.188658,""mapped"":true},""thumb"":{""has_data"":true,""last_update_ts"":1784118813.188658,""mapped"":true}},""ports"":{""available"":[""BLE:Dexter""],""unavailable"":[]}}"
1784118813.2480195,1784118813.247827,1525,ble,"{""index"":{""age_s"":0.009168863296508789,""channels"":3,""force"":[0.7864176500641307,-0.675507070740001],""has_data"":true,""last_update_ts"":1784118813.2386582,""raw"":[15957,17593,17992]},""middle"":{""age_s"":0.009168863296508789,""channels"":3,""force"":[-1.3786343645378558,7.652601466139998],""has_data"":true,""last_update_ts"":1784118813.2386582,""raw"":[22329,19461,7108]},""pinky"":{""age_s"":0.009168863296508789,""channels"":3,""force"":[-1.0243618657008948,-0.7451670028500006],""has_data"":true,""last_update_ts"":1784118813.2386582,""raw"":[17419,15288,17696]},""ring"":{""age_s"":0.009168863296508789,""channels"":3,""force"":[0.27303497875087324,0.25310700431999944],""has_data"":true,""last_update_ts"":1784118813.2386582,""raw"":[15802,16370,15630]},""thumb"":{""age_s"":0.009168863296508789,""channels"":3,""force"":[0.0,-2.220446049250313e-16],""has_data"":true,""last_update_ts"":1784118813.2386582,""raw"":[0,0,0]}}","{""ble"":{""connection_state"":""connected"",""counter"":998556,""finger_order"":""DexterController.Visualizer"",""last_error"":null,""last_sample_age_s"":0.00919369600887876,""reconnect_count"":0,""sample_hz"":20.0,""sample_sequence"":1524,""timestamp_us"":9778043264},""fingers"":{""index"":{""has_data"":true,""last_update_ts"":1784118813.2386582,""mapped"":true},""middle"":{""has_data"":true,""last_update_ts"":1784118813.2386582,""mapped"":true},""pinky"":{""has_data"":true,""last_update_ts"":1784118813.2386582,""mapped"":true},""ring"":{""has_data"":true,""last_update_ts"":1784118813.2386582,""mapped"":true},""thumb"":{""has_data"":true,""last_update_ts"":1784118813.2386582,""mapped"":true}},""ports"":{""available"":[""BLE:Dexter""],""unavailable"":[]}}"
1784118813.2979658,1784118813.297821,1526,ble,"{""index"":{""age_s"":0.009056329727172852,""channels"":3,""force"":[0.8176628500972445,-0.4992757683900013],""has_data"":true,""last_update_ts"":1784118813.2887647,""raw"":[15985,17686,17735]},""middle"":{""age_s"":0.009056329727172852,""channels"":3,""force"":[-0.961390770249551,5.624970135479998],""has_data"":true,""last_update_ts"":1784118813.2887647,""raw"":[20619,18619,9485]},""pinky"":{""age_s"":0.009056329727172852,""channels"":3,""force"":[-1.0234004749306465,-0.7462771212900021],""has_data"":true,""last_update_ts"":1784118813.2887647,""raw"":[17418,15289,17698]},""ring"":{""age_s"":0.009056329727172852,""channels"":3,""force"":[0.2739963695211216,0.25310700431999944],""has_data"":true,""last_update_ts"":1784118813.2887647,""raw"":[15802,16372,15631]},""thumb"":{""age_s"":0.009056329727172852,""channels"":3,""force"":[0.0,-2.220446049250313e-16],""has_data"":true,""last_update_ts"":1784118813.2887647,""raw"":[0,0,0]}}","{""ble"":{""connection_state"":""connected"",""counter"":998561,""finger_order"":""DexterController.Visualizer"",""last_error"":null,""last_sample_age_s"":0.009081194992177188,""reconnect_count"":0,""sample_hz"":20.0,""sample_sequence"":1525,""timestamp_us"":9778090400},""fingers"":{""index"":{""has_data"":true,""last_update_ts"":1784118813.2887647,""mapped"":true},""middle"":{""has_data"":true,""last_update_ts"":1784118813.2887647,""mapped"":true},""pinky"":{""has_data"":true,""last_update_ts"":1784118813.2887647,""mapped"":true},""ring"":{""has_data"":true,""last_update_ts"":1784118813.2887647,""mapped"":true},""thumb"":{""has_data"":true,""last_update_ts"":1784118813.2887647,""mapped"":true}},""ports"":{""available"":[""BLE:Dexter""],""unavailable"":[]}}"
1784118813.3479624,1784118813.347831,1527,ble,"{""index"":{""age_s"":0.009172916412353516,""channels"":3,""force"":[1.2123137612846833,-0.04384967838000087],""has_data"":true,""last_update_ts"":1784118813.338658,""raw"":[15852,18374,17192]},""middle"":{""age_s"":0.009172916412353516,""channels"":3,""force"":[-0.6484580745333215,2.769467978189998],""has_data"":true,""last_update_ts"":1784118813.338658,""raw"":[18429,17080,12765]},""pinky"":{""age_s"":0.009172916412353516,""channels"":3,""force"":[-1.0248425610860235,-0.7487748877800007],""has_data"":true,""last_update_ts"":1784118813.338658,""raw"":[17421,15289,17704]},""ring"":{""age_s"":0.009172916412353516,""channels"":3,""force"":[0.27495776029137176,0.2525519450999987],""has_data"":true,""last_update_ts"":1784118813.338658,""raw"":[15800,16372,15631]},""thumb"":{""age_s"":0.009172916412353516,""channels"":3,""force"":[0.0,-2.220446049250313e-16],""has_data"":true,""last_update_ts"":1784118813.338658,""raw"":[0,0,0]}}","{""ble"":{""connection_state"":""connected"",""counter"":998567,""finger_order"":""DexterController.Visualizer"",""last_error"":null,""last_sample_age_s"":0.009198086001561023,""reconnect_count"":0,""sample_hz"":20.0,""sample_sequence"":1526,""timestamp_us"":9778146880},""fingers"":{""index"":{""has_data"":true,""last_update_ts"":1784118813.338658,""mapped"":true},""middle"":{""has_data"":true,""last_update_ts"":1784118813.338658,""mapped"":true},""pinky"":{""has_data"":true,""last_update_ts"":1784118813.338658,""mapped"":true},""ring"":{""has_data"":true,""last_update_ts"":1784118813.338658,""mapped"":true},""thumb"":{""has_data"":true,""last_update_ts"":1784118813.338658,""mapped"":true}},""ports"":{""available"":[""BLE:Dexter""],""unavailable"":[]}}"
1784118813.3979447,1784118813.397828,1528,ble,"{""index"":{""age_s"":0.0091705322265625,""channels"":3,""force"":[1.1286727642729737,0.1526412854999979],""has_data"":true,""last_update_ts"":1784118813.3886576,""raw"":[16081,18429,16980]},""middle"":{""age_s"":0.0091705322265625,""channels"":3,""force"":[-0.8739042101568426,1.9404870331199984],""has_data"":true,""last_update_ts"":1784118813.3886576,""raw"":[18091,16273,13686]},""pinky"":{""age_s"":0.0091705322265625,""channels"":3,""force"":[-1.0253232564711467,-0.7396164106500009],""has_data"":true,""last_update_ts"":1784118813.3886576,""raw"":[17424,15291,17690]},""ring"":{""age_s"":0.0091705322265625,""channels"":3,""force"":[0.2744770649062449,0.2522744154899996],""has_data"":true,""last_update_ts"":1784118813.3886576,""raw"":[15804,16375,15635]},""thumb"":{""age_s"":0.0091705322265625,""channels"":3,""force"":[0.0,-2.220446049250313e-16],""has_data"":true,""last_update_ts"":1784118813.3886576,""raw"":[0,0,0]}}","{""ble"":{""connection_state"":""connected"",""counter"":998572,""finger_order"":""DexterController.Visualizer"",""last_error"":null,""last_sample_age_s"":0.00919135099684354,""reconnect_count"":0,""sample_hz"":20.0,""sample_sequence"":1527,""timestamp_us"":9778193952},""fingers"":{""index"":{""has_data"":true,""last_update_ts"":1784118813.3886576,""mapped"":true},""middle"":{""has_data"":true,""last_update_ts"":1784118813.3886576,""mapped"":true},""pinky"":{""has_data"":true,""last_update_ts"":1784118813.3886576,""mapped"":true},""ring"":{""has_data"":true,""last_update_ts"":1784118813.3886576,""mapped"":true},""thumb"":{""has_data"":true,""last_update_ts"":1784118813.3886576,""mapped"":true}},""ports"":{""available"":[""BLE:Dexter""],""unavailable"":[]}}"
1784118813.447979,1784118813.4478316,1529,ble,"{""index"":{""age_s"":0.009172916412353516,""channels"":3,""force"":[0.7268114223086641,0.09324994895999783],""has_data"":true,""last_update_ts"":1784118813.4386587,""raw"":[16460,17972,17048]},""middle"":{""age_s"":0.009172916412353516,""channels"":3,""force"":[-1.0310916010926423,1.3096622295899998],""has_data"":true,""last_update_ts"":1784118813.4386587,""raw"":[17815,15670,14383]},""pinky"":{""age_s"":0.009172916412353516,""channels"":3,""force"":[-1.02580395185627,-0.7421141771400022],""has_data"":true,""last_update_ts"":1784118813.4386587,""raw"":[17427,15293,17697]},""ring"":{""age_s"":0.009172916412353516,""channels"":3,""force"":[0.27111219721037294,0.2542171227599992],""has_data"":true,""last_update_ts"":1784118813.4386587,""raw"":[15802,16366,15626]},""thumb"":{""age_s"":0.009172916412353516,""channels"":3,""force"":[0.0,-2.220446049250313e-16],""has_data"":true,""last_update_ts"":1784118813.4386587,""raw"":[0,0,0]}}","{""ble"":{""connection_state"":""connected"",""counter"":998577,""finger_order"":""DexterController.Visualizer"",""last_error"":null,""last_sample_age_s"":0.009198234998621047,""reconnect_count"":0,""sample_hz"":20.0,""sample_sequence"":1528,""timestamp_us"":9778240928},""fingers"":{""index"":{""has_data"":true,""last_update_ts"":1784118813.4386587,""mapped"":true},""middle"":{""has_data"":true,""last_update_ts"":1784118813.4386587,""mapped"":true},""pinky"":{""has_data"":true,""last_update_ts"":1784118813.4386587,""mapped"":true},""ring"":{""has_data"":true,""last_update_ts"":1784118813.4386587,""mapped"":true},""thumb"":{""has_data"":true,""last_update_ts"":1784118813.4386587,""mapped"":true}},""ports"":{""available"":[""BLE:Dexter""],""unavailable"":[]}}"
1784118813.4979749,1784118813.4978316,1530,ble,"{""index"":{""age_s"":0.009173154830932617,""channels"":3,""force"":[0.4018613419643149,-0.036633908520003367],""has_data"":true,""last_update_ts"":1784118813.4886584,""raw"":[16712,17548,17196]},""middle"":{""age_s"":0.009173154830932617,""channels"":3,""force"":[-0.974850241033046,0.8275932970199982],""has_data"":true,""last_update_ts"":1784118813.4886584,""raw"":[17442,15414,14937]},""pinky"":{""age_s"":0.009173154830932617,""channels"":3,""force"":[-1.0243618657008966,-0.7390613514300028],""has_data"":true,""last_update_ts"":1784118813.4886584,""raw"":[17427,15296,17693]},""ring"":{""age_s"":0.009173154830932617,""channels"":3,""force"":[0.2874558403046148,0.2630980702799972],""has_data"":true,""last_update_ts"":1784118813.4886584,""raw"":[15790,16388,15615]},""thumb"":{""age_s"":0.009173154830932617,""channels"":3,""force"":[0.0,-2.220446049250313e-16],""has_data"":true,""last_update_ts"":1784118813.4886584,""raw"":[0,0,0]}}","{""ble"":{""connection_state"":""connected"",""counter"":998583,""finger_order"":""DexterController.Visualizer"",""last_error"":null,""last_sample_age_s"":0.009198334999382496,""reconnect_count"":0,""sample_hz"":20.0,""sample_sequence"":1529,""timestamp_us"":9778297344},""fingers"":{""index"":{""has_data"":true,""last_update_ts"":1784118813.4886584,""mapped"":true},""middle"":{""has_data"":true,""last_update_ts"":1784118813.4886584,""mapped"":true},""pinky"":{""has_data"":true,""last_update_ts"":1784118813.4886584,""mapped"":true},""ring"":{""has_data"":true,""last_update_ts"":1784118813.4886584,""mapped"":true},""thumb"":{""has_data"":true,""last_update_ts"":1784118813.4886584,""mapped"":true}},""ports"":{""available"":[""BLE:Dexter""],""unavailable"":[]}}"
1784118813.5479505,1784118813.547825,1531,ble,"{""index"":{""age_s"":0.00916600227355957,""channels"":3,""force"":[0.3706161419311993,-0.14459292681000324],""has_data"":true,""last_update_ts"":1784118813.538659,""raw"":[16673,17444,17319]},""middle"":{""age_s"":0.00916600227355957,""channels"":3,""force"":[-0.8042033793137513,0.7018723836899969],""has_data"":true,""last_update_ts"":1784118813.538659,""raw"":[17173,15500,15072]},""pinky"":{""age_s"":0.00916600227355957,""channels"":3,""force"":[-1.0277267333967703,-0.7448894732400015],""has_data"":true,""last_update_ts"":1784118813.538659,""raw"":[17427,15289,17700]},""ring"":{""age_s"":0.00916600227355957,""channels"":3,""force"":[0.27255428336574994,0.25227441548999874],""has_data"":true,""last_update_ts"":1784118813.538659,""raw"":[15803,16370,15632]},""thumb"":{""age_s"":0.00916600227355957,""channels"":3,""force"":[0.0,-2.220446049250313e-16],""has_data"":true,""last_update_ts"":1784118813.538659,""raw"":[0,0,0]}}","{""ble"":{""connection_state"":""connected"",""counter"":998588,""finger_order"":""DexterController.Visualizer"",""last_error"":null,""last_sample_age_s"":0.009186572991893627,""reconnect_count"":0,""sample_hz"":20.0,""sample_sequence"":1530,""timestamp_us"":9778344320},""fingers"":{""index"":{""has_data"":true,""last_update_ts"":1784118813.538659,""mapped"":true},""middle"":{""has_data"":true,""last_update_ts"":1784118813.538659,""mapped"":true},""pinky"":{""has_data"":true,""last_update_ts"":1784118813.538659,""mapped"":true},""ring"":{""has_data"":true,""last_update_ts"":1784118813.538659,""mapped"":true},""thumb"":{""has_data"":true,""last_update_ts"":1784118813.538659,""mapped"":true}},""ports"":{""available"":[""BLE:Dexter""],""unavailable"":[]}}"
1784118813.5979648,1784118813.5978303,1532,ble,"{""index"":{""age_s"":0.0091705322265625,""channels"":3,""force"":[0.32975703419559466,-0.24367099758000155],""has_data"":true,""last_update_ts"":1784118813.5886598,""raw"":[16644,17330,17426]},""middle"":{""age_s"":0.0091705322265625,""channels"":3,""force"":[-0.6633596314721899,0.5772615887999972],""has_data"":true,""last_update_ts"":1784118813.5886598,""raw"":[16938,15558,15208]},""pinky"":{""age_s"":0.0091705322265625,""channels"":3,""force"":[-1.0243618657008984,-0.7457220620699996],""has_data"":true,""last_update_ts"":1784118813.5886598,""raw"":[17417,15286,17695]},""ring"":{""age_s"":0.0091705322265625,""channels"":3,""force"":[0.27303497875087146,0.2564373596399987],""has_data"":true,""last_update_ts"":1784118813.5886598,""raw"":[15801,16369,15623]},""thumb"":{""age_s"":0.0091705322265625,""channels"":3,""force"":[0.0,-2.220446049250313e-16],""has_data"":true,""last_update_ts"":1784118813.5886598,""raw"":[0,0,0]}}","{""ble"":{""connection_state"":""connected"",""counter"":998593,""finger_order"":""DexterController.Visualizer"",""last_error"":null,""last_sample_age_s"":0.009195610997267067,""reconnect_count"":0,""sample_hz"":20.0,""sample_sequence"":1531,""timestamp_us"":9778391360},""fingers"":{""index"":{""has_data"":true,""last_update_ts"":1784118813.5886598,""mapped"":true},""middle"":{""has_data"":true,""last_update_ts"":1784118813.5886598,""mapped"":true},""pinky"":{""has_data"":true,""last_update_ts"":1784118813.5886598,""mapped"":true},""ring"":{""has_data"":true,""last_update_ts"":1784118813.5886598,""mapped"":true},""thumb"":{""has_data"":true,""last_update_ts"":1784118813.5886598,""mapped"":true}},""ports"":{""available"":[""BLE:Dexter""],""unavailable"":[]}}"
1784118813.6479743,1784118813.6478307,1533,ble,"{""index"":{""age_s"":0.009171485900878906,""channels"":3,""force"":[0.24611603718388508,-0.3174938738400028],""has_data"":true,""last_update_ts"":1784118813.6386592,""raw"":[16666,17178,17494]},""middle"":{""age_s"":0.009171485900878906,""channels"":3,""force"":[-0.5556838652042408,0.4446024352199984],""has_data"":true,""last_update_ts"":1784118813.6386592,""raw"":[16710,15554,15331]},""pinky"":{""age_s"":0.009171485900878906,""channels"":3,""force"":[-0.594620191399347,-0.5298040254900025],""has_data"":true,""last_update_ts"":1784118813.6386592,""raw"":[17304,16067,17640]},""ring"":{""age_s"":0.009171485900878906,""channels"":3,""force"":[0.2970697480071127,0.3491322493800002],""has_data"":true,""last_update_ts"":1784118813.6386592,""raw"":[15775,16393,15455]},""thumb"":{""age_s"":0.009171485900878906,""channels"":3,""force"":[0.0,-2.220446049250313e-16],""has_data"":true,""last_update_ts"":1784118813.6386592,""raw"":[0,0,0]}}","{""ble"":{""connection_state"":""connected"",""counter"":998599,""finger_order"":""DexterController.Visualizer"",""last_error"":null,""last_sample_age_s"":0.009196590995998122,""reconnect_count"":0,""sample_hz"":20.0,""sample_sequence"":1532,""timestamp_us"":9778447808},""fingers"":{""index"":{""has_data"":true,""last_update_ts"":1784118813.6386592,""mapped"":true},""middle"":{""has_data"":true,""last_update_ts"":1784118813.6386592,""mapped"":true},""pinky"":{""has_data"":true,""last_update_ts"":1784118813.6386592,""mapped"":true},""ring"":{""has_data"":true,""last_update_ts"":1784118813.6386592,""mapped"":true},""thumb"":{""has_data"":true,""last_update_ts"":1784118813.6386592,""mapped"":true}},""ports"":{""available"":[""BLE:Dexter""],""unavailable"":[]}}"
1784118813.6979396,1784118813.6978226,1534,ble,"{""index"":{""age_s"":0.00916433334350586,""channels"":3,""force"":[0.19756580328628282,-0.3782728584299999],""has_data"":true,""last_update_ts"":1784118813.6886582,""raw"":[16672,17083,17559]},""middle"":{""age_s"":0.00916433334350586,""channels"":3,""force"":[-0.4855023389760227,0.3219343475999974],""has_data"":true,""last_update_ts"":1784118813.6886582,""raw"":[16590,15580,15505]},""pinky"":{""age_s"":0.00916433334350586,""channels"":3,""force"":[-1.0229197795455232,-0.739338881040001],""has_data"":true,""last_update_ts"":1784118813.6886582,""raw"":[17421,15293,17689]},""ring"":{""age_s"":0.00916433334350586,""channels"":3,""force"":[0.2864944495343664,0.2653183071599985],""has_data"":true,""last_update_ts"":1784118813.6886582,""raw"":[15802,16398,15622]},""thumb"":{""age_s"":0.00916433334350586,""channels"":3,""force"":[0.0,-2.220446049250313e-16],""has_data"":true,""last_update_ts"":1784118813.6886582,""raw"":[0,0,0]}}","{""ble"":{""connection_state"":""connected"",""counter"":998604,""finger_order"":""DexterController.Visualizer"",""last_error"":null,""last_sample_age_s"":0.009185018003336154,""reconnect_count"":0,""sample_hz"":20.0,""sample_sequence"":1533,""timestamp_us"":9778494784},""fingers"":{""index"":{""has_data"":true,""last_update_ts"":1784118813.6886582,""mapped"":true},""middle"":{""has_data"":true,""last_update_ts"":1784118813.6886582,""mapped"":true},""pinky"":{""has_data"":true,""last_update_ts"":1784118813.6886582,""mapped"":true},""ring"":{""has_data"":true,""last_update_ts"":1784118813.6886582,""mapped"":true},""thumb"":{""has_data"":true,""last_update_ts"":1784118813.6886582,""mapped"":true}},""ports"":{""available"":[""BLE:Dexter""],""unavailable"":[]}}"
1784118813.7479439,1784118813.7478256,1535,ble,"{""index"":{""age_s"":0.00916600227355957,""channels"":3,""force"":[0.16535921248292418,-0.3896515724400027],""has_data"":true,""last_update_ts"":1784118813.7386596,""raw"":[16708,17052,17582]},""middle"":{""age_s"":0.00916600227355957,""channels"":3,""force"":[-0.44223975431479623,0.27919478765999894],""has_data"":true,""last_update_ts"":1784118813.7386596,""raw"":[16504,15584,15541]},""pinky"":{""age_s"":0.00916600227355957,""channels"":3,""force"":[-1.02580395185627,-0.7421141771400022],""has_data"":true,""last_update_ts"":1784118813.7386596,""raw"":[17427,15293,17697]},""ring"":{""age_s"":0.00916600227355957,""channels"":3,""force"":[0.27399636952111805,0.2542171227599965],""has_data"":true,""last_update_ts"":1784118813.7386596,""raw"":[15797,16367,15624]},""thumb"":{""age_s"":0.00916600227355957,""channels"":3,""force"":[0.0,-2.220446049250313e-16],""has_data"":true,""last_update_ts"":1784118813.7386596,""raw"":[0,0,0]}}","{""ble"":{""connection_state"":""connected"",""counter"":998609,""finger_order"":""DexterController.Visualizer"",""last_error"":null,""last_sample_age_s"":0.009188064999761991,""reconnect_count"":0,""sample_hz"":20.0,""sample_sequence"":1534,""timestamp_us"":9778541696},""fingers"":{""index"":{""has_data"":true,""last_update_ts"":1784118813.7386596,""mapped"":true},""middle"":{""has_data"":true,""last_update_ts"":1784118813.7386596,""mapped"":true},""pinky"":{""has_data"":true,""last_update_ts"":1784118813.7386596,""mapped"":true},""ring"":{""has_data"":true,""last_update_ts"":1784118813.7386596,""mapped"":true},""thumb"":{""has_data"":true,""last_update_ts"":1784118813.7386596,""mapped"":true}},""ports"":{""available"":[""BLE:Dexter""],""unavailable"":[]}}"
1784118813.797942,1784118813.7978241,1536,ble,"{""index"":{""age_s"":0.009165525436401367,""channels"":3,""force"":[0.11728967397044343,-0.40408311216000037],""has_data"":true,""last_update_ts"":1784118813.7886586,""raw"":[16743,16987,17593]},""middle"":{""age_s"":0.009165525436401367,""channels"":3,""force"":[-0.4417590589296694,0.23284734278999686],""has_data"":true,""last_update_ts"":1784118813.7886586,""raw"":[16475,15556,15596]},""pinky"":{""age_s"":0.009165525436401367,""channels"":3,""force"":[-1.025323256471145,-0.743501825190001],""has_data"":true,""last_update_ts"":1784118813.7886586,""raw"":[17423,15290,17696]},""ring"":{""age_s"":0.009165525436401367,""channels"":3,""force"":[0.2715928925954998,0.25282947470999684],""has_data"":true,""last_update_ts"":1784118813.7886586,""raw"":[15800,16365,15627]},""thumb"":{""age_s"":0.009165525436401367,""channels"":3,""force"":[0.0,-2.220446049250313e-16],""has_data"":true,""last_update_ts"":1784118813.7886586,""raw"":[0,0,0]}}","{""ble"":{""connection_state"":""connected"",""counter"":998615,""finger_order"":""DexterController.Visualizer"",""last_error"":null,""last_sample_age_s"":0.009185991002595983,""reconnect_count"":0,""sample_hz"":20.0,""sample_sequence"":1535,""timestamp_us"":9778598368},""fingers"":{""index"":{""has_data"":true,""last_update_ts"":1784118813.7886586,""mapped"":true},""middle"":{""has_data"":true,""last_update_ts"":1784118813.7886586,""mapped"":true},""pinky"":{""has_data"":true,""last_update_ts"":1784118813.7886586,""mapped"":true},""ring"":{""has_data"":true,""last_update_ts"":1784118813.7886586,""mapped"":true},""thumb"":{""has_data"":true,""last_update_ts"":1784118813.7886586,""mapped"":true}},""ports"":{""available"":[""BLE:Dexter""],""unavailable"":[]}}"
1784118813.8479624,1784118813.8478248,1537,ble,"{""index"":{""age_s"":0.009165287017822266,""channels"":3,""force"":[0.07787265239021224,-0.4307259547200042],""has_data"":true,""last_update_ts"":1784118813.8386595,""raw"":[16757,16919,17614]},""middle"":{""age_s"":0.009165287017822266,""channels"":3,""force"":[-0.4369521050784204,0.19177296050999892],""has_data"":true,""last_update_ts"":1784118813.8386595,""raw"":[16452,15543,15652]},""pinky"":{""age_s"":0.009165287017822266,""channels"":3,""force"":[-1.0234004749306482,-0.7346208776700021],""has_data"":true,""last_update_ts"":1784118813.8386595,""raw"":[17424,15295,17683]},""ring"":{""age_s"":0.009165287017822266,""channels"":3,""force"":[0.2797647141426225,0.2653183071599958],""has_data"":true,""last_update_ts"":1784118813.8386595,""raw"":[15795,16377,15608]},""thumb"":{""age_s"":0.009165287017822266,""channels"":3,""force"":[0.0,-2.220446049250313e-16],""has_data"":true,""last_update_ts"":1784118813.8386595,""raw"":[0,0,0]}}","{""ble"":{""connection_state"":""connected"",""counter"":998620,""finger_order"":""DexterController.Visualizer"",""last_error"":null,""last_sample_age_s"":0.009187053990899585,""reconnect_count"":0,""sample_hz"":20.0,""sample_sequence"":1536,""timestamp_us"":9778645472},""fingers"":{""index"":{""has_data"":true,""last_update_ts"":1784118813.8386595,""mapped"":true},""middle"":{""has_data"":true,""last_update_ts"":1784118813.8386595,""mapped"":true},""pinky"":{""has_data"":true,""last_update_ts"":1784118813.8386595,""mapped"":true},""ring"":{""has_data"":true,""last_update_ts"":1784118813.8386595,""mapped"":true},""thumb"":{""has_data"":true,""last_update_ts"":1784118813.8386595,""mapped"":true}},""ports"":{""available"":[""BLE:Dexter""],""unavailable"":[]}}"
1784118813.8979516,1784118813.8978233,1538,ble,"{""index"":{""age_s"":0.009164094924926758,""channels"":3,""force"":[0.07210430776871668,-0.4329461916000028],""has_data"":true,""last_update_ts"":1784118813.8886592,""raw"":[16771,16921,17626]},""middle"":{""age_s"":0.009164094924926758,""channels"":3,""force"":[-0.4244540250651756,0.1867774275299965],""has_data"":true,""last_update_ts"":1784118813.8886592,""raw"":[16424,15541,15646]},""pinky"":{""age_s"":0.009164094924926758,""channels"":3,""force"":[-1.0234004749306465,-0.7446119436299998],""has_data"":true,""last_update_ts"":1784118813.8886592,""raw"":[17422,15293,17699]},""ring"":{""age_s"":0.009164094924926758,""channels"":3,""force"":[0.27351567413599653,0.2578250076899984],""has_data"":true,""last_update_ts"":1784118813.8886592,""raw"":[15801,16370,15621]},""thumb"":{""age_s"":0.009164094924926758,""channels"":3,""force"":[0.0,-2.220446049250313e-16],""has_data"":true,""last_update_ts"":1784118813.8886592,""raw"":[0,0,0]}}","{""ble"":{""connection_state"":""connected"",""counter"":998625,""finger_order"":""DexterController.Visualizer"",""last_error"":null,""last_sample_age_s"":0.009184308000840247,""reconnect_count"":0,""sample_hz"":20.0,""sample_sequence"":1537,""timestamp_us"":9778692448},""fingers"":{""index"":{""has_data"":true,""last_update_ts"":1784118813.8886592,""mapped"":true},""middle"":{""has_data"":true,""last_update_ts"":1784118813.8886592,""mapped"":true},""pinky"":{""has_data"":true,""last_update_ts"":1784118813.8886592,""mapped"":true},""ring"":{""has_data"":true,""last_update_ts"":1784118813.8886592,""mapped"":true},""thumb"":{""has_data"":true,""last_update_ts"":1784118813.8886592,""mapped"":true}},""ports"":{""available"":[""BLE:Dexter""],""unavailable"":[]}}"
1784118813.9479642,1784118813.9478204,1539,ble,"{""index"":{""age_s"":0.009161710739135742,""channels"":3,""force"":[0.06249040006622231,-0.4340563100400008],""has_data"":true,""last_update_ts"":1784118813.9386587,""raw"":[16770,16900,17617]},""middle"":{""age_s"":0.009161710739135742,""channels"":3,""force"":[-0.41628220351805645,0.19094037167999822],""has_data"":true,""last_update_ts"":1784118813.9386587,""raw"":[16391,15525,15614]},""pinky"":{""age_s"":0.009161710739135742,""channels"":3,""force"":[-0.6792225791813067,-0.5725435854300018],""has_data"":true,""last_update_ts"":1784118813.9386587,""raw"":[17332,15919,17657]},""ring"":{""age_s"":0.009161710739135742,""channels"":3,""force"":[0.3028380926286083,0.3258197621400001],""has_data"":true,""last_update_ts"":1784118813.9386587,""raw"":[15772,16402,15500]},""thumb"":{""age_s"":0.009161710739135742,""channels"":3,""force"":[0.0,-2.220446049250313e-16],""has_data"":true,""last_update_ts"":1784118813.9386587,""raw"":[0,0,0]}}","{""ble"":{""connection_state"":""connected"",""counter"":998631,""finger_order"":""DexterController.Visualizer"",""last_error"":null,""last_sample_age_s"":0.00918698200257495,""reconnect_count"":0,""sample_hz"":20.0,""sample_sequence"":1538,""timestamp_us"":9778748736},""fingers"":{""index"":{""has_data"":true,""last_update_ts"":1784118813.9386587,""mapped"":true},""middle"":{""has_data"":true,""last_update_ts"":1784118813.9386587,""mapped"":true},""pinky"":{""has_data"":true,""last_update_ts"":1784118813.9386587,""mapped"":true},""ring"":{""has_data"":true,""last_update_ts"":1784118813.9386587,""mapped"":true},""thumb"":{""has_data"":true,""last_update_ts"":1784118813.9386587,""mapped"":true}},""ports"":{""available"":[""BLE:Dexter""],""unavailable"":[]}}"
1784118813.9982018,1784118813.998056,1540,ble,"{""index"":{""age_s"":0.009406089782714844,""channels"":3,""force"":[0.04999232005297749,-0.4479327905400021],""has_data"":true,""last_update_ts"":1784118813.9886498,""raw"":[16779,16883,17638]},""middle"":{""age_s"":0.009406089782714844,""channels"":3,""force"":[-0.4033034281196848,0.15291881510999783],""has_data"":true,""last_update_ts"":1784118813.9886498,""raw"":[16376,15537,15681]},""pinky"":{""age_s"":0.009406089782714844,""channels"":3,""force"":[-1.021958388775273,-0.7443344140200017],""has_data"":true,""last_update_ts"":1784118813.9886498,""raw"":[17422,15296,17700]},""ring"":{""age_s"":0.009406089782714844,""channels"":3,""force"":[0.27495776029137176,0.2547721819799964],""has_data"":true,""last_update_ts"":1784118813.9886498,""raw"":[15800,16372,15627]},""thumb"":{""age_s"":0.009406089782714844,""channels"":3,""force"":[0.0,-2.220446049250313e-16],""has_data"":true,""last_update_ts"":1784118813.9886498,""raw"":[0,0,0]}}","{""ble"":{""connection_state"":""connected"",""counter"":998636,""finger_order"":""DexterController.Visualizer"",""last_error"":null,""last_sample_age_s"":0.00943260799976997,""reconnect_count"":0,""sample_hz"":20.0,""sample_sequence"":1539,""timestamp_us"":9778795776},""fingers"":{""index"":{""has_data"":true,""last_update_ts"":1784118813.9886498,""mapped"":true},""middle"":{""has_data"":true,""last_update_ts"":1784118813.9886498,""mapped"":true},""pinky"":{""has_data"":true,""last_update_ts"":1784118813.9886498,""mapped"":true},""ring"":{""has_data"":true,""last_update_ts"":1784118813.9886498,""mapped"":true},""thumb"":{""has_data"":true,""last_update_ts"":1784118813.9886498,""mapped"":true}},""ports"":{""available"":[""BLE:Dexter""],""unavailable"":[]}}"
1784118814.0479543,1784118814.0478272,1541,ble,"{""index"":{""age_s"":0.00917673110961914,""channels"":3,""force"":[0.03797493542485775,-0.45320585313000183],""has_data"":true,""last_update_ts"":1784118814.0386505,""raw"":[16790,16869,17646]},""middle"":{""age_s"":0.00917673110961914,""channels"":3,""force"":[-0.39897716965356445,0.14764575251999723],""has_data"":true,""last_update_ts"":1784118814.0386505,""raw"":[16363,15533,15682]},""pinky"":{""age_s"":0.00917673110961914,""channels"":3,""force"":[-1.0243618657008966,-0.7446119436300016],""has_data"":true,""last_update_ts"":1784118814.0386505,""raw"":[17424,15293,17700]},""ring"":{""age_s"":0.00917673110961914,""channels"":3,""force"":[0.2720735879806231,0.25366206353999754],""has_data"":true,""last_update_ts"":1784118814.0386505,""raw"":[15802,16368,15628]},""thumb"":{""age_s"":0.00917673110961914,""channels"":3,""force"":[0.0,-2.220446049250313e-16],""has_data"":true,""last_update_ts"":1784118814.0386505,""raw"":[0,0,0]}}","{""ble"":{""connection_state"":""connected"",""counter"":998641,""finger_order"":""DexterController.Visualizer"",""last_error"":null,""last_sample_age_s"":0.009196813000016846,""reconnect_count"":0,""sample_hz"":20.0,""sample_sequence"":1540,""timestamp_us"":9778842816},""fingers"":{""index"":{""has_data"":true,""last_update_ts"":1784118814.0386505,""mapped"":true},""middle"":{""has_data"":true,""last_update_ts"":1784118814.0386505,""mapped"":true},""pinky"":{""has_data"":true,""last_update_ts"":1784118814.0386505,""mapped"":true},""ring"":{""has_data"":true,""last_update_ts"":1784118814.0386505,""mapped"":true},""thumb"":{""has_data"":true,""last_update_ts"":1784118814.0386505,""mapped"":true}},""ports"":{""available"":[""BLE:Dexter""],""unavailable"":[]}}"
1784118814.097962,1784118814.097831,1542,ble,"{""index"":{""age_s"":0.009172916412353516,""channels"":3,""force"":[0.0471081477422306,-0.44793279054000124],""has_data"":true,""last_update_ts"":1784118814.088658,""raw"":[16780,16878,17636]},""middle"":{""age_s"":0.009172916412353516,""channels"":3,""force"":[-0.39320882503206356,0.15819187769999843],""has_data"":true,""last_update_ts"":1784118814.088658,""raw"":[16375,15557,15681]},""pinky"":{""age_s"":0.009172916412353516,""channels"":3,""force"":[-1.0224390841603963,-0.7440568844100008],""has_data"":true,""last_update_ts"":1784118814.088658,""raw"":[17418,15291,17695]},""ring"":{""age_s"":0.009172916412353516,""channels"":3,""force"":[0.276399846446747,0.255049711589999],""has_data"":true,""last_update_ts"":1784118814.088658,""raw"":[15798,16373,15626]},""thumb"":{""age_s"":0.009172916412353516,""channels"":3,""force"":[0.0,-2.220446049250313e-16],""has_data"":true,""last_update_ts"":1784118814.088658,""raw"":[0,0,0]}}","{""ble"":{""connection_state"":""connected"",""counter"":998646,""finger_order"":""DexterController.Visualizer"",""last_error"":null,""last_sample_age_s"":0.009197614999720827,""reconnect_count"":0,""sample_hz"":20.0,""sample_sequence"":1541,""timestamp_us"":9778889856},""fingers"":{""index"":{""has_data"":true,""last_update_ts"":1784118814.088658,""mapped"":true},""middle"":{""has_data"":true,""last_update_ts"":1784118814.088658,""mapped"":true},""pinky"":{""has_data"":true,""last_update_ts"":1784118814.088658,""mapped"":true},""ring"":{""has_data"":true,""last_update_ts"":1784118814.088658,""mapped"":true},""thumb"":{""has_data"":true,""last_update_ts"":1784118814.088658,""mapped"":true}},""ports"":{""available"":[""BLE:Dexter""],""unavailable"":[]}}"
1784118814.147955,1784118814.1478283,1543,ble,"{""index"":{""age_s"":0.009169340133666992,""channels"":3,""force"":[0.05864483698522527,-0.43849678380000157],""has_data"":true,""last_update_ts"":1784118814.138659,""raw"":[16777,16899,17628]},""middle"":{""age_s"":0.009169340133666992,""channels"":3,""force"":[-0.38119144040394914,0.17234588780999882],""has_data"":true,""last_update_ts"":1784118814.138659,""raw"":[16378,15585,15671]},""pinky"":{""age_s"":0.009169340133666992,""channels"":3,""force"":[-1.020035607234771,-0.7465546509000012],""has_data"":true,""last_update_ts"":1784118814.138659,""raw"":[17415,15293,17699]},""ring"":{""age_s"":0.009169340133666992,""channels"":3,""force"":[0.27447706490624846,0.25560477080999533],""has_data"":true,""last_update_ts"":1784118814.138659,""raw"":[15795,16366,15620]},""thumb"":{""age_s"":0.009169340133666992,""channels"":3,""force"":[0.0,-2.220446049250313e-16],""has_data"":true,""last_update_ts"":1784118814.138659,""raw"":[0,0,0]}}","{""ble"":{""connection_state"":""connected"",""counter"":998652,""finger_order"":""DexterController.Visualizer"",""last_error"":null,""last_sample_age_s"":0.00918913699570112,""reconnect_count"":0,""sample_hz"":20.0,""sample_sequence"":1542,""timestamp_us"":9778946464},""fingers"":{""index"":{""has_data"":true,""last_update_ts"":1784118814.138659,""mapped"":true},""middle"":{""has_data"":true,""last_update_ts"":1784118814.138659,""mapped"":true},""pinky"":{""has_data"":true,""last_update_ts"":1784118814.138659,""mapped"":true},""ring"":{""has_data"":true,""last_update_ts"":1784118814.138659,""mapped"":true},""thumb"":{""has_data"":true,""last_update_ts"":1784118814.138659,""mapped"":true}},""ports"":{""available"":[""BLE:Dexter""],""unavailable"":[]}}"
1784118814.1979408,1784118814.1977952,1544,ble,"{""index"":{""age_s"":0.009135961532592773,""channels"":3,""force"":[0.046146756971978675,-0.43017089550000165],""has_data"":true,""last_update_ts"":1784118814.1886592,""raw"":[16804,16900,17627]},""middle"":{""age_s"":0.009135961532592773,""channels"":3,""force"":[-0.3932088250320689,0.17706389117999777],""has_data"":true,""last_update_ts"":1784118814.1886592,""raw"":[16390,15572,15662]},""pinky"":{""age_s"":0.009135961532592773,""channels"":3,""force"":[-1.020516302619896,-0.7490524173900006],""has_data"":true,""last_update_ts"":1784118814.1886592,""raw"":[17415,15292,17703]},""ring"":{""age_s"":0.009135961532592773,""channels"":3,""force"":[0.2763998464467452,0.2533845339299985],""has_data"":true,""last_update_ts"":1784118814.1886592,""raw"":[15800,16375,15631]},""thumb"":{""age_s"":0.009135961532592773,""channels"":3,""force"":[0.0,-2.220446049250313e-16],""has_data"":true,""last_update_ts"":1784118814.1886592,""raw"":[0,0,0]}}","{""ble"":{""connection_state"":""connected"",""counter"":998657,""finger_order"":""DexterController.Visualizer"",""last_error"":null,""last_sample_age_s"":0.009160440997220576,""reconnect_count"":0,""sample_hz"":20.0,""sample_sequence"":1543,""timestamp_us"":9778993440},""fingers"":{""index"":{""has_data"":true,""last_update_ts"":1784118814.1886592,""mapped"":true},""middle"":{""has_data"":true,""last_update_ts"":1784118814.1886592,""mapped"":true},""pinky"":{""has_data"":true,""last_update_ts"":1784118814.1886592,""mapped"":true},""ring"":{""has_data"":true,""last_update_ts"":1784118814.1886592,""mapped"":true},""thumb"":{""has_data"":true,""last_update_ts"":1784118814.1886592,""mapped"":true}},""ports"":{""available"":[""BLE:Dexter""],""unavailable"":[]}}"
1784118814.248021,1784118814.2478786,1545,ble,"{""index"":{""age_s"":0.009221315383911133,""channels"":3,""force"":[0.04374328004635686,-0.411576411630004],""has_data"":true,""last_update_ts"":1784118814.2386572,""raw"":[16815,16906,17602]},""middle"":{""age_s"":0.009221315383911133,""channels"":3,""force"":[-0.40138064657918804,0.18566730908999762],""has_data"":true,""last_update_ts"":1784118814.2386572,""raw"":[16395,15560,15643]},""pinky"":{""age_s"":0.009221315383911133,""channels"":3,""force"":[-1.0267653426265237,-0.7459995916800022],""has_data"":true,""last_update_ts"":1784118814.2386572,""raw"":[17425,15289,17701]},""ring"":{""age_s"":0.009221315383911133,""channels"":3,""force"":[0.276399846446747,0.2550497115899981],""has_data"":true,""last_update_ts"":1784118814.2386572,""raw"":[15794,16369,15622]},""thumb"":{""age_s"":0.009221315383911133,""channels"":3,""force"":[0.0,-2.220446049250313e-16],""has_data"":true,""last_update_ts"":1784118814.2386572,""raw"":[0,0,0]}}","{""ble"":{""connection_state"":""connected"",""counter"":998662,""finger_order"":""DexterController.Visualizer"",""last_error"":null,""last_sample_age_s"":0.009246431000065058,""reconnect_count"":0,""sample_hz"":20.0,""sample_sequence"":1544,""timestamp_us"":9779040448},""fingers"":{""index"":{""has_data"":true,""last_update_ts"":1784118814.2386572,""mapped"":true},""middle"":{""has_data"":true,""last_update_ts"":1784118814.2386572,""mapped"":true},""pinky"":{""has_data"":true,""last_update_ts"":1784118814.2386572,""mapped"":true},""ring"":{""has_data"":true,""last_update_ts"":1784118814.2386572,""mapped"":true},""thumb"":{""has_data"":true,""last_update_ts"":1784118814.2386572,""mapped"":true}},""ports"":{""available"":[""BLE:Dexter""],""unavailable"":[]}}"
1784118814.2979746,1784118814.29783,1546,ble,"{""index"":{""age_s"":0.009173393249511719,""channels"":3,""force"":[0.037013544654609376,-0.40491570099000196],""has_data"":true,""last_update_ts"":1784118814.2886567,""raw"":[16830,16907,17598]},""middle"":{""age_s"":0.009173393249511719,""channels"":3,""force"":[-0.4109945542816842,0.18899766440999866],""has_data"":true,""last_update_ts"":1784118814.2886567,""raw"":[16415,15560,15647]},""pinky"":{""age_s"":0.009173393249511719,""channels"":3,""force"":[-1.0214776933901462,-0.7451670028500015],""has_data"":true,""last_update_ts"":1784118814.2886567,""raw"":[17415,15290,17695]},""ring"":{""age_s"":0.009173393249511719,""channels"":3,""force"":[0.276399846446747,0.255049711589999],""has_data"":true,""last_update_ts"":1784118814.2886567,""raw"":[15798,16373,15626]},""thumb"":{""age_s"":0.009173393249511719,""channels"":3,""force"":[0.0,-2.220446049250313e-16],""has_data"":true,""last_update_ts"":1784118814.2886567,""raw"":[0,0,0]}}","{""ble"":{""connection_state"":""connected"",""counter"":998668,""finger_order"":""DexterController.Visualizer"",""last_error"":null,""last_sample_age_s"":0.009198205007123761,""reconnect_count"":0,""sample_hz"":20.0,""sample_sequence"":1545,""timestamp_us"":9779096896},""fingers"":{""index"":{""has_data"":true,""last_update_ts"":1784118814.2886567,""mapped"":true},""middle"":{""has_data"":true,""last_update_ts"":1784118814.2886567,""mapped"":true},""pinky"":{""has_data"":true,""last_update_ts"":1784118814.2886567,""mapped"":true},""ring"":{""has_data"":true,""last_update_ts"":1784118814.2886567,""mapped"":true},""thumb"":{""has_data"":true,""last_update_ts"":1784118814.2886567,""mapped"":true}},""ports"":{""available"":[""BLE:Dexter""],""unavailable"":[]}}"
1784118814.3479745,1784118814.3478298,1547,ble,"{""index"":{""age_s"":0.009171724319458008,""channels"":3,""force"":[0.035090763114107304,-0.40380558255000043],""has_data"":true,""last_update_ts"":1784118814.338658,""raw"":[16829,16902,17593]},""middle"":{""age_s"":0.009171724319458008,""channels"":3,""force"":[-0.4172435942883066,0.18816507557999795],""has_data"":true,""last_update_ts"":1784118814.338658,""raw"":[16419,15551,15646]},""pinky"":{""age_s"":0.009171724319458008,""channels"":3,""force"":[-1.0262846472413987,-0.7429467659699993],""has_data"":true,""last_update_ts"":1784118814.338658,""raw"":[17425,15290,17696]},""ring"":{""age_s"":0.009171724319458008,""channels"":3,""force"":[0.27880332337237057,0.2592126557399981],""has_data"":true,""last_update_ts"":1784118814.338658,""raw"":[15798,16378,15621]},""thumb"":{""age_s"":0.009171724319458008,""channels"":3,""force"":[0.0,-2.220446049250313e-16],""has_data"":true,""last_update_ts"":1784118814.338658,""raw"":[0,0,0]}}","{""ble"":{""connection_state"":""connected"",""counter"":998673,""finger_order"":""DexterController.Visualizer"",""last_error"":null,""last_sample_age_s"":0.009196662998874672,""reconnect_count"":0,""sample_hz"":20.0,""sample_sequence"":1546,""timestamp_us"":9779143968},""fingers"":{""index"":{""has_data"":true,""last_update_ts"":1784118814.338658,""mapped"":true},""middle"":{""has_data"":true,""last_update_ts"":1784118814.338658,""mapped"":true},""pinky"":{""has_data"":true,""last_update_ts"":1784118814.338658,""mapped"":true},""ring"":{""has_data"":true,""last_update_ts"":1784118814.338658,""mapped"":true},""thumb"":{""has_data"":true,""last_update_ts"":1784118814.338658,""mapped"":true}},""ports"":{""available"":[""BLE:Dexter""],""unavailable"":[]}}"
1784118814.3979745,1784118814.3978302,1548,ble,"{""index"":{""age_s"":0.009172916412353516,""channels"":3,""force"":[0.03701354465460582,-0.3904841612700025],""has_data"":true,""last_update_ts"":1784118814.3886573,""raw"":[16845,16922,17587]},""middle"":{""age_s"":0.009172916412353516,""channels"":3,""force"":[-0.4201277665990535,0.20759214827999717],""has_data"":true,""last_update_ts"":1784118814.3886573,""raw"":[16432,15558,15621]},""pinky"":{""age_s"":0.009172916412353516,""channels"":3,""force"":[-1.022439084160398,-0.7473872397299992],""has_data"":true,""last_update_ts"":1784118814.3886573,""raw"":[17413,15286,17696]},""ring"":{""age_s"":0.009172916412353516,""channels"":3,""force"":[0.2744770649062467,0.255604770809998],""has_data"":true,""last_update_ts"":1784118814.3886573,""raw"":[15798,16369,15623]},""thumb"":{""age_s"":0.009172916412353516,""channels"":3,""force"":[0.0,-2.220446049250313e-16],""has_data"":true,""last_update_ts"":1784118814.3886573,""raw"":[0,0,0]}}","{""ble"":{""connection_state"":""connected"",""counter"":998678,""finger_order"":""DexterController.Visualizer"",""last_error"":null,""last_sample_age_s"":0.009197523992042989,""reconnect_count"":0,""sample_hz"":20.0,""sample_sequence"":1547,""timestamp_us"":9779190976},""fingers"":{""index"":{""has_data"":true,""last_update_ts"":1784118814.3886573,""mapped"":true},""middle"":{""has_data"":true,""last_update_ts"":1784118814.3886573,""mapped"":true},""pinky"":{""has_data"":true,""last_update_ts"":1784118814.3886573,""mapped"":true},""ring"":{""has_data"":true,""last_update_ts"":1784118814.3886573,""mapped"":true},""thumb"":{""has_data"":true,""last_update_ts"":1784118814.3886573,""mapped"":true}},""ports"":{""available"":[""BLE:Dexter""],""unavailable"":[]}}"
1784118814.4479625,1784118814.4478304,1549,ble,"{""index"":{""age_s"":0.009175539016723633,""channels"":3,""force"":[0.03845563080997927,-0.39964263840000314],""has_data"":true,""last_update_ts"":1784118814.438655,""raw"":[16838,16918,17598]},""middle"":{""age_s"":0.009175539016723633,""channels"":3,""force"":[-0.4239733296800523,0.195935904659998],""has_data"":true,""last_update_ts"":1784118814.438655,""raw"":[16428,15546,15634]},""pinky"":{""age_s"":0.009175539016723633,""channels"":3,""force"":[-1.012825176457902,-0.7429467659700002],""has_data"":true,""last_update_ts"":1784118814.438655,""raw"":[17418,15311,17703]},""ring"":{""age_s"":0.009175539016723633,""channels"":3,""force"":[0.2845716679938679,0.2642081887199961],""has_data"":true,""last_update_ts"":1784118814.438655,""raw"":[15800,16392,15620]},""thumb"":{""age_s"":0.009175539016723633,""channels"":3,""force"":[0.0,-2.220446049250313e-16],""has_data"":true,""last_update_ts"":1784118814.438655,""raw"":[0,0,0]}}","{""ble"":{""connection_state"":""connected"",""counter"":998684,""finger_order"":""DexterController.Visualizer"",""last_error"":null,""last_sample_age_s"":0.009200170010444708,""reconnect_count"":0,""sample_hz"":20.0,""sample_sequence"":1548,""timestamp_us"":9779247360},""fingers"":{""index"":{""has_data"":true,""last_update_ts"":1784118814.438655,""mapped"":true},""middle"":{""has_data"":true,""last_update_ts"":1784118814.438655,""mapped"":true},""pinky"":{""has_data"":true,""last_update_ts"":1784118814.438655,""mapped"":true},""ring"":{""has_data"":true,""last_update_ts"":1784118814.438655,""mapped"":true},""thumb"":{""has_data"":true,""last_update_ts"":1784118814.438655,""mapped"":true}},""ports"":{""available"":[""BLE:Dexter""],""unavailable"":[]}}"
1784118814.49796,1784118814.4978268,1550,ble,"{""index"":{""age_s"":0.009172916412353516,""channels"":3,""force"":[0.04037841235048134,-0.41296405968000016],""has_data"":true,""last_update_ts"":1784118814.488654,""raw"":[16832,16916,17618]},""middle"":{""age_s"":0.009172916412353516,""channels"":3,""force"":[-0.40907177274118567,0.18788754596999713],""has_data"":true,""last_update_ts"":1784118814.488654,""raw"":[16416,15565,15652]},""pinky"":{""age_s"":0.009172916412353516,""channels"":3,""force"":[-1.0243618657008984,-0.7457220620700014],""has_data"":true,""last_update_ts"":1784118814.488654,""raw"":[17420,15289,17698]},""ring"":{""age_s"":0.009172916412353516,""channels"":3,""force"":[0.2773612372169936,0.2556047708099971],""has_data"":true,""last_update_ts"":1784118814.488654,""raw"":[15794,16371,15622]},""thumb"":{""age_s"":0.009172916412353516,""channels"":3,""force"":[0.0,-2.220446049250313e-16],""has_data"":true,""last_update_ts"":1784118814.488654,""raw"":[0,0,0]}}","{""ble"":{""connection_state"":""connected"",""counter"":998689,""finger_order"":""DexterController.Visualizer"",""last_error"":null,""last_sample_age_s"":0.009197924999170937,""reconnect_count"":0,""sample_hz"":20.0,""sample_sequence"":1549,""timestamp_us"":9779294336},""fingers"":{""index"":{""has_data"":true,""last_update_ts"":1784118814.488654,""mapped"":true},""middle"":{""has_data"":true,""last_update_ts"":1784118814.488654,""mapped"":true},""pinky"":{""has_data"":true,""last_update_ts"":1784118814.488654,""mapped"":true},""ring"":{""has_data"":true,""last_update_ts"":1784118814.488654,""mapped"":true},""thumb"":{""has_data"":true,""last_update_ts"":1784118814.488654,""mapped"":true}},""ports"":{""available"":[""BLE:Dexter""],""unavailable"":[]}}"
1784118814.547962,1784118814.547829,1551,ble,"{""index"":{""age_s"":0.00917506217956543,""channels"":3,""force"":[0.03893632619510612,-0.4432147871700032],""has_data"":true,""last_update_ts"":1784118814.5386539,""raw"":[16809,16890,17648]},""middle"":{""age_s"":0.00917506217956543,""channels"":3,""force"":[-0.39849647426844115,0.1556941112099981],""has_data"":true,""last_update_ts"":1784118814.5386539,""raw"":[16385,15556,15690]},""pinky"":{""age_s"":0.00917506217956543,""channels"":3,""force"":[-1.0253232564711467,-0.7457220620700014],""has_data"":true,""last_update_ts"":1784118814.5386539,""raw"":[17421,15288,17698]},""ring"":{""age_s"":0.00917506217956543,""channels"":3,""force"":[0.27495776029137176,0.2547721819799964],""has_data"":true,""last_update_ts"":1784118814.5386539,""raw"":[15800,16372,15627]},""thumb"":{""age_s"":0.00917506217956543,""channels"":3,""force"":[0.0,-2.220446049250313e-16],""has_data"":true,""last_update_ts"":1784118814.5386539,""raw"":[0,0,0]}}","{""ble"":{""connection_state"":""connected"",""counter"":998694,""finger_order"":""DexterController.Visualizer"",""last_error"":null,""last_sample_age_s"":0.00919959699967876,""reconnect_count"":0,""sample_hz"":20.0,""sample_sequence"":1550,""timestamp_us"":9779341344},""fingers"":{""index"":{""has_data"":true,""last_update_ts"":1784118814.5386539,""mapped"":true},""middle"":{""has_data"":true,""last_update_ts"":1784118814.5386539,""mapped"":true},""pinky"":{""has_data"":true,""last_update_ts"":1784118814.5386539,""mapped"":true},""ring"":{""has_data"":true,""last_update_ts"":1784118814.5386539,""mapped"":true},""thumb"":{""has_data"":true,""last_update_ts"":1784118814.5386539,""mapped"":true}},""ports"":{""available"":[""BLE:Dexter""],""unavailable"":[]}}"
1784118814.597965,1784118814.5978293,1552,ble,"{""index"":{""age_s"":0.009171009063720703,""channels"":3,""force"":[0.07258500315384353,-0.5542266311699997],""has_data"":true,""last_update_ts"":1784118814.5886583,""raw"":[16711,16862,17785]},""middle"":{""age_s"":0.009171009063720703,""channels"":3,""force"":[-0.3638864065394536,0.13071644630999746],""has_data"":true,""last_update_ts"":1784118814.5886583,""raw"":[16342,15585,15728]},""pinky"":{""age_s"":0.009171009063720703,""channels"":3,""force"":[-1.022919779545525,-0.7471097101199993],""has_data"":true,""last_update_ts"":1784118814.5886583,""raw"":[17417,15289,17699]},""ring"":{""age_s"":0.009171009063720703,""channels"":3,""force"":[0.28024540952774224,0.2533845339299967],""has_data"":true,""last_update_ts"":1784118814.5886583,""raw"":[15792,16375,15627]},""thumb"":{""age_s"":0.009171009063720703,""channels"":3,""force"":[0.0,-2.220446049250313e-16],""has_data"":true,""last_update_ts"":1784118814.5886583,""raw"":[0,0,0]}}","{""ble"":{""connection_state"":""connected"",""counter"":998700,""finger_order"":""DexterController.Visualizer"",""last_error"":null,""last_sample_age_s"":0.009196161001455039,""reconnect_count"":0,""sample_hz"":20.0,""sample_sequence"":1551,""timestamp_us"":9779397824},""fingers"":{""index"":{""has_data"":true,""last_update_ts"":1784118814.5886583,""mapped"":true},""middle"":{""has_data"":true,""last_update_ts"":1784118814.5886583,""mapped"":true},""pinky"":{""has_data"":true,""last_update_ts"":1784118814.5886583,""mapped"":true},""ring"":{""has_data"":true,""last_update_ts"":1784118814.5886583,""mapped"":true},""thumb"":{""has_data"":true,""last_update_ts"":1784118814.5886583,""mapped"":true}},""ports"":{""available"":[""BLE:Dexter""],""unavailable"":[]}}"
1784118814.6480596,1784118814.647839,1553,ble,"{""index"":{""age_s"":0.009163379669189453,""channels"":3,""force"":[0.09421629548445765,-0.7637614867200018],""has_data"":true,""last_update_ts"":1784118814.6386757,""raw"":[16561,16757,18035]},""middle"":{""age_s"":0.009163379669189453,""channels"":3,""force"":[-0.35138832652621055,0.11406466971000029],""has_data"":true,""last_update_ts"":1784118814.6386757,""raw"":[16313,15582,15742]},""pinky"":{""age_s"":0.009163379669189453,""channels"":3,""force"":[-1.0234004749306465,-0.7423917067500012],""has_data"":true,""last_update_ts"":1784118814.6386757,""raw"":[17416,15287,17689]},""ring"":{""age_s"":0.009163379669189453,""channels"":3,""force"":[0.2860137541492431,0.2600452445699952],""has_data"":true,""last_update_ts"":1784118814.6386757,""raw"":[15791,16386,15620]},""thumb"":{""age_s"":0.009163379669189453,""channels"":3,""force"":[0.0,-2.220446049250313e-16],""has_data"":true,""last_update_ts"":1784118814.6386757,""raw"":[0,0,0]}}","{""ble"":{""connection_state"":""connected"",""counter"":998705,""finger_order"":""DexterController.Visualizer"",""last_error"":null,""last_sample_age_s"":0.009199959007673897,""reconnect_count"":0,""sample_hz"":20.0,""sample_sequence"":1552,""timestamp_us"":9779444736},""fingers"":{""index"":{""has_data"":true,""last_update_ts"":1784118814.6386757,""mapped"":true},""middle"":{""has_data"":true,""last_update_ts"":1784118814.6386757,""mapped"":true},""pinky"":{""has_data"":true,""last_update_ts"":1784118814.6386757,""mapped"":true},""ring"":{""has_data"":true,""last_update_ts"":1784118814.6386757,""mapped"":true},""thumb"":{""has_data"":true,""last_update_ts"":1784118814.6386757,""mapped"":true}},""ports"":{""available"":[""BLE:Dexter""],""unavailable"":[]}}"
1784118814.698077,1784118814.69784,1554,ble,"{""index"":{""age_s"":0.009181737899780273,""channels"":3,""force"":[0.05431857851910138,-0.8695002681300021],""has_data"":true,""last_update_ts"":1784118814.6886582,""raw"":[16560,16673,18183]},""middle"":{""age_s"":0.009181737899780273,""channels"":3,""force"":[-0.3134133911013528,0.07770829079999775],""has_data"":true,""last_update_ts"":1784118814.6886582,""raw"":[16226,15574,15760]},""pinky"":{""age_s"":0.009181737899780273,""channels"":3,""force"":[-1.027246038011647,-0.7407265290899998],""has_data"":true,""last_update_ts"":1784118814.6886582,""raw"":[17429,15292,17695]},""ring"":{""age_s"":0.009181737899780273,""channels"":3,""force"":[0.2744770649062467,0.25393959314999837],""has_data"":true,""last_update_ts"":1784118814.6886582,""raw"":[15798,16369,15626]},""thumb"":{""age_s"":0.009181737899780273,""channels"":3,""force"":[0.0,-2.220446049250313e-16],""has_data"":true,""last_update_ts"":1784118814.6886582,""raw"":[0,0,0]}}","{""ble"":{""connection_state"":""connected"",""counter"":998710,""finger_order"":""DexterController.Visualizer"",""last_error"":null,""last_sample_age_s"":0.009223065004334785,""reconnect_count"":0,""sample_hz"":20.0,""sample_sequence"":1553,""timestamp_us"":9779491776},""fingers"":{""index"":{""has_data"":true,""last_update_ts"":1784118814.6886582,""mapped"":true},""middle"":{""has_data"":true,""last_update_ts"":1784118814.6886582,""mapped"":true},""pinky"":{""has_data"":true,""last_update_ts"":1784118814.6886582,""mapped"":true},""ring"":{""has_data"":true,""last_update_ts"":1784118814.6886582,""mapped"":true},""thumb"":{""has_data"":true,""last_update_ts"":1784118814.6886582,""mapped"":true}},""ports"":{""available"":[""BLE:Dexter""],""unavailable"":[]}}"
1784118814.747944,1784118814.747822,1555,ble,"{""index"":{""age_s"":0.00916290283203125,""channels"":3,""force"":[0.11392480627457324,-1.2785789132700014],""has_data"":true,""last_update_ts"":1784118814.7386591,""raw"":[16242,16479,18664]},""middle"":{""age_s"":0.00916290283203125,""channels"":3,""force"":[-0.24034769256238775,0.1237782060599999],""has_data"":true,""last_update_ts"":1784118814.7386591,""raw"":[16145,15645,15672]},""pinky"":{""age_s"":0.00916290283203125,""channels"":3,""force"":[-0.42781889276104756,-0.45459350118000064],""has_data"":true,""last_update_ts"":1784118814.7386591,""raw"":[17246,16356,17620]},""ring"":{""age_s"":0.00916290283203125,""channels"":3,""force"":[0.29706974800711095,0.38576615789999735],""has_data"":true,""last_update_ts"":1784118814.7386591,""raw"":[15777,16395,15391]},""thumb"":{""age_s"":0.00916290283203125,""channels"":3,""force"":[0.0,-2.220446049250313e-16],""has_data"":true,""last_update_ts"":1784118814.7386591,""raw"":[0,0,0]}}","{""ble"":{""connection_state"":""connected"",""counter"":998716,""finger_order"":""DexterController.Visualizer"",""last_error"":null,""last_sample_age_s"":0.009187885007122532,""reconnect_count"":0,""sample_hz"":20.0,""sample_sequence"":1554,""timestamp_us"":9779548384},""fingers"":{""index"":{""has_data"":true,""last_update_ts"":1784118814.7386591,""mapped"":true},""middle"":{""has_data"":true,""last_update_ts"":1784118814.7386591,""mapped"":true},""pinky"":{""has_data"":true,""last_update_ts"":1784118814.7386591,""mapped"":true},""ring"":{""has_data"":true,""last_update_ts"":1784118814.7386591,""mapped"":true},""thumb"":{""has_data"":true,""last_update_ts"":1784118814.7386591,""mapped"":true}},""ports"":{""available"":[""BLE:Dexter""],""unavailable"":[]}}"
1784118814.7979438,1784118814.7978241,1556,ble,"{""index"":{""age_s"":0.00916600227355957,""channels"":3,""force"":[0.08171821547121105,-1.6585169493600036],""has_data"":true,""last_update_ts"":1784118814.7886581,""raw"":[16057,16227,19130]},""middle"":{""age_s"":0.00916600227355957,""channels"":3,""force"":[-0.24611603718388508,0.16207729223999578],""has_data"":true,""last_update_ts"":1784118814.7886581,""raw"":[16209,15697,15661]},""pinky"":{""age_s"":0.00916600227355957,""channels"":3,""force"":[-1.020516302619896,-0.7440568844100017],""has_data"":true,""last_update_ts"":1784118814.7886581,""raw"":[17415,15292,17694]},""ring"":{""age_s"":0.00916600227355957,""channels"":3,""force"":[0.29082070800048854,0.26337559988999804],""has_data"":true,""last_update_ts"":1784118814.7886581,""raw"":[15789,16394,15617]},""thumb"":{""age_s"":0.00916600227355957,""channels"":3,""force"":[0.0,-2.220446049250313e-16],""has_data"":true,""last_update_ts"":1784118814.7886581,""raw"":[0,0,0]}}","{""ble"":{""connection_state"":""connected"",""counter"":998721,""finger_order"":""DexterController.Visualizer"",""last_error"":null,""last_sample_age_s"":0.009191151999402791,""reconnect_count"":0,""sample_hz"":20.0,""sample_sequence"":1555,""timestamp_us"":9779595488},""fingers"":{""index"":{""has_data"":true,""last_update_ts"":1784118814.7886581,""mapped"":true},""middle"":{""has_data"":true,""last_update_ts"":1784118814.7886581,""mapped"":true},""pinky"":{""has_data"":true,""last_update_ts"":1784118814.7886581,""mapped"":true},""ring"":{""has_data"":true,""last_update_ts"":1784118814.7886581,""mapped"":true},""thumb"":{""has_data"":true,""last_update_ts"":1784118814.7886581,""mapped"":true}},""ports"":{""available"":[""BLE:Dexter""],""unavailable"":[]}}"
1784118814.847961,1784118814.8478177,1557,ble,"{""index"":{""age_s"":0.009159564971923828,""channels"":3,""force"":[0.01730503386449378,-2.0653753576200025],""has_data"":true,""last_update_ts"":1784118814.838658,""raw"":[15898,15934,19637]},""middle"":{""age_s"":0.009159564971923828,""channels"":3,""force"":[-0.26582454797400246,0.3122208112499987],""has_data"":true,""last_update_ts"":1784118814.838658,""raw"":[16306,15753,15467]},""pinky"":{""age_s"":0.009159564971923828,""channels"":3,""force"":[-1.0234004749306482,-0.742946765970002],""has_data"":true,""last_update_ts"":1784118814.838658,""raw"":[17424,15295,17698]},""ring"":{""age_s"":0.009159564971923828,""channels"":3,""force"":[0.27207358798061776,0.25588230041999704],""has_data"":true,""last_update_ts"":1784118814.838658,""raw"":[15805,16371,15627]},""thumb"":{""age_s"":0.009159564971923828,""channels"":3,""force"":[0.0,-2.220446049250313e-16],""has_data"":true,""last_update_ts"":1784118814.838658,""raw"":[0,0,0]}}","{""ble"":{""connection_state"":""connected"",""counter"":998726,""finger_order"":""DexterController.Visualizer"",""last_error"":null,""last_sample_age_s"":0.00918435699713882,""reconnect_count"":0,""sample_hz"":20.0,""sample_sequence"":1556,""timestamp_us"":9779642400},""fingers"":{""index"":{""has_data"":true,""last_update_ts"":1784118814.838658,""mapped"":true},""middle"":{""has_data"":true,""last_update_ts"":1784118814.838658,""mapped"":true},""pinky"":{""has_data"":true,""last_update_ts"":1784118814.838658,""mapped"":true},""ring"":{""has_data"":true,""last_update_ts"":1784118814.838658,""mapped"":true},""thumb"":{""has_data"":true,""last_update_ts"":1784118814.838658,""mapped"":true}},""ports"":{""available"":[""BLE:Dexter""],""unavailable"":[]}}"
1784118814.8979385,1784118814.897806,1558,ble,"{""index"":{""age_s"":0.009156465530395508,""channels"":3,""force"":[-0.0826796062414612,-2.6115536301000013],""has_data"":true,""last_update_ts"":1784118814.8886495,""raw"":[15706,15534,20325]},""middle"":{""age_s"":0.009156465530395508,""channels"":3,""force"":[-0.2773612372169936,0.39103922048999884],""has_data"":true,""last_update_ts"":1784118814.8886495,""raw"":[16382,15805,15389]},""pinky"":{""age_s"":0.009156465530395508,""channels"":3,""force"":[-1.0253232564711467,-0.747387239730001],""has_data"":true,""last_update_ts"":1784118814.8886495,""raw"":[17420,15287,17700]},""ring"":{""age_s"":0.009156465530395508,""channels"":3,""force"":[0.27928401875749564,0.2511642970499963],""has_data"":true,""last_update_ts"":1784118814.8886495,""raw"":[15795,16376,15633]},""thumb"":{""age_s"":0.009156465530395508,""channels"":3,""force"":[0.0,-2.220446049250313e-16],""has_data"":true,""last_update_ts"":1784118814.8886495,""raw"":[0,0,0]}}","{""ble"":{""connection_state"":""connected"",""counter"":998732,""finger_order"":""DexterController.Visualizer"",""last_error"":null,""last_sample_age_s"":0.009181973000522703,""reconnect_count"":0,""sample_hz"":20.0,""sample_sequence"":1557,""timestamp_us"":9779698816},""fingers"":{""index"":{""has_data"":true,""last_update_ts"":1784118814.8886495,""mapped"":true},""middle"":{""has_data"":true,""last_update_ts"":1784118814.8886495,""mapped"":true},""pinky"":{""has_data"":true,""last_update_ts"":1784118814.8886495,""mapped"":true},""ring"":{""has_data"":true,""last_update_ts"":1784118814.8886495,""mapped"":true},""thumb"":{""has_data"":true,""last_update_ts"":1784118814.8886495,""mapped"":true}},""ports"":{""available"":[""BLE:Dexter""],""unavailable"":[]}}"
1784118814.9479537,1784118814.9478197,1559,ble,"{""index"":{""age_s"":0.00916290283203125,""channels"":3,""force"":[-0.13267192629443691,-3.089459618520003],""has_data"":true,""last_update_ts"":1784118814.9386568,""raw"":[15496,15220,20924]},""middle"":{""age_s"":0.00916290283203125,""channels"":3,""force"":[-0.23073378485989338,0.3713346181799988],""has_data"":true,""last_update_ts"":1784118814.9386568,""raw"":[16315,15835,15406]},""pinky"":{""age_s"":0.00916290283203125,""channels"":3,""force"":[-1.022439084160398,-0.7501625358300013],""has_data"":true,""last_update_ts"":1784118814.9386568,""raw"":[17416,15289,17704]},""ring"":{""age_s"":0.00916290283203125,""channels"":3,""force"":[0.27495776029137176,0.25754747807999756],""has_data"":true,""last_update_ts"":1784118814.9386568,""raw"":[15800,16372,15622]},""thumb"":{""age_s"":0.00916290283203125,""channels"":3,""force"":[0.0,-2.220446049250313e-16],""has_data"":true,""last_update_ts"":1784118814.9386568,""raw"":[0,0,0]}}","{""ble"":{""connection_state"":""connected"",""counter"":998737,""finger_order"":""DexterController.Visualizer"",""last_error"":null,""last_sample_age_s"":0.009188245996483602,""reconnect_count"":0,""sample_hz"":20.0,""sample_sequence"":1558,""timestamp_us"":9779745792},""fingers"":{""index"":{""has_data"":true,""last_update_ts"":1784118814.9386568,""mapped"":true},""middle"":{""has_data"":true,""last_update_ts"":1784118814.9386568,""mapped"":true},""pinky"":{""has_data"":true,""last_update_ts"":1784118814.9386568,""mapped"":true},""ring"":{""has_data"":true,""last_update_ts"":1784118814.9386568,""mapped"":true},""thumb"":{""has_data"":true,""last_update_ts"":1784118814.9386568,""mapped"":true}},""ports"":{""available"":[""BLE:Dexter""],""unavailable"":[]}}"
1784118814.9979484,1784118814.997805,1560,ble,"{""index"":{""age_s"":0.009146690368652344,""channels"":3,""force"":[-0.08652516932246002,-3.8332389733200003],""has_data"":true,""last_update_ts"":1784118814.9886584,""raw"":[15006,14826,21822]},""middle"":{""age_s"":0.009146690368652344,""channels"":3,""force"":[-0.1321912309093154,0.4371091357499983],""has_data"":true,""last_update_ts"":1784118814.9886584,""raw"":[16263,15988,15338]},""pinky"":{""age_s"":0.009146690368652344,""channels"":3,""force"":[-1.0248425610860217,-0.7415591179200005],""has_data"":true,""last_update_ts"":1784118814.9886584,""raw"":[17426,15294,17696]},""ring"":{""age_s"":0.009146690368652344,""channels"":3,""force"":[0.27447706490624846,0.25060923782999733],""has_data"":true,""last_update_ts"":1784118814.9886584,""raw"":[15794,16365,15628]},""thumb"":{""age_s"":0.009146690368652344,""channels"":3,""force"":[0.0,-2.220446049250313e-16],""has_data"":true,""last_update_ts"":1784118814.9886584,""raw"":[0,0,0]}}","{""ble"":{""connection_state"":""connected"",""counter"":998742,""finger_order"":""DexterController.Visualizer"",""last_error"":null,""last_sample_age_s"":0.00917264400050044,""reconnect_count"":0,""sample_hz"":20.0,""sample_sequence"":1559,""timestamp_us"":9779792832},""fingers"":{""index"":{""has_data"":true,""last_update_ts"":1784118814.9886584,""mapped"":true},""middle"":{""has_data"":true,""last_update_ts"":1784118814.9886584,""mapped"":true},""pinky"":{""has_data"":true,""last_update_ts"":1784118814.9886584,""mapped"":true},""ring"":{""has_data"":true,""last_update_ts"":1784118814.9886584,""mapped"":true},""thumb"":{""has_data"":true,""last_update_ts"":1784118814.9886584,""mapped"":true}},""ports"":{""available"":[""BLE:Dexter""],""unavailable"":[]}}"
1784118815.0479462,1784118815.047816,1561,ble,"{""index"":{""age_s"":0.009157896041870117,""channels"":3,""force"":[-0.0658552677620925,-4.542882186090003],""has_data"":true,""last_update_ts"":1784118815.0386581,""raw"":[14571,14434,22687]},""middle"":{""age_s"":0.009157896041870117,""channels"":3,""force"":[-0.04326258466122823,0.5117646008399976],""has_data"":true,""last_update_ts"":1784118815.0386581,""raw"":[16211,16121,15244]},""pinky"":{""age_s"":0.009157896041870117,""channels"":3,""force"":[-1.0253232564711467,-0.730735463130002],""has_data"":true,""last_update_ts"":1784118815.0386581,""raw"":[17430,15297,17680]},""ring"":{""age_s"":0.009157896041870117,""channels"":3,""force"":[0.27495776029137176,0.2592126557399972],""has_data"":true,""last_update_ts"":1784118815.0386581,""raw"":[15800,16372,15619]},""thumb"":{""age_s"":0.009157896041870117,""channels"":3,""force"":[0.0,-2.220446049250313e-16],""has_data"":true,""last_update_ts"":1784118815.0386581,""raw"":[0,0,0]}}","{""ble"":{""connection_state"":""connected"",""counter"":998747,""finger_order"":""DexterController.Visualizer"",""last_error"":null,""last_sample_age_s"":0.009178064996376634,""reconnect_count"":0,""sample_hz"":20.0,""sample_sequence"":1560,""timestamp_us"":9779839872},""fingers"":{""index"":{""has_data"":true,""last_update_ts"":1784118815.0386581,""mapped"":true},""middle"":{""has_data"":true,""last_update_ts"":1784118815.0386581,""mapped"":true},""pinky"":{""has_data"":true,""last_update_ts"":1784118815.0386581,""mapped"":true},""ring"":{""has_data"":true,""last_update_ts"":1784118815.0386581,""mapped"":true},""thumb"":{""has_data"":true,""last_update_ts"":1784118815.0386581,""mapped"":true}},""ports"":{""available"":[""BLE:Dexter""],""unavailable"":[]}}"
1784118815.0979526,1784118815.0978198,1562,ble,"{""index"":{""age_s"":0.009161710739135742,""channels"":3,""force"":[-0.08796725547783524,-5.336616870689999],""has_data"":true,""last_update_ts"":1784118815.088658,""raw"":[14152,13969,23675]},""middle"":{""age_s"":0.009161710739135742,""channels"":3,""force"":[-0.04470467081660523,0.609177493949999],""has_data"":true,""last_update_ts"":1784118815.088658,""raw"":[16282,16189,15138]},""pinky"":{""age_s"":0.009161710739135742,""channels"":3,""force"":[-1.0190742164645226,-0.7432242955800019],""has_data"":true,""last_update_ts"":1784118815.088658,""raw"":[17418,15298,17697]},""ring"":{""age_s"":0.009161710739135742,""channels"":3,""force"":[0.2744770649062449,0.25449465236999735],""has_data"":true,""last_update_ts"":1784118815.088658,""raw"":[15797,16368,15624]},""thumb"":{""age_s"":0.009161710739135742,""channels"":3,""force"":[0.0,-2.220446049250313e-16],""has_data"":true,""last_update_ts"":1784118815.088658,""raw"":[0,0,0]}}","{""ble"":{""connection_state"":""connected"",""counter"":998753,""finger_order"":""DexterController.Visualizer"",""last_error"":null,""last_sample_age_s"":0.009186672992655076,""reconnect_count"":0,""sample_hz"":20.0,""sample_sequence"":1561,""timestamp_us"":9779896352},""fingers"":{""index"":{""has_data"":true,""last_update_ts"":1784118815.088658,""mapped"":true},""middle"":{""has_data"":true,""last_update_ts"":1784118815.088658,""mapped"":true},""pinky"":{""has_data"":true,""last_update_ts"":1784118815.088658,""mapped"":true},""ring"":{""has_data"":true,""last_update_ts"":1784118815.088658,""mapped"":true},""thumb"":{""has_data"":true,""last_update_ts"":1784118815.088658,""mapped"":true}},""ports"":{""available"":[""BLE:Dexter""],""unavailable"":[]}}"
1784118815.147932,1784118815.1478152,1563,ble,"{""index"":{""age_s"":0.00916147232055664,""channels"":3,""force"":[-0.11440550165969654,-6.084004110420002],""has_data"":true,""last_update_ts"":1784118815.1386538,""raw"":[13759,13521,24601]},""middle"":{""age_s"":0.00916147232055664,""channels"":3,""force"":[-0.06056761852572379,0.7226871044399985],""has_data"":true,""last_update_ts"":1784118815.1386538,""raw"":[16352,16226,14987]},""pinky"":{""age_s"":0.00916147232055664,""channels"":3,""force"":[-1.0286881241670187,-0.7410040587000024],""has_data"":true,""last_update_ts"":1784118815.1386538,""raw"":[17428,15288,17693]},""ring"":{""age_s"":0.00916147232055664,""channels"":3,""force"":[0.2754384556764986,0.2533845339299976],""has_data"":true,""last_update_ts"":1784118815.1386538,""raw"":[15795,16368,15625]},""thumb"":{""age_s"":0.00916147232055664,""channels"":3,""force"":[0.0,-2.220446049250313e-16],""has_data"":true,""last_update_ts"":1784118815.1386538,""raw"":[0,0,0]}}","{""ble"":{""connection_state"":""connected"",""counter"":998758,""finger_order"":""DexterController.Visualizer"",""last_error"":null,""last_sample_age_s"":0.009181712986901402,""reconnect_count"":0,""sample_hz"":20.0,""sample_sequence"":1562,""timestamp_us"":9779943392},""fingers"":{""index"":{""has_data"":true,""last_update_ts"":1784118815.1386538,""mapped"":true},""middle"":{""has_data"":true,""last_update_ts"":1784118815.1386538,""mapped"":true},""pinky"":{""has_data"":true,""last_update_ts"":1784118815.1386538,""mapped"":true},""ring"":{""has_data"":true,""last_update_ts"":1784118815.1386538,""mapped"":true},""thumb"":{""has_data"":true,""last_update_ts"":1784118815.1386538,""mapped"":true}},""ports"":{""available"":[""BLE:Dexter""],""unavailable"":[]}}"
1784118815.197944,1784118815.1978166,1564,ble,"{""index"":{""age_s"":0.009158611297607422,""channels"":3,""force"":[-0.1937202402052849,-6.8430475937700015],""has_data"":true,""last_update_ts"":1784118815.188658,""raw"":[13435,13032,25562]},""middle"":{""age_s"":0.009158611297607422,""channels"":3,""force"":[-0.14517000630768528,0.8214876455999995],""has_data"":true,""last_update_ts"":1784118815.188658,""raw"":[16500,16198,14869]},""pinky"":{""age_s"":0.009158611297607422,""channels"":3,""force"":[-1.0282074287818936,-0.7457220620700014],""has_data"":true,""last_update_ts"":1784118815.188658,""raw"":[17426,15287,17700]},""ring"":{""age_s"":0.009158611297607422,""channels"":3,""force"":[0.2720735879806231,0.2547721819799964],""has_data"":true,""last_update_ts"":1784118815.188658,""raw"":[15800,16366,15624]},""thumb"":{""age_s"":0.009158611297607422,""channels"":3,""force"":[0.0,-2.220446049250313e-16],""has_data"":true,""last_update_ts"":1784118815.188658,""raw"":[0,0,0]}}","{""ble"":{""connection_state"":""connected"",""counter"":998763,""finger_order"":""DexterController.Visualizer"",""last_error"":null,""last_sample_age_s"":0.00917873700382188,""reconnect_count"":0,""sample_hz"":20.0,""sample_sequence"":1563,""timestamp_us"":9779990432},""fingers"":{""index"":{""has_data"":true,""last_update_ts"":1784118815.188658,""mapped"":true},""middle"":{""has_data"":true,""last_update_ts"":1784118815.188658,""mapped"":true},""pinky"":{""has_data"":true,""last_update_ts"":1784118815.188658,""mapped"":true},""ring"":{""has_data"":true,""last_update_ts"":1784118815.188658,""mapped"":true},""thumb"":{""has_data"":true,""last_update_ts"":1784118815.188658,""mapped"":true}},""ports"":{""available"":[""BLE:Dexter""],""unavailable"":[]}}"
1784118815.2479506,1784118815.2478175,1565,ble,"{""index"":{""age_s"":0.00915980339050293,""channels"":3,""force"":[-0.241309083332637,-7.623183327480002],""has_data"":true,""last_update_ts"":1784118815.2386577,""raw"":[13053,12551,26536]},""middle"":{""age_s"":0.00915980339050293,""channels"":3,""force"":[-0.21246736022515122,0.9741289310999983],""has_data"":true,""last_update_ts"":1784118815.2386577,""raw"":[16653,16211,14677]},""pinky"":{""age_s"":0.00915980339050293,""channels"":3,""force"":[-1.021477693390148,-0.7457220620700022],""has_data"":true,""last_update_ts"":1784118815.2386577,""raw"":[17419,15294,17700]},""ring"":{""age_s"":0.00915980339050293,""channels"":3,""force"":[0.2783226279872473,0.25449465236999913],""has_data"":true,""last_update_ts"":1784118815.2386577,""raw"":[15794,16373,15625]},""thumb"":{""age_s"":0.00915980339050293,""channels"":3,""force"":[0.0,-2.220446049250313e-16],""has_data"":true,""last_update_ts"":1784118815.2386577,""raw"":[0,0,0]}}","{""ble"":{""connection_state"":""connected"",""counter"":998768,""finger_order"":""DexterController.Visualizer"",""last_error"":null,""last_sample_age_s"":0.009184850001474842,""reconnect_count"":0,""sample_hz"":20.0,""sample_sequence"":1564,""timestamp_us"":9780037248},""fingers"":{""index"":{""has_data"":true,""last_update_ts"":1784118815.2386577,""mapped"":true},""middle"":{""has_data"":true,""last_update_ts"":1784118815.2386577,""mapped"":true},""pinky"":{""has_data"":true,""last_update_ts"":1784118815.2386577,""mapped"":true},""ring"":{""has_data"":true,""last_update_ts"":1784118815.2386577,""mapped"":true},""thumb"":{""has_data"":true,""last_update_ts"":1784118815.2386577,""mapped"":true}},""ports"":{""available"":[""BLE:Dexter""],""unavailable"":[]}}"
1784118815.297935,1784118815.2978158,1566,ble,"{""index"":{""age_s"":0.009157180786132812,""channels"":3,""force"":[-0.26630524335912664,-8.394715643280003],""has_data"":true,""last_update_ts"":1784118815.2886586,""raw"":[12671,12117,27518]},""middle"":{""age_s"":0.009157180786132812,""channels"":3,""force"":[-0.29130140338561183,1.0523922811199968],""has_data"":true,""last_update_ts"":1784118815.2886586,""raw"":[16794,16188,14595]},""pinky"":{""age_s"":0.009157180786132812,""channels"":3,""force"":[-1.0296495149372689,-0.7465546509000021],""has_data"":true,""last_update_ts"":1784118815.2886586,""raw"":[17426,15284,17700]},""ring"":{""age_s"":0.009157180786132812,""channels"":3,""force"":[0.27111219721037294,0.2575474780799967],""has_data"":true,""last_update_ts"":1784118815.2886586,""raw"":[15806,16370,15624]},""thumb"":{""age_s"":0.009157180786132812,""channels"":3,""force"":[0.0,-2.220446049250313e-16],""has_data"":true,""last_update_ts"":1784118815.2886586,""raw"":[0,0,0]}}","{""ble"":{""connection_state"":""connected"",""counter"":998774,""finger_order"":""DexterController.Visualizer"",""last_error"":null,""last_sample_age_s"":0.009177433996228501,""reconnect_count"":0,""sample_hz"":20.0,""sample_sequence"":1565,""timestamp_us"":9780093600},""fingers"":{""index"":{""has_data"":true,""last_update_ts"":1784118815.2886586,""mapped"":true},""middle"":{""has_data"":true,""last_update_ts"":1784118815.2886586,""mapped"":true},""pinky"":{""has_data"":true,""last_update_ts"":1784118815.2886586,""mapped"":true},""ring"":{""has_data"":true,""last_update_ts"":1784118815.2886586,""mapped"":true},""thumb"":{""has_data"":true,""last_update_ts"":1784118815.2886586,""mapped"":true}},""ports"":{""available"":[""BLE:Dexter""],""unavailable"":[]}}"
1784118815.3480427,1784118815.3478415,1567,ble,"{""index"":{""age_s"":0.00915980339050293,""channels"":3,""force"":[-0.3735003142419515,-8.679738552749999],""has_data"":true,""last_update_ts"":1784118815.3386817,""raw"":[12616,11839,27865]},""middle"":{""age_s"":0.00915980339050293,""channels"":3,""force"":[-0.37878796347832555,1.1645142435599993],""has_data"":true,""last_update_ts"":1784118815.3386817,""raw"":[16949,16161,14457]},""pinky"":{""age_s"":0.00915980339050293,""channels"":3,""force"":[-1.0238811703157733,-0.7421141771400004],""has_data"":true,""last_update_ts"":1784118815.3386817,""raw"":[17424,15294,17696]},""ring"":{""age_s"":0.00915980339050293,""channels"":3,""force"":[0.27111219721037294,0.2603227741799943],""has_data"":true,""last_update_ts"":1784118815.3386817,""raw"":[15807,16371,15620]},""thumb"":{""age_s"":0.00915980339050293,""channels"":3,""force"":[0.0,-2.220446049250313e-16],""has_data"":true,""last_update_ts"":1784118815.3386817,""raw"":[0,0,0]}}","{""ble"":{""connection_state"":""connected"",""counter"":998779,""finger_order"":""DexterController.Visualizer"",""last_error"":null,""last_sample_age_s"":0.00919117100420408,""reconnect_count"":0,""sample_hz"":20.0,""sample_sequence"":1566,""timestamp_us"":9780140480},""fingers"":{""index"":{""has_data"":true,""last_update_ts"":1784118815.3386817,""mapped"":true},""middle"":{""has_data"":true,""last_update_ts"":1784118815.3386817,""mapped"":true},""pinky"":{""has_data"":true,""last_update_ts"":1784118815.3386817,""mapped"":true},""ring"":{""has_data"":true,""last_update_ts"":1784118815.3386817,""mapped"":true},""thumb"":{""has_data"":true,""last_update_ts"":1784118815.3386817,""mapped"":true}},""ports"":{""available"":[""BLE:Dexter""],""unavailable"":[]}}"
1784118815.3979557,1784118815.3978274,1568,ble,"{""index"":{""age_s"":0.009173870086669922,""channels"":3,""force"":[-0.5350139636438751,-8.943946741470002],""has_data"":true,""last_update_ts"":1784118815.3886535,""raw"":[12643,11530,28200]},""middle"":{""age_s"":0.009173870086669922,""channels"":3,""force"":[-0.43599071430817204,1.245830419289998],""has_data"":true,""last_update_ts"":1784118815.3886535,""raw"":[17030,16123,14332]},""pinky"":{""age_s"":0.009173870086669922,""channels"":3,""force"":[-1.02484256108602,-0.7404489994800016],""has_data"":true,""last_update_ts"":1784118815.3886535,""raw"":[17418,15286,17686]},""ring"":{""age_s"":0.009173870086669922,""channels"":3,""force"":[0.28793653568973987,0.2667059552099964],""has_data"":true,""last_update_ts"":1784118815.3886535,""raw"":[15796,16395,15615]},""thumb"":{""age_s"":0.009173870086669922,""channels"":3,""force"":[0.0,-2.220446049250313e-16],""has_data"":true,""last_update_ts"":1784118815.3886535,""raw"":[0,0,0]}}","{""ble"":{""connection_state"":""connected"",""counter"":998785,""finger_order"":""DexterController.Visualizer"",""last_error"":null,""last_sample_age_s"":0.009194127007503994,""reconnect_count"":0,""sample_hz"":20.0,""sample_sequence"":1567,""timestamp_us"":9780196704},""fingers"":{""index"":{""has_data"":true,""last_update_ts"":1784118815.3886535,""mapped"":true},""middle"":{""has_data"":true,""last_update_ts"":1784118815.3886535,""mapped"":true},""pinky"":{""has_data"":true,""last_update_ts"":1784118815.3886535,""mapped"":true},""ring"":{""has_data"":true,""last_update_ts"":1784118815.3886535,""mapped"":true},""thumb"":{""has_data"":true,""last_update_ts"":1784118815.3886535,""mapped"":true}},""ports"":{""available"":[""BLE:Dexter""],""unavailable"":[]}}"
1784118815.4479654,1784118815.4478328,1569,ble,"{""index"":{""age_s"":0.009183406829833984,""channels"":3,""force"":[-0.5388595267248721,-9.015549380850002],""has_data"":true,""last_update_ts"":1784118815.4386494,""raw"":[12589,11468,28271]},""middle"":{""age_s"":0.009183406829833984,""channels"":3,""force"":[-0.4138787265924311,1.357397322509998],""has_data"":true,""last_update_ts"":1784118815.4386494,""raw"":[17077,16216,14201]},""pinky"":{""age_s"":0.009183406829833984,""channels"":3,""force"":[-1.0219583887752748,-0.7421141771400004],""has_data"":true,""last_update_ts"":1784118815.4386494,""raw"":[17420,15294,17694]},""ring"":{""age_s"":0.009183406829833984,""channels"":3,""force"":[0.2720735879806231,0.25532724119999717],""has_data"":true,""last_update_ts"":1784118815.4386494,""raw"":[15804,16370,15627]},""thumb"":{""age_s"":0.009183406829833984,""channels"":3,""force"":[0.0,-2.220446049250313e-16],""has_data"":true,""last_update_ts"":1784118815.4386494,""raw"":[0,0,0]}}","{""ble"":{""connection_state"":""connected"",""counter"":998790,""finger_order"":""DexterController.Visualizer"",""last_error"":null,""last_sample_age_s"":0.00920867700187955,""reconnect_count"":0,""sample_hz"":20.0,""sample_sequence"":1568,""timestamp_us"":9780243680},""fingers"":{""index"":{""has_data"":true,""last_update_ts"":1784118815.4386494,""mapped"":true},""middle"":{""has_data"":true,""last_update_ts"":1784118815.4386494,""mapped"":true},""pinky"":{""has_data"":true,""last_update_ts"":1784118815.4386494,""mapped"":true},""ring"":{""has_data"":true,""last_update_ts"":1784118815.4386494,""mapped"":true},""thumb"":{""has_data"":true,""last_update_ts"":1784118815.4386494,""mapped"":true}},""ports"":{""available"":[""BLE:Dexter""],""unavailable"":[]}}"
1784118815.4979558,1784118815.4978297,1570,ble,"{""index"":{""age_s"":0.009171724319458008,""channels"":3,""force"":[-0.4955969420636439,-9.154869245070003],""has_data"":true,""last_update_ts"":1784118815.488658,""raw"":[12453,11422,28431]},""middle"":{""age_s"":0.009171724319458008,""channels"":3,""force"":[-0.406187600430437,1.4800654101299973],""has_data"":true,""last_update_ts"":1784118815.488658,""raw"":[17161,16316,14072]},""pinky"":{""age_s"":0.009171724319458008,""channels"":3,""force"":[-1.0229197795455214,-0.7465546509000021],""has_data"":true,""last_update_ts"":1784118815.488658,""raw"":[17423,15295,17704]},""ring"":{""age_s"":0.009171724319458008,""channels"":3,""force"":[0.2739963695211216,0.2547721819799964],""has_data"":true,""last_update_ts"":1784118815.488658,""raw"":[15798,16368,15624]},""thumb"":{""age_s"":0.009171724319458008,""channels"":3,""force"":[0.0,-2.220446049250313e-16],""has_data"":true,""last_update_ts"":1784118815.488658,""raw"":[0,0,0]}}","{""ble"":{""connection_state"":""connected"",""counter"":998795,""finger_order"":""DexterController.Visualizer"",""last_error"":null,""last_sample_age_s"":0.009196271988912486,""reconnect_count"":0,""sample_hz"":20.0,""sample_sequence"":1569,""timestamp_us"":9780290784},""fingers"":{""index"":{""has_data"":true,""last_update_ts"":1784118815.488658,""mapped"":true},""middle"":{""has_data"":true,""last_update_ts"":1784118815.488658,""mapped"":true},""pinky"":{""has_data"":true,""last_update_ts"":1784118815.488658,""mapped"":true},""ring"":{""has_data"":true,""last_update_ts"":1784118815.488658,""mapped"":true},""thumb"":{""has_data"":true,""last_update_ts"":1784118815.488658,""mapped"":true}},""ports"":{""available"":[""BLE:Dexter""],""unavailable"":[]}}"
1784118815.547931,1784118815.5478268,1571,ble,"{""index"":{""age_s"":0.009173393249511719,""channels"":3,""force"":[-0.4936741605231445,-9.36135127491],""has_data"":true,""last_update_ts"":1784118815.5386534,""raw"":[12281,11254,28633]},""middle"":{""age_s"":0.009173393249511719,""channels"":3,""force"":[-0.34561998190471144,1.508928489569998],""has_data"":true,""last_update_ts"":1784118815.5386534,""raw"":[17075,16356,13997]},""pinky"":{""age_s"":0.009173393249511719,""channels"":3,""force"":[-0.5282842282521258,-0.4953903538500013],""has_data"":true,""last_update_ts"":1784118815.5386534,""raw"":[17283,16184,17626]},""ring"":{""age_s"":0.009173393249511719,""channels"":3,""force"":[0.3105292187906059,0.3674492036399988],""has_data"":true,""last_update_ts"":1784118815.5386534,""raw"":[15773,16419,15434]},""thumb"":{""age_s"":0.009173393249511719,""channels"":3,""force"":[0.0,-2.220446049250313e-16],""has_data"":true,""last_update_ts"":1784118815.5386534,""raw"":[0,0,0]}}","{""ble"":{""connection_state"":""connected"",""counter"":998801,""finger_order"":""DexterController.Visualizer"",""last_error"":null,""last_sample_age_s"":0.009193577003316022,""reconnect_count"":0,""sample_hz"":20.0,""sample_sequence"":1570,""timestamp_us"":9780347200},""fingers"":{""index"":{""has_data"":true,""last_update_ts"":1784118815.5386534,""mapped"":true},""middle"":{""has_data"":true,""last_update_ts"":1784118815.5386534,""mapped"":true},""pinky"":{""has_data"":true,""last_update_ts"":1784118815.5386534,""mapped"":true},""ring"":{""has_data"":true,""last_update_ts"":1784118815.5386534,""mapped"":true},""thumb"":{""has_data"":true,""last_update_ts"":1784118815.5386534,""mapped"":true}},""ports"":{""available"":[""BLE:Dexter""],""unavailable"":[]}}"
1784118815.597957,1784118815.597832,1572,ble,"{""index"":{""age_s"":0.00917363166809082,""channels"":3,""force"":[-0.5186703205496324,-9.515102678849999],""has_data"":true,""last_update_ts"":1784118815.5886583,""raw"":[12212,11133,28815]},""middle"":{""age_s"":0.00917363166809082,""channels"":3,""force"":[-0.37350031424194974,1.532796036029997],""has_data"":true,""last_update_ts"":1784118815.5886583,""raw"":[17157,16380,14007]},""pinky"":{""age_s"":0.00917363166809082,""channels"":3,""force"":[-1.022439084160398,-0.7407265290899989],""has_data"":true,""last_update_ts"":1784118815.5886583,""raw"":[17420,15293,17691]},""ring"":{""age_s"":0.00917363166809082,""channels"":3,""force"":[0.2913014033856154,0.2692037216999994],""has_data"":true,""last_update_ts"":1784118815.5886583,""raw"":[15796,16402,15614]},""thumb"":{""age_s"":0.00917363166809082,""channels"":3,""force"":[0.0,-2.220446049250313e-16],""has_data"":true,""last_update_ts"":1784118815.5886583,""raw"":[0,0,0]}}","{""ble"":{""connection_state"":""connected"",""counter"":998806,""finger_order"":""DexterController.Visualizer"",""last_error"":null,""last_sample_age_s"":0.009199056003126316,""reconnect_count"":0,""sample_hz"":20.0,""sample_sequence"":1571,""timestamp_us"":9780394208},""fingers"":{""index"":{""has_data"":true,""last_update_ts"":1784118815.5886583,""mapped"":true},""middle"":{""has_data"":true,""last_update_ts"":1784118815.5886583,""mapped"":true},""pinky"":{""has_data"":true,""last_update_ts"":1784118815.5886583,""mapped"":true},""ring"":{""has_data"":true,""last_update_ts"":1784118815.5886583,""mapped"":true},""thumb"":{""has_data"":true,""last_update_ts"":1784118815.5886583,""mapped"":true}},""ports"":{""available"":[""BLE:Dexter""],""unavailable"":[]}}"
1784118815.6479506,1784118815.6478314,1573,ble,"{""index"":{""age_s"":0.009182453155517578,""channels"":3,""force"":[-0.5004038959148911,-9.498450902250001],""has_data"":true,""last_update_ts"":1784118815.638649,""raw"":[12222,11181,28814]},""middle"":{""age_s"":0.009182453155517578,""channels"":3,""force"":[-0.33600607420221706,1.5472275757499991],""has_data"":true,""last_update_ts"":1784118815.638649,""raw"":[17118,16419,13981]},""pinky"":{""age_s"":0.009182453155517578,""channels"":3,""force"":[-1.0248425610860217,-0.7432242955800001],""has_data"":true,""last_update_ts"":1784118815.638649,""raw"":[17422,15290,17695]},""ring"":{""age_s"":0.009182453155517578,""channels"":3,""force"":[0.2744770649062449,0.2517193562699962],""has_data"":true,""last_update_ts"":1784118815.638649,""raw"":[15796,16367,15628]},""thumb"":{""age_s"":0.009182453155517578,""channels"":3,""force"":[0.0,-2.220446049250313e-16],""has_data"":true,""last_update_ts"":1784118815.638649,""raw"":[0,0,0]}}","{""ble"":{""connection_state"":""connected"",""counter"":998811,""finger_order"":""DexterController.Visualizer"",""last_error"":null,""last_sample_age_s"":0.009207854003761895,""reconnect_count"":0,""sample_hz"":20.0,""sample_sequence"":1572,""timestamp_us"":9780441280},""fingers"":{""index"":{""has_data"":true,""last_update_ts"":1784118815.638649,""mapped"":true},""middle"":{""has_data"":true,""last_update_ts"":1784118815.638649,""mapped"":true},""pinky"":{""has_data"":true,""last_update_ts"":1784118815.638649,""mapped"":true},""ring"":{""has_data"":true,""last_update_ts"":1784118815.638649,""mapped"":true},""thumb"":{""has_data"":true,""last_update_ts"":1784118815.638649,""mapped"":true}},""ports"":{""available"":[""BLE:Dexter""],""unavailable"":[]}}"
1784118815.69795,1784118815.6978323,1574,ble,"{""index"":{""age_s"":0.009173870086669922,""channels"":3,""force"":[-0.48790581590164805,-9.457376519970001],""has_data"":true,""last_update_ts"":1784118815.6886585,""raw"":[12242,11227,28773]},""middle"":{""age_s"":0.009173870086669922,""channels"":3,""force"":[-0.29899252954760946,1.4931093017999997],""has_data"":true,""last_update_ts"":1784118815.6886585,""raw"":[17056,16434,14055]},""pinky"":{""age_s"":0.009173870086669922,""channels"":3,""force"":[-1.0243618657008948,-0.7429467659700011],""has_data"":true,""last_update_ts"":1784118815.6886585,""raw"":[17423,15292,17696]},""ring"":{""age_s"":0.009173870086669922,""channels"":3,""force"":[0.27976471414261717,0.2592126557399972],""has_data"":true,""last_update_ts"":1784118815.6886585,""raw"":[15793,16375,15617]},""thumb"":{""age_s"":0.009173870086669922,""channels"":3,""force"":[0.0,-2.220446049250313e-16],""has_data"":true,""last_update_ts"":1784118815.6886585,""raw"":[0,0,0]}}","{""ble"":{""connection_state"":""connected"",""counter"":998817,""finger_order"":""DexterController.Visualizer"",""last_error"":null,""last_sample_age_s"":0.009199428008287214,""reconnect_count"":0,""sample_hz"":20.0,""sample_sequence"":1573,""timestamp_us"":9780497792},""fingers"":{""index"":{""has_data"":true,""last_update_ts"":1784118815.6886585,""mapped"":true},""middle"":{""has_data"":true,""last_update_ts"":1784118815.6886585,""mapped"":true},""pinky"":{""has_data"":true,""last_update_ts"":1784118815.6886585,""mapped"":true},""ring"":{""has_data"":true,""last_update_ts"":1784118815.6886585,""mapped"":true},""thumb"":{""has_data"":true,""last_update_ts"":1784118815.6886585,""mapped"":true}},""ports"":{""available"":[""BLE:Dexter""],""unavailable"":[]}}"
1784118815.747985,1784118815.7478607,1575,ble,"{""index"":{""age_s"":0.009202718734741211,""channels"":3,""force"":[-0.41051385889655734,-9.43489662156],""has_data"":true,""last_update_ts"":1784118815.738658,""raw"":[12146,11292,28717]},""middle"":{""age_s"":0.009202718734741211,""channels"":3,""force"":[-0.2158322279210232,1.488391298429998],""has_data"":true,""last_update_ts"":1784118815.738658,""raw"":[16971,16522,14065]},""pinky"":{""age_s"":0.009202718734741211,""channels"":3,""force"":[-1.0238811703157698,-0.743224295580001],""has_data"":true,""last_update_ts"":1784118815.738658,""raw"":[17418,15288,17692]},""ring"":{""age_s"":0.009202718734741211,""channels"":3,""force"":[0.2778419326021204,0.25588230041999793],""has_data"":true,""last_update_ts"":1784118815.738658,""raw"":[15794,16372,15622]},""thumb"":{""age_s"":0.009202718734741211,""channels"":3,""force"":[0.0,-2.220446049250313e-16],""has_data"":true,""last_update_ts"":1784118815.738658,""raw"":[0,0,0]}}","{""ble"":{""connection_state"":""connected"",""counter"":998822,""finger_order"":""DexterController.Visualizer"",""last_error"":null,""last_sample_age_s"":0.00922800500120502,""reconnect_count"":0,""sample_hz"":20.0,""sample_sequence"":1574,""timestamp_us"":9780544640},""fingers"":{""index"":{""has_data"":true,""last_update_ts"":1784118815.738658,""mapped"":true},""middle"":{""has_data"":true,""last_update_ts"":1784118815.738658,""mapped"":true},""pinky"":{""has_data"":true,""last_update_ts"":1784118815.738658,""mapped"":true},""ring"":{""has_data"":true,""last_update_ts"":1784118815.738658,""mapped"":true},""thumb"":{""has_data"":true,""last_update_ts"":1784118815.738658,""mapped"":true}},""ports"":{""available"":[""BLE:Dexter""],""unavailable"":[]}}"
1784118815.7979574,1784118815.797832,1576,ble,"{""index"":{""age_s"":0.009174346923828125,""channels"":3,""force"":[-0.39272812964694204,-9.450715809330001],""has_data"":true,""last_update_ts"":1784118815.7886577,""raw"":[12119,11302,28737]},""middle"":{""age_s"":0.009174346923828125,""channels"":3,""force"":[-0.18747120019865982,1.4337179652599996],""has_data"":true,""last_update_ts"":1784118815.7886577,""raw"":[16898,16508,14120]},""pinky"":{""age_s"":0.009174346923828125,""channels"":3,""force"":[-1.025323256471145,-0.7446119436300025],""has_data"":true,""last_update_ts"":1784118815.7886577,""raw"":[17423,15290,17698]},""ring"":{""age_s"":0.009174346923828125,""channels"":3,""force"":[0.27832262798724194,0.25449465236999735],""has_data"":true,""last_update_ts"":1784118815.7886577,""raw"":[15792,16371,15623]},""thumb"":{""age_s"":0.009174346923828125,""channels"":3,""force"":[0.0,-2.220446049250313e-16],""has_data"":true,""last_update_ts"":1784118815.7886577,""raw"":[0,0,0]}}","{""ble"":{""connection_state"":""connected"",""counter"":998827,""finger_order"":""DexterController.Visualizer"",""last_error"":null,""last_sample_age_s"":0.009199809006531723,""reconnect_count"":0,""sample_hz"":20.0,""sample_sequence"":1575,""timestamp_us"":9780591552},""fingers"":{""index"":{""has_data"":true,""last_update_ts"":1784118815.7886577,""mapped"":true},""middle"":{""has_data"":true,""last_update_ts"":1784118815.7886577,""mapped"":true},""pinky"":{""has_data"":true,""last_update_ts"":1784118815.7886577,""mapped"":true},""ring"":{""has_data"":true,""last_update_ts"":1784118815.7886577,""mapped"":true},""thumb"":{""has_data"":true,""last_update_ts"":1784118815.7886577,""mapped"":true}},""ports"":{""available"":[""BLE:Dexter""],""unavailable"":[]}}"
1784118815.8479533,1784118815.8478312,1577,ble,"{""index"":{""age_s"":0.009173154830932617,""channels"":3,""force"":[-0.34850415421546277,-9.35191526817],""has_data"":true,""last_update_ts"":1784118815.838658,""raw"":[12175,11450,28661]},""middle"":{""age_s"":0.009173154830932617,""channels"":3,""force"":[-0.1831449417325377,1.4156785406099983],""has_data"":true,""last_update_ts"":1784118815.838658,""raw"":[16847,16466,14106]},""pinky"":{""age_s"":0.009173154830932617,""channels"":3,""force"":[-0.4763691266586516,-0.47485316271000144],""has_data"":true,""last_update_ts"":1784118815.838658,""raw"":[17264,16273,17624]},""ring"":{""age_s"":0.009173154830932617,""channels"":3,""force"":[0.3081257418649823,0.3810481545299993],""has_data"":true,""last_update_ts"":1784118815.838658,""raw"":[15777,16418,15411]},""thumb"":{""age_s"":0.009173154830932617,""channels"":3,""force"":[0.0,-2.220446049250313e-16],""has_data"":true,""last_update_ts"":1784118815.838658,""raw"":[0,0,0]}}","{""ble"":{""connection_state"":""connected"",""counter"":998833,""finger_order"":""DexterController.Visualizer"",""last_error"":null,""last_sample_age_s"":0.00919843598967418,""reconnect_count"":0,""sample_hz"":20.0,""sample_sequence"":1576,""timestamp_us"":9780648096},""fingers"":{""index"":{""has_data"":true,""last_update_ts"":1784118815.838658,""mapped"":true},""middle"":{""has_data"":true,""last_update_ts"":1784118815.838658,""mapped"":true},""pinky"":{""has_data"":true,""last_update_ts"":1784118815.838658,""mapped"":true},""ring"":{""has_data"":true,""last_update_ts"":1784118815.838658,""mapped"":true},""thumb"":{""has_data"":true,""last_update_ts"":1784118815.838658,""mapped"":true}},""ports"":{""available"":[""BLE:Dexter""],""unavailable"":[]}}"
1784118815.897939,1784118815.8978255,1578,ble,"{""index"":{""age_s"":0.009176492691040039,""channels"":3,""force"":[-0.3725389234716996,-9.270321562830002],""has_data"":true,""last_update_ts"":1784118815.888649,""raw"":[12290,11515,28604]},""middle"":{""age_s"":0.009176492691040039,""channels"":3,""force"":[-0.2158322279210232,1.3268690654099977],""has_data"":true,""last_update_ts"":1784118815.888649,""raw"":[16860,16411,14245]},""pinky"":{""age_s"":0.009176492691040039,""channels"":3,""force"":[-1.025323256471145,-0.7418366475300031],""has_data"":true,""last_update_ts"":1784118815.888649,""raw"":[17423,15290,17693]},""ring"":{""age_s"":0.009176492691040039,""channels"":3,""force"":[0.2725542833657464,0.2522744154899961],""has_data"":true,""last_update_ts"":1784118815.888649,""raw"":[15800,16367,15629]},""thumb"":{""age_s"":0.009176492691040039,""channels"":3,""force"":[0.0,-2.220446049250313e-16],""has_data"":true,""last_update_ts"":1784118815.888649,""raw"":[0,0,0]}}","{""ble"":{""connection_state"":""connected"",""counter"":998838,""finger_order"":""DexterController.Visualizer"",""last_error"":null,""last_sample_age_s"":0.009197132996632718,""reconnect_count"":0,""sample_hz"":20.0,""sample_sequence"":1577,""timestamp_us"":9780695072},""fingers"":{""index"":{""has_data"":true,""last_update_ts"":1784118815.888649,""mapped"":true},""middle"":{""has_data"":true,""last_update_ts"":1784118815.888649,""mapped"":true},""pinky"":{""has_data"":true,""last_update_ts"":1784118815.888649,""mapped"":true},""ring"":{""has_data"":true,""last_update_ts"":1784118815.888649,""mapped"":true},""thumb"":{""has_data"":true,""last_update_ts"":1784118815.888649,""mapped"":true}},""ports"":{""available"":[""BLE:Dexter""],""unavailable"":[]}}"
1784118815.9479337,1784118815.9478233,1579,ble,"{""index"":{""age_s"":0.009165287017822266,""channels"":3,""force"":[-0.4210891573693045,-9.186230091000002],""has_data"":true,""last_update_ts"":1784118815.938658,""raw"":[12430,11554,28542]},""middle"":{""age_s"":0.009165287017822266,""channels"":3,""force"":[-0.2350600433260155,1.3340848352699988],""has_data"":true,""last_update_ts"":1784118815.938658,""raw"":[16855,16366,14207]},""pinky"":{""age_s"":0.009165287017822266,""channels"":3,""force"":[-1.0209969980050229,-0.743224295580001],""has_data"":true,""last_update_ts"":1784118815.938658,""raw"":[17418,15294,17695]},""ring"":{""age_s"":0.009165287017822266,""channels"":3,""force"":[0.2735156741359983,0.2556047708099962],""has_data"":true,""last_update_ts"":1784118815.938658,""raw"":[15800,16369,15624]},""thumb"":{""age_s"":0.009165287017822266,""channels"":3,""force"":[0.0,-2.220446049250313e-16],""has_data"":true,""last_update_ts"":1784118815.938658,""raw"":[0,0,0]}}","{""ble"":{""connection_state"":""connected"",""counter"":998843,""finger_order"":""DexterController.Visualizer"",""last_error"":null,""last_sample_age_s"":0.009186131996102631,""reconnect_count"":0,""sample_hz"":20.0,""sample_sequence"":1578,""timestamp_us"":9780742080},""fingers"":{""index"":{""has_data"":true,""last_update_ts"":1784118815.938658,""mapped"":true},""middle"":{""has_data"":true,""last_update_ts"":1784118815.938658,""mapped"":true},""pinky"":{""has_data"":true,""last_update_ts"":1784118815.938658,""mapped"":true},""ring"":{""has_data"":true,""last_update_ts"":1784118815.938658,""mapped"":true},""thumb"":{""has_data"":true,""last_update_ts"":1784118815.938658,""mapped"":true}},""ports"":{""available"":[""BLE:Dexter""],""unavailable"":[]}}"
1784118815.9979556,1784118815.997826,1580,ble,"{""index"":{""age_s"":0.009179353713989258,""channels"":3,""force"":[-0.4802146897396504,-9.204824574869999],""has_data"":true,""last_update_ts"":1784118815.9886467,""raw"":[12485,11486,28569]},""middle"":{""age_s"":0.009179353713989258,""channels"":3,""force"":[-0.29130140338561716,1.2882924496199983],""has_data"":true,""last_update_ts"":1784118815.9886467,""raw"":[16878,16272,14254]},""pinky"":{""age_s"":0.009179353713989258,""channels"":3,""force"":[-1.022439084160398,-0.7407265290899989],""has_data"":true,""last_update_ts"":1784118815.9886467,""raw"":[17420,15293,17691]},""ring"":{""age_s"":0.009179353713989258,""channels"":3,""force"":[0.2884172310748667,0.2647632479399977],""has_data"":true,""last_update_ts"":1784118815.9886467,""raw"":[15799,16399,15622]},""thumb"":{""age_s"":0.009179353713989258,""channels"":3,""force"":[0.0,-2.220446049250313e-16],""has_data"":true,""last_update_ts"":1784118815.9886467,""raw"":[0,0,0]}}","{""ble"":{""connection_state"":""connected"",""counter"":998849,""finger_order"":""DexterController.Visualizer"",""last_error"":null,""last_sample_age_s"":0.009199759006150998,""reconnect_count"":0,""sample_hz"":20.0,""sample_sequence"":1579,""timestamp_us"":9780798624},""fingers"":{""index"":{""has_data"":true,""last_update_ts"":1784118815.9886467,""mapped"":true},""middle"":{""has_data"":true,""last_update_ts"":1784118815.9886467,""mapped"":true},""pinky"":{""has_data"":true,""last_update_ts"":1784118815.9886467,""mapped"":true},""ring"":{""has_data"":true,""last_update_ts"":1784118815.9886467,""mapped"":true},""thumb"":{""has_data"":true,""last_update_ts"":1784118815.9886467,""mapped"":true}},""ports"":{""available"":[""BLE:Dexter""],""unavailable"":[]}}"
1784118816.0479689,1784118816.0478294,1581,ble,"{""index"":{""age_s"":0.009174823760986328,""channels"":3,""force"":[-0.49030929282727165,-9.2056571637],""has_data"":true,""last_update_ts"":1784118816.0386546,""raw"":[12503,11483,28578]},""middle"":{""age_s"":0.009174823760986328,""channels"":3,""force"":[-0.30283809262861006,1.3310320095599986],""has_data"":true,""last_update_ts"":1784118816.0386546,""raw"":[16911,16281,14198]},""pinky"":{""age_s"":0.009174823760986328,""channels"":3,""force"":[-1.0214776933901497,-0.7390613514300011],""has_data"":true,""last_update_ts"":1784118816.0386546,""raw"":[17420,15295,17689]},""ring"":{""age_s"":0.009174823760986328,""channels"":3,""force"":[0.28361027722361953,0.2642081887199996],""has_data"":true,""last_update_ts"":1784118816.0386546,""raw"":[15799,16389,15618]},""thumb"":{""age_s"":0.009174823760986328,""channels"":3,""force"":[0.0,-2.220446049250313e-16],""has_data"":true,""last_update_ts"":1784118816.0386546,""raw"":[0,0,0]}}","{""ble"":{""connection_state"":""connected"",""counter"":998854,""finger_order"":""DexterController.Visualizer"",""last_error"":null,""last_sample_age_s"":0.009199348001857288,""reconnect_count"":0,""sample_hz"":20.0,""sample_sequence"":1580,""timestamp_us"":9780845632},""fingers"":{""index"":{""has_data"":true,""last_update_ts"":1784118816.0386546,""mapped"":true},""middle"":{""has_data"":true,""last_update_ts"":1784118816.0386546,""mapped"":true},""pinky"":{""has_data"":true,""last_update_ts"":1784118816.0386546,""mapped"":true},""ring"":{""has_data"":true,""last_update_ts"":1784118816.0386546,""mapped"":true},""thumb"":{""has_data"":true,""last_update_ts"":1784118816.0386546,""mapped"":true}},""ports"":{""available"":[""BLE:Dexter""],""unavailable"":[]}}"
1784118816.0979645,1784118816.0978286,1582,ble,"{""index"":{""age_s"":0.009170770645141602,""channels"":3,""force"":[-0.43647140969329534,-9.162917603760002],""has_data"":true,""last_update_ts"":1784118816.0886579,""raw"":[12475,11567,28529]},""middle"":{""age_s"":0.009170770645141602,""channels"":3,""force"":[-0.2869751449194915,1.4029121785499976],""has_data"":true,""last_update_ts"":1784118816.0886579,""raw"":[16943,16346,14117]},""pinky"":{""age_s"":0.009170770645141602,""channels"":3,""force"":[-1.0243618657008966,-0.7423917067500003],""has_data"":true,""last_update_ts"":1784118816.0886579,""raw"":[17422,15291,17694]},""ring"":{""age_s"":0.009170770645141602,""channels"":3,""force"":[0.2759191510616237,0.2558823004199988],""has_data"":true,""last_update_ts"":1784118816.0886579,""raw"":[15799,16373,15625]},""thumb"":{""age_s"":0.009170770645141602,""channels"":3,""force"":[0.0,-2.220446049250313e-16],""has_data"":true,""last_update_ts"":1784118816.0886579,""raw"":[0,0,0]}}","{""ble"":{""connection_state"":""connected"",""counter"":998859,""finger_order"":""DexterController.Visualizer"",""last_error"":null,""last_sample_age_s"":0.00919609100674279,""reconnect_count"":0,""sample_hz"":20.0,""sample_sequence"":1581,""timestamp_us"":9780892608},""fingers"":{""index"":{""has_data"":true,""last_update_ts"":1784118816.0886579,""mapped"":true},""middle"":{""has_data"":true,""last_update_ts"":1784118816.0886579,""mapped"":true},""pinky"":{""has_data"":true,""last_update_ts"":1784118816.0886579,""mapped"":true},""ring"":{""has_data"":true,""last_update_ts"":1784118816.0886579,""mapped"":true},""thumb"":{""has_data"":true,""last_update_ts"":1784118816.0886579,""mapped"":true}},""ports"":{""available"":[""BLE:Dexter""],""unavailable"":[]}}"
1784118816.1479764,1784118816.147831,1583,ble,"{""index"":{""age_s"":0.009181737899780273,""channels"":3,""force"":[-0.40522620966018597,-8.726363527230001],""has_data"":true,""last_update_ts"":1784118816.1386492,""raw"":[12708,11865,28008]},""middle"":{""age_s"":0.009181737899780273,""channels"":3,""force"":[-0.3311991203509699,1.5627692339099974],""has_data"":true,""last_update_ts"":1784118816.1386492,""raw"":[17046,16357,13886]},""pinky"":{""age_s"":0.009181737899780273,""channels"":3,""force"":[-0.31581686802697817,-0.41157641163000225],""has_data"":true,""last_update_ts"":1784118816.1386492,""raw"":[17188,16531,17601]},""ring"":{""age_s"":0.009181737899780273,""channels"":3,""force"":[0.2888979264599918,0.40991123396999996],""has_data"":true,""last_update_ts"":1784118816.1386492,""raw"":[15780,16381,15342]},""thumb"":{""age_s"":0.009181737899780273,""channels"":3,""force"":[0.0,-2.220446049250313e-16],""has_data"":true,""last_update_ts"":1784118816.1386492,""raw"":[0,0,0]}}","{""ble"":{""connection_state"":""connected"",""counter"":998865,""finger_order"":""DexterController.Visualizer"",""last_error"":null,""last_sample_age_s"":0.009206290997099131,""reconnect_count"":0,""sample_hz"":20.0,""sample_sequence"":1582,""timestamp_us"":9780949024},""fingers"":{""index"":{""has_data"":true,""last_update_ts"":1784118816.1386492,""mapped"":true},""middle"":{""has_data"":true,""last_update_ts"":1784118816.1386492,""mapped"":true},""pinky"":{""has_data"":true,""last_update_ts"":1784118816.1386492,""mapped"":true},""ring"":{""has_data"":true,""last_update_ts"":1784118816.1386492,""mapped"":true},""thumb"":{""has_data"":true,""last_update_ts"":1784118816.1386492,""mapped"":true}},""ports"":{""available"":[""BLE:Dexter""],""unavailable"":[]}}"
1784118816.1979318,1784118816.1978145,1584,ble,"{""index"":{""age_s"":0.009155988693237305,""channels"":3,""force"":[-0.3590794526882073,-7.534096322670001],""has_data"":true,""last_update_ts"":1784118816.1886585,""raw"":[13303,12556,26503]},""middle"":{""age_s"":0.009155988693237305,""channels"":3,""force"":[-0.39753508349818745,1.6488034130099969],""has_data"":true,""last_update_ts"":1784118816.1886585,""raw"":[17238,16411,13854]},""pinky"":{""age_s"":0.009155988693237305,""channels"":3,""force"":[-1.0253232564711467,-0.738506292210003],""has_data"":true,""last_update_ts"":1784118816.1886585,""raw"":[17420,15287,17684]},""ring"":{""age_s"":0.009155988693237305,""channels"":3,""force"":[0.2884172310748667,0.26642842559999913],""has_data"":true,""last_update_ts"":1784118816.1886585,""raw"":[15802,16402,15622]},""thumb"":{""age_s"":0.009155988693237305,""channels"":3,""force"":[0.0,-2.220446049250313e-16],""has_data"":true,""last_update_ts"":1784118816.1886585,""raw"":[0,0,0]}}","{""ble"":{""connection_state"":""connected"",""counter"":998870,""finger_order"":""DexterController.Visualizer"",""last_error"":null,""last_sample_age_s"":0.009176634004688822,""reconnect_count"":0,""sample_hz"":20.0,""sample_sequence"":1583,""timestamp_us"":9780996128},""fingers"":{""index"":{""has_data"":true,""last_update_ts"":1784118816.1886585,""mapped"":true},""middle"":{""has_data"":true,""last_update_ts"":1784118816.1886585,""mapped"":true},""pinky"":{""has_data"":true,""last_update_ts"":1784118816.1886585,""mapped"":true},""ring"":{""has_data"":true,""last_update_ts"":1784118816.1886585,""mapped"":true},""thumb"":{""has_data"":true,""last_update_ts"":1784118816.1886585,""mapped"":true}},""ports"":{""available"":[""BLE:Dexter""],""unavailable"":[]}}"
1784118816.2480166,1784118816.2478209,1585,ble,"{""index"":{""age_s"":0.009157419204711914,""channels"":3,""force"":[-0.35571458499233444,-4.318360731600001],""has_data"":true,""last_update_ts"":1784118816.2386634,""raw"":[15141,14401,22551]},""middle"":{""age_s"":0.009157419204711914,""channels"":3,""force"":[-0.42060846198417856,1.643807880029998],""has_data"":true,""last_update_ts"":1784118816.2386634,""raw"":[17279,16404,13880]},""pinky"":{""age_s"":0.009157419204711914,""channels"":3,""force"":[-1.0137865672281503,-0.7473872397300028],""has_data"":true,""last_update_ts"":1784118816.2386634,""raw"":[17409,15300,17701]},""ring"":{""age_s"":0.009157419204711914,""channels"":3,""force"":[0.2864944495343664,0.2503317082199974],""has_data"":true,""last_update_ts"":1784118816.2386634,""raw"":[15781,16377,15628]},""thumb"":{""age_s"":0.009157419204711914,""channels"":3,""force"":[0.0,-2.220446049250313e-16],""has_data"":true,""last_update_ts"":1784118816.2386634,""raw"":[0,0,0]}}","{""ble"":{""connection_state"":""connected"",""counter"":998875,""finger_order"":""DexterController.Visualizer"",""last_error"":null,""last_sample_age_s"":0.00918744399677962,""reconnect_count"":0,""sample_hz"":20.0,""sample_sequence"":1584,""timestamp_us"":9781043136},""fingers"":{""index"":{""has_data"":true,""last_update_ts"":1784118816.2386634,""mapped"":true},""middle"":{""has_data"":true,""last_update_ts"":1784118816.2386634,""mapped"":true},""pinky"":{""has_data"":true,""last_update_ts"":1784118816.2386634,""mapped"":true},""ring"":{""has_data"":true,""last_update_ts"":1784118816.2386634,""mapped"":true},""thumb"":{""has_data"":true,""last_update_ts"":1784118816.2386634,""mapped"":true}},""ports"":{""available"":[""BLE:Dexter""],""unavailable"":[]}}"
1784118816.297965,1784118816.2978425,1586,ble,"{""index"":{""age_s"":0.009187459945678711,""channels"":3,""force"":[-0.2739963695211216,-2.0020986065400015],""has_data"":true,""last_update_ts"":1784118816.288655,""raw"":[16362,15792,19684]},""middle"":{""age_s"":0.009187459945678711,""channels"":3,""force"":[-0.49415485590827046,1.6152223301999982],""has_data"":true,""last_update_ts"":1784118816.288655,""raw"":[17369,16341,13945]},""pinky"":{""age_s"":0.009187459945678711,""channels"":3,""force"":[-1.0104216995322766,-0.7559906576400035],""has_data"":true,""last_update_ts"":1784118816.288655,""raw"":[17402,15300,17713]},""ring"":{""age_s"":0.009187459945678711,""channels"":3,""force"":[0.2802454095277458,0.25227441548999785],""has_data"":true,""last_update_ts"":1784118816.288655,""raw"":[15786,16369,15623]},""thumb"":{""age_s"":0.009187459945678711,""channels"":3,""force"":[0.0,-2.220446049250313e-16],""has_data"":true,""last_update_ts"":1784118816.288655,""raw"":[0,0,0]}}","{""ble"":{""connection_state"":""connected"",""counter"":998880,""finger_order"":""DexterController.Visualizer"",""last_error"":null,""last_sample_age_s"":0.009209468000335619,""reconnect_count"":0,""sample_hz"":20.0,""sample_sequence"":1585,""timestamp_us"":9781090176},""fingers"":{""index"":{""has_data"":true,""last_update_ts"":1784118816.288655,""mapped"":true},""middle"":{""has_data"":true,""last_update_ts"":1784118816.288655,""mapped"":true},""pinky"":{""has_data"":true,""last_update_ts"":1784118816.288655,""mapped"":true},""ring"":{""has_data"":true,""last_update_ts"":1784118816.288655,""mapped"":true},""thumb"":{""has_data"":true,""last_update_ts"":1784118816.288655,""mapped"":true}},""ports"":{""available"":[""BLE:Dexter""],""unavailable"":[]}}"
1784118816.3479168,1784118816.3477998,1587,ble,"{""index"":{""age_s"":0.00914144515991211,""channels"":3,""force"":[-0.14276652938205991,-0.9133499465100021],""has_data"":true,""last_update_ts"":1784118816.3386583,""raw"":[16796,16499,18293]},""middle"":{""age_s"":0.00914144515991211,""channels"":3,""force"":[-0.40330342811968656,1.3662782700299987],""has_data"":true,""last_update_ts"":1784118816.3386583,""raw"":[17150,16311,14269]},""pinky"":{""age_s"":0.00914144515991211,""channels"":3,""force"":[-1.0262846472413951,-0.7401714698700026],""has_data"":true,""last_update_ts"":1784118816.3386583,""raw"":[17427,15292,17693]},""ring"":{""age_s"":0.00914144515991211,""channels"":3,""force"":[0.28024540952774224,0.2711464289699981],""has_data"":true,""last_update_ts"":1784118816.3386583,""raw"":[15801,16384,15604]},""thumb"":{""age_s"":0.00914144515991211,""channels"":3,""force"":[0.0,-2.220446049250313e-16],""has_data"":true,""last_update_ts"":1784118816.3386583,""raw"":[0,0,0]}}","{""ble"":{""connection_state"":""connected"",""counter"":998886,""finger_order"":""DexterController.Visualizer"",""last_error"":null,""last_sample_age_s"":0.009157424996374175,""reconnect_count"":0,""sample_hz"":20.0,""sample_sequence"":1586,""timestamp_us"":9781146688},""fingers"":{""index"":{""has_data"":true,""last_update_ts"":1784118816.3386583,""mapped"":true},""middle"":{""has_data"":true,""last_update_ts"":1784118816.3386583,""mapped"":true},""pinky"":{""has_data"":true,""last_update_ts"":1784118816.3386583,""mapped"":true},""ring"":{""has_data"":true,""last_update_ts"":1784118816.3386583,""mapped"":true},""thumb"":{""has_data"":true,""last_update_ts"":1784118816.3386583,""mapped"":true}},""ports"":{""available"":[""BLE:Dexter""],""unavailable"":[]}}"
1784118816.3979154,1784118816.3977997,1588,ble,"{""index"":{""age_s"":0.00914621353149414,""channels"":3,""force"":[-0.16535921248292063,-0.5805919441200009],""has_data"":true,""last_update_ts"":1784118816.3886535,""raw"":[16972,16628,17846]},""middle"":{""age_s"":0.00914621353149414,""channels"":3,""force"":[-0.24900020949463197,1.2477731265599967],""has_data"":true,""last_update_ts"":1784118816.3886535,""raw"":[16922,16404,14415]},""pinky"":{""age_s"":0.00914621353149414,""channels"":3,""force"":[-1.0200356072347727,-0.7459995916800013],""has_data"":true,""last_update_ts"":1784118816.3886535,""raw"":[17419,15297,17702]},""ring"":{""age_s"":0.00914621353149414,""channels"":3,""force"":[0.2735156741359983,0.2539395931499966],""has_data"":true,""last_update_ts"":1784118816.3886535,""raw"":[15800,16369,15627]},""thumb"":{""age_s"":0.00914621353149414,""channels"":3,""force"":[0.0,-2.220446049250313e-16],""has_data"":true,""last_update_ts"":1784118816.3886535,""raw"":[0,0,0]}}","{""ble"":{""connection_state"":""connected"",""counter"":998891,""finger_order"":""DexterController.Visualizer"",""last_error"":null,""last_sample_age_s"":0.009161843001493253,""reconnect_count"":0,""sample_hz"":20.0,""sample_sequence"":1587,""timestamp_us"":9781193696},""fingers"":{""index"":{""has_data"":true,""last_update_ts"":1784118816.3886535,""mapped"":true},""middle"":{""has_data"":true,""last_update_ts"":1784118816.3886535,""mapped"":true},""pinky"":{""has_data"":true,""last_update_ts"":1784118816.3886535,""mapped"":true},""ring"":{""has_data"":true,""last_update_ts"":1784118816.3886535,""mapped"":true},""thumb"":{""has_data"":true,""last_update_ts"":1784118816.3886535,""mapped"":true}},""ports"":{""available"":[""BLE:Dexter""],""unavailable"":[]}}"
1784118816.4479258,1784118816.4478009,1589,ble,"{""index"":{""age_s"":0.009143590927124023,""channels"":3,""force"":[-0.15718739093580147,-0.5053814198100026],""has_data"":true,""last_update_ts"":1784118816.4386573,""raw"":[16975,16648,17722]},""middle"":{""age_s"":0.009143590927124023,""channels"":3,""force"":[-0.11825106474069536,1.0718193538199987],""has_data"":true,""last_update_ts"":1784118816.4386573,""raw"":[16673,16427,14619]},""pinky"":{""age_s"":0.009143590927124023,""channels"":3,""force"":[-1.0229197795455214,-0.7454445324600023],""has_data"":true,""last_update_ts"":1784118816.4386573,""raw"":[17418,15290,17697]},""ring"":{""age_s"":0.009143590927124023,""channels"":3,""force"":[0.27495776029137176,0.25088676743999905],""has_data"":true,""last_update_ts"":1784118816.4386573,""raw"":[15798,16370,15632]},""thumb"":{""age_s"":0.009143590927124023,""channels"":3,""force"":[0.0,-2.220446049250313e-16],""has_data"":true,""last_update_ts"":1784118816.4386573,""raw"":[0,0,0]}}","{""ble"":{""connection_state"":""connected"",""counter"":998896,""finger_order"":""DexterController.Visualizer"",""last_error"":null,""last_sample_age_s"":0.009162564994767308,""reconnect_count"":0,""sample_hz"":20.0,""sample_sequence"":1588,""timestamp_us"":9781240704},""fingers"":{""index"":{""has_data"":true,""last_update_ts"":1784118816.4386573,""mapped"":true},""middle"":{""has_data"":true,""last_update_ts"":1784118816.4386573,""mapped"":true},""pinky"":{""has_data"":true,""last_update_ts"":1784118816.4386573,""mapped"":true},""ring"":{""has_data"":true,""last_update_ts"":1784118816.4386573,""mapped"":true},""thumb"":{""has_data"":true,""last_update_ts"":1784118816.4386573,""mapped"":true}},""ports"":{""available"":[""BLE:Dexter""],""unavailable"":[]}}"
1784118816.4979312,1784118816.4978015,1590,ble,"{""index"":{""age_s"":0.009143352508544922,""channels"":3,""force"":[-0.09950394472082635,-0.5198129595300021],""has_data"":true,""last_update_ts"":1784118816.4886582,""raw"":[16888,16681,17721]},""middle"":{""age_s"":0.009143352508544922,""channels"":3,""force"":[-0.0278803323372383,0.9996616552199988],""has_data"":true,""last_update_ts"":1784118816.4886582,""raw"":[16533,16475,14703]},""pinky"":{""age_s"":0.009143352508544922,""channels"":3,""force"":[-1.0258039518562736,-0.744334414019999],""has_data"":true,""last_update_ts"":1784118816.4886582,""raw"":[17425,15291,17699]},""ring"":{""age_s"":0.009143352508544922,""channels"":3,""force"":[0.27784193260211687,0.25088676743999816],""has_data"":true,""last_update_ts"":1784118816.4886582,""raw"":[15793,16371,15630]},""thumb"":{""age_s"":0.009143352508544922,""channels"":3,""force"":[0.0,-2.220446049250313e-16],""has_data"":true,""last_update_ts"":1784118816.4886582,""raw"":[0,0,0]}}","{""ble"":{""connection_state"":""connected"",""counter"":998902,""finger_order"":""DexterController.Visualizer"",""last_error"":null,""last_sample_age_s"":0.009167013995465823,""reconnect_count"":0,""sample_hz"":20.0,""sample_sequence"":1589,""timestamp_us"":9781297184},""fingers"":{""index"":{""has_data"":true,""last_update_ts"":1784118816.4886582,""mapped"":true},""middle"":{""has_data"":true,""last_update_ts"":1784118816.4886582,""mapped"":true},""pinky"":{""has_data"":true,""last_update_ts"":1784118816.4886582,""mapped"":true},""ring"":{""has_data"":true,""last_update_ts"":1784118816.4886582,""mapped"":true},""thumb"":{""has_data"":true,""last_update_ts"":1784118816.4886582,""mapped"":true}},""ports"":{""available"":[""BLE:Dexter""],""unavailable"":[]}}"
1784118816.5479367,1784118816.5478156,1591,ble,"{""index"":{""age_s"":0.009156942367553711,""channels"":3,""force"":[-0.10959854780844758,-0.5267511997800023],""has_data"":true,""last_update_ts"":1784118816.5386586,""raw"":[16881,16653,17716]},""middle"":{""age_s"":0.009156942367553711,""channels"":3,""force"":[-0.03509076311410908,0.9438782036099971],""has_data"":true,""last_update_ts"":1784118816.5386586,""raw"":[16522,16449,14785]},""pinky"":{""age_s"":0.009156942367553711,""channels"":3,""force"":[-1.022439084160398,-0.7396164106500009],""has_data"":true,""last_update_ts"":1784118816.5386586,""raw"":[17420,15293,17689]},""ring"":{""age_s"":0.009156942367553711,""channels"":3,""force"":[0.28216819106824076,0.2639306591099979],""has_data"":true,""last_update_ts"":1784118816.5386586,""raw"":[15797,16384,15615]},""thumb"":{""age_s"":0.009156942367553711,""channels"":3,""force"":[0.0,-2.220446049250313e-16],""has_data"":true,""last_update_ts"":1784118816.5386586,""raw"":[0,0,0]}}","{""ble"":{""connection_state"":""connected"",""counter"":998907,""finger_order"":""DexterController.Visualizer"",""last_error"":null,""last_sample_age_s"":0.00917752500390634,""reconnect_count"":0,""sample_hz"":20.0,""sample_sequence"":1590,""timestamp_us"":9781344224},""fingers"":{""index"":{""has_data"":true,""last_update_ts"":1784118816.5386586,""mapped"":true},""middle"":{""has_data"":true,""last_update_ts"":1784118816.5386586,""mapped"":true},""pinky"":{""has_data"":true,""last_update_ts"":1784118816.5386586,""mapped"":true},""ring"":{""has_data"":true,""last_update_ts"":1784118816.5386586,""mapped"":true},""thumb"":{""has_data"":true,""last_update_ts"":1784118816.5386586,""mapped"":true}},""ports"":{""available"":[""BLE:Dexter""],""unavailable"":[]}}"
1784118816.5979748,1784118816.5978298,1592,ble,"{""index"":{""age_s"":0.00917196273803711,""channels"":3,""force"":[-0.13603679399031243,-0.4543159715699998],""has_data"":true,""last_update_ts"":1784118816.5886579,""raw"":[16977,16694,17654]},""middle"":{""age_s"":0.00917196273803711,""channels"":3,""force"":[-0.09085142778858213,0.9222308940299992],""has_data"":true,""last_update_ts"":1784118816.5886579,""raw"":[16554,16365,14798]},""pinky"":{""age_s"":0.00917196273803711,""channels"":3,""force"":[-1.02580395185627,-0.7454445324600014],""has_data"":true,""last_update_ts"":1784118816.5886579,""raw"":[17426,15292,17702]},""ring"":{""age_s"":0.00917196273803711,""channels"":3,""force"":[0.27495776029137,0.25033170822000006],""has_data"":true,""last_update_ts"":1784118816.5886579,""raw"":[15797,16369,15632]},""thumb"":{""age_s"":0.00917196273803711,""channels"":3,""force"":[0.0,-2.220446049250313e-16],""has_data"":true,""last_update_ts"":1784118816.5886579,""raw"":[0,0,0]}}","{""ble"":{""connection_state"":""connected"",""counter"":998912,""finger_order"":""DexterController.Visualizer"",""last_error"":null,""last_sample_age_s"":0.009197624996886589,""reconnect_count"":0,""sample_hz"":20.0,""sample_sequence"":1591,""timestamp_us"":9781391328},""fingers"":{""index"":{""has_data"":true,""last_update_ts"":1784118816.5886579,""mapped"":true},""middle"":{""has_data"":true,""last_update_ts"":1784118816.5886579,""mapped"":true},""pinky"":{""has_data"":true,""last_update_ts"":1784118816.5886579,""mapped"":true},""ring"":{""has_data"":true,""last_update_ts"":1784118816.5886579,""mapped"":true},""thumb"":{""has_data"":true,""last_update_ts"":1784118816.5886579,""mapped"":true}},""ports"":{""available"":[""BLE:Dexter""],""unavailable"":[]}}"
1784118816.6479752,1784118816.6478305,1593,ble,"{""index"":{""age_s"":0.00917196273803711,""channels"":3,""force"":[-0.13507540322006406,-0.4271180697899988],""has_data"":true,""last_update_ts"":1784118816.6386585,""raw"":[16988,16707,17617]},""middle"":{""age_s"":0.00917196273803711,""channels"":3,""force"":[-0.11392480627456969,0.9211207755900004],""has_data"":true,""last_update_ts"":1784118816.6386585,""raw"":[16577,16340,14799]},""pinky"":{""age_s"":0.00917196273803711,""channels"":3,""force"":[-0.910917754811452,-0.6935464953900023],""has_data"":true,""last_update_ts"":1784118816.6386585,""raw"":[17383,15488,17685]},""ring"":{""age_s"":0.00917196273803711,""channels"":3,""force"":[0.27880332337237057,0.2764194915599978],""has_data"":true,""last_update_ts"":1784118816.6386585,""raw"":[15798,16378,15590]},""thumb"":{""age_s"":0.00917196273803711,""channels"":3,""force"":[0.0,-2.220446049250313e-16],""has_data"":true,""last_update_ts"":1784118816.6386585,""raw"":[0,0,0]}}","{""ble"":{""connection_state"":""connected"",""counter"":998918,""finger_order"":""DexterController.Visualizer"",""last_error"":null,""last_sample_age_s"":0.009197232997394167,""reconnect_count"":0,""sample_hz"":20.0,""sample_sequence"":1592,""timestamp_us"":9781447808},""fingers"":{""index"":{""has_data"":true,""last_update_ts"":1784118816.6386585,""mapped"":true},""middle"":{""has_data"":true,""last_update_ts"":1784118816.6386585,""mapped"":true},""pinky"":{""has_data"":true,""last_update_ts"":1784118816.6386585,""mapped"":true},""ring"":{""has_data"":true,""last_update_ts"":1784118816.6386585,""mapped"":true},""thumb"":{""has_data"":true,""last_update_ts"":1784118816.6386585,""mapped"":true}},""ports"":{""available"":[""BLE:Dexter""],""unavailable"":[]}}"
1784118816.6979744,1784118816.6978302,1594,ble,"{""index"":{""age_s"":0.009172201156616211,""channels"":3,""force"":[-0.12450010474731599,-0.36217614105000084],""has_data"":true,""last_update_ts"":1784118816.688658,""raw"":[17031,16772,17554]},""middle"":{""age_s"":0.009172201156616211,""channels"":3,""force"":[-0.12738427705806465,0.9300017231099975],""has_data"":true,""last_update_ts"":1784118816.688658,""raw"":[16610,16345,14802]},""pinky"":{""age_s"":0.009172201156616211,""channels"":3,""force"":[-1.0219583887752748,-0.7421141771399986],""has_data"":true,""last_update_ts"":1784118816.688658,""raw"":[17417,15291,17691]},""ring"":{""age_s"":0.009172201156616211,""channels"":3,""force"":[0.28216819106824076,0.2578250076899993],""has_data"":true,""last_update_ts"":1784118816.688658,""raw"":[15801,16388,15630]},""thumb"":{""age_s"":0.009172201156616211,""channels"":3,""force"":[0.0,-2.220446049250313e-16],""has_data"":true,""last_update_ts"":1784118816.688658,""raw"":[0,0,0]}}","{""ble"":{""connection_state"":""connected"",""counter"":998923,""finger_order"":""DexterController.Visualizer"",""last_error"":null,""last_sample_age_s"":0.009197664010571316,""reconnect_count"":0,""sample_hz"":20.0,""sample_sequence"":1593,""timestamp_us"":9781494784},""fingers"":{""index"":{""has_data"":true,""last_update_ts"":1784118816.688658,""mapped"":true},""middle"":{""has_data"":true,""last_update_ts"":1784118816.688658,""mapped"":true},""pinky"":{""has_data"":true,""last_update_ts"":1784118816.688658,""mapped"":true},""ring"":{""has_data"":true,""last_update_ts"":1784118816.688658,""mapped"":true},""thumb"":{""has_data"":true,""last_update_ts"":1784118816.688658,""mapped"":true}},""ports"":{""available"":[""BLE:Dexter""],""unavailable"":[]}}"
1784118816.7479765,1784118816.74783,1595,ble,"{""index"":{""age_s"":0.009175777435302734,""channels"":3,""force"":[-0.1523804370845525,-0.32720741019000243],""has_data"":true,""last_update_ts"":1784118816.7386541,""raw"":[17089,16772,17520]},""middle"":{""age_s"":0.009175777435302734,""channels"":3,""force"":[-0.176415206340792,0.9255612493499976],""has_data"":true,""last_update_ts"":1784118816.7386541,""raw"":[16665,16298,14814]},""pinky"":{""age_s"":0.009175777435302734,""channels"":3,""force"":[-1.0253232564711467,-0.7462771212899995],""has_data"":true,""last_update_ts"":1784118816.7386541,""raw"":[17421,15288,17699]},""ring"":{""age_s"":0.009175777435302734,""channels"":3,""force"":[0.27447706490624846,0.2550497115899981],""has_data"":true,""last_update_ts"":1784118816.7386541,""raw"":[15799,16370,15625]},""thumb"":{""age_s"":0.009175777435302734,""channels"":3,""force"":[0.0,-2.220446049250313e-16],""has_data"":true,""last_update_ts"":1784118816.7386541,""raw"":[0,0,0]}}","{""ble"":{""connection_state"":""connected"",""counter"":998928,""finger_order"":""DexterController.Visualizer"",""last_error"":null,""last_sample_age_s"":0.009200941000017338,""reconnect_count"":0,""sample_hz"":20.0,""sample_sequence"":1594,""timestamp_us"":9781541824},""fingers"":{""index"":{""has_data"":true,""last_update_ts"":1784118816.7386541,""mapped"":true},""middle"":{""has_data"":true,""last_update_ts"":1784118816.7386541,""mapped"":true},""pinky"":{""has_data"":true,""last_update_ts"":1784118816.7386541,""mapped"":true},""ring"":{""has_data"":true,""last_update_ts"":1784118816.7386541,""mapped"":true},""thumb"":{""has_data"":true,""last_update_ts"":1784118816.7386541,""mapped"":true}},""ports"":{""available"":[""BLE:Dexter""],""unavailable"":[]}}"
1784118816.7979639,1784118816.7978303,1596,ble,"{""index"":{""age_s"":0.00917196273803711,""channels"":3,""force"":[-0.1518997416994292,-0.3269298805800025],""has_data"":true,""last_update_ts"":1784118816.7886584,""raw"":[17090,16774,17521]},""middle"":{""age_s"":0.00917196273803711,""channels"":3,""force"":[-0.1845870278879147,0.8980858179599975],""has_data"":true,""last_update_ts"":1784118816.7886584,""raw"":[16660,16276,14850]},""pinky"":{""age_s"":0.00917196273803711,""channels"":3,""force"":[-1.0200356072347727,-0.7443344140200026],""has_data"":true,""last_update_ts"":1784118816.7886584,""raw"":[17418,15296,17698]},""ring"":{""age_s"":0.00917196273803711,""channels"":3,""force"":[0.27543845567649683,0.25393959314999837],""has_data"":true,""last_update_ts"":1784118816.7886584,""raw"":[15803,16376,15632]},""thumb"":{""age_s"":0.00917196273803711,""channels"":3,""force"":[0.0,-2.220446049250313e-16],""has_data"":true,""last_update_ts"":1784118816.7886584,""raw"":[0,0,0]}}","{""ble"":{""connection_state"":""connected"",""counter"":998934,""finger_order"":""DexterController.Visualizer"",""last_error"":null,""last_sample_age_s"":0.009196953003993258,""reconnect_count"":0,""sample_hz"":20.0,""sample_sequence"":1595,""timestamp_us"":9781598400},""fingers"":{""index"":{""has_data"":true,""last_update_ts"":1784118816.7886584,""mapped"":true},""middle"":{""has_data"":true,""last_update_ts"":1784118816.7886584,""mapped"":true},""pinky"":{""has_data"":true,""last_update_ts"":1784118816.7886584,""mapped"":true},""ring"":{""has_data"":true,""last_update_ts"":1784118816.7886584,""mapped"":true},""thumb"":{""has_data"":true,""last_update_ts"":1784118816.7886584,""mapped"":true}},""ports"":{""available"":[""BLE:Dexter""],""unavailable"":[]}}"
1784118816.8479679,1784118816.847823,1597,ble,"{""index"":{""age_s"":0.009164571762084961,""channels"":3,""force"":[-0.13988235707130947,-0.3588457857299998],""has_data"":true,""last_update_ts"":1784118816.8386583,""raw"":[17051,16760,17552]},""middle"":{""age_s"":0.009164571762084961,""channels"":3,""force"":[-0.17353103403004333,0.8894824000499977],""has_data"":true,""last_update_ts"":1784118816.8386583,""raw"":[16636,16275,14853]},""pinky"":{""age_s"":0.009164571762084961,""channels"":3,""force"":[-1.0243618657008984,-0.7429467659700002],""has_data"":true,""last_update_ts"":1784118816.8386583,""raw"":[17421,15290,17694]},""ring"":{""age_s"":0.009164571762084961,""channels"":3,""force"":[0.28841723107486494,0.2625430110599982],""has_data"":true,""last_update_ts"":1784118816.8386583,""raw"":[15792,16392,15619]},""thumb"":{""age_s"":0.009164571762084961,""channels"":3,""force"":[0.0,-2.220446049250313e-16],""has_data"":true,""last_update_ts"":1784118816.8386583,""raw"":[0,0,0]}}","{""ble"":{""connection_state"":""connected"",""counter"":998939,""finger_order"":""DexterController.Visualizer"",""last_error"":null,""last_sample_age_s"":0.009189848991809413,""reconnect_count"":0,""sample_hz"":20.0,""sample_sequence"":1596,""timestamp_us"":9781645504},""fingers"":{""index"":{""has_data"":true,""last_update_ts"":1784118816.8386583,""mapped"":true},""middle"":{""has_data"":true,""last_update_ts"":1784118816.8386583,""mapped"":true},""pinky"":{""has_data"":true,""last_update_ts"":1784118816.8386583,""mapped"":true},""ring"":{""has_data"":true,""last_update_ts"":1784118816.8386583,""mapped"":true},""thumb"":{""has_data"":true,""last_update_ts"":1784118816.8386583,""mapped"":true}},""ports"":{""available"":[""BLE:Dexter""],""unavailable"":[]}}"
1784118816.8979642,1784118816.897831,1598,ble,"{""index"":{""age_s"":0.009172201156616211,""channels"":3,""force"":[-0.13892096630105755,-0.3721672070100013],""has_data"":true,""last_update_ts"":1784118816.8886588,""raw"":[17041,16752,17567]},""middle"":{""age_s"":0.009172201156616211,""channels"":3,""force"":[-0.16055225863167522,0.8825441597999992],""has_data"":true,""last_update_ts"":1784118816.8886588,""raw"":[16620,16286,14863]},""pinky"":{""age_s"":0.009172201156616211,""channels"":3,""force"":[-1.0238811703157698,-0.7498850062200013],""has_data"":true,""last_update_ts"":1784118816.8886588,""raw"":[17418,15288,17704]},""ring"":{""age_s"":0.009172201156616211,""channels"":3,""force"":[0.276399846446747,0.255604770809998],""has_data"":true,""last_update_ts"":1784118816.8886588,""raw"":[15799,16374,15626]},""thumb"":{""age_s"":0.009172201156616211,""channels"":3,""force"":[0.0,-2.220446049250313e-16],""has_data"":true,""last_update_ts"":1784118816.8886588,""raw"":[0,0,0]}}","{""ble"":{""connection_state"":""connected"",""counter"":998944,""finger_order"":""DexterController.Visualizer"",""last_error"":null,""last_sample_age_s"":0.009197193998261355,""reconnect_count"":0,""sample_hz"":20.0,""sample_sequence"":1597,""timestamp_us"":9781692416},""fingers"":{""index"":{""has_data"":true,""last_update_ts"":1784118816.8886588,""mapped"":true},""middle"":{""has_data"":true,""last_update_ts"":1784118816.8886588,""mapped"":true},""pinky"":{""has_data"":true,""last_update_ts"":1784118816.8886588,""mapped"":true},""ring"":{""has_data"":true,""last_update_ts"":1784118816.8886588,""mapped"":true},""thumb"":{""has_data"":true,""last_update_ts"":1784118816.8886588,""mapped"":true}},""ports"":{""available"":[""BLE:Dexter""],""unavailable"":[]}}"
1784118816.9479449,1784118816.9478264,1599,ble,"{""index"":{""age_s"":0.009166955947875977,""channels"":3,""force"":[-0.14661209246305695,-0.3804930953100021],""has_data"":true,""last_update_ts"":1784118816.9386594,""raw"":[17043,16738,17576]},""middle"":{""age_s"":0.009166955947875977,""channels"":3,""force"":[-0.17208894787466988,0.8531260211399987],""has_data"":true,""last_update_ts"":1784118816.9386594,""raw"":[16574,16216,14858]},""pinky"":{""age_s"":0.009166955947875977,""channels"":3,""force"":[-0.5532803882786155,-0.5076016566900039],""has_data"":true,""last_update_ts"":1784118816.9386594,""raw"":[17292,16141,17631]},""ring"":{""age_s"":0.009166955947875977,""channels"":3,""force"":[0.3028380926286083,0.35745813767999746],""has_data"":true,""last_update_ts"":1784118816.9386594,""raw"":[15773,16403,15444]},""thumb"":{""age_s"":0.009166955947875977,""channels"":3,""force"":[0.0,-2.220446049250313e-16],""has_data"":true,""last_update_ts"":1784118816.9386594,""raw"":[0,0,0]}}","{""ble"":{""connection_state"":""connected"",""counter"":998950,""finger_order"":""DexterController.Visualizer"",""last_error"":null,""last_sample_age_s"":0.0091869530006079,""reconnect_count"":0,""sample_hz"":20.0,""sample_sequence"":1598,""timestamp_us"":9781748800},""fingers"":{""index"":{""has_data"":true,""last_update_ts"":1784118816.9386594,""mapped"":true},""middle"":{""has_data"":true,""last_update_ts"":1784118816.9386594,""mapped"":true},""pinky"":{""has_data"":true,""last_update_ts"":1784118816.9386594,""mapped"":true},""ring"":{""has_data"":true,""last_update_ts"":1784118816.9386594,""mapped"":true},""thumb"":{""has_data"":true,""last_update_ts"":1784118816.9386594,""mapped"":true}},""ports"":{""available"":[""BLE:Dexter""],""unavailable"":[]}}"
1784118816.997966,1784118816.9978218,1600,ble,"{""index"":{""age_s"":0.009166479110717773,""channels"":3,""force"":[-0.14565070169280503,-0.3865987467300007],""has_data"":true,""last_update_ts"":1784118816.9886553,""raw"":[17046,16743,17591]},""middle"":{""age_s"":0.009166479110717773,""channels"":3,""force"":[-0.17497312018542033,0.8053909282199978],""has_data"":true,""last_update_ts"":1784118816.9886553,""raw"":[16584,16220,14951]},""pinky"":{""age_s"":0.009166479110717773,""channels"":3,""force"":[-1.0253232564711467,-0.7468321805100029],""has_data"":true,""last_update_ts"":1784118816.9886553,""raw"":[17422,15289,17701]},""ring"":{""age_s"":0.009166479110717773,""channels"":3,""force"":[0.2739963695211234,0.25588230041999616],""has_data"":true,""last_update_ts"":1784118816.9886553,""raw"":[15800,16370,15624]},""thumb"":{""age_s"":0.009166479110717773,""channels"":3,""force"":[0.0,-2.220446049250313e-16],""has_data"":true,""last_update_ts"":1784118816.9886553,""raw"":[0,0,0]}}","{""ble"":{""connection_state"":""connected"",""counter"":998955,""finger_order"":""DexterController.Visualizer"",""last_error"":null,""last_sample_age_s"":0.009191692995955236,""reconnect_count"":0,""sample_hz"":20.0,""sample_sequence"":1599,""timestamp_us"":9781795808},""fingers"":{""index"":{""has_data"":true,""last_update_ts"":1784118816.9886553,""mapped"":true},""middle"":{""has_data"":true,""last_update_ts"":1784118816.9886553,""mapped"":true},""pinky"":{""has_data"":true,""last_update_ts"":1784118816.9886553,""mapped"":true},""ring"":{""has_data"":true,""last_update_ts"":1784118816.9886553,""mapped"":true},""thumb"":{""has_data"":true,""last_update_ts"":1784118816.9886553,""mapped"":true}},""ports"":{""available"":[""BLE:Dexter""],""unavailable"":[]}}"
1784118817.0479434,1784118817.0478156,1601,ble,"{""index"":{""age_s"":0.009155035018920898,""channels"":3,""force"":[-0.1216159324365691,-0.3760526215500022],""has_data"":true,""last_update_ts"":1784118817.0386605,""raw"":[17023,16770,17574]},""middle"":{""age_s"":0.009155035018920898,""channels"":3,""force"":[-0.16343643094242566,0.8431349551799991],""has_data"":true,""last_update_ts"":1784118817.0386605,""raw"":[16599,16259,14910]},""pinky"":{""age_s"":0.009155035018920898,""channels"":3,""force"":[-1.0234004749306447,-0.7479422989500026],""has_data"":true,""last_update_ts"":1784118817.0386605,""raw"":[17415,15286,17698]},""ring"":{""age_s"":0.009155035018920898,""channels"":3,""force"":[0.27399636952112516,0.2514418266599998],""has_data"":true,""last_update_ts"":1784118817.0386605,""raw"":[15794,16364,15626]},""thumb"":{""age_s"":0.009155035018920898,""channels"":3,""force"":[0.0,-2.220446049250313e-16],""has_data"":true,""last_update_ts"":1784118817.0386605,""raw"":[0,0,0]}}","{""ble"":{""connection_state"":""connected"",""counter"":998960,""finger_order"":""DexterController.Visualizer"",""last_error"":null,""last_sample_age_s"":0.00917500999639742,""reconnect_count"":0,""sample_hz"":20.0,""sample_sequence"":1600,""timestamp_us"":9781842848},""fingers"":{""index"":{""has_data"":true,""last_update_ts"":1784118817.0386605,""mapped"":true},""middle"":{""has_data"":true,""last_update_ts"":1784118817.0386605,""mapped"":true},""pinky"":{""has_data"":true,""last_update_ts"":1784118817.0386605,""mapped"":true},""ring"":{""has_data"":true,""last_update_ts"":1784118817.0386605,""mapped"":true},""thumb"":{""has_data"":true,""last_update_ts"":1784118817.0386605,""mapped"":true}},""ports"":{""available"":[""BLE:Dexter""],""unavailable"":[]}}"
1784118817.0979264,1784118817.0978012,1602,ble,"{""index"":{""age_s"":0.009150981903076172,""channels"":3,""force"":[-0.12498080013243928,-0.3940920462000017],""has_data"":true,""last_update_ts"":1784118817.0886502,""raw"":[17012,16752,17592]},""middle"":{""age_s"":0.009150981903076172,""channels"":3,""force"":[-0.16151364940192536,0.8114965796399982],""has_data"":true,""last_update_ts"":1784118817.0886502,""raw"":[16574,16238,14944]},""pinky"":{""age_s"":0.009150981903076172,""channels"":3,""force"":[-1.02484256108602,-0.7448894732400007],""has_data"":true,""last_update_ts"":1784118817.0886502,""raw"":[17419,15287,17695]},""ring"":{""age_s"":0.009150981903076172,""channels"":3,""force"":[0.276399846446747,0.255604770809998],""has_data"":true,""last_update_ts"":1784118817.0886502,""raw"":[15799,16374,15626]},""thumb"":{""age_s"":0.009150981903076172,""channels"":3,""force"":[0.0,-2.220446049250313e-16],""has_data"":true,""last_update_ts"":1784118817.0886502,""raw"":[0,0,0]}}","{""ble"":{""connection_state"":""connected"",""counter"":998965,""finger_order"":""DexterController.Visualizer"",""last_error"":null,""last_sample_age_s"":0.009169698998448439,""reconnect_count"":0,""sample_hz"":20.0,""sample_sequence"":1601,""timestamp_us"":9781889920},""fingers"":{""index"":{""has_data"":true,""last_update_ts"":1784118817.0886502,""mapped"":true},""middle"":{""has_data"":true,""last_update_ts"":1784118817.0886502,""mapped"":true},""pinky"":{""has_data"":true,""last_update_ts"":1784118817.0886502,""mapped"":true},""ring"":{""has_data"":true,""last_update_ts"":1784118817.0886502,""mapped"":true},""thumb"":{""has_data"":true,""last_update_ts"":1784118817.0886502,""mapped"":true}},""ports"":{""available"":[""BLE:Dexter""],""unavailable"":[]}}"
1784118817.147954,1784118817.1478262,1603,ble,"{""index"":{""age_s"":0.009134769439697266,""channels"":3,""force"":[-0.12065454166631717,-0.4276731290100031],""has_data"":true,""last_update_ts"":1784118817.1386914,""raw"":[16983,16732,17628]},""middle"":{""age_s"":0.009134769439697266,""channels"":3,""force"":[-0.15959086786142684,0.7709772565799984],""has_data"":true,""last_update_ts"":1784118817.1386914,""raw"":[16546,16214,14991]},""pinky"":{""age_s"":0.009134769439697266,""channels"":3,""force"":[-1.0248425610860235,-0.7448894732400015],""has_data"":true,""last_update_ts"":1784118817.1386914,""raw"":[17421,15289,17697]},""ring"":{""age_s"":0.009134769439697266,""channels"":3,""force"":[0.2744770649062449,0.2528294747099977],""has_data"":true,""last_update_ts"":1784118817.1386914,""raw"":[15800,16371,15630]},""thumb"":{""age_s"":0.009134769439697266,""channels"":3,""force"":[0.0,-2.220446049250313e-16],""has_data"":true,""last_update_ts"":1784118817.1386914,""raw"":[0,0,0]}}","{""ble"":{""connection_state"":""connected"",""counter"":998971,""finger_order"":""DexterController.Visualizer"",""last_error"":null,""last_sample_age_s"":0.009155040999758057,""reconnect_count"":0,""sample_hz"":20.0,""sample_sequence"":1602,""timestamp_us"":9781946368},""fingers"":{""index"":{""has_data"":true,""last_update_ts"":1784118817.1386914,""mapped"":true},""middle"":{""has_data"":true,""last_update_ts"":1784118817.1386914,""mapped"":true},""pinky"":{""has_data"":true,""last_update_ts"":1784118817.1386914,""mapped"":true},""ring"":{""has_data"":true,""last_update_ts"":1784118817.1386914,""mapped"":true},""thumb"":{""has_data"":true,""last_update_ts"":1784118817.1386914,""mapped"":true}},""ports"":{""available"":[""BLE:Dexter""],""unavailable"":[]}}"
1784118817.197952,1784118817.1978192,1604,ble,"{""index"":{""age_s"":0.009159564971923828,""channels"":3,""force"":[-0.11248272011919802,-0.4446024352200011],""has_data"":true,""last_update_ts"":1784118817.1886597,""raw"":[16961,16727,17645]},""middle"":{""age_s"":0.009159564971923828,""channels"":3,""force"":[-0.14132444322668114,0.7776379672199978],""has_data"":true,""last_update_ts"":1784118817.1886597,""raw"":[16539,16245,14991]},""pinky"":{""age_s"":0.009159564971923828,""channels"":3,""force"":[-1.0229197795455232,-0.7454445324600014],""has_data"":true,""last_update_ts"":1784118817.1886597,""raw"":[17421,15293,17700]},""ring"":{""age_s"":0.009159564971923828,""channels"":3,""force"":[0.2783226279872473,0.25227441548999785],""has_data"":true,""last_update_ts"":1784118817.1886597,""raw"":[15794,16373,15629]},""thumb"":{""age_s"":0.009159564971923828,""channels"":3,""force"":[0.0,-2.220446049250313e-16],""has_data"":true,""last_update_ts"":1784118817.1886597,""raw"":[0,0,0]}}","{""ble"":{""connection_state"":""connected"",""counter"":998976,""finger_order"":""DexterController.Visualizer"",""last_error"":null,""last_sample_age_s"":0.009184398004435934,""reconnect_count"":0,""sample_hz"":20.0,""sample_sequence"":1603,""timestamp_us"":9781993440},""fingers"":{""index"":{""has_data"":true,""last_update_ts"":1784118817.1886597,""mapped"":true},""middle"":{""has_data"":true,""last_update_ts"":1784118817.1886597,""mapped"":true},""pinky"":{""has_data"":true,""last_update_ts"":1784118817.1886597,""mapped"":true},""ring"":{""has_data"":true,""last_update_ts"":1784118817.1886597,""mapped"":true},""thumb"":{""has_data"":true,""last_update_ts"":1784118817.1886597,""mapped"":true}},""ports"":{""available"":[""BLE:Dexter""],""unavailable"":[]}}"
1784118817.2479591,1784118817.24783,1605,ble,"{""index"":{""age_s"":0.009170055389404297,""channels"":3,""force"":[-0.12690358167294136,-0.4568137380600019],""has_data"":true,""last_update_ts"":1784118817.2386599,""raw"":[16972,16708,17663]},""middle"":{""age_s"":0.009170055389404297,""channels"":3,""force"":[-0.14901556938868055,0.7571007760799979],""has_data"":true,""last_update_ts"":1784118817.2386599,""raw"":[16528,16218,15009]},""pinky"":{""age_s"":0.009170055389404297,""channels"":3,""force"":[-1.0209969980050246,-0.7465546509000012],""has_data"":true,""last_update_ts"":1784118817.2386599,""raw"":[17417,15293,17700]},""ring"":{""age_s"":0.009170055389404297,""channels"":3,""force"":[0.2754384556764986,0.25449465236999735],""has_data"":true,""last_update_ts"":1784118817.2386599,""raw"":[15795,16368,15623]},""thumb"":{""age_s"":0.009170055389404297,""channels"":3,""force"":[0.0,-2.220446049250313e-16],""has_data"":true,""last_update_ts"":1784118817.2386599,""raw"":[0,0,0]}}","{""ble"":{""connection_state"":""connected"",""counter"":998981,""finger_order"":""DexterController.Visualizer"",""last_error"":null,""last_sample_age_s"":0.009195639999234118,""reconnect_count"":0,""sample_hz"":20.0,""sample_sequence"":1604,""timestamp_us"":9782040480},""fingers"":{""index"":{""has_data"":true,""last_update_ts"":1784118817.2386599,""mapped"":true},""middle"":{""has_data"":true,""last_update_ts"":1784118817.2386599,""mapped"":true},""pinky"":{""has_data"":true,""last_update_ts"":1784118817.2386599,""mapped"":true},""ring"":{""has_data"":true,""last_update_ts"":1784118817.2386599,""mapped"":true},""thumb"":{""has_data"":true,""last_update_ts"":1784118817.2386599,""mapped"":true}},""ports"":{""available"":[""BLE:Dexter""],""unavailable"":[]}}"
1784118817.297947,1784118817.29783,1606,ble,"{""index"":{""age_s"":0.009170055389404297,""channels"":3,""force"":[-0.11873176012582043,-0.44432490561000293],""has_data"":true,""last_update_ts"":1784118817.28866,""raw"":[16967,16720,17644]},""middle"":{""age_s"":0.009170055389404297,""channels"":3,""force"":[-0.1547839140101761,0.7654266643799978],""has_data"":true,""last_update_ts"":1784118817.28866,""raw"":[16543,16221,15003]},""pinky"":{""age_s"":0.009170055389404297,""channels"":3,""force"":[-1.0224390841603999,-0.7440568844100017],""has_data"":true,""last_update_ts"":1784118817.28866,""raw"":[17421,15294,17698]},""ring"":{""age_s"":0.009170055389404297,""channels"":3,""force"":[0.2739963695211234,0.2542171227599983],""has_data"":true,""last_update_ts"":1784118817.28866,""raw"":[15799,16369,15626]},""thumb"":{""age_s"":0.009170055389404297,""channels"":3,""force"":[0.0,-2.220446049250313e-16],""has_data"":true,""last_update_ts"":1784118817.28866,""raw"":[0,0,0]}}","{""ble"":{""connection_state"":""connected"",""counter"":998987,""finger_order"":""DexterController.Visualizer"",""last_error"":null,""last_sample_age_s"":0.009195139995426871,""reconnect_count"":0,""sample_hz"":20.0,""sample_sequence"":1605,""timestamp_us"":9782096928},""fingers"":{""index"":{""has_data"":true,""last_update_ts"":1784118817.28866,""mapped"":true},""middle"":{""has_data"":true,""last_update_ts"":1784118817.28866,""mapped"":true},""pinky"":{""has_data"":true,""last_update_ts"":1784118817.28866,""mapped"":true},""ring"":{""has_data"":true,""last_update_ts"":1784118817.28866,""mapped"":true},""thumb"":{""has_data"":true,""last_update_ts"":1784118817.28866,""mapped"":true}},""ports"":{""available"":[""BLE:Dexter""],""unavailable"":[]}}"
1784118817.3479478,1784118817.347829,1607,ble,"{""index"":{""age_s"":0.009172677993774414,""channels"":3,""force"":[-0.0831603016265845,-0.44432490561000204],""has_data"":true,""last_update_ts"":1784118817.3386564,""raw"":[16930,16757,17644]},""middle"":{""age_s"":0.009172677993774414,""channels"":3,""force"":[-0.18650980942841144,0.7693120789199979],""has_data"":true,""last_update_ts"":1784118817.3386564,""raw"":[16590,16202,15010]},""pinky"":{""age_s"":0.009172677993774414,""channels"":3,""force"":[-1.0234004749306465,-0.7451670028500015],""has_data"":true,""last_update_ts"":1784118817.3386564,""raw"":[17422,15293,17700]},""ring"":{""age_s"":0.009172677993774414,""channels"":3,""force"":[0.27351567413599476,0.2583800669099974],""has_data"":true,""last_update_ts"":1784118817.3386564,""raw"":[15802,16371,15621]},""thumb"":{""age_s"":0.009172677993774414,""channels"":3,""force"":[0.0,-2.220446049250313e-16],""has_data"":true,""last_update_ts"":1784118817.3386564,""raw"":[0,0,0]}}","{""ble"":{""connection_state"":""connected"",""counter"":998992,""finger_order"":""DexterController.Visualizer"",""last_error"":null,""last_sample_age_s"":0.009197074003168382,""reconnect_count"":0,""sample_hz"":20.0,""sample_sequence"":1606,""timestamp_us"":9782143840},""fingers"":{""index"":{""has_data"":true,""last_update_ts"":1784118817.3386564,""mapped"":true},""middle"":{""has_data"":true,""last_update_ts"":1784118817.3386564,""mapped"":true},""pinky"":{""has_data"":true,""last_update_ts"":1784118817.3386564,""mapped"":true},""ring"":{""has_data"":true,""last_update_ts"":1784118817.3386564,""mapped"":true},""thumb"":{""has_data"":true,""last_update_ts"":1784118817.3386564,""mapped"":true}},""ports"":{""available"":[""BLE:Dexter""],""unavailable"":[]}}"
1784118817.397949,1784118817.397829,1608,ble,"{""index"":{""age_s"":0.00916910171508789,""channels"":3,""force"":[-0.11392480627457147,-0.4082460563100012],""has_data"":true,""last_update_ts"":1784118817.38866,""raw"":[16987,16750,17604]},""middle"":{""age_s"":0.00916910171508789,""channels"":3,""force"":[-0.2345793479408922,0.7931796253799979],""has_data"":true,""last_update_ts"":1784118817.38866,""raw"":[16653,16165,14980]},""pinky"":{""age_s"":0.00916910171508789,""channels"":3,""force"":[-1.0267653426265202,-0.7443344140199999],""has_data"":true,""last_update_ts"":1784118817.38866,""raw"":[17426,15290,17699]},""ring"":{""age_s"":0.00916910171508789,""channels"":3,""force"":[0.2735156741359983,0.25449465236999824],""has_data"":true,""last_update_ts"":1784118817.38866,""raw"":[15800,16369,15626]},""thumb"":{""age_s"":0.00916910171508789,""channels"":3,""force"":[0.0,-2.220446049250313e-16],""has_data"":true,""last_update_ts"":1784118817.38866,""raw"":[0,0,0]}}","{""ble"":{""connection_state"":""connected"",""counter"":998997,""finger_order"":""DexterController.Visualizer"",""last_error"":null,""last_sample_age_s"":0.009194218000629917,""reconnect_count"":0,""sample_hz"":20.0,""sample_sequence"":1607,""timestamp_us"":9782190848},""fingers"":{""index"":{""has_data"":true,""last_update_ts"":1784118817.38866,""mapped"":true},""middle"":{""has_data"":true,""last_update_ts"":1784118817.38866,""mapped"":true},""pinky"":{""has_data"":true,""last_update_ts"":1784118817.38866,""mapped"":true},""ring"":{""has_data"":true,""last_update_ts"":1784118817.38866,""mapped"":true},""thumb"":{""has_data"":true,""last_update_ts"":1784118817.38866,""mapped"":true}},""ports"":{""available"":[""BLE:Dexter""],""unavailable"":[]}}"
1784118817.4479516,1784118817.4478297,1609,ble,"{""index"":{""age_s"":0.0091705322265625,""channels"":3,""force"":[-0.12209662782169417,-0.3718896774000022],""has_data"":true,""last_update_ts"":1784118817.4386592,""raw"":[16991,16737,17534]},""middle"":{""age_s"":0.0091705322265625,""channels"":3,""force"":[-0.2739963695211216,0.9053015878199986],""has_data"":true,""last_update_ts"":1784118817.4386592,""raw"":[16635,16065,14719]},""pinky"":{""age_s"":0.0091705322265625,""channels"":3,""force"":[1.5536074847232761,0.42850571784000024],""has_data"":true,""last_update_ts"":1784118817.4386592,""raw"":[16480,19712,17324]},""ring"":{""age_s"":0.0091705322265625,""channels"":3,""force"":[0.302357397243485,0.7940122142099986],""has_data"":true,""last_update_ts"":1784118817.4386592,""raw"":[15757,16386,14641]},""thumb"":{""age_s"":0.0091705322265625,""channels"":3,""force"":[0.0,-2.220446049250313e-16],""has_data"":true,""last_update_ts"":1784118817.4386592,""raw"":[0,0,0]}}","{""ble"":{""connection_state"":""connected"",""counter"":999003,""finger_order"":""DexterController.Visualizer"",""last_error"":null,""last_sample_age_s"":0.009195890990667976,""reconnect_count"":0,""sample_hz"":20.0,""sample_sequence"":1608,""timestamp_us"":9782247360},""fingers"":{""index"":{""has_data"":true,""last_update_ts"":1784118817.4386592,""mapped"":true},""middle"":{""has_data"":true,""last_update_ts"":1784118817.4386592,""mapped"":true},""pinky"":{""has_data"":true,""last_update_ts"":1784118817.4386592,""mapped"":true},""ring"":{""has_data"":true,""last_update_ts"":1784118817.4386592,""mapped"":true},""thumb"":{""has_data"":true,""last_update_ts"":1784118817.4386592,""mapped"":true}},""ports"":{""available"":[""BLE:Dexter""],""unavailable"":[]}}"
1784118817.4979315,1784118817.4978232,1610,ble,"{""index"":{""age_s"":0.009163618087768555,""channels"":3,""force"":[-0.141805138611808,-0.3976999311300018],""has_data"":true,""last_update_ts"":1784118817.4886596,""raw"":[17020,16725,17589]},""middle"":{""age_s"":0.009163618087768555,""channels"":3,""force"":[-0.27543845567649683,0.8262056489699985],""has_data"":true,""last_update_ts"":1784118817.4886596,""raw"":[16710,16137,14935]},""pinky"":{""age_s"":0.009163618087768555,""channels"":3,""force"":[-1.0248425610860235,-0.73989394026],""has_data"":true,""last_update_ts"":1784118817.4886596,""raw"":[17425,15293,17692]},""ring"":{""age_s"":0.009163618087768555,""channels"":3,""force"":[0.2850523633789912,0.25838006690999826],""has_data"":true,""last_update_ts"":1784118817.4886596,""raw"":[15797,16390,15628]},""thumb"":{""age_s"":0.009163618087768555,""channels"":3,""force"":[0.0,-2.220446049250313e-16],""has_data"":true,""last_update_ts"":1784118817.4886596,""raw"":[0,0,0]}}","{""ble"":{""connection_state"":""connected"",""counter"":999008,""finger_order"":""DexterController.Visualizer"",""last_error"":null,""last_sample_age_s"":0.009184027992887422,""reconnect_count"":0,""sample_hz"":20.0,""sample_sequence"":1609,""timestamp_us"":9782294240},""fingers"":{""index"":{""has_data"":true,""last_update_ts"":1784118817.4886596,""mapped"":true},""middle"":{""has_data"":true,""last_update_ts"":1784118817.4886596,""mapped"":true},""pinky"":{""has_data"":true,""last_update_ts"":1784118817.4886596,""mapped"":true},""ring"":{""has_data"":true,""last_update_ts"":1784118817.4886596,""mapped"":true},""thumb"":{""has_data"":true,""last_update_ts"":1784118817.4886596,""mapped"":true}},""ports"":{""available"":[""BLE:Dexter""],""unavailable"":[]}}"
1784118817.547948,1784118817.5478306,1611,ble,"{""index"":{""age_s"":0.009174108505249023,""channels"":3,""force"":[-0.13988235707131125,-0.4448799648300028],""has_data"":true,""last_update_ts"":1784118817.5386565,""raw"":[16986,16695,17642]},""middle"":{""age_s"":0.009174108505249023,""channels"":3,""force"":[-0.2653438525888774,0.837029303759997],""has_data"":true,""last_update_ts"":1784118817.5386565,""raw"":[16709,16157,14925]},""pinky"":{""age_s"":0.009174108505249023,""channels"":3,""force"":[-1.018593521079401,-0.7479422989500026],""has_data"":true,""last_update_ts"":1784118817.5386565,""raw"":[17413,15294,17701]},""ring"":{""age_s"":0.009174108505249023,""channels"":3,""force"":[0.27159289259550157,0.25227441548999785],""has_data"":true,""last_update_ts"":1784118817.5386565,""raw"":[15799,16364,15627]},""thumb"":{""age_s"":0.009174108505249023,""channels"":3,""force"":[0.0,-2.220446049250313e-16],""has_data"":true,""last_update_ts"":1784118817.5386565,""raw"":[0,0,0]}}","{""ble"":{""connection_state"":""connected"",""counter"":999013,""finger_order"":""DexterController.Visualizer"",""last_error"":null,""last_sample_age_s"":0.009199427993735299,""reconnect_count"":0,""sample_hz"":20.0,""sample_sequence"":1610,""timestamp_us"":9782341312},""fingers"":{""index"":{""has_data"":true,""last_update_ts"":1784118817.5386565,""mapped"":true},""middle"":{""has_data"":true,""last_update_ts"":1784118817.5386565,""mapped"":true},""pinky"":{""has_data"":true,""last_update_ts"":1784118817.5386565,""mapped"":true},""ring"":{""has_data"":true,""last_update_ts"":1784118817.5386565,""mapped"":true},""thumb"":{""has_data"":true,""last_update_ts"":1784118817.5386565,""mapped"":true}},""ports"":{""available"":[""BLE:Dexter""],""unavailable"":[]}}"
1784118817.5979483,1784118817.5978298,1612,ble,"{""index"":{""age_s"":0.009169340133666992,""channels"":3,""force"":[-0.15141904631430592,-0.4798486956900021],""has_data"":true,""last_update_ts"":1784118817.5886605,""raw"":[16982,16667,17689]},""middle"":{""age_s"":0.009169340133666992,""channels"":3,""force"":[-0.2393863017921376,0.9319444303799989],""has_data"":true,""last_update_ts"":1784118817.5886605,""raw"":[16719,16221,14791]},""pinky"":{""age_s"":0.009169340133666992,""channels"":3,""force"":[-1.0176321303091473,-0.7418366475300031],""has_data"":true,""last_update_ts"":1784118817.5886605,""raw"":[17415,15298,17693]},""ring"":{""age_s"":0.009169340133666992,""channels"":3,""force"":[0.2826488864533676,0.25532724119999894],""has_data"":true,""last_update_ts"":1784118817.5886605,""raw"":[15789,16377,15623]},""thumb"":{""age_s"":0.009169340133666992,""channels"":3,""force"":[0.0,-2.220446049250313e-16],""has_data"":true,""last_update_ts"":1784118817.5886605,""raw"":[0,0,0]}}","{""ble"":{""connection_state"":""connected"",""counter"":999019,""finger_order"":""DexterController.Visualizer"",""last_error"":null,""last_sample_age_s"":0.009194629004923627,""reconnect_count"":0,""sample_hz"":20.0,""sample_sequence"":1611,""timestamp_us"":9782397824},""fingers"":{""index"":{""has_data"":true,""last_update_ts"":1784118817.5886605,""mapped"":true},""middle"":{""has_data"":true,""last_update_ts"":1784118817.5886605,""mapped"":true},""pinky"":{""has_data"":true,""last_update_ts"":1784118817.5886605,""mapped"":true},""ring"":{""has_data"":true,""last_update_ts"":1784118817.5886605,""mapped"":true},""thumb"":{""has_data"":true,""last_update_ts"":1784118817.5886605,""mapped"":true}},""ports"":{""available"":[""BLE:Dexter""],""unavailable"":[]}}"
1784118817.647947,1784118817.6478326,1613,ble,"{""index"":{""age_s"":0.00917673110961914,""channels"":3,""force"":[-0.12257732320681747,-0.5187028410900032],""has_data"":true,""last_update_ts"":1784118817.638656,""raw"":[16951,16696,17758]},""middle"":{""age_s"":0.00917673110961914,""channels"":3,""force"":[-0.1970851079011613,0.17040318053999748],""has_data"":true,""last_update_ts"":1784118817.638656,""raw"":[16193,15783,15681]},""pinky"":{""age_s"":0.00917673110961914,""channels"":3,""force"":[-1.0190742164645226,-0.7421141771400022],""has_data"":true,""last_update_ts"":1784118817.638656,""raw"":[17415,15295,17692]},""ring"":{""age_s"":0.00917673110961914,""channels"":3,""force"":[0.283610277223616,0.25810253729999655],""has_data"":true,""last_update_ts"":1784118817.638656,""raw"":[15798,16388,15628]},""thumb"":{""age_s"":0.00917673110961914,""channels"":3,""force"":[0.0,-2.220446049250313e-16],""has_data"":true,""last_update_ts"":1784118817.638656,""raw"":[0,0,0]}}","{""ble"":{""connection_state"":""connected"",""counter"":999024,""finger_order"":""DexterController.Visualizer"",""last_error"":null,""last_sample_age_s"":0.00920175299688708,""reconnect_count"":0,""sample_hz"":20.0,""sample_sequence"":1612,""timestamp_us"":9782444672},""fingers"":{""index"":{""has_data"":true,""last_update_ts"":1784118817.638656,""mapped"":true},""middle"":{""has_data"":true,""last_update_ts"":1784118817.638656,""mapped"":true},""pinky"":{""has_data"":true,""last_update_ts"":1784118817.638656,""mapped"":true},""ring"":{""has_data"":true,""last_update_ts"":1784118817.638656,""mapped"":true},""thumb"":{""has_data"":true,""last_update_ts"":1784118817.638656,""mapped"":true}},""ports"":{""available"":[""BLE:Dexter""],""unavailable"":[]}}"
1784118817.697932,1784118817.6978157,1614,ble,"{""index"":{""age_s"":0.00916743278503418,""channels"":3,""force"":[0.07835334777533731,-0.3227669364300034],""has_data"":true,""last_update_ts"":1784118817.6886482,""raw"":[16861,17024,17524]},""middle"":{""age_s"":0.00916743278503418,""channels"":3,""force"":[-0.11825106474069536,-0.8819891005800029],""has_data"":true,""last_update_ts"":1784118817.6886482,""raw"":[15478,15232,16944]},""pinky"":{""age_s"":0.00916743278503418,""channels"":3,""force"":[-1.0373406410992647,-0.7393388810400019],""has_data"":true,""last_update_ts"":1784118817.6886482,""raw"":[17437,15279,17690]},""ring"":{""age_s"":0.00916743278503418,""channels"":3,""force"":[0.2653438525888774,0.2608778333999977],""has_data"":true,""last_update_ts"":1784118817.6886482,""raw"":[15811,16363,15617]},""thumb"":{""age_s"":0.00916743278503418,""channels"":3,""force"":[0.0,-2.220446049250313e-16],""has_data"":true,""last_update_ts"":1784118817.6886482,""raw"":[0,0,0]}}","{""ble"":{""connection_state"":""connected"",""counter"":999029,""finger_order"":""DexterController.Visualizer"",""last_error"":null,""last_sample_age_s"":0.009186772993416525,""reconnect_count"":0,""sample_hz"":20.0,""sample_sequence"":1613,""timestamp_us"":9782491648},""fingers"":{""index"":{""has_data"":true,""last_update_ts"":1784118817.6886482,""mapped"":true},""middle"":{""has_data"":true,""last_update_ts"":1784118817.6886482,""mapped"":true},""pinky"":{""has_data"":true,""last_update_ts"":1784118817.6886482,""mapped"":true},""ring"":{""has_data"":true,""last_update_ts"":1784118817.6886482,""mapped"":true},""thumb"":{""has_data"":true,""last_update_ts"":1784118817.6886482,""mapped"":true}},""ports"":{""available"":[""BLE:Dexter""],""unavailable"":[]}}"
1784118817.7480533,1784118817.7478359,1615,ble,"{""index"":{""age_s"":0.009165048599243164,""channels"":3,""force"":[0.2220812679276456,0.1803942464999979],""has_data"":true,""last_update_ts"":1784118817.7386708,""raw"":[17023,17485,16929]},""middle"":{""age_s"":0.009165048599243164,""channels"":3,""force"":[-0.19131676327966218,-2.3873097052200016],""has_data"":true,""last_update_ts"":1784118817.7386708,""raw"":[14527,14129,18629]},""pinky"":{""age_s"":0.009165048599243164,""channels"":3,""force"":[2.1962972146350985,0.697431909929997],""has_data"":true,""last_update_ts"":1784118817.7386708,""raw"":[16221,20790,17249]},""ring"":{""age_s"":0.009165048599243164,""channels"":3,""force"":[0.2826488864533694,0.9263938381799983],""has_data"":true,""last_update_ts"":1784118817.7386708,""raw"":[15756,16344,14381]},""thumb"":{""age_s"":0.009165048599243164,""channels"":3,""force"":[0.0,-2.220446049250313e-16],""has_data"":true,""last_update_ts"":1784118817.7386708,""raw"":[0,0,0]}}","{""ble"":{""connection_state"":""connected"",""counter"":999035,""finger_order"":""DexterController.Visualizer"",""last_error"":null,""last_sample_age_s"":0.009200059008435346,""reconnect_count"":0,""sample_hz"":20.0,""sample_sequence"":1614,""timestamp_us"":9782548288},""fingers"":{""index"":{""has_data"":true,""last_update_ts"":1784118817.7386708,""mapped"":true},""middle"":{""has_data"":true,""last_update_ts"":1784118817.7386708,""mapped"":true},""pinky"":{""has_data"":true,""last_update_ts"":1784118817.7386708,""mapped"":true},""ring"":{""has_data"":true,""last_update_ts"":1784118817.7386708,""mapped"":true},""thumb"":{""has_data"":true,""last_update_ts"":1784118817.7386708,""mapped"":true}},""ports"":{""available"":[""BLE:Dexter""],""unavailable"":[]}}"
1784118817.797933,1784118817.7977989,1616,ble,"{""index"":{""age_s"":0.009146928787231445,""channels"":3,""force"":[0.08219891085633968,0.31888152188999896],""has_data"":true,""last_update_ts"":1784118817.788652,""raw"":[17258,17429,16769]},""middle"":{""age_s"":0.009146928787231445,""channels"":3,""force"":[-0.26630524335912664,-3.7288878399600014],""has_data"":true,""last_update_ts"":1784118817.788652,""raw"":[14038,13484,20479]},""pinky"":{""age_s"":0.009146928787231445,""channels"":3,""force"":[-1.0238811703157715,-0.7448894732400007],""has_data"":true,""last_update_ts"":1784118817.788652,""raw"":[17419,15289,17696]},""ring"":{""age_s"":0.009146928787231445,""channels"":3,""force"":[0.276399846446747,0.2533845339299985],""has_data"":true,""last_update_ts"":1784118817.788652,""raw"":[15794,16369,15625]},""thumb"":{""age_s"":0.009146928787231445,""channels"":3,""force"":[0.0,-2.220446049250313e-16],""has_data"":true,""last_update_ts"":1784118817.788652,""raw"":[0,0,0]}}","{""ble"":{""connection_state"":""connected"",""counter"":999040,""finger_order"":""DexterController.Visualizer"",""last_error"":null,""last_sample_age_s"":0.009171943995170295,""reconnect_count"":0,""sample_hz"":20.0,""sample_sequence"":1615,""timestamp_us"":9782595296},""fingers"":{""index"":{""has_data"":true,""last_update_ts"":1784118817.788652,""mapped"":true},""middle"":{""has_data"":true,""last_update_ts"":1784118817.788652,""mapped"":true},""pinky"":{""has_data"":true,""last_update_ts"":1784118817.788652,""mapped"":true},""ring"":{""has_data"":true,""last_update_ts"":1784118817.788652,""mapped"":true},""thumb"":{""has_data"":true,""last_update_ts"":1784118817.788652,""mapped"":true}},""ports"":{""available"":[""BLE:Dexter""],""unavailable"":[]}}"
1784118817.8479738,1784118817.847828,1617,ble,"{""index"":{""age_s"":0.009203672409057617,""channels"":3,""force"":[0.019227815404990523,0.1154523177599982],""has_data"":true,""last_update_ts"":1784118817.8386242,""raw"":[17148,17188,16960]},""middle"":{""age_s"":0.009203672409057617,""channels"":3,""force"":[-0.24371256025826238,-4.7221663141500025],""has_data"":true,""last_update_ts"":1784118817.8386242,""raw"":[13500,12993,21754]},""pinky"":{""age_s"":0.009203672409057617,""channels"":3,""force"":[-1.0358985549438913,-0.7285152262500016],""has_data"":true,""last_update_ts"":1784118817.8386242,""raw"":[17439,15284,17674]},""ring"":{""age_s"":0.009203672409057617,""channels"":3,""force"":[0.26438246181862546,0.268093603259997],""has_data"":true,""last_update_ts"":1784118817.8386242,""raw"":[15825,16375,15617]},""thumb"":{""age_s"":0.009203672409057617,""channels"":3,""force"":[0.0,-2.220446049250313e-16],""has_data"":true,""last_update_ts"":1784118817.8386242,""raw"":[0,0,0]}}","{""ble"":{""connection_state"":""connected"",""counter"":999045,""finger_order"":""DexterController.Visualizer"",""last_error"":null,""last_sample_age_s"":0.009229378003510647,""reconnect_count"":0,""sample_hz"":20.0,""sample_sequence"":1616,""timestamp_us"":9782642272},""fingers"":{""index"":{""has_data"":true,""last_update_ts"":1784118817.8386242,""mapped"":true},""middle"":{""has_data"":true,""last_update_ts"":1784118817.8386242,""mapped"":true},""pinky"":{""has_data"":true,""last_update_ts"":1784118817.8386242,""mapped"":true},""ring"":{""has_data"":true,""last_update_ts"":1784118817.8386242,""mapped"":true},""thumb"":{""has_data"":true,""last_update_ts"":1784118817.8386242,""mapped"":true}},""ports"":{""available"":[""BLE:Dexter""],""unavailable"":[]}}"
1784118817.8979766,1784118817.8978305,1618,ble,"{""index"":{""age_s"":0.009169578552246094,""channels"":3,""force"":[0.09421629548445765,0.3302602358999964],""has_data"":true,""last_update_ts"":1784118817.888661,""raw"":[17218,17414,16721]},""middle"":{""age_s"":0.009169578552246094,""channels"":3,""force"":[-0.16968547094904451,-5.652445566870003],""has_data"":true,""last_update_ts"":1784118817.888661,""raw"":[12921,12568,22928]},""pinky"":{""age_s"":0.009169578552246094,""channels"":3,""force"":[-1.030130210322394,-0.7396164106500036],""has_data"":true,""last_update_ts"":1784118817.888661,""raw"":[17427,15284,17688]},""ring"":{""age_s"":0.009169578552246094,""channels"":3,""force"":[0.27063150182524787,0.24894406017000037],""has_data"":true,""last_update_ts"":1784118817.888661,""raw"":[15797,16360,15630]},""thumb"":{""age_s"":0.009169578552246094,""channels"":3,""force"":[0.0,-2.220446049250313e-16],""has_data"":true,""last_update_ts"":1784118817.888661,""raw"":[0,0,0]}}","{""ble"":{""connection_state"":""connected"",""counter"":999051,""finger_order"":""DexterController.Visualizer"",""last_error"":null,""last_sample_age_s"":0.009194890008075163,""reconnect_count"":0,""sample_hz"":20.0,""sample_sequence"":1617,""timestamp_us"":9782698784},""fingers"":{""index"":{""has_data"":true,""last_update_ts"":1784118817.888661,""mapped"":true},""middle"":{""has_data"":true,""last_update_ts"":1784118817.888661,""mapped"":true},""pinky"":{""has_data"":true,""last_update_ts"":1784118817.888661,""mapped"":true},""ring"":{""has_data"":true,""last_update_ts"":1784118817.888661,""mapped"":true},""thumb"":{""has_data"":true,""last_update_ts"":1784118817.888661,""mapped"":true}},""ports"":{""available"":[""BLE:Dexter""],""unavailable"":[]}}"
1784118817.9479756,1784118817.9478304,1619,ble,"{""index"":{""age_s"":0.009172677993774414,""channels"":3,""force"":[0.08940934163321046,0.18761001635999897],""has_data"":true,""last_update_ts"":1784118817.9386578,""raw"":[17104,17290,16859]},""middle"":{""age_s"":0.009172677993774414,""channels"":3,""force"":[-0.15622600016555044,-6.316296393990002],""has_data"":true,""last_update_ts"":1784118817.9386578,""raw"":[12558,12233,23775]},""pinky"":{""age_s"":0.009172677993774414,""channels"":3,""force"":[-1.0209969980050246,-0.7404489994800016],""has_data"":true,""last_update_ts"":1784118817.9386578,""raw"":[17421,15297,17693]},""ring"":{""age_s"":0.009172677993774414,""channels"":3,""force"":[0.27639984644674875,0.24172829030999843],""has_data"":true,""last_update_ts"":1784118817.9386578,""raw"":[15786,16361,15638]},""thumb"":{""age_s"":0.009172677993774414,""channels"":3,""force"":[0.0,-2.220446049250313e-16],""has_data"":true,""last_update_ts"":1784118817.9386578,""raw"":[0,0,0]}}","{""ble"":{""connection_state"":""connected"",""counter"":999056,""finger_order"":""DexterController.Visualizer"",""last_error"":null,""last_sample_age_s"":0.009198106010444462,""reconnect_count"":0,""sample_hz"":20.0,""sample_sequence"":1618,""timestamp_us"":9782745824},""fingers"":{""index"":{""has_data"":true,""last_update_ts"":1784118817.9386578,""mapped"":true},""middle"":{""has_data"":true,""last_update_ts"":1784118817.9386578,""mapped"":true},""pinky"":{""has_data"":true,""last_update_ts"":1784118817.9386578,""mapped"":true},""ring"":{""has_data"":true,""last_update_ts"":1784118817.9386578,""mapped"":true},""thumb"":{""has_data"":true,""last_update_ts"":1784118817.9386578,""mapped"":true}},""ports"":{""available"":[""BLE:Dexter""],""unavailable"":[]}}"
1784118817.9980524,1784118817.997834,1620,ble,"{""index"":{""age_s"":0.009157180786132812,""channels"":3,""force"":[0.12450010474731599,0.04412720798999725],""has_data"":true,""last_update_ts"":1784118817.9886768,""raw"":[16975,17234,17025]},""middle"":{""age_s"":0.009157180786132812,""channels"":3,""force"":[0.006249040006622408,-6.923531180670002],""has_data"":true,""last_update_ts"":1784118817.9886768,""raw"":[12084,12097,24564]},""pinky"":{""age_s"":0.009157180786132812,""channels"":3,""force"":[-1.0195549118496512,-0.7451670028499997],""has_data"":true,""last_update_ts"":1784118817.9886768,""raw"":[17417,15296,17699]},""ring"":{""age_s"":0.009157180786132812,""channels"":3,""force"":[0.2763998464467434,0.25449465236999913],""has_data"":true,""last_update_ts"":1784118817.9886768,""raw"":[15801,16376,15630]},""thumb"":{""age_s"":0.009157180786132812,""channels"":3,""force"":[0.0,-2.220446049250313e-16],""has_data"":true,""last_update_ts"":1784118817.9886768,""raw"":[0,0,0]}}","{""ble"":{""connection_state"":""connected"",""counter"":999061,""finger_order"":""DexterController.Visualizer"",""last_error"":null,""last_sample_age_s"":0.00919263499963563,""reconnect_count"":0,""sample_hz"":20.0,""sample_sequence"":1619,""timestamp_us"":9782792864},""fingers"":{""index"":{""has_data"":true,""last_update_ts"":1784118817.9886768,""mapped"":true},""middle"":{""has_data"":true,""last_update_ts"":1784118817.9886768,""mapped"":true},""pinky"":{""has_data"":true,""last_update_ts"":1784118817.9886768,""mapped"":true},""ring"":{""has_data"":true,""last_update_ts"":1784118817.9886768,""mapped"":true},""thumb"":{""has_data"":true,""last_update_ts"":1784118817.9886768,""mapped"":true}},""ports"":{""available"":[""BLE:Dexter""],""unavailable"":[]}}"
1784118818.047957,1784118818.047808,1621,ble,"{""index"":{""age_s"":0.009148597717285156,""channels"":3,""force"":[0.11728967397044343,0.054950862780000165],""has_data"":true,""last_update_ts"":1784118818.0386593,""raw"":[16985,17229,17008]},""middle"":{""age_s"":0.009148597717285156,""channels"":3,""force"":[0.13988235707130947,-7.484696052090001],""has_data"":true,""last_update_ts"":1784118818.0386593,""raw"":[11621,11912,25251]},""pinky"":{""age_s"":0.009148597717285156,""channels"":3,""force"":[-1.0171514349240258,-0.7659817236000013],""has_data"":true,""last_update_ts"":1784118818.0386593,""raw"":[17397,15281,17719]},""ring"":{""age_s"":0.009148597717285156,""channels"":3,""force"":[0.27255428336574994,0.24616876406999832],""has_data"":true,""last_update_ts"":1784118818.0386593,""raw"":[15803,16370,15643]},""thumb"":{""age_s"":0.009148597717285156,""channels"":3,""force"":[0.0,-2.220446049250313e-16],""has_data"":true,""last_update_ts"":1784118818.0386593,""raw"":[0,0,0]}}","{""ble"":{""connection_state"":""connected"",""counter"":999066,""finger_order"":""DexterController.Visualizer"",""last_error"":null,""last_sample_age_s"":0.009177965999697335,""reconnect_count"":0,""sample_hz"":20.0,""sample_sequence"":1620,""timestamp_us"":9782839904},""fingers"":{""index"":{""has_data"":true,""last_update_ts"":1784118818.0386593,""mapped"":true},""middle"":{""has_data"":true,""last_update_ts"":1784118818.0386593,""mapped"":true},""pinky"":{""has_data"":true,""last_update_ts"":1784118818.0386593,""mapped"":true},""ring"":{""has_data"":true,""last_update_ts"":1784118818.0386593,""mapped"":true},""thumb"":{""has_data"":true,""last_update_ts"":1784118818.0386593,""mapped"":true}},""ports"":{""available"":[""BLE:Dexter""],""unavailable"":[]}}"
1784118818.0980654,1784118818.0978315,1622,ble,"{""index"":{""age_s"":0.009172916412353516,""channels"":3,""force"":[-0.020669901560363968,0.16735035482999638],""has_data"":true,""last_update_ts"":1784118818.0886586,""raw"":[17226,17183,16903]},""middle"":{""age_s"":0.009172916412353516,""channels"":3,""force"":[-0.02980311387773593,-7.70921750658],""has_data"":true,""last_update_ts"":1784118818.0886586,""raw"":[11665,11603,25523]},""pinky"":{""age_s"":0.009172916412353516,""channels"":3,""force"":[-1.0147479579984005,-0.7490524173900015],""has_data"":true,""last_update_ts"":1784118818.0886586,""raw"":[17408,15297,17702]},""ring"":{""age_s"":0.009172916412353516,""channels"":3,""force"":[0.2797647141426154,0.26032277417999783],""has_data"":true,""last_update_ts"":1784118818.0886586,""raw"":[15797,16379,15619]},""thumb"":{""age_s"":0.009172916412353516,""channels"":3,""force"":[0.0,-2.220446049250313e-16],""has_data"":true,""last_update_ts"":1784118818.0886586,""raw"":[0,0,0]}}","{""ble"":{""connection_state"":""connected"",""counter"":999072,""finger_order"":""DexterController.Visualizer"",""last_error"":null,""last_sample_age_s"":0.009212363991537131,""reconnect_count"":0,""sample_hz"":20.0,""sample_sequence"":1621,""timestamp_us"":9782896512},""fingers"":{""index"":{""has_data"":true,""last_update_ts"":1784118818.0886586,""mapped"":true},""middle"":{""has_data"":true,""last_update_ts"":1784118818.0886586,""mapped"":true},""pinky"":{""has_data"":true,""last_update_ts"":1784118818.0886586,""mapped"":true},""ring"":{""has_data"":true,""last_update_ts"":1784118818.0886586,""mapped"":true},""thumb"":{""has_data"":true,""last_update_ts"":1784118818.0886586,""mapped"":true}},""ports"":{""available"":[""BLE:Dexter""],""unavailable"":[]}}"
1784118818.1479738,1784118818.14782,1623,ble,"{""index"":{""age_s"":0.009160995483398438,""channels"":3,""force"":[0.00048069538512329757,0.16901553248999868],""has_data"":true,""last_update_ts"":1784118818.138659,""raw"":[17204,17205,16900]},""middle"":{""age_s"":0.009160995483398438,""channels"":3,""force"":[-0.0629710954513456,-7.762780721310002],""has_data"":true,""last_update_ts"":1784118818.138659,""raw"":[11684,11553,25604]},""pinky"":{""age_s"":0.009160995483398438,""channels"":3,""force"":[-1.0185935210793993,-0.7457220620700022],""has_data"":true,""last_update_ts"":1784118818.138659,""raw"":[17414,15295,17698]},""ring"":{""age_s"":0.009160995483398438,""channels"":3,""force"":[0.2783226279872473,0.2533845339299976],""has_data"":true,""last_update_ts"":1784118818.138659,""raw"":[15794,16373,15627]},""thumb"":{""age_s"":0.009160995483398438,""channels"":3,""force"":[0.0,-2.220446049250313e-16],""has_data"":true,""last_update_ts"":1784118818.138659,""raw"":[0,0,0]}}","{""ble"":{""connection_state"":""connected"",""counter"":999077,""finger_order"":""DexterController.Visualizer"",""last_error"":null,""last_sample_age_s"":0.009189388991217129,""reconnect_count"":0,""sample_hz"":20.0,""sample_sequence"":1622,""timestamp_us"":9782943488},""fingers"":{""index"":{""has_data"":true,""last_update_ts"":1784118818.138659,""mapped"":true},""middle"":{""has_data"":true,""last_update_ts"":1784118818.138659,""mapped"":true},""pinky"":{""has_data"":true,""last_update_ts"":1784118818.138659,""mapped"":true},""ring"":{""has_data"":true,""last_update_ts"":1784118818.138659,""mapped"":true},""thumb"":{""has_data"":true,""last_update_ts"":1784118818.138659,""mapped"":true}},""ports"":{""available"":[""BLE:Dexter""],""unavailable"":[]}}"
1784118818.1979678,1784118818.197819,1624,ble,"{""index"":{""age_s"":0.009168386459350586,""channels"":3,""force"":[0.03701354465460582,0.011933773229998224],""has_data"":true,""last_update_ts"":1784118818.1886506,""raw"":[17068,17145,17085]},""middle"":{""age_s"":0.009168386459350586,""channels"":3,""force"":[0.028361027722362486,-7.712270332290001],""has_data"":true,""last_update_ts"":1784118818.1886506,""raw"":[11600,11659,25524]},""pinky"":{""age_s"":0.009168386459350586,""channels"":3,""force"":[-1.0262846472413951,-0.7451670028500015],""has_data"":true,""last_update_ts"":1784118818.1886506,""raw"":[17422,15287,17697]},""ring"":{""age_s"":0.009168386459350586,""channels"":3,""force"":[0.2807261049128691,0.25144182665999715],""has_data"":true,""last_update_ts"":1784118818.1886506,""raw"":[15790,16374,15629]},""thumb"":{""age_s"":0.009168386459350586,""channels"":3,""force"":[0.0,-2.220446049250313e-16],""has_data"":true,""last_update_ts"":1784118818.1886506,""raw"":[0,0,0]}}","{""ble"":{""connection_state"":""connected"",""counter"":999082,""finger_order"":""DexterController.Visualizer"",""last_error"":null,""last_sample_age_s"":0.009192896002787165,""reconnect_count"":0,""sample_hz"":20.0,""sample_sequence"":1623,""timestamp_us"":9782990528},""fingers"":{""index"":{""has_data"":true,""last_update_ts"":1784118818.1886506,""mapped"":true},""middle"":{""has_data"":true,""last_update_ts"":1784118818.1886506,""mapped"":true},""pinky"":{""has_data"":true,""last_update_ts"":1784118818.1886506,""mapped"":true},""ring"":{""has_data"":true,""last_update_ts"":1784118818.1886506,""mapped"":true},""thumb"":{""has_data"":true,""last_update_ts"":1784118818.1886506,""mapped"":true}},""ports"":{""available"":[""BLE:Dexter""],""unavailable"":[]}}"
1784118818.247945,1784118818.2478154,1625,ble,"{""index"":{""age_s"":0.009165048599243164,""channels"":3,""force"":[0.1889132863540368,-0.15569411121000076],""has_data"":true,""last_update_ts"":1784118818.2386503,""raw"":[16790,17183,17267]},""middle"":{""age_s"":0.009165048599243164,""channels"":3,""force"":[0.20093067098215656,-7.652601466140003],""has_data"":true,""last_update_ts"":1784118818.2386503,""raw"":[11335,11753,25331]},""pinky"":{""age_s"":0.009165048599243164,""channels"":3,""force"":[1.4291073799759566,0.41934724070999874],""has_data"":true,""last_update_ts"":1784118818.2386503,""raw"":[16644,19617,17375]},""ring"":{""age_s"":0.009165048599243164,""channels"":3,""force"":[0.3345639880468436,0.7587659537399958],""has_data"":true,""last_update_ts"":1784118818.2386503,""raw"":[15728,16424,14709]},""thumb"":{""age_s"":0.009165048599243164,""channels"":3,""force"":[0.0,-2.220446049250313e-16],""has_data"":true,""last_update_ts"":1784118818.2386503,""raw"":[0,0,0]}}","{""ble"":{""connection_state"":""connected"",""counter"":999088,""finger_order"":""DexterController.Visualizer"",""last_error"":null,""last_sample_age_s"":0.00918497001111973,""reconnect_count"":0,""sample_hz"":20.0,""sample_sequence"":1624,""timestamp_us"":9783046944},""fingers"":{""index"":{""has_data"":true,""last_update_ts"":1784118818.2386503,""mapped"":true},""middle"":{""has_data"":true,""last_update_ts"":1784118818.2386503,""mapped"":true},""pinky"":{""has_data"":true,""last_update_ts"":1784118818.2386503,""mapped"":true},""ring"":{""has_data"":true,""last_update_ts"":1784118818.2386503,""mapped"":true},""thumb"":{""has_data"":true,""last_update_ts"":1784118818.2386503,""mapped"":true}},""ports"":{""available"":[""BLE:Dexter""],""unavailable"":[]}}"
1784118818.2979782,1784118818.297834,1626,ble,"{""index"":{""age_s"":0.00917506217956543,""channels"":3,""force"":[0.18170285557716603,-0.3852110986800019],""has_data"":true,""last_update_ts"":1784118818.2886589,""raw"":[16682,17060,17565]},""middle"":{""age_s"":0.00917506217956543,""channels"":3,""force"":[0.3028380926286074,-7.929020957700001],""has_data"":true,""last_update_ts"":1784118818.2886589,""raw"":[11185,11815,25785]},""pinky"":{""age_s"":0.00917506217956543,""channels"":3,""force"":[-1.022439084160398,-0.7451670028500033],""has_data"":true,""last_update_ts"":1784118818.2886589,""raw"":[17422,15295,17701]},""ring"":{""age_s"":0.00917506217956543,""channels"":3,""force"":[0.28312958183849446,0.26060030378999866],""has_data"":true,""last_update_ts"":1784118818.2886589,""raw"":[15792,16381,15617]},""thumb"":{""age_s"":0.00917506217956543,""channels"":3,""force"":[0.0,-2.220446049250313e-16],""has_data"":true,""last_update_ts"":1784118818.2886589,""raw"":[0,0,0]}}","{""ble"":{""connection_state"":""connected"",""counter"":999093,""finger_order"":""DexterController.Visualizer"",""last_error"":null,""last_sample_age_s"":0.009200250002322719,""reconnect_count"":0,""sample_hz"":20.0,""sample_sequence"":1625,""timestamp_us"":9783094016},""fingers"":{""index"":{""has_data"":true,""last_update_ts"":1784118818.2886589,""mapped"":true},""middle"":{""has_data"":true,""last_update_ts"":1784118818.2886589,""mapped"":true},""pinky"":{""has_data"":true,""last_update_ts"":1784118818.2886589,""mapped"":true},""ring"":{""has_data"":true,""last_update_ts"":1784118818.2886589,""mapped"":true},""thumb"":{""has_data"":true,""last_update_ts"":1784118818.2886589,""mapped"":true}},""ports"":{""available"":[""BLE:Dexter""],""unavailable"":[]}}"
1784118818.3479714,1784118818.3478549,1627,ble,"{""index"":{""age_s"":0.009195566177368164,""channels"":3,""force"":[0.10527228934232724,-0.33553329849000324],""has_data"":true,""last_update_ts"":1784118818.3386593,""raw"":[16815,17034,17529]},""middle"":{""age_s"":0.009195566177368164,""channels"":3,""force"":[0.14901556938868055,-7.846872193140003],""has_data"":true,""last_update_ts"":1784118818.3386593,""raw"":[11413,11723,25705]},""pinky"":{""age_s"":0.009195566177368164,""channels"":3,""force"":[-1.0243618657008966,-0.7396164106499992],""has_data"":true,""last_update_ts"":1784118818.3386593,""raw"":[17424,15293,17691]},""ring"":{""age_s"":0.009195566177368164,""channels"":3,""force"":[0.27543845567649505,0.25393959314999925],""has_data"":true,""last_update_ts"":1784118818.3386593,""raw"":[15801,16374,15630]},""thumb"":{""age_s"":0.009195566177368164,""channels"":3,""force"":[0.0,-2.220446049250313e-16],""has_data"":true,""last_update_ts"":1784118818.3386593,""raw"":[0,0,0]}}","{""ble"":{""connection_state"":""connected"",""counter"":999098,""finger_order"":""DexterController.Visualizer"",""last_error"":null,""last_sample_age_s"":0.009216040998580866,""reconnect_count"":0,""sample_hz"":20.0,""sample_sequence"":1626,""timestamp_us"":9783141024},""fingers"":{""index"":{""has_data"":true,""last_update_ts"":1784118818.3386593,""mapped"":true},""middle"":{""has_data"":true,""last_update_ts"":1784118818.3386593,""mapped"":true},""pinky"":{""has_data"":true,""last_update_ts"":1784118818.3386593,""mapped"":true},""ring"":{""has_data"":true,""last_update_ts"":1784118818.3386593,""mapped"":true},""thumb"":{""has_data"":true,""last_update_ts"":1784118818.3386593,""mapped"":true}},""ports"":{""available"":[""BLE:Dexter""],""unavailable"":[]}}"
1784118818.3979552,1784118818.3978167,1628,ble,"{""index"":{""age_s"":0.00915670394897461,""channels"":3,""force"":[0.05335718774884768,-0.4537609123500026],""has_data"":true,""last_update_ts"":1784118818.38866,""raw"":[16757,16868,17630]},""middle"":{""age_s"":0.00915670394897461,""channels"":3,""force"":[0.12930705859856495,-8.00090112669],""has_data"":true,""last_update_ts"":1784118818.38866,""raw"":[11352,11621,25901]},""pinky"":{""age_s"":0.00915670394897461,""channels"":3,""force"":[-1.0219583887752748,-0.7415591179200005],""has_data"":true,""last_update_ts"":1784118818.38866,""raw"":[17421,15295,17694]},""ring"":{""age_s"":0.00915670394897461,""channels"":3,""force"":[0.285052363378993,0.258935126129999],""has_data"":true,""last_update_ts"":1784118818.38866,""raw"":[15792,16385,15622]},""thumb"":{""age_s"":0.00915670394897461,""channels"":3,""force"":[0.0,-2.220446049250313e-16],""has_data"":true,""last_update_ts"":1784118818.38866,""raw"":[0,0,0]}}","{""ble"":{""connection_state"":""connected"",""counter"":999104,""finger_order"":""DexterController.Visualizer"",""last_error"":null,""last_sample_age_s"":0.00918144200113602,""reconnect_count"":0,""sample_hz"":20.0,""sample_sequence"":1627,""timestamp_us"":9783197440},""fingers"":{""index"":{""has_data"":true,""last_update_ts"":1784118818.38866,""mapped"":true},""middle"":{""has_data"":true,""last_update_ts"":1784118818.38866,""mapped"":true},""pinky"":{""has_data"":true,""last_update_ts"":1784118818.38866,""mapped"":true},""ring"":{""has_data"":true,""last_update_ts"":1784118818.38866,""mapped"":true},""thumb"":{""has_data"":true,""last_update_ts"":1784118818.38866,""mapped"":true}},""ports"":{""available"":[""BLE:Dexter""],""unavailable"":[]}}"
1784118818.448042,1784118818.4478366,1629,ble,"{""index"":{""age_s"":0.009174823760986328,""channels"":3,""force"":[0.08844795086296031,-0.44071702068000107],""has_data"":true,""last_update_ts"":1784118818.4386618,""raw"":[16748,16932,17634]},""middle"":{""age_s"":0.009174823760986328,""channels"":3,""force"":[0.0956583816398302,-7.805520281250002],""has_data"":true,""last_update_ts"":1784118818.4386618,""raw"":[11504,11703,25666]},""pinky"":{""age_s"":0.009174823760986328,""channels"":3,""force"":[-1.026284647241397,-0.7440568844100017],""has_data"":true,""last_update_ts"":1784118818.4386618,""raw"":[17424,15289,17697]},""ring"":{""age_s"":0.009174823760986328,""channels"":3,""force"":[0.2783226279872437,0.25671488924999775],""has_data"":true,""last_update_ts"":1784118818.4386618,""raw"":[15796,16375,15623]},""thumb"":{""age_s"":0.009174823760986328,""channels"":3,""force"":[0.0,-2.220446049250313e-16],""has_data"":true,""last_update_ts"":1784118818.4386618,""raw"":[0,0,0]}}","{""ble"":{""connection_state"":""connected"",""counter"":999109,""finger_order"":""DexterController.Visualizer"",""last_error"":null,""last_sample_age_s"":0.009206522998283617,""reconnect_count"":0,""sample_hz"":20.0,""sample_sequence"":1628,""timestamp_us"":9783244384},""fingers"":{""index"":{""has_data"":true,""last_update_ts"":1784118818.4386618,""mapped"":true},""middle"":{""has_data"":true,""last_update_ts"":1784118818.4386618,""mapped"":true},""pinky"":{""has_data"":true,""last_update_ts"":1784118818.4386618,""mapped"":true},""ring"":{""has_data"":true,""last_update_ts"":1784118818.4386618,""mapped"":true},""thumb"":{""has_data"":true,""last_update_ts"":1784118818.4386618,""mapped"":true}},""ports"":{""available"":[""BLE:Dexter""],""unavailable"":[]}}"
1784118818.497973,1784118818.4978292,1630,ble,"{""index"":{""age_s"":0.00917816162109375,""channels"":3,""force"":[0.1365174893754375,-0.3530176639200029],""has_data"":true,""last_update_ts"":1784118818.488651,""raw"":[16783,17067,17561]},""middle"":{""age_s"":0.00917816162109375,""channels"":3,""force"":[0.18939398173916278,-7.796361804120002],""has_data"":true,""last_update_ts"":1784118818.488651,""raw"":[11370,11764,25613]},""pinky"":{""age_s"":0.00917816162109375,""channels"":3,""force"":[-1.0229197795455232,-0.7398939402599991],""has_data"":true,""last_update_ts"":1784118818.488651,""raw"":[17422,15294,17691]},""ring"":{""age_s"":0.00917816162109375,""channels"":3,""force"":[0.27543845567649683,0.2533845339299967],""has_data"":true,""last_update_ts"":1784118818.488651,""raw"":[15799,16372,15629]},""thumb"":{""age_s"":0.00917816162109375,""channels"":3,""force"":[0.0,-2.220446049250313e-16],""has_data"":true,""last_update_ts"":1784118818.488651,""raw"":[0,0,0]}}","{""ble"":{""connection_state"":""connected"",""counter"":999114,""finger_order"":""DexterController.Visualizer"",""last_error"":null,""last_sample_age_s"":0.009204128000419587,""reconnect_count"":0,""sample_hz"":20.0,""sample_sequence"":1629,""timestamp_us"":9783291424},""fingers"":{""index"":{""has_data"":true,""last_update_ts"":1784118818.488651,""mapped"":true},""middle"":{""has_data"":true,""last_update_ts"":1784118818.488651,""mapped"":true},""pinky"":{""has_data"":true,""last_update_ts"":1784118818.488651,""mapped"":true},""ring"":{""has_data"":true,""last_update_ts"":1784118818.488651,""mapped"":true},""thumb"":{""has_data"":true,""last_update_ts"":1784118818.488651,""mapped"":true}},""ports"":{""available"":[""BLE:Dexter""],""unavailable"":[]}}"
1784118818.5479543,1784118818.5478253,1631,ble,"{""index"":{""age_s"":0.009173870086669922,""channels"":3,""force"":[0.1278649724431915,-0.3158286961800023],""has_data"":true,""last_update_ts"":1784118818.5386515,""raw"":[16782,17048,17484]},""middle"":{""age_s"":0.009173870086669922,""channels"":3,""force"":[0.11200202473407206,-7.497462414150001],""has_data"":true,""last_update_ts"":1784118818.5386515,""raw"":[11497,11730,25121]},""pinky"":{""age_s"":0.009173870086669922,""channels"":3,""force"":[1.1084835580977348,0.2869656167399999],""has_data"":true,""last_update_ts"":1784118818.5386515,""raw"":[16787,19093,17423]},""ring"":{""age_s"":0.009173870086669922,""channels"":3,""force"":[0.34273580959396455,0.6879959031899983],""has_data"":true,""last_update_ts"":1784118818.5386515,""raw"":[15727,16440,14844]},""thumb"":{""age_s"":0.009173870086669922,""channels"":3,""force"":[0.0,-2.220446049250313e-16],""has_data"":true,""last_update_ts"":1784118818.5386515,""raw"":[0,0,0]}}","{""ble"":{""connection_state"":""connected"",""counter"":999120,""finger_order"":""DexterController.Visualizer"",""last_error"":null,""last_sample_age_s"":0.009194389000185765,""reconnect_count"":0,""sample_hz"":20.0,""sample_sequence"":1630,""timestamp_us"":9783347872},""fingers"":{""index"":{""has_data"":true,""last_update_ts"":1784118818.5386515,""mapped"":true},""middle"":{""has_data"":true,""last_update_ts"":1784118818.5386515,""mapped"":true},""pinky"":{""has_data"":true,""last_update_ts"":1784118818.5386515,""mapped"":true},""ring"":{""has_data"":true,""last_update_ts"":1784118818.5386515,""mapped"":true},""thumb"":{""has_data"":true,""last_update_ts"":1784118818.5386515,""mapped"":true}},""ports"":{""available"":[""BLE:Dexter""],""unavailable"":[]}}"
1784118818.5979633,1784118818.5978189,1632,ble,"{""index"":{""age_s"":0.009168624877929688,""channels"":3,""force"":[0.16824338479367462,-0.3896515724400018],""has_data"":true,""last_update_ts"":1784118818.5886502,""raw"":[16705,17055,17582]},""middle"":{""age_s"":0.009168624877929688,""channels"":3,""force"":[0.23313726178551608,-7.810515814230003],""has_data"":true,""last_update_ts"":1784118818.5886502,""raw"":[11317,11802,25631]},""pinky"":{""age_s"":0.009168624877929688,""channels"":3,""force"":[-1.0219583887752748,-0.7398939402599991],""has_data"":true,""last_update_ts"":1784118818.5886502,""raw"":[17421,15295,17691]},""ring"":{""age_s"":0.009168624877929688,""channels"":3,""force"":[0.2826488864533676,0.2614328926199976],""has_data"":true,""last_update_ts"":1784118818.5886502,""raw"":[15791,16379,15614]},""thumb"":{""age_s"":0.009168624877929688,""channels"":3,""force"":[0.0,-2.220446049250313e-16],""has_data"":true,""last_update_ts"":1784118818.5886502,""raw"":[0,0,0]}}","{""ble"":{""connection_state"":""connected"",""counter"":999125,""finger_order"":""DexterController.Visualizer"",""last_error"":null,""last_sample_age_s"":0.00919387700560037,""reconnect_count"":0,""sample_hz"":20.0,""sample_sequence"":1631,""timestamp_us"":9783394848},""fingers"":{""index"":{""has_data"":true,""last_update_ts"":1784118818.5886502,""mapped"":true},""middle"":{""has_data"":true,""last_update_ts"":1784118818.5886502,""mapped"":true},""pinky"":{""has_data"":true,""last_update_ts"":1784118818.5886502,""mapped"":true},""ring"":{""has_data"":true,""last_update_ts"":1784118818.5886502,""mapped"":true},""thumb"":{""has_data"":true,""last_update_ts"":1784118818.5886502,""mapped"":true}},""ports"":{""available"":[""BLE:Dexter""],""unavailable"":[]}}"
1784118818.6479335,1784118818.6478186,1633,ble,"{""index"":{""age_s"":0.009159326553344727,""channels"":3,""force"":[0.12834566782831658,-0.2933487977700029],""has_data"":true,""last_update_ts"":1784118818.6386592,""raw"":[16830,17097,17492]},""middle"":{""age_s"":0.009159326553344727,""channels"":3,""force"":[0.11536689242994669,-7.63594968954],""has_data"":true,""last_update_ts"":1784118818.6386592,""raw"":[11530,11770,25407]},""pinky"":{""age_s"":0.009159326553344727,""channels"":3,""force"":[-1.0234004749306482,-0.7468321805100011],""has_data"":true,""last_update_ts"":1784118818.6386592,""raw"":[17417,15288,17698]},""ring"":{""age_s"":0.009159326553344727,""channels"":3,""force"":[0.27495776029137176,0.25310700431999855],""has_data"":true,""last_update_ts"":1784118818.6386592,""raw"":[15796,16368,15626]},""thumb"":{""age_s"":0.009159326553344727,""channels"":3,""force"":[0.0,-2.220446049250313e-16],""has_data"":true,""last_update_ts"":1784118818.6386592,""raw"":[0,0,0]}}","{""ble"":{""connection_state"":""connected"",""counter"":999130,""finger_order"":""DexterController.Visualizer"",""last_error"":null,""last_sample_age_s"":0.00918041200202424,""reconnect_count"":0,""sample_hz"":20.0,""sample_sequence"":1632,""timestamp_us"":9783441728},""fingers"":{""index"":{""has_data"":true,""last_update_ts"":1784118818.6386592,""mapped"":true},""middle"":{""has_data"":true,""last_update_ts"":1784118818.6386592,""mapped"":true},""pinky"":{""has_data"":true,""last_update_ts"":1784118818.6386592,""mapped"":true},""ring"":{""has_data"":true,""last_update_ts"":1784118818.6386592,""mapped"":true},""thumb"":{""has_data"":true,""last_update_ts"":1784118818.6386592,""mapped"":true}},""ports"":{""available"":[""BLE:Dexter""],""unavailable"":[]}}"
1784118818.697979,1784118818.6978495,1634,ble,"{""index"":{""age_s"":0.009192466735839844,""channels"":3,""force"":[0.21198666484002615,-0.3549603711899998],""has_data"":true,""last_update_ts"":1784118818.688657,""raw"":[16688,17129,17548]},""middle"":{""age_s"":0.009192466735839844,""channels"":3,""force"":[0.11344411088944639,-7.962324510900001],""has_data"":true,""last_update_ts"":1784118818.688657,""raw"":[11366,11602,25829]},""pinky"":{""age_s"":0.009192466735839844,""channels"":3,""force"":[-1.018112825694276,-0.7482198285600035],""has_data"":true,""last_update_ts"":1784118818.688657,""raw"":[17412,15294,17701]},""ring"":{""age_s"":0.009192466735839844,""channels"":3,""force"":[0.27447706490624846,0.2511642970499972],""has_data"":true,""last_update_ts"":1784118818.688657,""raw"":[15794,16365,15627]},""thumb"":{""age_s"":0.009192466735839844,""channels"":3,""force"":[0.0,-2.220446049250313e-16],""has_data"":true,""last_update_ts"":1784118818.688657,""raw"":[0,0,0]}}","{""ble"":{""connection_state"":""connected"",""counter"":999136,""finger_order"":""DexterController.Visualizer"",""last_error"":null,""last_sample_age_s"":0.009217694008839317,""reconnect_count"":0,""sample_hz"":20.0,""sample_sequence"":1633,""timestamp_us"":9783498432},""fingers"":{""index"":{""has_data"":true,""last_update_ts"":1784118818.688657,""mapped"":true},""middle"":{""has_data"":true,""last_update_ts"":1784118818.688657,""mapped"":true},""pinky"":{""has_data"":true,""last_update_ts"":1784118818.688657,""mapped"":true},""ring"":{""has_data"":true,""last_update_ts"":1784118818.688657,""mapped"":true},""thumb"":{""has_data"":true,""last_update_ts"":1784118818.688657,""mapped"":true}},""ports"":{""available"":[""BLE:Dexter""],""unavailable"":[]}}"
1784118818.7479544,1784118818.7478263,1635,ble,"{""index"":{""age_s"":0.009165287017822266,""channels"":3,""force"":[0.211025274069776,-0.40769099709000134],""has_data"":true,""last_update_ts"":1784118818.738661,""raw"":[16644,17083,17598]},""middle"":{""age_s"":0.009165287017822266,""channels"":3,""force"":[0.03412937234385893,-7.837158656790001],""has_data"":true,""last_update_ts"":1784118818.738661,""raw"":[11534,11605,25689]},""pinky"":{""age_s"":0.009165287017822266,""channels"":3,""force"":[-1.020035607234771,-0.7410040587000024],""has_data"":true,""last_update_ts"":1784118818.738661,""raw"":[17415,15293,17689]},""ring"":{""age_s"":0.009165287017822266,""channels"":3,""force"":[0.2845716679938697,0.2586575965199973],""has_data"":true,""last_update_ts"":1784118818.738661,""raw"":[15795,16387,15625]},""thumb"":{""age_s"":0.009165287017822266,""channels"":3,""force"":[0.0,-2.220446049250313e-16],""has_data"":true,""last_update_ts"":1784118818.738661,""raw"":[0,0,0]}}","{""ble"":{""connection_state"":""connected"",""counter"":999141,""finger_order"":""DexterController.Visualizer"",""last_error"":null,""last_sample_age_s"":0.009186221999698319,""reconnect_count"":0,""sample_hz"":20.0,""sample_sequence"":1634,""timestamp_us"":9783545536},""fingers"":{""index"":{""has_data"":true,""last_update_ts"":1784118818.738661,""mapped"":true},""middle"":{""has_data"":true,""last_update_ts"":1784118818.738661,""mapped"":true},""pinky"":{""has_data"":true,""last_update_ts"":1784118818.738661,""mapped"":true},""ring"":{""has_data"":true,""last_update_ts"":1784118818.738661,""mapped"":true},""thumb"":{""has_data"":true,""last_update_ts"":1784118818.738661,""mapped"":true}},""ports"":{""available"":[""BLE:Dexter""],""unavailable"":[]}}"
1784118818.7979622,1784118818.7978287,1636,ble,"{""index"":{""age_s"":0.009169578552246094,""channels"":3,""force"":[0.29851183416248617,-0.43988443185000037],""has_data"":true,""last_update_ts"":1784118818.788659,""raw"":[16526,17147,17629]},""middle"":{""age_s"":0.009169578552246094,""channels"":3,""force"":[0.08796725547783435,-7.970372869589999],""has_data"":true,""last_update_ts"":1784118818.788659,""raw"":[11418,11601,25869]},""pinky"":{""age_s"":0.009169578552246094,""channels"":3,""force"":[-1.0205163026198978,-0.7401714698700017],""has_data"":true,""last_update_ts"":1784118818.788659,""raw"":[17418,15295,17690]},""ring"":{""age_s"":0.009169578552246094,""channels"":3,""force"":[0.2773612372169936,0.2511642970499981],""has_data"":true,""last_update_ts"":1784118818.788659,""raw"":[15797,16374,15633]},""thumb"":{""age_s"":0.009169578552246094,""channels"":3,""force"":[0.0,-2.220446049250313e-16],""has_data"":true,""last_update_ts"":1784118818.788659,""raw"":[0,0,0]}}","{""ble"":{""connection_state"":""connected"",""counter"":999146,""finger_order"":""DexterController.Visualizer"",""last_error"":null,""last_sample_age_s"":0.009194148005917668,""reconnect_count"":0,""sample_hz"":20.0,""sample_sequence"":1635,""timestamp_us"":9783592448},""fingers"":{""index"":{""has_data"":true,""last_update_ts"":1784118818.788659,""mapped"":true},""middle"":{""has_data"":true,""last_update_ts"":1784118818.788659,""mapped"":true},""pinky"":{""has_data"":true,""last_update_ts"":1784118818.788659,""mapped"":true},""ring"":{""has_data"":true,""last_update_ts"":1784118818.788659,""mapped"":true},""thumb"":{""has_data"":true,""last_update_ts"":1784118818.788659,""mapped"":true}},""ports"":{""available"":[""BLE:Dexter""],""unavailable"":[]}}"
1784118818.847942,1784118818.847827,1637,ble,"{""index"":{""age_s"":0.00916743278503418,""channels"":3,""force"":[0.4542571389429142,-0.43988443185000303],""has_data"":true,""last_update_ts"":1784118818.8386595,""raw"":[16366,17311,17631]},""middle"":{""age_s"":0.00916743278503418,""channels"":3,""force"":[0.1499769601589307,-7.88406116088],""has_data"":true,""last_update_ts"":1784118818.8386595,""raw"":[11412,11724,25772]},""pinky"":{""age_s"":0.00916743278503418,""channels"":3,""force"":[-1.0200356072347763,-0.7454445324599996],""has_data"":true,""last_update_ts"":1784118818.8386595,""raw"":[17417,15295,17699]},""ring"":{""age_s"":0.00916743278503418,""channels"":3,""force"":[0.2735156741359983,0.255604770809998],""has_data"":true,""last_update_ts"":1784118818.8386595,""raw"":[15799,16368,15623]},""thumb"":{""age_s"":0.00916743278503418,""channels"":3,""force"":[0.0,-2.220446049250313e-16],""has_data"":true,""last_update_ts"":1784118818.8386595,""raw"":[0,0,0]}}","{""ble"":{""connection_state"":""connected"",""counter"":999152,""finger_order"":""DexterController.Visualizer"",""last_error"":null,""last_sample_age_s"":0.00918787500995677,""reconnect_count"":0,""sample_hz"":20.0,""sample_sequence"":1636,""timestamp_us"":9783648800},""fingers"":{""index"":{""has_data"":true,""last_update_ts"":1784118818.8386595,""mapped"":true},""middle"":{""has_data"":true,""last_update_ts"":1784118818.8386595,""mapped"":true},""pinky"":{""has_data"":true,""last_update_ts"":1784118818.8386595,""mapped"":true},""ring"":{""has_data"":true,""last_update_ts"":1784118818.8386595,""mapped"":true},""thumb"":{""has_data"":true,""last_update_ts"":1784118818.8386595,""mapped"":true}},""ports"":{""available"":[""BLE:Dexter""],""unavailable"":[]}}"
1784118818.8979683,1784118818.897829,1638,ble,"{""index"":{""age_s"":0.00916600227355957,""channels"":3,""force"":[0.5619329052108633,-0.363841318710004],""has_data"":true,""last_update_ts"":1784118818.888663,""raw"":[16309,17478,17549]},""middle"":{""age_s"":0.00916600227355957,""channels"":3,""force"":[0.050473015438101676,-7.5834965932500005],""has_data"":true,""last_update_ts"":1784118818.888663,""raw"":[11682,11787,25397]},""pinky"":{""age_s"":0.00916600227355957,""channels"":3,""force"":[-1.0209969980050246,-0.7465546508999994],""has_data"":true,""last_update_ts"":1784118818.888663,""raw"":[17420,15296,17703]},""ring"":{""age_s"":0.00916600227355957,""channels"":3,""force"":[0.27880332337237057,0.2542171227599992],""has_data"":true,""last_update_ts"":1784118818.888663,""raw"":[15793,16373,15625]},""thumb"":{""age_s"":0.00916600227355957,""channels"":3,""force"":[0.0,-2.220446049250313e-16],""has_data"":true,""last_update_ts"":1784118818.888663,""raw"":[0,0,0]}}","{""ble"":{""connection_state"":""connected"",""counter"":999157,""finger_order"":""DexterController.Visualizer"",""last_error"":null,""last_sample_age_s"":0.009191532008117065,""reconnect_count"":0,""sample_hz"":20.0,""sample_sequence"":1637,""timestamp_us"":9783695840},""fingers"":{""index"":{""has_data"":true,""last_update_ts"":1784118818.888663,""mapped"":true},""middle"":{""has_data"":true,""last_update_ts"":1784118818.888663,""mapped"":true},""pinky"":{""has_data"":true,""last_update_ts"":1784118818.888663,""mapped"":true},""ring"":{""has_data"":true,""last_update_ts"":1784118818.888663,""mapped"":true},""thumb"":{""has_data"":true,""last_update_ts"":1784118818.888663,""mapped"":true}},""ports"":{""available"":[""BLE:Dexter""],""unavailable"":[]}}"
1784118818.9979572,1784118818.9978287,1639,ble,"{""index"":{""age_s"":0.009181022644042969,""channels"":3,""force"":[0.5431857851909978,-0.19593590466000066],""has_data"":true,""last_update_ts"":1784118818.9886477,""raw"":[16460,17590,17378]},""middle"":{""age_s"":0.009181022644042969,""channels"":3,""force"":[-0.4292609789164237,-5.2167240791700005],""has_data"":true,""last_update_ts"":1784118818.9886477,""raw"":[13459,12566,22411]},""pinky"":{""age_s"":0.009181022644042969,""channels"":3,""force"":[-1.0200356072347727,-0.7454445324600005],""has_data"":true,""last_update_ts"":1784118818.9886477,""raw"":[17422,15300,17704]},""ring"":{""age_s"":0.009181022644042969,""channels"":3,""force"":[0.2783226279872437,0.25171935626999886],""has_data"":true,""last_update_ts"":1784118818.9886477,""raw"":[15796,16375,15632]},""thumb"":{""age_s"":0.009181022644042969,""channels"":3,""force"":[0.0,-2.220446049250313e-16],""has_data"":true,""last_update_ts"":1784118818.9886477,""raw"":[0,0,0]}}","{""ble"":{""connection_state"":""connected"",""counter"":999169,""finger_order"":""DexterController.Visualizer"",""last_error"":null,""last_sample_age_s"":0.009201893000863492,""reconnect_count"":0,""sample_hz"":20.0,""sample_sequence"":1638,""timestamp_us"":9783809152},""fingers"":{""index"":{""has_data"":true,""last_update_ts"":1784118818.9886477,""mapped"":true},""middle"":{""has_data"":true,""last_update_ts"":1784118818.9886477,""mapped"":true},""pinky"":{""has_data"":true,""last_update_ts"":1784118818.9886477,""mapped"":true},""ring"":{""has_data"":true,""last_update_ts"":1784118818.9886477,""mapped"":true},""thumb"":{""has_data"":true,""last_update_ts"":1784118818.9886477,""mapped"":true}},""ports"":{""available"":[""BLE:Dexter""],""unavailable"":[]}}"
1784118819.0480583,1784118819.0478392,1640,ble,"{""index"":{""age_s"":0.009171247482299805,""channels"":3,""force"":[0.4648324374156587,-0.20287414491000266],""has_data"":true,""last_update_ts"":1784118819.038668,""raw"":[16531,17498,17380]},""middle"":{""age_s"":0.009171247482299805,""channels"":3,""force"":[-0.4701200866520301,-4.283392000740002],""has_data"":true,""last_update_ts"":1784118819.038668,""raw"":[14003,13025,21231]},""pinky"":{""age_s"":0.009171247482299805,""channels"":3,""force"":[-1.021958388775273,-0.7465546509000012],""has_data"":true,""last_update_ts"":1784118819.038668,""raw"":[17422,15296,17704]},""ring"":{""age_s"":0.009171247482299805,""channels"":3,""force"":[0.27495776029137176,0.25088676743999905],""has_data"":true,""last_update_ts"":1784118819.038668,""raw"":[15798,16370,15632]},""thumb"":{""age_s"":0.009171247482299805,""channels"":3,""force"":[0.0,-2.220446049250313e-16],""has_data"":true,""last_update_ts"":1784118819.038668,""raw"":[0,0,0]}}","{""ble"":{""connection_state"":""connected"",""counter"":999172,""finger_order"":""DexterController.Visualizer"",""last_error"":null,""last_sample_age_s"":0.00920311598747503,""reconnect_count"":0,""sample_hz"":20.0,""sample_sequence"":1639,""timestamp_us"":9783837152},""fingers"":{""index"":{""has_data"":true,""last_update_ts"":1784118819.038668,""mapped"":true},""middle"":{""has_data"":true,""last_update_ts"":1784118819.038668,""mapped"":true},""pinky"":{""has_data"":true,""last_update_ts"":1784118819.038668,""mapped"":true},""ring"":{""has_data"":true,""last_update_ts"":1784118819.038668,""mapped"":true},""thumb"":{""has_data"":true,""last_update_ts"":1784118819.038668,""mapped"":true}},""ports"":{""available"":[""BLE:Dexter""],""unavailable"":[]}}"
1784118819.0979638,1784118819.0978293,1641,ble,"{""index"":{""age_s"":0.009180784225463867,""channels"":3,""force"":[0.05768344621497157,-0.24700135289999992],""has_data"":true,""last_update_ts"":1784118819.0886486,""raw"":[16911,17031,17416]},""middle"":{""age_s"":0.009180784225463867,""channels"":3,""force"":[-0.6835488376474306,-1.8638888607600022],""has_data"":true,""last_update_ts"":1784118819.0886486,""raw"":[15528,14106,18175]},""pinky"":{""age_s"":0.009180784225463867,""channels"":3,""force"":[-1.0262846472413951,-0.7401714698700008],""has_data"":true,""last_update_ts"":1784118819.0886486,""raw"":[17426,15291,17692]},""ring"":{""age_s"":0.009180784225463867,""channels"":3,""force"":[0.2739963695211216,0.2547721819799973],""has_data"":true,""last_update_ts"":1784118819.0886486,""raw"":[15802,16372,15628]},""thumb"":{""age_s"":0.009180784225463867,""channels"":3,""force"":[0.0,-2.220446049250313e-16],""has_data"":true,""last_update_ts"":1784118819.0886486,""raw"":[0,0,0]}}","{""ble"":{""connection_state"":""connected"",""counter"":999178,""finger_order"":""DexterController.Visualizer"",""last_error"":null,""last_sample_age_s"":0.009206141010508873,""reconnect_count"":0,""sample_hz"":20.0,""sample_sequence"":1640,""timestamp_us"":9783893888},""fingers"":{""index"":{""has_data"":true,""last_update_ts"":1784118819.0886486,""mapped"":true},""middle"":{""has_data"":true,""last_update_ts"":1784118819.0886486,""mapped"":true},""pinky"":{""has_data"":true,""last_update_ts"":1784118819.0886486,""mapped"":true},""ring"":{""has_data"":true,""last_update_ts"":1784118819.0886486,""mapped"":true},""thumb"":{""has_data"":true,""last_update_ts"":1784118819.0886486,""mapped"":true}},""ports"":{""available"":[""BLE:Dexter""],""unavailable"":[]}}"
1784118819.1480389,1784118819.1478353,1642,ble,"{""index"":{""age_s"":0.009187936782836914,""channels"":3,""force"":[-0.002884172310748667,-0.20204155608000107],""has_data"":true,""last_update_ts"":1784118819.1386473,""raw"":[17017,17011,17378]},""middle"":{""age_s"":0.009187936782836914,""channels"":3,""force"":[-0.6960469176606754,-1.2694204361400034],""has_data"":true,""last_update_ts"":1784118819.1386473,""raw"":[15854,14406,17417]},""pinky"":{""age_s"":0.009187936782836914,""channels"":3,""force"":[-1.0152286533835255,-0.7476647693399991],""has_data"":true,""last_update_ts"":1784118819.1386473,""raw"":[17412,15300,17703]},""ring"":{""age_s"":0.009187936782836914,""channels"":3,""force"":[0.2792840187574992,0.23784287576999752],""has_data"":true,""last_update_ts"":1784118819.1386473,""raw"":[15783,16364,15645]},""thumb"":{""age_s"":0.009187936782836914,""channels"":3,""force"":[0.0,-2.220446049250313e-16],""has_data"":true,""last_update_ts"":1784118819.1386473,""raw"":[0,0,0]}}","{""ble"":{""connection_state"":""connected"",""counter"":999180,""finger_order"":""DexterController.Visualizer"",""last_error"":null,""last_sample_age_s"":0.009219928993843496,""reconnect_count"":0,""sample_hz"":20.0,""sample_sequence"":1641,""timestamp_us"":9783912544},""fingers"":{""index"":{""has_data"":true,""last_update_ts"":1784118819.1386473,""mapped"":true},""middle"":{""has_data"":true,""last_update_ts"":1784118819.1386473,""mapped"":true},""pinky"":{""has_data"":true,""last_update_ts"":1784118819.1386473,""mapped"":true},""ring"":{""has_data"":true,""last_update_ts"":1784118819.1386473,""mapped"":true},""thumb"":{""has_data"":true,""last_update_ts"":1784118819.1386473,""mapped"":true}},""ports"":{""available"":[""BLE:Dexter""],""unavailable"":[]}}"
1784118819.1979697,1784118819.1978335,1643,ble,"{""index"":{""age_s"":0.00917816162109375,""channels"":3,""force"":[-0.06633596314721757,-0.28918585362000115],""has_data"":true,""last_update_ts"":1784118819.1886554,""raw"":[16959,16821,17411]},""middle"":{""age_s"":0.00917816162109375,""channels"":3,""force"":[-0.7268114223086606,0.12877373903999967],""has_data"":true,""last_update_ts"":1784118819.1886554,""raw"":[16661,15149,15673]},""pinky"":{""age_s"":0.00917816162109375,""channels"":3,""force"":[-0.5201124067050102,-0.49733306112000353],""has_data"":true,""last_update_ts"":1784118819.1886554,""raw"":[17276,16194,17631]},""ring"":{""age_s"":0.00917816162109375,""channels"":3,""force"":[0.3081257418649823,0.37105708856999975],""has_data"":true,""last_update_ts"":1784118819.1886554,""raw"":[15765,16406,15417]},""thumb"":{""age_s"":0.00917816162109375,""channels"":3,""force"":[0.0,-2.220446049250313e-16],""has_data"":true,""last_update_ts"":1784118819.1886554,""raw"":[0,0,0]}}","{""ble"":{""connection_state"":""connected"",""counter"":999190,""finger_order"":""DexterController.Visualizer"",""last_error"":null,""last_sample_age_s"":0.009202804998494685,""reconnect_count"":0,""sample_hz"":20.0,""sample_sequence"":1642,""timestamp_us"":9784006976},""fingers"":{""index"":{""has_data"":true,""last_update_ts"":1784118819.1886554,""mapped"":true},""middle"":{""has_data"":true,""last_update_ts"":1784118819.1886554,""mapped"":true},""pinky"":{""has_data"":true,""last_update_ts"":1784118819.1886554,""mapped"":true},""ring"":{""has_data"":true,""last_update_ts"":1784118819.1886554,""mapped"":true},""thumb"":{""has_data"":true,""last_update_ts"":1784118819.1886554,""mapped"":true}},""ports"":{""available"":[""BLE:Dexter""],""unavailable"":[]}}"
1784118819.2479453,1784118819.2478178,1644,ble,"{""index"":{""age_s"":0.009171247482299805,""channels"":3,""force"":[-0.0850830831670848,-0.30167468607000014],""has_data"":true,""last_update_ts"":1784118819.2386465,""raw"":[16994,16817,17449]},""middle"":{""age_s"":0.009171247482299805,""channels"":3,""force"":[-0.7220044684574134,0.23645522771999783],""has_data"":true,""last_update_ts"":1784118819.2386465,""raw"":[16739,15237,15562]},""pinky"":{""age_s"":0.009171247482299805,""channels"":3,""force"":[-1.0277267333967703,-0.7459995916800022],""has_data"":true,""last_update_ts"":1784118819.2386465,""raw"":[17422,15284,17697]},""ring"":{""age_s"":0.009171247482299805,""channels"":3,""force"":[0.2744770649062449,0.2533845339299994],""has_data"":true,""last_update_ts"":1784118819.2386465,""raw"":[15801,16372,15630]},""thumb"":{""age_s"":0.009171247482299805,""channels"":3,""force"":[0.0,-2.220446049250313e-16],""has_data"":true,""last_update_ts"":1784118819.2386465,""raw"":[0,0,0]}}","{""ble"":{""connection_state"":""connected"",""counter"":999193,""finger_order"":""DexterController.Visualizer"",""last_error"":null,""last_sample_age_s"":0.00919155300653074,""reconnect_count"":0,""sample_hz"":20.0,""sample_sequence"":1643,""timestamp_us"":9784035136},""fingers"":{""index"":{""has_data"":true,""last_update_ts"":1784118819.2386465,""mapped"":true},""middle"":{""has_data"":true,""last_update_ts"":1784118819.2386465,""mapped"":true},""pinky"":{""has_data"":true,""last_update_ts"":1784118819.2386465,""mapped"":true},""ring"":{""has_data"":true,""last_update_ts"":1784118819.2386465,""mapped"":true},""thumb"":{""has_data"":true,""last_update_ts"":1784118819.2386465,""mapped"":true}},""ports"":{""available"":[""BLE:Dexter""],""unavailable"":[]}}"
1784118819.2979696,1784118819.2978287,1645,ble,"{""index"":{""age_s"":0.00918269157409668,""channels"":3,""force"":[-0.15718739093580147,-0.2478339417300015],""has_data"":true,""last_update_ts"":1784118819.288646,""raw"":[17119,16792,17402]},""middle"":{""age_s"":0.00918269157409668,""channels"":3,""force"":[-0.776323046976513,0.3771627399899984],""has_data"":true,""last_update_ts"":1784118819.288646,""raw"":[16882,15267,15395]},""pinky"":{""age_s"":0.00918269157409668,""channels"":3,""force"":[-1.022439084160398,-0.7440568844100026],""has_data"":true,""last_update_ts"":1784118819.288646,""raw"":[17424,15297,17701]},""ring"":{""age_s"":0.00918269157409668,""channels"":3,""force"":[0.27495776029137353,0.25310700431999766],""has_data"":true,""last_update_ts"":1784118819.288646,""raw"":[15791,16363,15621]},""thumb"":{""age_s"":0.00918269157409668,""channels"":3,""force"":[0.0,-2.220446049250313e-16],""has_data"":true,""last_update_ts"":1784118819.288646,""raw"":[0,0,0]}}","{""ble"":{""connection_state"":""connected"",""counter"":999200,""finger_order"":""DexterController.Visualizer"",""last_error"":null,""last_sample_age_s"":0.009207894006976858,""reconnect_count"":0,""sample_hz"":20.0,""sample_sequence"":1644,""timestamp_us"":9784100864},""fingers"":{""index"":{""has_data"":true,""last_update_ts"":1784118819.288646,""mapped"":true},""middle"":{""has_data"":true,""last_update_ts"":1784118819.288646,""mapped"":true},""pinky"":{""has_data"":true,""last_update_ts"":1784118819.288646,""mapped"":true},""ring"":{""has_data"":true,""last_update_ts"":1784118819.288646,""mapped"":true},""thumb"":{""has_data"":true,""last_update_ts"":1784118819.288646,""mapped"":true}},""ports"":{""available"":[""BLE:Dexter""],""unavailable"":[]}}"
1784118819.3479733,1784118819.34783,1646,ble,"{""index"":{""age_s"":0.009183168411254883,""channels"":3,""force"":[-0.1485348740035537,-0.21175509243000157],""has_data"":true,""last_update_ts"":1784118819.338647,""raw"":[17141,16832,17368]},""middle"":{""age_s"":0.009183168411254883,""channels"":3,""force"":[-0.784975563908759,0.44154960950999733],""has_data"":true,""last_update_ts"":1784118819.338647,""raw"":[16934,15301,15322]},""pinky"":{""age_s"":0.009183168411254883,""channels"":3,""force"":[-1.0229197795455232,-0.7465546508999994],""has_data"":true,""last_update_ts"":1784118819.338647,""raw"":[17422,15294,17703]},""ring"":{""age_s"":0.009183168411254883,""channels"":3,""force"":[0.2797647141426207,0.2503317082199965],""has_data"":true,""last_update_ts"":1784118819.338647,""raw"":[15788,16370,15628]},""thumb"":{""age_s"":0.009183168411254883,""channels"":3,""force"":[0.0,-2.220446049250313e-16],""has_data"":true,""last_update_ts"":1784118819.338647,""raw"":[0,0,0]}}","{""ble"":{""connection_state"":""connected"",""counter"":999204,""finger_order"":""DexterController.Visualizer"",""last_error"":null,""last_sample_age_s"":0.009207925002556294,""reconnect_count"":0,""sample_hz"":20.0,""sample_sequence"":1645,""timestamp_us"":9784138336},""fingers"":{""index"":{""has_data"":true,""last_update_ts"":1784118819.338647,""mapped"":true},""middle"":{""has_data"":true,""last_update_ts"":1784118819.338647,""mapped"":true},""pinky"":{""has_data"":true,""last_update_ts"":1784118819.338647,""mapped"":true},""ring"":{""has_data"":true,""last_update_ts"":1784118819.338647,""mapped"":true},""thumb"":{""has_data"":true,""last_update_ts"":1784118819.338647,""mapped"":true}},""ports"":{""available"":[""BLE:Dexter""],""unavailable"":[]}}"
1784118819.397975,1784118819.3978305,1647,ble,"{""index"":{""age_s"":0.009184122085571289,""channels"":3,""force"":[-0.16055225863167522,-0.2425608791400018],""has_data"":true,""last_update_ts"":1784118819.3886464,""raw"":[17122,16788,17392]},""middle"":{""age_s"":0.009184122085571289,""channels"":3,""force"":[-0.7792072192872617,0.47540822192999777],""has_data"":true,""last_update_ts"":1784118819.3886464,""raw"":[16957,15336,15290]},""pinky"":{""age_s"":0.009184122085571289,""channels"":3,""force"":[-1.0238811703157715,-0.7387838218200029],""has_data"":true,""last_update_ts"":1784118819.3886464,""raw"":[17422,15292,17688]},""ring"":{""age_s"":0.009184122085571289,""channels"":3,""force"":[0.27880332337237057,0.26365312949999886],""has_data"":true,""last_update_ts"":1784118819.3886464,""raw"":[15801,16381,15616]},""thumb"":{""age_s"":0.009184122085571289,""channels"":3,""force"":[0.0,-2.220446049250313e-16],""has_data"":true,""last_update_ts"":1784118819.3886464,""raw"":[0,0,0]}}","{""ble"":{""connection_state"":""connected"",""counter"":999210,""finger_order"":""DexterController.Visualizer"",""last_error"":null,""last_sample_age_s"":0.009209077994455583,""reconnect_count"":0,""sample_hz"":20.0,""sample_sequence"":1646,""timestamp_us"":9784194720},""fingers"":{""index"":{""has_data"":true,""last_update_ts"":1784118819.3886464,""mapped"":true},""middle"":{""has_data"":true,""last_update_ts"":1784118819.3886464,""mapped"":true},""pinky"":{""has_data"":true,""last_update_ts"":1784118819.3886464,""mapped"":true},""ring"":{""has_data"":true,""last_update_ts"":1784118819.3886464,""mapped"":true},""thumb"":{""has_data"":true,""last_update_ts"":1784118819.3886464,""mapped"":true}},""ports"":{""available"":[""BLE:Dexter""],""unavailable"":[]}}"
1784118819.4479737,1784118819.4478302,1648,ble,"{""index"":{""age_s"":0.009180545806884766,""channels"":3,""force"":[-0.1264228862878145,-0.260600303790004],""has_data"":true,""last_update_ts"":1784118819.4386497,""raw"":[17082,16819,17420]},""middle"":{""age_s"":0.009180545806884766,""channels"":3,""force"":[-0.7470006284839013,0.5606098121999983],""has_data"":true,""last_update_ts"":1784118819.4386497,""raw"":[16973,15419,15186]},""pinky"":{""age_s"":0.009180545806884766,""channels"":3,""force"":[-1.0243618657008948,-0.7407265290900016],""has_data"":true,""last_update_ts"":1784118819.4386497,""raw"":[17423,15292,17692]},""ring"":{""age_s"":0.009180545806884766,""channels"":3,""force"":[0.2802454095277458,0.2539395931499975],""has_data"":true,""last_update_ts"":1784118819.4386497,""raw"":[15790,16373,15624]},""thumb"":{""age_s"":0.009180545806884766,""channels"":3,""force"":[0.0,-2.220446049250313e-16],""has_data"":true,""last_update_ts"":1784118819.4386497,""raw"":[0,0,0]}}","{""ble"":{""connection_state"":""connected"",""counter"":999215,""finger_order"":""DexterController.Visualizer"",""last_error"":null,""last_sample_age_s"":0.009205912007018924,""reconnect_count"":0,""sample_hz"":20.0,""sample_sequence"":1647,""timestamp_us"":9784241792},""fingers"":{""index"":{""has_data"":true,""last_update_ts"":1784118819.4386497,""mapped"":true},""middle"":{""has_data"":true,""last_update_ts"":1784118819.4386497,""mapped"":true},""pinky"":{""has_data"":true,""last_update_ts"":1784118819.4386497,""mapped"":true},""ring"":{""has_data"":true,""last_update_ts"":1784118819.4386497,""mapped"":true},""thumb"":{""has_data"":true,""last_update_ts"":1784118819.4386497,""mapped"":true}},""ports"":{""available"":[""BLE:Dexter""],""unavailable"":[]}}"
1784118819.4979758,1784118819.4978325,1649,ble,"{""index"":{""age_s"":0.009187459945678711,""channels"":3,""force"":[-0.11152132934894787,-0.27808466922000097],""has_data"":true,""last_update_ts"":1784118819.488645,""raw"":[17060,16828,17445]},""middle"":{""age_s"":0.009187459945678711,""channels"":3,""force"":[-0.7388288069367785,0.6113977308299985],""has_data"":true,""last_update_ts"":1784118819.488645,""raw"":[17008,15471,15138]},""pinky"":{""age_s"":0.009187459945678711,""channels"":3,""force"":[-1.0234004749306465,-0.7457220620700005],""has_data"":true,""last_update_ts"":1784118819.488645,""raw"":[17416,15287,17695]},""ring"":{""age_s"":0.009187459945678711,""channels"":3,""force"":[0.2768805418318703,0.2558823004199997],""has_data"":true,""last_update_ts"":1784118819.488645,""raw"":[15804,16380,15631]},""thumb"":{""age_s"":0.009187459945678711,""channels"":3,""force"":[0.0,-2.220446049250313e-16],""has_data"":true,""last_update_ts"":1784118819.488645,""raw"":[0,0,0]}}","{""ble"":{""connection_state"":""connected"",""counter"":999221,""finger_order"":""DexterController.Visualizer"",""last_error"":null,""last_sample_age_s"":0.009211452008457854,""reconnect_count"":0,""sample_hz"":20.0,""sample_sequence"":1648,""timestamp_us"":9784298432},""fingers"":{""index"":{""has_data"":true,""last_update_ts"":1784118819.488645,""mapped"":true},""middle"":{""has_data"":true,""last_update_ts"":1784118819.488645,""mapped"":true},""pinky"":{""has_data"":true,""last_update_ts"":1784118819.488645,""mapped"":true},""ring"":{""has_data"":true,""last_update_ts"":1784118819.488645,""mapped"":true},""thumb"":{""has_data"":true,""last_update_ts"":1784118819.488645,""mapped"":true}},""ports"":{""available"":[""BLE:Dexter""],""unavailable"":[]}}"
1784118819.547971,1784118819.5478313,1650,ble,"{""index"":{""age_s"":0.009185791015625,""channels"":3,""force"":[-0.08844795086296031,-0.2625430110600009],""has_data"":true,""last_update_ts"":1784118819.5386455,""raw"":[17047,16863,17428]},""middle"":{""age_s"":0.009185791015625,""channels"":3,""force"":[-0.7479620192541496,0.6943790842199995],""has_data"":true,""last_update_ts"":1784118819.5386455,""raw"":[17074,15518,15045]},""pinky"":{""age_s"":0.009185791015625,""channels"":3,""force"":[-1.0253232564711467,-0.7407265290900007],""has_data"":true,""last_update_ts"":1784118819.5386455,""raw"":[17428,15295,17696]},""ring"":{""age_s"":0.009185791015625,""channels"":3,""force"":[0.276399846446747,0.2583800669099974],""has_data"":true,""last_update_ts"":1784118819.5386455,""raw"":[15802,16377,15624]},""thumb"":{""age_s"":0.009185791015625,""channels"":3,""force"":[0.0,-2.220446049250313e-16],""has_data"":true,""last_update_ts"":1784118819.5386455,""raw"":[0,0,0]}}","{""ble"":{""connection_state"":""connected"",""counter"":999226,""finger_order"":""DexterController.Visualizer"",""last_error"":null,""last_sample_age_s"":0.009210841002641246,""reconnect_count"":0,""sample_hz"":20.0,""sample_sequence"":1649,""timestamp_us"":9784345344},""fingers"":{""index"":{""has_data"":true,""last_update_ts"":1784118819.5386455,""mapped"":true},""middle"":{""has_data"":true,""last_update_ts"":1784118819.5386455,""mapped"":true},""pinky"":{""has_data"":true,""last_update_ts"":1784118819.5386455,""mapped"":true},""ring"":{""has_data"":true,""last_update_ts"":1784118819.5386455,""mapped"":true},""thumb"":{""has_data"":true,""last_update_ts"":1784118819.5386455,""mapped"":true}},""ports"":{""available"":[""BLE:Dexter""],""unavailable"":[]}}"
1784118819.5979471,1784118819.5978293,1651,ble,"{""index"":{""age_s"":0.009180068969726562,""channels"":3,""force"":[-0.08748656009270839,-0.19649096388000054],""has_data"":true,""last_update_ts"":1784118819.5886493,""raw"":[17093,16911,17356]},""middle"":{""age_s"":0.009180068969726562,""channels"":3,""force"":[-0.8027612931583761,0.8065010466599993],""has_data"":true,""last_update_ts"":1784118819.5886493,""raw"":[17199,15529,14911]},""pinky"":{""age_s"":0.009180068969726562,""channels"":3,""force"":[-1.0200356072347763,-0.7426692363600003],""has_data"":true,""last_update_ts"":1784118819.5886493,""raw"":[17417,15295,17694]},""ring"":{""age_s"":0.009180068969726562,""channels"":3,""force"":[0.273034978750875,0.25310700431999766],""has_data"":true,""last_update_ts"":1784118819.5886493,""raw"":[15795,16363,15623]},""thumb"":{""age_s"":0.009180068969726562,""channels"":3,""force"":[0.0,-2.220446049250313e-16],""has_data"":true,""last_update_ts"":1784118819.5886493,""raw"":[0,0,0]}}","{""ble"":{""connection_state"":""connected"",""counter"":999231,""finger_order"":""DexterController.Visualizer"",""last_error"":null,""last_sample_age_s"":0.009200240994687192,""reconnect_count"":0,""sample_hz"":20.0,""sample_sequence"":1650,""timestamp_us"":9784392352},""fingers"":{""index"":{""has_data"":true,""last_update_ts"":1784118819.5886493,""mapped"":true},""middle"":{""has_data"":true,""last_update_ts"":1784118819.5886493,""mapped"":true},""pinky"":{""has_data"":true,""last_update_ts"":1784118819.5886493,""mapped"":true},""ring"":{""has_data"":true,""last_update_ts"":1784118819.5886493,""mapped"":true},""thumb"":{""has_data"":true,""last_update_ts"":1784118819.5886493,""mapped"":true}},""ports"":{""available"":[""BLE:Dexter""],""unavailable"":[]}}"
1784118819.647971,1784118819.6478262,1652,ble,"{""index"":{""age_s"":0.009174823760986328,""channels"":3,""force"":[-0.0826796062414612,-0.14709069330000268],""has_data"":true,""last_update_ts"":1784118819.6386514,""raw"":[17130,16958,17309]},""middle"":{""age_s"":0.009174823760986328,""channels"":3,""force"":[-0.8734235147717158,0.9300017231099984],""has_data"":true,""last_update_ts"":1784118819.6386514,""raw"":[17349,15532,14765]},""pinky"":{""age_s"":0.009174823760986328,""channels"":3,""force"":[-1.0243618657009002,-0.7457220620699987],""has_data"":true,""last_update_ts"":1784118819.6386514,""raw"":[17425,15294,17703]},""ring"":{""age_s"":0.009174823760986328,""channels"":3,""force"":[0.2759191510616166,0.2525519450999969],""has_data"":true,""last_update_ts"":1784118819.6386514,""raw"":[15797,16371,15629]},""thumb"":{""age_s"":0.009174823760986328,""channels"":3,""force"":[0.0,-2.220446049250313e-16],""has_data"":true,""last_update_ts"":1784118819.6386514,""raw"":[0,0,0]}}","{""ble"":{""connection_state"":""connected"",""counter"":999237,""finger_order"":""DexterController.Visualizer"",""last_error"":null,""last_sample_age_s"":0.009200291009619832,""reconnect_count"":0,""sample_hz"":20.0,""sample_sequence"":1651,""timestamp_us"":9784448832},""fingers"":{""index"":{""has_data"":true,""last_update_ts"":1784118819.6386514,""mapped"":true},""middle"":{""has_data"":true,""last_update_ts"":1784118819.6386514,""mapped"":true},""pinky"":{""has_data"":true,""last_update_ts"":1784118819.6386514,""mapped"":true},""ring"":{""has_data"":true,""last_update_ts"":1784118819.6386514,""mapped"":true},""thumb"":{""has_data"":true,""last_update_ts"":1784118819.6386514,""mapped"":true}},""ports"":{""available"":[""BLE:Dexter""],""unavailable"":[]}}"
1784118819.6980715,1784118819.6978319,1653,ble,"{""index"":{""age_s"":0.009173870086669922,""channels"":3,""force"":[-0.0913321231737072,-0.11378714010000213],""has_data"":true,""last_update_ts"":1784118819.688658,""raw"":[17166,16976,17276]},""middle"":{""age_s"":0.009173870086669922,""channels"":3,""force"":[-0.9488926902363044,0.9818997601799984],""has_data"":true,""last_update_ts"":1784118819.688658,""raw"":[17469,15495,14713]},""pinky"":{""age_s"":0.009173870086669922,""channels"":3,""force"":[-1.0238811703157733,-0.7487748877800025],""has_data"":true,""last_update_ts"":1784118819.688658,""raw"":[17421,15291,17705]},""ring"":{""age_s"":0.009173870086669922,""channels"":3,""force"":[0.2759191510616219,0.251996885879997],""has_data"":true,""last_update_ts"":1784118819.688658,""raw"":[15796,16370,15629]},""thumb"":{""age_s"":0.009173870086669922,""channels"":3,""force"":[0.0,-2.220446049250313e-16],""has_data"":true,""last_update_ts"":1784118819.688658,""raw"":[0,0,0]}}","{""ble"":{""connection_state"":""connected"",""counter"":999242,""finger_order"":""DexterController.Visualizer"",""last_error"":null,""last_sample_age_s"":0.009217011989676394,""reconnect_count"":0,""sample_hz"":20.0,""sample_sequence"":1652,""timestamp_us"":9784495840},""fingers"":{""index"":{""has_data"":true,""last_update_ts"":1784118819.688658,""mapped"":true},""middle"":{""has_data"":true,""last_update_ts"":1784118819.688658,""mapped"":true},""pinky"":{""has_data"":true,""last_update_ts"":1784118819.688658,""mapped"":true},""ring"":{""has_data"":true,""last_update_ts"":1784118819.688658,""mapped"":true},""thumb"":{""has_data"":true,""last_update_ts"":1784118819.688658,""mapped"":true}},""ports"":{""available"":[""BLE:Dexter""],""unavailable"":[]}}"
1784118819.7479525,1784118819.7478247,1654,ble,"{""index"":{""age_s"":0.009168386459350586,""channels"":3,""force"":[-0.08989003701833376,-0.11295455127000054],""has_data"":true,""last_update_ts"":1784118819.7386563,""raw"":[17169,16982,17279]},""middle"":{""age_s"":0.009168386459350586,""channels"":3,""force"":[-0.9532189487024301,0.9960537702899979],""has_data"":true,""last_update_ts"":1784118819.7386563,""raw"":[17484,15501,14698]},""pinky"":{""age_s"":0.009168386459350586,""channels"":3,""force"":[-1.02340047493065,-0.7446119436300007],""has_data"":true,""last_update_ts"":1784118819.7386563,""raw"":[17425,15296,17702]},""ring"":{""age_s"":0.009168386459350586,""channels"":3,""force"":[0.27543845567649683,0.2517193562699971],""has_data"":true,""last_update_ts"":1784118819.7386563,""raw"":[15796,16369,15629]},""thumb"":{""age_s"":0.009168386459350586,""channels"":3,""force"":[0.0,-2.220446049250313e-16],""has_data"":true,""last_update_ts"":1784118819.7386563,""raw"":[0,0,0]}}","{""ble"":{""connection_state"":""connected"",""counter"":999247,""finger_order"":""DexterController.Visualizer"",""last_error"":null,""last_sample_age_s"":0.009188757001538761,""reconnect_count"":0,""sample_hz"":20.0,""sample_sequence"":1653,""timestamp_us"":9784542880},""fingers"":{""index"":{""has_data"":true,""last_update_ts"":1784118819.7386563,""mapped"":true},""middle"":{""has_data"":true,""last_update_ts"":1784118819.7386563,""mapped"":true},""pinky"":{""has_data"":true,""last_update_ts"":1784118819.7386563,""mapped"":true},""ring"":{""has_data"":true,""last_update_ts"":1784118819.7386563,""mapped"":true},""thumb"":{""has_data"":true,""last_update_ts"":1784118819.7386563,""mapped"":true}},""ports"":{""available"":[""BLE:Dexter""],""unavailable"":[]}}"
1784118819.7979739,1784118819.7978306,1655,ble,"{""index"":{""age_s"":0.009172916412353516,""channels"":3,""force"":[-0.07979543393071253,-0.12155796918000128],""has_data"":true,""last_update_ts"":1784118819.7886577,""raw"":[17157,16991,17293]},""middle"":{""age_s"":0.009172916412353516,""channels"":3,""force"":[-0.9272613979056938,0.9954987110699971],""has_data"":true,""last_update_ts"":1784118819.7886577,""raw"":[17455,15526,14697]},""pinky"":{""age_s"":0.009172916412353516,""channels"":3,""force"":[-1.0185935210793993,-0.7512726542700028],""has_data"":true,""last_update_ts"":1784118819.7886577,""raw"":[17414,15295,17708]},""ring"":{""age_s"":0.009172916412353516,""channels"":3,""force"":[0.27303497875087324,0.24866653055999866],""has_data"":true,""last_update_ts"":1784118819.7886577,""raw"":[15794,16362,15630]},""thumb"":{""age_s"":0.009172916412353516,""channels"":3,""force"":[0.0,-2.220446049250313e-16],""has_data"":true,""last_update_ts"":1784118819.7886577,""raw"":[0,0,0]}}","{""ble"":{""connection_state"":""connected"",""counter"":999252,""finger_order"":""DexterController.Visualizer"",""last_error"":null,""last_sample_age_s"":0.009198465995723382,""reconnect_count"":0,""sample_hz"":20.0,""sample_sequence"":1654,""timestamp_us"":9784589952},""fingers"":{""index"":{""has_data"":true,""last_update_ts"":1784118819.7886577,""mapped"":true},""middle"":{""has_data"":true,""last_update_ts"":1784118819.7886577,""mapped"":true},""pinky"":{""has_data"":true,""last_update_ts"":1784118819.7886577,""mapped"":true},""ring"":{""has_data"":true,""last_update_ts"":1784118819.7886577,""mapped"":true},""thumb"":{""has_data"":true,""last_update_ts"":1784118819.7886577,""mapped"":true}},""ports"":{""available"":[""BLE:Dexter""],""unavailable"":[]}}"
1784118819.8479605,1784118819.84783,1656,ble,"{""index"":{""age_s"":0.00918436050415039,""channels"":3,""force"":[-0.08604447393733494,-0.1112893736100018],""has_data"":true,""last_update_ts"":1784118819.8386457,""raw"":[17161,16982,17272]},""middle"":{""age_s"":0.00918436050415039,""channels"":3,""force"":[-0.9349525240676861,0.9838424674499979],""has_data"":true,""last_update_ts"":1784118819.8386457,""raw"":[17423,15478,14678]},""pinky"":{""age_s"":0.00918436050415039,""channels"":3,""force"":[-0.5527996928934886,-0.5117646008400021],""has_data"":true,""last_update_ts"":1784118819.8386457,""raw"":[17292,16142,17639]},""ring"":{""age_s"":0.00918436050415039,""channels"":3,""force"":[0.30187670185835813,0.3569030784599976],""has_data"":true,""last_update_ts"":1784118819.8386457,""raw"":[15775,16403,15446]},""thumb"":{""age_s"":0.00918436050415039,""channels"":3,""force"":[0.0,-2.220446049250313e-16],""has_data"":true,""last_update_ts"":1784118819.8386457,""raw"":[0,0,0]}}","{""ble"":{""connection_state"":""connected"",""counter"":999258,""finger_order"":""DexterController.Visualizer"",""last_error"":null,""last_sample_age_s"":0.009209729003487155,""reconnect_count"":0,""sample_hz"":20.0,""sample_sequence"":1655,""timestamp_us"":9784646560},""fingers"":{""index"":{""has_data"":true,""last_update_ts"":1784118819.8386457,""mapped"":true},""middle"":{""has_data"":true,""last_update_ts"":1784118819.8386457,""mapped"":true},""pinky"":{""has_data"":true,""last_update_ts"":1784118819.8386457,""mapped"":true},""ring"":{""has_data"":true,""last_update_ts"":1784118819.8386457,""mapped"":true},""thumb"":{""has_data"":true,""last_update_ts"":1784118819.8386457,""mapped"":true}},""ports"":{""available"":[""BLE:Dexter""],""unavailable"":[]}}"
1784118819.8979628,1784118819.8978193,1657,ble,"{""index"":{""age_s"":0.009146690368652344,""channels"":3,""force"":[-0.12209662782169417,-0.09047465286000023],""has_data"":true,""last_update_ts"":1784118819.8886726,""raw"":[17228,16974,17264]},""middle"":{""age_s"":0.009146690368652344,""channels"":3,""force"":[-0.9690818964115451,0.9436006739999971],""has_data"":true,""last_update_ts"":1784118819.8886726,""raw"":[17473,15457,14765]},""pinky"":{""age_s"":0.009146690368652344,""channels"":3,""force"":[-1.022439084160398,-0.7496074766099996],""has_data"":true,""last_update_ts"":1784118819.8886726,""raw"":[17416,15289,17703]},""ring"":{""age_s"":0.009146690368652344,""channels"":3,""force"":[0.2739963695211234,0.2514418266599989],""has_data"":true,""last_update_ts"":1784118819.8886726,""raw"":[15800,16370,15632]},""thumb"":{""age_s"":0.009146690368652344,""channels"":3,""force"":[0.0,-2.220446049250313e-16],""has_data"":true,""last_update_ts"":1784118819.8886726,""raw"":[0,0,0]}}","{""ble"":{""connection_state"":""connected"",""counter"":999263,""finger_order"":""DexterController.Visualizer"",""last_error"":null,""last_sample_age_s"":0.009173286991426721,""reconnect_count"":0,""sample_hz"":20.0,""sample_sequence"":1656,""timestamp_us"":9784693568},""fingers"":{""index"":{""has_data"":true,""last_update_ts"":1784118819.8886726,""mapped"":true},""middle"":{""has_data"":true,""last_update_ts"":1784118819.8886726,""mapped"":true},""pinky"":{""has_data"":true,""last_update_ts"":1784118819.8886726,""mapped"":true},""ring"":{""has_data"":true,""last_update_ts"":1784118819.8886726,""mapped"":true},""thumb"":{""has_data"":true,""last_update_ts"":1784118819.8886726,""mapped"":true}},""ports"":{""available"":[""BLE:Dexter""],""unavailable"":[]}}"
1784118819.9479513,1784118819.9478176,1658,ble,"{""index"":{""age_s"":0.009160518646240234,""channels"":3,""force"":[-0.12786497244318973,0.42017982953999944],""has_data"":true,""last_update_ts"":1784118819.938657,""raw"":[17536,17270,16646]},""middle"":{""age_s"":0.009160518646240234,""channels"":3,""force"":[-1.0190742164645226,0.9097420615799967],""has_data"":true,""last_update_ts"":1784118819.938657,""raw"":[17514,15394,14815]},""pinky"":{""age_s"":0.009160518646240234,""channels"":3,""force"":[-1.0248425610860217,-0.7426692363600003],""has_data"":true,""last_update_ts"":1784118819.938657,""raw"":[17422,15290,17694]},""ring"":{""age_s"":0.009160518646240234,""channels"":3,""force"":[0.2778419326021204,0.2531070043199968],""has_data"":true,""last_update_ts"":1784118819.938657,""raw"":[15796,16374,15629]},""thumb"":{""age_s"":0.009160518646240234,""channels"":3,""force"":[0.0,-2.220446049250313e-16],""has_data"":true,""last_update_ts"":1784118819.938657,""raw"":[0,0,0]}}","{""ble"":{""connection_state"":""connected"",""counter"":999268,""finger_order"":""DexterController.Visualizer"",""last_error"":null,""last_sample_age_s"":0.009185179995256476,""reconnect_count"":0,""sample_hz"":20.0,""sample_sequence"":1657,""timestamp_us"":9784740608},""fingers"":{""index"":{""has_data"":true,""last_update_ts"":1784118819.938657,""mapped"":true},""middle"":{""has_data"":true,""last_update_ts"":1784118819.938657,""mapped"":true},""pinky"":{""has_data"":true,""last_update_ts"":1784118819.938657,""mapped"":true},""ring"":{""has_data"":true,""last_update_ts"":1784118819.938657,""mapped"":true},""thumb"":{""has_data"":true,""last_update_ts"":1784118819.938657,""mapped"":true}},""ports"":{""available"":[""BLE:Dexter""],""unavailable"":[]}}"
1784118819.9979737,1784118819.9978313,1659,ble,"{""index"":{""age_s"":0.00917363166809082,""channels"":3,""force"":[-0.23554073871114056,2.017640264699999],""has_data"":true,""last_update_ts"":1784118819.9886577,""raw"":[18636,18146,14756]},""middle"":{""age_s"":0.00917363166809082,""channels"":3,""force"":[-0.719600991531788,0.2228562768299982],""has_data"":true,""last_update_ts"":1784118819.9886577,""raw"":[16787,15290,15637]},""pinky"":{""age_s"":0.00917363166809082,""channels"":3,""force"":[-1.026765342626522,-0.733788288840004],""has_data"":true,""last_update_ts"":1784118819.9886577,""raw"":[17430,15294,17684]},""ring"":{""age_s"":0.00917363166809082,""channels"":3,""force"":[0.27447706490624313,0.26559583676999754],""has_data"":true,""last_update_ts"":1784118819.9886577,""raw"":[15805,16376,15612]},""thumb"":{""age_s"":0.00917363166809082,""channels"":3,""force"":[0.0,-2.220446049250313e-16],""has_data"":true,""last_update_ts"":1784118819.9886577,""raw"":[0,0,0]}}","{""ble"":{""connection_state"":""connected"",""counter"":999274,""finger_order"":""DexterController.Visualizer"",""last_error"":null,""last_sample_age_s"":0.009198647006996907,""reconnect_count"":0,""sample_hz"":20.0,""sample_sequence"":1658,""timestamp_us"":9784797152},""fingers"":{""index"":{""has_data"":true,""last_update_ts"":1784118819.9886577,""mapped"":true},""middle"":{""has_data"":true,""last_update_ts"":1784118819.9886577,""mapped"":true},""pinky"":{""has_data"":true,""last_update_ts"":1784118819.9886577,""mapped"":true},""ring"":{""has_data"":true,""last_update_ts"":1784118819.9886577,""mapped"":true},""thumb"":{""has_data"":true,""last_update_ts"":1784118819.9886577,""mapped"":true}},""ports"":{""available"":[""BLE:Dexter""],""unavailable"":[]}}"
1784118820.047962,1784118820.0478187,1660,ble,"{""index"":{""age_s"":0.009146451950073242,""channels"":3,""force"":[-0.46579382818590886,2.927659855889998],""has_data"":true,""last_update_ts"":1784118820.0386722,""raw"":[19419,18450,13660]},""middle"":{""age_s"":0.009146451950073242,""channels"":3,""force"":[-0.26678593874425083,-0.40935617475000186],""has_data"":true,""last_update_ts"":1784118820.0386722,""raw"":[15910,15355,16370]},""pinky"":{""age_s"":0.009146451950073242,""channels"":3,""force"":[-1.0238811703157733,-0.7454445324600014],""has_data"":true,""last_update_ts"":1784118820.0386722,""raw"":[17420,15290,17698]},""ring"":{""age_s"":0.009146451950073242,""channels"":3,""force"":[0.2821681910682461,0.2639306591099979],""has_data"":true,""last_update_ts"":1784118820.0386722,""raw"":[15795,16382,15613]},""thumb"":{""age_s"":0.009146451950073242,""channels"":3,""force"":[0.0,-2.220446049250313e-16],""has_data"":true,""last_update_ts"":1784118820.0386722,""raw"":[0,0,0]}}","{""ble"":{""connection_state"":""connected"",""counter"":999279,""finger_order"":""DexterController.Visualizer"",""last_error"":null,""last_sample_age_s"":0.009172674996079877,""reconnect_count"":0,""sample_hz"":20.0,""sample_sequence"":1659,""timestamp_us"":9784844096},""fingers"":{""index"":{""has_data"":true,""last_update_ts"":1784118820.0386722,""mapped"":true},""middle"":{""has_data"":true,""last_update_ts"":1784118820.0386722,""mapped"":true},""pinky"":{""has_data"":true,""last_update_ts"":1784118820.0386722,""mapped"":true},""ring"":{""has_data"":true,""last_update_ts"":1784118820.0386722,""mapped"":true},""thumb"":{""has_data"":true,""last_update_ts"":1784118820.0386722,""mapped"":true}},""ports"":{""available"":[""BLE:Dexter""],""unavailable"":[]}}"
1784118820.0979755,1784118820.0978312,1661,ble,"{""index"":{""age_s"":0.00917196273803711,""channels"":3,""force"":[-0.4504115758619154,3.6431311904699966],""has_data"":true,""last_update_ts"":1784118820.0886593,""raw"":[19865,18928,12833]},""middle"":{""age_s"":0.00917196273803711,""channels"":3,""force"":[0.10334950780182517,-0.8128842276900032],""has_data"":true,""last_update_ts"":1784118820.0886593,""raw"":[15327,15542,16899]},""pinky"":{""age_s"":0.00917196273803711,""channels"":3,""force"":[-1.02484256108602,-0.7454445324600005],""has_data"":true,""last_update_ts"":1784118820.0886593,""raw"":[17419,15287,17696]},""ring"":{""age_s"":0.00917196273803711,""channels"":3,""force"":[0.2773612372169936,0.2533845339299985],""has_data"":true,""last_update_ts"":1784118820.0886593,""raw"":[15798,16375,15630]},""thumb"":{""age_s"":0.00917196273803711,""channels"":3,""force"":[0.0,-2.220446049250313e-16],""has_data"":true,""last_update_ts"":1784118820.0886593,""raw"":[0,0,0]}}","{""ble"":{""connection_state"":""connected"",""counter"":999284,""finger_order"":""DexterController.Visualizer"",""last_error"":null,""last_sample_age_s"":0.009197514998959377,""reconnect_count"":0,""sample_hz"":20.0,""sample_sequence"":1660,""timestamp_us"":9784891040},""fingers"":{""index"":{""has_data"":true,""last_update_ts"":1784118820.0886593,""mapped"":true},""middle"":{""has_data"":true,""last_update_ts"":1784118820.0886593,""mapped"":true},""pinky"":{""has_data"":true,""last_update_ts"":1784118820.0886593,""mapped"":true},""ring"":{""has_data"":true,""last_update_ts"":1784118820.0886593,""mapped"":true},""thumb"":{""has_data"":true,""last_update_ts"":1784118820.0886593,""mapped"":true}},""ports"":{""available"":[""BLE:Dexter""],""unavailable"":[]}}"
1784118820.1479716,1784118820.147831,1662,ble,"{""index"":{""age_s"":0.009176015853881836,""channels"":3,""force"":[-0.45762200663878794,4.120759649279999],""has_data"":true,""last_update_ts"":1784118820.138655,""raw"":[20086,19134,12186]},""middle"":{""age_s"":0.009176015853881836,""channels"":3,""force"":[0.280245409527744,-1.2236280504900012],""has_data"":true,""last_update_ts"":1784118820.138655,""raw"":[14820,15403,17316]},""pinky"":{""age_s"":0.009176015853881836,""channels"":3,""force"":[1.8766347835271233,0.5755964111399976],""has_data"":true,""last_update_ts"":1784118820.138655,""raw"":[16382,20286,17297]},""ring"":{""age_s"":0.009176015853881836,""channels"":3,""force"":[0.29418557569636405,0.8581215541199976],""has_data"":true,""last_update_ts"":1784118820.138655,""raw"":[15753,16365,14513]},""thumb"":{""age_s"":0.009176015853881836,""channels"":3,""force"":[0.0,-2.220446049250313e-16],""has_data"":true,""last_update_ts"":1784118820.138655,""raw"":[0,0,0]}}","{""ble"":{""connection_state"":""connected"",""counter"":999290,""finger_order"":""DexterController.Visualizer"",""last_error"":null,""last_sample_age_s"":0.009201111999573186,""reconnect_count"":0,""sample_hz"":20.0,""sample_sequence"":1661,""timestamp_us"":9784947648},""fingers"":{""index"":{""has_data"":true,""last_update_ts"":1784118820.138655,""mapped"":true},""middle"":{""has_data"":true,""last_update_ts"":1784118820.138655,""mapped"":true},""pinky"":{""has_data"":true,""last_update_ts"":1784118820.138655,""mapped"":true},""ring"":{""has_data"":true,""last_update_ts"":1784118820.138655,""mapped"":true},""thumb"":{""has_data"":true,""last_update_ts"":1784118820.138655,""mapped"":true}},""ports"":{""available"":[""BLE:Dexter""],""unavailable"":[]}}"
1784118820.1979744,1784118820.1978307,1663,ble,"{""index"":{""age_s"":0.009171009063720703,""channels"":3,""force"":[-0.6325951268242029,4.952238360839999],""has_data"":true,""last_update_ts"":1784118820.1886597,""raw"":[20853,19537,11273]},""middle"":{""age_s"":0.009171009063720703,""channels"":3,""force"":[0.16487851709779555,-1.350736611870003],""has_data"":true,""last_update_ts"":1784118820.1886597,""raw"":[15002,15345,17607]},""pinky"":{""age_s"":0.009171009063720703,""channels"":3,""force"":[-1.0190742164645261,-0.7487748877799998],""has_data"":true,""last_update_ts"":1784118820.1886597,""raw"":[17417,15297,17706]},""ring"":{""age_s"":0.009171009063720703,""channels"":3,""force"":[0.2739963695211216,0.25088676743999994],""has_data"":true,""last_update_ts"":1784118820.1886597,""raw"":[15802,16372,15635]},""thumb"":{""age_s"":0.009171009063720703,""channels"":3,""force"":[0.0,-2.220446049250313e-16],""has_data"":true,""last_update_ts"":1784118820.1886597,""raw"":[0,0,0]}}","{""ble"":{""connection_state"":""connected"",""counter"":999295,""finger_order"":""DexterController.Visualizer"",""last_error"":null,""last_sample_age_s"":0.009196132014039904,""reconnect_count"":0,""sample_hz"":20.0,""sample_sequence"":1662,""timestamp_us"":9784994624},""fingers"":{""index"":{""has_data"":true,""last_update_ts"":1784118820.1886597,""mapped"":true},""middle"":{""has_data"":true,""last_update_ts"":1784118820.1886597,""mapped"":true},""pinky"":{""has_data"":true,""last_update_ts"":1784118820.1886597,""mapped"":true},""ring"":{""has_data"":true,""last_update_ts"":1784118820.1886597,""mapped"":true},""thumb"":{""has_data"":true,""last_update_ts"":1784118820.1886597,""mapped"":true}},""ports"":{""available"":[""BLE:Dexter""],""unavailable"":[]}}"
1784118820.2479308,1784118820.2478137,1664,ble,"{""index"":{""age_s"":0.009154081344604492,""channels"":3,""force"":[-0.5628942959811116,5.821183569749999],""has_data"":true,""last_update_ts"":1784118820.2386596,""raw"":[21327,20156,10254]},""middle"":{""age_s"":0.009154081344604492,""channels"":3,""force"":[0.042301193890981637,-1.256099014860001],""has_data"":true,""last_update_ts"":1784118820.2386596,""raw"":[15210,15298,17517]},""pinky"":{""age_s"":0.009154081344604492,""channels"":3,""force"":[-1.0248425610860217,-0.7509951246600002],""has_data"":true,""last_update_ts"":1784118820.2386596,""raw"":[17420,15288,17707]},""ring"":{""age_s"":0.009154081344604492,""channels"":3,""force"":[0.27015080644012457,0.2542171227599992],""has_data"":true,""last_update_ts"":1784118820.2386596,""raw"":[15808,16370,15631]},""thumb"":{""age_s"":0.009154081344604492,""channels"":3,""force"":[0.0,-2.220446049250313e-16],""has_data"":true,""last_update_ts"":1784118820.2386596,""raw"":[0,0,0]}}","{""ble"":{""connection_state"":""connected"",""counter"":999300,""finger_order"":""DexterController.Visualizer"",""last_error"":null,""last_sample_age_s"":0.009174459002679214,""reconnect_count"":0,""sample_hz"":20.0,""sample_sequence"":1663,""timestamp_us"":9785041568},""fingers"":{""index"":{""has_data"":true,""last_update_ts"":1784118820.2386596,""mapped"":true},""middle"":{""has_data"":true,""last_update_ts"":1784118820.2386596,""mapped"":true},""pinky"":{""has_data"":true,""last_update_ts"":1784118820.2386596,""mapped"":true},""ring"":{""has_data"":true,""last_update_ts"":1784118820.2386596,""mapped"":true},""thumb"":{""has_data"":true,""last_update_ts"":1784118820.2386596,""mapped"":true}},""ports"":{""available"":[""BLE:Dexter""],""unavailable"":[]}}"
1784118820.297952,1784118820.2978191,1665,ble,"{""index"":{""age_s"":0.009159564971923828,""channels"":3,""force"":[-0.3653284926948288,6.251631994859997],""has_data"":true,""last_update_ts"":1784118820.2886596,""raw"":[21378,20618,9735]},""middle"":{""age_s"":0.009159564971923828,""channels"":3,""force"":[0.048550233897604045,-1.2791339724900004],""has_data"":true,""last_update_ts"":1784118820.2886596,""raw"":[15229,15330,17584]},""pinky"":{""age_s"":0.009159564971923828,""channels"":3,""force"":[-1.0243618657008948,-0.7379512329900022],""has_data"":true,""last_update_ts"":1784118820.2886596,""raw"":[17419,15288,17683]},""ring"":{""age_s"":0.009159564971923828,""channels"":3,""force"":[0.29274348954098706,0.26726101442999717],""has_data"":true,""last_update_ts"":1784118820.2886596,""raw"":[15797,16406,15620]},""thumb"":{""age_s"":0.009159564971923828,""channels"":3,""force"":[0.0,-2.220446049250313e-16],""has_data"":true,""last_update_ts"":1784118820.2886596,""raw"":[0,0,0]}}","{""ble"":{""connection_state"":""connected"",""counter"":999306,""finger_order"":""DexterController.Visualizer"",""last_error"":null,""last_sample_age_s"":0.00918429798912257,""reconnect_count"":0,""sample_hz"":20.0,""sample_sequence"":1664,""timestamp_us"":9785098112},""fingers"":{""index"":{""has_data"":true,""last_update_ts"":1784118820.2886596,""mapped"":true},""middle"":{""has_data"":true,""last_update_ts"":1784118820.2886596,""mapped"":true},""pinky"":{""has_data"":true,""last_update_ts"":1784118820.2886596,""mapped"":true},""ring"":{""has_data"":true,""last_update_ts"":1784118820.2886596,""mapped"":true},""thumb"":{""has_data"":true,""last_update_ts"":1784118820.2886596,""mapped"":true}},""ports"":{""available"":[""BLE:Dexter""],""unavailable"":[]}}"
1784118820.347963,1784118820.3478193,1666,ble,"{""index"":{""age_s"":0.009159564971923828,""channels"":3,""force"":[-0.18843259096891174,6.051255616439997],""has_data"":true,""last_update_ts"":1784118820.3386598,""raw"":[21060,20668,9962]},""middle"":{""age_s"":0.009159564971923828,""channels"":3,""force"":[0.290340012615367,-1.2461079488999998],""has_data"":true,""last_update_ts"":1784118820.3386598,""raw"":[15016,15620,17563]},""pinky"":{""age_s"":0.009159564971923828,""channels"":3,""force"":[-1.0219583887752712,-0.7471097101200019],""has_data"":true,""last_update_ts"":1784118820.3386598,""raw"":[17414,15288,17697]},""ring"":{""age_s"":0.009159564971923828,""channels"":3,""force"":[0.27736123721699535,0.2528294747099986],""has_data"":true,""last_update_ts"":1784118820.3386598,""raw"":[15793,16370,15626]},""thumb"":{""age_s"":0.009159564971923828,""channels"":3,""force"":[0.0,-2.220446049250313e-16],""has_data"":true,""last_update_ts"":1784118820.3386598,""raw"":[0,0,0]}}","{""ble"":{""connection_state"":""connected"",""counter"":999311,""finger_order"":""DexterController.Visualizer"",""last_error"":null,""last_sample_age_s"":0.00918462900153827,""reconnect_count"":0,""sample_hz"":20.0,""sample_sequence"":1665,""timestamp_us"":9785145120},""fingers"":{""index"":{""has_data"":true,""last_update_ts"":1784118820.3386598,""mapped"":true},""middle"":{""has_data"":true,""last_update_ts"":1784118820.3386598,""mapped"":true},""pinky"":{""has_data"":true,""last_update_ts"":1784118820.3386598,""mapped"":true},""ring"":{""has_data"":true,""last_update_ts"":1784118820.3386598,""mapped"":true},""thumb"":{""has_data"":true,""last_update_ts"":1784118820.3386598,""mapped"":true}},""ports"":{""available"":[""BLE:Dexter""],""unavailable"":[]}}"
1784118820.3979948,1784118820.3978672,1667,ble,"{""index"":{""age_s"":0.00920724868774414,""channels"":3,""force"":[-0.17593451095566692,5.843663468159997],""has_data"":true,""last_update_ts"":1784118820.38866,""raw"":[20920,20554,10209]},""middle"":{""age_s"":0.00920724868774414,""channels"":3,""force"":[0.38455630809981933,-1.1145589137600016],""has_data"":true,""last_update_ts"":1784118820.38866,""raw"":[15002,15802,17410]},""pinky"":{""age_s"":0.00920724868774414,""channels"":3,""force"":[-1.02484256108602,-0.7498850062200031],""has_data"":true,""last_update_ts"":1784118820.38866,""raw"":[17423,15291,17708]},""ring"":{""age_s"":0.00920724868774414,""channels"":3,""force"":[0.27736123721699535,0.25227441548999874],""has_data"":true,""last_update_ts"":1784118820.38866,""raw"":[15792,16369,15626]},""thumb"":{""age_s"":0.00920724868774414,""channels"":3,""force"":[0.0,-2.220446049250313e-16],""has_data"":true,""last_update_ts"":1784118820.38866,""raw"":[0,0,0]}}","{""ble"":{""connection_state"":""connected"",""counter"":999316,""finger_order"":""DexterController.Visualizer"",""last_error"":null,""last_sample_age_s"":0.009232004013028927,""reconnect_count"":0,""sample_hz"":20.0,""sample_sequence"":1666,""timestamp_us"":9785192064},""fingers"":{""index"":{""has_data"":true,""last_update_ts"":1784118820.38866,""mapped"":true},""middle"":{""has_data"":true,""last_update_ts"":1784118820.38866,""mapped"":true},""pinky"":{""has_data"":true,""last_update_ts"":1784118820.38866,""mapped"":true},""ring"":{""has_data"":true,""last_update_ts"":1784118820.38866,""mapped"":true},""thumb"":{""has_data"":true,""last_update_ts"":1784118820.38866,""mapped"":true}},""ports"":{""available"":[""BLE:Dexter""],""unavailable"":[]}}"
1784118820.4479313,1784118820.4478014,1668,ble,"{""index"":{""age_s"":0.009142160415649414,""channels"":3,""force"":[-0.2086217971441524,5.647172504279998],""has_data"":true,""last_update_ts"":1784118820.4386592,""raw"":[20876,20442,10485]},""middle"":{""age_s"":0.009142160415649414,""channels"":3,""force"":[0.2701508064401228,-0.8398045998600017],""has_data"":true,""last_update_ts"":1784118820.4386592,""raw"":[15267,15829,17061]},""pinky"":{""age_s"":0.009142160415649414,""channels"":3,""force"":[-1.0219583887752712,-0.7515501838800018],""has_data"":true,""last_update_ts"":1784118820.4386592,""raw"":[17415,15289,17706]},""ring"":{""age_s"":0.009142160415649414,""channels"":3,""force"":[0.2715928925954998,0.25449465236999647],""has_data"":true,""last_update_ts"":1784118820.4386592,""raw"":[15803,16368,15627]},""thumb"":{""age_s"":0.009142160415649414,""channels"":3,""force"":[0.0,-2.220446049250313e-16],""has_data"":true,""last_update_ts"":1784118820.4386592,""raw"":[0,0,0]}}","{""ble"":{""connection_state"":""connected"",""counter"":999322,""finger_order"":""DexterController.Visualizer"",""last_error"":null,""last_sample_age_s"":0.009164800998405553,""reconnect_count"":0,""sample_hz"":20.0,""sample_sequence"":1667,""timestamp_us"":9785248448},""fingers"":{""index"":{""has_data"":true,""last_update_ts"":1784118820.4386592,""mapped"":true},""middle"":{""has_data"":true,""last_update_ts"":1784118820.4386592,""mapped"":true},""pinky"":{""has_data"":true,""last_update_ts"":1784118820.4386592,""mapped"":true},""ring"":{""has_data"":true,""last_update_ts"":1784118820.4386592,""mapped"":true},""thumb"":{""has_data"":true,""last_update_ts"":1784118820.4386592,""mapped"":true}},""ports"":{""available"":[""BLE:Dexter""],""unavailable"":[]}}"
1784118820.4980452,1784118820.4978228,1669,ble,"{""index"":{""age_s"":0.009160995483398438,""channels"":3,""force"":[-0.05624136005959812,5.309974028129998],""has_data"":true,""last_update_ts"":1784118820.4886618,""raw"":[20498,20381,10873]},""middle"":{""age_s"":0.009160995483398438,""channels"":3,""force"":[0.2624596802781287,-0.8203775271600016],""has_data"":true,""last_update_ts"":1784118820.4886618,""raw"":[15277,15823,17028]},""pinky"":{""age_s"":0.009160995483398438,""channels"":3,""force"":[-1.0205163026198978,-0.7396164106500018],""has_data"":true,""last_update_ts"":1784118820.4886618,""raw"":[17414,15291,17685]},""ring"":{""age_s"":0.009160995483398438,""channels"":3,""force"":[0.2893786218451151,0.2586575965199991],""has_data"":true,""last_update_ts"":1784118820.4886618,""raw"":[15790,16392,15625]},""thumb"":{""age_s"":0.009160995483398438,""channels"":3,""force"":[0.0,-2.220446049250313e-16],""has_data"":true,""last_update_ts"":1784118820.4886618,""raw"":[0,0,0]}}","{""ble"":{""connection_state"":""connected"",""counter"":999327,""finger_order"":""DexterController.Visualizer"",""last_error"":null,""last_sample_age_s"":0.009192204001010396,""reconnect_count"":0,""sample_hz"":20.0,""sample_sequence"":1668,""timestamp_us"":9785295456},""fingers"":{""index"":{""has_data"":true,""last_update_ts"":1784118820.4886618,""mapped"":true},""middle"":{""has_data"":true,""last_update_ts"":1784118820.4886618,""mapped"":true},""pinky"":{""has_data"":true,""last_update_ts"":1784118820.4886618,""mapped"":true},""ring"":{""has_data"":true,""last_update_ts"":1784118820.4886618,""mapped"":true},""thumb"":{""has_data"":true,""last_update_ts"":1784118820.4886618,""mapped"":true}},""ports"":{""available"":[""BLE:Dexter""],""unavailable"":[]}}"
1784118820.5479405,1784118820.547812,1670,ble,"{""index"":{""age_s"":0.009151458740234375,""channels"":3,""force"":[-0.06922013545796801,4.953903538499999],""has_data"":true,""last_update_ts"":1784118820.5386605,""raw"":[20337,20193,11340]},""middle"":{""age_s"":0.009151458740234375,""channels"":3,""force"":[-0.020669901560365744,-0.4937251761900008],""has_data"":true,""last_update_ts"":1784118820.5386605,""raw"":[15722,15679,16590]},""pinky"":{""age_s"":0.009151458740234375,""channels"":3,""force"":[-1.022439084160398,-0.7479422989500009],""has_data"":true,""last_update_ts"":1784118820.5386605,""raw"":[17422,15295,17706]},""ring"":{""age_s"":0.009151458740234375,""channels"":3,""force"":[0.27736123721699535,0.24783394172999795],""has_data"":true,""last_update_ts"":1784118820.5386605,""raw"":[15792,16369,15634]},""thumb"":{""age_s"":0.009151458740234375,""channels"":3,""force"":[0.0,-2.220446049250313e-16],""has_data"":true,""last_update_ts"":1784118820.5386605,""raw"":[0,0,0]}}","{""ble"":{""connection_state"":""connected"",""counter"":999332,""finger_order"":""DexterController.Visualizer"",""last_error"":null,""last_sample_age_s"":0.009171683006570674,""reconnect_count"":0,""sample_hz"":20.0,""sample_sequence"":1669,""timestamp_us"":9785342368},""fingers"":{""index"":{""has_data"":true,""last_update_ts"":1784118820.5386605,""mapped"":true},""middle"":{""has_data"":true,""last_update_ts"":1784118820.5386605,""mapped"":true},""pinky"":{""has_data"":true,""last_update_ts"":1784118820.5386605,""mapped"":true},""ring"":{""has_data"":true,""last_update_ts"":1784118820.5386605,""mapped"":true},""thumb"":{""has_data"":true,""last_update_ts"":1784118820.5386605,""mapped"":true}},""ports"":{""available"":[""BLE:Dexter""],""unavailable"":[]}}"
1784118820.5979152,1784118820.5978003,1671,ble,"{""index"":{""age_s"":0.009144067764282227,""channels"":3,""force"":[-0.1129634155043231,3.7730150479499978],""has_data"":true,""last_update_ts"":1784118820.5886562,""raw"":[19651,19416,12736]},""middle"":{""age_s"":0.009144067764282227,""channels"":3,""force"":[-0.5499155205827435,0.386321217119999],""has_data"":true,""last_update_ts"":1784118820.5886562,""raw"":[16766,15622,15498]},""pinky"":{""age_s"":0.009144067764282227,""channels"":3,""force"":[-1.034456468788516,-0.7471097101200037],""has_data"":true,""last_update_ts"":1784118820.5886562,""raw"":[17431,15279,17701]},""ring"":{""age_s"":0.009144067764282227,""channels"":3,""force"":[0.2706315018252461,0.25671488924999775],""has_data"":true,""last_update_ts"":1784118820.5886562,""raw"":[15805,16368,15624]},""thumb"":{""age_s"":0.009144067764282227,""channels"":3,""force"":[0.0,-2.220446049250313e-16],""has_data"":true,""last_update_ts"":1784118820.5886562,""raw"":[0,0,0]}}","{""ble"":{""connection_state"":""connected"",""counter"":999338,""finger_order"":""DexterController.Visualizer"",""last_error"":null,""last_sample_age_s"":0.009162295013084076,""reconnect_count"":0,""sample_hz"":20.0,""sample_sequence"":1670,""timestamp_us"":9785398816},""fingers"":{""index"":{""has_data"":true,""last_update_ts"":1784118820.5886562,""mapped"":true},""middle"":{""has_data"":true,""last_update_ts"":1784118820.5886562,""mapped"":true},""pinky"":{""has_data"":true,""last_update_ts"":1784118820.5886562,""mapped"":true},""ring"":{""has_data"":true,""last_update_ts"":1784118820.5886562,""mapped"":true},""thumb"":{""has_data"":true,""last_update_ts"":1784118820.5886562,""mapped"":true}},""ports"":{""available"":[""BLE:Dexter""],""unavailable"":[]}}"
1784118820.6479416,1784118820.6478233,1672,ble,"{""index"":{""age_s"":0.009167909622192383,""channels"":3,""force"":[-0.10671437549770069,2.7286711255199982],""has_data"":true,""last_update_ts"":1784118820.6386554,""raw"":[18977,18755,13950]},""middle"":{""age_s"":0.009167909622192383,""channels"":3,""force"":[-0.6465352929928248,0.7396164106499992],""has_data"":true,""last_update_ts"":1784118820.6386554,""raw"":[17059,15714,15054]},""pinky"":{""age_s"":0.009167909622192383,""channels"":3,""force"":[-1.0243618657008966,-0.7401714698700008],""has_data"":true,""last_update_ts"":1784118820.6386554,""raw"":[17424,15293,17692]},""ring"":{""age_s"":0.009167909622192383,""channels"":3,""force"":[0.270150806440121,0.2642081887199996],""has_data"":true,""last_update_ts"":1784118820.6386554,""raw"":[15813,16375,15618]},""thumb"":{""age_s"":0.009167909622192383,""channels"":3,""force"":[0.0,-2.220446049250313e-16],""has_data"":true,""last_update_ts"":1784118820.6386554,""raw"":[0,0,0]}}","{""ble"":{""connection_state"":""connected"",""counter"":999343,""finger_order"":""DexterController.Visualizer"",""last_error"":null,""last_sample_age_s"":0.009188076001009904,""reconnect_count"":0,""sample_hz"":20.0,""sample_sequence"":1671,""timestamp_us"":9785445856},""fingers"":{""index"":{""has_data"":true,""last_update_ts"":1784118820.6386554,""mapped"":true},""middle"":{""has_data"":true,""last_update_ts"":1784118820.6386554,""mapped"":true},""pinky"":{""has_data"":true,""last_update_ts"":1784118820.6386554,""mapped"":true},""ring"":{""has_data"":true,""last_update_ts"":1784118820.6386554,""mapped"":true},""thumb"":{""has_data"":true,""last_update_ts"":1784118820.6386554,""mapped"":true}},""ports"":{""available"":[""BLE:Dexter""],""unavailable"":[]}}"
1784118820.697941,1784118820.6978135,1673,ble,"{""index"":{""age_s"":0.009164810180664062,""channels"":3,""force"":[-0.12498080013244284,1.8300302483399982],""has_data"":true,""last_update_ts"":1784118820.6886487,""raw"":[18410,18150,14983]},""middle"":{""age_s"":0.009164810180664062,""channels"":3,""force"":[-0.53453326825875,0.8270382377999992],""has_data"":true,""last_update_ts"":1784118820.6886487,""raw"":[16957,15845,14911]},""pinky"":{""age_s"":0.009164810180664062,""channels"":3,""force"":[-1.0214776933901497,-0.7446119436299998],""has_data"":true,""last_update_ts"":1784118820.6886487,""raw"":[17420,15295,17699]},""ring"":{""age_s"":0.009164810180664062,""channels"":3,""force"":[0.277841932602124,0.2531070043199968],""has_data"":true,""last_update_ts"":1784118820.6886487,""raw"":[15795,16373,15628]},""thumb"":{""age_s"":0.009164810180664062,""channels"":3,""force"":[0.0,-2.220446049250313e-16],""has_data"":true,""last_update_ts"":1784118820.6886487,""raw"":[0,0,0]}}","{""ble"":{""connection_state"":""connected"",""counter"":999348,""finger_order"":""DexterController.Visualizer"",""last_error"":null,""last_sample_age_s"":0.009184688999084756,""reconnect_count"":0,""sample_hz"":20.0,""sample_sequence"":1672,""timestamp_us"":9785492896},""fingers"":{""index"":{""has_data"":true,""last_update_ts"":1784118820.6886487,""mapped"":true},""middle"":{""has_data"":true,""last_update_ts"":1784118820.6886487,""mapped"":true},""pinky"":{""has_data"":true,""last_update_ts"":1784118820.6886487,""mapped"":true},""ring"":{""has_data"":true,""last_update_ts"":1784118820.6886487,""mapped"":true},""thumb"":{""has_data"":true,""last_update_ts"":1784118820.6886487,""mapped"":true}},""ports"":{""available"":[""BLE:Dexter""],""unavailable"":[]}}"
1784118820.7479625,1784118820.7478182,1674,ble,"{""index"":{""age_s"":0.009160995483398438,""channels"":3,""force"":[-0.16391712632754718,1.1375938713899973],""has_data"":true,""last_update_ts"":1784118820.7386572,""raw"":[17992,17651,15772]},""middle"":{""age_s"":0.009160995483398438,""channels"":3,""force"":[-0.43358723738254845,0.9258387789599984],""has_data"":true,""last_update_ts"":1784118820.7386572,""raw"":[16883,15981,14764]},""pinky"":{""age_s"":0.009160995483398438,""channels"":3,""force"":[-1.0214776933901497,-0.7446119436299998],""has_data"":true,""last_update_ts"":1784118820.7386572,""raw"":[17420,15295,17699]},""ring"":{""age_s"":0.009160995483398438,""channels"":3,""force"":[0.27880332337237057,0.2597677149599962],""has_data"":true,""last_update_ts"":1784118820.7386572,""raw"":[15795,16375,15617]},""thumb"":{""age_s"":0.009160995483398438,""channels"":3,""force"":[0.0,-2.220446049250313e-16],""has_data"":true,""last_update_ts"":1784118820.7386572,""raw"":[0,0,0]}}","{""ble"":{""connection_state"":""connected"",""counter"":999353,""finger_order"":""DexterController.Visualizer"",""last_error"":null,""last_sample_age_s"":0.009186292998492718,""reconnect_count"":0,""sample_hz"":20.0,""sample_sequence"":1673,""timestamp_us"":9785540000},""fingers"":{""index"":{""has_data"":true,""last_update_ts"":1784118820.7386572,""mapped"":true},""middle"":{""has_data"":true,""last_update_ts"":1784118820.7386572,""mapped"":true},""pinky"":{""has_data"":true,""last_update_ts"":1784118820.7386572,""mapped"":true},""ring"":{""has_data"":true,""last_update_ts"":1784118820.7386572,""mapped"":true},""thumb"":{""has_data"":true,""last_update_ts"":1784118820.7386572,""mapped"":true}},""ports"":{""available"":[""BLE:Dexter""],""unavailable"":[]}}"
1784118820.7979746,1784118820.7978299,1675,ble,"{""index"":{""age_s"":0.009182453155517578,""channels"":3,""force"":[-0.29899252954761124,0.3124983408599977],""has_data"":true,""last_update_ts"":1784118820.7886474,""raw"":[17601,16979,16727]},""middle"":{""age_s"":0.009182453155517578,""channels"":3,""force"":[-0.3302377295807215,1.0848632454900002],""has_data"":true,""last_update_ts"":1784118820.7886474,""raw"":[16837,16150,14539]},""pinky"":{""age_s"":0.009182453155517578,""channels"":3,""force"":[-1.0258039518562718,-0.7476647693400027],""has_data"":true,""last_update_ts"":1784118820.7886474,""raw"":[17421,15287,17701]},""ring"":{""age_s"":0.009182453155517578,""channels"":3,""force"":[0.2706315018252461,0.25338453393000027],""has_data"":true,""last_update_ts"":1784118820.7886474,""raw"":[15805,16368,15630]},""thumb"":{""age_s"":0.009182453155517578,""channels"":3,""force"":[0.0,-2.220446049250313e-16],""has_data"":true,""last_update_ts"":1784118820.7886474,""raw"":[0,0,0]}}","{""ble"":{""connection_state"":""connected"",""counter"":999359,""finger_order"":""DexterController.Visualizer"",""last_error"":null,""last_sample_age_s"":0.009207545008393936,""reconnect_count"":0,""sample_hz"":20.0,""sample_sequence"":1674,""timestamp_us"":9785596416},""fingers"":{""index"":{""has_data"":true,""last_update_ts"":1784118820.7886474,""mapped"":true},""middle"":{""has_data"":true,""last_update_ts"":1784118820.7886474,""mapped"":true},""pinky"":{""has_data"":true,""last_update_ts"":1784118820.7886474,""mapped"":true},""ring"":{""has_data"":true,""last_update_ts"":1784118820.7886474,""mapped"":true},""thumb"":{""has_data"":true,""last_update_ts"":1784118820.7886474,""mapped"":true}},""ports"":{""available"":[""BLE:Dexter""],""unavailable"":[]}}"
1784118820.8479548,1784118820.8478296,1676,ble,"{""index"":{""age_s"":0.009166717529296875,""channels"":3,""force"":[-0.37494240039732496,-0.15541658160000082],""has_data"":true,""last_update_ts"":1784118820.8386629,""raw"":[17374,16594,17264]},""middle"":{""age_s"":0.009166717529296875,""channels"":3,""force"":[-0.34946554498571203,1.2347292348899988],""has_data"":true,""last_update_ts"":1784118820.8386629,""raw"":[16936,16209,14348]},""pinky"":{""age_s"":0.009166717529296875,""channels"":3,""force"":[-1.02580395185627,-0.7471097101200028],""has_data"":true,""last_update_ts"":1784118820.8386629,""raw"":[17422,15288,17701]},""ring"":{""age_s"":0.009166717529296875,""channels"":3,""force"":[0.2759191510616166,0.2542171227599983],""has_data"":true,""last_update_ts"":1784118820.8386629,""raw"":[15797,16371,15626]},""thumb"":{""age_s"":0.009166717529296875,""channels"":3,""force"":[0.0,-2.220446049250313e-16],""has_data"":true,""last_update_ts"":1784118820.8386629,""raw"":[0,0,0]}}","{""ble"":{""connection_state"":""connected"",""counter"":999364,""finger_order"":""DexterController.Visualizer"",""last_error"":null,""last_sample_age_s"":0.009192013996653259,""reconnect_count"":0,""sample_hz"":20.0,""sample_sequence"":1675,""timestamp_us"":9785643456},""fingers"":{""index"":{""has_data"":true,""last_update_ts"":1784118820.8386629,""mapped"":true},""middle"":{""has_data"":true,""last_update_ts"":1784118820.8386629,""mapped"":true},""pinky"":{""has_data"":true,""last_update_ts"":1784118820.8386629,""mapped"":true},""ring"":{""has_data"":true,""last_update_ts"":1784118820.8386629,""mapped"":true},""thumb"":{""has_data"":true,""last_update_ts"":1784118820.8386629,""mapped"":true}},""ports"":{""available"":[""BLE:Dexter""],""unavailable"":[]}}"
1784118820.8979437,1784118820.8978233,1677,ble,"{""index"":{""age_s"":0.009166479110717773,""channels"":3,""force"":[-0.48550233897602446,-0.3463569532800017],""has_data"":true,""last_update_ts"":1784118820.8886569,""raw"":[17376,16366,17495]},""middle"":{""age_s"":0.009166479110717773,""channels"":3,""force"":[-0.39657369272794263,1.1559108256499986],""has_data"":true,""last_update_ts"":1784118820.8886569,""raw"":[16932,16107,14437]},""pinky"":{""age_s"":0.009166479110717773,""channels"":3,""force"":[-1.0234004749306465,-0.7429467659700011],""has_data"":true,""last_update_ts"":1784118820.8886569,""raw"":[17418,15289,17692]},""ring"":{""age_s"":0.009166479110717773,""channels"":3,""force"":[0.273034978750875,0.25310700431999766],""has_data"":true,""last_update_ts"":1784118820.8886569,""raw"":[15796,16364,15624]},""thumb"":{""age_s"":0.009166479110717773,""channels"":3,""force"":[0.0,-2.220446049250313e-16],""has_data"":true,""last_update_ts"":1784118820.8886569,""raw"":[0,0,0]}}","{""ble"":{""connection_state"":""connected"",""counter"":999369,""finger_order"":""DexterController.Visualizer"",""last_error"":null,""last_sample_age_s"":0.00919094099663198,""reconnect_count"":0,""sample_hz"":20.0,""sample_sequence"":1676,""timestamp_us"":9785690400},""fingers"":{""index"":{""has_data"":true,""last_update_ts"":1784118820.8886569,""mapped"":true},""middle"":{""has_data"":true,""last_update_ts"":1784118820.8886569,""mapped"":true},""pinky"":{""has_data"":true,""last_update_ts"":1784118820.8886569,""mapped"":true},""ring"":{""has_data"":true,""last_update_ts"":1784118820.8886569,""mapped"":true},""thumb"":{""has_data"":true,""last_update_ts"":1784118820.8886569,""mapped"":true}},""ports"":{""available"":[""BLE:Dexter""],""unavailable"":[]}}"
1784118820.9479308,1784118820.9478269,1678,ble,"{""index"":{""age_s"":0.009170293807983398,""channels"":3,""force"":[-0.4898285974421448,-0.4260079513500008],""has_data"":true,""last_update_ts"":1784118820.9386566,""raw"":[17305,16286,17563]},""middle"":{""age_s"":0.009170293807983398,""channels"":3,""force"":[-0.4215698527544287,1.107620673509997],""has_data"":true,""last_update_ts"":1784118820.9386566,""raw"":[16790,15913,14356]},""pinky"":{""age_s"":0.009170293807983398,""channels"":3,""force"":[1.5800457309051357,0.4748531627099979],""has_data"":true,""last_update_ts"":1784118820.9386566,""raw"":[16563,19850,17351]},""ring"":{""age_s"":0.009170293807983398,""channels"":3,""force"":[0.3239886895740991,0.7920695069399981],""has_data"":true,""last_update_ts"":1784118820.9386566,""raw"":[15741,16415,14651]},""thumb"":{""age_s"":0.009170293807983398,""channels"":3,""force"":[0.0,-2.220446049250313e-16],""has_data"":true,""last_update_ts"":1784118820.9386566,""raw"":[0,0,0]}}","{""ble"":{""connection_state"":""connected"",""counter"":999375,""finger_order"":""DexterController.Visualizer"",""last_error"":null,""last_sample_age_s"":0.009191171993734315,""reconnect_count"":0,""sample_hz"":20.0,""sample_sequence"":1677,""timestamp_us"":9785746944},""fingers"":{""index"":{""has_data"":true,""last_update_ts"":1784118820.9386566,""mapped"":true},""middle"":{""has_data"":true,""last_update_ts"":1784118820.9386566,""mapped"":true},""pinky"":{""has_data"":true,""last_update_ts"":1784118820.9386566,""mapped"":true},""ring"":{""has_data"":true,""last_update_ts"":1784118820.9386566,""mapped"":true},""thumb"":{""has_data"":true,""last_update_ts"":1784118820.9386566,""mapped"":true}},""ports"":{""available"":[""BLE:Dexter""],""unavailable"":[]}}"
1784118820.9979427,1784118820.9978313,1679,ble,"{""index"":{""age_s"":0.009174346923828125,""channels"":3,""force"":[-0.5383788313397471,-0.45792385650000345],""has_data"":true,""last_update_ts"":1784118820.988657,""raw"":[17378,16258,17643]},""middle"":{""age_s"":0.009174346923828125,""channels"":3,""force"":[-0.4316644558420464,0.9397152594599971],""has_data"":true,""last_update_ts"":1784118820.988657,""raw"":[16839,15941,14697]},""pinky"":{""age_s"":0.009174346923828125,""channels"":3,""force"":[-1.0224390841603963,-0.7446119436300007],""has_data"":true,""last_update_ts"":1784118820.988657,""raw"":[17418,15291,17696]},""ring"":{""age_s"":0.009174346923828125,""channels"":3,""force"":[0.2816874956831228,0.2564373596399987],""has_data"":true,""last_update_ts"":1784118820.988657,""raw"":[15795,16381,15626]},""thumb"":{""age_s"":0.009174346923828125,""channels"":3,""force"":[0.0,-2.220446049250313e-16],""has_data"":true,""last_update_ts"":1784118820.988657,""raw"":[0,0,0]}}","{""ble"":{""connection_state"":""connected"",""counter"":999380,""finger_order"":""DexterController.Visualizer"",""last_error"":null,""last_sample_age_s"":0.00920005000079982,""reconnect_count"":0,""sample_hz"":20.0,""sample_sequence"":1678,""timestamp_us"":9785794048},""fingers"":{""index"":{""has_data"":true,""last_update_ts"":1784118820.988657,""mapped"":true},""middle"":{""has_data"":true,""last_update_ts"":1784118820.988657,""mapped"":true},""pinky"":{""has_data"":true,""last_update_ts"":1784118820.988657,""mapped"":true},""ring"":{""has_data"":true,""last_update_ts"":1784118820.988657,""mapped"":true},""thumb"":{""has_data"":true,""last_update_ts"":1784118820.988657,""mapped"":true}},""ports"":{""available"":[""BLE:Dexter""],""unavailable"":[]}}"
1784118821.0479484,1784118821.0478284,1680,ble,"{""index"":{""age_s"":0.009170293807983398,""channels"":3,""force"":[-0.6619175453168165,-0.40658087865000336],""has_data"":true,""last_update_ts"":1784118821.0386581,""raw"":[17558,16181,17602]},""middle"":{""age_s"":0.009170293807983398,""channels"":3,""force"":[-0.48406025282064746,0.8994734660099963],""has_data"":true,""last_update_ts"":1784118821.0386581,""raw"":[16868,15861,14744]},""pinky"":{""age_s"":0.009170293807983398,""channels"":3,""force"":[-1.0291688195521438,-0.7457220620700014],""has_data"":true,""last_update_ts"":1784118821.0386581,""raw"":[17427,15286,17700]},""ring"":{""age_s"":0.009170293807983398,""channels"":3,""force"":[0.27303497875087146,0.2564373596399969],""has_data"":true,""last_update_ts"":1784118821.0386581,""raw"":[15799,16367,15621]},""thumb"":{""age_s"":0.009170293807983398,""channels"":3,""force"":[0.0,-2.220446049250313e-16],""has_data"":true,""last_update_ts"":1784118821.0386581,""raw"":[0,0,0]}}","{""ble"":{""connection_state"":""connected"",""counter"":999385,""finger_order"":""DexterController.Visualizer"",""last_error"":null,""last_sample_age_s"":0.009195500999339856,""reconnect_count"":0,""sample_hz"":20.0,""sample_sequence"":1679,""timestamp_us"":9785840992},""fingers"":{""index"":{""has_data"":true,""last_update_ts"":1784118821.0386581,""mapped"":true},""middle"":{""has_data"":true,""last_update_ts"":1784118821.0386581,""mapped"":true},""pinky"":{""has_data"":true,""last_update_ts"":1784118821.0386581,""mapped"":true},""ring"":{""has_data"":true,""last_update_ts"":1784118821.0386581,""mapped"":true},""thumb"":{""has_data"":true,""last_update_ts"":1784118821.0386581,""mapped"":true}},""ports"":{""available"":[""BLE:Dexter""],""unavailable"":[]}}"
1784118821.0979476,1784118821.0978277,1681,ble,"{""index"":{""age_s"":0.009170293807983398,""channels"":3,""force"":[-0.9378366963784384,-0.14903340057000225],""has_data"":true,""last_update_ts"":1784118821.0886574,""raw"":[18014,16063,17307]},""middle"":{""age_s"":0.009170293807983398,""channels"":3,""force"":[-0.49127068359752,0.8003953952399963],""has_data"":true,""last_update_ts"":1784118821.0886574,""raw"":[16839,15817,14886]},""pinky"":{""age_s"":0.009170293807983398,""channels"":3,""force"":[-1.0195549118496494,-0.7446119436300025],""has_data"":true,""last_update_ts"":1784118821.0886574,""raw"":[17416,15295,17697]},""ring"":{""age_s"":0.009170293807983398,""channels"":3,""force"":[0.2893786218451151,0.26420818871999785],""has_data"":true,""last_update_ts"":1784118821.0886574,""raw"":[15794,16396,15619]},""thumb"":{""age_s"":0.009170293807983398,""channels"":3,""force"":[0.0,-2.220446049250313e-16],""has_data"":true,""last_update_ts"":1784118821.0886574,""raw"":[0,0,0]}}","{""ble"":{""connection_state"":""connected"",""counter"":999391,""finger_order"":""DexterController.Visualizer"",""last_error"":null,""last_sample_age_s"":0.009195340011501685,""reconnect_count"":0,""sample_hz"":20.0,""sample_sequence"":1680,""timestamp_us"":9785897440},""fingers"":{""index"":{""has_data"":true,""last_update_ts"":1784118821.0886574,""mapped"":true},""middle"":{""has_data"":true,""last_update_ts"":1784118821.0886574,""mapped"":true},""pinky"":{""has_data"":true,""last_update_ts"":1784118821.0886574,""mapped"":true},""ring"":{""has_data"":true,""last_update_ts"":1784118821.0886574,""mapped"":true},""thumb"":{""has_data"":true,""last_update_ts"":1784118821.0886574,""mapped"":true}},""ports"":{""available"":[""BLE:Dexter""],""unavailable"":[]}}"
1784118821.147945,1784118821.1478264,1682,ble,"{""index"":{""age_s"":0.009168386459350586,""channels"":3,""force"":[-1.2579798228715404,-0.030805786710002003],""has_data"":true,""last_update_ts"":1784118821.138658,""raw"":[18441,15824,17188]},""middle"":{""age_s"":0.009168386459350586,""channels"":3,""force"":[-0.40955246812631074,0.7332332296199979],""has_data"":true,""last_update_ts"":1784118821.138658,""raw"":[16722,15870,14975]},""pinky"":{""age_s"":0.009168386459350586,""channels"":3,""force"":[-1.0267653426265237,-0.7459995916800022],""has_data"":true,""last_update_ts"":1784118821.138658,""raw"":[17425,15289,17701]},""ring"":{""age_s"":0.009168386459350586,""channels"":3,""force"":[0.2739963695211234,0.25366206353999665],""has_data"":true,""last_update_ts"":1784118821.138658,""raw"":[15799,16369,15627]},""thumb"":{""age_s"":0.009168386459350586,""channels"":3,""force"":[0.0,-2.220446049250313e-16],""has_data"":true,""last_update_ts"":1784118821.138658,""raw"":[0,0,0]}}","{""ble"":{""connection_state"":""connected"",""counter"":999396,""finger_order"":""DexterController.Visualizer"",""last_error"":null,""last_sample_age_s"":0.009193696998408996,""reconnect_count"":0,""sample_hz"":20.0,""sample_sequence"":1681,""timestamp_us"":9785944480},""fingers"":{""index"":{""has_data"":true,""last_update_ts"":1784118821.138658,""mapped"":true},""middle"":{""has_data"":true,""last_update_ts"":1784118821.138658,""mapped"":true},""pinky"":{""has_data"":true,""last_update_ts"":1784118821.138658,""mapped"":true},""ring"":{""has_data"":true,""last_update_ts"":1784118821.138658,""mapped"":true},""thumb"":{""has_data"":true,""last_update_ts"":1784118821.138658,""mapped"":true}},""ports"":{""available"":[""BLE:Dexter""],""unavailable"":[]}}"
1784118821.1979487,1784118821.197821,1683,ble,"{""index"":{""age_s"":0.009163379669189453,""channels"":3,""force"":[-1.3565223768221149,-0.14209516032000025],""has_data"":true,""last_update_ts"":1784118821.1886575,""raw"":[18479,15657,17324]},""middle"":{""age_s"":0.009163379669189453,""channels"":3,""force"":[-0.340813028053466,0.6125078492699982],""has_data"":true,""last_update_ts"":1784118821.1886575,""raw"":[16566,15857,15108]},""pinky"":{""age_s"":0.009163379669189453,""channels"":3,""force"":[-1.0272460380116453,-0.7462771212900012],""has_data"":true,""last_update_ts"":1784118821.1886575,""raw"":[17428,15291,17704]},""ring"":{""age_s"":0.009163379669189453,""channels"":3,""force"":[0.2744770649062449,0.2556047708099989],""has_data"":true,""last_update_ts"":1784118821.1886575,""raw"":[15801,16372,15626]},""thumb"":{""age_s"":0.009163379669189453,""channels"":3,""force"":[0.0,-2.220446049250313e-16],""has_data"":true,""last_update_ts"":1784118821.1886575,""raw"":[0,0,0]}}","{""ble"":{""connection_state"":""connected"",""counter"":999401,""finger_order"":""DexterController.Visualizer"",""last_error"":null,""last_sample_age_s"":0.009188947995426133,""reconnect_count"":0,""sample_hz"":20.0,""sample_sequence"":1682,""timestamp_us"":9785991488},""fingers"":{""index"":{""has_data"":true,""last_update_ts"":1784118821.1886575,""mapped"":true},""middle"":{""has_data"":true,""last_update_ts"":1784118821.1886575,""mapped"":true},""pinky"":{""has_data"":true,""last_update_ts"":1784118821.1886575,""mapped"":true},""ring"":{""has_data"":true,""last_update_ts"":1784118821.1886575,""mapped"":true},""thumb"":{""has_data"":true,""last_update_ts"":1784118821.1886575,""mapped"":true}},""ports"":{""available"":[""BLE:Dexter""],""unavailable"":[]}}"
1784118821.2479508,1784118821.2478254,1684,ble,"{""index"":{""age_s"":0.009168386459350586,""channels"":3,""force"":[-1.3046072752286424,-0.20925732594000124],""has_data"":true,""last_update_ts"":1784118821.238657,""raw"":[18370,15656,17390]},""middle"":{""age_s"":0.009168386459350586,""channels"":3,""force"":[-0.33600607420221884,0.5048263605899983],""has_data"":true,""last_update_ts"":1784118821.238657,""raw"":[16503,15804,15244]},""pinky"":{""age_s"":0.009168386459350586,""channels"":3,""force"":[-1.02580395185627,-0.7454445324600005],""has_data"":true,""last_update_ts"":1784118821.238657,""raw"":[17423,15289,17699]},""ring"":{""age_s"":0.009168386459350586,""channels"":3,""force"":[0.2735156741359983,0.2556047708099962],""has_data"":true,""last_update_ts"":1784118821.238657,""raw"":[15796,16365,15620]},""thumb"":{""age_s"":0.009168386459350586,""channels"":3,""force"":[0.0,-2.220446049250313e-16],""has_data"":true,""last_update_ts"":1784118821.238657,""raw"":[0,0,0]}}","{""ble"":{""connection_state"":""connected"",""counter"":999407,""finger_order"":""DexterController.Visualizer"",""last_error"":null,""last_sample_age_s"":0.009193938007229008,""reconnect_count"":0,""sample_hz"":20.0,""sample_sequence"":1683,""timestamp_us"":9786047904},""fingers"":{""index"":{""has_data"":true,""last_update_ts"":1784118821.238657,""mapped"":true},""middle"":{""has_data"":true,""last_update_ts"":1784118821.238657,""mapped"":true},""pinky"":{""has_data"":true,""last_update_ts"":1784118821.238657,""mapped"":true},""ring"":{""has_data"":true,""last_update_ts"":1784118821.238657,""mapped"":true},""thumb"":{""has_data"":true,""last_update_ts"":1784118821.238657,""mapped"":true}},""ports"":{""available"":[""BLE:Dexter""],""unavailable"":[]}}"
1784118821.2979467,1784118821.2978206,1685,ble,"{""index"":{""age_s"":0.009163618087768555,""channels"":3,""force"":[-1.2339450536152974,-0.22896192825000217],""has_data"":true,""last_update_ts"":1784118821.288657,""raw"":[18260,15693,17389]},""middle"":{""age_s"":0.009163618087768555,""channels"":3,""force"":[-0.3624443203840819,0.4840116398399994],""has_data"":true,""last_update_ts"":1784118821.288657,""raw"":[16529,15775,15280]},""pinky"":{""age_s"":0.009163618087768555,""channels"":3,""force"":[-1.0243618657008984,-0.7385062922100012],""has_data"":true,""last_update_ts"":1784118821.288657,""raw"":[17420,15289,17685]},""ring"":{""age_s"":0.009163618087768555,""channels"":3,""force"":[0.2860137541492396,0.2639306591099988],""has_data"":true,""last_update_ts"":1784118821.288657,""raw"":[15801,16396,15623]},""thumb"":{""age_s"":0.009163618087768555,""channels"":3,""force"":[0.0,-2.220446049250313e-16],""has_data"":true,""last_update_ts"":1784118821.288657,""raw"":[0,0,0]}}","{""ble"":{""connection_state"":""connected"",""counter"":999412,""finger_order"":""DexterController.Visualizer"",""last_error"":null,""last_sample_age_s"":0.009188978001475334,""reconnect_count"":0,""sample_hz"":20.0,""sample_sequence"":1684,""timestamp_us"":9786094816},""fingers"":{""index"":{""has_data"":true,""last_update_ts"":1784118821.288657,""mapped"":true},""middle"":{""has_data"":true,""last_update_ts"":1784118821.288657,""mapped"":true},""pinky"":{""has_data"":true,""last_update_ts"":1784118821.288657,""mapped"":true},""ring"":{""has_data"":true,""last_update_ts"":1784118821.288657,""mapped"":true},""thumb"":{""has_data"":true,""last_update_ts"":1784118821.288657,""mapped"":true}},""ports"":{""available"":[""BLE:Dexter""],""unavailable"":[]}}"
1784118821.3479497,1784118821.3478248,1686,ble,"{""index"":{""age_s"":0.00916743278503418,""channels"":3,""force"":[-1.1916438597243175,-0.22174615839000023],""has_data"":true,""last_update_ts"":1784118821.3386574,""raw"":[18235,15756,17395]},""middle"":{""age_s"":0.00916743278503418,""channels"":3,""force"":[-0.36244432038408014,0.46347444869999777],""has_data"":true,""last_update_ts"":1784118821.3386574,""raw"":[16510,15756,15298]},""pinky"":{""age_s"":0.00916743278503418,""channels"":3,""force"":[-1.0262846472413987,-0.7429467659699993],""has_data"":true,""last_update_ts"":1784118821.3386574,""raw"":[17425,15290,17696]},""ring"":{""age_s"":0.00916743278503418,""channels"":3,""force"":[0.27351567413599476,0.2528294747099986],""has_data"":true,""last_update_ts"":1784118821.3386574,""raw"":[15802,16371,15631]},""thumb"":{""age_s"":0.00916743278503418,""channels"":3,""force"":[0.0,-2.220446049250313e-16],""has_data"":true,""last_update_ts"":1784118821.3386574,""raw"":[0,0,0]}}","{""ble"":{""connection_state"":""connected"",""counter"":999417,""finger_order"":""DexterController.Visualizer"",""last_error"":null,""last_sample_age_s"":0.009192665995215066,""reconnect_count"":0,""sample_hz"":20.0,""sample_sequence"":1685,""timestamp_us"":9786141920},""fingers"":{""index"":{""has_data"":true,""last_update_ts"":1784118821.3386574,""mapped"":true},""middle"":{""has_data"":true,""last_update_ts"":1784118821.3386574,""mapped"":true},""pinky"":{""has_data"":true,""last_update_ts"":1784118821.3386574,""mapped"":true},""ring"":{""has_data"":true,""last_update_ts"":1784118821.3386574,""mapped"":true},""thumb"":{""has_data"":true,""last_update_ts"":1784118821.3386574,""mapped"":true}},""ports"":{""available"":[""BLE:Dexter""],""unavailable"":[]}}"
1784118821.397949,1784118821.397822,1687,ble,"{""index"":{""age_s"":0.009164094924926758,""channels"":3,""force"":[-1.1373252812052197,-0.22146862878000295],""has_data"":true,""last_update_ts"":1784118821.3886578,""raw"":[18177,15811,17393]},""middle"":{""age_s"":0.009164094924926758,""channels"":3,""force"":[-0.3759037911675769,0.47180033699999946],""has_data"":true,""last_update_ts"":1784118821.3886578,""raw"":[16537,15755,15296]},""pinky"":{""age_s"":0.009164094924926758,""channels"":3,""force"":[-1.0224390841603945,-0.7501625358300004],""has_data"":true,""last_update_ts"":1784118821.3886578,""raw"":[17415,15288,17703]},""ring"":{""age_s"":0.009164094924926758,""channels"":3,""force"":[0.27784193260211687,0.2547721819799973],""has_data"":true,""last_update_ts"":1784118821.3886578,""raw"":[15797,16375,15627]},""thumb"":{""age_s"":0.009164094924926758,""channels"":3,""force"":[0.0,-2.220446049250313e-16],""has_data"":true,""last_update_ts"":1784118821.3886578,""raw"":[0,0,0]}}","{""ble"":{""connection_state"":""connected"",""counter"":999423,""finger_order"":""DexterController.Visualizer"",""last_error"":null,""last_sample_age_s"":0.009188838012050837,""reconnect_count"":0,""sample_hz"":20.0,""sample_sequence"":1686,""timestamp_us"":9786198464},""fingers"":{""index"":{""has_data"":true,""last_update_ts"":1784118821.3886578,""mapped"":true},""middle"":{""has_data"":true,""last_update_ts"":1784118821.3886578,""mapped"":true},""pinky"":{""has_data"":true,""last_update_ts"":1784118821.3886578,""mapped"":true},""ring"":{""has_data"":true,""last_update_ts"":1784118821.3886578,""mapped"":true},""thumb"":{""has_data"":true,""last_update_ts"":1784118821.3886578,""mapped"":true}},""ports"":{""available"":[""BLE:Dexter""],""unavailable"":[]}}"
1784118821.447956,1784118821.4478316,1688,ble,"{""index"":{""age_s"":0.00917363166809082,""channels"":3,""force"":[-1.1536689242994616,-0.26642842559999824],""has_data"":true,""last_update_ts"":1784118821.438658,""raw"":[18164,15764,17444]},""middle"":{""age_s"":0.00917363166809082,""channels"":3,""force"":[-0.3494655449857138,0.48650940632999795],""has_data"":true,""last_update_ts"":1784118821.438658,""raw"":[16534,15807,15294]},""pinky"":{""age_s"":0.00917363166809082,""channels"":3,""force"":[-1.0224390841603963,-0.7379512329900022],""has_data"":true,""last_update_ts"":1784118821.438658,""raw"":[17427,15300,17693]},""ring"":{""age_s"":0.00917363166809082,""channels"":3,""force"":[0.28072610491287087,0.26587336637999837],""has_data"":true,""last_update_ts"":1784118821.438658,""raw"":[15794,16378,15607]},""thumb"":{""age_s"":0.00917363166809082,""channels"":3,""force"":[0.0,-2.220446049250313e-16],""has_data"":true,""last_update_ts"":1784118821.438658,""raw"":[0,0,0]}}","{""ble"":{""connection_state"":""connected"",""counter"":999428,""finger_order"":""DexterController.Visualizer"",""last_error"":null,""last_sample_age_s"":0.00919904799957294,""reconnect_count"":0,""sample_hz"":20.0,""sample_sequence"":1687,""timestamp_us"":9786245568},""fingers"":{""index"":{""has_data"":true,""last_update_ts"":1784118821.438658,""mapped"":true},""middle"":{""has_data"":true,""last_update_ts"":1784118821.438658,""mapped"":true},""pinky"":{""has_data"":true,""last_update_ts"":1784118821.438658,""mapped"":true},""ring"":{""has_data"":true,""last_update_ts"":1784118821.438658,""mapped"":true},""thumb"":{""has_data"":true,""last_update_ts"":1784118821.438658,""mapped"":true}},""ports"":{""available"":[""BLE:Dexter""],""unavailable"":[]}}"
1784118821.4979384,1784118821.4978209,1689,ble,"{""index"":{""age_s"":0.00916290283203125,""channels"":3,""force"":[-1.1632828320019541,-0.27197901780000144],""has_data"":true,""last_update_ts"":1784118821.488658,""raw"":[18192,15772,17472]},""middle"":{""age_s"":0.00916290283203125,""channels"":3,""force"":[-0.34465859113446307,0.5148174265499987],""has_data"":true,""last_update_ts"":1784118821.488658,""raw"":[16540,15823,15254]},""pinky"":{""age_s"":0.00916290283203125,""channels"":3,""force"":[-1.0238811703157733,-0.7476647693400009],""has_data"":true,""last_update_ts"":1784118821.488658,""raw"":[17420,15290,17702]},""ring"":{""age_s"":0.00916290283203125,""channels"":3,""force"":[0.27543845567649683,0.25449465236999647],""has_data"":true,""last_update_ts"":1784118821.488658,""raw"":[15796,16369,15624]},""thumb"":{""age_s"":0.00916290283203125,""channels"":3,""force"":[0.0,-2.220446049250313e-16],""has_data"":true,""last_update_ts"":1784118821.488658,""raw"":[0,0,0]}}","{""ble"":{""connection_state"":""connected"",""counter"":999433,""finger_order"":""DexterController.Visualizer"",""last_error"":null,""last_sample_age_s"":0.00918869799352251,""reconnect_count"":0,""sample_hz"":20.0,""sample_sequence"":1688,""timestamp_us"":9786292480},""fingers"":{""index"":{""has_data"":true,""last_update_ts"":1784118821.488658,""mapped"":true},""middle"":{""has_data"":true,""last_update_ts"":1784118821.488658,""mapped"":true},""pinky"":{""has_data"":true,""last_update_ts"":1784118821.488658,""mapped"":true},""ring"":{""has_data"":true,""last_update_ts"":1784118821.488658,""mapped"":true},""thumb"":{""has_data"":true,""last_update_ts"":1784118821.488658,""mapped"":true}},""ports"":{""available"":[""BLE:Dexter""],""unavailable"":[]}}"
1784118821.5479429,1784118821.547824,1690,ble,"{""index"":{""age_s"":0.009165048599243164,""channels"":3,""force"":[-1.267593730574033,-0.2544946523700018],""has_data"":true,""last_update_ts"":1784118821.5386589,""raw"":[18315,15678,17455]},""middle"":{""age_s"":0.009165048599243164,""channels"":3,""force"":[-0.3461006772898383,0.4973330611199973],""has_data"":true,""last_update_ts"":1784118821.5386589,""raw"":[16531,15811,15275]},""pinky"":{""age_s"":0.009165048599243164,""channels"":3,""force"":[-1.0234004749306465,-0.7473872397300019],""has_data"":true,""last_update_ts"":1784118821.5386589,""raw"":[17416,15287,17698]},""ring"":{""age_s"":0.009165048599243164,""channels"":3,""force"":[0.27207358798062486,0.2542171227599965],""has_data"":true,""last_update_ts"":1784118821.5386589,""raw"":[15799,16365,15624]},""thumb"":{""age_s"":0.009165048599243164,""channels"":3,""force"":[0.0,-2.220446049250313e-16],""has_data"":true,""last_update_ts"":1784118821.5386589,""raw"":[0,0,0]}}","{""ble"":{""connection_state"":""connected"",""counter"":999439,""finger_order"":""DexterController.Visualizer"",""last_error"":null,""last_sample_age_s"":0.00919060099113267,""reconnect_count"":0,""sample_hz"":20.0,""sample_sequence"":1689,""timestamp_us"":9786348832},""fingers"":{""index"":{""has_data"":true,""last_update_ts"":1784118821.5386589,""mapped"":true},""middle"":{""has_data"":true,""last_update_ts"":1784118821.5386589,""mapped"":true},""pinky"":{""has_data"":true,""last_update_ts"":1784118821.5386589,""mapped"":true},""ring"":{""has_data"":true,""last_update_ts"":1784118821.5386589,""mapped"":true},""thumb"":{""has_data"":true,""last_update_ts"":1784118821.5386589,""mapped"":true}},""ports"":{""available"":[""BLE:Dexter""],""unavailable"":[]}}"
1784118821.5979545,1784118821.5978277,1691,ble,"{""index"":{""age_s"":0.009169340133666992,""channels"":3,""force"":[-1.3036458844583922,-0.24644629368000093],""has_data"":true,""last_update_ts"":1784118821.5886583,""raw"":[18356,15644,17444]},""middle"":{""age_s"":0.009169340133666992,""channels"":3,""force"":[-0.3956123019576889,0.4487653793699984],""has_data"":true,""last_update_ts"":1784118821.5886583,""raw"":[16557,15734,15337]},""pinky"":{""age_s"":0.009169340133666992,""channels"":3,""force"":[-1.02580395185627,-0.7476647693400009],""has_data"":true,""last_update_ts"":1784118821.5886583,""raw"":[17422,15288,17702]},""ring"":{""age_s"":0.009169340133666992,""channels"":3,""force"":[0.2773612372169971,0.256159830029997],""has_data"":true,""last_update_ts"":1784118821.5886583,""raw"":[15795,16372,15622]},""thumb"":{""age_s"":0.009169340133666992,""channels"":3,""force"":[0.0,-2.220446049250313e-16],""has_data"":true,""last_update_ts"":1784118821.5886583,""raw"":[0,0,0]}}","{""ble"":{""connection_state"":""connected"",""counter"":999444,""finger_order"":""DexterController.Visualizer"",""last_error"":null,""last_sample_age_s"":0.009194458994898014,""reconnect_count"":0,""sample_hz"":20.0,""sample_sequence"":1690,""timestamp_us"":9786395872},""fingers"":{""index"":{""has_data"":true,""last_update_ts"":1784118821.5886583,""mapped"":true},""middle"":{""has_data"":true,""last_update_ts"":1784118821.5886583,""mapped"":true},""pinky"":{""has_data"":true,""last_update_ts"":1784118821.5886583,""mapped"":true},""ring"":{""has_data"":true,""last_update_ts"":1784118821.5886583,""mapped"":true},""thumb"":{""has_data"":true,""last_update_ts"":1784118821.5886583,""mapped"":true}},""ports"":{""available"":[""BLE:Dexter""],""unavailable"":[]}}"
1784118821.6479535,1784118821.6478283,1692,ble,"{""index"":{""age_s"":0.009169578552246094,""channels"":3,""force"":[-1.2474045243987923,-0.30556010061000194],""has_data"":true,""last_update_ts"":1784118821.6386588,""raw"":[18235,15640,17488]},""middle"":{""age_s"":0.009169578552246094,""channels"":3,""force"":[-0.3682126650055775,0.41629441499999675],""has_data"":true,""last_update_ts"":1784118821.6386588,""raw"":[16502,15736,15369]},""pinky"":{""age_s"":0.009169578552246094,""channels"":3,""force"":[-1.0234004749306465,-0.7451670028500015],""has_data"":true,""last_update_ts"":1784118821.6386588,""raw"":[17422,15293,17700]},""ring"":{""age_s"":0.009169578552246094,""channels"":3,""force"":[0.27543845567649505,0.25393959314999925],""has_data"":true,""last_update_ts"":1784118821.6386588,""raw"":[15797,16370,15626]},""thumb"":{""age_s"":0.009169578552246094,""channels"":3,""force"":[0.0,-2.220446049250313e-16],""has_data"":true,""last_update_ts"":1784118821.6386588,""raw"":[0,0,0]}}","{""ble"":{""connection_state"":""connected"",""counter"":999449,""finger_order"":""DexterController.Visualizer"",""last_error"":null,""last_sample_age_s"":0.009193987993057817,""reconnect_count"":0,""sample_hz"":20.0,""sample_sequence"":1691,""timestamp_us"":9786442912},""fingers"":{""index"":{""has_data"":true,""last_update_ts"":1784118821.6386588,""mapped"":true},""middle"":{""has_data"":true,""last_update_ts"":1784118821.6386588,""mapped"":true},""pinky"":{""has_data"":true,""last_update_ts"":1784118821.6386588,""mapped"":true},""ring"":{""has_data"":true,""last_update_ts"":1784118821.6386588,""mapped"":true},""thumb"":{""has_data"":true,""last_update_ts"":1784118821.6386588,""mapped"":true}},""ports"":{""available"":[""BLE:Dexter""],""unavailable"":[]}}"
1784118821.69796,1784118821.6978295,1693,ble,"{""index"":{""age_s"":0.009171485900878906,""channels"":3,""force"":[-1.2031805489673157,-0.31610622579000225],""has_data"":true,""last_update_ts"":1784118821.688658,""raw"":[18183,15680,17501]},""middle"":{""age_s"":0.009171485900878906,""channels"":3,""force"":[-0.3691740557758294,0.4046381713799967],""has_data"":true,""last_update_ts"":1784118821.688658,""raw"":[16513,15745,15400]},""pinky"":{""age_s"":0.009171485900878906,""channels"":3,""force"":[-1.020035607234771,-0.7454445324600032],""has_data"":true,""last_update_ts"":1784118821.688658,""raw"":[17415,15293,17697]},""ring"":{""age_s"":0.009171485900878906,""channels"":3,""force"":[0.2735156741359983,0.25227441548999696],""has_data"":true,""last_update_ts"":1784118821.688658,""raw"":[15794,16363,15624]},""thumb"":{""age_s"":0.009171485900878906,""channels"":3,""force"":[0.0,-2.220446049250313e-16],""has_data"":true,""last_update_ts"":1784118821.688658,""raw"":[0,0,0]}}","{""ble"":{""connection_state"":""connected"",""counter"":999454,""finger_order"":""DexterController.Visualizer"",""last_error"":null,""last_sample_age_s"":0.009195712002110668,""reconnect_count"":0,""sample_hz"":20.0,""sample_sequence"":1692,""timestamp_us"":9786490016},""fingers"":{""index"":{""has_data"":true,""last_update_ts"":1784118821.688658,""mapped"":true},""middle"":{""has_data"":true,""last_update_ts"":1784118821.688658,""mapped"":true},""pinky"":{""has_data"":true,""last_update_ts"":1784118821.688658,""mapped"":true},""ring"":{""has_data"":true,""last_update_ts"":1784118821.688658,""mapped"":true},""thumb"":{""has_data"":true,""last_update_ts"":1784118821.688658,""mapped"":true}},""ports"":{""available"":[""BLE:Dexter""],""unavailable"":[]}}"
1784118821.7479374,1784118821.7478273,1694,ble,"{""index"":{""age_s"":0.00916910171508789,""channels"":3,""force"":[-1.172416044319327,-0.33386812083000184],""has_data"":true,""last_update_ts"":1784118821.7386582,""raw"":[18142,15703,17524]},""middle"":{""age_s"":0.00916910171508789,""channels"":3,""force"":[-0.3523497172964625,0.3921493389299959],""has_data"":true,""last_update_ts"":1784118821.7386582,""raw"":[16483,15750,15410]},""pinky"":{""age_s"":0.00916910171508789,""channels"":3,""force"":[-1.0234004749306465,-0.7418366475299996],""has_data"":true,""last_update_ts"":1784118821.7386582,""raw"":[17427,15298,17699]},""ring"":{""age_s"":0.00916910171508789,""channels"":3,""force"":[0.2759191510616201,0.25588230041999616],""has_data"":true,""last_update_ts"":1784118821.7386582,""raw"":[15798,16372,15624]},""thumb"":{""age_s"":0.00916910171508789,""channels"":3,""force"":[0.0,-2.220446049250313e-16],""has_data"":true,""last_update_ts"":1784118821.7386582,""raw"":[0,0,0]}}","{""ble"":{""connection_state"":""connected"",""counter"":999460,""finger_order"":""DexterController.Visualizer"",""last_error"":null,""last_sample_age_s"":0.009189189004246145,""reconnect_count"":0,""sample_hz"":20.0,""sample_sequence"":1693,""timestamp_us"":9786546432},""fingers"":{""index"":{""has_data"":true,""last_update_ts"":1784118821.7386582,""mapped"":true},""middle"":{""has_data"":true,""last_update_ts"":1784118821.7386582,""mapped"":true},""pinky"":{""has_data"":true,""last_update_ts"":1784118821.7386582,""mapped"":true},""ring"":{""has_data"":true,""last_update_ts"":1784118821.7386582,""mapped"":true},""thumb"":{""has_data"":true,""last_update_ts"":1784118821.7386582,""mapped"":true}},""ports"":{""available"":[""BLE:Dexter""],""unavailable"":[]}}"
1784118821.7979643,1784118821.7978299,1695,ble,"{""index"":{""age_s"":0.009171724319458008,""channels"":3,""force"":[-1.1430936258267153,-0.33081529512000163],""has_data"":true,""last_update_ts"":1784118821.7886581,""raw"":[18113,15735,17520]},""middle"":{""age_s"":0.009171724319458008,""channels"":3,""force"":[-0.3523497172964625,0.42378771446999774],""has_data"":true,""last_update_ts"":1784118821.7886581,""raw"":[16503,15770,15373]},""pinky"":{""age_s"":0.009171724319458008,""channels"":3,""force"":[-1.0258039518562736,-0.7426692363599994],""has_data"":true,""last_update_ts"":1784118821.7886581,""raw"":[17425,15291,17696]},""ring"":{""age_s"":0.009171724319458008,""channels"":3,""force"":[0.27543845567649505,0.25227441548999785],""has_data"":true,""last_update_ts"":1784118821.7886581,""raw"":[15794,16367,15626]},""thumb"":{""age_s"":0.009171724319458008,""channels"":3,""force"":[0.0,-2.220446049250313e-16],""has_data"":true,""last_update_ts"":1784118821.7886581,""raw"":[0,0,0]}}","{""ble"":{""connection_state"":""connected"",""counter"":999465,""finger_order"":""DexterController.Visualizer"",""last_error"":null,""last_sample_age_s"":0.00919696300115902,""reconnect_count"":0,""sample_hz"":20.0,""sample_sequence"":1694,""timestamp_us"":9786593472},""fingers"":{""index"":{""has_data"":true,""last_update_ts"":1784118821.7886581,""mapped"":true},""middle"":{""has_data"":true,""last_update_ts"":1784118821.7886581,""mapped"":true},""pinky"":{""has_data"":true,""last_update_ts"":1784118821.7886581,""mapped"":true},""ring"":{""has_data"":true,""last_update_ts"":1784118821.7886581,""mapped"":true},""thumb"":{""has_data"":true,""last_update_ts"":1784118821.7886581,""mapped"":true}},""ports"":{""available"":[""BLE:Dexter""],""unavailable"":[]}}"
1784118821.8479736,1784118821.8478296,1696,ble,"{""index"":{""age_s"":0.009182453155517578,""channels"":3,""force"":[-1.146939188907714,-0.2986218603600017],""has_data"":true,""last_update_ts"":1784118821.8386471,""raw"":[18141,15755,17486]},""middle"":{""age_s"":0.009182453155517578,""channels"":3,""force"":[-0.37878796347832555,0.435166428479997],""has_data"":true,""last_update_ts"":1784118821.8386471,""raw"":[16538,15750,15360]},""pinky"":{""age_s"":0.009182453155517578,""channels"":3,""force"":[-1.0238811703157715,-0.7448894732400007],""has_data"":true,""last_update_ts"":1784118821.8386471,""raw"":[17427,15297,17704]},""ring"":{""age_s"":0.009182453155517578,""channels"":3,""force"":[0.2735156741359983,0.25449465236999824],""has_data"":true,""last_update_ts"":1784118821.8386471,""raw"":[15800,16369,15626]},""thumb"":{""age_s"":0.009182453155517578,""channels"":3,""force"":[0.0,-2.220446049250313e-16],""has_data"":true,""last_update_ts"":1784118821.8386471,""raw"":[0,0,0]}}","{""ble"":{""connection_state"":""connected"",""counter"":999470,""finger_order"":""DexterController.Visualizer"",""last_error"":null,""last_sample_age_s"":0.009207834998960607,""reconnect_count"":0,""sample_hz"":20.0,""sample_sequence"":1695,""timestamp_us"":9786640512},""fingers"":{""index"":{""has_data"":true,""last_update_ts"":1784118821.8386471,""mapped"":true},""middle"":{""has_data"":true,""last_update_ts"":1784118821.8386471,""mapped"":true},""pinky"":{""has_data"":true,""last_update_ts"":1784118821.8386471,""mapped"":true},""ring"":{""has_data"":true,""last_update_ts"":1784118821.8386471,""mapped"":true},""thumb"":{""has_data"":true,""last_update_ts"":1784118821.8386471,""mapped"":true}},""ports"":{""available"":[""BLE:Dexter""],""unavailable"":[]}}"
1784118821.897973,1784118821.8978298,1697,ble,"{""index"":{""age_s"":0.009182453155517578,""channels"":3,""force"":[-1.1541496196845866,-0.25782500769000105],""has_data"":true,""last_update_ts"":1784118821.8886473,""raw"":[18185,15784,17449]},""middle"":{""age_s"":0.009182453155517578,""channels"":3,""force"":[-0.4023420373494382,0.42545289212999826],""has_data"":true,""last_update_ts"":1784118821.8886473,""raw"":[16553,15716,15368]},""pinky"":{""age_s"":0.009182453155517578,""channels"":3,""force"":[-1.022439084160398,-0.7490524173900006],""has_data"":true,""last_update_ts"":1784118821.8886473,""raw"":[17420,15293,17706]},""ring"":{""age_s"":0.009182453155517578,""channels"":3,""force"":[0.2759191510616219,0.2547721819799964],""has_data"":true,""last_update_ts"":1784118821.8886473,""raw"":[15800,16374,15628]},""thumb"":{""age_s"":0.009182453155517578,""channels"":3,""force"":[0.0,-2.220446049250313e-16],""has_data"":true,""last_update_ts"":1784118821.8886473,""raw"":[0,0,0]}}","{""ble"":{""connection_state"":""connected"",""counter"":999476,""finger_order"":""DexterController.Visualizer"",""last_error"":null,""last_sample_age_s"":0.009207034003338777,""reconnect_count"":0,""sample_hz"":20.0,""sample_sequence"":1696,""timestamp_us"":9786696992},""fingers"":{""index"":{""has_data"":true,""last_update_ts"":1784118821.8886473,""mapped"":true},""middle"":{""has_data"":true,""last_update_ts"":1784118821.8886473,""mapped"":true},""pinky"":{""has_data"":true,""last_update_ts"":1784118821.8886473,""mapped"":true},""ring"":{""has_data"":true,""last_update_ts"":1784118821.8886473,""mapped"":true},""thumb"":{""has_data"":true,""last_update_ts"":1784118821.8886473,""mapped"":true}},""ports"":{""available"":[""BLE:Dexter""],""unavailable"":[]}}"
1784118821.9479644,1784118821.94783,1698,ble,"{""index"":{""age_s"":0.009187459945678711,""channels"":3,""force"":[-1.151265447373838,-0.2755869027300015],""has_data"":true,""last_update_ts"":1784118821.9386425,""raw"":[18168,15773,17467]},""middle"":{""age_s"":0.009187459945678711,""channels"":3,""force"":[-0.40762968658581045,0.41185394123999686],""has_data"":true,""last_update_ts"":1784118821.9386425,""raw"":[16557,15709,15391]},""pinky"":{""age_s"":0.009187459945678711,""channels"":3,""force"":[-1.0224390841603945,-0.7412815883100023],""has_data"":true,""last_update_ts"":1784118821.9386425,""raw"":[17415,15288,17687]},""ring"":{""age_s"":0.009187459945678711,""channels"":3,""force"":[0.27928401875749387,0.258935126129999],""has_data"":true,""last_update_ts"":1784118821.9386425,""raw"":[15801,16382,15625]},""thumb"":{""age_s"":0.009187459945678711,""channels"":3,""force"":[0.0,-2.220446049250313e-16],""has_data"":true,""last_update_ts"":1784118821.9386425,""raw"":[0,0,0]}}","{""ble"":{""connection_state"":""connected"",""counter"":999481,""finger_order"":""DexterController.Visualizer"",""last_error"":null,""last_sample_age_s"":0.009212774995830841,""reconnect_count"":0,""sample_hz"":20.0,""sample_sequence"":1697,""timestamp_us"":9786744064},""fingers"":{""index"":{""has_data"":true,""last_update_ts"":1784118821.9386425,""mapped"":true},""middle"":{""has_data"":true,""last_update_ts"":1784118821.9386425,""mapped"":true},""pinky"":{""has_data"":true,""last_update_ts"":1784118821.9386425,""mapped"":true},""ring"":{""has_data"":true,""last_update_ts"":1784118821.9386425,""mapped"":true},""thumb"":{""has_data"":true,""last_update_ts"":1784118821.9386425,""mapped"":true}},""ports"":{""available"":[""BLE:Dexter""],""unavailable"":[]}}"
1784118821.997944,1784118821.997826,1699,ble,"{""index"":{""age_s"":0.009180545806884766,""channels"":3,""force"":[-1.1238658104217283,-0.2875206759600024],""has_data"":true,""last_update_ts"":1784118821.9886456,""raw"":[18133,15795,17482]},""middle"":{""age_s"":0.009180545806884766,""channels"":3,""force"":[-0.39849647426843937,0.4354439580899969],""has_data"":true,""last_update_ts"":1784118821.9886456,""raw"":[16557,15728,15358]},""pinky"":{""age_s"":0.009180545806884766,""channels"":3,""force"":[-1.021958388775273,-0.7443344140200008],""has_data"":true,""last_update_ts"":1784118821.9886456,""raw"":[17416,15290,17694]},""ring"":{""age_s"":0.009180545806884766,""channels"":3,""force"":[0.2773612372169936,0.25726994846999673],""has_data"":true,""last_update_ts"":1784118821.9886456,""raw"":[15794,16371,15619]},""thumb"":{""age_s"":0.009180545806884766,""channels"":3,""force"":[0.0,-2.220446049250313e-16],""has_data"":true,""last_update_ts"":1784118821.9886456,""raw"":[0,0,0]}}","{""ble"":{""connection_state"":""connected"",""counter"":999486,""finger_order"":""DexterController.Visualizer"",""last_error"":null,""last_sample_age_s"":0.009200521002640016,""reconnect_count"":0,""sample_hz"":20.0,""sample_sequence"":1698,""timestamp_us"":9786791072},""fingers"":{""index"":{""has_data"":true,""last_update_ts"":1784118821.9886456,""mapped"":true},""middle"":{""has_data"":true,""last_update_ts"":1784118821.9886456,""mapped"":true},""pinky"":{""has_data"":true,""last_update_ts"":1784118821.9886456,""mapped"":true},""ring"":{""has_data"":true,""last_update_ts"":1784118821.9886456,""mapped"":true},""thumb"":{""has_data"":true,""last_update_ts"":1784118821.9886456,""mapped"":true}},""ports"":{""available"":[""BLE:Dexter""],""unavailable"":[]}}"
1784118822.047978,1784118822.0478313,1700,ble,"{""index"":{""age_s"":0.009171724319458008,""channels"":3,""force"":[-1.0974275642398634,-0.29945444918999886],""has_data"":true,""last_update_ts"":1784118822.0386596,""raw"":[18087,15804,17485]},""middle"":{""age_s"":0.009171724319458008,""channels"":3,""force"":[-0.3975350834981892,0.4781835180299989],""has_data"":true,""last_update_ts"":1784118822.0386596,""raw"":[16547,15720,15272]},""pinky"":{""age_s"":0.009171724319458008,""channels"":3,""force"":[-0.3783072680931969,-0.4365540765300038],""has_data"":true,""last_update_ts"":1784118822.0386596,""raw"":[17221,16434,17614]},""ring"":{""age_s"":0.009171724319458008,""channels"":3,""force"":[0.29755044339223957,0.39714487190999925],""has_data"":true,""last_update_ts"":1784118822.0386596,""raw"":[15774,16393,15368]},""thumb"":{""age_s"":0.009171724319458008,""channels"":3,""force"":[0.0,-2.220446049250313e-16],""has_data"":true,""last_update_ts"":1784118822.0386596,""raw"":[0,0,0]}}","{""ble"":{""connection_state"":""connected"",""counter"":999492,""finger_order"":""DexterController.Visualizer"",""last_error"":null,""last_sample_age_s"":0.009196813000016846,""reconnect_count"":0,""sample_hz"":20.0,""sample_sequence"":1699,""timestamp_us"":9786847616},""fingers"":{""index"":{""has_data"":true,""last_update_ts"":1784118822.0386596,""mapped"":true},""middle"":{""has_data"":true,""last_update_ts"":1784118822.0386596,""mapped"":true},""pinky"":{""has_data"":true,""last_update_ts"":1784118822.0386596,""mapped"":true},""ring"":{""has_data"":true,""last_update_ts"":1784118822.0386596,""mapped"":true},""thumb"":{""has_data"":true,""last_update_ts"":1784118822.0386596,""mapped"":true}},""ports"":{""available"":[""BLE:Dexter""],""unavailable"":[]}}"
1784118822.0979738,1784118822.0978308,1701,ble,"{""index"":{""age_s"":0.009171724319458008,""channels"":3,""force"":[-1.1089642534828563,-0.3127758704700021],""has_data"":true,""last_update_ts"":1784118822.088659,""raw"":[18105,15798,17515]},""middle"":{""age_s"":0.009171724319458008,""channels"":3,""force"":[-0.39945786503868774,0.4371091357499983],""has_data"":true,""last_update_ts"":1784118822.088659,""raw"":[16557,15726,15354]},""pinky"":{""age_s"":0.009171724319458008,""channels"":3,""force"":[-1.022919779545525,-0.7465546509000012],""has_data"":true,""last_update_ts"":1784118822.088659,""raw"":[17417,15289,17698]},""ring"":{""age_s"":0.009171724319458008,""channels"":3,""force"":[0.27591915106161835,0.2519968858799979],""has_data"":true,""last_update_ts"":1784118822.088659,""raw"":[15801,16375,15634]},""thumb"":{""age_s"":0.009171724319458008,""channels"":3,""force"":[0.0,-2.220446049250313e-16],""has_data"":true,""last_update_ts"":1784118822.088659,""raw"":[0,0,0]}}","{""ble"":{""connection_state"":""connected"",""counter"":999497,""finger_order"":""DexterController.Visualizer"",""last_error"":null,""last_sample_age_s"":0.00919693399919197,""reconnect_count"":0,""sample_hz"":20.0,""sample_sequence"":1700,""timestamp_us"":9786894528},""fingers"":{""index"":{""has_data"":true,""last_update_ts"":1784118822.088659,""mapped"":true},""middle"":{""has_data"":true,""last_update_ts"":1784118822.088659,""mapped"":true},""pinky"":{""has_data"":true,""last_update_ts"":1784118822.088659,""mapped"":true},""ring"":{""has_data"":true,""last_update_ts"":1784118822.088659,""mapped"":true},""thumb"":{""has_data"":true,""last_update_ts"":1784118822.088659,""mapped"":true}},""ports"":{""available"":[""BLE:Dexter""],""unavailable"":[]}}"
1784118822.1479616,1784118822.1478183,1702,ble,"{""index"":{""age_s"":0.00915980339050293,""channels"":3,""force"":[-1.1031959088613608,-0.3344231800500008],""has_data"":true,""last_update_ts"":1784118822.1386585,""raw"":[18083,15788,17538]},""middle"":{""age_s"":0.00915980339050293,""channels"":3,""force"":[-0.39417021580231903,0.4218450071999973],""has_data"":true,""last_update_ts"":1784118822.1386585,""raw"":[16541,15721,15371]},""pinky"":{""age_s"":0.00915980339050293,""channels"":3,""force"":[-1.0243618657008984,-0.7468321805100029],""has_data"":true,""last_update_ts"":1784118822.1386585,""raw"":[17421,15290,17701]},""ring"":{""age_s"":0.00915980339050293,""channels"":3,""force"":[0.2720735879806231,0.25366206353999843],""has_data"":true,""last_update_ts"":1784118822.1386585,""raw"":[15800,16366,15626]},""thumb"":{""age_s"":0.00915980339050293,""channels"":3,""force"":[0.0,-2.220446049250313e-16],""has_data"":true,""last_update_ts"":1784118822.1386585,""raw"":[0,0,0]}}","{""ble"":{""connection_state"":""connected"",""counter"":999502,""finger_order"":""DexterController.Visualizer"",""last_error"":null,""last_sample_age_s"":0.009184107999317348,""reconnect_count"":0,""sample_hz"":20.0,""sample_sequence"":1701,""timestamp_us"":9786941504},""fingers"":{""index"":{""has_data"":true,""last_update_ts"":1784118822.1386585,""mapped"":true},""middle"":{""has_data"":true,""last_update_ts"":1784118822.1386585,""mapped"":true},""pinky"":{""has_data"":true,""last_update_ts"":1784118822.1386585,""mapped"":true},""ring"":{""has_data"":true,""last_update_ts"":1784118822.1386585,""mapped"":true},""thumb"":{""has_data"":true,""last_update_ts"":1784118822.1386585,""mapped"":true}},""ports"":{""available"":[""BLE:Dexter""],""unavailable"":[]}}"
1784118822.1980162,1784118822.1978185,1703,ble,"{""index"":{""age_s"":0.009142637252807617,""channels"":3,""force"":[-1.077238358064621,-0.3549603711900007],""has_data"":true,""last_update_ts"":1784118822.1886759,""raw"":[18033,15792,17552]},""middle"":{""age_s"":0.009142637252807617,""channels"":3,""force"":[-0.37301961885682644,0.4262854809599981],""has_data"":true,""last_update_ts"":1784118822.1886759,""raw"":[16522,15746,15366]},""pinky"":{""age_s"":0.009142637252807617,""channels"":3,""force"":[-1.0214776933901462,-0.742391706750003],""has_data"":true,""last_update_ts"":1784118822.1886759,""raw"":[17418,15293,17693]},""ring"":{""age_s"":0.009142637252807617,""channels"":3,""force"":[0.2759191510616201,0.2525519450999987],""has_data"":true,""last_update_ts"":1784118822.1886759,""raw"":[15798,16372,15630]},""thumb"":{""age_s"":0.009142637252807617,""channels"":3,""force"":[0.0,-2.220446049250313e-16],""has_data"":true,""last_update_ts"":1784118822.1886759,""raw"":[0,0,0]}}","{""ble"":{""connection_state"":""connected"",""counter"":999508,""finger_order"":""DexterController.Visualizer"",""last_error"":null,""last_sample_age_s"":0.00917358900187537,""reconnect_count"":0,""sample_hz"":20.0,""sample_sequence"":1702,""timestamp_us"":9786997888},""fingers"":{""index"":{""has_data"":true,""last_update_ts"":1784118822.1886759,""mapped"":true},""middle"":{""has_data"":true,""last_update_ts"":1784118822.1886759,""mapped"":true},""pinky"":{""has_data"":true,""last_update_ts"":1784118822.1886759,""mapped"":true},""ring"":{""has_data"":true,""last_update_ts"":1784118822.1886759,""mapped"":true},""thumb"":{""has_data"":true,""last_update_ts"":1784118822.1886759,""mapped"":true}},""ports"":{""available"":[""BLE:Dexter""],""unavailable"":[]}}"
1784118822.247941,1784118822.2478032,1704,ble,"{""index"":{""age_s"":0.009144067764282227,""channels"":3,""force"":[-1.053203588808385,-0.41157641163000047],""has_data"":true,""last_update_ts"":1784118822.2386591,""raw"":[17972,15781,17618]},""middle"":{""age_s"":0.009144067764282227,""channels"":3,""force"":[-0.3504269357559604,0.4093561747499992],""has_data"":true,""last_update_ts"":1784118822.2386591,""raw"":[16481,15752,15379]},""pinky"":{""age_s"":0.009144067764282227,""channels"":3,""force"":[-1.0248425610860217,-0.7415591179200005],""has_data"":true,""last_update_ts"":1784118822.2386591,""raw"":[17424,15292,17694]},""ring"":{""age_s"":0.009144067764282227,""channels"":3,""force"":[0.28312958183849446,0.260045244569997],""has_data"":true,""last_update_ts"":1784118822.2386591,""raw"":[15795,16384,15621]},""thumb"":{""age_s"":0.009144067764282227,""channels"":3,""force"":[0.0,-2.220446049250313e-16],""has_data"":true,""last_update_ts"":1784118822.2386591,""raw"":[0,0,0]}}","{""ble"":{""connection_state"":""connected"",""counter"":999513,""finger_order"":""DexterController.Visualizer"",""last_error"":null,""last_sample_age_s"":0.009165700990706682,""reconnect_count"":0,""sample_hz"":20.0,""sample_sequence"":1703,""timestamp_us"":9787044864},""fingers"":{""index"":{""has_data"":true,""last_update_ts"":1784118822.2386591,""mapped"":true},""middle"":{""has_data"":true,""last_update_ts"":1784118822.2386591,""mapped"":true},""pinky"":{""has_data"":true,""last_update_ts"":1784118822.2386591,""mapped"":true},""ring"":{""has_data"":true,""last_update_ts"":1784118822.2386591,""mapped"":true},""thumb"":{""has_data"":true,""last_update_ts"":1784118822.2386591,""mapped"":true}},""ports"":{""available"":[""BLE:Dexter""],""unavailable"":[]}}"
1784118822.2979274,1784118822.297803,1705,ble,"{""index"":{""age_s"":0.009143352508544922,""channels"":3,""force"":[-1.0392634226397668,-0.3946471054200016],""has_data"":true,""last_update_ts"":1784118822.2886596,""raw"":[17964,15802,17594]},""middle"":{""age_s"":0.009143352508544922,""channels"":3,""force"":[-0.33167981573609495,0.4446024352199984],""has_data"":true,""last_update_ts"":1784118822.2886596,""raw"":[16498,15808,15352]},""pinky"":{""age_s"":0.009143352508544922,""channels"":3,""force"":[-1.0195549118496476,-0.7451670028500006],""has_data"":true,""last_update_ts"":1784118822.2886596,""raw"":[17414,15293,17696]},""ring"":{""age_s"":0.009143352508544922,""channels"":3,""force"":[0.27399636952111805,0.2525519450999987],""has_data"":true,""last_update_ts"":1784118822.2886596,""raw"":[15801,16371,15631]},""thumb"":{""age_s"":0.009143352508544922,""channels"":3,""force"":[0.0,-2.220446049250313e-16],""has_data"":true,""last_update_ts"":1784118822.2886596,""raw"":[0,0,0]}}","{""ble"":{""connection_state"":""connected"",""counter"":999518,""finger_order"":""DexterController.Visualizer"",""last_error"":null,""last_sample_age_s"":0.009162295988062397,""reconnect_count"":0,""sample_hz"":20.0,""sample_sequence"":1704,""timestamp_us"":9787091808},""fingers"":{""index"":{""has_data"":true,""last_update_ts"":1784118822.2886596,""mapped"":true},""middle"":{""has_data"":true,""last_update_ts"":1784118822.2886596,""mapped"":true},""pinky"":{""has_data"":true,""last_update_ts"":1784118822.2886596,""mapped"":true},""ring"":{""has_data"":true,""last_update_ts"":1784118822.2886596,""mapped"":true},""thumb"":{""has_data"":true,""last_update_ts"":1784118822.2886596,""mapped"":true}},""ports"":{""available"":[""BLE:Dexter""],""unavailable"":[]}}"
1784118822.347962,1784118822.347818,1706,ble,"{""index"":{""age_s"":0.009145259857177734,""channels"":3,""force"":[-1.0363792503290163,-0.3213792883800002],""has_data"":true,""last_update_ts"":1784118822.3386726,""raw"":[18008,15852,17509]},""middle"":{""age_s"":0.009145259857177734,""channels"":3,""force"":[-0.345619981904715,0.48595434710999896],""has_data"":true,""last_update_ts"":1784118822.3386726,""raw"":[16544,15825,15309]},""pinky"":{""age_s"":0.009145259857177734,""channels"":3,""force"":[-1.0234004749306465,-0.7446119436300007],""has_data"":true,""last_update_ts"":1784118822.3386726,""raw"":[17419,15290,17696]},""ring"":{""age_s"":0.009145259857177734,""channels"":3,""force"":[0.27447706490624846,0.2583800669099974],""has_data"":true,""last_update_ts"":1784118822.3386726,""raw"":[15803,16374,15623]},""thumb"":{""age_s"":0.009145259857177734,""channels"":3,""force"":[0.0,-2.220446049250313e-16],""has_data"":true,""last_update_ts"":1784118822.3386726,""raw"":[0,0,0]}}","{""ble"":{""connection_state"":""connected"",""counter"":999524,""finger_order"":""DexterController.Visualizer"",""last_error"":null,""last_sample_age_s"":0.00916980899637565,""reconnect_count"":0,""sample_hz"":20.0,""sample_sequence"":1705,""timestamp_us"":9787148448},""fingers"":{""index"":{""has_data"":true,""last_update_ts"":1784118822.3386726,""mapped"":true},""middle"":{""has_data"":true,""last_update_ts"":1784118822.3386726,""mapped"":true},""pinky"":{""has_data"":true,""last_update_ts"":1784118822.3386726,""mapped"":true},""ring"":{""has_data"":true,""last_update_ts"":1784118822.3386726,""mapped"":true},""thumb"":{""has_data"":true,""last_update_ts"":1784118822.3386726,""mapped"":true}},""ports"":{""available"":[""BLE:Dexter""],""unavailable"":[]}}"
1784118822.3979428,1784118822.397803,1707,ble,"{""index"":{""age_s"":0.009143590927124023,""channels"":3,""force"":[-1.0142672626132772,-0.22202368800000283],""has_data"":true,""last_update_ts"":1784118822.3886595,""raw"":[18027,15917,17372]},""middle"":{""age_s"":0.009143590927124023,""channels"":3,""force"":[-0.36196362499895507,0.5153724857699986],""has_data"":true,""last_update_ts"":1784118822.3886595,""raw"":[16584,15831,15279]},""pinky"":{""age_s"":0.009143590927124023,""channels"":3,""force"":[-1.0248425610860217,-0.7404489994800008],""has_data"":true,""last_update_ts"":1784118822.3886595,""raw"":[17426,15294,17694]},""ring"":{""age_s"":0.009143590927124023,""channels"":3,""force"":[0.2893786218451151,0.2653183071599976],""has_data"":true,""last_update_ts"":1784118822.3886595,""raw"":[15794,16396,15617]},""thumb"":{""age_s"":0.009143590927124023,""channels"":3,""force"":[0.0,-2.220446049250313e-16],""has_data"":true,""last_update_ts"":1784118822.3886595,""raw"":[0,0,0]}}","{""ble"":{""connection_state"":""connected"",""counter"":999529,""finger_order"":""DexterController.Visualizer"",""last_error"":null,""last_sample_age_s"":0.00916669399884995,""reconnect_count"":0,""sample_hz"":20.0,""sample_sequence"":1706,""timestamp_us"":9787195552},""fingers"":{""index"":{""has_data"":true,""last_update_ts"":1784118822.3886595,""mapped"":true},""middle"":{""has_data"":true,""last_update_ts"":1784118822.3886595,""mapped"":true},""pinky"":{""has_data"":true,""last_update_ts"":1784118822.3886595,""mapped"":true},""ring"":{""has_data"":true,""last_update_ts"":1784118822.3886595,""mapped"":true},""thumb"":{""has_data"":true,""last_update_ts"":1784118822.3886595,""mapped"":true}},""ports"":{""available"":[""BLE:Dexter""],""unavailable"":[]}}"
1784118822.4479623,1784118822.4478416,1708,ble,"{""index"":{""age_s"":0.009186744689941406,""channels"":3,""force"":[-0.992155274897538,-0.11545231776000353],""has_data"":true,""last_update_ts"":1784118822.438655,""raw"":[18068,16004,17244]},""middle"":{""age_s"":0.009186744689941406,""channels"":3,""force"":[-0.3456199819047132,0.525918610949998],""has_data"":true,""last_update_ts"":1784118822.438655,""raw"":[16580,15861,15273]},""pinky"":{""age_s"":0.009186744689941406,""channels"":3,""force"":[-1.0243618657008948,-0.745722062070004],""has_data"":true,""last_update_ts"":1784118822.438655,""raw"":[17423,15292,17701]},""ring"":{""age_s"":0.009186744689941406,""channels"":3,""force"":[0.27832262798724194,0.25449465236999735],""has_data"":true,""last_update_ts"":1784118822.438655,""raw"":[15792,16371,15623]},""thumb"":{""age_s"":0.009186744689941406,""channels"":3,""force"":[0.0,-2.220446049250313e-16],""has_data"":true,""last_update_ts"":1784118822.438655,""raw"":[0,0,0]}}","{""ble"":{""connection_state"":""connected"",""counter"":999534,""finger_order"":""DexterController.Visualizer"",""last_error"":null,""last_sample_age_s"":0.009209308002027683,""reconnect_count"":0,""sample_hz"":20.0,""sample_sequence"":1707,""timestamp_us"":9787242496},""fingers"":{""index"":{""has_data"":true,""last_update_ts"":1784118822.438655,""mapped"":true},""middle"":{""has_data"":true,""last_update_ts"":1784118822.438655,""mapped"":true},""pinky"":{""has_data"":true,""last_update_ts"":1784118822.438655,""mapped"":true},""ring"":{""has_data"":true,""last_update_ts"":1784118822.438655,""mapped"":true},""thumb"":{""has_data"":true,""last_update_ts"":1784118822.438655,""mapped"":true}},""ports"":{""available"":[""BLE:Dexter""],""unavailable"":[]}}"
1784118822.4979537,1784118822.497833,1709,ble,"{""index"":{""age_s"":0.009187936782836914,""channels"":3,""force"":[-0.9599486840941758,-0.09297241934999967],""has_data"":true,""last_update_ts"":1784118822.488645,""raw"":[18045,16048,17214]},""middle"":{""age_s"":0.009187936782836914,""channels"":3,""force"":[-0.31918173572285014,0.5056589494199972],""has_data"":true,""last_update_ts"":1784118822.488645,""raw"":[16540,15876,15297]},""pinky"":{""age_s"":0.009187936782836914,""channels"":3,""force"":[-1.0195549118496494,-0.7446119436300025],""has_data"":true,""last_update_ts"":1784118822.488645,""raw"":[17420,15299,17701]},""ring"":{""age_s"":0.009187936782836914,""channels"":3,""force"":[0.2768805418318703,0.25366206353999843],""has_data"":true,""last_update_ts"":1784118822.488645,""raw"":[15800,16376,15631]},""thumb"":{""age_s"":0.009187936782836914,""channels"":3,""force"":[0.0,-2.220446049250313e-16],""has_data"":true,""last_update_ts"":1784118822.488645,""raw"":[0,0,0]}}","{""ble"":{""connection_state"":""connected"",""counter"":999540,""finger_order"":""DexterController.Visualizer"",""last_error"":null,""last_sample_age_s"":0.009212634002324194,""reconnect_count"":0,""sample_hz"":20.0,""sample_sequence"":1708,""timestamp_us"":9787298848},""fingers"":{""index"":{""has_data"":true,""last_update_ts"":1784118822.488645,""mapped"":true},""middle"":{""has_data"":true,""last_update_ts"":1784118822.488645,""mapped"":true},""pinky"":{""has_data"":true,""last_update_ts"":1784118822.488645,""mapped"":true},""ring"":{""has_data"":true,""last_update_ts"":1784118822.488645,""mapped"":true},""thumb"":{""has_data"":true,""last_update_ts"":1784118822.488645,""mapped"":true}},""ports"":{""available"":[""BLE:Dexter""],""unavailable"":[]}}"
1784118822.5479536,1784118822.5478294,1710,ble,"{""index"":{""age_s"":0.009189367294311523,""channels"":3,""force"":[-0.9464892133106808,-0.09186230090999903],""has_data"":true,""last_update_ts"":1784118822.53864,""raw"":[18004,16035,17185]},""middle"":{""age_s"":0.009189367294311523,""channels"":3,""force"":[-0.322065908033597,0.5694907597199981],""has_data"":true,""last_update_ts"":1784118822.53864,""raw"":[16441,15771,15080]},""pinky"":{""age_s"":0.009189367294311523,""channels"":3,""force"":[1.3122984013906365,0.36633908519999814],""has_data"":true,""last_update_ts"":1784118822.53864,""raw"":[16688,19418,17393]},""ring"":{""age_s"":0.009189367294311523,""channels"":3,""force"":[0.3388902465129675,0.7301804039099986],""has_data"":true,""last_update_ts"":1784118822.53864,""raw"":[15729,16434,14766]},""thumb"":{""age_s"":0.009189367294311523,""channels"":3,""force"":[0.0,-2.220446049250313e-16],""has_data"":true,""last_update_ts"":1784118822.53864,""raw"":[0,0,0]}}","{""ble"":{""connection_state"":""connected"",""counter"":999545,""finger_order"":""DexterController.Visualizer"",""last_error"":null,""last_sample_age_s"":0.009214247998897918,""reconnect_count"":0,""sample_hz"":20.0,""sample_sequence"":1709,""timestamp_us"":9787345856},""fingers"":{""index"":{""has_data"":true,""last_update_ts"":1784118822.53864,""mapped"":true},""middle"":{""has_data"":true,""last_update_ts"":1784118822.53864,""mapped"":true},""pinky"":{""has_data"":true,""last_update_ts"":1784118822.53864,""mapped"":true},""ring"":{""has_data"":true,""last_update_ts"":1784118822.53864,""mapped"":true},""thumb"":{""has_data"":true,""last_update_ts"":1784118822.53864,""mapped"":true}},""ports"":{""available"":[""BLE:Dexter""],""unavailable"":[]}}"
1784118822.5979335,1784118822.597823,1711,ble,"{""index"":{""age_s"":0.009183168411254883,""channels"":3,""force"":[-0.9493733856214313,-0.12239055801000198],""has_data"":true,""last_update_ts"":1784118822.5886397,""raw"":[18023,16048,17256]},""middle"":{""age_s"":0.009183168411254883,""channels"":3,""force"":[-0.3220659080335988,0.4579238564999981],""has_data"":true,""last_update_ts"":1784118822.5886397,""raw"":[16509,15839,15349]},""pinky"":{""age_s"":0.009183168411254883,""channels"":3,""force"":[-1.0209969980050246,-0.7454445324600005],""has_data"":true,""last_update_ts"":1784118822.5886397,""raw"":[17421,15297,17702]},""ring"":{""age_s"":0.009183168411254883,""channels"":3,""force"":[0.2768805418318703,0.25199688587999525],""has_data"":true,""last_update_ts"":1784118822.5886397,""raw"":[15795,16371,15629]},""thumb"":{""age_s"":0.009183168411254883,""channels"":3,""force"":[0.0,-2.220446049250313e-16],""has_data"":true,""last_update_ts"":1784118822.5886397,""raw"":[0,0,0]}}","{""ble"":{""connection_state"":""connected"",""counter"":999550,""finger_order"":""DexterController.Visualizer"",""last_error"":null,""last_sample_age_s"":0.009203556997817941,""reconnect_count"":0,""sample_hz"":20.0,""sample_sequence"":1710,""timestamp_us"":9787392896},""fingers"":{""index"":{""has_data"":true,""last_update_ts"":1784118822.5886397,""mapped"":true},""middle"":{""has_data"":true,""last_update_ts"":1784118822.5886397,""mapped"":true},""pinky"":{""has_data"":true,""last_update_ts"":1784118822.5886397,""mapped"":true},""ring"":{""has_data"":true,""last_update_ts"":1784118822.5886397,""mapped"":true},""thumb"":{""has_data"":true,""last_update_ts"":1784118822.5886397,""mapped"":true}},""ports"":{""available"":[""BLE:Dexter""],""unavailable"":[]}}"
1784118822.6479368,1784118822.6478226,1712,ble,"{""index"":{""age_s"":0.009177684783935547,""channels"":3,""force"":[-0.952738253317305,-0.1470906933000009],""has_data"":true,""last_update_ts"":1784118822.638645,""raw"":[18012,16030,17286]},""middle"":{""age_s"":0.009177684783935547,""channels"":3,""force"":[-0.3307184249658466,0.4384967837999971],""has_data"":true,""last_update_ts"":1784118822.638645,""raw"":[16503,15815,15369]},""pinky"":{""age_s"":0.009177684783935547,""channels"":3,""force"":[-1.0200356072347745,-0.7471097101200037],""has_data"":true,""last_update_ts"":1784118822.638645,""raw"":[17416,15294,17701]},""ring"":{""age_s"":0.009177684783935547,""channels"":3,""force"":[0.27495776029137176,0.25366206353999665],""has_data"":true,""last_update_ts"":1784118822.638645,""raw"":[15800,16372,15629]},""thumb"":{""age_s"":0.009177684783935547,""channels"":3,""force"":[0.0,-2.220446049250313e-16],""has_data"":true,""last_update_ts"":1784118822.638645,""raw"":[0,0,0]}}","{""ble"":{""connection_state"":""connected"",""counter"":999555,""finger_order"":""DexterController.Visualizer"",""last_error"":null,""last_sample_age_s"":0.009197655992466025,""reconnect_count"":0,""sample_hz"":20.0,""sample_sequence"":1711,""timestamp_us"":9787439968},""fingers"":{""index"":{""has_data"":true,""last_update_ts"":1784118822.638645,""mapped"":true},""middle"":{""has_data"":true,""last_update_ts"":1784118822.638645,""mapped"":true},""pinky"":{""has_data"":true,""last_update_ts"":1784118822.638645,""mapped"":true},""ring"":{""has_data"":true,""last_update_ts"":1784118822.638645,""mapped"":true},""thumb"":{""has_data"":true,""last_update_ts"":1784118822.638645,""mapped"":true}},""ports"":{""available"":[""BLE:Dexter""],""unavailable"":[]}}"
1784118822.6979582,1784118822.6978264,1713,ble,"{""index"":{""age_s"":0.009183168411254883,""channels"":3,""force"":[-0.9263000071354419,-0.1545839927700028],""has_data"":true,""last_update_ts"":1784118822.6886432,""raw"":[17984,16057,17299]},""middle"":{""age_s"":0.009183168411254883,""channels"":3,""force"":[-0.33408329266171854,0.4393293726299996],""has_data"":true,""last_update_ts"":1784118822.6886432,""raw"":[16507,15812,15368]},""pinky"":{""age_s"":0.009183168411254883,""channels"":3,""force"":[-1.0229197795455232,-0.747109710120001],""has_data"":true,""last_update_ts"":1784118822.6886432,""raw"":[17420,15292,17702]},""ring"":{""age_s"":0.009183168411254883,""channels"":3,""force"":[0.276399846446747,0.2550497115899981],""has_data"":true,""last_update_ts"":1784118822.6886432,""raw"":[15794,16369,15622]},""thumb"":{""age_s"":0.009183168411254883,""channels"":3,""force"":[0.0,-2.220446049250313e-16],""has_data"":true,""last_update_ts"":1784118822.6886432,""raw"":[0,0,0]}}","{""ble"":{""connection_state"":""connected"",""counter"":999561,""finger_order"":""DexterController.Visualizer"",""last_error"":null,""last_sample_age_s"":0.00920757399580907,""reconnect_count"":0,""sample_hz"":20.0,""sample_sequence"":1712,""timestamp_us"":9787496544},""fingers"":{""index"":{""has_data"":true,""last_update_ts"":1784118822.6886432,""mapped"":true},""middle"":{""has_data"":true,""last_update_ts"":1784118822.6886432,""mapped"":true},""pinky"":{""has_data"":true,""last_update_ts"":1784118822.6886432,""mapped"":true},""ring"":{""has_data"":true,""last_update_ts"":1784118822.6886432,""mapped"":true},""thumb"":{""has_data"":true,""last_update_ts"":1784118822.6886432,""mapped"":true}},""ports"":{""available"":[""BLE:Dexter""],""unavailable"":[]}}"
1784118822.7479672,1784118822.7478333,1714,ble,"{""index"":{""age_s"":0.009192466735839844,""channels"":3,""force"":[-0.9272613979056921,-0.20287414491],""has_data"":true,""last_update_ts"":1784118822.7386408,""raw"":[17960,16031,17361]},""middle"":{""age_s"":0.009192466735839844,""channels"":3,""force"":[-0.3254307757294743,0.4160168853899977],""has_data"":true,""last_update_ts"":1784118822.7386408,""raw"":[16476,15799,15388]},""pinky"":{""age_s"":0.009192466735839844,""channels"":3,""force"":[-1.02580395185627,-0.7476647693400009],""has_data"":true,""last_update_ts"":1784118822.7386408,""raw"":[17422,15288,17702]},""ring"":{""age_s"":0.009192466735839844,""channels"":3,""force"":[0.27303497875087324,0.2547721819799982],""has_data"":true,""last_update_ts"":1784118822.7386408,""raw"":[15800,16368,15625]},""thumb"":{""age_s"":0.009192466735839844,""channels"":3,""force"":[0.0,-2.220446049250313e-16],""has_data"":true,""last_update_ts"":1784118822.7386408,""raw"":[0,0,0]}}","{""ble"":{""connection_state"":""connected"",""counter"":999566,""finger_order"":""DexterController.Visualizer"",""last_error"":null,""last_sample_age_s"":0.009217715007252991,""reconnect_count"":0,""sample_hz"":20.0,""sample_sequence"":1713,""timestamp_us"":9787543520},""fingers"":{""index"":{""has_data"":true,""last_update_ts"":1784118822.7386408,""mapped"":true},""middle"":{""has_data"":true,""last_update_ts"":1784118822.7386408,""mapped"":true},""pinky"":{""has_data"":true,""last_update_ts"":1784118822.7386408,""mapped"":true},""ring"":{""has_data"":true,""last_update_ts"":1784118822.7386408,""mapped"":true},""thumb"":{""has_data"":true,""last_update_ts"":1784118822.7386408,""mapped"":true}},""ports"":{""available"":[""BLE:Dexter""],""unavailable"":[]}}"
1784118822.7979734,1784118822.797832,1715,ble,"{""index"":{""age_s"":0.009027957916259766,""channels"":3,""force"":[-0.9109177548114502,-0.25171935627000064],""has_data"":true,""last_update_ts"":1784118822.788804,""raw"":[17905,16010,17411]},""middle"":{""age_s"":0.009027957916259766,""channels"":3,""force"":[-0.32062382187822536,0.3860436875099973],""has_data"":true,""last_update_ts"":1784118822.788804,""raw"":[16453,15786,15424]},""pinky"":{""age_s"":0.009027957916259766,""channels"":3,""force"":[-1.021958388775273,-0.7465546509000021],""has_data"":true,""last_update_ts"":1784118822.788804,""raw"":[17416,15290,17698]},""ring"":{""age_s"":0.009027957916259766,""channels"":3,""force"":[0.2763998464467434,0.25282947470999595],""has_data"":true,""last_update_ts"":1784118822.788804,""raw"":[15796,16371,15628]},""thumb"":{""age_s"":0.009027957916259766,""channels"":3,""force"":[0.0,-2.220446049250313e-16],""has_data"":true,""last_update_ts"":1784118822.788804,""raw"":[0,0,0]}}","{""ble"":{""connection_state"":""connected"",""counter"":999571,""finger_order"":""DexterController.Visualizer"",""last_error"":null,""last_sample_age_s"":0.009052999012055807,""reconnect_count"":0,""sample_hz"":20.0,""sample_sequence"":1714,""timestamp_us"":9787590560},""fingers"":{""index"":{""has_data"":true,""last_update_ts"":1784118822.788804,""mapped"":true},""middle"":{""has_data"":true,""last_update_ts"":1784118822.788804,""mapped"":true},""pinky"":{""has_data"":true,""last_update_ts"":1784118822.788804,""mapped"":true},""ring"":{""has_data"":true,""last_update_ts"":1784118822.788804,""mapped"":true},""thumb"":{""has_data"":true,""last_update_ts"":1784118822.788804,""mapped"":true}},""ports"":{""available"":[""BLE:Dexter""],""unavailable"":[]}}"
1784118822.8479733,1784118822.8478317,1716,ble,"{""index"":{""age_s"":0.009172677993774414,""channels"":3,""force"":[-0.8527536132113536,-0.285855498300001],""has_data"":true,""last_update_ts"":1784118822.838659,""raw"":[17795,16021,17423]},""middle"":{""age_s"":0.009172677993774414,""channels"":3,""force"":[-0.29899252954760946,0.4873419951599969],""has_data"":true,""last_update_ts"":1784118822.838659,""raw"":[16367,15745,15178]},""pinky"":{""age_s"":0.009172677993774414,""channels"":3,""force"":[1.0161900441537757,0.23978558303999709],""has_data"":true,""last_update_ts"":1784118822.838659,""raw"":[16814,18928,17439]},""ring"":{""age_s"":0.009172677993774414,""channels"":3,""force"":[0.34658137267496336,0.668568830489999],""has_data"":true,""last_update_ts"":1784118822.838659,""raw"":[15722,16443,14878]},""thumb"":{""age_s"":0.009172677993774414,""channels"":3,""force"":[0.0,-2.220446049250313e-16],""has_data"":true,""last_update_ts"":1784118822.838659,""raw"":[0,0,0]}}","{""ble"":{""connection_state"":""connected"",""counter"":999577,""finger_order"":""DexterController.Visualizer"",""last_error"":null,""last_sample_age_s"":0.009198337007546797,""reconnect_count"":0,""sample_hz"":20.0,""sample_sequence"":1715,""timestamp_us"":9787646976},""fingers"":{""index"":{""has_data"":true,""last_update_ts"":1784118822.838659,""mapped"":true},""middle"":{""has_data"":true,""last_update_ts"":1784118822.838659,""mapped"":true},""pinky"":{""has_data"":true,""last_update_ts"":1784118822.838659,""mapped"":true},""ring"":{""has_data"":true,""last_update_ts"":1784118822.838659,""mapped"":true},""thumb"":{""has_data"":true,""last_update_ts"":1784118822.838659,""mapped"":true}},""ports"":{""available"":[""BLE:Dexter""],""unavailable"":[]}}"
1784118822.8979545,1784118822.897808,1717,ble,"{""index"":{""age_s"":0.009149551391601562,""channels"":3,""force"":[-0.8859215947849606,-0.31166575203000146],""has_data"":true,""last_update_ts"":1784118822.8886585,""raw"":[17840,15997,17480]},""middle"":{""age_s"":0.009149551391601562,""channels"":3,""force"":[-0.29899252954760946,0.3957572238599978],""has_data"":true,""last_update_ts"":1784118822.8886585,""raw"":[16445,15823,15421]},""pinky"":{""age_s"":0.009149551391601562,""channels"":3,""force"":[-1.0243618657008966,-0.74405688441],""has_data"":true,""last_update_ts"":1784118822.8886585,""raw"":[17424,15293,17699]},""ring"":{""age_s"":0.009149551391601562,""channels"":3,""force"":[0.2783226279872473,0.25726994846999673],""has_data"":true,""last_update_ts"":1784118822.8886585,""raw"":[15795,16374,15621]},""thumb"":{""age_s"":0.009149551391601562,""channels"":3,""force"":[0.0,-2.220446049250313e-16],""has_data"":true,""last_update_ts"":1784118822.8886585,""raw"":[0,0,0]}}","{""ble"":{""connection_state"":""connected"",""counter"":999582,""finger_order"":""DexterController.Visualizer"",""last_error"":null,""last_sample_age_s"":0.009175421990221366,""reconnect_count"":0,""sample_hz"":20.0,""sample_sequence"":1716,""timestamp_us"":9787694048},""fingers"":{""index"":{""has_data"":true,""last_update_ts"":1784118822.8886585,""mapped"":true},""middle"":{""has_data"":true,""last_update_ts"":1784118822.8886585,""mapped"":true},""pinky"":{""has_data"":true,""last_update_ts"":1784118822.8886585,""mapped"":true},""ring"":{""has_data"":true,""last_update_ts"":1784118822.8886585,""mapped"":true},""thumb"":{""has_data"":true,""last_update_ts"":1784118822.8886585,""mapped"":true}},""ports"":{""available"":[""BLE:Dexter""],""unavailable"":[]}}"
1784118822.9479482,1784118822.9478042,1718,ble,"{""index"":{""age_s"":0.009148836135864258,""channels"":3,""force"":[-0.8931320255618331,-0.2614328926200038],""has_data"":true,""last_update_ts"":1784118822.9386554,""raw"":[17883,16025,17425]},""middle"":{""age_s"":0.009148836135864258,""channels"":3,""force"":[-0.3052415695542319,0.4243427736899976],""has_data"":true,""last_update_ts"":1784118822.9386554,""raw"":[16460,15825,15378]},""pinky"":{""age_s"":0.009148836135864258,""channels"":3,""force"":[-1.0238811703157733,-0.7454445324599996],""has_data"":true,""last_update_ts"":1784118822.9386554,""raw"":[17421,15291,17699]},""ring"":{""age_s"":0.009148836135864258,""channels"":3,""force"":[0.27495776029137176,0.25144182665999715],""has_data"":true,""last_update_ts"":1784118822.9386554,""raw"":[15796,16368,15629]},""thumb"":{""age_s"":0.009148836135864258,""channels"":3,""force"":[0.0,-2.220446049250313e-16],""has_data"":true,""last_update_ts"":1784118822.9386554,""raw"":[0,0,0]}}","{""ble"":{""connection_state"":""connected"",""counter"":999587,""finger_order"":""DexterController.Visualizer"",""last_error"":null,""last_sample_age_s"":0.009173608006676659,""reconnect_count"":0,""sample_hz"":20.0,""sample_sequence"":1717,""timestamp_us"":9787741024},""fingers"":{""index"":{""has_data"":true,""last_update_ts"":1784118822.9386554,""mapped"":true},""middle"":{""has_data"":true,""last_update_ts"":1784118822.9386554,""mapped"":true},""pinky"":{""has_data"":true,""last_update_ts"":1784118822.9386554,""mapped"":true},""ring"":{""has_data"":true,""last_update_ts"":1784118822.9386554,""mapped"":true},""thumb"":{""has_data"":true,""last_update_ts"":1784118822.9386554,""mapped"":true}},""ports"":{""available"":[""BLE:Dexter""],""unavailable"":[]}}"
1784118822.9979448,1784118822.9978075,1719,ble,"{""index"":{""age_s"":0.009152889251708984,""channels"":3,""force"":[-0.8916899394064579,-0.0957477154500026],""has_data"":true,""last_update_ts"":1784118822.9886546,""raw"":[17970,16115,17215]},""middle"":{""age_s"":0.009152889251708984,""channels"":3,""force"":[-0.3129326957162313,0.48817458398999936],""has_data"":true,""last_update_ts"":1784118822.9886546,""raw"":[16525,15874,15320]},""pinky"":{""age_s"":0.009152889251708984,""channels"":3,""force"":[-1.0238811703157733,-0.7387838218200011],""has_data"":true,""last_update_ts"":1784118822.9886546,""raw"":[17421,15291,17687]},""ring"":{""age_s"":0.009152889251708984,""channels"":3,""force"":[0.28553305876411983,0.2653183071599985],""has_data"":true,""last_update_ts"":1784118822.9886546,""raw"":[15803,16397,15622]},""thumb"":{""age_s"":0.009152889251708984,""channels"":3,""force"":[0.0,-2.220446049250313e-16],""has_data"":true,""last_update_ts"":1784118822.9886546,""raw"":[0,0,0]}}","{""ble"":{""connection_state"":""connected"",""counter"":999593,""finger_order"":""DexterController.Visualizer"",""last_error"":null,""last_sample_age_s"":0.009173758997349069,""reconnect_count"":0,""sample_hz"":20.0,""sample_sequence"":1718,""timestamp_us"":9787797504},""fingers"":{""index"":{""has_data"":true,""last_update_ts"":1784118822.9886546,""mapped"":true},""middle"":{""has_data"":true,""last_update_ts"":1784118822.9886546,""mapped"":true},""pinky"":{""has_data"":true,""last_update_ts"":1784118822.9886546,""mapped"":true},""ring"":{""has_data"":true,""last_update_ts"":1784118822.9886546,""mapped"":true},""thumb"":{""has_data"":true,""last_update_ts"":1784118822.9886546,""mapped"":true}},""ports"":{""available"":[""BLE:Dexter""],""unavailable"":[]}}"
1784118823.0479631,1784118823.0478187,1720,ble,"{""index"":{""age_s"":0.009160280227661133,""channels"":3,""force"":[-0.8378520562724852,0.7174140418499997],""has_data"":true,""last_update_ts"":1784118823.0386584,""raw"":[18370,16627,16206]},""middle"":{""age_s"":0.009160280227661133,""channels"":3,""force"":[-0.12882636321343988,-0.026087783340003057],""has_data"":true,""last_update_ts"":1784118823.0386584,""raw"":[16021,15753,15934]},""pinky"":{""age_s"":0.009160280227661133,""channels"":3,""force"":[-1.0277267333967721,-0.7376737033800005],""has_data"":true,""last_update_ts"":1784118823.0386584,""raw"":[17429,15291,17689]},""ring"":{""age_s"":0.009160280227661133,""channels"":3,""force"":[0.2768805418318703,0.2630980702799999],""has_data"":true,""last_update_ts"":1784118823.0386584,""raw"":[15805,16381,15619]},""thumb"":{""age_s"":0.009160280227661133,""channels"":3,""force"":[0.0,-2.220446049250313e-16],""has_data"":true,""last_update_ts"":1784118823.0386584,""raw"":[0,0,0]}}","{""ble"":{""connection_state"":""connected"",""counter"":999598,""finger_order"":""DexterController.Visualizer"",""last_error"":null,""last_sample_age_s"":0.009185712988255545,""reconnect_count"":0,""sample_hz"":20.0,""sample_sequence"":1719,""timestamp_us"":9787844480},""fingers"":{""index"":{""has_data"":true,""last_update_ts"":1784118823.0386584,""mapped"":true},""middle"":{""has_data"":true,""last_update_ts"":1784118823.0386584,""mapped"":true},""pinky"":{""has_data"":true,""last_update_ts"":1784118823.0386584,""mapped"":true},""ring"":{""has_data"":true,""last_update_ts"":1784118823.0386584,""mapped"":true},""thumb"":{""has_data"":true,""last_update_ts"":1784118823.0386584,""mapped"":true}},""ports"":{""available"":[""BLE:Dexter""],""unavailable"":[]}}"
1784118823.097972,1784118823.09783,1721,ble,"{""index"":{""age_s"":0.009181022644042969,""channels"":3,""force"":[-0.9796571948842931,2.606558097119997],""has_data"":true,""last_update_ts"":1784118823.088649,""raw"":[19713,17675,13998]},""middle"":{""age_s"":0.009181022644042969,""channels"":3,""force"":[0.09806185856545468,-0.7276826374200018],""has_data"":true,""last_update_ts"":1784118823.088649,""raw"":[15351,15555,16764]},""pinky"":{""age_s"":0.009181022644042969,""channels"":3,""force"":[-1.0200356072347727,-0.7398939402600018],""has_data"":true,""last_update_ts"":1784118823.088649,""raw"":[17426,15304,17698]},""ring"":{""age_s"":0.009181022644042969,""channels"":3,""force"":[0.2821681910682461,0.25171935626999886],""has_data"":true,""last_update_ts"":1784118823.088649,""raw"":[15786,16373,15626]},""thumb"":{""age_s"":0.009181022644042969,""channels"":3,""force"":[0.0,-2.220446049250313e-16],""has_data"":true,""last_update_ts"":1784118823.088649,""raw"":[0,0,0]}}","{""ble"":{""connection_state"":""connected"",""counter"":999603,""finger_order"":""DexterController.Visualizer"",""last_error"":null,""last_sample_age_s"":0.009206393006024882,""reconnect_count"":0,""sample_hz"":20.0,""sample_sequence"":1720,""timestamp_us"":9787891456},""fingers"":{""index"":{""has_data"":true,""last_update_ts"":1784118823.088649,""mapped"":true},""middle"":{""has_data"":true,""last_update_ts"":1784118823.088649,""mapped"":true},""pinky"":{""has_data"":true,""last_update_ts"":1784118823.088649,""mapped"":true},""ring"":{""has_data"":true,""last_update_ts"":1784118823.088649,""mapped"":true},""thumb"":{""has_data"":true,""last_update_ts"":1784118823.088649,""mapped"":true}},""ports"":{""available"":[""BLE:Dexter""],""unavailable"":[]}}"
1784118823.1479485,1784118823.1478055,1722,ble,"{""index"":{""age_s"":0.009148120880126953,""channels"":3,""force"":[-0.6441318160671994,3.974779074419997],""has_data"":true,""last_update_ts"":1784118823.1386573,""raw"":[20191,18851,12360]},""middle"":{""age_s"":0.009148120880126953,""channels"":3,""force"":[0.24467395102851164,-1.2608170182300027],""has_data"":true,""last_update_ts"":1784118823.1386573,""raw"":[14894,15403,17420]},""pinky"":{""age_s"":0.009148120880126953,""channels"":3,""force"":[-1.0238811703157698,-0.7559906576400026],""has_data"":true,""last_update_ts"":1784118823.1386573,""raw"":[17415,15285,17712]},""ring"":{""age_s"":0.009148120880126953,""channels"":3,""force"":[0.27447706490624846,0.24949911938999936],""has_data"":true,""last_update_ts"":1784118823.1386573,""raw"":[15794,16365,15630]},""thumb"":{""age_s"":0.009148120880126953,""channels"":3,""force"":[0.0,-2.220446049250313e-16],""has_data"":true,""last_update_ts"":1784118823.1386573,""raw"":[0,0,0]}}","{""ble"":{""connection_state"":""connected"",""counter"":999609,""finger_order"":""DexterController.Visualizer"",""last_error"":null,""last_sample_age_s"":0.00917348799703177,""reconnect_count"":0,""sample_hz"":20.0,""sample_sequence"":1721,""timestamp_us"":9787947904},""fingers"":{""index"":{""has_data"":true,""last_update_ts"":1784118823.1386573,""mapped"":true},""middle"":{""has_data"":true,""last_update_ts"":1784118823.1386573,""mapped"":true},""pinky"":{""has_data"":true,""last_update_ts"":1784118823.1386573,""mapped"":true},""ring"":{""has_data"":true,""last_update_ts"":1784118823.1386573,""mapped"":true},""thumb"":{""has_data"":true,""last_update_ts"":1784118823.1386573,""mapped"":true}},""ports"":{""available"":[""BLE:Dexter""],""unavailable"":[]}}"
1784118823.1979482,1784118823.1978045,1723,ble,"{""index"":{""age_s"":0.009146928787231445,""channels"":3,""force"":[-0.41387872659243286,4.511798869769999],""has_data"":true,""last_update_ts"":1784118823.1886575,""raw"":[20277,19416,11718]},""middle"":{""age_s"":0.009146928787231445,""channels"":3,""force"":[0.5239579697860037,-2.1486342406200007],""has_data"":true,""last_update_ts"":1784118823.1886575,""raw"":[14080,15170,18496]},""pinky"":{""age_s"":0.009146928787231445,""channels"":3,""force"":[-1.0267653426265237,-0.7404489994799981],""has_data"":true,""last_update_ts"":1784118823.1886575,""raw"":[17425,15289,17691]},""ring"":{""age_s"":0.009146928787231445,""channels"":3,""force"":[0.28985931723024194,0.2617104222299975],""has_data"":true,""last_update_ts"":1784118823.1886575,""raw"":[15795,16398,15625]},""thumb"":{""age_s"":0.009146928787231445,""channels"":3,""force"":[0.0,-2.220446049250313e-16],""has_data"":true,""last_update_ts"":1784118823.1886575,""raw"":[0,0,0]}}","{""ble"":{""connection_state"":""connected"",""counter"":999614,""finger_order"":""DexterController.Visualizer"",""last_error"":null,""last_sample_age_s"":0.009172785998089239,""reconnect_count"":0,""sample_hz"":20.0,""sample_sequence"":1722,""timestamp_us"":9787994848},""fingers"":{""index"":{""has_data"":true,""last_update_ts"":1784118823.1886575,""mapped"":true},""middle"":{""has_data"":true,""last_update_ts"":1784118823.1886575,""mapped"":true},""pinky"":{""has_data"":true,""last_update_ts"":1784118823.1886575,""mapped"":true},""ring"":{""has_data"":true,""last_update_ts"":1784118823.1886575,""mapped"":true},""thumb"":{""has_data"":true,""last_update_ts"":1784118823.1886575,""mapped"":true}},""ports"":{""available"":[""BLE:Dexter""],""unavailable"":[]}}"
1784118823.247945,1784118823.247804,1724,ble,"{""index"":{""age_s"":0.00914621353149414,""channels"":3,""force"":[-0.06056761852572201,4.837896161519997],""has_data"":true,""last_update_ts"":1784118823.2386577,""raw"":[20098,19972,11319]},""middle"":{""age_s"":0.00914621353149414,""channels"":3,""force"":[0.659994763776317,-2.4408729199500003],""has_data"":true,""last_update_ts"":1784118823.2386577,""raw"":[13770,15143,18854]},""pinky"":{""age_s"":0.00914621353149414,""channels"":3,""force"":[-1.0205163026199013,-0.7496074766100005],""has_data"":true,""last_update_ts"":1784118823.2386577,""raw"":[17417,15294,17706]},""ring"":{""age_s"":0.00914621353149414,""channels"":3,""force"":[0.27495776029137176,0.24478111601999952],""has_data"":true,""last_update_ts"":1784118823.2386577,""raw"":[15790,16362,15635]},""thumb"":{""age_s"":0.00914621353149414,""channels"":3,""force"":[0.0,-2.220446049250313e-16],""has_data"":true,""last_update_ts"":1784118823.2386577,""raw"":[0,0,0]}}","{""ble"":{""connection_state"":""connected"",""counter"":999619,""finger_order"":""DexterController.Visualizer"",""last_error"":null,""last_sample_age_s"":0.009168869000859559,""reconnect_count"":0,""sample_hz"":20.0,""sample_sequence"":1723,""timestamp_us"":9788041696},""fingers"":{""index"":{""has_data"":true,""last_update_ts"":1784118823.2386577,""mapped"":true},""middle"":{""has_data"":true,""last_update_ts"":1784118823.2386577,""mapped"":true},""pinky"":{""has_data"":true,""last_update_ts"":1784118823.2386577,""mapped"":true},""ring"":{""has_data"":true,""last_update_ts"":1784118823.2386577,""mapped"":true},""thumb"":{""has_data"":true,""last_update_ts"":1784118823.2386577,""mapped"":true}},""ports"":{""available"":[""BLE:Dexter""],""unavailable"":[]}}"
1784118823.2979295,1784118823.2978034,1725,ble,"{""index"":{""age_s"":0.009145498275756836,""channels"":3,""force"":[0.10575298472745054,5.371863131159997],""has_data"":true,""last_update_ts"":1784118823.288658,""raw"":[20268,20488,10700]},""middle"":{""age_s"":0.009145498275756836,""channels"":3,""force"":[0.6229812191217077,-2.3523409743600023],""has_data"":true,""last_update_ts"":1784118823.288658,""raw"":[13905,15201,18791]},""pinky"":{""age_s"":0.009145498275756836,""channels"":3,""force"":[-1.0190742164645226,-0.7415591179200005],""has_data"":true,""last_update_ts"":1784118823.288658,""raw"":[17415,15295,17691]},""ring"":{""age_s"":0.009145498275756836,""channels"":3,""force"":[0.2773612372169971,0.2617104222299975],""has_data"":true,""last_update_ts"":1784118823.288658,""raw"":[15800,16377,15617]},""thumb"":{""age_s"":0.009145498275756836,""channels"":3,""force"":[0.0,-2.220446049250313e-16],""has_data"":true,""last_update_ts"":1784118823.288658,""raw"":[0,0,0]}}","{""ble"":{""connection_state"":""connected"",""counter"":999625,""finger_order"":""DexterController.Visualizer"",""last_error"":null,""last_sample_age_s"":0.009166001997073181,""reconnect_count"":0,""sample_hz"":20.0,""sample_sequence"":1724,""timestamp_us"":9788098208},""fingers"":{""index"":{""has_data"":true,""last_update_ts"":1784118823.288658,""mapped"":true},""middle"":{""has_data"":true,""last_update_ts"":1784118823.288658,""mapped"":true},""pinky"":{""has_data"":true,""last_update_ts"":1784118823.288658,""mapped"":true},""ring"":{""has_data"":true,""last_update_ts"":1784118823.288658,""mapped"":true},""thumb"":{""has_data"":true,""last_update_ts"":1784118823.288658,""mapped"":true}},""ports"":{""available"":[""BLE:Dexter""],""unavailable"":[]}}"
1784118823.3479235,1784118823.347803,1726,ble,"{""index"":{""age_s"":0.009153366088867188,""channels"":3,""force"":[0.20477623406315715,5.949124719959998],""has_data"":true,""last_update_ts"":1784118823.3386497,""raw"":[20575,21001,10070]},""middle"":{""age_s"":0.009153366088867188,""channels"":3,""force"":[0.6085603575679652,-2.3945254750800036],""has_data"":true,""last_update_ts"":1784118823.3386497,""raw"":[13891,15157,18838]},""pinky"":{""age_s"":0.009153366088867188,""channels"":3,""force"":[-1.0205163026198978,-0.7507175950500029],""has_data"":true,""last_update_ts"":1784118823.3386497,""raw"":[17410,15287,17701]},""ring"":{""age_s"":0.009153366088867188,""channels"":3,""force"":[0.27111219721037294,0.23812040537999923],""has_data"":true,""last_update_ts"":1784118823.3386497,""raw"":[15790,16354,15643]},""thumb"":{""age_s"":0.009153366088867188,""channels"":3,""force"":[0.0,-2.220446049250313e-16],""has_data"":true,""last_update_ts"":1784118823.3386497,""raw"":[0,0,0]}}","{""ble"":{""connection_state"":""connected"",""counter"":999630,""finger_order"":""DexterController.Visualizer"",""last_error"":null,""last_sample_age_s"":0.009173918006126769,""reconnect_count"":0,""sample_hz"":20.0,""sample_sequence"":1725,""timestamp_us"":9788145056},""fingers"":{""index"":{""has_data"":true,""last_update_ts"":1784118823.3386497,""mapped"":true},""middle"":{""has_data"":true,""last_update_ts"":1784118823.3386497,""mapped"":true},""pinky"":{""has_data"":true,""last_update_ts"":1784118823.3386497,""mapped"":true},""ring"":{""has_data"":true,""last_update_ts"":1784118823.3386497,""mapped"":true},""thumb"":{""has_data"":true,""last_update_ts"":1784118823.3386497,""mapped"":true}},""ports"":{""available"":[""BLE:Dexter""],""unavailable"":[]}}"
1784118823.3979294,1784118823.3978026,1727,ble,"{""index"":{""age_s"":0.009144783020019531,""channels"":3,""force"":[0.23121448024501845,6.398445158549999],""has_data"":true,""last_update_ts"":1784118823.3886578,""raw"":[20899,21380,9612]},""middle"":{""age_s"":0.009144783020019531,""channels"":3,""force"":[0.5018459820702645,-2.159180365800002],""has_data"":true,""last_update_ts"":1784118823.3886578,""raw"":[14161,15205,18573]},""pinky"":{""age_s"":0.009144783020019531,""channels"":3,""force"":[-1.022439084160398,-0.7479422989500009],""has_data"":true,""last_update_ts"":1784118823.3886578,""raw"":[17413,15286,17697]},""ring"":{""age_s"":0.009144783020019531,""channels"":3,""force"":[0.2778419326021222,0.26032277417999783],""has_data"":true,""last_update_ts"":1784118823.3886578,""raw"":[15799,16377,15619]},""thumb"":{""age_s"":0.009144783020019531,""channels"":3,""force"":[0.0,-2.220446049250313e-16],""has_data"":true,""last_update_ts"":1784118823.3886578,""raw"":[0,0,0]}}","{""ble"":{""connection_state"":""connected"",""counter"":999635,""finger_order"":""DexterController.Visualizer"",""last_error"":null,""last_sample_age_s"":0.009165071009192616,""reconnect_count"":0,""sample_hz"":20.0,""sample_sequence"":1726,""timestamp_us"":9788191840},""fingers"":{""index"":{""has_data"":true,""last_update_ts"":1784118823.3886578,""mapped"":true},""middle"":{""has_data"":true,""last_update_ts"":1784118823.3886578,""mapped"":true},""pinky"":{""has_data"":true,""last_update_ts"":1784118823.3886578,""mapped"":true},""ring"":{""has_data"":true,""last_update_ts"":1784118823.3886578,""mapped"":true},""thumb"":{""has_data"":true,""last_update_ts"":1784118823.3886578,""mapped"":true}},""ports"":{""available"":[""BLE:Dexter""],""unavailable"":[]}}"
1784118823.4479272,1784118823.4478025,1728,ble,"{""index"":{""age_s"":0.009144306182861328,""channels"":3,""force"":[0.2542878587310078,6.843047593769997],""has_data"":true,""last_update_ts"":1784118823.4386582,""raw"":[21181,21710,9117]},""middle"":{""age_s"":0.009144306182861328,""channels"":3,""force"":[0.3869597850254447,-1.987389537210003],""has_data"":true,""last_update_ts"":1784118823.4386582,""raw"":[14397,15202,18380]},""pinky"":{""age_s"":0.009144306182861328,""channels"":3,""force"":[-1.021958388775273,-0.7421141771400004],""has_data"":true,""last_update_ts"":1784118823.4386582,""raw"":[17422,15296,17696]},""ring"":{""age_s"":0.009144306182861328,""channels"":3,""force"":[0.27447706490624846,0.25615983002999965],""has_data"":true,""last_update_ts"":1784118823.4386582,""raw"":[15802,16373,15626]},""thumb"":{""age_s"":0.009144306182861328,""channels"":3,""force"":[0.0,-2.220446049250313e-16],""has_data"":true,""last_update_ts"":1784118823.4386582,""raw"":[0,0,0]}}","{""ble"":{""connection_state"":""connected"",""counter"":999641,""finger_order"":""DexterController.Visualizer"",""last_error"":null,""last_sample_age_s"":0.009166192990960553,""reconnect_count"":0,""sample_hz"":20.0,""sample_sequence"":1727,""timestamp_us"":9788248448},""fingers"":{""index"":{""has_data"":true,""last_update_ts"":1784118823.4386582,""mapped"":true},""middle"":{""has_data"":true,""last_update_ts"":1784118823.4386582,""mapped"":true},""pinky"":{""has_data"":true,""last_update_ts"":1784118823.4386582,""mapped"":true},""ring"":{""has_data"":true,""last_update_ts"":1784118823.4386582,""mapped"":true},""thumb"":{""has_data"":true,""last_update_ts"":1784118823.4386582,""mapped"":true}},""ports"":{""available"":[""BLE:Dexter""],""unavailable"":[]}}"
1784118823.4979475,1784118823.4978037,1729,ble,"{""index"":{""age_s"":0.009149312973022461,""channels"":3,""force"":[0.30716435109473217,7.083943295249997],""has_data"":true,""last_update_ts"":1784118823.4886544,""raw"":[21271,21910,8828]},""middle"":{""age_s"":0.009149312973022461,""channels"":3,""force"":[0.38167213578907244,-1.9121790129000038],""has_data"":true,""last_update_ts"":1784118823.4886544,""raw"":[14507,15301,18349]},""pinky"":{""age_s"":0.009149312973022461,""channels"":3,""force"":[-1.0219583887752712,-0.7387838218200029],""has_data"":true,""last_update_ts"":1784118823.4886544,""raw"":[17415,15289,17683]},""ring"":{""age_s"":0.009149312973022461,""channels"":3,""force"":[0.27928401875749564,0.26670595520999996],""has_data"":true,""last_update_ts"":1784118823.4886544,""raw"":[15792,16373,15602]},""thumb"":{""age_s"":0.009149312973022461,""channels"":3,""force"":[0.0,-2.220446049250313e-16],""has_data"":true,""last_update_ts"":1784118823.4886544,""raw"":[0,0,0]}}","{""ble"":{""connection_state"":""connected"",""counter"":999646,""finger_order"":""DexterController.Visualizer"",""last_error"":null,""last_sample_age_s"":0.009174559992970899,""reconnect_count"":0,""sample_hz"":20.0,""sample_sequence"":1728,""timestamp_us"":9788295552},""fingers"":{""index"":{""has_data"":true,""last_update_ts"":1784118823.4886544,""mapped"":true},""middle"":{""has_data"":true,""last_update_ts"":1784118823.4886544,""mapped"":true},""pinky"":{""has_data"":true,""last_update_ts"":1784118823.4886544,""mapped"":true},""ring"":{""has_data"":true,""last_update_ts"":1784118823.4886544,""mapped"":true},""thumb"":{""has_data"":true,""last_update_ts"":1784118823.4886544,""mapped"":true}},""ports"":{""available"":[""BLE:Dexter""],""unavailable"":[]}}"
1784118823.5479462,1784118823.5478044,1730,ble,"{""index"":{""age_s"":0.009145975112915039,""channels"":3,""force"":[0.4624289604900351,7.130845799339996],""has_data"":true,""last_update_ts"":1784118823.5386584,""raw"":[21128,22090,8762]},""middle"":{""age_s"":0.009145975112915039,""channels"":3,""force"":[0.5359753544141235,-2.052331465950001],""has_data"":true,""last_update_ts"":1784118823.5386584,""raw"":[14297,15412,18552]},""pinky"":{""age_s"":0.009145975112915039,""channels"":3,""force"":[-1.0205163026198978,-0.7473872397300001],""has_data"":true,""last_update_ts"":1784118823.5386584,""raw"":[17418,15295,17703]},""ring"":{""age_s"":0.009145975112915039,""channels"":3,""force"":[0.2744770649062467,0.25005417860999746],""has_data"":true,""last_update_ts"":1784118823.5386584,""raw"":[15792,16363,15627]},""thumb"":{""age_s"":0.009145975112915039,""channels"":3,""force"":[0.0,-2.220446049250313e-16],""has_data"":true,""last_update_ts"":1784118823.5386584,""raw"":[0,0,0]}}","{""ble"":{""connection_state"":""connected"",""counter"":999651,""finger_order"":""DexterController.Visualizer"",""last_error"":null,""last_sample_age_s"":0.009171273006359115,""reconnect_count"":0,""sample_hz"":20.0,""sample_sequence"":1729,""timestamp_us"":9788342496},""fingers"":{""index"":{""has_data"":true,""last_update_ts"":1784118823.5386584,""mapped"":true},""middle"":{""has_data"":true,""last_update_ts"":1784118823.5386584,""mapped"":true},""pinky"":{""has_data"":true,""last_update_ts"":1784118823.5386584,""mapped"":true},""ring"":{""has_data"":true,""last_update_ts"":1784118823.5386584,""mapped"":true},""thumb"":{""has_data"":true,""last_update_ts"":1784118823.5386584,""mapped"":true}},""ports"":{""available"":[""BLE:Dexter""],""unavailable"":[]}}"
1784118823.5979478,1784118823.5978055,1731,ble,"{""index"":{""age_s"":0.009155988693237305,""channels"":3,""force"":[0.7234465546127886,6.830836290929999],""has_data"":true,""last_update_ts"":1784118823.5886495,""raw"":[20691,22196,9137]},""middle"":{""age_s"":0.009155988693237305,""channels"":3,""force"":[0.6306723452837062,-2.178607438500002],""has_data"":true,""last_update_ts"":1784118823.5886495,""raw"":[14150,15462,18731]},""pinky"":{""age_s"":0.009155988693237305,""channels"":3,""force"":[-1.0219583887752748,-0.7465546508999994],""has_data"":true,""last_update_ts"":1784118823.5886495,""raw"":[17417,15291,17699]},""ring"":{""age_s"":0.009155988693237305,""channels"":3,""force"":[0.276399846446747,0.2533845339299985],""has_data"":true,""last_update_ts"":1784118823.5886495,""raw"":[15794,16369,15625]},""thumb"":{""age_s"":0.009155988693237305,""channels"":3,""force"":[0.0,-2.220446049250313e-16],""has_data"":true,""last_update_ts"":1784118823.5886495,""raw"":[0,0,0]}}","{""ble"":{""connection_state"":""connected"",""counter"":999657,""finger_order"":""DexterController.Visualizer"",""last_error"":null,""last_sample_age_s"":0.009181353001622483,""reconnect_count"":0,""sample_hz"":20.0,""sample_sequence"":1730,""timestamp_us"":9788398816},""fingers"":{""index"":{""has_data"":true,""last_update_ts"":1784118823.5886495,""mapped"":true},""middle"":{""has_data"":true,""last_update_ts"":1784118823.5886495,""mapped"":true},""pinky"":{""has_data"":true,""last_update_ts"":1784118823.5886495,""mapped"":true},""ring"":{""has_data"":true,""last_update_ts"":1784118823.5886495,""mapped"":true},""thumb"":{""has_data"":true,""last_update_ts"":1784118823.5886495,""mapped"":true}},""ports"":{""available"":[""BLE:Dexter""],""unavailable"":[]}}"
1784118823.647946,1784118823.6478055,1732,ble,"{""index"":{""age_s"":0.009148359298706055,""channels"":3,""force"":[0.7989157300773755,6.773942720879997],""has_data"":true,""last_update_ts"":1784118823.638657,""raw"":[20561,22223,9188]},""middle"":{""age_s"":0.009148359298706055,""channels"":3,""force"":[0.6652824130126902,-2.382314172240002],""has_data"":true,""last_update_ts"":1784118823.638657,""raw"":[13891,15275,18875]},""pinky"":{""age_s"":0.009148359298706055,""channels"":3,""force"":[1.2286574043789287,0.3235995252599997],""has_data"":true,""last_update_ts"":1784118823.638657,""raw"":[16720,19276,17415]},""ring"":{""age_s"":0.009148359298706055,""channels"":3,""force"":[0.3374481603575923,0.7143612161399977],""has_data"":true,""last_update_ts"":1784118823.638657,""raw"":[15726,16428,14790]},""thumb"":{""age_s"":0.009148359298706055,""channels"":3,""force"":[0.0,-2.220446049250313e-16],""has_data"":true,""last_update_ts"":1784118823.638657,""raw"":[0,0,0]}}","{""ble"":{""connection_state"":""connected"",""counter"":999662,""finger_order"":""DexterController.Visualizer"",""last_error"":null,""last_sample_age_s"":0.009174299004371278,""reconnect_count"":0,""sample_hz"":20.0,""sample_sequence"":1731,""timestamp_us"":9788445824},""fingers"":{""index"":{""has_data"":true,""last_update_ts"":1784118823.638657,""mapped"":true},""middle"":{""has_data"":true,""last_update_ts"":1784118823.638657,""mapped"":true},""pinky"":{""has_data"":true,""last_update_ts"":1784118823.638657,""mapped"":true},""ring"":{""has_data"":true,""last_update_ts"":1784118823.638657,""mapped"":true},""thumb"":{""has_data"":true,""last_update_ts"":1784118823.638657,""mapped"":true}},""ports"":{""available"":[""BLE:Dexter""],""unavailable"":[]}}"
1784118823.6979737,1784118823.69783,1733,ble,"{""index"":{""age_s"":0.009171724319458008,""channels"":3,""force"":[0.612405920648964,7.1319559177799965],""has_data"":true,""last_update_ts"":1784118823.6886582,""raw"":[21040,22314,8828]},""middle"":{""age_s"":0.009171724319458008,""channels"":3,""force"":[0.36244432038408014,-2.302940703780001],""has_data"":true,""last_update_ts"":1784118823.6886582,""raw"":[14381,15135,18907]},""pinky"":{""age_s"":0.009171724319458008,""channels"":3,""force"":[-1.0209969980050229,-0.7465546509000021],""has_data"":true,""last_update_ts"":1784118823.6886582,""raw"":[17414,15290,17697]},""ring"":{""age_s"":0.009171724319458008,""channels"":3,""force"":[0.2768805418318703,0.25088676743999727],""has_data"":true,""last_update_ts"":1784118823.6886582,""raw"":[15795,16371,15631]},""thumb"":{""age_s"":0.009171724319458008,""channels"":3,""force"":[0.0,-2.220446049250313e-16],""has_data"":true,""last_update_ts"":1784118823.6886582,""raw"":[0,0,0]}}","{""ble"":{""connection_state"":""connected"",""counter"":999667,""finger_order"":""DexterController.Visualizer"",""last_error"":null,""last_sample_age_s"":0.009196672996040434,""reconnect_count"":0,""sample_hz"":20.0,""sample_sequence"":1732,""timestamp_us"":9788492864},""fingers"":{""index"":{""has_data"":true,""last_update_ts"":1784118823.6886582,""mapped"":true},""middle"":{""has_data"":true,""last_update_ts"":1784118823.6886582,""mapped"":true},""pinky"":{""has_data"":true,""last_update_ts"":1784118823.6886582,""mapped"":true},""ring"":{""has_data"":true,""last_update_ts"":1784118823.6886582,""mapped"":true},""thumb"":{""has_data"":true,""last_update_ts"":1784118823.6886582,""mapped"":true}},""ports"":{""available"":[""BLE:Dexter""],""unavailable"":[]}}"
1784118823.7479482,1784118823.7478244,1734,ble,"{""index"":{""age_s"":0.009166479110717773,""channels"":3,""force"":[0.4980004189892693,7.420586712179999],""has_data"":true,""last_update_ts"":1784118823.738658,""raw"":[21328,22364,8477]},""middle"":{""age_s"":0.009166479110717773,""channels"":3,""force"":[0.20669901560365211,-2.0415078111600007],""has_data"":true,""last_update_ts"":1784118823.738658,""raw"":[14733,15163,18626]},""pinky"":{""age_s"":0.009166479110717773,""channels"":3,""force"":[-1.0214776933901497,-0.7479422989500026],""has_data"":true,""last_update_ts"":1784118823.738658,""raw"":[17420,15295,17705]},""ring"":{""age_s"":0.009166479110717773,""channels"":3,""force"":[0.2763998464467434,0.25838006690999826],""has_data"":true,""last_update_ts"":1784118823.738658,""raw"":[15801,16376,15623]},""thumb"":{""age_s"":0.009166479110717773,""channels"":3,""force"":[0.0,-2.220446049250313e-16],""has_data"":true,""last_update_ts"":1784118823.738658,""raw"":[0,0,0]}}","{""ble"":{""connection_state"":""connected"",""counter"":999672,""finger_order"":""DexterController.Visualizer"",""last_error"":null,""last_sample_age_s"":0.009187004994601011,""reconnect_count"":0,""sample_hz"":20.0,""sample_sequence"":1733,""timestamp_us"":9788539872},""fingers"":{""index"":{""has_data"":true,""last_update_ts"":1784118823.738658,""mapped"":true},""middle"":{""has_data"":true,""last_update_ts"":1784118823.738658,""mapped"":true},""pinky"":{""has_data"":true,""last_update_ts"":1784118823.738658,""mapped"":true},""ring"":{""has_data"":true,""last_update_ts"":1784118823.738658,""mapped"":true},""thumb"":{""has_data"":true,""last_update_ts"":1784118823.738658,""mapped"":true}},""ports"":{""available"":[""BLE:Dexter""],""unavailable"":[]}}"
1784118823.79793,1784118823.7978039,1735,ble,"{""index"":{""age_s"":0.009145736694335938,""channels"":3,""force"":[0.6474966837630731,7.071176933189998],""has_data"":true,""last_update_ts"":1784118823.7886581,""raw"":[20915,22262,8849]},""middle"":{""age_s"":0.009145736694335938,""channels"":3,""force"":[0.3855176988700695,-2.1769422608400024],""has_data"":true,""last_update_ts"":1784118823.7886581,""raw"":[14513,15315,18836]},""pinky"":{""age_s"":0.009145736694335938,""channels"":3,""force"":[-1.02340047493065,-0.7446119436300007],""has_data"":true,""last_update_ts"":1784118823.7886581,""raw"":[17425,15296,17702]},""ring"":{""age_s"":0.009145736694335938,""channels"":3,""force"":[0.27495776029137176,0.25643735963999603],""has_data"":true,""last_update_ts"":1784118823.7886581,""raw"":[15800,16372,15624]},""thumb"":{""age_s"":0.009145736694335938,""channels"":3,""force"":[0.0,-2.220446049250313e-16],""has_data"":true,""last_update_ts"":1784118823.7886581,""raw"":[0,0,0]}}","{""ble"":{""connection_state"":""connected"",""counter"":999678,""finger_order"":""DexterController.Visualizer"",""last_error"":null,""last_sample_age_s"":0.009165933006443083,""reconnect_count"":0,""sample_hz"":20.0,""sample_sequence"":1734,""timestamp_us"":9788596352},""fingers"":{""index"":{""has_data"":true,""last_update_ts"":1784118823.7886581,""mapped"":true},""middle"":{""has_data"":true,""last_update_ts"":1784118823.7886581,""mapped"":true},""pinky"":{""has_data"":true,""last_update_ts"":1784118823.7886581,""mapped"":true},""ring"":{""has_data"":true,""last_update_ts"":1784118823.7886581,""mapped"":true},""thumb"":{""has_data"":true,""last_update_ts"":1784118823.7886581,""mapped"":true}},""ports"":{""available"":[""BLE:Dexter""],""unavailable"":[]}}"
1784118823.8479588,1784118823.8478181,1736,ble,"{""index"":{""age_s"":0.009168386459350586,""channels"":3,""force"":[0.8465045732047312,6.503906410349999],""has_data"":true,""last_update_ts"":1784118823.8386497,""raw"":[20301,22062,9464]},""middle"":{""age_s"":0.009168386459350586,""channels"":3,""force"":[0.637882776060577,-2.64902012745],""has_data"":true,""last_update_ts"":1784118823.8386497,""raw"":[14008,15335,19444]},""pinky"":{""age_s"":0.009168386459350586,""channels"":3,""force"":[-1.0209969980050229,-0.7454445324600005],""has_data"":true,""last_update_ts"":1784118823.8386497,""raw"":[17418,15294,17699]},""ring"":{""age_s"":0.009168386459350586,""channels"":3,""force"":[0.273034978750875,0.2503317082199965],""has_data"":true,""last_update_ts"":1784118823.8386497,""raw"":[15795,16363,15628]},""thumb"":{""age_s"":0.009168386459350586,""channels"":3,""force"":[0.0,-2.220446049250313e-16],""has_data"":true,""last_update_ts"":1784118823.8386497,""raw"":[0,0,0]}}","{""ble"":{""connection_state"":""connected"",""counter"":999683,""finger_order"":""DexterController.Visualizer"",""last_error"":null,""last_sample_age_s"":0.009193909005261958,""reconnect_count"":0,""sample_hz"":20.0,""sample_sequence"":1735,""timestamp_us"":9788643488},""fingers"":{""index"":{""has_data"":true,""last_update_ts"":1784118823.8386497,""mapped"":true},""middle"":{""has_data"":true,""last_update_ts"":1784118823.8386497,""mapped"":true},""pinky"":{""has_data"":true,""last_update_ts"":1784118823.8386497,""mapped"":true},""ring"":{""has_data"":true,""last_update_ts"":1784118823.8386497,""mapped"":true},""thumb"":{""has_data"":true,""last_update_ts"":1784118823.8386497,""mapped"":true}},""ports"":{""available"":[""BLE:Dexter""],""unavailable"":[]}}"
1784118823.8980677,1784118823.8978388,1737,ble,"{""index"":{""age_s"":0.009164571762084961,""channels"":3,""force"":[0.8181435454823678,6.197236191299999],""has_data"":true,""last_update_ts"":1784118823.8886743,""raw"":[20105,21807,9791]},""middle"":{""age_s"":0.009164571762084961,""channels"":3,""force"":[0.314855477256728,-2.65679095653],""has_data"":true,""last_update_ts"":1784118823.8886743,""raw"":[14342,14997,19456]},""pinky"":{""age_s"":0.009164571762084961,""channels"":3,""force"":[-1.0248425610860235,-0.7443344140200008],""has_data"":true,""last_update_ts"":1784118823.8886743,""raw"":[17425,15293,17700]},""ring"":{""age_s"":0.009164571762084961,""channels"":3,""force"":[0.27399636952111805,0.25088676743999905],""has_data"":true,""last_update_ts"":1784118823.8886743,""raw"":[15797,16367,15630]},""thumb"":{""age_s"":0.009164571762084961,""channels"":3,""force"":[0.0,-2.220446049250313e-16],""has_data"":true,""last_update_ts"":1784118823.8886743,""raw"":[0,0,0]}}","{""ble"":{""connection_state"":""connected"",""counter"":999688,""finger_order"":""DexterController.Visualizer"",""last_error"":null,""last_sample_age_s"":0.009200792002957314,""reconnect_count"":0,""sample_hz"":20.0,""sample_sequence"":1736,""timestamp_us"":9788690496},""fingers"":{""index"":{""has_data"":true,""last_update_ts"":1784118823.8886743,""mapped"":true},""middle"":{""has_data"":true,""last_update_ts"":1784118823.8886743,""mapped"":true},""pinky"":{""has_data"":true,""last_update_ts"":1784118823.8886743,""mapped"":true},""ring"":{""has_data"":true,""last_update_ts"":1784118823.8886743,""mapped"":true},""thumb"":{""has_data"":true,""last_update_ts"":1784118823.8886743,""mapped"":true}},""ports"":{""available"":[""BLE:Dexter""],""unavailable"":[]}}"
1784118823.9479754,1784118823.9478302,1738,ble,"{""index"":{""age_s"":0.009173393249511719,""channels"":3,""force"":[0.6614368499316914,4.721333725319999],""has_data"":true,""last_update_ts"":1784118823.9386568,""raw"":[19375,20751,11557]},""middle"":{""age_s"":0.009173393249511719,""channels"":3,""force"":[-0.2345793479408922,-1.6912654433400016],""has_data"":true,""last_update_ts"":1784118823.9386568,""raw"":[15286,14798,18089]},""pinky"":{""age_s"":0.009173393249511719,""channels"":3,""force"":[0.13747888014568588,-0.22146862878000384],""has_data"":true,""last_update_ts"":1784118823.9386568,""raw"":[16998,17284,17540]},""ring"":{""age_s"":0.009173393249511719,""channels"":3,""force"":[0.2845716679938679,0.4801262252999985],""has_data"":true,""last_update_ts"":1784118823.9386568,""raw"":[15773,16365,15204]},""thumb"":{""age_s"":0.009173393249511719,""channels"":3,""force"":[0.0,-2.220446049250313e-16],""has_data"":true,""last_update_ts"":1784118823.9386568,""raw"":[0,0,0]}}","{""ble"":{""connection_state"":""connected"",""counter"":999694,""finger_order"":""DexterController.Visualizer"",""last_error"":null,""last_sample_age_s"":0.009197996012517251,""reconnect_count"":0,""sample_hz"":20.0,""sample_sequence"":1737,""timestamp_us"":9788746912},""fingers"":{""index"":{""has_data"":true,""last_update_ts"":1784118823.9386568,""mapped"":true},""middle"":{""has_data"":true,""last_update_ts"":1784118823.9386568,""mapped"":true},""pinky"":{""has_data"":true,""last_update_ts"":1784118823.9386568,""mapped"":true},""ring"":{""has_data"":true,""last_update_ts"":1784118823.9386568,""mapped"":true},""thumb"":{""has_data"":true,""last_update_ts"":1784118823.9386568,""mapped"":true}},""ports"":{""available"":[""BLE:Dexter""],""unavailable"":[]}}"
1784118823.9980795,1784118823.9978552,1739,ble,"{""index"":{""age_s"":0.009182214736938477,""channels"":3,""force"":[0.5830835021563523,2.216628995069997],""has_data"":true,""last_update_ts"":1784118823.988673,""raw"":[17904,19117,14517]},""middle"":{""age_s"":0.009182214736938477,""channels"":3,""force"":[-0.6994117853565474,0.19621343426999793],""has_data"":true,""last_update_ts"":1784118823.988673,""raw"":[16783,15328,15702]},""pinky"":{""age_s"":0.009182214736938477,""channels"":3,""force"":[-1.0315722964777674,-0.7310129927400029],""has_data"":true,""last_update_ts"":1784118823.988673,""raw"":[17437,15291,17681]},""ring"":{""age_s"":0.009182214736938477,""channels"":3,""force"":[0.2821681910682443,0.2578250076899984],""has_data"":true,""last_update_ts"":1784118823.988673,""raw"":[15790,16377,15619]},""thumb"":{""age_s"":0.009182214736938477,""channels"":3,""force"":[0.0,-2.220446049250313e-16],""has_data"":true,""last_update_ts"":1784118823.988673,""raw"":[0,0,0]}}","{""ble"":{""connection_state"":""connected"",""counter"":999699,""finger_order"":""DexterController.Visualizer"",""last_error"":null,""last_sample_age_s"":0.009226783004123718,""reconnect_count"":0,""sample_hz"":20.0,""sample_sequence"":1738,""timestamp_us"":9788794016},""fingers"":{""index"":{""has_data"":true,""last_update_ts"":1784118823.988673,""mapped"":true},""middle"":{""has_data"":true,""last_update_ts"":1784118823.988673,""mapped"":true},""pinky"":{""has_data"":true,""last_update_ts"":1784118823.988673,""mapped"":true},""ring"":{""has_data"":true,""last_update_ts"":1784118823.988673,""mapped"":true},""thumb"":{""has_data"":true,""last_update_ts"":1784118823.988673,""mapped"":true}},""ports"":{""available"":[""BLE:Dexter""],""unavailable"":[]}}"
1784118824.0479405,1784118824.0478275,1740,ble,"{""index"":{""age_s"":0.0091705322265625,""channels"":3,""force"":[0.41435942197755615,0.7876290331799964],""has_data"":true,""last_update_ts"":1784118824.038657,""raw"":[17167,18029,16179]},""middle"":{""age_s"":0.0091705322265625,""channels"":3,""force"":[-0.7229658592276635,1.1922672045599985],""has_data"":true,""last_update_ts"":1784118824.038657,""raw"":[17319,15815,14419]},""pinky"":{""age_s"":0.0091705322265625,""channels"":3,""force"":[-1.022439084160398,-0.7579333649099986],""has_data"":true,""last_update_ts"":1784118824.038657,""raw"":[17413,15286,17715]},""ring"":{""age_s"":0.0091705322265625,""channels"":3,""force"":[0.2797647141426225,0.2519968858799988],""has_data"":true,""last_update_ts"":1784118824.038657,""raw"":[15795,16377,15632]},""thumb"":{""age_s"":0.0091705322265625,""channels"":3,""force"":[0.0,-2.220446049250313e-16],""has_data"":true,""last_update_ts"":1784118824.038657,""raw"":[0,0,0]}}","{""ble"":{""connection_state"":""connected"",""counter"":999704,""finger_order"":""DexterController.Visualizer"",""last_error"":null,""last_sample_age_s"":0.00919171399436891,""reconnect_count"":0,""sample_hz"":20.0,""sample_sequence"":1739,""timestamp_us"":9788841024},""fingers"":{""index"":{""has_data"":true,""last_update_ts"":1784118824.038657,""mapped"":true},""middle"":{""has_data"":true,""last_update_ts"":1784118824.038657,""mapped"":true},""pinky"":{""has_data"":true,""last_update_ts"":1784118824.038657,""mapped"":true},""ring"":{""has_data"":true,""last_update_ts"":1784118824.038657,""mapped"":true},""thumb"":{""has_data"":true,""last_update_ts"":1784118824.038657,""mapped"":true}},""ports"":{""available"":[""BLE:Dexter""],""unavailable"":[]}}"
1784118824.0979476,1784118824.0978234,1741,ble,"{""index"":{""age_s"":0.009173393249511719,""channels"":3,""force"":[-0.0562413600595999,0.18289201298999647],""has_data"":true,""last_update_ts"":1784118824.08865,""raw"":[17299,17182,16911]},""middle"":{""age_s"":0.009173393249511719,""channels"":3,""force"":[-0.6547071145399439,1.1334309272399983],""has_data"":true,""last_update_ts"":1784118824.08865,""raw"":[17175,15813,14452]},""pinky"":{""age_s"":0.009173393249511719,""channels"":3,""force"":[-1.0253232564711485,-0.7329557000100015],""has_data"":true,""last_update_ts"":1784118824.08865,""raw"":[17425,15292,17679]},""ring"":{""age_s"":0.009173393249511719,""channels"":3,""force"":[0.2826488864533676,0.26809360325999787],""has_data"":true,""last_update_ts"":1784118824.08865,""raw"":[15800,16388,15611]},""thumb"":{""age_s"":0.009173393249511719,""channels"":3,""force"":[0.0,-2.220446049250313e-16],""has_data"":true,""last_update_ts"":1784118824.08865,""raw"":[0,0,0]}}","{""ble"":{""connection_state"":""connected"",""counter"":999710,""finger_order"":""DexterController.Visualizer"",""last_error"":null,""last_sample_age_s"":0.009193959005642682,""reconnect_count"":0,""sample_hz"":20.0,""sample_sequence"":1740,""timestamp_us"":9788897440},""fingers"":{""index"":{""has_data"":true,""last_update_ts"":1784118824.08865,""mapped"":true},""middle"":{""has_data"":true,""last_update_ts"":1784118824.08865,""mapped"":true},""pinky"":{""has_data"":true,""last_update_ts"":1784118824.08865,""mapped"":true},""ring"":{""has_data"":true,""last_update_ts"":1784118824.08865,""mapped"":true},""thumb"":{""has_data"":true,""last_update_ts"":1784118824.08865,""mapped"":true}},""ports"":{""available"":[""BLE:Dexter""],""unavailable"":[]}}"
1784118824.1479638,1784118824.1478307,1742,ble,"{""index"":{""age_s"":0.009172677993774414,""channels"":3,""force"":[-0.1783379878812923,-0.04079685267000155],""has_data"":true,""last_update_ts"":1784118824.138658,""raw"":[17278,16907,17166]},""middle"":{""age_s"":0.009172677993774414,""channels"":3,""force"":[-0.6196163514258348,1.0898587784699982],""has_data"":true,""last_update_ts"":1784118824.138658,""raw"":[17112,15823,14504]},""pinky"":{""age_s"":0.009172677993774414,""channels"":3,""force"":[-1.0243618657008984,-0.7446119436300016],""has_data"":true,""last_update_ts"":1784118824.138658,""raw"":[17421,15290,17697]},""ring"":{""age_s"":0.009172677993774414,""channels"":3,""force"":[0.2783226279872455,0.256159830029997],""has_data"":true,""last_update_ts"":1784118824.138658,""raw"":[15787,16366,15615]},""thumb"":{""age_s"":0.009172677993774414,""channels"":3,""force"":[0.0,-2.220446049250313e-16],""has_data"":true,""last_update_ts"":1784118824.138658,""raw"":[0,0,0]}}","{""ble"":{""connection_state"":""connected"",""counter"":999715,""finger_order"":""DexterController.Visualizer"",""last_error"":null,""last_sample_age_s"":0.009198436993756332,""reconnect_count"":0,""sample_hz"":20.0,""sample_sequence"":1741,""timestamp_us"":9788944448},""fingers"":{""index"":{""has_data"":true,""last_update_ts"":1784118824.138658,""mapped"":true},""middle"":{""has_data"":true,""last_update_ts"":1784118824.138658,""mapped"":true},""pinky"":{""has_data"":true,""last_update_ts"":1784118824.138658,""mapped"":true},""ring"":{""has_data"":true,""last_update_ts"":1784118824.138658,""mapped"":true},""thumb"":{""has_data"":true,""last_update_ts"":1784118824.138658,""mapped"":true}},""ports"":{""available"":[""BLE:Dexter""],""unavailable"":[]}}"
1784118824.197974,1784118824.1978307,1743,ble,"{""index"":{""age_s"":0.009172439575195312,""channels"":3,""force"":[-0.1908360678945371,-0.19954378959000252],""has_data"":true,""last_update_ts"":1784118824.1886582,""raw"":[17187,16790,17348]},""middle"":{""age_s"":0.009172439575195312,""channels"":3,""force"":[-0.6258653914324572,0.9774592864199958],""has_data"":true,""last_update_ts"":1784118824.1886582,""raw"":[17049,15747,14637]},""pinky"":{""age_s"":0.009172439575195312,""channels"":3,""force"":[-1.0185935210793975,-0.7412815883100006],""has_data"":true,""last_update_ts"":1784118824.1886582,""raw"":[17419,15300,17695]},""ring"":{""age_s"":0.009172439575195312,""channels"":3,""force"":[0.2778419326021204,0.25532724119999806],""has_data"":true,""last_update_ts"":1784118824.1886582,""raw"":[15796,16374,15625]},""thumb"":{""age_s"":0.009172439575195312,""channels"":3,""force"":[0.0,-2.220446049250313e-16],""has_data"":true,""last_update_ts"":1784118824.1886582,""raw"":[0,0,0]}}","{""ble"":{""connection_state"":""connected"",""counter"":999720,""finger_order"":""DexterController.Visualizer"",""last_error"":null,""last_sample_age_s"":0.009197325009154156,""reconnect_count"":0,""sample_hz"":20.0,""sample_sequence"":1742,""timestamp_us"":9788991488},""fingers"":{""index"":{""has_data"":true,""last_update_ts"":1784118824.1886582,""mapped"":true},""middle"":{""has_data"":true,""last_update_ts"":1784118824.1886582,""mapped"":true},""pinky"":{""has_data"":true,""last_update_ts"":1784118824.1886582,""mapped"":true},""ring"":{""has_data"":true,""last_update_ts"":1784118824.1886582,""mapped"":true},""thumb"":{""has_data"":true,""last_update_ts"":1784118824.1886582,""mapped"":true}},""ports"":{""available"":[""BLE:Dexter""],""unavailable"":[]}}"
1784118824.2479722,1784118824.2478306,1744,ble,"{""index"":{""age_s"":0.009171485900878906,""channels"":3,""force"":[-0.2278496125491447,-0.27308913624000297],""has_data"":true,""last_update_ts"":1784118824.2386591,""raw"":[17179,16705,17434]},""middle"":{""age_s"":0.009171485900878906,""channels"":3,""force"":[-0.6263460868175805,0.8855969855099977],""has_data"":true,""last_update_ts"":1784118824.2386591,""raw"":[17000,15697,14753]},""pinky"":{""age_s"":0.009171485900878906,""channels"":3,""force"":[-1.0229197795455232,-0.746554650900003],""has_data"":true,""last_update_ts"":1784118824.2386591,""raw"":[17420,15292,17701]},""ring"":{""age_s"":0.009171485900878906,""channels"":3,""force"":[0.2735156741359983,0.251164297049999],""has_data"":true,""last_update_ts"":1784118824.2386591,""raw"":[15800,16369,15632]},""thumb"":{""age_s"":0.009171485900878906,""channels"":3,""force"":[0.0,-2.220446049250313e-16],""has_data"":true,""last_update_ts"":1784118824.2386591,""raw"":[0,0,0]}}","{""ble"":{""connection_state"":""connected"",""counter"":999726,""finger_order"":""DexterController.Visualizer"",""last_error"":null,""last_sample_age_s"":0.00919621299544815,""reconnect_count"":0,""sample_hz"":20.0,""sample_sequence"":1743,""timestamp_us"":9789047872},""fingers"":{""index"":{""has_data"":true,""last_update_ts"":1784118824.2386591,""mapped"":true},""middle"":{""has_data"":true,""last_update_ts"":1784118824.2386591,""mapped"":true},""pinky"":{""has_data"":true,""last_update_ts"":1784118824.2386591,""mapped"":true},""ring"":{""has_data"":true,""last_update_ts"":1784118824.2386591,""mapped"":true},""thumb"":{""has_data"":true,""last_update_ts"":1784118824.2386591,""mapped"":true}},""ports"":{""available"":[""BLE:Dexter""],""unavailable"":[]}}"
1784118824.2979617,1784118824.2978308,1745,ble,"{""index"":{""age_s"":0.009171009063720703,""channels"":3,""force"":[-0.2417897787177612,-0.31222081125000134],""has_data"":true,""last_update_ts"":1784118824.2886598,""raw"":[17159,16656,17470]},""middle"":{""age_s"":0.009171009063720703,""channels"":3,""force"":[-0.6080796621828419,0.8800463933099989],""has_data"":true,""last_update_ts"":1784118824.2886598,""raw"":[16984,15719,14766]},""pinky"":{""age_s"":0.009171009063720703,""channels"":3,""force"":[-1.0209969980050246,-0.7410040587000024],""has_data"":true,""last_update_ts"":1784118824.2886598,""raw"":[17420,15296,17693]},""ring"":{""age_s"":0.009171009063720703,""channels"":3,""force"":[0.2893786218451151,0.26198795183999835],""has_data"":true,""last_update_ts"":1784118824.2886598,""raw"":[15792,16394,15621]},""thumb"":{""age_s"":0.009171009063720703,""channels"":3,""force"":[0.0,-2.220446049250313e-16],""has_data"":true,""last_update_ts"":1784118824.2886598,""raw"":[0,0,0]}}","{""ble"":{""connection_state"":""connected"",""counter"":999731,""finger_order"":""DexterController.Visualizer"",""last_error"":null,""last_sample_age_s"":0.0091963430022588,""reconnect_count"":0,""sample_hz"":20.0,""sample_sequence"":1744,""timestamp_us"":9789094816},""fingers"":{""index"":{""has_data"":true,""last_update_ts"":1784118824.2886598,""mapped"":true},""middle"":{""has_data"":true,""last_update_ts"":1784118824.2886598,""mapped"":true},""pinky"":{""has_data"":true,""last_update_ts"":1784118824.2886598,""mapped"":true},""ring"":{""has_data"":true,""last_update_ts"":1784118824.2886598,""mapped"":true},""thumb"":{""has_data"":true,""last_update_ts"":1784118824.2886598,""mapped"":true}},""ports"":{""available"":[""BLE:Dexter""],""unavailable"":[]}}"
1784118824.3479743,1784118824.347832,1746,ble,"{""index"":{""age_s"":0.009178638458251953,""channels"":3,""force"":[-0.24948090487975882,-0.3105556335900008],""has_data"":true,""last_update_ts"":1784118824.3386533,""raw"":[17170,16651,17470]},""middle"":{""age_s"":0.009178638458251953,""channels"":3,""force"":[-0.6200970468109617,0.8353641260999982],""has_data"":true,""last_update_ts"":1784118824.3386533,""raw"":[16975,15685,14825]},""pinky"":{""age_s"":0.009178638458251953,""channels"":3,""force"":[-1.0209969980050246,-0.7448894732400015],""has_data"":true,""last_update_ts"":1784118824.3386533,""raw"":[17417,15293,17697]},""ring"":{""age_s"":0.009178638458251953,""channels"":3,""force"":[0.2763998464467434,0.2506092378299982],""has_data"":true,""last_update_ts"":1784118824.3386533,""raw"":[15797,16372,15633]},""thumb"":{""age_s"":0.009178638458251953,""channels"":3,""force"":[0.0,-2.220446049250313e-16],""has_data"":true,""last_update_ts"":1784118824.3386533,""raw"":[0,0,0]}}","{""ble"":{""connection_state"":""connected"",""counter"":999736,""finger_order"":""DexterController.Visualizer"",""last_error"":null,""last_sample_age_s"":0.009203306995914318,""reconnect_count"":0,""sample_hz"":20.0,""sample_sequence"":1745,""timestamp_us"":9789141728},""fingers"":{""index"":{""has_data"":true,""last_update_ts"":1784118824.3386533,""mapped"":true},""middle"":{""has_data"":true,""last_update_ts"":1784118824.3386533,""mapped"":true},""pinky"":{""has_data"":true,""last_update_ts"":1784118824.3386533,""mapped"":true},""ring"":{""has_data"":true,""last_update_ts"":1784118824.3386533,""mapped"":true},""thumb"":{""has_data"":true,""last_update_ts"":1784118824.3386533,""mapped"":true}},""ports"":{""available"":[""BLE:Dexter""],""unavailable"":[]}}"
1784118824.3979766,1784118824.397833,1747,ble,"{""index"":{""age_s"":0.009175300598144531,""channels"":3,""force"":[-0.2720735879806231,-0.29862186035999994],""has_data"":true,""last_update_ts"":1784118824.3886578,""raw"":[17206,16640,17461]},""middle"":{""age_s"":0.009175300598144531,""channels"":3,""force"":[-0.6321144314390796,0.8478529585499972],""has_data"":true,""last_update_ts"":1784118824.3886578,""raw"":[16998,15683,14813]},""pinky"":{""age_s"":0.009175300598144531,""channels"":3,""force"":[-1.0243618657008966,-0.7457220620700014],""has_data"":true,""last_update_ts"":1784118824.3886578,""raw"":[17422,15291,17700]},""ring"":{""age_s"":0.009175300598144531,""channels"":3,""force"":[0.27303497875087324,0.2547721819799982],""has_data"":true,""last_update_ts"":1784118824.3886578,""raw"":[15800,16368,15625]},""thumb"":{""age_s"":0.009175300598144531,""channels"":3,""force"":[0.0,-2.220446049250313e-16],""has_data"":true,""last_update_ts"":1784118824.3886578,""raw"":[0,0,0]}}","{""ble"":{""connection_state"":""connected"",""counter"":999742,""finger_order"":""DexterController.Visualizer"",""last_error"":null,""last_sample_age_s"":0.009199539010296576,""reconnect_count"":0,""sample_hz"":20.0,""sample_sequence"":1746,""timestamp_us"":9789198368},""fingers"":{""index"":{""has_data"":true,""last_update_ts"":1784118824.3886578,""mapped"":true},""middle"":{""has_data"":true,""last_update_ts"":1784118824.3886578,""mapped"":true},""pinky"":{""has_data"":true,""last_update_ts"":1784118824.3886578,""mapped"":true},""ring"":{""has_data"":true,""last_update_ts"":1784118824.3886578,""mapped"":true},""thumb"":{""has_data"":true,""last_update_ts"":1784118824.3886578,""mapped"":true}},""ports"":{""available"":[""BLE:Dexter""],""unavailable"":[]}}"
1784118824.447979,1784118824.4478736,1748,ble,"{""index"":{""age_s"":0.009214401245117188,""channels"":3,""force"":[-0.2759191510616201,-0.3130534000799994],""has_data"":true,""last_update_ts"":1784118824.4386592,""raw"":[17196,16622,17473]},""middle"":{""age_s"":0.009214401245117188,""channels"":3,""force"":[-0.6215391329663333,0.8151044645699974],""has_data"":true,""last_update_ts"":1784118824.4386592,""raw"":[16972,15679,14857]},""pinky"":{""age_s"":0.009214401245117188,""channels"":3,""force"":[-1.0229197795455232,-0.7415591179200005],""has_data"":true,""last_update_ts"":1784118824.4386592,""raw"":[17420,15292,17692]},""ring"":{""age_s"":0.009214401245117188,""channels"":3,""force"":[0.2826488864533676,0.26143289261999936],""has_data"":true,""last_update_ts"":1784118824.4386592,""raw"":[15805,16393,15628]},""thumb"":{""age_s"":0.009214401245117188,""channels"":3,""force"":[0.0,-2.220446049250313e-16],""has_data"":true,""last_update_ts"":1784118824.4386592,""raw"":[0,0,0]}}","{""ble"":{""connection_state"":""connected"",""counter"":999747,""finger_order"":""DexterController.Visualizer"",""last_error"":null,""last_sample_age_s"":0.00923480000346899,""reconnect_count"":0,""sample_hz"":20.0,""sample_sequence"":1747,""timestamp_us"":9789245376},""fingers"":{""index"":{""has_data"":true,""last_update_ts"":1784118824.4386592,""mapped"":true},""middle"":{""has_data"":true,""last_update_ts"":1784118824.4386592,""mapped"":true},""pinky"":{""has_data"":true,""last_update_ts"":1784118824.4386592,""mapped"":true},""ring"":{""has_data"":true,""last_update_ts"":1784118824.4386592,""mapped"":true},""thumb"":{""has_data"":true,""last_update_ts"":1784118824.4386592,""mapped"":true}},""ports"":{""available"":[""BLE:Dexter""],""unavailable"":[]}}"
1784118824.4979587,1784118824.4978063,1749,ble,"{""index"":{""age_s"":0.009146451950073242,""channels"":3,""force"":[-0.27255428336574816,-0.3133309296900002],""has_data"":true,""last_update_ts"":1784118824.4886599,""raw"":[17207,16640,17488]},""middle"":{""age_s"":0.009146451950073242,""channels"":3,""force"":[-0.6186549606555865,0.8089988131499988],""has_data"":true,""last_update_ts"":1784118824.4886599,""raw"":[16982,15695,14881]},""pinky"":{""age_s"":0.009146451950073242,""channels"":3,""force"":[-1.0224390841603999,-0.7446119436299998],""has_data"":true,""last_update_ts"":1784118824.4886599,""raw"":[17417,15290,17695]},""ring"":{""age_s"":0.009146451950073242,""channels"":3,""force"":[0.276399846446747,0.2572699484699976],""has_data"":true,""last_update_ts"":1784118824.4886599,""raw"":[15799,16374,15623]},""thumb"":{""age_s"":0.009146451950073242,""channels"":3,""force"":[0.0,-2.220446049250313e-16],""has_data"":true,""last_update_ts"":1784118824.4886599,""raw"":[0,0,0]}}","{""ble"":{""connection_state"":""connected"",""counter"":999752,""finger_order"":""DexterController.Visualizer"",""last_error"":null,""last_sample_age_s"":0.009180802007904276,""reconnect_count"":0,""sample_hz"":20.0,""sample_sequence"":1748,""timestamp_us"":9789292320},""fingers"":{""index"":{""has_data"":true,""last_update_ts"":1784118824.4886599,""mapped"":true},""middle"":{""has_data"":true,""last_update_ts"":1784118824.4886599,""mapped"":true},""pinky"":{""has_data"":true,""last_update_ts"":1784118824.4886599,""mapped"":true},""ring"":{""has_data"":true,""last_update_ts"":1784118824.4886599,""mapped"":true},""thumb"":{""has_data"":true,""last_update_ts"":1784118824.4886599,""mapped"":true}},""ports"":{""available"":[""BLE:Dexter""],""unavailable"":[]}}"
1784118824.5479748,1784118824.5478308,1750,ble,"{""index"":{""age_s"":0.009171009063720703,""channels"":3,""force"":[-0.3042801787839817,-0.3477446013300023],""has_data"":true,""last_update_ts"":1784118824.5386598,""raw"":[17221,16588,17531]},""middle"":{""age_s"":0.009171009063720703,""channels"":3,""force"":[-0.5657784682918603,0.7806907929299971],""has_data"":true,""last_update_ts"":1784118824.5386598,""raw"":[16909,15732,14914]},""pinky"":{""age_s"":0.009171009063720703,""channels"":3,""force"":[-1.0219583887752748,-0.7454445324600014],""has_data"":true,""last_update_ts"":1784118824.5386598,""raw"":[17417,15291,17697]},""ring"":{""age_s"":0.009171009063720703,""channels"":3,""force"":[0.28024540952774224,0.2533845339299967],""has_data"":true,""last_update_ts"":1784118824.5386598,""raw"":[15793,16376,15628]},""thumb"":{""age_s"":0.009171009063720703,""channels"":3,""force"":[0.0,-2.220446049250313e-16],""has_data"":true,""last_update_ts"":1784118824.5386598,""raw"":[0,0,0]}}","{""ble"":{""connection_state"":""connected"",""counter"":999758,""finger_order"":""DexterController.Visualizer"",""last_error"":null,""last_sample_age_s"":0.009196202998282388,""reconnect_count"":0,""sample_hz"":20.0,""sample_sequence"":1749,""timestamp_us"":9789348800},""fingers"":{""index"":{""has_data"":true,""last_update_ts"":1784118824.5386598,""mapped"":true},""middle"":{""has_data"":true,""last_update_ts"":1784118824.5386598,""mapped"":true},""pinky"":{""has_data"":true,""last_update_ts"":1784118824.5386598,""mapped"":true},""ring"":{""has_data"":true,""last_update_ts"":1784118824.5386598,""mapped"":true},""thumb"":{""has_data"":true,""last_update_ts"":1784118824.5386598,""mapped"":true}},""ports"":{""available"":[""BLE:Dexter""],""unavailable"":[]}}"
1784118824.5979443,1784118824.597805,1751,ble,"{""index"":{""age_s"":0.009155035018920898,""channels"":3,""force"":[-0.3225466034187221,-0.4060258194300017],""has_data"":true,""last_update_ts"":1784118824.58865,""raw"":[17209,16538,17605]},""middle"":{""age_s"":0.009155035018920898,""channels"":3,""force"":[-0.5403016128802456,0.8148269349599975],""has_data"":true,""last_update_ts"":1784118824.58865,""raw"":[16913,15789,14883]},""pinky"":{""age_s"":0.009155035018920898,""channels"":3,""force"":[-1.025323256471145,-0.7440568844100017],""has_data"":true,""last_update_ts"":1784118824.58865,""raw"":[17426,15293,17700]},""ring"":{""age_s"":0.009155035018920898,""channels"":3,""force"":[0.2739963695211216,0.25532724119999806],""has_data"":true,""last_update_ts"":1784118824.58865,""raw"":[15796,16366,15621]},""thumb"":{""age_s"":0.009155035018920898,""channels"":3,""force"":[0.0,-2.220446049250313e-16],""has_data"":true,""last_update_ts"":1784118824.58865,""raw"":[0,0,0]}}","{""ble"":{""connection_state"":""connected"",""counter"":999763,""finger_order"":""DexterController.Visualizer"",""last_error"":null,""last_sample_age_s"":0.009180582012049854,""reconnect_count"":0,""sample_hz"":20.0,""sample_sequence"":1750,""timestamp_us"":9789395808},""fingers"":{""index"":{""has_data"":true,""last_update_ts"":1784118824.58865,""mapped"":true},""middle"":{""has_data"":true,""last_update_ts"":1784118824.58865,""mapped"":true},""pinky"":{""has_data"":true,""last_update_ts"":1784118824.58865,""mapped"":true},""ring"":{""has_data"":true,""last_update_ts"":1784118824.58865,""mapped"":true},""thumb"":{""has_data"":true,""last_update_ts"":1784118824.58865,""mapped"":true}},""ports"":{""available"":[""BLE:Dexter""],""unavailable"":[]}}"
1784118824.6479468,1784118824.647805,1752,ble,"{""index"":{""age_s"":0.009147882461547852,""channels"":3,""force"":[-0.3422551142088395,-0.5384074434000015],""has_data"":true,""last_update_ts"":1784118824.638657,""raw"":[17147,16435,17761]},""middle"":{""age_s"":0.009147882461547852,""channels"":3,""force"":[-0.5138633666983843,0.8472978993299964],""has_data"":true,""last_update_ts"":1784118824.638657,""raw"":[16905,15836,14844]},""pinky"":{""age_s"":0.009147882461547852,""channels"":3,""force"":[-1.0238811703157698,-0.7476647693400018],""has_data"":true,""last_update_ts"":1784118824.638657,""raw"":[17418,15288,17700]},""ring"":{""age_s"":0.009147882461547852,""channels"":3,""force"":[0.27111219721037294,0.2536620635399993],""has_data"":true,""last_update_ts"":1784118824.638657,""raw"":[15801,16365,15626]},""thumb"":{""age_s"":0.009147882461547852,""channels"":3,""force"":[0.0,-2.220446049250313e-16],""has_data"":true,""last_update_ts"":1784118824.638657,""raw"":[0,0,0]}}","{""ble"":{""connection_state"":""connected"",""counter"":999768,""finger_order"":""DexterController.Visualizer"",""last_error"":null,""last_sample_age_s"":0.00917265699536074,""reconnect_count"":0,""sample_hz"":20.0,""sample_sequence"":1751,""timestamp_us"":9789442784},""fingers"":{""index"":{""has_data"":true,""last_update_ts"":1784118824.638657,""mapped"":true},""middle"":{""has_data"":true,""last_update_ts"":1784118824.638657,""mapped"":true},""pinky"":{""has_data"":true,""last_update_ts"":1784118824.638657,""mapped"":true},""ring"":{""has_data"":true,""last_update_ts"":1784118824.638657,""mapped"":true},""thumb"":{""has_data"":true,""last_update_ts"":1784118824.638657,""mapped"":true}},""ports"":{""available"":[""BLE:Dexter""],""unavailable"":[]}}"
1784118824.6979468,1784118824.6978054,1753,ble,"{""index"":{""age_s"":0.009147405624389648,""channels"":3,""force"":[-0.3735003142419515,-0.6213887967900016],""has_data"":true,""last_update_ts"":1784118824.688658,""raw"":[17131,16354,17862]},""middle"":{""age_s"":0.009147405624389648,""channels"":3,""force"":[-0.4710814774222811,0.8875396927799999],""has_data"":true,""last_update_ts"":1784118824.688658,""raw"":[16887,15907,14798]},""pinky"":{""age_s"":0.009147405624389648,""channels"":3,""force"":[-1.0258039518562718,-0.7437793548000018],""has_data"":true,""last_update_ts"":1784118824.688658,""raw"":[17424,15290,17697]},""ring"":{""age_s"":0.009147405624389648,""channels"":3,""force"":[0.27736123721699535,0.2533845339299985],""has_data"":true,""last_update_ts"":1784118824.688658,""raw"":[15799,16376,15631]},""thumb"":{""age_s"":0.009147405624389648,""channels"":3,""force"":[0.0,-2.220446049250313e-16],""has_data"":true,""last_update_ts"":1784118824.688658,""raw"":[0,0,0]}}","{""ble"":{""connection_state"":""connected"",""counter"":999773,""finger_order"":""DexterController.Visualizer"",""last_error"":null,""last_sample_age_s"":0.009172264995868318,""reconnect_count"":0,""sample_hz"":20.0,""sample_sequence"":1752,""timestamp_us"":9789489792},""fingers"":{""index"":{""has_data"":true,""last_update_ts"":1784118824.688658,""mapped"":true},""middle"":{""has_data"":true,""last_update_ts"":1784118824.688658,""mapped"":true},""pinky"":{""has_data"":true,""last_update_ts"":1784118824.688658,""mapped"":true},""ring"":{""has_data"":true,""last_update_ts"":1784118824.688658,""mapped"":true},""thumb"":{""has_data"":true,""last_update_ts"":1784118824.688658,""mapped"":true}},""ports"":{""available"":[""BLE:Dexter""],""unavailable"":[]}}"
1784118824.7479336,1784118824.7478032,1754,ble,"{""index"":{""age_s"":0.009145259857177734,""channels"":3,""force"":[-0.3331219018914684,-0.5664379340100014],""has_data"":true,""last_update_ts"":1784118824.738658,""raw"":[17083,16390,17757]},""middle"":{""age_s"":0.009145259857177734,""channels"":3,""force"":[-0.4590640927941596,1.0165909614300004],""has_data"":true,""last_update_ts"":1784118824.738658,""raw"":[16838,15883,14529]},""pinky"":{""age_s"":0.009145259857177734,""channels"":3,""force"":[1.5175553308389134,0.4076909970899987],""has_data"":true,""last_update_ts"":1784118824.738658,""raw"":[16500,19657,17344]},""ring"":{""age_s"":0.009145259857177734,""channels"":3,""force"":[0.29466627108148913,0.7773604376099978],""has_data"":true,""last_update_ts"":1784118824.738658,""raw"":[15757,16370,14663]},""thumb"":{""age_s"":0.009145259857177734,""channels"":3,""force"":[0.0,-2.220446049250313e-16],""has_data"":true,""last_update_ts"":1784118824.738658,""raw"":[0,0,0]}}","{""ble"":{""connection_state"":""connected"",""counter"":999779,""finger_order"":""DexterController.Visualizer"",""last_error"":null,""last_sample_age_s"":0.009167645999696106,""reconnect_count"":0,""sample_hz"":20.0,""sample_sequence"":1753,""timestamp_us"":9789546240},""fingers"":{""index"":{""has_data"":true,""last_update_ts"":1784118824.738658,""mapped"":true},""middle"":{""has_data"":true,""last_update_ts"":1784118824.738658,""mapped"":true},""pinky"":{""has_data"":true,""last_update_ts"":1784118824.738658,""mapped"":true},""ring"":{""has_data"":true,""last_update_ts"":1784118824.738658,""mapped"":true},""thumb"":{""has_data"":true,""last_update_ts"":1784118824.738658,""mapped"":true}},""ports"":{""available"":[""BLE:Dexter""],""unavailable"":[]}}"
1784118824.797924,1784118824.7978015,1755,ble,"{""index"":{""age_s"":0.009143829345703125,""channels"":3,""force"":[-0.362925015769207,-0.4915049393100004],""has_data"":true,""last_update_ts"":1784118824.7886577,""raw"":[17191,16436,17699]},""middle"":{""age_s"":0.009143829345703125,""channels"":3,""force"":[-0.46579382818590354,0.9499838550299993],""has_data"":true,""last_update_ts"":1784118824.7886577,""raw"":[16922,15953,14726]},""pinky"":{""age_s"":0.009143829345703125,""channels"":3,""force"":[-1.0224390841603963,-0.7490524173900015],""has_data"":true,""last_update_ts"":1784118824.7886577,""raw"":[17418,15291,17704]},""ring"":{""age_s"":0.009143829345703125,""channels"":3,""force"":[0.2768805418318703,0.25588230041999793],""has_data"":true,""last_update_ts"":1784118824.7886577,""raw"":[15796,16372,15623]},""thumb"":{""age_s"":0.009143829345703125,""channels"":3,""force"":[0.0,-2.220446049250313e-16],""has_data"":true,""last_update_ts"":1784118824.7886577,""raw"":[0,0,0]}}","{""ble"":{""connection_state"":""connected"",""counter"":999784,""finger_order"":""DexterController.Visualizer"",""last_error"":null,""last_sample_age_s"":0.009162786998786032,""reconnect_count"":0,""sample_hz"":20.0,""sample_sequence"":1754,""timestamp_us"":9789593312},""fingers"":{""index"":{""has_data"":true,""last_update_ts"":1784118824.7886577,""mapped"":true},""middle"":{""has_data"":true,""last_update_ts"":1784118824.7886577,""mapped"":true},""pinky"":{""has_data"":true,""last_update_ts"":1784118824.7886577,""mapped"":true},""ring"":{""has_data"":true,""last_update_ts"":1784118824.7886577,""mapped"":true},""thumb"":{""has_data"":true,""last_update_ts"":1784118824.7886577,""mapped"":true}},""ports"":{""available"":[""BLE:Dexter""],""unavailable"":[]}}"
1784118824.847919,1784118824.8478003,1756,ble,"{""index"":{""age_s"":0.009145498275756836,""channels"":3,""force"":[-0.3893632619510665,-0.5378523841800007],""has_data"":true,""last_update_ts"":1784118824.8386548,""raw"":[17209,16399,17773]},""middle"":{""age_s"":0.009145498275756836,""channels"":3,""force"":[-0.4806953851247737,1.0862508935399982],""has_data"":true,""last_update_ts"":1784118824.8386548,""raw"":[17015,16015,14558]},""pinky"":{""age_s"":0.009145498275756836,""channels"":3,""force"":[-1.02580395185627,-0.7448894732400015],""has_data"":true,""last_update_ts"":1784118824.8386548,""raw"":[17427,15293,17702]},""ring"":{""age_s"":0.009145498275756836,""channels"":3,""force"":[0.2735156741359983,0.25449465237],""has_data"":true,""last_update_ts"":1784118824.8386548,""raw"":[15804,16373,15630]},""thumb"":{""age_s"":0.009145498275756836,""channels"":3,""force"":[0.0,-2.220446049250313e-16],""has_data"":true,""last_update_ts"":1784118824.8386548,""raw"":[0,0,0]}}","{""ble"":{""connection_state"":""connected"",""counter"":999789,""finger_order"":""DexterController.Visualizer"",""last_error"":null,""last_sample_age_s"":0.009163719005300663,""reconnect_count"":0,""sample_hz"":20.0,""sample_sequence"":1755,""timestamp_us"":9789640288},""fingers"":{""index"":{""has_data"":true,""last_update_ts"":1784118824.8386548,""mapped"":true},""middle"":{""has_data"":true,""last_update_ts"":1784118824.8386548,""mapped"":true},""pinky"":{""has_data"":true,""last_update_ts"":1784118824.8386548,""mapped"":true},""ring"":{""has_data"":true,""last_update_ts"":1784118824.8386548,""mapped"":true},""thumb"":{""has_data"":true,""last_update_ts"":1784118824.8386548,""mapped"":true}},""ports"":{""available"":[""BLE:Dexter""],""unavailable"":[]}}"
1784118824.8979216,1784118824.8978033,1757,ble,"{""index"":{""age_s"":0.009145498275756836,""channels"":3,""force"":[-0.48598303436114954,-1.5283555622700025],""has_data"":true,""last_update_ts"":1784118824.8886578,""raw"":[16739,15728,18987]},""middle"":{""age_s"":0.009145498275756836,""channels"":3,""force"":[-0.5946201913993487,2.054551702829997],""has_data"":true,""last_update_ts"":1784118824.8886578,""raw"":[17698,16461,13378]},""pinky"":{""age_s"":0.009145498275756836,""channels"":3,""force"":[-1.0262846472413951,-0.7390613514300011],""has_data"":true,""last_update_ts"":1784118824.8886578,""raw"":[17426,15291,17690]},""ring"":{""age_s"":0.009145498275756836,""channels"":3,""force"":[0.2874558403046148,0.2586575965199982],""has_data"":true,""last_update_ts"":1784118824.8886578,""raw"":[15793,16391,15626]},""thumb"":{""age_s"":0.009145498275756836,""channels"":3,""force"":[0.0,-2.220446049250313e-16],""has_data"":true,""last_update_ts"":1784118824.8886578,""raw"":[0,0,0]}}","{""ble"":{""connection_state"":""connected"",""counter"":999795,""finger_order"":""DexterController.Visualizer"",""last_error"":null,""last_sample_age_s"":0.009170221004751511,""reconnect_count"":0,""sample_hz"":20.0,""sample_sequence"":1756,""timestamp_us"":9789696736},""fingers"":{""index"":{""has_data"":true,""last_update_ts"":1784118824.8886578,""mapped"":true},""middle"":{""has_data"":true,""last_update_ts"":1784118824.8886578,""mapped"":true},""pinky"":{""has_data"":true,""last_update_ts"":1784118824.8886578,""mapped"":true},""ring"":{""has_data"":true,""last_update_ts"":1784118824.8886578,""mapped"":true},""thumb"":{""has_data"":true,""last_update_ts"":1784118824.8886578,""mapped"":true}},""ports"":{""available"":[""BLE:Dexter""],""unavailable"":[]}}"
1784118824.9480813,1784118824.9478507,1758,ble,"{""index"":{""age_s"":0.009183168411254883,""channels"":3,""force"":[-0.7340218530855314,-3.1202654052300005],""has_data"":true,""last_update_ts"":1784118824.9386675,""raw"":[16136,14609,20994]},""middle"":{""age_s"":0.009183168411254883,""channels"":3,""force"":[-0.672492843789561,3.032010989249998],""has_data"":true,""last_update_ts"":1784118824.9386675,""raw"":[18316,16917,12154]},""pinky"":{""age_s"":0.009183168411254883,""channels"":3,""force"":[-1.0147479579984005,-0.7473872397300028],""has_data"":true,""last_update_ts"":1784118824.9386675,""raw"":[17410,15299,17701]},""ring"":{""age_s"":0.009183168411254883,""channels"":3,""force"":[0.2812068002979924,0.2572699484699994],""has_data"":true,""last_update_ts"":1784118824.9386675,""raw"":[15797,16382,15626]},""thumb"":{""age_s"":0.009183168411254883,""channels"":3,""force"":[0.0,-2.220446049250313e-16],""has_data"":true,""last_update_ts"":1784118824.9386675,""raw"":[0,0,0]}}","{""ble"":{""connection_state"":""connected"",""counter"":999800,""finger_order"":""DexterController.Visualizer"",""last_error"":null,""last_sample_age_s"":0.009220620995620266,""reconnect_count"":0,""sample_hz"":20.0,""sample_sequence"":1757,""timestamp_us"":9789743680},""fingers"":{""index"":{""has_data"":true,""last_update_ts"":1784118824.9386675,""mapped"":true},""middle"":{""has_data"":true,""last_update_ts"":1784118824.9386675,""mapped"":true},""pinky"":{""has_data"":true,""last_update_ts"":1784118824.9386675,""mapped"":true},""ring"":{""has_data"":true,""last_update_ts"":1784118824.9386675,""mapped"":true},""thumb"":{""has_data"":true,""last_update_ts"":1784118824.9386675,""mapped"":true}},""ports"":{""available"":[""BLE:Dexter""],""unavailable"":[]}}"
1784118824.9980621,1784118824.9978497,1759,ble,"{""index"":{""age_s"":0.009173870086669922,""channels"":3,""force"":[-0.7902632131451321,-4.233991730160002],""has_data"":true,""last_update_ts"":1784118824.9886758,""raw"":[15553,13909,22359]},""middle"":{""age_s"":0.009173870086669922,""channels"":3,""force"":[-0.7561338408012706,3.715288889069998],""has_data"":true,""last_update_ts"":1784118824.9886758,""raw"":[18781,17208,11301]},""pinky"":{""age_s"":0.009173870086669922,""channels"":3,""force"":[-1.0229197795455232,-0.7487748877800025],""has_data"":true,""last_update_ts"":1784118824.9886758,""raw"":[17420,15292,17705]},""ring"":{""age_s"":0.009173870086669922,""channels"":3,""force"":[0.27399636952112516,0.25310700431999944],""has_data"":true,""last_update_ts"":1784118824.9886758,""raw"":[15803,16373,15632]},""thumb"":{""age_s"":0.009173870086669922,""channels"":3,""force"":[0.0,-2.220446049250313e-16],""has_data"":true,""last_update_ts"":1784118824.9886758,""raw"":[0,0,0]}}","{""ble"":{""connection_state"":""connected"",""counter"":999805,""finger_order"":""DexterController.Visualizer"",""last_error"":null,""last_sample_age_s"":0.009210692005581222,""reconnect_count"":0,""sample_hz"":20.0,""sample_sequence"":1758,""timestamp_us"":9789790624},""fingers"":{""index"":{""has_data"":true,""last_update_ts"":1784118824.9886758,""mapped"":true},""middle"":{""has_data"":true,""last_update_ts"":1784118824.9886758,""mapped"":true},""pinky"":{""has_data"":true,""last_update_ts"":1784118824.9886758,""mapped"":true},""ring"":{""has_data"":true,""last_update_ts"":1784118824.9886758,""mapped"":true},""thumb"":{""has_data"":true,""last_update_ts"":1784118824.9886758,""mapped"":true}},""ports"":{""available"":[""BLE:Dexter""],""unavailable"":[]}}"
1784118825.047964,1784118825.04783,1760,ble,"{""index"":{""age_s"":0.0091705322265625,""channels"":3,""force"":[-0.8210277177931182,-4.783500357960003],""has_data"":true,""last_update_ts"":1784118825.0386596,""raw"":[15258,13550,23022]},""middle"":{""age_s"":0.0091705322265625,""channels"":3,""force"":[-0.9455278225404307,4.233714200549999],""has_data"":true,""last_update_ts"":1784118825.0386596,""raw"":[19224,17257,10613]},""pinky"":{""age_s"":0.0091705322265625,""channels"":3,""force"":[0.4369521050784204,-0.10351854453000264],""has_data"":true,""last_update_ts"":1784118825.0386596,""raw"":[16847,17756,17488]},""ring"":{""age_s"":0.0091705322265625,""channels"":3,""force"":[0.267747329514501,0.5475659205299976],""has_data"":true,""last_update_ts"":1784118825.0386596,""raw"":[15782,16339,15074]},""thumb"":{""age_s"":0.0091705322265625,""channels"":3,""force"":[0.0,-2.220446049250313e-16],""has_data"":true,""last_update_ts"":1784118825.0386596,""raw"":[0,0,0]}}","{""ble"":{""connection_state"":""connected"",""counter"":999811,""finger_order"":""DexterController.Visualizer"",""last_error"":null,""last_sample_age_s"":0.009194970989483409,""reconnect_count"":0,""sample_hz"":20.0,""sample_sequence"":1759,""timestamp_us"":9789847072},""fingers"":{""index"":{""has_data"":true,""last_update_ts"":1784118825.0386596,""mapped"":true},""middle"":{""has_data"":true,""last_update_ts"":1784118825.0386596,""mapped"":true},""pinky"":{""has_data"":true,""last_update_ts"":1784118825.0386596,""mapped"":true},""ring"":{""has_data"":true,""last_update_ts"":1784118825.0386596,""mapped"":true},""thumb"":{""has_data"":true,""last_update_ts"":1784118825.0386596,""mapped"":true}},""ports"":{""available"":[""BLE:Dexter""],""unavailable"":[]}}"
1784118825.0980573,1784118825.097835,1761,ble,"{""index"":{""age_s"":0.009160757064819336,""channels"":3,""force"":[-0.8541956993667261,-4.2370445558700025],""has_data"":true,""last_update_ts"":1784118825.0886743,""raw"":[15607,13830,22352]},""middle"":{""age_s"":0.009160757064819336,""channels"":3,""force"":[-1.0705086226728753,4.1326934225099965],""has_data"":true,""last_update_ts"":1784118825.0886743,""raw"":[19376,17149,10817]},""pinky"":{""age_s"":0.009160757064819336,""channels"":3,""force"":[-1.0209969980050229,-0.7493299470000014],""has_data"":true,""last_update_ts"":1784118825.0886743,""raw"":[17419,15295,17707]},""ring"":{""age_s"":0.009160757064819336,""channels"":3,""force"":[0.27928401875749387,0.2572699484699976],""has_data"":true,""last_update_ts"":1784118825.0886743,""raw"":[15794,16375,15621]},""thumb"":{""age_s"":0.009160757064819336,""channels"":3,""force"":[0.0,-2.220446049250313e-16],""has_data"":true,""last_update_ts"":1784118825.0886743,""raw"":[0,0,0]}}","{""ble"":{""connection_state"":""connected"",""counter"":999816,""finger_order"":""DexterController.Visualizer"",""last_error"":null,""last_sample_age_s"":0.009197596009471454,""reconnect_count"":0,""sample_hz"":20.0,""sample_sequence"":1760,""timestamp_us"":9789894016},""fingers"":{""index"":{""has_data"":true,""last_update_ts"":1784118825.0886743,""mapped"":true},""middle"":{""has_data"":true,""last_update_ts"":1784118825.0886743,""mapped"":true},""pinky"":{""has_data"":true,""last_update_ts"":1784118825.0886743,""mapped"":true},""ring"":{""has_data"":true,""last_update_ts"":1784118825.0886743,""mapped"":true},""thumb"":{""has_data"":true,""last_update_ts"":1784118825.0886743,""mapped"":true}},""ports"":{""available"":[""BLE:Dexter""],""unavailable"":[]}}"
1784118825.1479647,1784118825.1478302,1762,ble,"{""index"":{""age_s"":0.009182453155517578,""channels"":3,""force"":[-0.7796879146723832,-3.440257045560002],""has_data"":true,""last_update_ts"":1784118825.1386478,""raw"":[15980,14358,21367]},""middle"":{""age_s"":0.009182453155517578,""channels"":3,""force"":[-1.0373406410992665,3.898180902059999],""has_data"":true,""last_update_ts"":1784118825.1386478,""raw"":[19227,17069,11125]},""pinky"":{""age_s"":0.009182453155517578,""channels"":3,""force"":[-1.0248425610860235,-0.7465546509000012],""has_data"":true,""last_update_ts"":1784118825.1386478,""raw"":[17421,15289,17700]},""ring"":{""age_s"":0.009182453155517578,""channels"":3,""force"":[0.27495776029137,0.2519968858799979],""has_data"":true,""last_update_ts"":1784118825.1386478,""raw"":[15799,16371,15631]},""thumb"":{""age_s"":0.009182453155517578,""channels"":3,""force"":[0.0,-2.220446049250313e-16],""has_data"":true,""last_update_ts"":1784118825.1386478,""raw"":[0,0,0]}}","{""ble"":{""connection_state"":""connected"",""counter"":999821,""finger_order"":""DexterController.Visualizer"",""last_error"":null,""last_sample_age_s"":0.00920771599339787,""reconnect_count"":0,""sample_hz"":20.0,""sample_sequence"":1761,""timestamp_us"":9789941024},""fingers"":{""index"":{""has_data"":true,""last_update_ts"":1784118825.1386478,""mapped"":true},""middle"":{""has_data"":true,""last_update_ts"":1784118825.1386478,""mapped"":true},""pinky"":{""has_data"":true,""last_update_ts"":1784118825.1386478,""mapped"":true},""ring"":{""has_data"":true,""last_update_ts"":1784118825.1386478,""mapped"":true},""thumb"":{""has_data"":true,""last_update_ts"":1784118825.1386478,""mapped"":true}},""ports"":{""available"":[""BLE:Dexter""],""unavailable"":[]}}"
1784118825.1979532,1784118825.19782,1763,ble,"{""index"":{""age_s"":0.009171247482299805,""channels"":3,""force"":[-0.7373867207814051,-2.23189312362],""has_data"":true,""last_update_ts"":1784118825.1886487,""raw"":[16607,15073,19861]},""middle"":{""age_s"":0.009171247482299805,""channels"":3,""force"":[-0.9272613979056903,3.4150018510499986],""has_data"":true,""last_update_ts"":1784118825.1886487,""raw"":[18832,16903,11715]},""pinky"":{""age_s"":0.009171247482299805,""channels"":3,""force"":[-1.022919779545525,-0.7398939402599991],""has_data"":true,""last_update_ts"":1784118825.1886487,""raw"":[17425,15297,17694]},""ring"":{""age_s"":0.009171247482299805,""channels"":3,""force"":[0.2850523633789912,0.2661508959899965],""has_data"":true,""last_update_ts"":1784118825.1886487,""raw"":[15798,16391,15615]},""thumb"":{""age_s"":0.009171247482299805,""channels"":3,""force"":[0.0,-2.220446049250313e-16],""has_data"":true,""last_update_ts"":1784118825.1886487,""raw"":[0,0,0]}}","{""ble"":{""connection_state"":""connected"",""counter"":999827,""finger_order"":""DexterController.Visualizer"",""last_error"":null,""last_sample_age_s"":0.009196663988404907,""reconnect_count"":0,""sample_hz"":20.0,""sample_sequence"":1762,""timestamp_us"":9789997408},""fingers"":{""index"":{""has_data"":true,""last_update_ts"":1784118825.1886487,""mapped"":true},""middle"":{""has_data"":true,""last_update_ts"":1784118825.1886487,""mapped"":true},""pinky"":{""has_data"":true,""last_update_ts"":1784118825.1886487,""mapped"":true},""ring"":{""has_data"":true,""last_update_ts"":1784118825.1886487,""mapped"":true},""thumb"":{""has_data"":true,""last_update_ts"":1784118825.1886487,""mapped"":true}},""ports"":{""available"":[""BLE:Dexter""],""unavailable"":[]}}"
1784118825.2479618,1784118825.2478175,1764,ble,"{""index"":{""age_s"":0.009175300598144531,""channels"":3,""force"":[-0.6854716191879309,-1.3893132276600006],""has_data"":true,""last_update_ts"":1784118825.2386422,""raw"":[17021,15595,18811]},""middle"":{""age_s"":0.009175300598144531,""channels"":3,""force"":[-0.6753770161003096,3.131366589629997],""has_data"":true,""last_update_ts"":1784118825.2386422,""raw"":[18408,17003,12064]},""pinky"":{""age_s"":0.009175300598144531,""channels"":3,""force"":[-1.0243618657008948,-0.7529378319300024],""has_data"":true,""last_update_ts"":1784118825.2386422,""raw"":[17411,15280,17702]},""ring"":{""age_s"":0.009175300598144531,""channels"":3,""force"":[0.28457166799386613,0.252551945099996],""has_data"":true,""last_update_ts"":1784118825.2386422,""raw"":[15787,16379,15628]},""thumb"":{""age_s"":0.009175300598144531,""channels"":3,""force"":[0.0,-2.220446049250313e-16],""has_data"":true,""last_update_ts"":1784118825.2386422,""raw"":[0,0,0]}}","{""ble"":{""connection_state"":""connected"",""counter"":999832,""finger_order"":""DexterController.Visualizer"",""last_error"":null,""last_sample_age_s"":0.009200109998346306,""reconnect_count"":0,""sample_hz"":20.0,""sample_sequence"":1763,""timestamp_us"":9790044384},""fingers"":{""index"":{""has_data"":true,""last_update_ts"":1784118825.2386422,""mapped"":true},""middle"":{""has_data"":true,""last_update_ts"":1784118825.2386422,""mapped"":true},""pinky"":{""has_data"":true,""last_update_ts"":1784118825.2386422,""mapped"":true},""ring"":{""has_data"":true,""last_update_ts"":1784118825.2386422,""mapped"":true},""thumb"":{""has_data"":true,""last_update_ts"":1784118825.2386422,""mapped"":true}},""ports"":{""available"":[""BLE:Dexter""],""unavailable"":[]}}"
1784118825.297963,1784118825.2978196,1765,ble,"{""index"":{""age_s"":0.00913691520690918,""channels"":3,""force"":[-0.5705854221431093,-1.7714715006300006],""has_data"":true,""last_update_ts"":1784118825.2886827,""raw"":[16656,15469,19254]},""middle"":{""age_s"":0.00913691520690918,""channels"":3,""force"":[-0.5835641975414774,3.080023611779999],""has_data"":true,""last_update_ts"":1784118825.2886827,""raw"":[18281,17067,12125]},""pinky"":{""age_s"":0.00913691520690918,""channels"":3,""force"":[-1.0267653426265202,-0.7398939402600009],""has_data"":true,""last_update_ts"":1784118825.2886827,""raw"":[17427,15291,17692]},""ring"":{""age_s"":0.00913691520690918,""channels"":3,""force"":[0.2682280248996278,0.2547721819799964],""has_data"":true,""last_update_ts"":1784118825.2886827,""raw"":[15807,16365,15627]},""thumb"":{""age_s"":0.00913691520690918,""channels"":3,""force"":[0.0,-2.220446049250313e-16],""has_data"":true,""last_update_ts"":1784118825.2886827,""raw"":[0,0,0]}}","{""ble"":{""connection_state"":""connected"",""counter"":999837,""finger_order"":""DexterController.Visualizer"",""last_error"":null,""last_sample_age_s"":0.009161443987977691,""reconnect_count"":0,""sample_hz"":20.0,""sample_sequence"":1764,""timestamp_us"":9790091360},""fingers"":{""index"":{""has_data"":true,""last_update_ts"":1784118825.2886827,""mapped"":true},""middle"":{""has_data"":true,""last_update_ts"":1784118825.2886827,""mapped"":true},""pinky"":{""has_data"":true,""last_update_ts"":1784118825.2886827,""mapped"":true},""ring"":{""has_data"":true,""last_update_ts"":1784118825.2886827,""mapped"":true},""thumb"":{""has_data"":true,""last_update_ts"":1784118825.2886827,""mapped"":true}},""ports"":{""available"":[""BLE:Dexter""],""unavailable"":[]}}"
1784118825.3479621,1784118825.3478174,1766,ble,"{""index"":{""age_s"":0.009158134460449219,""channels"":3,""force"":[-0.6508615514589451,-2.0065390803000014],""has_data"":true,""last_update_ts"":1784118825.3386593,""raw"":[16604,15250,19542]},""middle"":{""age_s"":0.009158134460449219,""channels"":3,""force"":[-0.6768191022556813,3.5512688895599984],""has_data"":true,""last_update_ts"":1784118825.3386593,""raw"":[18681,17273,11579]},""pinky"":{""age_s"":0.009158134460449219,""channels"":3,""force"":[-1.0185935210793993,-0.751272654270001],""has_data"":true,""last_update_ts"":1784118825.3386593,""raw"":[17410,15291,17704]},""ring"":{""age_s"":0.009158134460449219,""channels"":3,""force"":[0.2826488864533694,0.26032277417999783],""has_data"":true,""last_update_ts"":1784118825.3386593,""raw"":[15794,16382,15619]},""thumb"":{""age_s"":0.009158134460449219,""channels"":3,""force"":[0.0,-2.220446049250313e-16],""has_data"":true,""last_update_ts"":1784118825.3386593,""raw"":[0,0,0]}}","{""ble"":{""connection_state"":""connected"",""counter"":999843,""finger_order"":""DexterController.Visualizer"",""last_error"":null,""last_sample_age_s"":0.00918321700009983,""reconnect_count"":0,""sample_hz"":20.0,""sample_sequence"":1765,""timestamp_us"":9790147872},""fingers"":{""index"":{""has_data"":true,""last_update_ts"":1784118825.3386593,""mapped"":true},""middle"":{""has_data"":true,""last_update_ts"":1784118825.3386593,""mapped"":true},""pinky"":{""has_data"":true,""last_update_ts"":1784118825.3386593,""mapped"":true},""ring"":{""has_data"":true,""last_update_ts"":1784118825.3386593,""mapped"":true},""thumb"":{""has_data"":true,""last_update_ts"":1784118825.3386593,""mapped"":true}},""ports"":{""available"":[""BLE:Dexter""],""unavailable"":[]}}"
1784118825.3979633,1784118825.3978186,1767,ble,"{""index"":{""age_s"":0.009156942367553711,""channels"":3,""force"":[-0.7186396007615397,-2.758366793790004],""has_data"":true,""last_update_ts"":1784118825.3886616,""raw"":[16251,14756,20473]},""middle"":{""age_s"":0.009156942367553711,""channels"":3,""force"":[-0.9512961671619315,4.791548716649997],""has_data"":true,""last_update_ts"":1784118825.3886616,""raw"":[19723,17744,10101]},""pinky"":{""age_s"":0.009156942367553711,""channels"":3,""force"":[-1.0224390841603999,-0.7357309961100018],""has_data"":true,""last_update_ts"":1784118825.3886616,""raw"":[17417,15290,17679]},""ring"":{""age_s"":0.009156942367553711,""channels"":3,""force"":[0.28937862184511687,0.26365312949999886],""has_data"":true,""last_update_ts"":1784118825.3886616,""raw"":[15788,16390,15614]},""thumb"":{""age_s"":0.009156942367553711,""channels"":3,""force"":[0.0,-2.220446049250313e-16],""has_data"":true,""last_update_ts"":1784118825.3886616,""raw"":[0,0,0]}}","{""ble"":{""connection_state"":""connected"",""counter"":999848,""finger_order"":""DexterController.Visualizer"",""last_error"":null,""last_sample_age_s"":0.009182375986711122,""reconnect_count"":0,""sample_hz"":20.0,""sample_sequence"":1766,""timestamp_us"":9790194816},""fingers"":{""index"":{""has_data"":true,""last_update_ts"":1784118825.3886616,""mapped"":true},""middle"":{""has_data"":true,""last_update_ts"":1784118825.3886616,""mapped"":true},""pinky"":{""has_data"":true,""last_update_ts"":1784118825.3886616,""mapped"":true},""ring"":{""has_data"":true,""last_update_ts"":1784118825.3886616,""mapped"":true},""thumb"":{""has_data"":true,""last_update_ts"":1784118825.3886616,""mapped"":true}},""ports"":{""available"":[""BLE:Dexter""],""unavailable"":[]}}"
1784118825.447961,1784118825.4478164,1768,ble,"{""index"":{""age_s"":0.009134769439697266,""channels"":3,""force"":[-0.8955355024874567,-3.5138023922100015],""has_data"":true,""last_update_ts"":1784118825.4386816,""raw"":[16081,14218,21480]},""middle"":{""age_s"":0.009134769439697266,""channels"":3,""force"":[-1.2565377367161634,6.7334233978199975],""has_data"":true,""last_update_ts"":1784118825.4386816,""raw"":[21165,18551,7727]},""pinky"":{""age_s"":0.009134769439697266,""channels"":3,""force"":[-1.0267653426265202,-0.7393388810399992],""has_data"":true,""last_update_ts"":1784118825.4386816,""raw"":[17427,15291,17691]},""ring"":{""age_s"":0.009134769439697266,""channels"":3,""force"":[0.2768805418318703,0.25310700431999855],""has_data"":true,""last_update_ts"":1784118825.4386816,""raw"":[15798,16374,15630]},""thumb"":{""age_s"":0.009134769439697266,""channels"":3,""force"":[0.0,-2.220446049250313e-16],""has_data"":true,""last_update_ts"":1784118825.4386816,""raw"":[0,0,0]}}","{""ble"":{""connection_state"":""connected"",""counter"":999853,""finger_order"":""DexterController.Visualizer"",""last_error"":null,""last_sample_age_s"":0.009160171000985429,""reconnect_count"":0,""sample_hz"":20.0,""sample_sequence"":1767,""timestamp_us"":9790241824},""fingers"":{""index"":{""has_data"":true,""last_update_ts"":1784118825.4386816,""mapped"":true},""middle"":{""has_data"":true,""last_update_ts"":1784118825.4386816,""mapped"":true},""pinky"":{""has_data"":true,""last_update_ts"":1784118825.4386816,""mapped"":true},""ring"":{""has_data"":true,""last_update_ts"":1784118825.4386816,""mapped"":true},""thumb"":{""has_data"":true,""last_update_ts"":1784118825.4386816,""mapped"":true}},""ports"":{""available"":[""BLE:Dexter""],""unavailable"":[]}}"
1784118825.4979625,1784118825.497818,1769,ble,"{""index"":{""age_s"":0.009162664413452148,""channels"":3,""force"":[-0.7854562592938832,-4.225110782640002],""has_data"":true,""last_update_ts"":1784118825.4886553,""raw"":[15614,13980,22409]},""middle"":{""age_s"":0.009162664413452148,""channels"":3,""force"":[-1.186356210487947,8.802129110759997],""has_data"":true,""last_update_ts"":1784118825.4886553,""raw"":[22322,19854,5230]},""pinky"":{""age_s"":0.009162664413452148,""channels"":3,""force"":[-1.0282074287818936,-0.746277121290003],""has_data"":true,""last_update_ts"":1784118825.4886553,""raw"":[17423,15284,17698]},""ring"":{""age_s"":0.009162664413452148,""channels"":3,""force"":[0.2744770649062467,0.24949911938999758],""has_data"":true,""last_update_ts"":1784118825.4886553,""raw"":[15792,16363,15628]},""thumb"":{""age_s"":0.009162664413452148,""channels"":3,""force"":[0.0,-2.220446049250313e-16],""has_data"":true,""last_update_ts"":1784118825.4886553,""raw"":[0,0,0]}}","{""ble"":{""connection_state"":""connected"",""counter"":999859,""finger_order"":""DexterController.Visualizer"",""last_error"":null,""last_sample_age_s"":0.00918779599305708,""reconnect_count"":0,""sample_hz"":20.0,""sample_sequence"":1768,""timestamp_us"":9790298368},""fingers"":{""index"":{""has_data"":true,""last_update_ts"":1784118825.4886553,""mapped"":true},""middle"":{""has_data"":true,""last_update_ts"":1784118825.4886553,""mapped"":true},""pinky"":{""has_data"":true,""last_update_ts"":1784118825.4886553,""mapped"":true},""ring"":{""has_data"":true,""last_update_ts"":1784118825.4886553,""mapped"":true},""thumb"":{""has_data"":true,""last_update_ts"":1784118825.4886553,""mapped"":true}},""ports"":{""available"":[""BLE:Dexter""],""unavailable"":[]}}"
1784118825.5479705,1784118825.5478253,1770,ble,"{""index"":{""age_s"":0.009177684783935547,""channels"":3,""force"":[-0.7253693361532862,-4.444636704150003],""has_data"":true,""last_update_ts"":1784118825.5386477,""raw"":[15397,13888,22650]},""middle"":{""age_s"":0.009177684783935547,""channels"":3,""force"":[-1.3541188998964913,9.299739701489997],""has_data"":true,""last_update_ts"":1784118825.5386477,""raw"":[22353,19536,4190]},""pinky"":{""age_s"":0.009177684783935547,""channels"":3,""force"":[1.2296187951491753,0.3319254135599987],""has_data"":true,""last_update_ts"":1784118825.5386477,""raw"":[16727,19285,17408]},""ring"":{""age_s"":0.009177684783935547,""channels"":3,""force"":[0.3393709418980926,0.7226871044399985],""has_data"":true,""last_update_ts"":1784118825.5386477,""raw"":[15732,16438,14783]},""thumb"":{""age_s"":0.009177684783935547,""channels"":3,""force"":[0.0,-2.220446049250313e-16],""has_data"":true,""last_update_ts"":1784118825.5386477,""raw"":[0,0,0]}}","{""ble"":{""connection_state"":""connected"",""counter"":999864,""finger_order"":""DexterController.Visualizer"",""last_error"":null,""last_sample_age_s"":0.009203036010148935,""reconnect_count"":0,""sample_hz"":20.0,""sample_sequence"":1769,""timestamp_us"":9790345344},""fingers"":{""index"":{""has_data"":true,""last_update_ts"":1784118825.5386477,""mapped"":true},""middle"":{""has_data"":true,""last_update_ts"":1784118825.5386477,""mapped"":true},""pinky"":{""has_data"":true,""last_update_ts"":1784118825.5386477,""mapped"":true},""ring"":{""has_data"":true,""last_update_ts"":1784118825.5386477,""mapped"":true},""thumb"":{""has_data"":true,""last_update_ts"":1784118825.5386477,""mapped"":true}},""ports"":{""available"":[""BLE:Dexter""],""unavailable"":[]}}"
1784118825.5980606,1784118825.5978186,1771,ble,"{""index"":{""age_s"":0.009158134460449219,""channels"":3,""force"":[-0.4432011450850428,-4.51485169548],""has_data"":true,""last_update_ts"":1784118825.5886605,""raw"":[15011,14089,22684]},""middle"":{""age_s"":0.009158134460449219,""channels"":3,""force"":[-1.0455124626463874,9.345254557529998],""has_data"":true,""last_update_ts"":1784118825.5886605,""raw"":[22128,19953,4204]},""pinky"":{""age_s"":0.009158134460449219,""channels"":3,""force"":[-1.0229197795455232,-0.740448999479999],""has_data"":true,""last_update_ts"":1784118825.5886605,""raw"":[17421,15293,17691]},""ring"":{""age_s"":0.009158134460449219,""channels"":3,""force"":[0.27399636952112516,0.2581025372999983],""has_data"":true,""last_update_ts"":1784118825.5886605,""raw"":[15803,16373,15623]},""thumb"":{""age_s"":0.009158134460449219,""channels"":3,""force"":[0.0,-2.220446049250313e-16],""has_data"":true,""last_update_ts"":1784118825.5886605,""raw"":[0,0,0]}}","{""ble"":{""connection_state"":""connected"",""counter"":999869,""finger_order"":""DexterController.Visualizer"",""last_error"":null,""last_sample_age_s"":0.009183639005641453,""reconnect_count"":0,""sample_hz"":20.0,""sample_sequence"":1770,""timestamp_us"":9790392320},""fingers"":{""index"":{""has_data"":true,""last_update_ts"":1784118825.5886605,""mapped"":true},""middle"":{""has_data"":true,""last_update_ts"":1784118825.5886605,""mapped"":true},""pinky"":{""has_data"":true,""last_update_ts"":1784118825.5886605,""mapped"":true},""ring"":{""has_data"":true,""last_update_ts"":1784118825.5886605,""mapped"":true},""thumb"":{""has_data"":true,""last_update_ts"":1784118825.5886605,""mapped"":true}},""ports"":{""available"":[""BLE:Dexter""],""unavailable"":[]}}"
1784118825.6479623,1784118825.6478176,1772,ble,"{""index"":{""age_s"":0.009159088134765625,""channels"":3,""force"":[-0.18314494173254126,-4.204296061890001],""has_data"":true,""last_update_ts"":1784118825.6386585,""raw"":[14876,14495,22260]},""middle"":{""age_s"":0.009159088134765625,""channels"":3,""force"":[-0.8316030162658627,9.503168905619997],""has_data"":true,""last_update_ts"":1784118825.6386585,""raw"":[21853,20123,3867]},""pinky"":{""age_s"":0.009159088134765625,""channels"":3,""force"":[-1.0238811703157733,-0.7387838218199994],""has_data"":true,""last_update_ts"":1784118825.6386585,""raw"":[17429,15299,17695]},""ring"":{""age_s"":0.009159088134765625,""channels"":3,""force"":[0.2735156741359983,0.2578250076899975],""has_data"":true,""last_update_ts"":1784118825.6386585,""raw"":[15804,16373,15624]},""thumb"":{""age_s"":0.009159088134765625,""channels"":3,""force"":[0.0,-2.220446049250313e-16],""has_data"":true,""last_update_ts"":1784118825.6386585,""raw"":[0,0,0]}}","{""ble"":{""connection_state"":""connected"",""counter"":999875,""finger_order"":""DexterController.Visualizer"",""last_error"":null,""last_sample_age_s"":0.00918429000012111,""reconnect_count"":0,""sample_hz"":20.0,""sample_sequence"":1771,""timestamp_us"":9790448800},""fingers"":{""index"":{""has_data"":true,""last_update_ts"":1784118825.6386585,""mapped"":true},""middle"":{""has_data"":true,""last_update_ts"":1784118825.6386585,""mapped"":true},""pinky"":{""has_data"":true,""last_update_ts"":1784118825.6386585,""mapped"":true},""ring"":{""has_data"":true,""last_update_ts"":1784118825.6386585,""mapped"":true},""thumb"":{""has_data"":true,""last_update_ts"":1784118825.6386585,""mapped"":true}},""ports"":{""available"":[""BLE:Dexter""],""unavailable"":[]}}"
1784118825.6979563,1784118825.6978219,1773,ble,"{""index"":{""age_s"":0.009156465530395508,""channels"":3,""force"":[-0.0644131816067226,-3.924823744620004],""has_data"":true,""last_update_ts"":1784118825.6886654,""raw"":[14889,14755,21893]},""middle"":{""age_s"":0.009156465530395508,""channels"":3,""force"":[-0.8513115270559766,9.455711342309998],""has_data"":true,""last_update_ts"":1784118825.6886654,""raw"":[21946,20175,4025]},""pinky"":{""age_s"":0.009156465530395508,""channels"":3,""force"":[-1.0248425610860217,-0.7537704207600013],""has_data"":true,""last_update_ts"":1784118825.6886654,""raw"":[17414,15282,17706]},""ring"":{""age_s"":0.009156465530395508,""channels"":3,""force"":[0.27784193260211687,0.25310700431999944],""has_data"":true,""last_update_ts"":1784118825.6886654,""raw"":[15797,16375,15630]},""thumb"":{""age_s"":0.009156465530395508,""channels"":3,""force"":[0.0,-2.220446049250313e-16],""has_data"":true,""last_update_ts"":1784118825.6886654,""raw"":[0,0,0]}}","{""ble"":{""connection_state"":""connected"",""counter"":999880,""finger_order"":""DexterController.Visualizer"",""last_error"":null,""last_sample_age_s"":0.009181865010759793,""reconnect_count"":0,""sample_hz"":20.0,""sample_sequence"":1772,""timestamp_us"":9790495840},""fingers"":{""index"":{""has_data"":true,""last_update_ts"":1784118825.6886654,""mapped"":true},""middle"":{""has_data"":true,""last_update_ts"":1784118825.6886654,""mapped"":true},""pinky"":{""has_data"":true,""last_update_ts"":1784118825.6886654,""mapped"":true},""ring"":{""has_data"":true,""last_update_ts"":1784118825.6886654,""mapped"":true},""thumb"":{""has_data"":true,""last_update_ts"":1784118825.6886654,""mapped"":true}},""ports"":{""available"":[""BLE:Dexter""],""unavailable"":[]}}"
1784118825.7479603,1784118825.747829,1774,ble,"{""index"":{""age_s"":0.009169578552246094,""channels"":3,""force"":[-0.0918128185588305,-3.800768008950003],""has_data"":true,""last_update_ts"":1784118825.7386594,""raw"":[14995,14804,21747]},""middle"":{""age_s"":0.009169578552246094,""channels"":3,""force"":[-0.8801532501634632,9.452936046209999],""has_data"":true,""last_update_ts"":1784118825.7386594,""raw"":[21934,20103,3988]},""pinky"":{""age_s"":0.009169578552246094,""channels"":3,""force"":[-1.0248425610860217,-0.7421141771400004],""has_data"":true,""last_update_ts"":1784118825.7386594,""raw"":[17428,15296,17699]},""ring"":{""age_s"":0.009169578552246094,""channels"":3,""force"":[0.2754384556764986,0.2511642970499981],""has_data"":true,""last_update_ts"":1784118825.7386594,""raw"":[15800,16373,15634]},""thumb"":{""age_s"":0.009169578552246094,""channels"":3,""force"":[0.0,-2.220446049250313e-16],""has_data"":true,""last_update_ts"":1784118825.7386594,""raw"":[0,0,0]}}","{""ble"":{""connection_state"":""connected"",""counter"":999885,""finger_order"":""DexterController.Visualizer"",""last_error"":null,""last_sample_age_s"":0.0091946199972881,""reconnect_count"":0,""sample_hz"":20.0,""sample_sequence"":1773,""timestamp_us"":9790542848},""fingers"":{""index"":{""has_data"":true,""last_update_ts"":1784118825.7386594,""mapped"":true},""middle"":{""has_data"":true,""last_update_ts"":1784118825.7386594,""mapped"":true},""pinky"":{""has_data"":true,""last_update_ts"":1784118825.7386594,""mapped"":true},""ring"":{""has_data"":true,""last_update_ts"":1784118825.7386594,""mapped"":true},""thumb"":{""has_data"":true,""last_update_ts"":1784118825.7386594,""mapped"":true}},""ports"":{""available"":[""BLE:Dexter""],""unavailable"":[]}}"
1784118825.7979584,1784118825.7978303,1775,ble,"{""index"":{""age_s"":0.009171485900878906,""channels"":3,""force"":[-0.035571458499234154,-3.6134355222000005],""has_data"":true,""last_update_ts"":1784118825.7886589,""raw"":[15035,14961,21508]},""middle"":{""age_s"":0.009171485900878906,""channels"":3,""force"":[-0.9003424563387057,9.406311071729995],""has_data"":true,""last_update_ts"":1784118825.7886589,""raw"":[22010,20137,4127]},""pinky"":{""age_s"":0.009171485900878906,""channels"":3,""force"":[-1.0229197795455232,-0.7465546509000012],""has_data"":true,""last_update_ts"":1784118825.7886589,""raw"":[17421,15293,17702]},""ring"":{""age_s"":0.009171485900878906,""channels"":3,""force"":[0.2797647141426207,0.25532724119999894],""has_data"":true,""last_update_ts"":1784118825.7886589,""raw"":[15787,16369,15618]},""thumb"":{""age_s"":0.009171485900878906,""channels"":3,""force"":[0.0,-2.220446049250313e-16],""has_data"":true,""last_update_ts"":1784118825.7886589,""raw"":[0,0,0]}}","{""ble"":{""connection_state"":""connected"",""counter"":999890,""finger_order"":""DexterController.Visualizer"",""last_error"":null,""last_sample_age_s"":0.009196373997838236,""reconnect_count"":0,""sample_hz"":20.0,""sample_sequence"":1774,""timestamp_us"":9790589792},""fingers"":{""index"":{""has_data"":true,""last_update_ts"":1784118825.7886589,""mapped"":true},""middle"":{""has_data"":true,""last_update_ts"":1784118825.7886589,""mapped"":true},""pinky"":{""has_data"":true,""last_update_ts"":1784118825.7886589,""mapped"":true},""ring"":{""has_data"":true,""last_update_ts"":1784118825.7886589,""mapped"":true},""thumb"":{""has_data"":true,""last_update_ts"":1784118825.7886589,""mapped"":true}},""ports"":{""available"":[""BLE:Dexter""],""unavailable"":[]}}"
1784118825.8479645,1784118825.8478286,1776,ble,"{""index"":{""age_s"":0.009169340133666992,""channels"":3,""force"":[0.031245200033110265,-3.6420210720300004],""has_data"":true,""last_update_ts"":1784118825.8386593,""raw"":[14928,14993,21522]},""middle"":{""age_s"":0.009169340133666992,""channels"":3,""force"":[-0.7787265239021366,9.409363897439999],""has_data"":true,""last_update_ts"":1784118825.8386593,""raw"":[21996,20376,4234]},""pinky"":{""age_s"":0.009169340133666992,""channels"":3,""force"":[-0.565297772906737,-0.5162050746000038],""has_data"":true,""last_update_ts"":1784118825.8386593,""raw"":[17296,16120,17638]},""ring"":{""age_s"":0.009169340133666992,""channels"":3,""force"":[0.297550443392236,0.34996483820999913],""has_data"":true,""last_update_ts"":1784118825.8386593,""raw"":[15777,16396,15456]},""thumb"":{""age_s"":0.009169340133666992,""channels"":3,""force"":[0.0,-2.220446049250313e-16],""has_data"":true,""last_update_ts"":1784118825.8386593,""raw"":[0,0,0]}}","{""ble"":{""connection_state"":""connected"",""counter"":999896,""finger_order"":""DexterController.Visualizer"",""last_error"":null,""last_sample_age_s"":0.009194729995215312,""reconnect_count"":0,""sample_hz"":20.0,""sample_sequence"":1775,""timestamp_us"":9790646208},""fingers"":{""index"":{""has_data"":true,""last_update_ts"":1784118825.8386593,""mapped"":true},""middle"":{""has_data"":true,""last_update_ts"":1784118825.8386593,""mapped"":true},""pinky"":{""has_data"":true,""last_update_ts"":1784118825.8386593,""mapped"":true},""ring"":{""has_data"":true,""last_update_ts"":1784118825.8386593,""mapped"":true},""thumb"":{""has_data"":true,""last_update_ts"":1784118825.8386593,""mapped"":true}},""ports"":{""available"":[""BLE:Dexter""],""unavailable"":[]}}"
1784118825.8979743,1784118825.8978295,1777,ble,"{""index"":{""age_s"":0.009173393249511719,""channels"":3,""force"":[0.05816414160009664,-3.520463102850001],""has_data"":true,""last_update_ts"":1784118825.8886561,""raw"":[14967,15088,21370]},""middle"":{""age_s"":0.009173393249511719,""channels"":3,""force"":[-0.7695933115847637,9.357465860369999],""has_data"":true,""last_update_ts"":1784118825.8886561,""raw"":[22059,20458,4400]},""pinky"":{""age_s"":0.009173393249511719,""channels"":3,""force"":[-1.020996998005021,-0.7482198285600044],""has_data"":true,""last_update_ts"":1784118825.8886561,""raw"":[17415,15291,17701]},""ring"":{""age_s"":0.009173393249511719,""channels"":3,""force"":[0.27303497875087146,0.25477218197999907],""has_data"":true,""last_update_ts"":1784118825.8886561,""raw"":[15797,16365,15622]},""thumb"":{""age_s"":0.009173393249511719,""channels"":3,""force"":[0.0,-2.220446049250313e-16],""has_data"":true,""last_update_ts"":1784118825.8886561,""raw"":[0,0,0]}}","{""ble"":{""connection_state"":""connected"",""counter"":999901,""finger_order"":""DexterController.Visualizer"",""last_error"":null,""last_sample_age_s"":0.009197816005325876,""reconnect_count"":0,""sample_hz"":20.0,""sample_sequence"":1776,""timestamp_us"":9790693344},""fingers"":{""index"":{""has_data"":true,""last_update_ts"":1784118825.8886561,""mapped"":true},""middle"":{""has_data"":true,""last_update_ts"":1784118825.8886561,""mapped"":true},""pinky"":{""has_data"":true,""last_update_ts"":1784118825.8886561,""mapped"":true},""ring"":{""has_data"":true,""last_update_ts"":1784118825.8886561,""mapped"":true},""thumb"":{""has_data"":true,""last_update_ts"":1784118825.8886561,""mapped"":true}},""ports"":{""available"":[""BLE:Dexter""],""unavailable"":[]}}"
1784118825.9479778,1784118825.9478338,1778,ble,"{""index"":{""age_s"":0.009174346923828125,""channels"":3,""force"":[0.08700586470758509,-3.4261030354500006],""has_data"":true,""last_update_ts"":1784118825.9386594,""raw"":[15011,15192,21274]},""middle"":{""age_s"":0.009174346923828125,""channels"":3,""force"":[-0.7590180131120192,9.369677163209996],""has_data"":true,""last_update_ts"":1784118825.9386594,""raw"":[22012,20433,4342]},""pinky"":{""age_s"":0.009174346923828125,""channels"":3,""force"":[-1.0205163026198978,-0.7451670028500006],""has_data"":true,""last_update_ts"":1784118825.9386594,""raw"":[17418,15295,17699]},""ring"":{""age_s"":0.009174346923828125,""channels"":3,""force"":[0.27495776029137176,0.2564373596399978],""has_data"":true,""last_update_ts"":1784118825.9386594,""raw"":[15798,16370,15622]},""thumb"":{""age_s"":0.009174346923828125,""channels"":3,""force"":[0.0,-2.220446049250313e-16],""has_data"":true,""last_update_ts"":1784118825.9386594,""raw"":[0,0,0]}}","{""ble"":{""connection_state"":""connected"",""counter"":999906,""finger_order"":""DexterController.Visualizer"",""last_error"":null,""last_sample_age_s"":0.0091995590046281,""reconnect_count"":0,""sample_hz"":20.0,""sample_sequence"":1777,""timestamp_us"":9790740416},""fingers"":{""index"":{""has_data"":true,""last_update_ts"":1784118825.9386594,""mapped"":true},""middle"":{""has_data"":true,""last_update_ts"":1784118825.9386594,""mapped"":true},""pinky"":{""has_data"":true,""last_update_ts"":1784118825.9386594,""mapped"":true},""ring"":{""has_data"":true,""last_update_ts"":1784118825.9386594,""mapped"":true},""thumb"":{""has_data"":true,""last_update_ts"":1784118825.9386594,""mapped"":true}},""ports"":{""available"":[""BLE:Dexter""],""unavailable"":[]}}"
1784118825.997966,1784118825.9978292,1779,ble,"{""index"":{""age_s"":0.009157896041870117,""channels"":3,""force"":[0.0,-3.4663448289000005],""has_data"":true,""last_update_ts"":1784118825.9886713,""raw"":[15071,15071,21316]},""middle"":{""age_s"":0.009157896041870117,""channels"":3,""force"":[-0.7570952315715207,9.321942070289998],""has_data"":true,""last_update_ts"":1784118825.9886713,""raw"":[22059,20484,4477]},""pinky"":{""age_s"":0.009157896041870117,""channels"":3,""force"":[-1.0262846472413933,-0.7440568844100008],""has_data"":true,""last_update_ts"":1784118825.9886713,""raw"":[17423,15288,17696]},""ring"":{""age_s"":0.009157896041870117,""channels"":3,""force"":[0.27399636952112516,0.25310700431999944],""has_data"":true,""last_update_ts"":1784118825.9886713,""raw"":[15803,16373,15632]},""thumb"":{""age_s"":0.009157896041870117,""channels"":3,""force"":[0.0,-2.220446049250313e-16],""has_data"":true,""last_update_ts"":1784118825.9886713,""raw"":[0,0,0]}}","{""ble"":{""connection_state"":""connected"",""counter"":999912,""finger_order"":""DexterController.Visualizer"",""last_error"":null,""last_sample_age_s"":0.009182344991131686,""reconnect_count"":0,""sample_hz"":20.0,""sample_sequence"":1778,""timestamp_us"":9790796928},""fingers"":{""index"":{""has_data"":true,""last_update_ts"":1784118825.9886713,""mapped"":true},""middle"":{""has_data"":true,""last_update_ts"":1784118825.9886713,""mapped"":true},""pinky"":{""has_data"":true,""last_update_ts"":1784118825.9886713,""mapped"":true},""ring"":{""has_data"":true,""last_update_ts"":1784118825.9886713,""mapped"":true},""thumb"":{""has_data"":true,""last_update_ts"":1784118825.9886713,""mapped"":true}},""ports"":{""available"":[""BLE:Dexter""],""unavailable"":[]}}"
1784118826.0479739,1784118826.04783,1780,ble,"{""index"":{""age_s"":0.009170770645141602,""channels"":3,""force"":[-0.13844027091593603,-3.3214743724800027],""has_data"":true,""last_update_ts"":1784118826.0386593,""raw"":[15283,14995,21123]},""middle"":{""age_s"":0.009170770645141602,""channels"":3,""force"":[-0.848908050130353,9.077438483879998],""has_data"":true,""last_update_ts"":1784118826.0386593,""raw"":[22251,20485,5014]},""pinky"":{""age_s"":0.009170770645141602,""channels"":3,""force"":[-1.0238811703157733,-0.7387838218200011],""has_data"":true,""last_update_ts"":1784118826.0386593,""raw"":[17424,15294,17690]},""ring"":{""age_s"":0.009170770645141602,""channels"":3,""force"":[0.27928401875749564,0.2572699484699985],""has_data"":true,""last_update_ts"":1784118826.0386593,""raw"":[15796,16377,15623]},""thumb"":{""age_s"":0.009170770645141602,""channels"":3,""force"":[0.0,-2.220446049250313e-16],""has_data"":true,""last_update_ts"":1784118826.0386593,""raw"":[0,0,0]}}","{""ble"":{""connection_state"":""connected"",""counter"":999917,""finger_order"":""DexterController.Visualizer"",""last_error"":null,""last_sample_age_s"":0.009195922000799328,""reconnect_count"":0,""sample_hz"":20.0,""sample_sequence"":1779,""timestamp_us"":9790844000},""fingers"":{""index"":{""has_data"":true,""last_update_ts"":1784118826.0386593,""mapped"":true},""middle"":{""has_data"":true,""last_update_ts"":1784118826.0386593,""mapped"":true},""pinky"":{""has_data"":true,""last_update_ts"":1784118826.0386593,""mapped"":true},""ring"":{""has_data"":true,""last_update_ts"":1784118826.0386593,""mapped"":true},""thumb"":{""has_data"":true,""last_update_ts"":1784118826.0386593,""mapped"":true}},""ports"":{""available"":[""BLE:Dexter""],""unavailable"":[]}}"
1784118826.0979304,1784118826.0978131,1781,ble,"{""index"":{""age_s"":0.009164571762084961,""channels"":3,""force"":[-0.37109683731632614,-3.027292985880001],""has_data"":true,""last_update_ts"":1784118826.0886486,""raw"":[15704,14932,20772]},""middle"":{""age_s"":0.009164571762084961,""channels"":3,""force"":[-0.9671591148710466,8.453551920599997],""has_data"":true,""last_update_ts"":1784118826.0886486,""raw"":[22156,20144,5920]},""pinky"":{""age_s"":0.009164571762084961,""channels"":3,""force"":[-1.0253232564711467,-0.742946765970002],""has_data"":true,""last_update_ts"":1784118826.0886486,""raw"":[17428,15295,17700]},""ring"":{""age_s"":0.009164571762084961,""channels"":3,""force"":[0.27880332337237057,0.2603227741799996],""has_data"":true,""last_update_ts"":1784118826.0886486,""raw"":[15801,16381,15622]},""thumb"":{""age_s"":0.009164571762084961,""channels"":3,""force"":[0.0,-2.220446049250313e-16],""has_data"":true,""last_update_ts"":1784118826.0886486,""raw"":[0,0,0]}}","{""ble"":{""connection_state"":""connected"",""counter"":999922,""finger_order"":""DexterController.Visualizer"",""last_error"":null,""last_sample_age_s"":0.009185731993056834,""reconnect_count"":0,""sample_hz"":20.0,""sample_sequence"":1780,""timestamp_us"":9790891040},""fingers"":{""index"":{""has_data"":true,""last_update_ts"":1784118826.0886486,""mapped"":true},""middle"":{""has_data"":true,""last_update_ts"":1784118826.0886486,""mapped"":true},""pinky"":{""has_data"":true,""last_update_ts"":1784118826.0886486,""mapped"":true},""ring"":{""has_data"":true,""last_update_ts"":1784118826.0886486,""mapped"":true},""thumb"":{""has_data"":true,""last_update_ts"":1784118826.0886486,""mapped"":true}},""ports"":{""available"":[""BLE:Dexter""],""unavailable"":[]}}"
1784118826.1479597,1784118826.1478298,1782,ble,"{""index"":{""age_s"":0.009169816970825195,""channels"":3,""force"":[-0.4417590589296676,-2.397578300790001],""has_data"":true,""last_update_ts"":1784118826.13866,""raw"":[16098,15179,19958]},""middle"":{""age_s"":0.009169816970825195,""channels"":3,""force"":[-0.9171667948180708,6.5391526708199965],""has_data"":true,""last_update_ts"":1784118826.13866,""raw"":[20797,18889,8062]},""pinky"":{""age_s"":0.009169816970825195,""channels"":3,""force"":[-0.5883711513927263,-0.5245309629000019],""has_data"":true,""last_update_ts"":1784118826.13866,""raw"":[17302,16078,17635]},""ring"":{""age_s"":0.009169816970825195,""channels"":3,""force"":[0.2937048803112372,0.34607942366999733],""has_data"":true,""last_update_ts"":1784118826.13866,""raw"":[15777,16388,15459]},""thumb"":{""age_s"":0.009169816970825195,""channels"":3,""force"":[0.0,-2.220446049250313e-16],""has_data"":true,""last_update_ts"":1784118826.13866,""raw"":[0,0,0]}}","{""ble"":{""connection_state"":""connected"",""counter"":999928,""finger_order"":""DexterController.Visualizer"",""last_error"":null,""last_sample_age_s"":0.009194419995765202,""reconnect_count"":0,""sample_hz"":20.0,""sample_sequence"":1781,""timestamp_us"":9790947552},""fingers"":{""index"":{""has_data"":true,""last_update_ts"":1784118826.13866,""mapped"":true},""middle"":{""has_data"":true,""last_update_ts"":1784118826.13866,""mapped"":true},""pinky"":{""has_data"":true,""last_update_ts"":1784118826.13866,""mapped"":true},""ring"":{""has_data"":true,""last_update_ts"":1784118826.13866,""mapped"":true},""thumb"":{""has_data"":true,""last_update_ts"":1784118826.13866,""mapped"":true}},""ports"":{""available"":[""BLE:Dexter""],""unavailable"":[]}}"
1784118826.197964,1784118826.1978295,1783,ble,"{""index"":{""age_s"":0.009170293807983398,""channels"":3,""force"":[-0.3725389234716996,-1.888588996050002],""has_data"":true,""last_update_ts"":1784118826.1886592,""raw"":[16309,15534,19324]},""middle"":{""age_s"":0.009170293807983398,""channels"":3,""force"":[-0.6474966837630731,4.926983166329997],""has_data"":true,""last_update_ts"":1784118826.1886592,""raw"":[19481,18134,9931]},""pinky"":{""age_s"":0.009170293807983398,""channels"":3,""force"":[-1.0238811703157733,-0.742669236360002],""has_data"":true,""last_update_ts"":1784118826.1886592,""raw"":[17420,15290,17693]},""ring"":{""age_s"":0.009170293807983398,""channels"":3,""force"":[0.27495776029137176,0.26198795183999746],""has_data"":true,""last_update_ts"":1784118826.1886592,""raw"":[15802,16374,15616]},""thumb"":{""age_s"":0.009170293807983398,""channels"":3,""force"":[0.0,-2.220446049250313e-16],""has_data"":true,""last_update_ts"":1784118826.1886592,""raw"":[0,0,0]}}","{""ble"":{""connection_state"":""connected"",""counter"":999933,""finger_order"":""DexterController.Visualizer"",""last_error"":null,""last_sample_age_s"":0.009194779995596036,""reconnect_count"":0,""sample_hz"":20.0,""sample_sequence"":1782,""timestamp_us"":9790994464},""fingers"":{""index"":{""has_data"":true,""last_update_ts"":1784118826.1886592,""mapped"":true},""middle"":{""has_data"":true,""last_update_ts"":1784118826.1886592,""mapped"":true},""pinky"":{""has_data"":true,""last_update_ts"":1784118826.1886592,""mapped"":true},""ring"":{""has_data"":true,""last_update_ts"":1784118826.1886592,""mapped"":true},""thumb"":{""has_data"":true,""last_update_ts"":1784118826.1886592,""mapped"":true}},""ports"":{""available"":[""BLE:Dexter""],""unavailable"":[]}}"
1784118826.2479699,1784118826.2478294,1784,ble,"{""index"":{""age_s"":0.009169340133666992,""channels"":3,""force"":[-0.44512392662554134,-1.0901363080800035],""has_data"":true,""last_update_ts"":1784118826.23866,""raw"":[16848,15922,18349]},""middle"":{""age_s"":0.009169340133666992,""channels"":3,""force"":[-0.3912860434915668,3.6783774509399985],""has_data"":true,""last_update_ts"":1784118826.23866,""raw"":[18334,17520,11300]},""pinky"":{""age_s"":0.009169340133666992,""channels"":3,""force"":[-1.0291688195521473,-0.7385062922100012],""has_data"":true,""last_update_ts"":1784118826.23866,""raw"":[17425,15284,17685]},""ring"":{""age_s"":0.009169340133666992,""channels"":3,""force"":[0.2715928925954998,0.26226548145000006],""has_data"":true,""last_update_ts"":1784118826.23866,""raw"":[15808,16373,15618]},""thumb"":{""age_s"":0.009169340133666992,""channels"":3,""force"":[0.0,-2.220446049250313e-16],""has_data"":true,""last_update_ts"":1784118826.23866,""raw"":[0,0,0]}}","{""ble"":{""connection_state"":""connected"",""counter"":999938,""finger_order"":""DexterController.Visualizer"",""last_error"":null,""last_sample_age_s"":0.009194430007482879,""reconnect_count"":0,""sample_hz"":20.0,""sample_sequence"":1783,""timestamp_us"":9791041440},""fingers"":{""index"":{""has_data"":true,""last_update_ts"":1784118826.23866,""mapped"":true},""middle"":{""has_data"":true,""last_update_ts"":1784118826.23866,""mapped"":true},""pinky"":{""has_data"":true,""last_update_ts"":1784118826.23866,""mapped"":true},""ring"":{""has_data"":true,""last_update_ts"":1784118826.23866,""mapped"":true},""thumb"":{""has_data"":true,""last_update_ts"":1784118826.23866,""mapped"":true}},""ports"":{""available"":[""BLE:Dexter""],""unavailable"":[]}}"
1784118826.2979612,1784118826.2978292,1785,ble,"{""index"":{""age_s"":0.009170055389404297,""channels"":3,""force"":[-0.47492704050327816,-1.109008321560002],""has_data"":true,""last_update_ts"":1784118826.288659,""raw"":[16758,15770,18262]},""middle"":{""age_s"":0.009170055389404297,""channels"":3,""force"":[-0.059125532370348566,1.8602809758299976],""has_data"":true,""last_update_ts"":1784118826.288659,""raw"":[16756,16633,13343]},""pinky"":{""age_s"":0.009170055389404297,""channels"":3,""force"":[-1.0383020318695166,-0.7537704207600031],""has_data"":true,""last_update_ts"":1784118826.288659,""raw"":[17430,15270,17708]},""ring"":{""age_s"":0.009170055389404297,""channels"":3,""force"":[0.2768805418318703,0.2747543139000008],""has_data"":true,""last_update_ts"":1784118826.288659,""raw"":[15809,16385,15602]},""thumb"":{""age_s"":0.009170055389404297,""channels"":3,""force"":[0.0,-2.220446049250313e-16],""has_data"":true,""last_update_ts"":1784118826.288659,""raw"":[0,0,0]}}","{""ble"":{""connection_state"":""connected"",""counter"":999944,""finger_order"":""DexterController.Visualizer"",""last_error"":null,""last_sample_age_s"":0.009194750993628986,""reconnect_count"":0,""sample_hz"":20.0,""sample_sequence"":1784,""timestamp_us"":9791097856},""fingers"":{""index"":{""has_data"":true,""last_update_ts"":1784118826.288659,""mapped"":true},""middle"":{""has_data"":true,""last_update_ts"":1784118826.288659,""mapped"":true},""pinky"":{""has_data"":true,""last_update_ts"":1784118826.288659,""mapped"":true},""ring"":{""has_data"":true,""last_update_ts"":1784118826.288659,""mapped"":true},""thumb"":{""has_data"":true,""last_update_ts"":1784118826.288659,""mapped"":true}},""ports"":{""available"":[""BLE:Dexter""],""unavailable"":[]}}"
1784118826.3479605,1784118826.347829,1786,ble,"{""index"":{""age_s"":0.009177684783935547,""channels"":3,""force"":[-0.5273228374818775,-1.2597068997900012],""has_data"":true,""last_update_ts"":1784118826.3386514,""raw"":[16641,15544,18362]},""middle"":{""age_s"":0.009177684783935547,""channels"":3,""force"":[0.29034001261536346,0.5467333316999987],""has_data"":true,""last_update_ts"":1784118826.3386514,""raw"":[15477,16081,14794]},""pinky"":{""age_s"":0.009177684783935547,""channels"":3,""force"":[-1.0234004749306465,-0.7501625358299995],""has_data"":true,""last_update_ts"":1784118826.3386514,""raw"":[17416,15287,17703]},""ring"":{""age_s"":0.009177684783935547,""channels"":3,""force"":[0.29034001261536524,0.25754747807999756],""has_data"":true,""last_update_ts"":1784118826.3386514,""raw"":[15787,16391,15625]},""thumb"":{""age_s"":0.009177684783935547,""channels"":3,""force"":[0.0,-2.220446049250313e-16],""has_data"":true,""last_update_ts"":1784118826.3386514,""raw"":[0,0,0]}}","{""ble"":{""connection_state"":""connected"",""counter"":999949,""finger_order"":""DexterController.Visualizer"",""last_error"":null,""last_sample_age_s"":0.00920293599483557,""reconnect_count"":0,""sample_hz"":20.0,""sample_sequence"":1785,""timestamp_us"":9791144832},""fingers"":{""index"":{""has_data"":true,""last_update_ts"":1784118826.3386514,""mapped"":true},""middle"":{""has_data"":true,""last_update_ts"":1784118826.3386514,""mapped"":true},""pinky"":{""has_data"":true,""last_update_ts"":1784118826.3386514,""mapped"":true},""ring"":{""has_data"":true,""last_update_ts"":1784118826.3386514,""mapped"":true},""thumb"":{""has_data"":true,""last_update_ts"":1784118826.3386514,""mapped"":true}},""ports"":{""available"":[""BLE:Dexter""],""unavailable"":[]}}"
1784118826.3979485,1784118826.3978167,1787,ble,"{""index"":{""age_s"":0.0091705322265625,""channels"":3,""force"":[-0.5941394960142237,-1.2594293701800021],""has_data"":true,""last_update_ts"":1784118826.3886461,""raw"":[16562,15326,18213]},""middle"":{""age_s"":0.0091705322265625,""channels"":3,""force"":[0.38888256656594145,-0.08853194559000155],""has_data"":true,""last_update_ts"":1784118826.3886461,""raw"":[14968,15777,15532]},""pinky"":{""age_s"":0.0091705322265625,""channels"":3,""force"":[-1.027246038011647,-0.7473872397300019],""has_data"":true,""last_update_ts"":1784118826.3886461,""raw"":[17420,15283,17698]},""ring"":{""age_s"":0.0091705322265625,""channels"":3,""force"":[0.2759191510616237,0.2364552277199996],""has_data"":true,""last_update_ts"":1784118826.3886461,""raw"":[15786,16360,15647]},""thumb"":{""age_s"":0.0091705322265625,""channels"":3,""force"":[0.0,-2.220446049250313e-16],""has_data"":true,""last_update_ts"":1784118826.3886461,""raw"":[0,0,0]}}","{""ble"":{""connection_state"":""connected"",""counter"":999954,""finger_order"":""DexterController.Visualizer"",""last_error"":null,""last_sample_age_s"":0.009195892998832278,""reconnect_count"":0,""sample_hz"":20.0,""sample_sequence"":1786,""timestamp_us"":9791191744},""fingers"":{""index"":{""has_data"":true,""last_update_ts"":1784118826.3886461,""mapped"":true},""middle"":{""has_data"":true,""last_update_ts"":1784118826.3886461,""mapped"":true},""pinky"":{""has_data"":true,""last_update_ts"":1784118826.3886461,""mapped"":true},""ring"":{""has_data"":true,""last_update_ts"":1784118826.3886461,""mapped"":true},""thumb"":{""has_data"":true,""last_update_ts"":1784118826.3886461,""mapped"":true}},""ports"":{""available"":[""BLE:Dexter""],""unavailable"":[]}}"
1784118826.4479582,1784118826.44783,1788,ble,"{""index"":{""age_s"":0.009173154830932617,""channels"":3,""force"":[-0.5263614467116291,-0.9205657163700041],""has_data"":true,""last_update_ts"":1784118826.4386568,""raw"":[16820,15725,17931]},""middle"":{""age_s"":0.009173154830932617,""channels"":3,""force"":[0.219677791002022,-0.4570912676700001],""has_data"":true,""last_update_ts"":1784118826.4386568,""raw"":[14739,15196,15791]},""pinky"":{""age_s"":0.009173154830932617,""channels"":3,""force"":[-1.0291688195521456,-0.7379512329900022],""has_data"":true,""last_update_ts"":1784118826.4386568,""raw"":[17424,15283,17683]},""ring"":{""age_s"":0.009173154830932617,""channels"":3,""force"":[0.267747329514501,0.24450358640999958],""has_data"":true,""last_update_ts"":1784118826.4386568,""raw"":[15804,16361,15642]},""thumb"":{""age_s"":0.009173154830932617,""channels"":3,""force"":[0.0,-2.220446049250313e-16],""has_data"":true,""last_update_ts"":1784118826.4386568,""raw"":[0,0,0]}}","{""ble"":{""connection_state"":""connected"",""counter"":999960,""finger_order"":""DexterController.Visualizer"",""last_error"":null,""last_sample_age_s"":0.009198276995448396,""reconnect_count"":0,""sample_hz"":20.0,""sample_sequence"":1787,""timestamp_us"":9791248352},""fingers"":{""index"":{""has_data"":true,""last_update_ts"":1784118826.4386568,""mapped"":true},""middle"":{""has_data"":true,""last_update_ts"":1784118826.4386568,""mapped"":true},""pinky"":{""has_data"":true,""last_update_ts"":1784118826.4386568,""mapped"":true},""ring"":{""has_data"":true,""last_update_ts"":1784118826.4386568,""mapped"":true},""thumb"":{""has_data"":true,""last_update_ts"":1784118826.4386568,""mapped"":true}},""ports"":{""available"":[""BLE:Dexter""],""unavailable"":[]}}"
1784118826.497994,1784118826.4978793,1789,ble,"{""index"":{""age_s"":0.009199380874633789,""channels"":3,""force"":[-0.3658091880799539,-0.7901267996700021],""has_data"":true,""last_update_ts"":1784118826.48868,""raw"":[16848,16087,17891]},""middle"":{""age_s"":0.009199380874633789,""channels"":3,""force"":[-0.09277420932908065,-0.13182656475000343],""has_data"":true,""last_update_ts"":1784118826.48868,""raw"":[15577,15384,15718]},""pinky"":{""age_s"":0.009199380874633789,""channels"":3,""force"":[-1.0277267333967703,-0.7559906576400026],""has_data"":true,""last_update_ts"":1784118826.48868,""raw"":[17411,15273,17704]},""ring"":{""age_s"":0.009199380874633789,""channels"":3,""force"":[0.28216819106824254,0.22840686902999963],""has_data"":true,""last_update_ts"":1784118826.48868,""raw"":[15781,16368,15663]},""thumb"":{""age_s"":0.009199380874633789,""channels"":3,""force"":[0.0,-2.220446049250313e-16],""has_data"":true,""last_update_ts"":1784118826.48868,""raw"":[0,0,0]}}","{""ble"":{""connection_state"":""connected"",""counter"":999965,""finger_order"":""DexterController.Visualizer"",""last_error"":null,""last_sample_age_s"":0.009224648994859308,""reconnect_count"":0,""sample_hz"":20.0,""sample_sequence"":1788,""timestamp_us"":9791295360},""fingers"":{""index"":{""has_data"":true,""last_update_ts"":1784118826.48868,""mapped"":true},""middle"":{""has_data"":true,""last_update_ts"":1784118826.48868,""mapped"":true},""pinky"":{""has_data"":true,""last_update_ts"":1784118826.48868,""mapped"":true},""ring"":{""has_data"":true,""last_update_ts"":1784118826.48868,""mapped"":true},""thumb"":{""has_data"":true,""last_update_ts"":1784118826.48868,""mapped"":true}},""ports"":{""available"":[""BLE:Dexter""],""unavailable"":[]}}"
1784118826.5479467,1784118826.5478318,1790,ble,"{""index"":{""age_s"":0.009171724319458008,""channels"":3,""force"":[-0.40089995119406296,-0.7182466306800013],""has_data"":true,""last_update_ts"":1784118826.53866,""raw"":[17003,16169,17880]},""middle"":{""age_s"":0.009171724319458008,""channels"":3,""force"":[0.006729735391747482,-0.09824548194000116],""has_data"":true,""last_update_ts"":1784118826.53866,""raw"":[15697,15711,15881]},""pinky"":{""age_s"":0.009171724319458008,""channels"":3,""force"":[-1.0185935210794028,-0.7290702854700015],""has_data"":true,""last_update_ts"":1784118826.53866,""raw"":[17425,15306,17679]},""ring"":{""age_s"":0.009171724319458008,""channels"":3,""force"":[0.26486315720375053,0.29334879776999845],""has_data"":true,""last_update_ts"":1784118826.53866,""raw"":[15837,16388,15584]},""thumb"":{""age_s"":0.009171724319458008,""channels"":3,""force"":[0.0,-2.220446049250313e-16],""has_data"":true,""last_update_ts"":1784118826.53866,""raw"":[0,0,0]}}","{""ble"":{""connection_state"":""connected"",""counter"":999970,""finger_order"":""DexterController.Visualizer"",""last_error"":null,""last_sample_age_s"":0.009196744998916984,""reconnect_count"":0,""sample_hz"":20.0,""sample_sequence"":1789,""timestamp_us"":9791342336},""fingers"":{""index"":{""has_data"":true,""last_update_ts"":1784118826.53866,""mapped"":true},""middle"":{""has_data"":true,""last_update_ts"":1784118826.53866,""mapped"":true},""pinky"":{""has_data"":true,""last_update_ts"":1784118826.53866,""mapped"":true},""ring"":{""has_data"":true,""last_update_ts"":1784118826.53866,""mapped"":true},""thumb"":{""has_data"":true,""last_update_ts"":1784118826.53866,""mapped"":true}},""ports"":{""available"":[""BLE:Dexter""],""unavailable"":[]}}"
1784118826.5979543,1784118826.5978312,1791,ble,"{""index"":{""age_s"":0.009175539016723633,""channels"":3,""force"":[-0.4066682958155621,-0.7604311314000007],""has_data"":true,""last_update_ts"":1784118826.5886557,""raw"":[16981,16135,17928]},""middle"":{""age_s"":0.009175539016723633,""channels"":3,""force"":[-0.00769112616199763,-0.04384967838000087],""has_data"":true,""last_update_ts"":1784118826.5886557,""raw"":[15744,15728,15815]},""pinky"":{""age_s"":0.009175539016723633,""channels"":3,""force"":[-1.0277267333967703,-0.7237972228800009],""has_data"":true,""last_update_ts"":1784118826.5886557,""raw"":[17442,15304,17677]},""ring"":{""age_s"":0.009175539016723633,""channels"":3,""force"":[0.27159289259549624,0.2594901853499971],""has_data"":true,""last_update_ts"":1784118826.5886557,""raw"":[15809,16374,15624]},""thumb"":{""age_s"":0.009175539016723633,""channels"":3,""force"":[0.0,-2.220446049250313e-16],""has_data"":true,""last_update_ts"":1784118826.5886557,""raw"":[0,0,0]}}","{""ble"":{""connection_state"":""connected"",""counter"":999976,""finger_order"":""DexterController.Visualizer"",""last_error"":null,""last_sample_age_s"":0.009201142995152622,""reconnect_count"":0,""sample_hz"":20.0,""sample_sequence"":1790,""timestamp_us"":9791398784},""fingers"":{""index"":{""has_data"":true,""last_update_ts"":1784118826.5886557,""mapped"":true},""middle"":{""has_data"":true,""last_update_ts"":1784118826.5886557,""mapped"":true},""pinky"":{""has_data"":true,""last_update_ts"":1784118826.5886557,""mapped"":true},""ring"":{""has_data"":true,""last_update_ts"":1784118826.5886557,""mapped"":true},""thumb"":{""has_data"":true,""last_update_ts"":1784118826.5886557,""mapped"":true}},""ports"":{""available"":[""BLE:Dexter""],""unavailable"":[]}}"
1784118826.647961,1784118826.6478322,1792,ble,"{""index"":{""age_s"":0.009221553802490234,""channels"":3,""force"":[-0.3980157788833125,-0.7454445324600005],""has_data"":true,""last_update_ts"":1784118826.6386106,""raw"":[16971,16143,17900]},""middle"":{""age_s"":0.009221553802490234,""channels"":3,""force"":[-0.02547685541161293,-0.051898037070000846],""has_data"":true,""last_update_ts"":1784118826.6386106,""raw"":[15760,15707,15827]},""pinky"":{""age_s"":0.009221553802490234,""channels"":3,""force"":[-1.0508001118827597,-0.7687570197000015],""has_data"":true,""last_update_ts"":1784118826.6386106,""raw"":[17424,15238,17716]},""ring"":{""age_s"":0.009221553802490234,""channels"":3,""force"":[0.26678593874424905,0.26337559988999626],""has_data"":true,""last_update_ts"":1784118826.6386106,""raw"":[15816,16371,15619]},""thumb"":{""age_s"":0.009221553802490234,""channels"":3,""force"":[0.0,-2.220446049250313e-16],""has_data"":true,""last_update_ts"":1784118826.6386106,""raw"":[0,0,0]}}","{""ble"":{""connection_state"":""connected"",""counter"":999981,""finger_order"":""DexterController.Visualizer"",""last_error"":null,""last_sample_age_s"":0.00924705300712958,""reconnect_count"":0,""sample_hz"":20.0,""sample_sequence"":1791,""timestamp_us"":9791445792},""fingers"":{""index"":{""has_data"":true,""last_update_ts"":1784118826.6386106,""mapped"":true},""middle"":{""has_data"":true,""last_update_ts"":1784118826.6386106,""mapped"":true},""pinky"":{""has_data"":true,""last_update_ts"":1784118826.6386106,""mapped"":true},""ring"":{""has_data"":true,""last_update_ts"":1784118826.6386106,""mapped"":true},""thumb"":{""has_data"":true,""last_update_ts"":1784118826.6386106,""mapped"":true}},""ports"":{""available"":[""BLE:Dexter""],""unavailable"":[]}}"
1784118826.697963,1784118826.6978314,1793,ble,"{""index"":{""age_s"":0.009189844131469727,""channels"":3,""force"":[-0.3936895204171904,-0.7651491347700032],""has_data"":true,""last_update_ts"":1784118826.6886415,""raw"":[16962,16143,17931]},""middle"":{""age_s"":0.009189844131469727,""channels"":3,""force"":[-0.011536689242994669,-0.026642842559998492],""has_data"":true,""last_update_ts"":1784118826.6886415,""raw"":[15759,15735,15795]},""pinky"":{""age_s"":0.009189844131469727,""channels"":3,""force"":[-1.0243618657008984,-0.7540479503700013],""has_data"":true,""last_update_ts"":1784118826.6886415,""raw"":[17421,15290,17714]},""ring"":{""age_s"":0.009189844131469727,""channels"":3,""force"":[0.2812068002979924,0.2489440601699977],""has_data"":true,""last_update_ts"":1784118826.6886415,""raw"":[15786,16371,15630]},""thumb"":{""age_s"":0.009189844131469727,""channels"":3,""force"":[0.0,-2.220446049250313e-16],""has_data"":true,""last_update_ts"":1784118826.6886415,""raw"":[0,0,0]}}","{""ble"":{""connection_state"":""connected"",""counter"":999986,""finger_order"":""DexterController.Visualizer"",""last_error"":null,""last_sample_age_s"":0.009214809993864037,""reconnect_count"":0,""sample_hz"":20.0,""sample_sequence"":1792,""timestamp_us"":9791492768},""fingers"":{""index"":{""has_data"":true,""last_update_ts"":1784118826.6886415,""mapped"":true},""middle"":{""has_data"":true,""last_update_ts"":1784118826.6886415,""mapped"":true},""pinky"":{""has_data"":true,""last_update_ts"":1784118826.6886415,""mapped"":true},""ring"":{""has_data"":true,""last_update_ts"":1784118826.6886415,""mapped"":true},""thumb"":{""has_data"":true,""last_update_ts"":1784118826.6886415,""mapped"":true}},""ports"":{""available"":[""BLE:Dexter""],""unavailable"":[]}}"
1784118826.7479572,1784118826.7478313,1794,ble,"{""index"":{""age_s"":0.009189844131469727,""channels"":3,""force"":[-0.4133980312073078,-0.7698671381400022],""has_data"":true,""last_update_ts"":1784118826.7386415,""raw"":[16978,16118,17935]},""middle"":{""age_s"":0.009189844131469727,""channels"":3,""force"":[-0.02595755079673978,-0.04384967837999998],""has_data"":true,""last_update_ts"":1784118826.7386415,""raw"":[15768,15714,15820]},""pinky"":{""age_s"":0.009189844131469727,""channels"":3,""force"":[-1.0363792503290146,-0.7276826374200027],""has_data"":true,""last_update_ts"":1784118826.7386415,""raw"":[17448,15292,17681]},""ring"":{""age_s"":0.009189844131469727,""channels"":3,""force"":[0.2754384556764933,0.25060923782999645],""has_data"":true,""last_update_ts"":1784118826.7386415,""raw"":[15798,16371,15633]},""thumb"":{""age_s"":0.009189844131469727,""channels"":3,""force"":[0.0,-2.220446049250313e-16],""has_data"":true,""last_update_ts"":1784118826.7386415,""raw"":[0,0,0]}}","{""ble"":{""connection_state"":""connected"",""counter"":999991,""finger_order"":""DexterController.Visualizer"",""last_error"":null,""last_sample_age_s"":0.009214940000674687,""reconnect_count"":0,""sample_hz"":20.0,""sample_sequence"":1793,""timestamp_us"":9791539744},""fingers"":{""index"":{""has_data"":true,""last_update_ts"":1784118826.7386415,""mapped"":true},""middle"":{""has_data"":true,""last_update_ts"":1784118826.7386415,""mapped"":true},""pinky"":{""has_data"":true,""last_update_ts"":1784118826.7386415,""mapped"":true},""ring"":{""has_data"":true,""last_update_ts"":1784118826.7386415,""mapped"":true},""thumb"":{""has_data"":true,""last_update_ts"":1784118826.7386415,""mapped"":true}},""ports"":{""available"":[""BLE:Dexter""],""unavailable"":[]}}"
1784118826.7979589,1784118826.7978315,1795,ble,"{""index"":{""age_s"":0.009190082550048828,""channels"":3,""force"":[-0.4028227327345597,-0.781523381760004],""has_data"":true,""last_update_ts"":1784118826.7886415,""raw"":[16959,16121,17948]},""middle"":{""age_s"":0.009190082550048828,""channels"":3,""force"":[-0.028361027722361598,-0.04745756331000006],""has_data"":true,""last_update_ts"":1784118826.7886415,""raw"":[15761,15702,15817]},""pinky"":{""age_s"":0.009190082550048828,""channels"":3,""force"":[-1.0123444810727769,-0.7648716051600024],""has_data"":true,""last_update_ts"":1784118826.7886415,""raw"":[17397,15291,17722]},""ring"":{""age_s"":0.009190082550048828,""channels"":3,""force"":[0.286013754149236,0.2339574612299984],""has_data"":true,""last_update_ts"":1784118826.7886415,""raw"":[15776,16371,15652]},""thumb"":{""age_s"":0.009190082550048828,""channels"":3,""force"":[0.0,-2.220446049250313e-16],""has_data"":true,""last_update_ts"":1784118826.7886415,""raw"":[0,0,0]}}","{""ble"":{""connection_state"":""connected"",""counter"":999997,""finger_order"":""DexterController.Visualizer"",""last_error"":null,""last_sample_age_s"":0.009215230995323509,""reconnect_count"":0,""sample_hz"":20.0,""sample_sequence"":1794,""timestamp_us"":9791596224},""fingers"":{""index"":{""has_data"":true,""last_update_ts"":1784118826.7886415,""mapped"":true},""middle"":{""has_data"":true,""last_update_ts"":1784118826.7886415,""mapped"":true},""pinky"":{""has_data"":true,""last_update_ts"":1784118826.7886415,""mapped"":true},""ring"":{""has_data"":true,""last_update_ts"":1784118826.7886415,""mapped"":true},""thumb"":{""has_data"":true,""last_update_ts"":1784118826.7886415,""mapped"":true}},""ports"":{""available"":[""BLE:Dexter""],""unavailable"":[]}}"
1784118826.8479583,1784118826.8478315,1796,ble,"{""index"":{""age_s"":0.009189844131469727,""channels"":3,""force"":[-0.4109945542816842,-0.7668143124300011],""has_data"":true,""last_update_ts"":1784118826.8386416,""raw"":[16975,16120,17929]},""middle"":{""age_s"":0.009189844131469727,""channels"":3,""force"":[-0.021631292330615892,-0.04967780019000223],""has_data"":true,""last_update_ts"":1784118826.8386416,""raw"":[15763,15718,15830]},""pinky"":{""age_s"":0.009189844131469727,""channels"":3,""force"":[-1.038302031869513,-0.7448894732400024],""has_data"":true,""last_update_ts"":1784118826.8386416,""raw"":[17435,15275,17697]},""ring"":{""age_s"":0.009189844131469727,""channels"":3,""force"":[0.2691894156698744,0.2497766489999993],""has_data"":true,""last_update_ts"":1784118826.8386416,""raw"":[15802,16362,15632]},""thumb"":{""age_s"":0.009189844131469727,""channels"":3,""force"":[0.0,-2.220446049250313e-16],""has_data"":true,""last_update_ts"":1784118826.8386416,""raw"":[0,0,0]}}","{""ble"":{""connection_state"":""connected"",""counter"":1000002,""finger_order"":""DexterController.Visualizer"",""last_error"":null,""last_sample_age_s"":0.009215301004587673,""reconnect_count"":0,""sample_hz"":20.0,""sample_sequence"":1795,""timestamp_us"":9791643360},""fingers"":{""index"":{""has_data"":true,""last_update_ts"":1784118826.8386416,""mapped"":true},""middle"":{""has_data"":true,""last_update_ts"":1784118826.8386416,""mapped"":true},""pinky"":{""has_data"":true,""last_update_ts"":1784118826.8386416,""mapped"":true},""ring"":{""has_data"":true,""last_update_ts"":1784118826.8386416,""mapped"":true},""thumb"":{""has_data"":true,""last_update_ts"":1784118826.8386416,""mapped"":true}},""ports"":{""available"":[""BLE:Dexter""],""unavailable"":[]}}"
1784118826.8979397,1784118826.8978286,1797,ble,"{""index"":{""age_s"":0.009187459945678711,""channels"":3,""force"":[-0.4023420373494382,-0.7529378319300015],""has_data"":true,""last_update_ts"":1784118826.888641,""raw"":[16977,16140,17915]},""middle"":{""age_s"":0.009187459945678711,""channels"":3,""force"":[-0.021150596945492595,-0.03108331632000194],""has_data"":true,""last_update_ts"":1784118826.888641,""raw"":[15768,15724,15802]},""pinky"":{""age_s"":0.009187459945678711,""channels"":3,""force"":[-1.0267653426265237,-0.7504400654400012],""has_data"":true,""last_update_ts"":1784118826.888641,""raw"":[17425,15289,17709]},""ring"":{""age_s"":0.009187459945678711,""channels"":3,""force"":[0.2706315018252514,0.25171935626999886],""has_data"":true,""last_update_ts"":1784118826.888641,""raw"":[15807,16370,15635]},""thumb"":{""age_s"":0.009187459945678711,""channels"":3,""force"":[0.0,-2.220446049250313e-16],""has_data"":true,""last_update_ts"":1784118826.888641,""raw"":[0,0,0]}}","{""ble"":{""connection_state"":""connected"",""counter"":1000007,""finger_order"":""DexterController.Visualizer"",""last_error"":null,""last_sample_age_s"":0.009207735987729393,""reconnect_count"":0,""sample_hz"":20.0,""sample_sequence"":1796,""timestamp_us"":9791690432},""fingers"":{""index"":{""has_data"":true,""last_update_ts"":1784118826.888641,""mapped"":true},""middle"":{""has_data"":true,""last_update_ts"":1784118826.888641,""mapped"":true},""pinky"":{""has_data"":true,""last_update_ts"":1784118826.888641,""mapped"":true},""ring"":{""has_data"":true,""last_update_ts"":1784118826.888641,""mapped"":true},""thumb"":{""has_data"":true,""last_update_ts"":1784118826.888641,""mapped"":true}},""ports"":{""available"":[""BLE:Dexter""],""unavailable"":[]}}"
1784118826.947947,1784118826.94783,1798,ble,"{""index"":{""age_s"":0.009189128875732422,""channels"":3,""force"":[-0.37734587732295033,-0.7357309961100018],""has_data"":true,""last_update_ts"":1784118826.9386408,""raw"":[16932,16147,17865]},""middle"":{""age_s"":0.009189128875732422,""channels"":3,""force"":[-0.023073378485989338,0.052175566679996344],""has_data"":true,""last_update_ts"":1784118826.9386408,""raw"":[15697,15649,15579]},""pinky"":{""age_s"":0.009189128875732422,""channels"":3,""force"":[1.0729120995985006,0.28419032063999783],""has_data"":true,""last_update_ts"":1784118826.9386408,""raw"":[16808,19040,17412]},""ring"":{""age_s"":0.009189128875732422,""channels"":3,""force"":[0.35811806191795803,0.6219438560099979],""has_data"":true,""last_update_ts"":1784118826.9386408,""raw"":[15713,16458,14965]},""thumb"":{""age_s"":0.009189128875732422,""channels"":3,""force"":[0.0,-2.220446049250313e-16],""has_data"":true,""last_update_ts"":1784118826.9386408,""raw"":[0,0,0]}}","{""ble"":{""connection_state"":""connected"",""counter"":1000013,""finger_order"":""DexterController.Visualizer"",""last_error"":null,""last_sample_age_s"":0.00921394799661357,""reconnect_count"":0,""sample_hz"":20.0,""sample_sequence"":1797,""timestamp_us"":9791746912},""fingers"":{""index"":{""has_data"":true,""last_update_ts"":1784118826.9386408,""mapped"":true},""middle"":{""has_data"":true,""last_update_ts"":1784118826.9386408,""mapped"":true},""pinky"":{""has_data"":true,""last_update_ts"":1784118826.9386408,""mapped"":true},""ring"":{""has_data"":true,""last_update_ts"":1784118826.9386408,""mapped"":true},""thumb"":{""has_data"":true,""last_update_ts"":1784118826.9386408,""mapped"":true}},""ports"":{""available"":[""BLE:Dexter""],""unavailable"":[]}}"
1784118826.9979494,1784118826.9978297,1799,ble,"{""index"":{""age_s"":0.009186744689941406,""channels"":3,""force"":[-0.40811038197093374,-0.7723649046300016],""has_data"":true,""last_update_ts"":1784118826.988643,""raw"":[16963,16114,17930]},""middle"":{""age_s"":0.009186744689941406,""channels"":3,""force"":[-0.017785729249617077,-0.04190697111000219],""has_data"":true,""last_update_ts"":1784118826.988643,""raw"":[15766,15729,15823]},""pinky"":{""age_s"":0.009186744689941406,""channels"":3,""force"":[-1.0176321303091491,-0.74405688441],""has_data"":true,""last_update_ts"":1784118826.988643,""raw"":[17414,15297,17696]},""ring"":{""age_s"":0.009186744689941406,""channels"":3,""force"":[0.27928401875749387,0.2578250076899993],""has_data"":true,""last_update_ts"":1784118826.988643,""raw"":[15797,16378,15623]},""thumb"":{""age_s"":0.009186744689941406,""channels"":3,""force"":[0.0,-2.220446049250313e-16],""has_data"":true,""last_update_ts"":1784118826.988643,""raw"":[0,0,0]}}","{""ble"":{""connection_state"":""connected"",""counter"":1000018,""finger_order"":""DexterController.Visualizer"",""last_error"":null,""last_sample_age_s"":0.00921240501338616,""reconnect_count"":0,""sample_hz"":20.0,""sample_sequence"":1798,""timestamp_us"":9791794016},""fingers"":{""index"":{""has_data"":true,""last_update_ts"":1784118826.988643,""mapped"":true},""middle"":{""has_data"":true,""last_update_ts"":1784118826.988643,""mapped"":true},""pinky"":{""has_data"":true,""last_update_ts"":1784118826.988643,""mapped"":true},""ring"":{""has_data"":true,""last_update_ts"":1784118826.988643,""mapped"":true},""thumb"":{""has_data"":true,""last_update_ts"":1784118826.988643,""mapped"":true}},""ports"":{""available"":[""BLE:Dexter""],""unavailable"":[]}}"
1784118827.0479634,1784118827.0478294,1800,ble,"{""index"":{""age_s"":0.009186983108520508,""channels"":3,""force"":[-0.3965736927279373,-0.7623738386700021],""has_data"":true,""last_update_ts"":1784118827.0386424,""raw"":[16967,16142,17928]},""middle"":{""age_s"":0.009186983108520508,""channels"":3,""force"":[-0.01634364309424363,-0.042184500720003903],""has_data"":true,""last_update_ts"":1784118827.0386424,""raw"":[15755,15721,15814]},""pinky"":{""age_s"":0.009186983108520508,""channels"":3,""force"":[-1.0224390841603963,-0.7473872397300036],""has_data"":true,""last_update_ts"":1784118827.0386424,""raw"":[17418,15291,17701]},""ring"":{""age_s"":0.009186983108520508,""channels"":3,""force"":[0.27736123721699535,0.2528294747099986],""has_data"":true,""last_update_ts"":1784118827.0386424,""raw"":[15792,16369,15625]},""thumb"":{""age_s"":0.009186983108520508,""channels"":3,""force"":[0.0,-2.220446049250313e-16],""has_data"":true,""last_update_ts"":1784118827.0386424,""raw"":[0,0,0]}}","{""ble"":{""connection_state"":""connected"",""counter"":1000023,""finger_order"":""DexterController.Visualizer"",""last_error"":null,""last_sample_age_s"":0.009213366996846162,""reconnect_count"":0,""sample_hz"":20.0,""sample_sequence"":1799,""timestamp_us"":9791840992},""fingers"":{""index"":{""has_data"":true,""last_update_ts"":1784118827.0386424,""mapped"":true},""middle"":{""has_data"":true,""last_update_ts"":1784118827.0386424,""mapped"":true},""pinky"":{""has_data"":true,""last_update_ts"":1784118827.0386424,""mapped"":true},""ring"":{""has_data"":true,""last_update_ts"":1784118827.0386424,""mapped"":true},""thumb"":{""has_data"":true,""last_update_ts"":1784118827.0386424,""mapped"":true}},""ports"":{""available"":[""BLE:Dexter""],""unavailable"":[]}}"
1784118827.0979543,1784118827.0978262,1801,ble,"{""index"":{""age_s"":0.00916910171508789,""channels"":3,""force"":[-0.40234203734943996,-0.7712547861900019],""has_data"":true,""last_update_ts"":1784118827.0886571,""raw"":[16961,16124,17932]},""middle"":{""age_s"":0.00916910171508789,""channels"":3,""force"":[-0.024034769256239485,-0.04162944150000136],""has_data"":true,""last_update_ts"":1784118827.0886571,""raw"":[15766,15716,15816]},""pinky"":{""age_s"":0.00916910171508789,""channels"":3,""force"":[-1.0258039518562718,-0.7337882888400022],""has_data"":true,""last_update_ts"":1784118827.0886571,""raw"":[17428,15294,17683]},""ring"":{""age_s"":0.00916910171508789,""channels"":3,""force"":[0.2860137541492431,0.2694812513100002],""has_data"":true,""last_update_ts"":1784118827.0886571,""raw"":[15802,16397,15614]},""thumb"":{""age_s"":0.00916910171508789,""channels"":3,""force"":[0.0,-2.220446049250313e-16],""has_data"":true,""last_update_ts"":1784118827.0886571,""raw"":[0,0,0]}}","{""ble"":{""connection_state"":""connected"",""counter"":1000029,""finger_order"":""DexterController.Visualizer"",""last_error"":null,""last_sample_age_s"":0.009189219010295346,""reconnect_count"":0,""sample_hz"":20.0,""sample_sequence"":1800,""timestamp_us"":9791897504},""fingers"":{""index"":{""has_data"":true,""last_update_ts"":1784118827.0886571,""mapped"":true},""middle"":{""has_data"":true,""last_update_ts"":1784118827.0886571,""mapped"":true},""pinky"":{""has_data"":true,""last_update_ts"":1784118827.0886571,""mapped"":true},""ring"":{""has_data"":true,""last_update_ts"":1784118827.0886571,""mapped"":true},""thumb"":{""has_data"":true,""last_update_ts"":1784118827.0886571,""mapped"":true}},""ports"":{""available"":[""BLE:Dexter""],""unavailable"":[]}}"
1784118827.1479738,1784118827.1478295,1802,ble,"{""index"":{""age_s"":0.009172916412353516,""channels"":3,""force"":[-0.40138064657918626,-0.7568232464700015],""has_data"":true,""last_update_ts"":1784118827.1386566,""raw"":[16973,16138,17919]},""middle"":{""age_s"":0.009172916412353516,""channels"":3,""force"":[-0.020669901560363968,-0.031915905150001755],""has_data"":true,""last_update_ts"":1784118827.1386566,""raw"":[15770,15727,15806]},""pinky"":{""age_s"":0.009172916412353516,""channels"":3,""force"":[-1.0238811703157698,-0.7465546509000021],""has_data"":true,""last_update_ts"":1784118827.1386566,""raw"":[17418,15288,17698]},""ring"":{""age_s"":0.009172916412353516,""channels"":3,""force"":[0.27063150182524964,0.2539395931499966],""has_data"":true,""last_update_ts"":1784118827.1386566,""raw"":[15803,16366,15627]},""thumb"":{""age_s"":0.009172916412353516,""channels"":3,""force"":[0.0,-2.220446049250313e-16],""has_data"":true,""last_update_ts"":1784118827.1386566,""raw"":[0,0,0]}}","{""ble"":{""connection_state"":""connected"",""counter"":1000034,""finger_order"":""DexterController.Visualizer"",""last_error"":null,""last_sample_age_s"":0.00919839799462352,""reconnect_count"":0,""sample_hz"":20.0,""sample_sequence"":1801,""timestamp_us"":9791944448},""fingers"":{""index"":{""has_data"":true,""last_update_ts"":1784118827.1386566,""mapped"":true},""middle"":{""has_data"":true,""last_update_ts"":1784118827.1386566,""mapped"":true},""pinky"":{""has_data"":true,""last_update_ts"":1784118827.1386566,""mapped"":true},""ring"":{""has_data"":true,""last_update_ts"":1784118827.1386566,""mapped"":true},""thumb"":{""has_data"":true,""last_update_ts"":1784118827.1386566,""mapped"":true}},""ports"":{""available"":[""BLE:Dexter""],""unavailable"":[]}}"
1784118827.197958,1784118827.1978137,1803,ble,"{""index"":{""age_s"":0.009155511856079102,""channels"":3,""force"":[-0.39945786503868774,-0.7595985425699991],""has_data"":true,""last_update_ts"":1784118827.1886582,""raw"":[16969,16138,17922]},""middle"":{""age_s"":0.009155511856079102,""channels"":3,""force"":[-0.019227815404990523,-0.03940920462000186],""has_data"":true,""last_update_ts"":1784118827.1886582,""raw"":[15763,15723,15814]},""pinky"":{""age_s"":0.009155511856079102,""channels"":3,""force"":[-1.0229197795455214,-0.7437793548000009],""has_data"":true,""last_update_ts"":1784118827.1886582,""raw"":[17418,15290,17694]},""ring"":{""age_s"":0.009155511856079102,""channels"":3,""force"":[0.2773612372169936,0.2494991193899967],""has_data"":true,""last_update_ts"":1784118827.1886582,""raw"":[15794,16371,15633]},""thumb"":{""age_s"":0.009155511856079102,""channels"":3,""force"":[0.0,-2.220446049250313e-16],""has_data"":true,""last_update_ts"":1784118827.1886582,""raw"":[0,0,0]}}","{""ble"":{""connection_state"":""connected"",""counter"":1000039,""finger_order"":""DexterController.Visualizer"",""last_error"":null,""last_sample_age_s"":0.009180362001643516,""reconnect_count"":0,""sample_hz"":20.0,""sample_sequence"":1802,""timestamp_us"":9791991424},""fingers"":{""index"":{""has_data"":true,""last_update_ts"":1784118827.1886582,""mapped"":true},""middle"":{""has_data"":true,""last_update_ts"":1784118827.1886582,""mapped"":true},""pinky"":{""has_data"":true,""last_update_ts"":1784118827.1886582,""mapped"":true},""ring"":{""has_data"":true,""last_update_ts"":1784118827.1886582,""mapped"":true},""thumb"":{""has_data"":true,""last_update_ts"":1784118827.1886582,""mapped"":true}},""ports"":{""available"":[""BLE:Dexter""],""unavailable"":[]}}"
1784118827.2480373,1784118827.2478254,1804,ble,"{""index"":{""age_s"":0.009150266647338867,""channels"":3,""force"":[-0.3989771696535609,-0.7576558353000005],""has_data"":true,""last_update_ts"":1784118827.238675,""raw"":[16968,16138,17918]},""middle"":{""age_s"":0.009150266647338867,""channels"":3,""force"":[-0.016343643094241855,-0.03330355320000056],""has_data"":true,""last_update_ts"":1784118827.238675,""raw"":[15760,15726,15803]},""pinky"":{""age_s"":0.009150266647338867,""channels"":3,""force"":[-1.0190742164645261,-0.7426692363599994],""has_data"":true,""last_update_ts"":1784118827.238675,""raw"":[17417,15297,17695]},""ring"":{""age_s"":0.009150266647338867,""channels"":3,""force"":[0.27255428336574816,0.2533845339299976],""has_data"":true,""last_update_ts"":1784118827.238675,""raw"":[15802,16369,15629]},""thumb"":{""age_s"":0.009150266647338867,""channels"":3,""force"":[0.0,-2.220446049250313e-16],""has_data"":true,""last_update_ts"":1784118827.238675,""raw"":[0,0,0]}}","{""ble"":{""connection_state"":""connected"",""counter"":1000045,""finger_order"":""DexterController.Visualizer"",""last_error"":null,""last_sample_age_s"":0.009181835994240828,""reconnect_count"":0,""sample_hz"":20.0,""sample_sequence"":1803,""timestamp_us"":9792047808},""fingers"":{""index"":{""has_data"":true,""last_update_ts"":1784118827.238675,""mapped"":true},""middle"":{""has_data"":true,""last_update_ts"":1784118827.238675,""mapped"":true},""pinky"":{""has_data"":true,""last_update_ts"":1784118827.238675,""mapped"":true},""ring"":{""has_data"":true,""last_update_ts"":1784118827.238675,""mapped"":true},""thumb"":{""has_data"":true,""last_update_ts"":1784118827.238675,""mapped"":true}},""ports"":{""available"":[""BLE:Dexter""],""unavailable"":[]}}"
1784118827.2979727,1784118827.2978292,1805,ble,"{""index"":{""age_s"":0.0091705322265625,""channels"":3,""force"":[-0.4028227327345615,-0.7726424342400033],""has_data"":true,""last_update_ts"":1784118827.2886586,""raw"":[16967,16129,17940]},""middle"":{""age_s"":0.0091705322265625,""channels"":3,""force"":[-0.019708510790115596,-0.04190697111000041],""has_data"":true,""last_update_ts"":1784118827.2886586,""raw"":[15761,15720,15816]},""pinky"":{""age_s"":0.0091705322265625,""channels"":3,""force"":[-1.0301302103223957,-0.7418366475299996],""has_data"":true,""last_update_ts"":1784118827.2886586,""raw"":[17429,15286,17694]},""ring"":{""age_s"":0.0091705322265625,""channels"":3,""force"":[0.28216819106824254,0.2661508959899992],""has_data"":true,""last_update_ts"":1784118827.2886586,""raw"":[15804,16391,15618]},""thumb"":{""age_s"":0.0091705322265625,""channels"":3,""force"":[0.0,-2.220446049250313e-16],""has_data"":true,""last_update_ts"":1784118827.2886586,""raw"":[0,0,0]}}","{""ble"":{""connection_state"":""connected"",""counter"":1000050,""finger_order"":""DexterController.Visualizer"",""last_error"":null,""last_sample_age_s"":0.00919572199927643,""reconnect_count"":0,""sample_hz"":20.0,""sample_sequence"":1804,""timestamp_us"":9792094688},""fingers"":{""index"":{""has_data"":true,""last_update_ts"":1784118827.2886586,""mapped"":true},""middle"":{""has_data"":true,""last_update_ts"":1784118827.2886586,""mapped"":true},""pinky"":{""has_data"":true,""last_update_ts"":1784118827.2886586,""mapped"":true},""ring"":{""has_data"":true,""last_update_ts"":1784118827.2886586,""mapped"":true},""thumb"":{""has_data"":true,""last_update_ts"":1784118827.2886586,""mapped"":true}},""ports"":{""available"":[""BLE:Dexter""],""unavailable"":[]}}"
1784118827.3479564,1784118827.3478239,1806,ble,"{""index"":{""age_s"":0.009165048599243164,""channels"":3,""force"":[-0.3984964742684376,-0.7657041939900022],""has_data"":true,""last_update_ts"":1784118827.3386588,""raw"":[16963,16134,17928]},""middle"":{""age_s"":0.009165048599243164,""channels"":3,""force"":[-0.018266424634740375,-0.03996426384000262],""has_data"":true,""last_update_ts"":1784118827.3386588,""raw"":[15760,15722,15813]},""pinky"":{""age_s"":0.009165048599243164,""channels"":3,""force"":[-1.0267653426265202,-0.7415591179200005],""has_data"":true,""last_update_ts"":1784118827.3386588,""raw"":[17424,15288,17692]},""ring"":{""age_s"":0.009165048599243164,""channels"":3,""force"":[0.277841932602124,0.25366206353999665],""has_data"":true,""last_update_ts"":1784118827.3386588,""raw"":[15795,16373,15627]},""thumb"":{""age_s"":0.009165048599243164,""channels"":3,""force"":[0.0,-2.220446049250313e-16],""has_data"":true,""last_update_ts"":1784118827.3386588,""raw"":[0,0,0]}}","{""ble"":{""connection_state"":""connected"",""counter"":1000055,""finger_order"":""DexterController.Visualizer"",""last_error"":null,""last_sample_age_s"":0.009190162003505975,""reconnect_count"":0,""sample_hz"":20.0,""sample_sequence"":1805,""timestamp_us"":9792141536},""fingers"":{""index"":{""has_data"":true,""last_update_ts"":1784118827.3386588,""mapped"":true},""middle"":{""has_data"":true,""last_update_ts"":1784118827.3386588,""mapped"":true},""pinky"":{""has_data"":true,""last_update_ts"":1784118827.3386588,""mapped"":true},""ring"":{""has_data"":true,""last_update_ts"":1784118827.3386588,""mapped"":true},""thumb"":{""has_data"":true,""last_update_ts"":1784118827.3386588,""mapped"":true}},""ports"":{""available"":[""BLE:Dexter""],""unavailable"":[]}}"
1784118827.398044,1784118827.3978279,1807,ble,"{""index"":{""age_s"":0.009173154830932617,""channels"":3,""force"":[-0.40282273273456326,-0.7726424342400042],""has_data"":true,""last_update_ts"":1784118827.3886547,""raw"":[16970,16132,17943]},""middle"":{""age_s"":0.009173154830932617,""channels"":3,""force"":[-0.027880332337234748,-0.04384967837999998],""has_data"":true,""last_update_ts"":1784118827.3886547,""raw"":[15769,15711,15819]},""pinky"":{""age_s"":0.009173154830932617,""channels"":3,""force"":[-1.0229197795455196,-0.7421141771400039],""has_data"":true,""last_update_ts"":1784118827.3886547,""raw"":[17415,15287,17688]},""ring"":{""age_s"":0.009173154830932617,""channels"":3,""force"":[0.2908207080004903,0.25893512612999636],""has_data"":true,""last_update_ts"":1784118827.3886547,""raw"":[15791,16396,15627]},""thumb"":{""age_s"":0.009173154830932617,""channels"":3,""force"":[0.0,-2.220446049250313e-16],""has_data"":true,""last_update_ts"":1784118827.3886547,""raw"":[0,0,0]}}","{""ble"":{""connection_state"":""connected"",""counter"":1000061,""finger_order"":""DexterController.Visualizer"",""last_error"":null,""last_sample_age_s"":0.00919829698977992,""reconnect_count"":0,""sample_hz"":20.0,""sample_sequence"":1806,""timestamp_us"":9792198048},""fingers"":{""index"":{""has_data"":true,""last_update_ts"":1784118827.3886547,""mapped"":true},""middle"":{""has_data"":true,""last_update_ts"":1784118827.3886547,""mapped"":true},""pinky"":{""has_data"":true,""last_update_ts"":1784118827.3886547,""mapped"":true},""ring"":{""has_data"":true,""last_update_ts"":1784118827.3886547,""mapped"":true},""thumb"":{""has_data"":true,""last_update_ts"":1784118827.3886547,""mapped"":true}},""ports"":{""available"":[""BLE:Dexter""],""unavailable"":[]}}"
1784118827.4479682,1784118827.447829,1808,ble,"{""index"":{""age_s"":0.00916910171508789,""channels"":3,""force"":[-0.3984964742684358,-0.7518277134900027],""has_data"":true,""last_update_ts"":1784118827.43866,""raw"":[16967,16138,17907]},""middle"":{""age_s"":0.00916910171508789,""channels"":3,""force"":[-0.02018920617524067,-0.008880947520000682],""has_data"":true,""last_update_ts"":1784118827.43866,""raw"":[15748,15706,15743]},""pinky"":{""age_s"":0.00916910171508789,""channels"":3,""force"":[-0.44512392662554134,-0.46125421182000004],""has_data"":true,""last_update_ts"":1784118827.43866,""raw"":[17253,16327,17621]},""ring"":{""age_s"":0.00916910171508789,""channels"":3,""force"":[0.29322418492611213,0.3718896773999987],""has_data"":true,""last_update_ts"":1784118827.43866,""raw"":[15781,16391,15416]},""thumb"":{""age_s"":0.00916910171508789,""channels"":3,""force"":[0.0,-2.220446049250313e-16],""has_data"":true,""last_update_ts"":1784118827.43866,""raw"":[0,0,0]}}","{""ble"":{""connection_state"":""connected"",""counter"":1000066,""finger_order"":""DexterController.Visualizer"",""last_error"":null,""last_sample_age_s"":0.009194769998430274,""reconnect_count"":0,""sample_hz"":20.0,""sample_sequence"":1807,""timestamp_us"":9792245024},""fingers"":{""index"":{""has_data"":true,""last_update_ts"":1784118827.43866,""mapped"":true},""middle"":{""has_data"":true,""last_update_ts"":1784118827.43866,""mapped"":true},""pinky"":{""has_data"":true,""last_update_ts"":1784118827.43866,""mapped"":true},""ring"":{""has_data"":true,""last_update_ts"":1784118827.43866,""mapped"":true},""thumb"":{""has_data"":true,""last_update_ts"":1784118827.43866,""mapped"":true}},""ports"":{""available"":[""BLE:Dexter""],""unavailable"":[]}}"
1784118827.4979608,1784118827.497817,1809,ble,"{""index"":{""age_s"":0.009158134460449219,""channels"":3,""force"":[-0.4018613419643131,-0.7582108945200003],""has_data"":true,""last_update_ts"":1784118827.488659,""raw"":[16973,16137,17921]},""middle"":{""age_s"":0.009158134460449219,""channels"":3,""force"":[-0.018266424634740375,-0.03829908618000122],""has_data"":true,""last_update_ts"":1784118827.488659,""raw"":[15760,15722,15810]},""pinky"":{""age_s"":0.009158134460449219,""channels"":3,""force"":[-1.026765342626522,-0.7465546509000012],""has_data"":true,""last_update_ts"":1784118827.488659,""raw"":[17421,15285,17698]},""ring"":{""age_s"":0.009158134460449219,""channels"":3,""force"":[0.2744770649062467,0.25282947470999684],""has_data"":true,""last_update_ts"":1784118827.488659,""raw"":[15798,16369,15628]},""thumb"":{""age_s"":0.009158134460449219,""channels"":3,""force"":[0.0,-2.220446049250313e-16],""has_data"":true,""last_update_ts"":1784118827.488659,""raw"":[0,0,0]}}","{""ble"":{""connection_state"":""connected"",""counter"":1000071,""finger_order"":""DexterController.Visualizer"",""last_error"":null,""last_sample_age_s"":0.00918282700877171,""reconnect_count"":0,""sample_hz"":20.0,""sample_sequence"":1808,""timestamp_us"":9792291968},""fingers"":{""index"":{""has_data"":true,""last_update_ts"":1784118827.488659,""mapped"":true},""middle"":{""has_data"":true,""last_update_ts"":1784118827.488659,""mapped"":true},""pinky"":{""has_data"":true,""last_update_ts"":1784118827.488659,""mapped"":true},""ring"":{""has_data"":true,""last_update_ts"":1784118827.488659,""mapped"":true},""thumb"":{""has_data"":true,""last_update_ts"":1784118827.488659,""mapped"":true}},""ports"":{""available"":[""BLE:Dexter""],""unavailable"":[]}}"
1784118827.5479612,1784118827.5478172,1810,ble,"{""index"":{""age_s"":0.009157657623291016,""channels"":3,""force"":[-0.3980157788833161,-0.7620963090600013],""has_data"":true,""last_update_ts"":1784118827.5386596,""raw"":[16969,16141,17928]},""middle"":{""age_s"":0.009157657623291016,""channels"":3,""force"":[-0.020669901560365744,-0.035246260470003676],""has_data"":true,""last_update_ts"":1784118827.5386596,""raw"":[15763,15720,15805]},""pinky"":{""age_s"":0.009157657623291016,""channels"":3,""force"":[-1.020996998005021,-0.7454445324600014],""has_data"":true,""last_update_ts"":1784118827.5386596,""raw"":[17415,15291,17696]},""ring"":{""age_s"":0.009157657623291016,""channels"":3,""force"":[0.27639984644674875,0.2556047708099989],""has_data"":true,""last_update_ts"":1784118827.5386596,""raw"":[15803,16378,15630]},""thumb"":{""age_s"":0.009157657623291016,""channels"":3,""force"":[0.0,-2.220446049250313e-16],""has_data"":true,""last_update_ts"":1784118827.5386596,""raw"":[0,0,0]}}","{""ble"":{""connection_state"":""connected"",""counter"":1000077,""finger_order"":""DexterController.Visualizer"",""last_error"":null,""last_sample_age_s"":0.009182756009977311,""reconnect_count"":0,""sample_hz"":20.0,""sample_sequence"":1809,""timestamp_us"":9792348416},""fingers"":{""index"":{""has_data"":true,""last_update_ts"":1784118827.5386596,""mapped"":true},""middle"":{""has_data"":true,""last_update_ts"":1784118827.5386596,""mapped"":true},""pinky"":{""has_data"":true,""last_update_ts"":1784118827.5386596,""mapped"":true},""ring"":{""has_data"":true,""last_update_ts"":1784118827.5386596,""mapped"":true},""thumb"":{""has_data"":true,""last_update_ts"":1784118827.5386596,""mapped"":true}},""ports"":{""available"":[""BLE:Dexter""],""unavailable"":[]}}"
