recorded_at,source_timestamp,sequence,transport,fingers_json,status_json
1784118740.3480325,1784118740.347908,72,ble,"{""index"":{""age_s"":0.009250879287719727,""channels"":3,""force"":[-0.40138064657918804,-0.7601536017900026],""has_data"":true,""last_update_ts"":1784118740.3386571,""raw"":[16974,16139,17926]},""middle"":{""age_s"":0.009250879287719727,""channels"":3,""force"":[-0.017785729249618853,-0.033581082810000495],""has_data"":true,""last_update_ts"":1784118740.3386571,""raw"":[15768,15731,15810]},""pinky"":{""age_s"":0.009250879287719727,""channels"":3,""force"":[-1.0229197795455232,-0.7426692363600003],""has_data"":true,""last_update_ts"":1784118740.3386571,""raw"":[17420,15292,17694]},""ring"":{""age_s"":0.009250879287719727,""channels"":3,""force"":[0.27495776029137176,0.25366206353999665],""has_data"":true,""last_update_ts"":1784118740.3386571,""raw"":[15798,16370,15627]},""thumb"":{""age_s"":0.009250879287719727,""channels"":3,""force"":[0.0,-2.220446049250313e-16],""has_data"":true,""last_update_ts"":1784118740.3386571,""raw"":[0,0,0]}}","{""ble"":{""connection_state"":""connected"",""counter"":990805,""finger_order"":""DexterController.Visualizer"",""last_error"":null,""last_sample_age_s"":0.009276513010263443,""reconnect_count"":0,""sample_hz"":20.0,""sample_sequence"":71,""timestamp_us"":9705146368},""fingers"":{""index"":{""has_data"":true,""last_update_ts"":1784118740.3386571,""mapped"":true},""middle"":{""has_data"":true,""last_update_ts"":1784118740.3386571,""mapped"":true},""pinky"":{""has_data"":true,""last_update_ts"":1784118740.3386571,""mapped"":true},""ring"":{""has_data"":true,""last_update_ts"":1784118740.3386571,""mapped"":true},""thumb"":{""has_data"":true,""last_update_ts"":1784118740.3386571,""mapped"":true}},""ports"":{""available"":[""BLE:Dexter""],""unavailable"":[]}}"
1784118740.3979487,1784118740.3978286,73,ble,"{""index"":{""age_s"":0.009170770645141602,""channels"":3,""force"":[-0.3965736927279373,-0.7640390163300017],""has_data"":true,""last_update_ts"":1784118740.3886578,""raw"":[16963,16138,17927]},""middle"":{""age_s"":0.009170770645141602,""channels"":3,""force"":[-0.016824338479368706,-0.03413614203000126],""has_data"":true,""last_update_ts"":1784118740.3886578,""raw"":[15764,15729,15808]},""pinky"":{""age_s"":0.009170770645141602,""channels"":3,""force"":[-1.016670739538899,-0.7407265290900025],""has_data"":true,""last_update_ts"":1784118740.3886578,""raw"":[17423,15308,17700]},""ring"":{""age_s"":0.009170770645141602,""channels"":3,""force"":[0.2797647141426225,0.2519968858799988],""has_data"":true,""last_update_ts"":1784118740.3886578,""raw"":[15795,16377,15632]},""thumb"":{""age_s"":0.009170770645141602,""channels"":3,""force"":[0.0,-2.220446049250313e-16],""has_data"":true,""last_update_ts"":1784118740.3886578,""raw"":[0,0,0]}}","{""ble"":{""connection_state"":""connected"",""counter"":990810,""finger_order"":""DexterController.Visualizer"",""last_error"":null,""last_sample_age_s"":0.00919394900847692,""reconnect_count"":0,""sample_hz"":20.0,""sample_sequence"":72,""timestamp_us"":9705193376},""fingers"":{""index"":{""has_data"":true,""last_update_ts"":1784118740.3886578,""mapped"":true},""middle"":{""has_data"":true,""last_update_ts"":1784118740.3886578,""mapped"":true},""pinky"":{""has_data"":true,""last_update_ts"":1784118740.3886578,""mapped"":true},""ring"":{""has_data"":true,""last_update_ts"":1784118740.3886578,""mapped"":true},""thumb"":{""has_data"":true,""last_update_ts"":1784118740.3886578,""mapped"":true}},""ports"":{""available"":[""BLE:Dexter""],""unavailable"":[]}}"
1784118740.4480424,1784118740.447844,74,ble,"{""index"":{""age_s"":0.0091705322265625,""channels"":3,""force"":[-0.38119144040394914,-0.7346208776699994],""has_data"":true,""last_update_ts"":1784118740.4386735,""raw"":[16932,16139,17859]},""middle"":{""age_s"":0.0091705322265625,""channels"":3,""force"":[-0.0269189415669846,0.05661604043999713],""has_data"":true,""last_update_ts"":1784118740.4386735,""raw"":[15685,15629,15555]},""pinky"":{""age_s"":0.0091705322265625,""channels"":3,""force"":[1.6132137124787445,0.49622294267999845],""has_data"":true,""last_update_ts"":1784118740.4386735,""raw"":[16544,19900,17328]},""ring"":{""age_s"":0.0091705322265625,""channels"":3,""force"":[0.3326412065063451,0.7237972228799983],""has_data"":true,""last_update_ts"":1784118740.4386735,""raw"":[15727,16419,14769]},""thumb"":{""age_s"":0.0091705322265625,""channels"":3,""force"":[0.0,-2.220446049250313e-16],""has_data"":true,""last_update_ts"":1784118740.4386735,""raw"":[0,0,0]}}","{""ble"":{""connection_state"":""connected"",""counter"":990816,""finger_order"":""DexterController.Visualizer"",""last_error"":null,""last_sample_age_s"":0.00920653399953153,""reconnect_count"":0,""sample_hz"":20.0,""sample_sequence"":73,""timestamp_us"":9705249824},""fingers"":{""index"":{""has_data"":true,""last_update_ts"":1784118740.4386735,""mapped"":true},""middle"":{""has_data"":true,""last_update_ts"":1784118740.4386735,""mapped"":true},""pinky"":{""has_data"":true,""last_update_ts"":1784118740.4386735,""mapped"":true},""ring"":{""has_data"":true,""last_update_ts"":1784118740.4386735,""mapped"":true},""thumb"":{""has_data"":true,""last_update_ts"":1784118740.4386735,""mapped"":true}},""ports"":{""available"":[""BLE:Dexter""],""unavailable"":[]}}"
1784118740.4980567,1784118740.4978378,75,ble,"{""index"":{""age_s"":0.009156465530395508,""channels"":3,""force"":[-0.41147524966680926,-0.7609861906200006],""has_data"":true,""last_update_ts"":1784118740.4886813,""raw"":[16978,16122,17921]},""middle"":{""age_s"":0.009156465530395508,""channels"":3,""force"":[-0.024034769256239485,-0.035523790080002726],""has_data"":true,""last_update_ts"":1784118740.4886813,""raw"":[15775,15725,15814]},""pinky"":{""age_s"":0.009156465530395508,""channels"":3,""force"":[-1.0354178595587662,-0.7459995916800022],""has_data"":true,""last_update_ts"":1784118740.4886813,""raw"":[17433,15279,17700]},""ring"":{""age_s"":0.009156465530395508,""channels"":3,""force"":[0.2759191510616237,0.2586575965199964],""has_data"":true,""last_update_ts"":1784118740.4886813,""raw"":[15799,16373,15620]},""thumb"":{""age_s"":0.009156465530395508,""channels"":3,""force"":[0.0,-2.220446049250313e-16],""has_data"":true,""last_update_ts"":1784118740.4886813,""raw"":[0,0,0]}}","{""ble"":{""connection_state"":""connected"",""counter"":990821,""finger_order"":""DexterController.Visualizer"",""last_error"":null,""last_sample_age_s"":0.009192768004140817,""reconnect_count"":0,""sample_hz"":20.0,""sample_sequence"":74,""timestamp_us"":9705296768},""fingers"":{""index"":{""has_data"":true,""last_update_ts"":1784118740.4886813,""mapped"":true},""middle"":{""has_data"":true,""last_update_ts"":1784118740.4886813,""mapped"":true},""pinky"":{""has_data"":true,""last_update_ts"":1784118740.4886813,""mapped"":true},""ring"":{""has_data"":true,""last_update_ts"":1784118740.4886813,""mapped"":true},""thumb"":{""has_data"":true,""last_update_ts"":1784118740.4886813,""mapped"":true}},""ports"":{""available"":[""BLE:Dexter""],""unavailable"":[]}}"
1784118740.5479445,1784118740.5478039,76,ble,"{""index"":{""age_s"":0.009146451950073242,""channels"":3,""force"":[-0.41003316351143404,-0.755158068810001],""has_data"":true,""last_update_ts"":1784118740.5386574,""raw"":[16984,16131,17918]},""middle"":{""age_s"":0.009146451950073242,""channels"":3,""force"":[-0.026918941566988153,-0.032193434760000805],""has_data"":true,""last_update_ts"":1784118740.5386574,""raw"":[15773,15717,15803]},""pinky"":{""age_s"":0.009146451950073242,""channels"":3,""force"":[-1.0387827272546435,-0.7484973581700016],""has_data"":true,""last_update_ts"":1784118740.5386574,""raw"":[17434,15273,17702]},""ring"":{""age_s"":0.009146451950073242,""channels"":3,""force"":[0.2663052433591293,0.25088676743999905],""has_data"":true,""last_update_ts"":1784118740.5386574,""raw"":[15807,16361,15632]},""thumb"":{""age_s"":0.009146451950073242,""channels"":3,""force"":[0.0,-2.220446049250313e-16],""has_data"":true,""last_update_ts"":1784118740.5386574,""raw"":[0,0,0]}}","{""ble"":{""connection_state"":""connected"",""counter"":990826,""finger_order"":""DexterController.Visualizer"",""last_error"":null,""last_sample_age_s"":0.009169741999357939,""reconnect_count"":0,""sample_hz"":20.0,""sample_sequence"":75,""timestamp_us"":9705343776},""fingers"":{""index"":{""has_data"":true,""last_update_ts"":1784118740.5386574,""mapped"":true},""middle"":{""has_data"":true,""last_update_ts"":1784118740.5386574,""mapped"":true},""pinky"":{""has_data"":true,""last_update_ts"":1784118740.5386574,""mapped"":true},""ring"":{""has_data"":true,""last_update_ts"":1784118740.5386574,""mapped"":true},""thumb"":{""has_data"":true,""last_update_ts"":1784118740.5386574,""mapped"":true}},""ports"":{""available"":[""BLE:Dexter""],""unavailable"":[]}}"
1784118740.5979493,1784118740.5978177,77,ble,"{""index"":{""age_s"":0.00915980339050293,""channels"":3,""force"":[-0.3941702158023137,-0.7637614867200018],""has_data"":true,""last_update_ts"":1784118740.5886579,""raw"":[16962,16142,17928]},""middle"":{""age_s"":0.00915980339050293,""channels"":3,""force"":[-0.014901556938866634,-0.031360845929999215],""has_data"":true,""last_update_ts"":1784118740.5886579,""raw"":[15766,15735,15807]},""pinky"":{""age_s"":0.00915980339050293,""channels"":3,""force"":[-1.012825176457902,-0.7457220620699996],""has_data"":true,""last_update_ts"":1784118740.5886579,""raw"":[17405,15298,17695]},""ring"":{""age_s"":0.00915980339050293,""channels"":3,""force"":[0.2840909726087446,0.2517193562699971],""has_data"":true,""last_update_ts"":1784118740.5886579,""raw"":[15786,16377,15628]},""thumb"":{""age_s"":0.00915980339050293,""channels"":3,""force"":[0.0,-2.220446049250313e-16],""has_data"":true,""last_update_ts"":1784118740.5886579,""raw"":[0,0,0]}}","{""ble"":{""connection_state"":""connected"",""counter"":990832,""finger_order"":""DexterController.Visualizer"",""last_error"":null,""last_sample_age_s"":0.009183218993712217,""reconnect_count"":0,""sample_hz"":20.0,""sample_sequence"":76,""timestamp_us"":9705400352},""fingers"":{""index"":{""has_data"":true,""last_update_ts"":1784118740.5886579,""mapped"":true},""middle"":{""has_data"":true,""last_update_ts"":1784118740.5886579,""mapped"":true},""pinky"":{""has_data"":true,""last_update_ts"":1784118740.5886579,""mapped"":true},""ring"":{""has_data"":true,""last_update_ts"":1784118740.5886579,""mapped"":true},""thumb"":{""has_data"":true,""last_update_ts"":1784118740.5886579,""mapped"":true}},""ports"":{""available"":[""BLE:Dexter""],""unavailable"":[]}}"
1784118740.6479273,1784118740.6478016,78,ble,"{""index"":{""age_s"":0.009142637252807617,""channels"":3,""force"":[-0.3960929973428158,-0.7609861906200024],""has_data"":true,""last_update_ts"":1784118740.638659,""raw"":[16968,16144,17927]},""middle"":{""age_s"":0.009142637252807617,""channels"":3,""force"":[-0.018266424634740375,-0.033303553200001446],""has_data"":true,""last_update_ts"":1784118740.638659,""raw"":[15757,15719,15798]},""pinky"":{""age_s"":0.009142637252807617,""channels"":3,""force"":[-1.0161900441537757,-0.7498850062200022],""has_data"":true,""last_update_ts"":1784118740.638659,""raw"":[17408,15294,17702]},""ring"":{""age_s"":0.009142637252807617,""channels"":3,""force"":[0.28312958183849446,0.2533845339299985],""has_data"":true,""last_update_ts"":1784118740.638659,""raw"":[15788,16377,15626]},""thumb"":{""age_s"":0.009142637252807617,""channels"":3,""force"":[0.0,-2.220446049250313e-16],""has_data"":true,""last_update_ts"":1784118740.638659,""raw"":[0,0,0]}}","{""ble"":{""connection_state"":""connected"",""counter"":990837,""finger_order"":""DexterController.Visualizer"",""last_error"":null,""last_sample_age_s"":0.0091655740106944,""reconnect_count"":0,""sample_hz"":20.0,""sample_sequence"":77,""timestamp_us"":9705447232},""fingers"":{""index"":{""has_data"":true,""last_update_ts"":1784118740.638659,""mapped"":true},""middle"":{""has_data"":true,""last_update_ts"":1784118740.638659,""mapped"":true},""pinky"":{""has_data"":true,""last_update_ts"":1784118740.638659,""mapped"":true},""ring"":{""has_data"":true,""last_update_ts"":1784118740.638659,""mapped"":true},""thumb"":{""has_data"":true,""last_update_ts"":1784118740.638659,""mapped"":true}},""ports"":{""available"":[""BLE:Dexter""],""unavailable"":[]}}"
1784118740.69794,1784118740.697816,79,ble,"{""index"":{""age_s"":0.009158134460449219,""channels"":3,""force"":[-0.3980157788833143,-0.7609861906200033],""has_data"":true,""last_update_ts"":1784118740.6886578,""raw"":[16967,16139,17924]},""middle"":{""age_s"":0.009158134460449219,""channels"":3,""force"":[-0.017305033864492003,-0.03552379008000184],""has_data"":true,""last_update_ts"":1784118740.6886578,""raw"":[15765,15729,15811]},""pinky"":{""age_s"":0.009158134460449219,""channels"":3,""force"":[-1.0200356072347745,-0.7454445324599996],""has_data"":true,""last_update_ts"":1784118740.6886578,""raw"":[17413,15291,17695]},""ring"":{""age_s"":0.009158134460449219,""channels"":3,""force"":[0.27928401875749564,0.2511642970499999],""has_data"":true,""last_update_ts"":1784118740.6886578,""raw"":[15792,16373,15630]},""thumb"":{""age_s"":0.009158134460449219,""channels"":3,""force"":[0.0,-2.220446049250313e-16],""has_data"":true,""last_update_ts"":1784118740.6886578,""raw"":[0,0,0]}}","{""ble"":{""connection_state"":""connected"",""counter"":990842,""finger_order"":""DexterController.Visualizer"",""last_error"":null,""last_sample_age_s"":0.009181294008158147,""reconnect_count"":0,""sample_hz"":20.0,""sample_sequence"":78,""timestamp_us"":9705494208},""fingers"":{""index"":{""has_data"":true,""last_update_ts"":1784118740.6886578,""mapped"":true},""middle"":{""has_data"":true,""last_update_ts"":1784118740.6886578,""mapped"":true},""pinky"":{""has_data"":true,""last_update_ts"":1784118740.6886578,""mapped"":true},""ring"":{""has_data"":true,""last_update_ts"":1784118740.6886578,""mapped"":true},""thumb"":{""has_data"":true,""last_update_ts"":1784118740.6886578,""mapped"":true}},""ports"":{""available"":[""BLE:Dexter""],""unavailable"":[]}}"
1784118740.7479434,1784118740.7478118,80,ble,"{""index"":{""age_s"":0.009154319763183594,""channels"":3,""force"":[-0.40138064657918804,-0.7595985425700027],""has_data"":true,""last_update_ts"":1784118740.7386575,""raw"":[16967,16132,17918]},""middle"":{""age_s"":0.009154319763183594,""channels"":3,""force"":[-0.019708510790115596,-0.035801319690001776],""has_data"":true,""last_update_ts"":1784118740.7386575,""raw"":[15767,15726,15811]},""pinky"":{""age_s"":0.009154319763183594,""channels"":3,""force"":[-1.0248425610860217,-0.7443344140200017],""has_data"":true,""last_update_ts"":1784118740.7386575,""raw"":[17422,15290,17697]},""ring"":{""age_s"":0.009154319763183594,""channels"":3,""force"":[0.2759191510616237,0.25088676743999816],""has_data"":true,""last_update_ts"":1784118740.7386575,""raw"":[15799,16373,15634]},""thumb"":{""age_s"":0.009154319763183594,""channels"":3,""force"":[0.0,-2.220446049250313e-16],""has_data"":true,""last_update_ts"":1784118740.7386575,""raw"":[0,0,0]}}","{""ble"":{""connection_state"":""connected"",""counter"":990848,""finger_order"":""DexterController.Visualizer"",""last_error"":null,""last_sample_age_s"":0.009176926003419794,""reconnect_count"":0,""sample_hz"":20.0,""sample_sequence"":79,""timestamp_us"":9705550624},""fingers"":{""index"":{""has_data"":true,""last_update_ts"":1784118740.7386575,""mapped"":true},""middle"":{""has_data"":true,""last_update_ts"":1784118740.7386575,""mapped"":true},""pinky"":{""has_data"":true,""last_update_ts"":1784118740.7386575,""mapped"":true},""ring"":{""has_data"":true,""last_update_ts"":1784118740.7386575,""mapped"":true},""thumb"":{""has_data"":true,""last_update_ts"":1784118740.7386575,""mapped"":true}},""ports"":{""available"":[""BLE:Dexter""],""unavailable"":[]}}"
1784118740.7979474,1784118740.7978115,81,ble,"{""index"":{""age_s"":0.009153366088867188,""channels"":3,""force"":[-0.40618760043043345,-0.7723649046300025],""has_data"":true,""last_update_ts"":1784118740.7886581,""raw"":[16971,16126,17940]},""middle"":{""age_s"":0.009153366088867188,""channels"":3,""force"":[-0.02355407387111441,-0.03857661578999938],""has_data"":true,""last_update_ts"":1784118740.7886581,""raw"":[15772,15723,15817]},""pinky"":{""age_s"":0.009153366088867188,""channels"":3,""force"":[-1.0205163026198978,-0.739061351430002],""has_data"":true,""last_update_ts"":1784118740.7886581,""raw"":[17419,15296,17689]},""ring"":{""age_s"":0.009153366088867188,""channels"":3,""force"":[0.2898593172302384,0.2639306591099988],""has_data"":true,""last_update_ts"":1784118740.7886581,""raw"":[15792,16395,15618]},""thumb"":{""age_s"":0.009153366088867188,""channels"":3,""force"":[0.0,-2.220446049250313e-16],""has_data"":true,""last_update_ts"":1784118740.7886581,""raw"":[0,0,0]}}","{""ble"":{""connection_state"":""connected"",""counter"":990853,""finger_order"":""DexterController.Visualizer"",""last_error"":null,""last_sample_age_s"":0.009176245002890937,""reconnect_count"":0,""sample_hz"":20.0,""sample_sequence"":80,""timestamp_us"":9705597568},""fingers"":{""index"":{""has_data"":true,""last_update_ts"":1784118740.7886581,""mapped"":true},""middle"":{""has_data"":true,""last_update_ts"":1784118740.7886581,""mapped"":true},""pinky"":{""has_data"":true,""last_update_ts"":1784118740.7886581,""mapped"":true},""ring"":{""has_data"":true,""last_update_ts"":1784118740.7886581,""mapped"":true},""thumb"":{""has_data"":true,""last_update_ts"":1784118740.7886581,""mapped"":true}},""ports"":{""available"":[""BLE:Dexter""],""unavailable"":[]}}"
1784118740.8479407,1784118740.8478122,82,ble,"{""index"":{""age_s"":0.009154081344604492,""channels"":3,""force"":[-0.4023420373494364,-0.7607086610100025],""has_data"":true,""last_update_ts"":1784118740.838658,""raw"":[16974,16137,17926]},""middle"":{""age_s"":0.009154081344604492,""channels"":3,""force"":[-0.021631292330615892,-0.02969566827000225],""has_data"":true,""last_update_ts"":1784118740.838658,""raw"":[15773,15728,15804]},""pinky"":{""age_s"":0.009154081344604492,""channels"":3,""force"":[-1.026284647241397,-0.7490524173900006],""has_data"":true,""last_update_ts"":1784118740.838658,""raw"":[17424,15289,17706]},""ring"":{""age_s"":0.009154081344604492,""channels"":3,""force"":[0.276399846446747,0.255049711589999],""has_data"":true,""last_update_ts"":1784118740.838658,""raw"":[15798,16373,15626]},""thumb"":{""age_s"":0.009154081344604492,""channels"":3,""force"":[0.0,-2.220446049250313e-16],""has_data"":true,""last_update_ts"":1784118740.838658,""raw"":[0,0,0]}}","{""ble"":{""connection_state"":""connected"",""counter"":990858,""finger_order"":""DexterController.Visualizer"",""last_error"":null,""last_sample_age_s"":0.009176895997370593,""reconnect_count"":0,""sample_hz"":20.0,""sample_sequence"":81,""timestamp_us"":9705644608},""fingers"":{""index"":{""has_data"":true,""last_update_ts"":1784118740.838658,""mapped"":true},""middle"":{""has_data"":true,""last_update_ts"":1784118740.838658,""mapped"":true},""pinky"":{""has_data"":true,""last_update_ts"":1784118740.838658,""mapped"":true},""ring"":{""has_data"":true,""last_update_ts"":1784118740.838658,""mapped"":true},""thumb"":{""has_data"":true,""last_update_ts"":1784118740.838658,""mapped"":true}},""ports"":{""available"":[""BLE:Dexter""],""unavailable"":[]}}"
1784118740.8980446,1784118740.897829,83,ble,"{""index"":{""age_s"":0.009140491485595703,""channels"":3,""force"":[-0.40041925580893434,-0.7607086610100007],""has_data"":true,""last_update_ts"":1784118740.8886886,""raw"":[16971,16138,17925]},""middle"":{""age_s"":0.009140491485595703,""channels"":3,""force"":[-0.020189206175238894,-0.033303553200001446],""has_data"":true,""last_update_ts"":1784118740.8886886,""raw"":[15765,15723,15804]},""pinky"":{""age_s"":0.009140491485595703,""channels"":3,""force"":[-1.0243618657008984,-0.7457220620700014],""has_data"":true,""last_update_ts"":1784118740.8886886,""raw"":[17420,15289,17698]},""ring"":{""age_s"":0.009140491485595703,""channels"":3,""force"":[0.2763998464467434,0.25504971158999723],""has_data"":true,""last_update_ts"":1784118740.8886886,""raw"":[15801,16376,15629]},""thumb"":{""age_s"":0.009140491485595703,""channels"":3,""force"":[0.0,-2.220446049250313e-16],""has_data"":true,""last_update_ts"":1784118740.8886886,""raw"":[0,0,0]}}","{""ble"":{""connection_state"":""connected"",""counter"":990864,""finger_order"":""DexterController.Visualizer"",""last_error"":null,""last_sample_age_s"":0.009175764003884979,""reconnect_count"":0,""sample_hz"":20.0,""sample_sequence"":82,""timestamp_us"":9705701184},""fingers"":{""index"":{""has_data"":true,""last_update_ts"":1784118740.8886886,""mapped"":true},""middle"":{""has_data"":true,""last_update_ts"":1784118740.8886886,""mapped"":true},""pinky"":{""has_data"":true,""last_update_ts"":1784118740.8886886,""mapped"":true},""ring"":{""has_data"":true,""last_update_ts"":1784118740.8886886,""mapped"":true},""thumb"":{""has_data"":true,""last_update_ts"":1784118740.8886886,""mapped"":true}},""ports"":{""available"":[""BLE:Dexter""],""unavailable"":[]}}"
1784118740.9479532,1784118740.9478137,84,ble,"{""index"":{""age_s"":0.008960962295532227,""channels"":3,""force"":[-0.40282273273456326,-0.7626513682800011],""has_data"":true,""last_update_ts"":1784118740.9388528,""raw"":[16973,16135,17928]},""middle"":{""age_s"":0.008960962295532227,""channels"":3,""force"":[-0.01826642463474215,-0.03385861242000132],""has_data"":true,""last_update_ts"":1784118740.9388528,""raw"":[15764,15726,15806]},""pinky"":{""age_s"":0.008960962295532227,""channels"":3,""force"":[-1.0253232564711467,-0.7451670028500015],""has_data"":true,""last_update_ts"":1784118740.9388528,""raw"":[17421,15288,17697]},""ring"":{""age_s"":0.008960962295532227,""channels"":3,""force"":[0.2739963695211216,0.25366206353999843],""has_data"":true,""last_update_ts"":1784118740.9388528,""raw"":[15798,16368,15626]},""thumb"":{""age_s"":0.008960962295532227,""channels"":3,""force"":[0.0,-2.220446049250313e-16],""has_data"":true,""last_update_ts"":1784118740.9388528,""raw"":[0,0,0]}}","{""ble"":{""connection_state"":""connected"",""counter"":990869,""finger_order"":""DexterController.Visualizer"",""last_error"":null,""last_sample_age_s"":0.008984165993751958,""reconnect_count"":0,""sample_hz"":20.0,""sample_sequence"":83,""timestamp_us"":9705748096},""fingers"":{""index"":{""has_data"":true,""last_update_ts"":1784118740.9388528,""mapped"":true},""middle"":{""has_data"":true,""last_update_ts"":1784118740.9388528,""mapped"":true},""pinky"":{""has_data"":true,""last_update_ts"":1784118740.9388528,""mapped"":true},""ring"":{""has_data"":true,""last_update_ts"":1784118740.9388528,""mapped"":true},""thumb"":{""has_data"":true,""last_update_ts"":1784118740.9388528,""mapped"":true}},""ports"":{""available"":[""BLE:Dexter""],""unavailable"":[]}}"
1784118740.9979541,1784118740.9978127,85,ble,"{""index"":{""age_s"":0.009154796600341797,""channels"":3,""force"":[-0.3980157788833125,-0.7576558353000005],""has_data"":true,""last_update_ts"":1784118740.988658,""raw"":[16970,16142,17921]},""middle"":{""age_s"":0.009154796600341797,""channels"":3,""force"":[-0.017785729249617077,-0.03136084593000277],""has_data"":true,""last_update_ts"":1784118740.988658,""raw"":[15766,15729,15804]},""pinky"":{""age_s"":0.009154796600341797,""channels"":3,""force"":[-1.0219583887752712,-0.7471097101200019],""has_data"":true,""last_update_ts"":1784118740.988658,""raw"":[17426,15300,17709]},""ring"":{""age_s"":0.009154796600341797,""channels"":3,""force"":[0.2759191510616166,0.25588230041999793],""has_data"":true,""last_update_ts"":1784118740.988658,""raw"":[15797,16371,15623]},""thumb"":{""age_s"":0.009154796600341797,""channels"":3,""force"":[0.0,-2.220446049250313e-16],""has_data"":true,""last_update_ts"":1784118740.988658,""raw"":[0,0,0]}}","{""ble"":{""connection_state"":""connected"",""counter"":990874,""finger_order"":""DexterController.Visualizer"",""last_error"":null,""last_sample_age_s"":0.009179961998597719,""reconnect_count"":0,""sample_hz"":20.0,""sample_sequence"":84,""timestamp_us"":9705795040},""fingers"":{""index"":{""has_data"":true,""last_update_ts"":1784118740.988658,""mapped"":true},""middle"":{""has_data"":true,""last_update_ts"":1784118740.988658,""mapped"":true},""pinky"":{""has_data"":true,""last_update_ts"":1784118740.988658,""mapped"":true},""ring"":{""has_data"":true,""last_update_ts"":1784118740.988658,""mapped"":true},""thumb"":{""has_data"":true,""last_update_ts"":1784118740.988658,""mapped"":true}},""ports"":{""available"":[""BLE:Dexter""],""unavailable"":[]}}"
1784118741.0479517,1784118741.0478165,86,ble,"{""index"":{""age_s"":0.009158611297607422,""channels"":3,""force"":[-0.40138064657918804,-0.759043483350001],""has_data"":true,""last_update_ts"":1784118741.038658,""raw"":[16975,16140,17925]},""middle"":{""age_s"":0.009158611297607422,""channels"":3,""force"":[-0.021631292330614116,-0.033026023590002396],""has_data"":true,""last_update_ts"":1784118741.038658,""raw"":[15767,15722,15804]},""pinky"":{""age_s"":0.009158611297607422,""channels"":3,""force"":[-1.0224390841603963,-0.7462771212900003],""has_data"":true,""last_update_ts"":1784118741.038658,""raw"":[17418,15291,17699]},""ring"":{""age_s"":0.009158611297607422,""channels"":3,""force"":[0.2735156741360001,0.25449465236999735],""has_data"":true,""last_update_ts"":1784118741.038658,""raw"":[15791,16360,15617]},""thumb"":{""age_s"":0.009158611297607422,""channels"":3,""force"":[0.0,-2.220446049250313e-16],""has_data"":true,""last_update_ts"":1784118741.038658,""raw"":[0,0,0]}}","{""ble"":{""connection_state"":""connected"",""counter"":990876,""finger_order"":""DexterController.Visualizer"",""last_error"":null,""last_sample_age_s"":0.009181114000966772,""reconnect_count"":0,""sample_hz"":20.0,""sample_sequence"":85,""timestamp_us"":9705813856},""fingers"":{""index"":{""has_data"":true,""last_update_ts"":1784118741.038658,""mapped"":true},""middle"":{""has_data"":true,""last_update_ts"":1784118741.038658,""mapped"":true},""pinky"":{""has_data"":true,""last_update_ts"":1784118741.038658,""mapped"":true},""ring"":{""has_data"":true,""last_update_ts"":1784118741.038658,""mapped"":true},""thumb"":{""has_data"":true,""last_update_ts"":1784118741.038658,""mapped"":true}},""ports"":{""available"":[""BLE:Dexter""],""unavailable"":[]}}"
1784118741.0979567,1784118741.0978153,87,ble,"{""index"":{""age_s"":0.009157419204711914,""channels"":3,""force"":[-0.4023420373494364,-0.7618187794500022],""has_data"":true,""last_update_ts"":1784118741.0886579,""raw"":[16972,16135,17926]},""middle"":{""age_s"":0.009157419204711914,""channels"":3,""force"":[-0.020669901560363968,-0.034691201250002024],""has_data"":true,""last_update_ts"":1784118741.0886579,""raw"":[15769,15726,15810]},""pinky"":{""age_s"":0.009157419204711914,""channels"":3,""force"":[-1.0214776933901497,-0.7468321805100011],""has_data"":true,""last_update_ts"":1784118741.0886579,""raw"":[17417,15292,17700]},""ring"":{""age_s"":0.009157419204711914,""channels"":3,""force"":[0.27495776029137176,0.25366206353999843],""has_data"":true,""last_update_ts"":1784118741.0886579,""raw"":[15796,16368,15625]},""thumb"":{""age_s"":0.009157419204711914,""channels"":3,""force"":[0.0,-2.220446049250313e-16],""has_data"":true,""last_update_ts"":1784118741.0886579,""raw"":[0,0,0]}}","{""ble"":{""connection_state"":""connected"",""counter"":990886,""finger_order"":""DexterController.Visualizer"",""last_error"":null,""last_sample_age_s"":0.009182165988022462,""reconnect_count"":0,""sample_hz"":20.0,""sample_sequence"":86,""timestamp_us"":9705908256},""fingers"":{""index"":{""has_data"":true,""last_update_ts"":1784118741.0886579,""mapped"":true},""middle"":{""has_data"":true,""last_update_ts"":1784118741.0886579,""mapped"":true},""pinky"":{""has_data"":true,""last_update_ts"":1784118741.0886579,""mapped"":true},""ring"":{""has_data"":true,""last_update_ts"":1784118741.0886579,""mapped"":true},""thumb"":{""has_data"":true,""last_update_ts"":1784118741.0886579,""mapped"":true}},""ports"":{""available"":[""BLE:Dexter""],""unavailable"":[]}}"
1784118741.1479414,1784118741.147815,88,ble,"{""index"":{""age_s"":0.00915670394897461,""channels"":3,""force"":[-0.3975350834981892,-0.7601536017900017],""has_data"":true,""last_update_ts"":1784118741.1386583,""raw"":[16962,16135,17918]},""middle"":{""age_s"":0.00915670394897461,""channels"":3,""force"":[-0.020189206175242447,-0.034413671640002974],""has_data"":true,""last_update_ts"":1784118741.1386583,""raw"":[15771,15729,15812]},""pinky"":{""age_s"":0.00915670394897461,""channels"":3,""force"":[-1.0253232564711467,-0.7462771212900012],""has_data"":true,""last_update_ts"":1784118741.1386583,""raw"":[17424,15291,17702]},""ring"":{""age_s"":0.00915670394897461,""channels"":3,""force"":[0.27303497875087324,0.25421712275999564],""has_data"":true,""last_update_ts"":1784118741.1386583,""raw"":[15794,16362,15620]},""thumb"":{""age_s"":0.00915670394897461,""channels"":3,""force"":[0.0,-2.220446049250313e-16],""has_data"":true,""last_update_ts"":1784118741.1386583,""raw"":[0,0,0]}}","{""ble"":{""connection_state"":""connected"",""counter"":990890,""finger_order"":""DexterController.Visualizer"",""last_error"":null,""last_sample_age_s"":0.009180913999443874,""reconnect_count"":0,""sample_hz"":20.0,""sample_sequence"":87,""timestamp_us"":9705945760},""fingers"":{""index"":{""has_data"":true,""last_update_ts"":1784118741.1386583,""mapped"":true},""middle"":{""has_data"":true,""last_update_ts"":1784118741.1386583,""mapped"":true},""pinky"":{""has_data"":true,""last_update_ts"":1784118741.1386583,""mapped"":true},""ring"":{""has_data"":true,""last_update_ts"":1784118741.1386583,""mapped"":true},""thumb"":{""has_data"":true,""last_update_ts"":1784118741.1386583,""mapped"":true}},""ports"":{""available"":[""BLE:Dexter""],""unavailable"":[]}}"
1784118741.1979399,1784118741.197816,89,ble,"{""index"":{""age_s"":0.009126424789428711,""channels"":3,""force"":[-0.3999385604238128,-0.7615412498400032],""has_data"":true,""last_update_ts"":1784118741.1886895,""raw"":[16967,16135,17923]},""middle"":{""age_s"":0.009126424789428711,""channels"":3,""force"":[-0.019227815404990523,-0.031638375540002706],""has_data"":true,""last_update_ts"":1784118741.1886895,""raw"":[15765,15725,15802]},""pinky"":{""age_s"":0.009126424789428711,""channels"":3,""force"":[-1.0234004749306465,-0.7457220620700022],""has_data"":true,""last_update_ts"":1784118741.1886895,""raw"":[17423,15294,17702]},""ring"":{""age_s"":0.009126424789428711,""channels"":3,""force"":[0.2759191510616237,0.252551945099996],""has_data"":true,""last_update_ts"":1784118741.1886895,""raw"":[15795,16369,15627]},""thumb"":{""age_s"":0.009126424789428711,""channels"":3,""force"":[0.0,-2.220446049250313e-16],""has_data"":true,""last_update_ts"":1784118741.1886895,""raw"":[0,0,0]}}","{""ble"":{""connection_state"":""connected"",""counter"":990895,""finger_order"":""DexterController.Visualizer"",""last_error"":null,""last_sample_age_s"":0.00915301899658516,""reconnect_count"":0,""sample_hz"":20.0,""sample_sequence"":88,""timestamp_us"":9705992800},""fingers"":{""index"":{""has_data"":true,""last_update_ts"":1784118741.1886895,""mapped"":true},""middle"":{""has_data"":true,""last_update_ts"":1784118741.1886895,""mapped"":true},""pinky"":{""has_data"":true,""last_update_ts"":1784118741.1886895,""mapped"":true},""ring"":{""has_data"":true,""last_update_ts"":1784118741.1886895,""mapped"":true},""thumb"":{""has_data"":true,""last_update_ts"":1784118741.1886895,""mapped"":true}},""ports"":{""available"":[""BLE:Dexter""],""unavailable"":[]}}"
1784118741.2479346,1784118741.2478132,90,ble,"{""index"":{""age_s"":0.009155750274658203,""channels"":3,""force"":[-0.40138064657918626,-0.7584884241300012],""has_data"":true,""last_update_ts"":1784118741.2386575,""raw"":[16977,16142,17926]},""middle"":{""age_s"":0.009155750274658203,""channels"":3,""force"":[-0.020669901560365744,-0.035246260470003676],""has_data"":true,""last_update_ts"":1784118741.2386575,""raw"":[15767,15724,15809]},""pinky"":{""age_s"":0.009155750274658203,""channels"":3,""force"":[-1.034456468788516,-0.7504400654400012],""has_data"":true,""last_update_ts"":1784118741.2386575,""raw"":[17423,15271,17699]},""ring"":{""age_s"":0.009155750274658203,""channels"":3,""force"":[0.2754384556764986,0.2522744154899996],""has_data"":true,""last_update_ts"":1784118741.2386575,""raw"":[15800,16373,15632]},""thumb"":{""age_s"":0.009155750274658203,""channels"":3,""force"":[0.0,-2.220446049250313e-16],""has_data"":true,""last_update_ts"":1784118741.2386575,""raw"":[0,0,0]}}","{""ble"":{""connection_state"":""connected"",""counter"":990901,""finger_order"":""DexterController.Visualizer"",""last_error"":null,""last_sample_age_s"":0.009180294000543654,""reconnect_count"":0,""sample_hz"":20.0,""sample_sequence"":89,""timestamp_us"":9706049312},""fingers"":{""index"":{""has_data"":true,""last_update_ts"":1784118741.2386575,""mapped"":true},""middle"":{""has_data"":true,""last_update_ts"":1784118741.2386575,""mapped"":true},""pinky"":{""has_data"":true,""last_update_ts"":1784118741.2386575,""mapped"":true},""ring"":{""has_data"":true,""last_update_ts"":1784118741.2386575,""mapped"":true},""thumb"":{""has_data"":true,""last_update_ts"":1784118741.2386575,""mapped"":true}},""ports"":{""available"":[""BLE:Dexter""],""unavailable"":[]}}"
1784118741.2979546,1784118741.2978137,91,ble,"{""index"":{""age_s"":0.009155511856079102,""channels"":3,""force"":[-0.39945786503868774,-0.7607086610100033],""has_data"":true,""last_update_ts"":1784118741.2886581,""raw"":[16971,16140,17926]},""middle"":{""age_s"":0.009155511856079102,""channels"":3,""force"":[-0.019227815404990523,-0.02997319788000219],""has_data"":true,""last_update_ts"":1784118741.2886581,""raw"":[15767,15727,15801]},""pinky"":{""age_s"":0.009155511856079102,""channels"":3,""force"":[-1.0219583887752748,-0.7465546509000012],""has_data"":true,""last_update_ts"":1784118741.2886581,""raw"":[17420,15294,17702]},""ring"":{""age_s"":0.009155511856079102,""channels"":3,""force"":[0.27447706490624846,0.2511642970499963],""has_data"":true,""last_update_ts"":1784118741.2886581,""raw"":[15795,16366,15628]},""thumb"":{""age_s"":0.009155511856079102,""channels"":3,""force"":[0.0,-2.220446049250313e-16],""has_data"":true,""last_update_ts"":1784118741.2886581,""raw"":[0,0,0]}}","{""ble"":{""connection_state"":""connected"",""counter"":990906,""finger_order"":""DexterController.Visualizer"",""last_error"":null,""last_sample_age_s"":0.00917854999715928,""reconnect_count"":0,""sample_hz"":20.0,""sample_sequence"":90,""timestamp_us"":9706096352},""fingers"":{""index"":{""has_data"":true,""last_update_ts"":1784118741.2886581,""mapped"":true},""middle"":{""has_data"":true,""last_update_ts"":1784118741.2886581,""mapped"":true},""pinky"":{""has_data"":true,""last_update_ts"":1784118741.2886581,""mapped"":true},""ring"":{""has_data"":true,""last_update_ts"":1784118741.2886581,""mapped"":true},""thumb"":{""has_data"":true,""last_update_ts"":1784118741.2886581,""mapped"":true}},""ports"":{""available"":[""BLE:Dexter""],""unavailable"":[]}}"
1784118741.3479323,1784118741.3478124,92,ble,"{""index"":{""age_s"":0.009154558181762695,""channels"":3,""force"":[-0.4028227327345597,-0.7626513682800029],""has_data"":true,""last_update_ts"":1784118741.3386579,""raw"":[16971,16133,17926]},""middle"":{""age_s"":0.009154558181762695,""channels"":3,""force"":[-0.01682433847936693,-0.03302602359000151],""has_data"":true,""last_update_ts"":1784118741.3386579,""raw"":[15766,15731,15808]},""pinky"":{""age_s"":0.009154558181762695,""channels"":3,""force"":[-1.025323256471145,-0.7512726542700028],""has_data"":true,""last_update_ts"":1784118741.3386579,""raw"":[17418,15285,17705]},""ring"":{""age_s"":0.009154558181762695,""channels"":3,""force"":[0.2778419326021204,0.2519968858799988],""has_data"":true,""last_update_ts"":1784118741.3386579,""raw"":[15796,16374,15631]},""thumb"":{""age_s"":0.009154558181762695,""channels"":3,""force"":[0.0,-2.220446049250313e-16],""has_data"":true,""last_update_ts"":1784118741.3386579,""raw"":[0,0,0]}}","{""ble"":{""connection_state"":""connected"",""counter"":990911,""finger_order"":""DexterController.Visualizer"",""last_error"":null,""last_sample_age_s"":0.009177889005513862,""reconnect_count"":0,""sample_hz"":20.0,""sample_sequence"":91,""timestamp_us"":9706143392},""fingers"":{""index"":{""has_data"":true,""last_update_ts"":1784118741.3386579,""mapped"":true},""middle"":{""has_data"":true,""last_update_ts"":1784118741.3386579,""mapped"":true},""pinky"":{""has_data"":true,""last_update_ts"":1784118741.3386579,""mapped"":true},""ring"":{""has_data"":true,""last_update_ts"":1784118741.3386579,""mapped"":true},""thumb"":{""has_data"":true,""last_update_ts"":1784118741.3386579,""mapped"":true}},""ports"":{""available"":[""BLE:Dexter""],""unavailable"":[]}}"
1784118741.3979511,1784118741.3978148,93,ble,"{""index"":{""age_s"":0.009156465530395508,""channels"":3,""force"":[-0.4023420373494382,-0.7562681872500008],""has_data"":true,""last_update_ts"":1784118741.3886583,""raw"":[16976,16139,17920]},""middle"":{""age_s"":0.009156465530395508,""channels"":3,""force"":[-0.017785729249617077,-0.034691201250002024],""has_data"":true,""last_update_ts"":1784118741.3886583,""raw"":[15766,15729,15810]},""pinky"":{""age_s"":0.009156465530395508,""channels"":3,""force"":[-1.0205163026199013,-0.7446119436300016],""has_data"":true,""last_update_ts"":1784118741.3886583,""raw"":[17417,15294,17697]},""ring"":{""age_s"":0.009156465530395508,""channels"":3,""force"":[0.27303497875087146,0.25532724119999894],""has_data"":true,""last_update_ts"":1784118741.3886583,""raw"":[15805,16373,15629]},""thumb"":{""age_s"":0.009156465530395508,""channels"":3,""force"":[0.0,-2.220446049250313e-16],""has_data"":true,""last_update_ts"":1784118741.3886583,""raw"":[0,0,0]}}","{""ble"":{""connection_state"":""connected"",""counter"":990917,""finger_order"":""DexterController.Visualizer"",""last_error"":null,""last_sample_age_s"":0.009180203007417731,""reconnect_count"":0,""sample_hz"":20.0,""sample_sequence"":92,""timestamp_us"":9706199904},""fingers"":{""index"":{""has_data"":true,""last_update_ts"":1784118741.3886583,""mapped"":true},""middle"":{""has_data"":true,""last_update_ts"":1784118741.3886583,""mapped"":true},""pinky"":{""has_data"":true,""last_update_ts"":1784118741.3886583,""mapped"":true},""ring"":{""has_data"":true,""last_update_ts"":1784118741.3886583,""mapped"":true},""thumb"":{""has_data"":true,""last_update_ts"":1784118741.3886583,""mapped"":true}},""ports"":{""available"":[""BLE:Dexter""],""unavailable"":[]}}"
1784118741.448039,1784118741.4478328,94,ble,"{""index"":{""age_s"":0.009128093719482422,""channels"":3,""force"":[-0.4018613419643131,-0.7693120789200032],""has_data"":true,""last_update_ts"":1784118741.4387047,""raw"":[16968,16132,17936]},""middle"":{""age_s"":0.009128093719482422,""channels"":3,""force"":[-0.02355407387111441,-0.035246260470000124],""has_data"":true,""last_update_ts"":1784118741.4387047,""raw"":[15772,15723,15811]},""pinky"":{""age_s"":0.009128093719482422,""channels"":3,""force"":[-1.0205163026198978,-0.7429467659700029],""has_data"":true,""last_update_ts"":1784118741.4387047,""raw"":[17416,15293,17693]},""ring"":{""age_s"":0.009128093719482422,""channels"":3,""force"":[0.29274348954098883,0.26282054066999816],""has_data"":true,""last_update_ts"":1784118741.4387047,""raw"":[15794,16403,15625]},""thumb"":{""age_s"":0.009128093719482422,""channels"":3,""force"":[0.0,-2.220446049250313e-16],""has_data"":true,""last_update_ts"":1784118741.4387047,""raw"":[0,0,0]}}","{""ble"":{""connection_state"":""connected"",""counter"":990922,""finger_order"":""DexterController.Visualizer"",""last_error"":null,""last_sample_age_s"":0.00916312899789773,""reconnect_count"":0,""sample_hz"":20.0,""sample_sequence"":93,""timestamp_us"":9706246912},""fingers"":{""index"":{""has_data"":true,""last_update_ts"":1784118741.4387047,""mapped"":true},""middle"":{""has_data"":true,""last_update_ts"":1784118741.4387047,""mapped"":true},""pinky"":{""has_data"":true,""last_update_ts"":1784118741.4387047,""mapped"":true},""ring"":{""has_data"":true,""last_update_ts"":1784118741.4387047,""mapped"":true},""thumb"":{""has_data"":true,""last_update_ts"":1784118741.4387047,""mapped"":true}},""ports"":{""available"":[""BLE:Dexter""],""unavailable"":[]}}"
1784118741.4979446,1784118741.4978137,95,ble,"{""index"":{""age_s"":0.009155035018920898,""channels"":3,""force"":[-0.39993856042381104,-0.7604311314000016],""has_data"":true,""last_update_ts"":1784118741.4886587,""raw"":[16970,16138,17924]},""middle"":{""age_s"":0.009155035018920898,""channels"":3,""force"":[-0.024996160026489633,-0.03441367163999942],""has_data"":true,""last_update_ts"":1784118741.4886587,""raw"":[15771,15719,15807]},""pinky"":{""age_s"":0.009155035018920898,""channels"":3,""force"":[-1.0253232564711467,-0.7440568844100017],""has_data"":true,""last_update_ts"":1784118741.4886587,""raw"":[17428,15295,17702]},""ring"":{""age_s"":0.009155035018920898,""channels"":3,""force"":[0.2759191510616166,0.25366206353999665],""has_data"":true,""last_update_ts"":1784118741.4886587,""raw"":[15797,16371,15627]},""thumb"":{""age_s"":0.009155035018920898,""channels"":3,""force"":[0.0,-2.220446049250313e-16],""has_data"":true,""last_update_ts"":1784118741.4886587,""raw"":[0,0,0]}}","{""ble"":{""connection_state"":""connected"",""counter"":990927,""finger_order"":""DexterController.Visualizer"",""last_error"":null,""last_sample_age_s"":0.009178869993775152,""reconnect_count"":0,""sample_hz"":20.0,""sample_sequence"":94,""timestamp_us"":9706293952},""fingers"":{""index"":{""has_data"":true,""last_update_ts"":1784118741.4886587,""mapped"":true},""middle"":{""has_data"":true,""last_update_ts"":1784118741.4886587,""mapped"":true},""pinky"":{""has_data"":true,""last_update_ts"":1784118741.4886587,""mapped"":true},""ring"":{""has_data"":true,""last_update_ts"":1784118741.4886587,""mapped"":true},""thumb"":{""has_data"":true,""last_update_ts"":1784118741.4886587,""mapped"":true}},""ports"":{""available"":[""BLE:Dexter""],""unavailable"":[]}}"
1784118741.5479457,1784118741.5478125,96,ble,"{""index"":{""age_s"":0.009154319763183594,""channels"":3,""force"":[-0.40089995119406474,-0.7598760721800017],""has_data"":true,""last_update_ts"":1784118741.5386581,""raw"":[16970,16136,17922]},""middle"":{""age_s"":0.009154319763183594,""channels"":3,""force"":[-0.020189206175242447,-0.034968730860001074],""has_data"":true,""last_update_ts"":1784118741.5386581,""raw"":[15768,15726,15810]},""pinky"":{""age_s"":0.009154319763183594,""channels"":3,""force"":[-1.0205163026198996,-0.746832180510002],""has_data"":true,""last_update_ts"":1784118741.5386581,""raw"":[17421,15298,17705]},""ring"":{""age_s"":0.009154319763183594,""channels"":3,""force"":[0.27303497875087324,0.2519968858799988],""has_data"":true,""last_update_ts"":1784118741.5386581,""raw"":[15800,16368,15630]},""thumb"":{""age_s"":0.009154319763183594,""channels"":3,""force"":[0.0,-2.220446049250313e-16],""has_data"":true,""last_update_ts"":1784118741.5386581,""raw"":[0,0,0]}}","{""ble"":{""connection_state"":""connected"",""counter"":990933,""finger_order"":""DexterController.Visualizer"",""last_error"":null,""last_sample_age_s"":0.009178849999443628,""reconnect_count"":0,""sample_hz"":20.0,""sample_sequence"":95,""timestamp_us"":9706350560},""fingers"":{""index"":{""has_data"":true,""last_update_ts"":1784118741.5386581,""mapped"":true},""middle"":{""has_data"":true,""last_update_ts"":1784118741.5386581,""mapped"":true},""pinky"":{""has_data"":true,""last_update_ts"":1784118741.5386581,""mapped"":true},""ring"":{""has_data"":true,""last_update_ts"":1784118741.5386581,""mapped"":true},""thumb"":{""has_data"":true,""last_update_ts"":1784118741.5386581,""mapped"":true}},""ports"":{""available"":[""BLE:Dexter""],""unavailable"":[]}}"
1784118741.5979471,1784118741.597816,97,ble,"{""index"":{""age_s"":0.009158849716186523,""channels"":3,""force"":[-0.4071489912006854,-0.7651491347700006],""has_data"":true,""last_update_ts"":1784118741.5886571,""raw"":[16973,16126,17928]},""middle"":{""age_s"":0.009158849716186523,""channels"":3,""force"":[-0.026438246181861302,-0.03469120125000291],""has_data"":true,""last_update_ts"":1784118741.5886571,""raw"":[15777,15722,15812]},""pinky"":{""age_s"":0.009158849716186523,""channels"":3,""force"":[-1.0248425610860217,-0.7443344140200017],""has_data"":true,""last_update_ts"":1784118741.5886571,""raw"":[17427,15295,17702]},""ring"":{""age_s"":0.009158849716186523,""channels"":3,""force"":[0.2816874956831157,0.25976771495999795],""has_data"":true,""last_update_ts"":1784118741.5886571,""raw"":[15797,16383,15622]},""thumb"":{""age_s"":0.009158849716186523,""channels"":3,""force"":[0.0,-2.220446049250313e-16],""has_data"":true,""last_update_ts"":1784118741.5886571,""raw"":[0,0,0]}}","{""ble"":{""connection_state"":""connected"",""counter"":990938,""finger_order"":""DexterController.Visualizer"",""last_error"":null,""last_sample_age_s"":0.009182107998640276,""reconnect_count"":0,""sample_hz"":20.0,""sample_sequence"":96,""timestamp_us"":9706397440},""fingers"":{""index"":{""has_data"":true,""last_update_ts"":1784118741.5886571,""mapped"":true},""middle"":{""has_data"":true,""last_update_ts"":1784118741.5886571,""mapped"":true},""pinky"":{""has_data"":true,""last_update_ts"":1784118741.5886571,""mapped"":true},""ring"":{""has_data"":true,""last_update_ts"":1784118741.5886571,""mapped"":true},""thumb"":{""has_data"":true,""last_update_ts"":1784118741.5886571,""mapped"":true}},""ports"":{""available"":[""BLE:Dexter""],""unavailable"":[]}}"
1784118741.6479576,1784118741.6478157,98,ble,"{""index"":{""age_s"":0.009157657623291016,""channels"":3,""force"":[-0.4552185297131608,-0.7207443971700016],""has_data"":true,""last_update_ts"":1784118741.638658,""raw"":[17061,16114,17886]},""middle"":{""age_s"":0.009157657623291016,""channels"":3,""force"":[0.035090763114107304,0.0024977664899994423],""has_data"":true,""last_update_ts"":1784118741.638658,""raw"":[15771,15844,15803]},""pinky"":{""age_s"":0.009157657623291016,""channels"":3,""force"":[-1.0219583887752748,-0.747109710120001],""has_data"":true,""last_update_ts"":1784118741.638658,""raw"":[17425,15299,17708]},""ring"":{""age_s"":0.009157657623291016,""channels"":3,""force"":[0.27784193260211687,0.25810253729999744],""has_data"":true,""last_update_ts"":1784118741.638658,""raw"":[15805,16383,15629]},""thumb"":{""age_s"":0.009157657623291016,""channels"":3,""force"":[0.0,-2.220446049250313e-16],""has_data"":true,""last_update_ts"":1784118741.638658,""raw"":[0,0,0]}}","{""ble"":{""connection_state"":""connected"",""counter"":990943,""finger_order"":""DexterController.Visualizer"",""last_error"":null,""last_sample_age_s"":0.00918717699823901,""reconnect_count"":0,""sample_hz"":20.0,""sample_sequence"":97,""timestamp_us"":9706444320},""fingers"":{""index"":{""has_data"":true,""last_update_ts"":1784118741.638658,""mapped"":true},""middle"":{""has_data"":true,""last_update_ts"":1784118741.638658,""mapped"":true},""pinky"":{""has_data"":true,""last_update_ts"":1784118741.638658,""mapped"":true},""ring"":{""has_data"":true,""last_update_ts"":1784118741.638658,""mapped"":true},""thumb"":{""has_data"":true,""last_update_ts"":1784118741.638658,""mapped"":true}},""ports"":{""available"":[""BLE:Dexter""],""unavailable"":[]}}"
1784118741.6979477,1784118741.6978161,99,ble,"{""index"":{""age_s"":0.009157657623291016,""channels"":3,""force"":[-0.4263768066056759,-0.7756952599500027],""has_data"":true,""last_update_ts"":1784118741.6886585,""raw"":[16977,16090,17931]},""middle"":{""age_s"":0.009157657623291016,""channels"":3,""force"":[-0.015862947709118558,-0.0679947544500017],""has_data"":true,""last_update_ts"":1784118741.6886585,""raw"":[15766,15733,15872]},""pinky"":{""age_s"":0.009157657623291016,""channels"":3,""force"":[-0.9969622287487834,-0.7310129927400038],""has_data"":true,""last_update_ts"":1784118741.6886585,""raw"":[17399,15325,17679]},""ring"":{""age_s"":0.009157657623291016,""channels"":3,""force"":[0.2860137541492431,0.27614196194999874],""has_data"":true,""last_update_ts"":1784118741.6886585,""raw"":[15794,16389,15594]},""thumb"":{""age_s"":0.009157657623291016,""channels"":3,""force"":[0.0,-2.220446049250313e-16],""has_data"":true,""last_update_ts"":1784118741.6886585,""raw"":[0,0,0]}}","{""ble"":{""connection_state"":""connected"",""counter"":990949,""finger_order"":""DexterController.Visualizer"",""last_error"":null,""last_sample_age_s"":0.009180624998407438,""reconnect_count"":0,""sample_hz"":20.0,""sample_sequence"":98,""timestamp_us"":9706500896},""fingers"":{""index"":{""has_data"":true,""last_update_ts"":1784118741.6886585,""mapped"":true},""middle"":{""has_data"":true,""last_update_ts"":1784118741.6886585,""mapped"":true},""pinky"":{""has_data"":true,""last_update_ts"":1784118741.6886585,""mapped"":true},""ring"":{""has_data"":true,""last_update_ts"":1784118741.6886585,""mapped"":true},""thumb"":{""has_data"":true,""last_update_ts"":1784118741.6886585,""mapped"":true}},""ports"":{""available"":[""BLE:Dexter""],""unavailable"":[]}}"
1784118741.7479541,1784118741.7478175,100,ble,"{""index"":{""age_s"":0.009159564971923828,""channels"":3,""force"":[-0.39417021580231726,-0.7299028743000004],""has_data"":true,""last_update_ts"":1784118741.738658,""raw"":[16988,16168,17893]},""middle"":{""age_s"":0.009159564971923828,""channels"":3,""force"":[-0.01730503386449378,-0.032748493979998905],""has_data"":true,""last_update_ts"":1784118741.738658,""raw"":[15776,15740,15817]},""pinky"":{""age_s"":0.009159564971923828,""channels"":3,""force"":[-1.0214776933901497,-0.7479422989500026],""has_data"":true,""last_update_ts"":1784118741.738658,""raw"":[17420,15295,17705]},""ring"":{""age_s"":0.009159564971923828,""channels"":3,""force"":[0.27688054183187205,0.24200581991999837],""has_data"":true,""last_update_ts"":1784118741.738658,""raw"":[15784,16360,15636]},""thumb"":{""age_s"":0.009159564971923828,""channels"":3,""force"":[0.0,-2.220446049250313e-16],""has_data"":true,""last_update_ts"":1784118741.738658,""raw"":[0,0,0]}}","{""ble"":{""connection_state"":""connected"",""counter"":990954,""finger_order"":""DexterController.Visualizer"",""last_error"":null,""last_sample_age_s"":0.009182898997096345,""reconnect_count"":0,""sample_hz"":20.0,""sample_sequence"":99,""timestamp_us"":9706547808},""fingers"":{""index"":{""has_data"":true,""last_update_ts"":1784118741.738658,""mapped"":true},""middle"":{""has_data"":true,""last_update_ts"":1784118741.738658,""mapped"":true},""pinky"":{""has_data"":true,""last_update_ts"":1784118741.738658,""mapped"":true},""ring"":{""has_data"":true,""last_update_ts"":1784118741.738658,""mapped"":true},""thumb"":{""has_data"":true,""last_update_ts"":1784118741.738658,""mapped"":true}},""ports"":{""available"":[""BLE:Dexter""],""unavailable"":[]}}"
1784118741.7979462,1784118741.7978127,101,ble,"{""index"":{""age_s"":0.009154558181762695,""channels"":3,""force"":[-0.39897716965356267,-0.7565457168600043],""has_data"":true,""last_update_ts"":1784118741.7886581,""raw"":[16971,16141,17919]},""middle"":{""age_s"":0.009154558181762695,""channels"":3,""force"":[-0.011055993857867819,-0.0657745175700013],""has_data"":true,""last_update_ts"":1784118741.7886581,""raw"":[15754,15731,15861]},""pinky"":{""age_s"":0.009154558181762695,""channels"":3,""force"":[-1.0243618657008948,-0.7518277134900027],""has_data"":true,""last_update_ts"":1784118741.7886581,""raw"":[17415,15284,17704]},""ring"":{""age_s"":0.009154558181762695,""channels"":3,""force"":[0.27111219721037294,0.25144182665999804],""has_data"":true,""last_update_ts"":1784118741.7886581,""raw"":[15794,16358,15623]},""thumb"":{""age_s"":0.009154558181762695,""channels"":3,""force"":[0.0,-2.220446049250313e-16],""has_data"":true,""last_update_ts"":1784118741.7886581,""raw"":[0,0,0]}}","{""ble"":{""connection_state"":""connected"",""counter"":990959,""finger_order"":""DexterController.Visualizer"",""last_error"":null,""last_sample_age_s"":0.009178730004350655,""reconnect_count"":0,""sample_hz"":20.0,""sample_sequence"":100,""timestamp_us"":9706594688},""fingers"":{""index"":{""has_data"":true,""last_update_ts"":1784118741.7886581,""mapped"":true},""middle"":{""has_data"":true,""last_update_ts"":1784118741.7886581,""mapped"":true},""pinky"":{""has_data"":true,""last_update_ts"":1784118741.7886581,""mapped"":true},""ring"":{""has_data"":true,""last_update_ts"":1784118741.7886581,""mapped"":true},""thumb"":{""has_data"":true,""last_update_ts"":1784118741.7886581,""mapped"":true}},""ports"":{""available"":[""BLE:Dexter""],""unavailable"":[]}}"
1784118741.8479352,1784118741.847813,102,ble,"{""index"":{""age_s"":0.009154081344604492,""channels"":3,""force"":[-0.39849647426844115,-0.7546030095900012],""has_data"":true,""last_update_ts"":1784118741.8386588,""raw"":[16973,16144,17918]},""middle"":{""age_s"":0.009154081344604492,""channels"":3,""force"":[0.00961390770249615,-0.023867546460002664],""has_data"":true,""last_update_ts"":1784118741.8386588,""raw"":[15752,15772,15805]},""pinky"":{""age_s"":0.009154081344604492,""channels"":3,""force"":[-1.0229197795455214,-0.7337882888400031],""has_data"":true,""last_update_ts"":1784118741.8386588,""raw"":[17423,15295,17681]},""ring"":{""age_s"":0.009154081344604492,""channels"":3,""force"":[0.27880332337237057,0.25310700431999766],""has_data"":true,""last_update_ts"":1784118741.8386588,""raw"":[15793,16373,15627]},""thumb"":{""age_s"":0.009154081344604492,""channels"":3,""force"":[0.0,-2.220446049250313e-16],""has_data"":true,""last_update_ts"":1784118741.8386588,""raw"":[0,0,0]}}","{""ble"":{""connection_state"":""connected"",""counter"":990965,""finger_order"":""DexterController.Visualizer"",""last_error"":null,""last_sample_age_s"":0.009178129010251723,""reconnect_count"":0,""sample_hz"":20.0,""sample_sequence"":101,""timestamp_us"":9706651168},""fingers"":{""index"":{""has_data"":true,""last_update_ts"":1784118741.8386588,""mapped"":true},""middle"":{""has_data"":true,""last_update_ts"":1784118741.8386588,""mapped"":true},""pinky"":{""has_data"":true,""last_update_ts"":1784118741.8386588,""mapped"":true},""ring"":{""has_data"":true,""last_update_ts"":1784118741.8386588,""mapped"":true},""thumb"":{""has_data"":true,""last_update_ts"":1784118741.8386588,""mapped"":true}},""ports"":{""available"":[""BLE:Dexter""],""unavailable"":[]}}"
1784118741.8979485,1784118741.897813,103,ble,"{""index"":{""age_s"":0.009154319763183594,""channels"":3,""force"":[-0.4114752496668075,-0.7737525526800031],""has_data"":true,""last_update_ts"":1784118741.8886588,""raw"":[16965,16109,17931]},""middle"":{""age_s"":0.009154319763183594,""channels"":3,""force"":[-0.011055993857869595,-0.05023285941000122],""has_data"":true,""last_update_ts"":1784118741.8886588,""raw"":[15761,15738,15840]},""pinky"":{""age_s"":0.009154319763183594,""channels"":3,""force"":[-1.0128251764579002,-0.7318455815700036],""has_data"":true,""last_update_ts"":1784118741.8886588,""raw"":[17415,15308,17680]},""ring"":{""age_s"":0.009154319763183594,""channels"":3,""force"":[0.2831295818384909,0.2811374949299994],""has_data"":true,""last_update_ts"":1784118741.8886588,""raw"":[15805,16394,15593]},""thumb"":{""age_s"":0.009154319763183594,""channels"":3,""force"":[0.0,-2.220446049250313e-16],""has_data"":true,""last_update_ts"":1784118741.8886588,""raw"":[0,0,0]}}","{""ble"":{""connection_state"":""connected"",""counter"":990970,""finger_order"":""DexterController.Visualizer"",""last_error"":null,""last_sample_age_s"":0.009177147003356367,""reconnect_count"":0,""sample_hz"":20.0,""sample_sequence"":102,""timestamp_us"":9706698272},""fingers"":{""index"":{""has_data"":true,""last_update_ts"":1784118741.8886588,""mapped"":true},""middle"":{""has_data"":true,""last_update_ts"":1784118741.8886588,""mapped"":true},""pinky"":{""has_data"":true,""last_update_ts"":1784118741.8886588,""mapped"":true},""ring"":{""has_data"":true,""last_update_ts"":1784118741.8886588,""mapped"":true},""thumb"":{""has_data"":true,""last_update_ts"":1784118741.8886588,""mapped"":true}},""ports"":{""available"":[""BLE:Dexter""],""unavailable"":[]}}"
1784118741.947973,1784118741.947815,104,ble,"{""index"":{""age_s"":0.009156465530395508,""channels"":3,""force"":[-0.3999385604238146,-0.7693120789200032],""has_data"":true,""last_update_ts"":1784118741.9386585,""raw"":[16961,16129,17931]},""middle"":{""age_s"":0.009156465530395508,""channels"":3,""force"":[-0.024996160026487857,-0.03940920462000097],""has_data"":true,""last_update_ts"":1784118741.9386585,""raw"":[15770,15718,15815]},""pinky"":{""age_s"":0.009156465530395508,""channels"":3,""force"":[-1.0176321303091491,-0.7562681872500034],""has_data"":true,""last_update_ts"":1784118741.9386585,""raw"":[17409,15292,17713]},""ring"":{""age_s"":0.009156465530395508,""channels"":3,""force"":[0.2783226279872455,0.2494991193899967],""has_data"":true,""last_update_ts"":1784118741.9386585,""raw"":[15787,16366,15627]},""thumb"":{""age_s"":0.009156465530395508,""channels"":3,""force"":[0.0,-2.220446049250313e-16],""has_data"":true,""last_update_ts"":1784118741.9386585,""raw"":[0,0,0]}}","{""ble"":{""connection_state"":""connected"",""counter"":990975,""finger_order"":""DexterController.Visualizer"",""last_error"":null,""last_sample_age_s"":0.009190923999994993,""reconnect_count"":0,""sample_hz"":20.0,""sample_sequence"":103,""timestamp_us"":9706745216},""fingers"":{""index"":{""has_data"":true,""last_update_ts"":1784118741.9386585,""mapped"":true},""middle"":{""has_data"":true,""last_update_ts"":1784118741.9386585,""mapped"":true},""pinky"":{""has_data"":true,""last_update_ts"":1784118741.9386585,""mapped"":true},""ring"":{""has_data"":true,""last_update_ts"":1784118741.9386585,""mapped"":true},""thumb"":{""has_data"":true,""last_update_ts"":1784118741.9386585,""mapped"":true}},""ports"":{""available"":[""BLE:Dexter""],""unavailable"":[]}}"
1784118741.9979503,1784118741.9978273,105,ble,"{""index"":{""age_s"":0.00916910171508789,""channels"":3,""force"":[-0.4023420373494364,-0.7623738386700003],""has_data"":true,""last_update_ts"":1784118741.9886582,""raw"":[16970,16133,17925]},""middle"":{""age_s"":0.00916910171508789,""channels"":3,""force"":[-0.02018920617524067,-0.037744026960000454],""has_data"":true,""last_update_ts"":1784118741.9886582,""raw"":[15764,15722,15811]},""pinky"":{""age_s"":0.00916910171508789,""channels"":3,""force"":[-1.0214776933901497,-0.7490524173900006],""has_data"":true,""last_update_ts"":1784118741.9886582,""raw"":[17420,15295,17707]},""ring"":{""age_s"":0.00916910171508789,""channels"":3,""force"":[0.2735156741359983,0.25671488924999775],""has_data"":true,""last_update_ts"":1784118741.9886582,""raw"":[15799,16368,15621]},""thumb"":{""age_s"":0.00916910171508789,""channels"":3,""force"":[0.0,-2.220446049250313e-16],""has_data"":true,""last_update_ts"":1784118741.9886582,""raw"":[0,0,0]}}","{""ble"":{""connection_state"":""connected"",""counter"":990981,""finger_order"":""DexterController.Visualizer"",""last_error"":null,""last_sample_age_s"":0.009194061000016518,""reconnect_count"":0,""sample_hz"":20.0,""sample_sequence"":104,""timestamp_us"":9706801568},""fingers"":{""index"":{""has_data"":true,""last_update_ts"":1784118741.9886582,""mapped"":true},""middle"":{""has_data"":true,""last_update_ts"":1784118741.9886582,""mapped"":true},""pinky"":{""has_data"":true,""last_update_ts"":1784118741.9886582,""mapped"":true},""ring"":{""has_data"":true,""last_update_ts"":1784118741.9886582,""mapped"":true},""thumb"":{""has_data"":true,""last_update_ts"":1784118741.9886582,""mapped"":true}},""ports"":{""available"":[""BLE:Dexter""],""unavailable"":[]}}"
1784118742.0479283,1784118742.047816,106,ble,"{""index"":{""age_s"":0.009157419204711914,""channels"":3,""force"":[-0.3792686588634453,-0.7324006407899999],""has_data"":true,""last_update_ts"":1784118742.0386586,""raw"":[16922,16133,17847]},""middle"":{""age_s"":0.009157419204711914,""channels"":3,""force"":[-0.027880332337236524,0.0632767510799983],""has_data"":true,""last_update_ts"":1784118742.0386586,""raw"":[15706,15648,15563]},""pinky"":{""age_s"":0.009157419204711914,""channels"":3,""force"":[1.1080028627126097,0.29112856088999983],""has_data"":true,""last_update_ts"":1784118742.0386586,""raw"":[16795,19100,17423]},""ring"":{""age_s"":0.009157419204711914,""channels"":3,""force"":[0.35571458499233444,0.6344326884599987],""has_data"":true,""last_update_ts"":1784118742.0386586,""raw"":[15714,16454,14941]},""thumb"":{""age_s"":0.009157419204711914,""channels"":3,""force"":[0.0,-2.220446049250313e-16],""has_data"":true,""last_update_ts"":1784118742.0386586,""raw"":[0,0,0]}}","{""ble"":{""connection_state"":""connected"",""counter"":990986,""finger_order"":""DexterController.Visualizer"",""last_error"":null,""last_sample_age_s"":0.009180695007671602,""reconnect_count"":0,""sample_hz"":20.0,""sample_sequence"":105,""timestamp_us"":9706848576},""fingers"":{""index"":{""has_data"":true,""last_update_ts"":1784118742.0386586,""mapped"":true},""middle"":{""has_data"":true,""last_update_ts"":1784118742.0386586,""mapped"":true},""pinky"":{""has_data"":true,""last_update_ts"":1784118742.0386586,""mapped"":true},""ring"":{""has_data"":true,""last_update_ts"":1784118742.0386586,""mapped"":true},""thumb"":{""has_data"":true,""last_update_ts"":1784118742.0386586,""mapped"":true}},""ports"":{""available"":[""BLE:Dexter""],""unavailable"":[]}}"
1784118742.097941,1784118742.0978184,107,ble,"{""index"":{""age_s"":0.009142160415649414,""channels"":3,""force"":[-0.3715775327014512,-0.7246298117099998],""has_data"":true,""last_update_ts"":1784118742.0886762,""raw"":[16965,16192,17884]},""middle"":{""age_s"":0.009142160415649414,""channels"":3,""force"":[-0.021631292330614116,-0.02858554983000161],""has_data"":true,""last_update_ts"":1784118742.0886762,""raw"":[15774,15729,15803]},""pinky"":{""age_s"":0.009142160415649414,""channels"":3,""force"":[-1.0234004749306482,-0.7446119436300034],""has_data"":true,""last_update_ts"":1784118742.0886762,""raw"":[17424,15295,17701]},""ring"":{""age_s"":0.009142160415649414,""channels"":3,""force"":[0.2773612372169936,0.2556047708099971],""has_data"":true,""last_update_ts"":1784118742.0886762,""raw"":[15794,16371,15622]},""thumb"":{""age_s"":0.009142160415649414,""channels"":3,""force"":[0.0,-2.220446049250313e-16],""has_data"":true,""last_update_ts"":1784118742.0886762,""raw"":[0,0,0]}}","{""ble"":{""connection_state"":""connected"",""counter"":990991,""finger_order"":""DexterController.Visualizer"",""last_error"":null,""last_sample_age_s"":0.009165103998384438,""reconnect_count"":0,""sample_hz"":20.0,""sample_sequence"":106,""timestamp_us"":9706895616},""fingers"":{""index"":{""has_data"":true,""last_update_ts"":1784118742.0886762,""mapped"":true},""middle"":{""has_data"":true,""last_update_ts"":1784118742.0886762,""mapped"":true},""pinky"":{""has_data"":true,""last_update_ts"":1784118742.0886762,""mapped"":true},""ring"":{""has_data"":true,""last_update_ts"":1784118742.0886762,""mapped"":true},""thumb"":{""has_data"":true,""last_update_ts"":1784118742.0886762,""mapped"":true}},""ports"":{""available"":[""BLE:Dexter""],""unavailable"":[]}}"
1784118742.147947,1784118742.1478171,108,ble,"{""index"":{""age_s"":0.00915837287902832,""channels"":3,""force"":[-0.38984395733619337,-0.5780941776300015],""has_data"":true,""last_update_ts"":1784118742.1386588,""raw"":[17080,16269,17716]},""middle"":{""age_s"":0.00915837287902832,""channels"":3,""force"":[-0.019708510790115596,-0.03136084593000277],""has_data"":true,""last_update_ts"":1784118742.1386588,""raw"":[15766,15725,15802]},""pinky"":{""age_s"":0.00915837287902832,""channels"":3,""force"":[-1.0200356072347727,-0.7476647693400018],""has_data"":true,""last_update_ts"":1784118742.1386588,""raw"":[17418,15296,17704]},""ring"":{""age_s"":0.00915837287902832,""channels"":3,""force"":[0.2744770649062449,0.2578250076899984],""has_data"":true,""last_update_ts"":1784118742.1386588,""raw"":[15801,16372,15622]},""thumb"":{""age_s"":0.00915837287902832,""channels"":3,""force"":[0.0,-2.220446049250313e-16],""has_data"":true,""last_update_ts"":1784118742.1386588,""raw"":[0,0,0]}}","{""ble"":{""connection_state"":""connected"",""counter"":990996,""finger_order"":""DexterController.Visualizer"",""last_error"":null,""last_sample_age_s"":0.009180213994113728,""reconnect_count"":0,""sample_hz"":20.0,""sample_sequence"":107,""timestamp_us"":9706942688},""fingers"":{""index"":{""has_data"":true,""last_update_ts"":1784118742.1386588,""mapped"":true},""middle"":{""has_data"":true,""last_update_ts"":1784118742.1386588,""mapped"":true},""pinky"":{""has_data"":true,""last_update_ts"":1784118742.1386588,""mapped"":true},""ring"":{""has_data"":true,""last_update_ts"":1784118742.1386588,""mapped"":true},""thumb"":{""has_data"":true,""last_update_ts"":1784118742.1386588,""mapped"":true}},""ports"":{""available"":[""BLE:Dexter""],""unavailable"":[]}}"
1784118742.1979387,1784118742.1978076,109,ble,"{""index"":{""age_s"":0.009148836135864258,""channels"":3,""force"":[-0.42926097891642456,-0.5298040254900016],""has_data"":true,""last_update_ts"":1784118742.1886587,""raw"":[17154,16261,17662]},""middle"":{""age_s"":0.009148836135864258,""channels"":3,""force"":[-0.019708510790115596,-0.03635637891000343],""has_data"":true,""last_update_ts"":1784118742.1886587,""raw"":[15760,15719,15805]},""pinky"":{""age_s"":0.009148836135864258,""channels"":3,""force"":[-1.0181128256942724,-0.7471097101200019],""has_data"":true,""last_update_ts"":1784118742.1886587,""raw"":[17415,15297,17702]},""ring"":{""age_s"":0.009148836135864258,""channels"":3,""force"":[0.2797647141426207,0.2569924188599968],""has_data"":true,""last_update_ts"":1784118742.1886587,""raw"":[15800,16382,15628]},""thumb"":{""age_s"":0.009148836135864258,""channels"":3,""force"":[0.0,-2.220446049250313e-16],""has_data"":true,""last_update_ts"":1784118742.1886587,""raw"":[0,0,0]}}","{""ble"":{""connection_state"":""connected"",""counter"":991002,""finger_order"":""DexterController.Visualizer"",""last_error"":null,""last_sample_age_s"":0.009172698002657853,""reconnect_count"":0,""sample_hz"":20.0,""sample_sequence"":108,""timestamp_us"":9706999136},""fingers"":{""index"":{""has_data"":true,""last_update_ts"":1784118742.1886587,""mapped"":true},""middle"":{""has_data"":true,""last_update_ts"":1784118742.1886587,""mapped"":true},""pinky"":{""has_data"":true,""last_update_ts"":1784118742.1886587,""mapped"":true},""ring"":{""has_data"":true,""last_update_ts"":1784118742.1886587,""mapped"":true},""thumb"":{""has_data"":true,""last_update_ts"":1784118742.1886587,""mapped"":true}},""ports"":{""available"":[""BLE:Dexter""],""unavailable"":[]}}"
1784118742.247961,1784118742.2478287,110,ble,"{""index"":{""age_s"":0.009168863296508789,""channels"":3,""force"":[-0.3850370034849462,-0.5975212503300025],""has_data"":true,""last_update_ts"":1784118742.2386599,""raw"":[17057,16256,17733]},""middle"":{""age_s"":0.009168863296508789,""channels"":3,""force"":[-0.023073378485989338,-0.03219343476000169],""has_data"":true,""last_update_ts"":1784118742.2386599,""raw"":[15769,15721,15803]},""pinky"":{""age_s"":0.009168863296508789,""channels"":3,""force"":[-1.0248425610860235,-0.7365635849400007],""has_data"":true,""last_update_ts"":1784118742.2386599,""raw"":[17425,15293,17686]},""ring"":{""age_s"":0.009168863296508789,""channels"":3,""force"":[0.276399846446747,0.25504971158999634],""has_data"":true,""last_update_ts"":1784118742.2386599,""raw"":[15799,16374,15627]},""thumb"":{""age_s"":0.009168863296508789,""channels"":3,""force"":[0.0,-2.220446049250313e-16],""has_data"":true,""last_update_ts"":1784118742.2386599,""raw"":[0,0,0]}}","{""ble"":{""connection_state"":""connected"",""counter"":991007,""finger_order"":""DexterController.Visualizer"",""last_error"":null,""last_sample_age_s"":0.009191656004986726,""reconnect_count"":0,""sample_hz"":20.0,""sample_sequence"":109,""timestamp_us"":9707046176},""fingers"":{""index"":{""has_data"":true,""last_update_ts"":1784118742.2386599,""mapped"":true},""middle"":{""has_data"":true,""last_update_ts"":1784118742.2386599,""mapped"":true},""pinky"":{""has_data"":true,""last_update_ts"":1784118742.2386599,""mapped"":true},""ring"":{""has_data"":true,""last_update_ts"":1784118742.2386599,""mapped"":true},""thumb"":{""has_data"":true,""last_update_ts"":1784118742.2386599,""mapped"":true}},""ports"":{""available"":[""BLE:Dexter""],""unavailable"":[]}}"
1784118742.2979455,1784118742.2978134,111,ble,"{""index"":{""age_s"":0.009154558181762695,""channels"":3,""force"":[-0.388882566565945,-0.5747638223100004],""has_data"":true,""last_update_ts"":1784118742.2886589,""raw"":[17076,16267,17707]},""middle"":{""age_s"":0.009154558181762695,""channels"":3,""force"":[-0.021631292330614116,-0.03358108281000227],""has_data"":true,""last_update_ts"":1784118742.2886589,""raw"":[15770,15725,15808]},""pinky"":{""age_s"":0.009154558181762695,""channels"":3,""force"":[-1.0229197795455196,-0.7515501838800036],""has_data"":true,""last_update_ts"":1784118742.2886589,""raw"":[17415,15287,17705]},""ring"":{""age_s"":0.009154558181762695,""channels"":3,""force"":[0.2735156741359983,0.25282947470999684],""has_data"":true,""last_update_ts"":1784118742.2886589,""raw"":[15800,16369,15629]},""thumb"":{""age_s"":0.009154558181762695,""channels"":3,""force"":[0.0,-2.220446049250313e-16],""has_data"":true,""last_update_ts"":1784118742.2886589,""raw"":[0,0,0]}}","{""ble"":{""connection_state"":""connected"",""counter"":991012,""finger_order"":""DexterController.Visualizer"",""last_error"":null,""last_sample_age_s"":0.009177999003441073,""reconnect_count"":0,""sample_hz"":20.0,""sample_sequence"":110,""timestamp_us"":9707093216},""fingers"":{""index"":{""has_data"":true,""last_update_ts"":1784118742.2886589,""mapped"":true},""middle"":{""has_data"":true,""last_update_ts"":1784118742.2886589,""mapped"":true},""pinky"":{""has_data"":true,""last_update_ts"":1784118742.2886589,""mapped"":true},""ring"":{""has_data"":true,""last_update_ts"":1784118742.2886589,""mapped"":true},""thumb"":{""has_data"":true,""last_update_ts"":1784118742.2886589,""mapped"":true}},""ports"":{""available"":[""BLE:Dexter""],""unavailable"":[]}}"
1784118742.3479278,1784118742.3477995,112,ble,"{""index"":{""age_s"":0.009140491485595703,""channels"":3,""force"":[-0.3585987573030831,-0.5844773586600018],""has_data"":true,""last_update_ts"":1784118742.338659,""raw"":[17006,16260,17686]},""middle"":{""age_s"":0.009140491485595703,""channels"":3,""force"":[-0.02980311387773682,0.06438686951999717],""has_data"":true,""last_update_ts"":1784118742.338659,""raw"":[15702,15640,15555]},""pinky"":{""age_s"":0.009140491485595703,""channels"":3,""force"":[1.134921804279596,0.30389492294999965],""has_data"":true,""last_update_ts"":1784118742.338659,""raw"":[16782,19143,17415]},""ring"":{""age_s"":0.009140491485595703,""channels"":3,""force"":[0.35571458499233444,0.6399832806599992],""has_data"":true,""last_update_ts"":1784118742.338659,""raw"":[15715,16455,14932]},""thumb"":{""age_s"":0.009140491485595703,""channels"":3,""force"":[0.0,-2.220446049250313e-16],""has_data"":true,""last_update_ts"":1784118742.338659,""raw"":[0,0,0]}}","{""ble"":{""connection_state"":""connected"",""counter"":991018,""finger_order"":""DexterController.Visualizer"",""last_error"":null,""last_sample_age_s"":0.009163871000055224,""reconnect_count"":0,""sample_hz"":20.0,""sample_sequence"":111,""timestamp_us"":9707149664},""fingers"":{""index"":{""has_data"":true,""last_update_ts"":1784118742.338659,""mapped"":true},""middle"":{""has_data"":true,""last_update_ts"":1784118742.338659,""mapped"":true},""pinky"":{""has_data"":true,""last_update_ts"":1784118742.338659,""mapped"":true},""ring"":{""has_data"":true,""last_update_ts"":1784118742.338659,""mapped"":true},""thumb"":{""has_data"":true,""last_update_ts"":1784118742.338659,""mapped"":true}},""ports"":{""available"":[""BLE:Dexter""],""unavailable"":[]}}"
1784118742.3980894,1784118742.3979406,113,ble,"{""index"":{""age_s"":0.009241819381713867,""channels"":3,""force"":[-0.4148401173626812,-0.6768947187900007],""has_data"":true,""last_update_ts"":1784118742.3886988,""raw"":[17043,16180,17831]},""middle"":{""age_s"":0.009241819381713867,""channels"":3,""force"":[-0.02595755079673978,-0.039964263840000847],""has_data"":true,""last_update_ts"":1784118742.3886988,""raw"":[15771,15717,15816]},""pinky"":{""age_s"":0.009241819381713867,""channels"":3,""force"":[-1.021958388775273,-0.735453466500001],""has_data"":true,""last_update_ts"":1784118742.3886988,""raw"":[17424,15298,17686]},""ring"":{""age_s"":0.009241819381713867,""channels"":3,""force"":[0.27639984644674875,0.2617104222299975],""has_data"":true,""last_update_ts"":1784118742.3886988,""raw"":[15807,16382,15623]},""thumb"":{""age_s"":0.009241819381713867,""channels"":3,""force"":[0.0,-2.220446049250313e-16],""has_data"":true,""last_update_ts"":1784118742.3886988,""raw"":[0,0,0]}}","{""ble"":{""connection_state"":""connected"",""counter"":991023,""finger_order"":""DexterController.Visualizer"",""last_error"":null,""last_sample_age_s"":0.009274919997551478,""reconnect_count"":0,""sample_hz"":20.0,""sample_sequence"":112,""timestamp_us"":9707196768},""fingers"":{""index"":{""has_data"":true,""last_update_ts"":1784118742.3886988,""mapped"":true},""middle"":{""has_data"":true,""last_update_ts"":1784118742.3886988,""mapped"":true},""pinky"":{""has_data"":true,""last_update_ts"":1784118742.3886988,""mapped"":true},""ring"":{""has_data"":true,""last_update_ts"":1784118742.3886988,""mapped"":true},""thumb"":{""has_data"":true,""last_update_ts"":1784118742.3886988,""mapped"":true}},""ports"":{""available"":[""BLE:Dexter""],""unavailable"":[]}}"
1784118742.447946,1784118742.4478126,114,ble,"{""index"":{""age_s"":0.009112358093261719,""channels"":3,""force"":[-0.4023420373494364,-0.7801357337100008],""has_data"":true,""last_update_ts"":1784118742.4387002,""raw"":[16959,16122,17946]},""middle"":{""age_s"":0.009112358093261719,""channels"":3,""force"":[-0.016824338479368706,-0.04412720799000258],""has_data"":true,""last_update_ts"":1784118742.4387002,""raw"":[15756,15721,15818]},""pinky"":{""age_s"":0.009112358093261719,""channels"":3,""force"":[-1.0181128256942724,-0.7432242955800001],""has_data"":true,""last_update_ts"":1784118742.4387002,""raw"":[17411,15293,17691]},""ring"":{""age_s"":0.009112358093261719,""channels"":3,""force"":[0.2739963695211216,0.24922158977999675],""has_data"":true,""last_update_ts"":1784118742.4387002,""raw"":[15792,16362,15628]},""thumb"":{""age_s"":0.009112358093261719,""channels"":3,""force"":[0.0,-2.220446049250313e-16],""has_data"":true,""last_update_ts"":1784118742.4387002,""raw"":[0,0,0]}}","{""ble"":{""connection_state"":""connected"",""counter"":991028,""finger_order"":""DexterController.Visualizer"",""last_error"":null,""last_sample_age_s"":0.009136357009992935,""reconnect_count"":0,""sample_hz"":20.0,""sample_sequence"":113,""timestamp_us"":9707243744},""fingers"":{""index"":{""has_data"":true,""last_update_ts"":1784118742.4387002,""mapped"":true},""middle"":{""has_data"":true,""last_update_ts"":1784118742.4387002,""mapped"":true},""pinky"":{""has_data"":true,""last_update_ts"":1784118742.4387002,""mapped"":true},""ring"":{""has_data"":true,""last_update_ts"":1784118742.4387002,""mapped"":true},""thumb"":{""has_data"":true,""last_update_ts"":1784118742.4387002,""mapped"":true}},""ports"":{""available"":[""BLE:Dexter""],""unavailable"":[]}}"
1784118742.4979503,1784118742.4978173,115,ble,"{""index"":{""age_s"":0.009158134460449219,""channels"":3,""force"":[-0.3965736927279391,-0.7546030095899994],""has_data"":true,""last_update_ts"":1784118742.4886591,""raw"":[16970,16145,17917]},""middle"":{""age_s"":0.009158134460449219,""channels"":3,""force"":[-0.02307337848598756,-0.03552379008000184],""has_data"":true,""last_update_ts"":1784118742.4886591,""raw"":[15770,15722,15810]},""pinky"":{""age_s"":0.009158134460449219,""channels"":3,""force"":[-1.0253232564711485,-0.7429467659700011],""has_data"":true,""last_update_ts"":1784118742.4886591,""raw"":[17425,15292,17697]},""ring"":{""age_s"":0.009158134460449219,""channels"":3,""force"":[0.2735156741359983,0.24783394172999795],""has_data"":true,""last_update_ts"":1784118742.4886591,""raw"":[15796,16365,15634]},""thumb"":{""age_s"":0.009158134460449219,""channels"":3,""force"":[0.0,-2.220446049250313e-16],""has_data"":true,""last_update_ts"":1784118742.4886591,""raw"":[0,0,0]}}","{""ble"":{""connection_state"":""connected"",""counter"":991034,""finger_order"":""DexterController.Visualizer"",""last_error"":null,""last_sample_age_s"":0.009181415996863507,""reconnect_count"":0,""sample_hz"":20.0,""sample_sequence"":114,""timestamp_us"":9707300320},""fingers"":{""index"":{""has_data"":true,""last_update_ts"":1784118742.4886591,""mapped"":true},""middle"":{""has_data"":true,""last_update_ts"":1784118742.4886591,""mapped"":true},""pinky"":{""has_data"":true,""last_update_ts"":1784118742.4886591,""mapped"":true},""ring"":{""has_data"":true,""last_update_ts"":1784118742.4886591,""mapped"":true},""thumb"":{""has_data"":true,""last_update_ts"":1784118742.4886591,""mapped"":true}},""ports"":{""available"":[""BLE:Dexter""],""unavailable"":[]}}"
1784118742.5479465,1784118742.547813,116,ble,"{""index"":{""age_s"":0.009154081344604492,""channels"":3,""force"":[-0.4004192558089379,-0.7368411145500025],""has_data"":true,""last_update_ts"":1784118742.5386589,""raw"":[16984,16151,17895]},""middle"":{""age_s"":0.009154081344604492,""channels"":3,""force"":[-0.019708510790117373,-0.02247989840999942],""has_data"":true,""last_update_ts"":1784118742.5386589,""raw"":[15776,15735,15796]},""pinky"":{""age_s"":0.009154081344604492,""channels"":3,""force"":[-1.0205163026198996,-0.7784705560499994],""has_data"":true,""last_update_ts"":1784118742.5386589,""raw"":[17391,15268,17732]},""ring"":{""age_s"":0.009154081344604492,""channels"":3,""force"":[0.2744770649062467,0.24117323108999944],""has_data"":true,""last_update_ts"":1784118742.5386589,""raw"":[15792,16363,15643]},""thumb"":{""age_s"":0.009154081344604492,""channels"":3,""force"":[0.0,-2.220446049250313e-16],""has_data"":true,""last_update_ts"":1784118742.5386589,""raw"":[0,0,0]}}","{""ble"":{""connection_state"":""connected"",""counter"":991039,""finger_order"":""DexterController.Visualizer"",""last_error"":null,""last_sample_age_s"":0.009177227009786293,""reconnect_count"":0,""sample_hz"":20.0,""sample_sequence"":115,""timestamp_us"":9707347200},""fingers"":{""index"":{""has_data"":true,""last_update_ts"":1784118742.5386589,""mapped"":true},""middle"":{""has_data"":true,""last_update_ts"":1784118742.5386589,""mapped"":true},""pinky"":{""has_data"":true,""last_update_ts"":1784118742.5386589,""mapped"":true},""ring"":{""has_data"":true,""last_update_ts"":1784118742.5386589,""mapped"":true},""thumb"":{""has_data"":true,""last_update_ts"":1784118742.5386589,""mapped"":true}},""ports"":{""available"":[""BLE:Dexter""],""unavailable"":[]}}"
1784118742.5980506,1784118742.5978303,117,ble,"{""index"":{""age_s"":0.009124040603637695,""channels"":3,""force"":[-0.3797493542485739,-0.7271275781999993],""has_data"":true,""last_update_ts"":1784118742.5887063,""raw"":[16973,16183,17888]},""middle"":{""age_s"":0.009124040603637695,""channels"":3,""force"":[-0.024996160026489633,-0.0643868695200025],""has_data"":true,""last_update_ts"":1784118742.5887063,""raw"":[15752,15700,15842]},""pinky"":{""age_s"":0.009124040603637695,""channels"":3,""force"":[-1.004172659525656,-0.8228752936500037],""has_data"":true,""last_update_ts"":1784118742.5887063,""raw"":[17349,15260,17787]},""ring"":{""age_s"":0.009124040603637695,""channels"":3,""force"":[0.28745584030461657,0.20759214827999806],""has_data"":true,""last_update_ts"":1784118742.5887063,""raw"":[15753,16351,15678]},""thumb"":{""age_s"":0.009124040603637695,""channels"":3,""force"":[0.0,-2.220446049250313e-16],""has_data"":true,""last_update_ts"":1784118742.5887063,""raw"":[0,0,0]}}","{""ble"":{""connection_state"":""connected"",""counter"":991044,""finger_order"":""DexterController.Visualizer"",""last_error"":null,""last_sample_age_s"":0.009166957999696024,""reconnect_count"":0,""sample_hz"":20.0,""sample_sequence"":116,""timestamp_us"":9707394208},""fingers"":{""index"":{""has_data"":true,""last_update_ts"":1784118742.5887063,""mapped"":true},""middle"":{""has_data"":true,""last_update_ts"":1784118742.5887063,""mapped"":true},""pinky"":{""has_data"":true,""last_update_ts"":1784118742.5887063,""mapped"":true},""ring"":{""has_data"":true,""last_update_ts"":1784118742.5887063,""mapped"":true},""thumb"":{""has_data"":true,""last_update_ts"":1784118742.5887063,""mapped"":true}},""ports"":{""available"":[""BLE:Dexter""],""unavailable"":[]}}"
1784118742.6479316,1784118742.647812,118,ble,"{""index"":{""age_s"":0.009107828140258789,""channels"":3,""force"":[-0.39705438811306415,-0.7448894732400007],""has_data"":true,""last_update_ts"":1784118742.638704,""raw"":[16976,16150,17905]},""middle"":{""age_s"":0.009107828140258789,""channels"":3,""force"":[-0.023554073871112635,-0.03968673423000091],""has_data"":true,""last_update_ts"":1784118742.638704,""raw"":[15769,15720,15816]},""pinky"":{""age_s"":0.009107828140258789,""channels"":3,""force"":[-1.039263422639765,-0.7654266643800023],""has_data"":true,""last_update_ts"":1784118742.638704,""raw"":[17422,15260,17720]},""ring"":{""age_s"":0.009107828140258789,""channels"":3,""force"":[0.26149828950788034,0.23978558303999886],""has_data"":true,""last_update_ts"":1784118742.638704,""raw"":[15807,16351,15647]},""thumb"":{""age_s"":0.009107828140258789,""channels"":3,""force"":[0.0,-2.220446049250313e-16],""has_data"":true,""last_update_ts"":1784118742.638704,""raw"":[0,0,0]}}","{""ble"":{""connection_state"":""connected"",""counter"":991050,""finger_order"":""DexterController.Visualizer"",""last_error"":null,""last_sample_age_s"":0.009130374994128942,""reconnect_count"":0,""sample_hz"":20.0,""sample_sequence"":117,""timestamp_us"":9707450592},""fingers"":{""index"":{""has_data"":true,""last_update_ts"":1784118742.638704,""mapped"":true},""middle"":{""has_data"":true,""last_update_ts"":1784118742.638704,""mapped"":true},""pinky"":{""has_data"":true,""last_update_ts"":1784118742.638704,""mapped"":true},""ring"":{""has_data"":true,""last_update_ts"":1784118742.638704,""mapped"":true},""thumb"":{""has_data"":true,""last_update_ts"":1784118742.638704,""mapped"":true}},""ports"":{""available"":[""BLE:Dexter""],""unavailable"":[]}}"
1784118742.6980484,1784118742.697834,119,ble,"{""index"":{""age_s"":0.009130239486694336,""channels"":3,""force"":[-0.40955246812630897,-0.7687570197000033],""has_data"":true,""last_update_ts"":1784118742.6887038,""raw"":[16979,16127,17938]},""middle"":{""age_s"":0.009130239486694336,""channels"":3,""force"":[-0.028841723107490225,-0.03663390852000248],""has_data"":true,""last_update_ts"":1784118742.6887038,""raw"":[15776,15716,15812]},""pinky"":{""age_s"":0.009130239486694336,""channels"":3,""force"":[-1.0238811703157733,-0.7398939402600009],""has_data"":true,""last_update_ts"":1784118742.6887038,""raw"":[17421,15291,17689]},""ring"":{""age_s"":0.009130239486694336,""channels"":3,""force"":[0.27351567413599653,0.26559583676999843],""has_data"":true,""last_update_ts"":1784118742.6887038,""raw"":[15813,16382,15619]},""thumb"":{""age_s"":0.009130239486694336,""channels"":3,""force"":[0.0,-2.220446049250313e-16],""has_data"":true,""last_update_ts"":1784118742.6887038,""raw"":[0,0,0]}}","{""ble"":{""connection_state"":""connected"",""counter"":991055,""finger_order"":""DexterController.Visualizer"",""last_error"":null,""last_sample_age_s"":0.009164471994154155,""reconnect_count"":0,""sample_hz"":20.0,""sample_sequence"":118,""timestamp_us"":9707497504},""fingers"":{""index"":{""has_data"":true,""last_update_ts"":1784118742.6887038,""mapped"":true},""middle"":{""has_data"":true,""last_update_ts"":1784118742.6887038,""mapped"":true},""pinky"":{""has_data"":true,""last_update_ts"":1784118742.6887038,""mapped"":true},""ring"":{""has_data"":true,""last_update_ts"":1784118742.6887038,""mapped"":true},""thumb"":{""has_data"":true,""last_update_ts"":1784118742.6887038,""mapped"":true}},""ports"":{""available"":[""BLE:Dexter""],""unavailable"":[]}}"
1784118742.7479455,1784118742.7478137,120,ble,"{""index"":{""age_s"":0.009154319763183594,""channels"":3,""force"":[-0.496077637448769,-0.7043701501800008],""has_data"":true,""last_update_ts"":1784118742.7386594,""raw"":[17131,16099,17884]},""middle"":{""age_s"":0.009154319763183594,""channels"":3,""force"":[-0.021150596945490818,-0.02886307944000066],""has_data"":true,""last_update_ts"":1784118742.7386594,""raw"":[15773,15729,15803]},""pinky"":{""age_s"":0.009154319763183594,""channels"":3,""force"":[-1.02484256108602,-0.7471097101200002],""has_data"":true,""last_update_ts"":1784118742.7386594,""raw"":[17423,15291,17703]},""ring"":{""age_s"":0.009154319763183594,""channels"":3,""force"":[0.27207358798061954,0.25088676743999905],""has_data"":true,""last_update_ts"":1784118742.7386594,""raw"":[15801,16367,15632]},""thumb"":{""age_s"":0.009154319763183594,""channels"":3,""force"":[0.0,-2.220446049250313e-16],""has_data"":true,""last_update_ts"":1784118742.7386594,""raw"":[0,0,0]}}","{""ble"":{""connection_state"":""connected"",""counter"":991060,""finger_order"":""DexterController.Visualizer"",""last_error"":null,""last_sample_age_s"":0.009177658008411527,""reconnect_count"":0,""sample_hz"":20.0,""sample_sequence"":119,""timestamp_us"":9707544448},""fingers"":{""index"":{""has_data"":true,""last_update_ts"":1784118742.7386594,""mapped"":true},""middle"":{""has_data"":true,""last_update_ts"":1784118742.7386594,""mapped"":true},""pinky"":{""has_data"":true,""last_update_ts"":1784118742.7386594,""mapped"":true},""ring"":{""has_data"":true,""last_update_ts"":1784118742.7386594,""mapped"":true},""thumb"":{""has_data"":true,""last_update_ts"":1784118742.7386594,""mapped"":true}},""ports"":{""available"":[""BLE:Dexter""],""unavailable"":[]}}"
1784118742.7979548,1784118742.7978234,121,ble,"{""index"":{""age_s"":0.009165287017822266,""channels"":3,""force"":[-0.4109945542816824,-0.7151938049700002],""has_data"":true,""last_update_ts"":1784118742.7886581,""raw"":[17023,16168,17884]},""middle"":{""age_s"":0.009165287017822266,""channels"":3,""force"":[-0.008652516932244225,-0.01054612518000031],""has_data"":true,""last_update_ts"":1784118742.7886581,""raw"":[15769,15751,15779]},""pinky"":{""age_s"":0.009165287017822266,""channels"":3,""force"":[-1.0147479579984005,-0.7534928911500014],""has_data"":true,""last_update_ts"":1784118742.7886581,""raw"":[17410,15299,17712]},""ring"":{""age_s"":0.009165287017822266,""channels"":3,""force"":[0.26678593874425083,0.24894406016999948],""has_data"":true,""last_update_ts"":1784118742.7886581,""raw"":[15802,16357,15631]},""thumb"":{""age_s"":0.009165287017822266,""channels"":3,""force"":[0.0,-2.220446049250313e-16],""has_data"":true,""last_update_ts"":1784118742.7886581,""raw"":[0,0,0]}}","{""ble"":{""connection_state"":""connected"",""counter"":991066,""finger_order"":""DexterController.Visualizer"",""last_error"":null,""last_sample_age_s"":0.00918809800350573,""reconnect_count"":0,""sample_hz"":20.0,""sample_sequence"":120,""timestamp_us"":9707601088},""fingers"":{""index"":{""has_data"":true,""last_update_ts"":1784118742.7886581,""mapped"":true},""middle"":{""has_data"":true,""last_update_ts"":1784118742.7886581,""mapped"":true},""pinky"":{""has_data"":true,""last_update_ts"":1784118742.7886581,""mapped"":true},""ring"":{""has_data"":true,""last_update_ts"":1784118742.7886581,""mapped"":true},""thumb"":{""has_data"":true,""last_update_ts"":1784118742.7886581,""mapped"":true}},""ports"":{""available"":[""BLE:Dexter""],""unavailable"":[]}}"
1784118742.8479462,1784118742.847814,122,ble,"{""index"":{""age_s"":0.009155511856079102,""channels"":3,""force"":[-0.3869597850254465,-0.722409574830003],""has_data"":true,""last_update_ts"":1784118742.8386586,""raw"":[16987,16182,17886]},""middle"":{""age_s"":0.009155511856079102,""channels"":3,""force"":[-0.010575298472744521,-0.034413671640002086],""has_data"":true,""last_update_ts"":1784118742.8386586,""raw"":[15761,15739,15812]},""pinky"":{""age_s"":0.009155511856079102,""channels"":3,""force"":[-1.0209969980050229,-0.7509951246600028],""has_data"":true,""last_update_ts"":1784118742.8386586,""raw"":[17410,15286,17701]},""ring"":{""age_s"":0.009155511856079102,""channels"":3,""force"":[0.27399636952112516,0.24922158977999853],""has_data"":true,""last_update_ts"":1784118742.8386586,""raw"":[15795,16365,15631]},""thumb"":{""age_s"":0.009155511856079102,""channels"":3,""force"":[0.0,-2.220446049250313e-16],""has_data"":true,""last_update_ts"":1784118742.8386586,""raw"":[0,0,0]}}","{""ble"":{""connection_state"":""connected"",""counter"":991071,""finger_order"":""DexterController.Visualizer"",""last_error"":null,""last_sample_age_s"":0.009177658997941762,""reconnect_count"":0,""sample_hz"":20.0,""sample_sequence"":121,""timestamp_us"":9707648064},""fingers"":{""index"":{""has_data"":true,""last_update_ts"":1784118742.8386586,""mapped"":true},""middle"":{""has_data"":true,""last_update_ts"":1784118742.8386586,""mapped"":true},""pinky"":{""has_data"":true,""last_update_ts"":1784118742.8386586,""mapped"":true},""ring"":{""has_data"":true,""last_update_ts"":1784118742.8386586,""mapped"":true},""thumb"":{""has_data"":true,""last_update_ts"":1784118742.8386586,""mapped"":true}},""ports"":{""available"":[""BLE:Dexter""],""unavailable"":[]}}"
1784118742.8979516,1784118742.8978148,123,ble,"{""index"":{""age_s"":0.009157180786132812,""channels"":3,""force"":[-0.3903246527213149,-0.7149162753600029],""has_data"":true,""last_update_ts"":1784118742.8886576,""raw"":[17000,16188,17882]},""middle"":{""age_s"":0.009157180786132812,""channels"":3,""force"":[-0.00769112616199763,-0.016096717380001735],""has_data"":true,""last_update_ts"":1784118742.8886576,""raw"":[15771,15755,15792]},""pinky"":{""age_s"":0.009157180786132812,""channels"":3,""force"":[-1.022919779545525,-0.7498850062200004],""has_data"":true,""last_update_ts"":1784118742.8886576,""raw"":[17417,15289,17704]},""ring"":{""age_s"":0.009157180786132812,""channels"":3,""force"":[0.27976471414261894,0.25088676743999905],""has_data"":true,""last_update_ts"":1784118742.8886576,""raw"":[15792,16374,15631]},""thumb"":{""age_s"":0.009157180786132812,""channels"":3,""force"":[0.0,-2.220446049250313e-16],""has_data"":true,""last_update_ts"":1784118742.8886576,""raw"":[0,0,0]}}","{""ble"":{""connection_state"":""connected"",""counter"":991076,""finger_order"":""DexterController.Visualizer"",""last_error"":null,""last_sample_age_s"":0.009185924995108508,""reconnect_count"":0,""sample_hz"":20.0,""sample_sequence"":122,""timestamp_us"":9707695008},""fingers"":{""index"":{""has_data"":true,""last_update_ts"":1784118742.8886576,""mapped"":true},""middle"":{""has_data"":true,""last_update_ts"":1784118742.8886576,""mapped"":true},""pinky"":{""has_data"":true,""last_update_ts"":1784118742.8886576,""mapped"":true},""ring"":{""has_data"":true,""last_update_ts"":1784118742.8886576,""mapped"":true},""thumb"":{""has_data"":true,""last_update_ts"":1784118742.8886576,""mapped"":true}},""ports"":{""available"":[""BLE:Dexter""],""unavailable"":[]}}"
1784118742.9479337,1784118742.9478128,124,ble,"{""index"":{""age_s"":0.009146928787231445,""channels"":3,""force"":[-0.3927281296469438,-0.6824453109900039],""has_data"":true,""last_update_ts"":1784118742.9386659,""raw"":[17011,16194,17832]},""middle"":{""age_s"":0.009146928787231445,""channels"":3,""force"":[-0.003845563080998815,-0.005550592200004978],""has_data"":true,""last_update_ts"":1784118742.9386659,""raw"":[15762,15754,15768]},""pinky"":{""age_s"":0.009146928787231445,""channels"":3,""force"":[-1.0200356072347745,-0.7521052431000008],""has_data"":true,""last_update_ts"":1784118742.9386659,""raw"":[17412,15290,17706]},""ring"":{""age_s"":0.009146928787231445,""channels"":3,""force"":[0.27591915106161835,0.24755641211999713],""has_data"":true,""last_update_ts"":1784118742.9386659,""raw"":[15793,16367,15634]},""thumb"":{""age_s"":0.009146928787231445,""channels"":3,""force"":[0.0,-2.220446049250313e-16],""has_data"":true,""last_update_ts"":1784118742.9386659,""raw"":[0,0,0]}}","{""ble"":{""connection_state"":""connected"",""counter"":991082,""finger_order"":""DexterController.Visualizer"",""last_error"":null,""last_sample_age_s"":0.009169502009171993,""reconnect_count"":0,""sample_hz"":20.0,""sample_sequence"":123,""timestamp_us"":9707751520},""fingers"":{""index"":{""has_data"":true,""last_update_ts"":1784118742.9386659,""mapped"":true},""middle"":{""has_data"":true,""last_update_ts"":1784118742.9386659,""mapped"":true},""pinky"":{""has_data"":true,""last_update_ts"":1784118742.9386659,""mapped"":true},""ring"":{""has_data"":true,""last_update_ts"":1784118742.9386659,""mapped"":true},""thumb"":{""has_data"":true,""last_update_ts"":1784118742.9386659,""mapped"":true}},""ports"":{""available"":[""BLE:Dexter""],""unavailable"":[]}}"
1784118742.9979475,1784118742.9978273,125,ble,"{""index"":{""age_s"":0.00916910171508789,""channels"":3,""force"":[-0.39945786503868774,-0.6585777645300039],""has_data"":true,""last_update_ts"":1784118742.9886582,""raw"":[17045,16214,17816]},""middle"":{""age_s"":0.00916910171508789,""channels"":3,""force"":[0.005287649236370484,-0.029695668270004028],""has_data"":true,""last_update_ts"":1784118742.9886582,""raw"":[15743,15754,15802]},""pinky"":{""age_s"":0.00916910171508789,""channels"":3,""force"":[-1.0243618657008948,-0.7634839571100036],""has_data"":true,""last_update_ts"":1784118742.9886582,""raw"":[17411,15280,17721]},""ring"":{""age_s"":0.00916910171508789,""channels"":3,""force"":[0.271592892595498,0.2056494410099976],""has_data"":true,""last_update_ts"":1784118742.9886582,""raw"":[15769,16334,15681]},""thumb"":{""age_s"":0.00916910171508789,""channels"":3,""force"":[0.0,-2.220446049250313e-16],""has_data"":true,""last_update_ts"":1784118742.9886582,""raw"":[0,0,0]}}","{""ble"":{""connection_state"":""connected"",""counter"":991087,""finger_order"":""DexterController.Visualizer"",""last_error"":null,""last_sample_age_s"":0.009191495002596639,""reconnect_count"":0,""sample_hz"":20.0,""sample_sequence"":124,""timestamp_us"":9707798560},""fingers"":{""index"":{""has_data"":true,""last_update_ts"":1784118742.9886582,""mapped"":true},""middle"":{""has_data"":true,""last_update_ts"":1784118742.9886582,""mapped"":true},""pinky"":{""has_data"":true,""last_update_ts"":1784118742.9886582,""mapped"":true},""ring"":{""has_data"":true,""last_update_ts"":1784118742.9886582,""mapped"":true},""thumb"":{""has_data"":true,""last_update_ts"":1784118742.9886582,""mapped"":true}},""ports"":{""available"":[""BLE:Dexter""],""unavailable"":[]}}"
1784118743.047964,1784118743.0478282,126,ble,"{""index"":{""age_s"":0.009168863296508789,""channels"":3,""force"":[-0.4037841235048134,-0.6249966817200017],""has_data"":true,""last_update_ts"":1784118743.0386593,""raw"":[17080,16240,17786]},""middle"":{""age_s"":0.009168863296508789,""channels"":3,""force"":[-0.00048069538512329757,0.0036078849299983062],""has_data"":true,""last_update_ts"":1784118743.0386593,""raw"":[15774,15773,15767]},""pinky"":{""age_s"":0.009168863296508789,""channels"":3,""force"":[-1.0190742164645243,-0.7526603023200025],""has_data"":true,""last_update_ts"":1784118743.0386593,""raw"":[17404,15284,17700]},""ring"":{""age_s"":0.009168863296508789,""channels"":3,""force"":[0.2600562033525069,0.24949911939000025],""has_data"":true,""last_update_ts"":1784118743.0386593,""raw"":[15811,16352,15632]},""thumb"":{""age_s"":0.009168863296508789,""channels"":3,""force"":[0.0,-2.220446049250313e-16],""has_data"":true,""last_update_ts"":1784118743.0386593,""raw"":[0,0,0]}}","{""ble"":{""connection_state"":""connected"",""counter"":991092,""finger_order"":""DexterController.Visualizer"",""last_error"":null,""last_sample_age_s"":0.009191696997731924,""reconnect_count"":0,""sample_hz"":20.0,""sample_sequence"":125,""timestamp_us"":9707845536},""fingers"":{""index"":{""has_data"":true,""last_update_ts"":1784118743.0386593,""mapped"":true},""middle"":{""has_data"":true,""last_update_ts"":1784118743.0386593,""mapped"":true},""pinky"":{""has_data"":true,""last_update_ts"":1784118743.0386593,""mapped"":true},""ring"":{""has_data"":true,""last_update_ts"":1784118743.0386593,""mapped"":true},""thumb"":{""has_data"":true,""last_update_ts"":1784118743.0386593,""mapped"":true}},""ports"":{""available"":[""BLE:Dexter""],""unavailable"":[]}}"
1784118743.0980601,1784118743.097845,127,ble,"{""index"":{""age_s"":0.009137630462646484,""channels"":3,""force"":[-0.4374328004635455,-0.5822571217799997],""has_data"":true,""last_update_ts"":1784118743.0887074,""raw"":[17162,16252,17756]},""middle"":{""age_s"":0.009137630462646484,""channels"":3,""force"":[0.0009613907702501479,0.1570817592599978],""has_data"":true,""last_update_ts"":1784118743.0887074,""raw"":[15869,15871,15587]},""pinky"":{""age_s"":0.009137630462646484,""channels"":3,""force"":[-1.0272460380116453,-0.7462771212900012],""has_data"":true,""last_update_ts"":1784118743.0887074,""raw"":[17424,15287,17700]},""ring"":{""age_s"":0.009137630462646484,""channels"":3,""force"":[0.27303497875087146,0.2564373596399969],""has_data"":true,""last_update_ts"":1784118743.0887074,""raw"":[15803,16371,15625]},""thumb"":{""age_s"":0.009137630462646484,""channels"":3,""force"":[0.0,-2.220446049250313e-16],""has_data"":true,""last_update_ts"":1784118743.0887074,""raw"":[0,0,0]}}","{""ble"":{""connection_state"":""connected"",""counter"":991097,""finger_order"":""DexterController.Visualizer"",""last_error"":null,""last_sample_age_s"":0.009172517995466478,""reconnect_count"":0,""sample_hz"":20.0,""sample_sequence"":126,""timestamp_us"":9707892544},""fingers"":{""index"":{""has_data"":true,""last_update_ts"":1784118743.0887074,""mapped"":true},""middle"":{""has_data"":true,""last_update_ts"":1784118743.0887074,""mapped"":true},""pinky"":{""has_data"":true,""last_update_ts"":1784118743.0887074,""mapped"":true},""ring"":{""has_data"":true,""last_update_ts"":1784118743.0887074,""mapped"":true},""thumb"":{""has_data"":true,""last_update_ts"":1784118743.0887074,""mapped"":true}},""ports"":{""available"":[""BLE:Dexter""],""unavailable"":[]}}"
1784118743.1479678,1784118743.1478252,128,ble,"{""index"":{""age_s"":0.009165763854980469,""channels"":3,""force"":[-0.5090564128471389,-0.46541715597000355],""has_data"":true,""last_update_ts"":1784118743.1386595,""raw"":[17327,16268,17636]},""middle"":{""age_s"":0.009165763854980469,""channels"":3,""force"":[-0.051915101593477786,0.3258197621399974],""has_data"":true,""last_update_ts"":1784118743.1386595,""raw"":[15896,15788,15255]},""pinky"":{""age_s"":0.009165763854980469,""channels"":3,""force"":[1.449296586151199,0.42989336588999816],""has_data"":true,""last_update_ts"":1784118743.1386595,""raw"":[16636,19651,17369]},""ring"":{""age_s"":0.009165763854980469,""channels"":3,""force"":[0.33360259727659525,0.7171365122399989],""has_data"":true,""last_update_ts"":1784118743.1386595,""raw"":[15737,16431,14792]},""thumb"":{""age_s"":0.009165763854980469,""channels"":3,""force"":[0.0,-2.220446049250313e-16],""has_data"":true,""last_update_ts"":1784118743.1386595,""raw"":[0,0,0]}}","{""ble"":{""connection_state"":""connected"",""counter"":991103,""finger_order"":""DexterController.Visualizer"",""last_error"":null,""last_sample_age_s"":0.009189411997795105,""reconnect_count"":0,""sample_hz"":20.0,""sample_sequence"":127,""timestamp_us"":9707948928},""fingers"":{""index"":{""has_data"":true,""last_update_ts"":1784118743.1386595,""mapped"":true},""middle"":{""has_data"":true,""last_update_ts"":1784118743.1386595,""mapped"":true},""pinky"":{""has_data"":true,""last_update_ts"":1784118743.1386595,""mapped"":true},""ring"":{""has_data"":true,""last_update_ts"":1784118743.1386595,""mapped"":true},""thumb"":{""has_data"":true,""last_update_ts"":1784118743.1386595,""mapped"":true}},""ports"":{""available"":[""BLE:Dexter""],""unavailable"":[]}}"
1784118743.1980846,1784118743.1978579,129,ble,"{""index"":{""age_s"":0.009150981903076172,""channels"":3,""force"":[-0.5278035328670043,-0.42517536252000365],""has_data"":true,""last_update_ts"":1784118743.1887069,""raw"":[17455,16357,17672]},""middle"":{""age_s"":0.009150981903076172,""channels"":3,""force"":[-0.11055993857869773,0.315828696179997],""has_data"":true,""last_update_ts"":1784118743.1887069,""raw"":[16148,15918,15464]},""pinky"":{""age_s"":0.009150981903076172,""channels"":3,""force"":[-1.0286881241670187,-0.7487748877800025],""has_data"":true,""last_update_ts"":1784118743.1887069,""raw"":[17423,15283,17702]},""ring"":{""age_s"":0.009150981903076172,""channels"":3,""force"":[0.27736123721699535,0.24783394172999795],""has_data"":true,""last_update_ts"":1784118743.1887069,""raw"":[15792,16369,15634]},""thumb"":{""age_s"":0.009150981903076172,""channels"":3,""force"":[0.0,-2.220446049250313e-16],""has_data"":true,""last_update_ts"":1784118743.1887069,""raw"":[0,0,0]}}","{""ble"":{""connection_state"":""connected"",""counter"":991108,""finger_order"":""DexterController.Visualizer"",""last_error"":null,""last_sample_age_s"":0.009187377989292145,""reconnect_count"":0,""sample_hz"":20.0,""sample_sequence"":128,""timestamp_us"":9707996032},""fingers"":{""index"":{""has_data"":true,""last_update_ts"":1784118743.1887069,""mapped"":true},""middle"":{""has_data"":true,""last_update_ts"":1784118743.1887069,""mapped"":true},""pinky"":{""has_data"":true,""last_update_ts"":1784118743.1887069,""mapped"":true},""ring"":{""has_data"":true,""last_update_ts"":1784118743.1887069,""mapped"":true},""thumb"":{""has_data"":true,""last_update_ts"":1784118743.1887069,""mapped"":true}},""ports"":{""available"":[""BLE:Dexter""],""unavailable"":[]}}"
1784118743.247949,1784118743.2478194,130,ble,"{""index"":{""age_s"":0.009159326553344727,""channels"":3,""force"":[-0.485983034361146,-0.38104815453000196],""has_data"":true,""last_update_ts"":1784118743.23866,""raw"":[17502,16491,17683]},""middle"":{""age_s"":0.009159326553344727,""channels"":3,""force"":[-0.3326412065063469,0.30750280787999706],""has_data"":true,""last_update_ts"":1784118743.23866,""raw"":[16545,15853,15645]},""pinky"":{""age_s"":0.009159326553344727,""channels"":3,""force"":[-1.0234004749306482,-0.750717595050002],""has_data"":true,""last_update_ts"":1784118743.23866,""raw"":[17421,15292,17709]},""ring"":{""age_s"":0.009159326553344727,""channels"":3,""force"":[0.2759191510616237,0.24478111601999775],""has_data"":true,""last_update_ts"":1784118743.23866,""raw"":[15791,16365,15637]},""thumb"":{""age_s"":0.009159326553344727,""channels"":3,""force"":[0.0,-2.220446049250313e-16],""has_data"":true,""last_update_ts"":1784118743.23866,""raw"":[0,0,0]}}","{""ble"":{""connection_state"":""connected"",""counter"":991113,""finger_order"":""DexterController.Visualizer"",""last_error"":null,""last_sample_age_s"":0.009182998008327559,""reconnect_count"":0,""sample_hz"":20.0,""sample_sequence"":129,""timestamp_us"":9708042880},""fingers"":{""index"":{""has_data"":true,""last_update_ts"":1784118743.23866,""mapped"":true},""middle"":{""has_data"":true,""last_update_ts"":1784118743.23866,""mapped"":true},""pinky"":{""has_data"":true,""last_update_ts"":1784118743.23866,""mapped"":true},""ring"":{""has_data"":true,""last_update_ts"":1784118743.23866,""mapped"":true},""thumb"":{""has_data"":true,""last_update_ts"":1784118743.23866,""mapped"":true}},""ports"":{""available"":[""BLE:Dexter""],""unavailable"":[]}}"
1784118743.297948,1784118743.2978172,131,ble,"{""index"":{""age_s"":0.009158134460449219,""channels"":3,""force"":[-0.3311991203509699,-0.3649514371500002],""has_data"":true,""last_update_ts"":1784118743.288659,""raw"":[17465,16776,17778]},""middle"":{""age_s"":0.009158134460449219,""channels"":3,""force"":[-0.4172435942883048,-0.02941813865999876],""has_data"":true,""last_update_ts"":1784118743.288659,""raw"":[16723,15855,16342]},""pinky"":{""age_s"":0.009158134460449219,""channels"":3,""force"":[-1.02484256108602,-0.7465546509000021],""has_data"":true,""last_update_ts"":1784118743.288659,""raw"":[17423,15291,17702]},""ring"":{""age_s"":0.009158134460449219,""channels"":3,""force"":[0.2773612372169971,0.2661508959899965],""has_data"":true,""last_update_ts"":1784118743.288659,""raw"":[15803,16380,15612]},""thumb"":{""age_s"":0.009158134460449219,""channels"":3,""force"":[0.0,-2.220446049250313e-16],""has_data"":true,""last_update_ts"":1784118743.288659,""raw"":[0,0,0]}}","{""ble"":{""connection_state"":""connected"",""counter"":991119,""finger_order"":""DexterController.Visualizer"",""last_error"":null,""last_sample_age_s"":0.009181476008961909,""reconnect_count"":0,""sample_hz"":20.0,""sample_sequence"":130,""timestamp_us"":9708099104},""fingers"":{""index"":{""has_data"":true,""last_update_ts"":1784118743.288659,""mapped"":true},""middle"":{""has_data"":true,""last_update_ts"":1784118743.288659,""mapped"":true},""pinky"":{""has_data"":true,""last_update_ts"":1784118743.288659,""mapped"":true},""ring"":{""has_data"":true,""last_update_ts"":1784118743.288659,""mapped"":true},""thumb"":{""has_data"":true,""last_update_ts"":1784118743.288659,""mapped"":true}},""ports"":{""available"":[""BLE:Dexter""],""unavailable"":[]}}"
1784118743.3479471,1784118743.3478131,132,ble,"{""index"":{""age_s"":0.009154796600341797,""channels"":3,""force"":[-0.45521852971316434,-0.599741487210002],""has_data"":true,""last_update_ts"":1784118743.3386583,""raw"":[17465,16518,18072]},""middle"":{""age_s"":0.009154796600341797,""channels"":3,""force"":[-0.41387872659243286,-0.45265079391000107],""has_data"":true,""last_update_ts"":1784118743.3386583,""raw"":[16608,15747,16993]},""pinky"":{""age_s"":0.009154796600341797,""channels"":3,""force"":[-1.033975773403391,-0.7534928911500041],""has_data"":true,""last_update_ts"":1784118743.3386583,""raw"":[17423,15272,17705]},""ring"":{""age_s"":0.009154796600341797,""channels"":3,""force"":[0.27736123721699535,0.24838900094999783],""has_data"":true,""last_update_ts"":1784118743.3386583,""raw"":[15792,16369,15633]},""thumb"":{""age_s"":0.009154796600341797,""channels"":3,""force"":[0.0,-2.220446049250313e-16],""has_data"":true,""last_update_ts"":1784118743.3386583,""raw"":[0,0,0]}}","{""ble"":{""connection_state"":""connected"",""counter"":991124,""finger_order"":""DexterController.Visualizer"",""last_error"":null,""last_sample_age_s"":0.009179152009892277,""reconnect_count"":0,""sample_hz"":20.0,""sample_sequence"":131,""timestamp_us"":9708146048},""fingers"":{""index"":{""has_data"":true,""last_update_ts"":1784118743.3386583,""mapped"":true},""middle"":{""has_data"":true,""last_update_ts"":1784118743.3386583,""mapped"":true},""pinky"":{""has_data"":true,""last_update_ts"":1784118743.3386583,""mapped"":true},""ring"":{""has_data"":true,""last_update_ts"":1784118743.3386583,""mapped"":true},""thumb"":{""has_data"":true,""last_update_ts"":1784118743.3386583,""mapped"":true}},""ports"":{""available"":[""BLE:Dexter""],""unavailable"":[]}}"
1784118743.3979454,1784118743.3978133,133,ble,"{""index"":{""age_s"":0.009155750274658203,""channels"":3,""force"":[-0.4970390282190209,-0.36300872988000155],""has_data"":true,""last_update_ts"":1784118743.3886576,""raw"":[17779,16745,17916]},""middle"":{""age_s"":0.009155750274658203,""channels"":3,""force"":[-0.3177396495674749,-0.822320234430002],""has_data"":true,""last_update_ts"":1784118743.3886576,""raw"":[16376,15715,17527]},""pinky"":{""age_s"":0.009155750274658203,""channels"":3,""force"":[-1.0181128256942724,-0.7437793548],""has_data"":true,""last_update_ts"":1784118743.3886576,""raw"":[17418,15300,17699]},""ring"":{""age_s"":0.009155750274658203,""channels"":3,""force"":[0.2768805418318703,0.25366206353999843],""has_data"":true,""last_update_ts"":1784118743.3886576,""raw"":[15799,16375,15630]},""thumb"":{""age_s"":0.009155750274658203,""channels"":3,""force"":[0.0,-2.220446049250313e-16],""has_data"":true,""last_update_ts"":1784118743.3886576,""raw"":[0,0,0]}}","{""ble"":{""connection_state"":""connected"",""counter"":991129,""finger_order"":""DexterController.Visualizer"",""last_error"":null,""last_sample_age_s"":0.009178150008665398,""reconnect_count"":0,""sample_hz"":20.0,""sample_sequence"":132,""timestamp_us"":9708192896},""fingers"":{""index"":{""has_data"":true,""last_update_ts"":1784118743.3886576,""mapped"":true},""middle"":{""has_data"":true,""last_update_ts"":1784118743.3886576,""mapped"":true},""pinky"":{""has_data"":true,""last_update_ts"":1784118743.3886576,""mapped"":true},""ring"":{""has_data"":true,""last_update_ts"":1784118743.3886576,""mapped"":true},""thumb"":{""has_data"":true,""last_update_ts"":1784118743.3886576,""mapped"":true}},""ports"":{""available"":[""BLE:Dexter""],""unavailable"":[]}}"
1784118743.4479444,1784118743.4478128,134,ble,"{""index"":{""age_s"":0.009154796600341797,""channels"":3,""force"":[-0.39417021580231903,-0.636097866120001],""has_data"":true,""last_update_ts"":1784118743.438658,""raw"":[17540,16720,18276]},""middle"":{""age_s"":0.009154796600341797,""channels"":3,""force"":[-0.14565070169280858,-0.9794019936900016],""has_data"":true,""last_update_ts"":1784118743.438658,""raw"":[16175,15872,17788]},""pinky"":{""age_s"":0.009154796600341797,""channels"":3,""force"":[1.1075221673274847,0.28585549829999746],""has_data"":true,""last_update_ts"":1784118743.438658,""raw"":[16787,19091,17424]},""ring"":{""age_s"":0.009154796600341797,""channels"":3,""force"":[0.36869336039070255,0.6657935343899979],""has_data"":true,""last_update_ts"":1784118743.438658,""raw"":[15718,16485,14902]},""thumb"":{""age_s"":0.009154796600341797,""channels"":3,""force"":[0.0,-2.220446049250313e-16],""has_data"":true,""last_update_ts"":1784118743.438658,""raw"":[0,0,0]}}","{""ble"":{""connection_state"":""connected"",""counter"":991135,""finger_order"":""DexterController.Visualizer"",""last_error"":null,""last_sample_age_s"":0.009178259992040694,""reconnect_count"":0,""sample_hz"":20.0,""sample_sequence"":133,""timestamp_us"":9708249408},""fingers"":{""index"":{""has_data"":true,""last_update_ts"":1784118743.438658,""mapped"":true},""middle"":{""has_data"":true,""last_update_ts"":1784118743.438658,""mapped"":true},""pinky"":{""has_data"":true,""last_update_ts"":1784118743.438658,""mapped"":true},""ring"":{""has_data"":true,""last_update_ts"":1784118743.438658,""mapped"":true},""thumb"":{""has_data"":true,""last_update_ts"":1784118743.438658,""mapped"":true}},""ports"":{""available"":[""BLE:Dexter""],""unavailable"":[]}}"
1784118743.4979498,1784118743.4978175,135,ble,"{""index"":{""age_s"":0.009158849716186523,""channels"":3,""force"":[-0.3677319696204542,-0.6130629084900017],""has_data"":true,""last_update_ts"":1784118743.4886587,""raw"":[17626,16861,18348]},""middle"":{""age_s"":0.009158849716186523,""channels"":3,""force"":[-0.2687087202847511,-0.24283840874999907],""has_data"":true,""last_update_ts"":1784118743.4886587,""raw"":[17060,16501,17218]},""pinky"":{""age_s"":0.009158849716186523,""channels"":3,""force"":[-1.022919779545525,-0.734898407280002],""has_data"":true,""last_update_ts"":1784118743.4886587,""raw"":[17430,15302,17690]},""ring"":{""age_s"":0.009158849716186523,""channels"":3,""force"":[0.2725542833657464,0.251719356269998],""has_data"":true,""last_update_ts"":1784118743.4886587,""raw"":[15800,16367,15630]},""thumb"":{""age_s"":0.009158849716186523,""channels"":3,""force"":[0.0,-2.220446049250313e-16],""has_data"":true,""last_update_ts"":1784118743.4886587,""raw"":[0,0,0]}}","{""ble"":{""connection_state"":""connected"",""counter"":991140,""finger_order"":""DexterController.Visualizer"",""last_error"":null,""last_sample_age_s"":0.009182688008877449,""reconnect_count"":0,""sample_hz"":20.0,""sample_sequence"":134,""timestamp_us"":9708296384},""fingers"":{""index"":{""has_data"":true,""last_update_ts"":1784118743.4886587,""mapped"":true},""middle"":{""has_data"":true,""last_update_ts"":1784118743.4886587,""mapped"":true},""pinky"":{""has_data"":true,""last_update_ts"":1784118743.4886587,""mapped"":true},""ring"":{""has_data"":true,""last_update_ts"":1784118743.4886587,""mapped"":true},""thumb"":{""has_data"":true,""last_update_ts"":1784118743.4886587,""mapped"":true}},""ports"":{""available"":[""BLE:Dexter""],""unavailable"":[]}}"
1784118743.5479462,1784118743.547815,136,ble,"{""index"":{""age_s"":0.009157180786132812,""channels"":3,""force"":[-0.7445971515582777,-0.20897979633000308],""has_data"":true,""last_update_ts"":1784118743.538658,""raw"":[18399,16850,18001]},""middle"":{""age_s"":0.009157180786132812,""channels"":3,""force"":[-0.595100886784472,-0.36245367066000256],""has_data"":true,""last_update_ts"":1784118743.538658,""raw"":[17264,16026,17298]},""pinky"":{""age_s"":0.009157180786132812,""channels"":3,""force"":[-1.0272460380116453,-0.7645940755500025],""has_data"":true,""last_update_ts"":1784118743.538658,""raw"":[17412,15275,17721]},""ring"":{""age_s"":0.009157180786132812,""channels"":3,""force"":[0.27255428336574994,0.2445035864099987],""has_data"":true,""last_update_ts"":1784118743.538658,""raw"":[15794,16361,15637]},""thumb"":{""age_s"":0.009157180786132812,""channels"":3,""force"":[0.0,-2.220446049250313e-16],""has_data"":true,""last_update_ts"":1784118743.538658,""raw"":[0,0,0]}}","{""ble"":{""connection_state"":""connected"",""counter"":991145,""finger_order"":""DexterController.Visualizer"",""last_error"":null,""last_sample_age_s"":0.009179962988127954,""reconnect_count"":0,""sample_hz"":20.0,""sample_sequence"":135,""timestamp_us"":9708343296},""fingers"":{""index"":{""has_data"":true,""last_update_ts"":1784118743.538658,""mapped"":true},""middle"":{""has_data"":true,""last_update_ts"":1784118743.538658,""mapped"":true},""pinky"":{""has_data"":true,""last_update_ts"":1784118743.538658,""mapped"":true},""ring"":{""has_data"":true,""last_update_ts"":1784118743.538658,""mapped"":true},""thumb"":{""has_data"":true,""last_update_ts"":1784118743.538658,""mapped"":true}},""ports"":{""available"":[""BLE:Dexter""],""unavailable"":[]}}"
1784118743.5979464,1784118743.5978148,137,ble,"{""index"":{""age_s"":0.009155750274658203,""channels"":3,""force"":[-0.703738043822673,-0.18094930572000134],""has_data"":true,""last_update_ts"":1784118743.588659,""raw"":[18501,17037,18095]},""middle"":{""age_s"":0.009155750274658203,""channels"":3,""force"":[-0.5436664805761193,-1.0032695401500016],""has_data"":true,""last_update_ts"":1784118743.588659,""raw"":[16943,15812,18185]},""pinky"":{""age_s"":0.009155750274658203,""channels"":3,""force"":[-1.0238811703157715,-0.7493299470000014],""has_data"":true,""last_update_ts"":1784118743.588659,""raw"":[17419,15289,17704]},""ring"":{""age_s"":0.009155750274658203,""channels"":3,""force"":[0.27880332337237057,0.24700135289999992],""has_data"":true,""last_update_ts"":1784118743.588659,""raw"":[15790,16370,15635]},""thumb"":{""age_s"":0.009155750274658203,""channels"":3,""force"":[0.0,-2.220446049250313e-16],""has_data"":true,""last_update_ts"":1784118743.588659,""raw"":[0,0,0]}}","{""ble"":{""connection_state"":""connected"",""counter"":991151,""finger_order"":""DexterController.Visualizer"",""last_error"":null,""last_sample_age_s"":0.009178630993119441,""reconnect_count"":0,""sample_hz"":20.0,""sample_sequence"":136,""timestamp_us"":9708399744},""fingers"":{""index"":{""has_data"":true,""last_update_ts"":1784118743.588659,""mapped"":true},""middle"":{""has_data"":true,""last_update_ts"":1784118743.588659,""mapped"":true},""pinky"":{""has_data"":true,""last_update_ts"":1784118743.588659,""mapped"":true},""ring"":{""has_data"":true,""last_update_ts"":1784118743.588659,""mapped"":true},""thumb"":{""has_data"":true,""last_update_ts"":1784118743.588659,""mapped"":true}},""ports"":{""available"":[""BLE:Dexter""],""unavailable"":[]}}"
1784118743.6479352,1784118743.647805,138,ble,"{""index"":{""age_s"":0.00914764404296875,""channels"":3,""force"":[-0.6220198283514602,-0.41906971110000235],""has_data"":true,""last_update_ts"":1784118743.6386573,""raw"":[18274,16980,18382]},""middle"":{""age_s"":0.00914764404296875,""channels"":3,""force"":[-0.406187600430437,-1.5994031424300017],""has_data"":true,""last_update_ts"":1784118743.6386573,""raw"":[16476,15631,18935]},""pinky"":{""age_s"":0.00914764404296875,""channels"":3,""force"":[-1.0157093487686506,-0.7595985425700018],""has_data"":true,""last_update_ts"":1784118743.6386573,""raw"":[17407,15294,17719]},""ring"":{""age_s"":0.00914764404296875,""channels"":3,""force"":[0.2763998464467434,0.24339346796999806],""has_data"":true,""last_update_ts"":1784118743.6386573,""raw"":[15797,16372,15646]},""thumb"":{""age_s"":0.00914764404296875,""channels"":3,""force"":[0.0,-2.220446049250313e-16],""has_data"":true,""last_update_ts"":1784118743.6386573,""raw"":[0,0,0]}}","{""ble"":{""connection_state"":""connected"",""counter"":991156,""finger_order"":""DexterController.Visualizer"",""last_error"":null,""last_sample_age_s"":0.009170754987280816,""reconnect_count"":0,""sample_hz"":20.0,""sample_sequence"":137,""timestamp_us"":9708446720},""fingers"":{""index"":{""has_data"":true,""last_update_ts"":1784118743.6386573,""mapped"":true},""middle"":{""has_data"":true,""last_update_ts"":1784118743.6386573,""mapped"":true},""pinky"":{""has_data"":true,""last_update_ts"":1784118743.6386573,""mapped"":true},""ring"":{""has_data"":true,""last_update_ts"":1784118743.6386573,""mapped"":true},""thumb"":{""has_data"":true,""last_update_ts"":1784118743.6386573,""mapped"":true}},""ports"":{""available"":[""BLE:Dexter""],""unavailable"":[]}}"
1784118743.6979656,1784118743.6978195,139,ble,"{""index"":{""age_s"":0.009161949157714844,""channels"":3,""force"":[-0.45137296663216553,-0.1279411502100034],""has_data"":true,""last_update_ts"":1784118743.6886575,""raw"":[18465,17526,18226]},""middle"":{""age_s"":0.009161949157714844,""channels"":3,""force"":[-0.5638556867513618,-1.255821485250002],""has_data"":true,""last_update_ts"":1784118743.6886575,""raw"":[16931,15758,18607]},""pinky"":{""age_s"":0.009161949157714844,""channels"":3,""force"":[-1.0234004749306482,-0.7451670028500015],""has_data"":true,""last_update_ts"":1784118743.6886575,""raw"":[17420,15291,17698]},""ring"":{""age_s"":0.009161949157714844,""channels"":3,""force"":[0.27447706490624846,0.246168764070001],""has_data"":true,""last_update_ts"":1784118743.6886575,""raw"":[15793,16364,15635]},""thumb"":{""age_s"":0.009161949157714844,""channels"":3,""force"":[0.0,-2.220446049250313e-16],""has_data"":true,""last_update_ts"":1784118743.6886575,""raw"":[0,0,0]}}","{""ble"":{""connection_state"":""connected"",""counter"":991161,""finger_order"":""DexterController.Visualizer"",""last_error"":null,""last_sample_age_s"":0.009185283008264378,""reconnect_count"":0,""sample_hz"":20.0,""sample_sequence"":138,""timestamp_us"":9708493696},""fingers"":{""index"":{""has_data"":true,""last_update_ts"":1784118743.6886575,""mapped"":true},""middle"":{""has_data"":true,""last_update_ts"":1784118743.6886575,""mapped"":true},""pinky"":{""has_data"":true,""last_update_ts"":1784118743.6886575,""mapped"":true},""ring"":{""has_data"":true,""last_update_ts"":1784118743.6886575,""mapped"":true},""thumb"":{""has_data"":true,""last_update_ts"":1784118743.6886575,""mapped"":true}},""ports"":{""available"":[""BLE:Dexter""],""unavailable"":[]}}"
1784118743.747928,1784118743.7478054,140,ble,"{""index"":{""age_s"":0.00914764404296875,""channels"":3,""force"":[-0.41820498505855497,-0.2858554983000019],""has_data"":true,""last_update_ts"":1784118743.7386577,""raw"":[18356,17486,18436]},""middle"":{""age_s"":0.00914764404296875,""channels"":3,""force"":[-0.7840141731385106,-1.4245594881300008],""has_data"":true,""last_update_ts"":1784118743.7386577,""raw"":[17088,15457,18839]},""pinky"":{""age_s"":0.00914764404296875,""channels"":3,""force"":[-1.0152286533835255,-0.7348984072800038],""has_data"":true,""last_update_ts"":1784118743.7386577,""raw"":[17415,15303,17683]},""ring"":{""age_s"":0.00914764404296875,""channels"":3,""force"":[0.28312958183849446,0.25838006690999915],""has_data"":true,""last_update_ts"":1784118743.7386577,""raw"":[15784,16373,15613]},""thumb"":{""age_s"":0.00914764404296875,""channels"":3,""force"":[0.0,-2.220446049250313e-16],""has_data"":true,""last_update_ts"":1784118743.7386577,""raw"":[0,0,0]}}","{""ble"":{""connection_state"":""connected"",""counter"":991167,""finger_order"":""DexterController.Visualizer"",""last_error"":null,""last_sample_age_s"":0.009172158010187559,""reconnect_count"":0,""sample_hz"":20.0,""sample_sequence"":139,""timestamp_us"":9708550176},""fingers"":{""index"":{""has_data"":true,""last_update_ts"":1784118743.7386577,""mapped"":true},""middle"":{""has_data"":true,""last_update_ts"":1784118743.7386577,""mapped"":true},""pinky"":{""has_data"":true,""last_update_ts"":1784118743.7386577,""mapped"":true},""ring"":{""has_data"":true,""last_update_ts"":1784118743.7386577,""mapped"":true},""thumb"":{""has_data"":true,""last_update_ts"":1784118743.7386577,""mapped"":true}},""ports"":{""available"":[""BLE:Dexter""],""unavailable"":[]}}"
1784118743.7979357,1784118743.7978137,141,ble,"{""index"":{""age_s"":0.009155511856079102,""channels"":3,""force"":[-0.1893939817391619,-0.39131675010000144],""has_data"":true,""last_update_ts"":1784118743.7886581,""raw"":[18064,17670,18572]},""middle"":{""age_s"":0.009155511856079102,""channels"":3,""force"":[-0.902265237879206,-1.5300207399300012],""has_data"":true,""last_update_ts"":1784118743.7886581,""raw"":[17244,15367,19062]},""pinky"":{""age_s"":0.009155511856079102,""channels"":3,""force"":[-1.026765342626522,-0.73989394026],""has_data"":true,""last_update_ts"":1784118743.7886581,""raw"":[17429,15293,17694]},""ring"":{""age_s"":0.009155511856079102,""channels"":3,""force"":[0.27495776029137176,0.25588230041999793],""has_data"":true,""last_update_ts"":1784118743.7886581,""raw"":[15796,16368,15621]},""thumb"":{""age_s"":0.009155511856079102,""channels"":3,""force"":[0.0,-2.220446049250313e-16],""has_data"":true,""last_update_ts"":1784118743.7886581,""raw"":[0,0,0]}}","{""ble"":{""connection_state"":""connected"",""counter"":991172,""finger_order"":""DexterController.Visualizer"",""last_error"":null,""last_sample_age_s"":0.00917914099409245,""reconnect_count"":0,""sample_hz"":20.0,""sample_sequence"":140,""timestamp_us"":9708597152},""fingers"":{""index"":{""has_data"":true,""last_update_ts"":1784118743.7886581,""mapped"":true},""middle"":{""has_data"":true,""last_update_ts"":1784118743.7886581,""mapped"":true},""pinky"":{""has_data"":true,""last_update_ts"":1784118743.7886581,""mapped"":true},""ring"":{""has_data"":true,""last_update_ts"":1784118743.7886581,""mapped"":true},""thumb"":{""has_data"":true,""last_update_ts"":1784118743.7886581,""mapped"":true}},""ports"":{""available"":[""BLE:Dexter""],""unavailable"":[]}}"
1784118743.8479416,1784118743.8478162,142,ble,"{""index"":{""age_s"":0.00915837287902832,""channels"":3,""force"":[-0.4114752496668057,-0.4029729937200015],""has_data"":true,""last_update_ts"":1784118743.8386579,""raw"":[18188,17332,18486]},""middle"":{""age_s"":0.00915837287902832,""channels"":3,""force"":[-1.2300994905343003,-1.6493584722300012],""has_data"":true,""last_update_ts"":1784118743.8386579,""raw"":[17411,14852,19103]},""pinky"":{""age_s"":0.00915837287902832,""channels"":3,""force"":[-1.0190742164645243,-0.7532153615400023],""has_data"":true,""last_update_ts"":1784118743.8386579,""raw"":[17412,15292,17709]},""ring"":{""age_s"":0.00915837287902832,""channels"":3,""force"":[0.2802454095277458,0.2511642970499981],""has_data"":true,""last_update_ts"":1784118743.8386579,""raw"":[15791,16374,15630]},""thumb"":{""age_s"":0.00915837287902832,""channels"":3,""force"":[0.0,-2.220446049250313e-16],""has_data"":true,""last_update_ts"":1784118743.8386579,""raw"":[0,0,0]}}","{""ble"":{""connection_state"":""connected"",""counter"":991177,""finger_order"":""DexterController.Visualizer"",""last_error"":null,""last_sample_age_s"":0.00918225799978245,""reconnect_count"":0,""sample_hz"":20.0,""sample_sequence"":141,""timestamp_us"":9708644096},""fingers"":{""index"":{""has_data"":true,""last_update_ts"":1784118743.8386579,""mapped"":true},""middle"":{""has_data"":true,""last_update_ts"":1784118743.8386579,""mapped"":true},""pinky"":{""has_data"":true,""last_update_ts"":1784118743.8386579,""mapped"":true},""ring"":{""has_data"":true,""last_update_ts"":1784118743.8386579,""mapped"":true},""thumb"":{""has_data"":true,""last_update_ts"":1784118743.8386579,""mapped"":true}},""ports"":{""available"":[""BLE:Dexter""],""unavailable"":[]}}"
1784118743.8979275,1784118743.897805,143,ble,"{""index"":{""age_s"":0.009147167205810547,""channels"":3,""force"":[-0.44079766815941923,-0.6086224347300009],""has_data"":true,""last_update_ts"":1784118743.8886578,""raw"":[17804,16887,18442]},""middle"":{""age_s"":0.009147167205810547,""channels"":3,""force"":[-1.2945126721410176,-1.025471908950002],""has_data"":true,""last_update_ts"":1784118743.8886578,""raw"":[17547,14854,18048]},""pinky"":{""age_s"":0.009147167205810547,""channels"":3,""force"":[-1.0205163026199013,-0.7457220620699996],""has_data"":true,""last_update_ts"":1784118743.8886578,""raw"":[17417,15294,17699]},""ring"":{""age_s"":0.009147167205810547,""channels"":3,""force"":[0.2739963695211216,0.24644629367999826],""has_data"":true,""last_update_ts"":1784118743.8886578,""raw"":[15793,16363,15634]},""thumb"":{""age_s"":0.009147167205810547,""channels"":3,""force"":[0.0,-2.220446049250313e-16],""has_data"":true,""last_update_ts"":1784118743.8886578,""raw"":[0,0,0]}}","{""ble"":{""connection_state"":""connected"",""counter"":991183,""finger_order"":""DexterController.Visualizer"",""last_error"":null,""last_sample_age_s"":0.00917100599326659,""reconnect_count"":0,""sample_hz"":20.0,""sample_sequence"":142,""timestamp_us"":9708700544},""fingers"":{""index"":{""has_data"":true,""last_update_ts"":1784118743.8886578,""mapped"":true},""middle"":{""has_data"":true,""last_update_ts"":1784118743.8886578,""mapped"":true},""pinky"":{""has_data"":true,""last_update_ts"":1784118743.8886578,""mapped"":true},""ring"":{""has_data"":true,""last_update_ts"":1784118743.8886578,""mapped"":true},""thumb"":{""has_data"":true,""last_update_ts"":1784118743.8886578,""mapped"":true}},""ports"":{""available"":[""BLE:Dexter""],""unavailable"":[]}}"
1784118743.9479427,1784118743.94781,144,ble,"{""index"":{""age_s"":0.009127140045166016,""channels"":3,""force"":[-0.27303497875087324,-0.969688457340002],""has_data"":true,""last_update_ts"":1784118743.9386828,""raw"":[17230,16662,18693]},""middle"":{""age_s"":0.009127140045166016,""channels"":3,""force"":[-1.0594526288150057,-0.6666261232200021],""has_data"":true,""last_update_ts"":1784118743.9386828,""raw"":[17284,15080,17383]},""pinky"":{""age_s"":0.009127140045166016,""channels"":3,""force"":[-1.0181128256942724,-0.7421141771400022],""has_data"":true,""last_update_ts"":1784118743.9386828,""raw"":[17411,15293,17689]},""ring"":{""age_s"":0.009127140045166016,""channels"":3,""force"":[0.277841932602124,0.263653129499998],""has_data"":true,""last_update_ts"":1784118743.9386828,""raw"":[15795,16373,15609]},""thumb"":{""age_s"":0.009127140045166016,""channels"":3,""force"":[0.0,-2.220446049250313e-16],""has_data"":true,""last_update_ts"":1784118743.9386828,""raw"":[0,0,0]}}","{""ble"":{""connection_state"":""connected"",""counter"":991188,""finger_order"":""DexterController.Visualizer"",""last_error"":null,""last_sample_age_s"":0.009150765996309929,""reconnect_count"":0,""sample_hz"":20.0,""sample_sequence"":143,""timestamp_us"":9708747488},""fingers"":{""index"":{""has_data"":true,""last_update_ts"":1784118743.9386828,""mapped"":true},""middle"":{""has_data"":true,""last_update_ts"":1784118743.9386828,""mapped"":true},""pinky"":{""has_data"":true,""last_update_ts"":1784118743.9386828,""mapped"":true},""ring"":{""has_data"":true,""last_update_ts"":1784118743.9386828,""mapped"":true},""thumb"":{""has_data"":true,""last_update_ts"":1784118743.9386828,""mapped"":true}},""ports"":{""available"":[""BLE:Dexter""],""unavailable"":[]}}"
1784118743.997943,1784118743.9978154,145,ble,"{""index"":{""age_s"":0.009156942367553711,""channels"":3,""force"":[-0.18747120019866337,-1.0673788800600015],""has_data"":true,""last_update_ts"":1784118743.9886584,""raw"":[16994,16604,18722]},""middle"":{""age_s"":0.009156942367553711,""channels"":3,""force"":[-0.8864022901700874,-0.44293725756000324],""has_data"":true,""last_update_ts"":1784118743.9886584,""raw"":[17071,15227,16947]},""pinky"":{""age_s"":0.009156942367553711,""channels"":3,""force"":[-1.0176321303091491,-0.75182771349],""has_data"":true,""last_update_ts"":1784118743.9886584,""raw"":[17407,15290,17703]},""ring"":{""age_s"":0.009156942367553711,""channels"":3,""force"":[0.2773612372169936,0.2489440601699977],""has_data"":true,""last_update_ts"":1784118743.9886584,""raw"":[15798,16375,15638]},""thumb"":{""age_s"":0.009156942367553711,""channels"":3,""force"":[0.0,-2.220446049250313e-16],""has_data"":true,""last_update_ts"":1784118743.9886584,""raw"":[0,0,0]}}","{""ble"":{""connection_state"":""connected"",""counter"":991193,""finger_order"":""DexterController.Visualizer"",""last_error"":null,""last_sample_age_s"":0.009179781991406344,""reconnect_count"":0,""sample_hz"":20.0,""sample_sequence"":144,""timestamp_us"":9708794528},""fingers"":{""index"":{""has_data"":true,""last_update_ts"":1784118743.9886584,""mapped"":true},""middle"":{""has_data"":true,""last_update_ts"":1784118743.9886584,""mapped"":true},""pinky"":{""has_data"":true,""last_update_ts"":1784118743.9886584,""mapped"":true},""ring"":{""has_data"":true,""last_update_ts"":1784118743.9886584,""mapped"":true},""thumb"":{""has_data"":true,""last_update_ts"":1784118743.9886584,""mapped"":true}},""ports"":{""available"":[""BLE:Dexter""],""unavailable"":[]}}"
1784118744.0479472,1784118744.0478165,146,ble,"{""index"":{""age_s"":0.009158611297607422,""channels"":3,""force"":[-0.18602911404328815,-0.9660805724100019],""has_data"":true,""last_update_ts"":1784118744.038658,""raw"":[16987,16600,18534]},""middle"":{""age_s"":0.009158611297607422,""channels"":3,""force"":[-0.8291995393402356,-0.32720741019000243],""has_data"":true,""last_update_ts"":1784118744.038658,""raw"":[16971,15246,16698]},""pinky"":{""age_s"":0.009158611297607422,""channels"":3,""force"":[-1.0262846472413933,-0.74794229895],""has_data"":true,""last_update_ts"":1784118744.038658,""raw"":[17423,15288,17703]},""ring"":{""age_s"":0.009158611297607422,""channels"":3,""force"":[0.27736123721699535,0.25227441548999874],""has_data"":true,""last_update_ts"":1784118744.038658,""raw"":[15792,16369,15626]},""thumb"":{""age_s"":0.009158611297607422,""channels"":3,""force"":[0.0,-2.220446049250313e-16],""has_data"":true,""last_update_ts"":1784118744.038658,""raw"":[0,0,0]}}","{""ble"":{""connection_state"":""connected"",""counter"":991199,""finger_order"":""DexterController.Visualizer"",""last_error"":null,""last_sample_age_s"":0.00918269800604321,""reconnect_count"":0,""sample_hz"":20.0,""sample_sequence"":145,""timestamp_us"":9708851104},""fingers"":{""index"":{""has_data"":true,""last_update_ts"":1784118744.038658,""mapped"":true},""middle"":{""has_data"":true,""last_update_ts"":1784118744.038658,""mapped"":true},""pinky"":{""has_data"":true,""last_update_ts"":1784118744.038658,""mapped"":true},""ring"":{""has_data"":true,""last_update_ts"":1784118744.038658,""mapped"":true},""thumb"":{""has_data"":true,""last_update_ts"":1784118744.038658,""mapped"":true}},""ports"":{""available"":[""BLE:Dexter""],""unavailable"":[]}}"
1784118744.0979445,1784118744.0978158,147,ble,"{""index"":{""age_s"":0.00915670394897461,""channels"":3,""force"":[-0.285052363378993,-0.6224989152300013],""has_data"":true,""last_update_ts"":1784118744.088659,""raw"":[17227,16634,18052]},""middle"":{""age_s"":0.00915670394897461,""channels"":3,""force"":[-0.9263000071354437,-0.048012622530001714],""has_data"":true,""last_update_ts"":1784118744.088659,""raw"":[17199,15272,16322]},""pinky"":{""age_s"":0.00915670394897461,""channels"":3,""force"":[-1.0209969980050229,-0.7454445324599988],""has_data"":true,""last_update_ts"":1784118744.088659,""raw"":[17410,15286,17691]},""ring"":{""age_s"":0.00915670394897461,""channels"":3,""force"":[0.28793653568974165,0.26226548144999917],""has_data"":true,""last_update_ts"":1784118744.088659,""raw"":[15798,16397,15625]},""thumb"":{""age_s"":0.00915670394897461,""channels"":3,""force"":[0.0,-2.220446049250313e-16],""has_data"":true,""last_update_ts"":1784118744.088659,""raw"":[0,0,0]}}","{""ble"":{""connection_state"":""connected"",""counter"":991204,""finger_order"":""DexterController.Visualizer"",""last_error"":null,""last_sample_age_s"":0.009180726003251038,""reconnect_count"":0,""sample_hz"":20.0,""sample_sequence"":146,""timestamp_us"":9708898208},""fingers"":{""index"":{""has_data"":true,""last_update_ts"":1784118744.088659,""mapped"":true},""middle"":{""has_data"":true,""last_update_ts"":1784118744.088659,""mapped"":true},""pinky"":{""has_data"":true,""last_update_ts"":1784118744.088659,""mapped"":true},""ring"":{""has_data"":true,""last_update_ts"":1784118744.088659,""mapped"":true},""thumb"":{""has_data"":true,""last_update_ts"":1784118744.088659,""mapped"":true}},""ports"":{""available"":[""BLE:Dexter""],""unavailable"":[]}}"
1784118744.147934,1784118744.1478028,148,ble,"{""index"":{""age_s"":0.009144306182861328,""channels"":3,""force"":[-0.2913014033856136,0.47901610685999607],""has_data"":true,""last_update_ts"":1784118744.1386585,""raw"":[17950,17344,16784]},""middle"":{""age_s"":0.009144306182861328,""channels"":3,""force"":[-1.1868369058730703,-0.14237268993000374],""has_data"":true,""last_update_ts"":1784118744.1386585,""raw"":[17375,14906,16397]},""pinky"":{""age_s"":0.009144306182861328,""channels"":3,""force"":[-1.0190742164645226,-0.7504400654400003],""has_data"":true,""last_update_ts"":1784118744.1386585,""raw"":[17411,15291,17703]},""ring"":{""age_s"":0.009144306182861328,""channels"":3,""force"":[0.27495776029137176,0.24700135289999992],""has_data"":true,""last_update_ts"":1784118744.1386585,""raw"":[15794,16366,15635]},""thumb"":{""age_s"":0.009144306182861328,""channels"":3,""force"":[0.0,-2.220446049250313e-16],""has_data"":true,""last_update_ts"":1784118744.1386585,""raw"":[0,0,0]}}","{""ble"":{""connection_state"":""connected"",""counter"":991209,""finger_order"":""DexterController.Visualizer"",""last_error"":null,""last_sample_age_s"":0.00916770899493713,""reconnect_count"":0,""sample_hz"":20.0,""sample_sequence"":147,""timestamp_us"":9708945216},""fingers"":{""index"":{""has_data"":true,""last_update_ts"":1784118744.1386585,""mapped"":true},""middle"":{""has_data"":true,""last_update_ts"":1784118744.1386585,""mapped"":true},""pinky"":{""has_data"":true,""last_update_ts"":1784118744.1386585,""mapped"":true},""ring"":{""has_data"":true,""last_update_ts"":1784118744.1386585,""mapped"":true},""thumb"":{""has_data"":true,""last_update_ts"":1784118744.1386585,""mapped"":true}},""ports"":{""available"":[""BLE:Dexter""],""unavailable"":[]}}"
1784118744.1979516,1784118744.197813,149,ble,"{""index"":{""age_s"":0.009154558181762695,""channels"":3,""force"":[-0.12594219090269299,1.3043891669999956],""has_data"":true,""last_update_ts"":1784118744.1886585,""raw"":[18257,17995,15776]},""middle"":{""age_s"":0.009154558181762695,""channels"":3,""force"":[-1.171935348934202,-0.6383181030000022],""has_data"":true,""last_update_ts"":1784118744.1886585,""raw"":[17075,14637,17006]},""pinky"":{""age_s"":0.009154558181762695,""channels"":3,""force"":[-1.0267653426265202,-0.7509951246600037],""has_data"":true,""last_update_ts"":1784118744.1886585,""raw"":[17416,15280,17701]},""ring"":{""age_s"":0.009154558181762695,""channels"":3,""force"":[0.27447706490624846,0.2511642970499972],""has_data"":true,""last_update_ts"":1784118744.1886585,""raw"":[15794,16365,15627]},""thumb"":{""age_s"":0.009154558181762695,""channels"":3,""force"":[0.0,-2.220446049250313e-16],""has_data"":true,""last_update_ts"":1784118744.1886585,""raw"":[0,0,0]}}","{""ble"":{""connection_state"":""connected"",""counter"":991215,""finger_order"":""DexterController.Visualizer"",""last_error"":null,""last_sample_age_s"":0.009184643000480719,""reconnect_count"":0,""sample_hz"":20.0,""sample_sequence"":148,""timestamp_us"":9709001536},""fingers"":{""index"":{""has_data"":true,""last_update_ts"":1784118744.1886585,""mapped"":true},""middle"":{""has_data"":true,""last_update_ts"":1784118744.1886585,""mapped"":true},""pinky"":{""has_data"":true,""last_update_ts"":1784118744.1886585,""mapped"":true},""ring"":{""has_data"":true,""last_update_ts"":1784118744.1886585,""mapped"":true},""thumb"":{""has_data"":true,""last_update_ts"":1784118744.1886585,""mapped"":true}},""ports"":{""available"":[""BLE:Dexter""],""unavailable"":[]}}"
1784118744.2479346,1784118744.247812,150,ble,"{""index"":{""age_s"":0.009154319763183594,""channels"":3,""force"":[0.18650980942841144,1.6096717379999976],""has_data"":true,""last_update_ts"":1784118744.2386577,""raw"":[18038,18426,15332]},""middle"":{""age_s"":0.009154319763183594,""channels"":3,""force"":[-1.2079875028185612,-1.2458304192900025],""has_data"":true,""last_update_ts"":1784118744.2386577,""raw"":[16754,14241,17742]},""pinky"":{""age_s"":0.009154319763183594,""channels"":3,""force"":[-0.4802146897396504,-0.4837341102300039],""has_data"":true,""last_update_ts"":1784118744.2386577,""raw"":[17255,16256,17627]},""ring"":{""age_s"":0.009154319763183594,""channels"":3,""force"":[0.3110099141757292,0.3749425031099989],""has_data"":true,""last_update_ts"":1784118744.2386577,""raw"":[15766,16413,15414]},""thumb"":{""age_s"":0.009154319763183594,""channels"":3,""force"":[0.0,-2.220446049250313e-16],""has_data"":true,""last_update_ts"":1784118744.2386577,""raw"":[0,0,0]}}","{""ble"":{""connection_state"":""connected"",""counter"":991220,""finger_order"":""DexterController.Visualizer"",""last_error"":null,""last_sample_age_s"":0.009178028994938359,""reconnect_count"":0,""sample_hz"":20.0,""sample_sequence"":149,""timestamp_us"":9709048736},""fingers"":{""index"":{""has_data"":true,""last_update_ts"":1784118744.2386577,""mapped"":true},""middle"":{""has_data"":true,""last_update_ts"":1784118744.2386577,""mapped"":true},""pinky"":{""has_data"":true,""last_update_ts"":1784118744.2386577,""mapped"":true},""ring"":{""has_data"":true,""last_update_ts"":1784118744.2386577,""mapped"":true},""thumb"":{""has_data"":true,""last_update_ts"":1784118744.2386577,""mapped"":true}},""ports"":{""available"":[""BLE:Dexter""],""unavailable"":[]}}"
1784118744.297935,1784118744.2978132,151,ble,"{""index"":{""age_s"":0.009154796600341797,""channels"":3,""force"":[0.5359753544141252,2.030129097149998],""has_data"":true,""last_update_ts"":1784118744.2886584,""raw"":[17915,19030,14815]},""middle"":{""age_s"":0.009154796600341797,""channels"":3,""force"":[-1.3598872445179895,-1.8441842584500012],""has_data"":true,""last_update_ts"":1784118744.2886584,""raw"":[16633,13804,18541]},""pinky"":{""age_s"":0.009154796600341797,""channels"":3,""force"":[-1.0243618657008984,-0.7496074766100005],""has_data"":true,""last_update_ts"":1784118744.2886584,""raw"":[17421,15290,17706]},""ring"":{""age_s"":0.009154796600341797,""channels"":3,""force"":[0.2754384556764986,0.24561370484999934],""has_data"":true,""last_update_ts"":1784118744.2886584,""raw"":[15786,16359,15630]},""thumb"":{""age_s"":0.009154796600341797,""channels"":3,""force"":[0.0,-2.220446049250313e-16],""has_data"":true,""last_update_ts"":1784118744.2886584,""raw"":[0,0,0]}}","{""ble"":{""connection_state"":""connected"",""counter"":991225,""finger_order"":""DexterController.Visualizer"",""last_error"":null,""last_sample_age_s"":0.009178299995255657,""reconnect_count"":0,""sample_hz"":20.0,""sample_sequence"":150,""timestamp_us"":9709095776},""fingers"":{""index"":{""has_data"":true,""last_update_ts"":1784118744.2886584,""mapped"":true},""middle"":{""has_data"":true,""last_update_ts"":1784118744.2886584,""mapped"":true},""pinky"":{""has_data"":true,""last_update_ts"":1784118744.2886584,""mapped"":true},""ring"":{""has_data"":true,""last_update_ts"":1784118744.2886584,""mapped"":true},""thumb"":{""has_data"":true,""last_update_ts"":1784118744.2886584,""mapped"":true}},""ports"":{""available"":[""BLE:Dexter""],""unavailable"":[]}}"
1784118744.3479354,1784118744.347813,152,ble,"{""index"":{""age_s"":0.009153604507446289,""channels"":3,""force"":[0.8796725547783417,2.411177251679997],""has_data"":true,""last_update_ts"":1784118744.3386593,""raw"":[17732,19562,14303]},""middle"":{""age_s"":0.009153604507446289,""channels"":3,""force"":[-1.3488312506601199,-2.986218603600002],""has_data"":true,""last_update_ts"":1784118744.3386593,""raw"":[15958,13152,19935]},""pinky"":{""age_s"":0.009153604507446289,""channels"":3,""force"":[-1.0243618657008948,-0.7484973581700016],""has_data"":true,""last_update_ts"":1784118744.3386593,""raw"":[17423,15292,17706]},""ring"":{""age_s"":0.009153604507446289,""channels"":3,""force"":[0.27543845567649683,0.24727888250999808],""has_data"":true,""last_update_ts"":1784118744.3386593,""raw"":[15792,16365,15633]},""thumb"":{""age_s"":0.009153604507446289,""channels"":3,""force"":[0.0,-2.220446049250313e-16],""has_data"":true,""last_update_ts"":1784118744.3386593,""raw"":[0,0,0]}}","{""ble"":{""connection_state"":""connected"",""counter"":991230,""finger_order"":""DexterController.Visualizer"",""last_error"":null,""last_sample_age_s"":0.009177277999697253,""reconnect_count"":0,""sample_hz"":20.0,""sample_sequence"":151,""timestamp_us"":9709142720},""fingers"":{""index"":{""has_data"":true,""last_update_ts"":1784118744.3386593,""mapped"":true},""middle"":{""has_data"":true,""last_update_ts"":1784118744.3386593,""mapped"":true},""pinky"":{""has_data"":true,""last_update_ts"":1784118744.3386593,""mapped"":true},""ring"":{""has_data"":true,""last_update_ts"":1784118744.3386593,""mapped"":true},""thumb"":{""has_data"":true,""last_update_ts"":1784118744.3386593,""mapped"":true}},""ports"":{""available"":[""BLE:Dexter""],""unavailable"":[]}}"
1784118744.3979356,1784118744.3978128,153,ble,"{""index"":{""age_s"":0.009154081344604492,""channels"":3,""force"":[1.4502579769214492,2.842180736009997],""has_data"":true,""last_update_ts"":1784118744.3886588,""raw"":[17433,20450,13821]},""middle"":{""age_s"":0.009154081344604492,""channels"":3,""force"":[-1.1262692873473474,-4.37192394633],""has_data"":true,""last_update_ts"":1784118744.3886588,""raw"":[14877,12534,21582]},""pinky"":{""age_s"":0.009154081344604492,""channels"":3,""force"":[-1.014267262613279,-0.7398939402600018],""has_data"":true,""last_update_ts"":1784118744.3886588,""raw"":[17412,15302,17690]},""ring"":{""age_s"":0.009154081344604492,""channels"":3,""force"":[0.2807261049128691,0.25754747807999934],""has_data"":true,""last_update_ts"":1784118744.3886588,""raw"":[15790,16374,15618]},""thumb"":{""age_s"":0.009154081344604492,""channels"":3,""force"":[0.0,-2.220446049250313e-16],""has_data"":true,""last_update_ts"":1784118744.3886588,""raw"":[0,0,0]}}","{""ble"":{""connection_state"":""connected"",""counter"":991236,""finger_order"":""DexterController.Visualizer"",""last_error"":null,""last_sample_age_s"":0.009178560998407193,""reconnect_count"":0,""sample_hz"":20.0,""sample_sequence"":152,""timestamp_us"":9709199232},""fingers"":{""index"":{""has_data"":true,""last_update_ts"":1784118744.3886588,""mapped"":true},""middle"":{""has_data"":true,""last_update_ts"":1784118744.3886588,""mapped"":true},""pinky"":{""has_data"":true,""last_update_ts"":1784118744.3886588,""mapped"":true},""ring"":{""has_data"":true,""last_update_ts"":1784118744.3886588,""mapped"":true},""thumb"":{""has_data"":true,""last_update_ts"":1784118744.3886588,""mapped"":true}},""ports"":{""available"":[""BLE:Dexter""],""unavailable"":[]}}"
1784118744.4480333,1784118744.4479034,154,ble,"{""index"":{""age_s"":0.00921487808227539,""channels"":3,""force"":[1.8463509742642632,3.1741061495699983],""has_data"":true,""last_update_ts"":1784118744.4386885,""raw"":[17227,21068,13429]},""middle"":{""age_s"":0.00921487808227539,""channels"":3,""force"":[-1.0791611396051213,-5.0774042149500005],""has_data"":true,""last_update_ts"":1784118744.4386885,""raw"":[14381,12136,22406]},""pinky"":{""age_s"":0.00921487808227539,""channels"":3,""force"":[-1.013786567228152,-0.7557131280300018],""has_data"":true,""last_update_ts"":1784118744.4386885,""raw"":[17401,15292,17708]},""ring"":{""age_s"":0.00921487808227539,""channels"":3,""force"":[0.2706315018252461,0.2528294747099986],""has_data"":true,""last_update_ts"":1784118744.4386885,""raw"":[15804,16367,15630]},""thumb"":{""age_s"":0.00921487808227539,""channels"":3,""force"":[0.0,-2.220446049250313e-16],""has_data"":true,""last_update_ts"":1784118744.4386885,""raw"":[0,0,0]}}","{""ble"":{""connection_state"":""connected"",""counter"":991241,""finger_order"":""DexterController.Visualizer"",""last_error"":null,""last_sample_age_s"":0.009247405992937274,""reconnect_count"":0,""sample_hz"":20.0,""sample_sequence"":153,""timestamp_us"":9709246208},""fingers"":{""index"":{""has_data"":true,""last_update_ts"":1784118744.4386885,""mapped"":true},""middle"":{""has_data"":true,""last_update_ts"":1784118744.4386885,""mapped"":true},""pinky"":{""has_data"":true,""last_update_ts"":1784118744.4386885,""mapped"":true},""ring"":{""has_data"":true,""last_update_ts"":1784118744.4386885,""mapped"":true},""thumb"":{""has_data"":true,""last_update_ts"":1784118744.4386885,""mapped"":true}},""ports"":{""available"":[""BLE:Dexter""],""unavailable"":[]}}"
1784118744.4980423,1784118744.4978287,155,ble,"{""index"":{""age_s"":0.009107828140258789,""channels"":3,""force"":[2.133806814568878,3.538224997889996],""has_data"":true,""last_update_ts"":1784118744.488721,""raw"":[17172,21611,13017]},""middle"":{""age_s"":0.009107828140258789,""channels"":3,""force"":[-1.1695318720085792,-5.416545398370001],""has_data"":true,""last_update_ts"":1784118744.488721,""raw"":[14256,11823,22798]},""pinky"":{""age_s"":0.009107828140258789,""channels"":3,""force"":[-1.022919779545525,-0.7498850062200004],""has_data"":true,""last_update_ts"":1784118744.488721,""raw"":[17417,15289,17704]},""ring"":{""age_s"":0.009107828140258789,""channels"":3,""force"":[0.27880332337237057,0.24034064225999874],""has_data"":true,""last_update_ts"":1784118744.488721,""raw"":[15786,16366,15643]},""thumb"":{""age_s"":0.009107828140258789,""channels"":3,""force"":[0.0,-2.220446049250313e-16],""has_data"":true,""last_update_ts"":1784118744.488721,""raw"":[0,0,0]}}","{""ble"":{""connection_state"":""connected"",""counter"":991246,""finger_order"":""DexterController.Visualizer"",""last_error"":null,""last_sample_age_s"":0.009141988994088024,""reconnect_count"":0,""sample_hz"":20.0,""sample_sequence"":154,""timestamp_us"":9709293152},""fingers"":{""index"":{""has_data"":true,""last_update_ts"":1784118744.488721,""mapped"":true},""middle"":{""has_data"":true,""last_update_ts"":1784118744.488721,""mapped"":true},""pinky"":{""has_data"":true,""last_update_ts"":1784118744.488721,""mapped"":true},""ring"":{""has_data"":true,""last_update_ts"":1784118744.488721,""mapped"":true},""thumb"":{""has_data"":true,""last_update_ts"":1784118744.488721,""mapped"":true}},""ports"":{""available"":[""BLE:Dexter""],""unavailable"":[]}}"
1784118744.5479386,1784118744.5478172,156,ble,"{""index"":{""age_s"":0.009130477905273438,""channels"":3,""force"":[2.2948397685856783,3.7982702424599966],""has_data"":true,""last_update_ts"":1784118744.5386868,""raw"":[17147,21921,12691]},""middle"":{""age_s"":0.009130477905273438,""channels"":3,""force"":[-1.2392327028516714,-5.8059194412],""has_data"":true,""last_update_ts"":1784118744.5386868,""raw"":[14058,11480,23229]},""pinky"":{""age_s"":0.009130477905273438,""channels"":3,""force"":[-0.3090871326352307,-0.4204573591500047],""has_data"":true,""last_update_ts"":1784118744.5386868,""raw"":[17174,16531,17610]},""ring"":{""age_s"":0.009130477905273438,""channels"":3,""force"":[0.2821681910682443,0.4088011155299984],""has_data"":true,""last_update_ts"":1784118744.5386868,""raw"":[15782,16369,15339]},""thumb"":{""age_s"":0.009130477905273438,""channels"":3,""force"":[0.0,-2.220446049250313e-16],""has_data"":true,""last_update_ts"":1784118744.5386868,""raw"":[0,0,0]}}","{""ble"":{""connection_state"":""connected"",""counter"":991252,""finger_order"":""DexterController.Visualizer"",""last_error"":null,""last_sample_age_s"":0.009155566003755666,""reconnect_count"":0,""sample_hz"":20.0,""sample_sequence"":155,""timestamp_us"":9709349600},""fingers"":{""index"":{""has_data"":true,""last_update_ts"":1784118744.5386868,""mapped"":true},""middle"":{""has_data"":true,""last_update_ts"":1784118744.5386868,""mapped"":true},""pinky"":{""has_data"":true,""last_update_ts"":1784118744.5386868,""mapped"":true},""ring"":{""has_data"":true,""last_update_ts"":1784118744.5386868,""mapped"":true},""thumb"":{""has_data"":true,""last_update_ts"":1784118744.5386868,""mapped"":true}},""ports"":{""available"":[""BLE:Dexter""],""unavailable"":[]}}"
1784118744.597929,1784118744.5978172,157,ble,"{""index"":{""age_s"":0.009148836135864258,""channels"":3,""force"":[2.3174324516865443,3.7735701071699985],""has_data"":true,""last_update_ts"":1784118744.5886683,""raw"":[17130,21951,12742]},""middle"":{""age_s"":0.009148836135864258,""channels"":3,""force"":[-1.2522114782500395,-5.94940224957],""has_data"":true,""last_update_ts"":1784118744.5886683,""raw"":[14003,11398,23419]},""pinky"":{""age_s"":0.009148836135864258,""channels"":3,""force"":[-1.0224390841603999,-0.7429467659700002],""has_data"":true,""last_update_ts"":1784118744.5886683,""raw"":[17421,15294,17696]},""ring"":{""age_s"":0.009148836135864258,""channels"":3,""force"":[0.28120680029799416,0.24838900094999872],""has_data"":true,""last_update_ts"":1784118744.5886683,""raw"":[15787,16372,15632]},""thumb"":{""age_s"":0.009148836135864258,""channels"":3,""force"":[0.0,-2.220446049250313e-16],""has_data"":true,""last_update_ts"":1784118744.5886683,""raw"":[0,0,0]}}","{""ble"":{""connection_state"":""connected"",""counter"":991257,""finger_order"":""DexterController.Visualizer"",""last_error"":null,""last_sample_age_s"":0.009172769001452252,""reconnect_count"":0,""sample_hz"":20.0,""sample_sequence"":156,""timestamp_us"":9709396672},""fingers"":{""index"":{""has_data"":true,""last_update_ts"":1784118744.5886683,""mapped"":true},""middle"":{""has_data"":true,""last_update_ts"":1784118744.5886683,""mapped"":true},""pinky"":{""has_data"":true,""last_update_ts"":1784118744.5886683,""mapped"":true},""ring"":{""has_data"":true,""last_update_ts"":1784118744.5886683,""mapped"":true},""thumb"":{""has_data"":true,""last_update_ts"":1784118744.5886683,""mapped"":true}},""ports"":{""available"":[""BLE:Dexter""],""unavailable"":[]}}"
1784118744.6479387,1784118744.6478157,158,ble,"{""index"":{""age_s"":0.009156942367553711,""channels"":3,""force"":[2.3861718917593855,3.5895679757399988],""has_data"":true,""last_update_ts"":1784118744.6386588,""raw"":[16925,21889,12940]},""middle"":{""age_s"":0.009156942367553711,""channels"":3,""force"":[-1.1652056135424562,-6.067907393039999],""has_data"":true,""last_update_ts"":1784118744.6386588,""raw"":[13830,11406,23550]},""pinky"":{""age_s"":0.009156942367553711,""channels"":3,""force"":[-1.0205163026199013,-0.7501625358300004],""has_data"":true,""last_update_ts"":1784118744.6386588,""raw"":[17417,15294,17707]},""ring"":{""age_s"":0.009156942367553711,""channels"":3,""force"":[0.27303497875087146,0.24866653055999866],""has_data"":true,""last_update_ts"":1784118744.6386588,""raw"":[15801,16369,15637]},""thumb"":{""age_s"":0.009156942367553711,""channels"":3,""force"":[0.0,-2.220446049250313e-16],""has_data"":true,""last_update_ts"":1784118744.6386588,""raw"":[0,0,0]}}","{""ble"":{""connection_state"":""connected"",""counter"":991262,""finger_order"":""DexterController.Visualizer"",""last_error"":null,""last_sample_age_s"":0.009180563996778801,""reconnect_count"":0,""sample_hz"":20.0,""sample_sequence"":157,""timestamp_us"":9709443680},""fingers"":{""index"":{""has_data"":true,""last_update_ts"":1784118744.6386588,""mapped"":true},""middle"":{""has_data"":true,""last_update_ts"":1784118744.6386588,""mapped"":true},""pinky"":{""has_data"":true,""last_update_ts"":1784118744.6386588,""mapped"":true},""ring"":{""has_data"":true,""last_update_ts"":1784118744.6386588,""mapped"":true},""thumb"":{""has_data"":true,""last_update_ts"":1784118744.6386588,""mapped"":true}},""ports"":{""available"":[""BLE:Dexter""],""unavailable"":[]}}"
1784118744.697939,1784118744.6978168,159,ble,"{""index"":{""age_s"":0.009158611297607422,""channels"":3,""force"":[2.436164211812363,3.028403104319997],""has_data"":true,""last_update_ts"":1784118744.6886582,""raw"":[16528,21596,13606]},""middle"":{""age_s"":0.009158611297607422,""channels"":3,""force"":[-1.2132751520549334,-5.604988003559998],""has_data"":true,""last_update_ts"":1784118744.6886582,""raw"":[14124,11600,22960]},""pinky"":{""age_s"":0.009158611297607422,""channels"":3,""force"":[-1.020996998005021,-0.7421141771400022],""has_data"":true,""last_update_ts"":1784118744.6886582,""raw"":[17415,15291,17690]},""ring"":{""age_s"":0.009158611297607422,""channels"":3,""force"":[0.2893786218451133,0.2608778333999977],""has_data"":true,""last_update_ts"":1784118744.6886582,""raw"":[15797,16399,15628]},""thumb"":{""age_s"":0.009158611297607422,""channels"":3,""force"":[0.0,-2.220446049250313e-16],""has_data"":true,""last_update_ts"":1784118744.6886582,""raw"":[0,0,0]}}","{""ble"":{""connection_state"":""connected"",""counter"":991268,""finger_order"":""DexterController.Visualizer"",""last_error"":null,""last_sample_age_s"":0.009182888999930583,""reconnect_count"":0,""sample_hz"":20.0,""sample_sequence"":158,""timestamp_us"":9709500064},""fingers"":{""index"":{""has_data"":true,""last_update_ts"":1784118744.6886582,""mapped"":true},""middle"":{""has_data"":true,""last_update_ts"":1784118744.6886582,""mapped"":true},""pinky"":{""has_data"":true,""last_update_ts"":1784118744.6886582,""mapped"":true},""ring"":{""has_data"":true,""last_update_ts"":1784118744.6886582,""mapped"":true},""thumb"":{""has_data"":true,""last_update_ts"":1784118744.6886582,""mapped"":true}},""ports"":{""available"":[""BLE:Dexter""],""unavailable"":[]}}"
1784118744.7479417,1784118744.7478154,160,ble,"{""index"":{""age_s"":0.009155988693237305,""channels"":3,""force"":[2.2736891716401892,2.088687844859999],""has_data"":true,""last_update_ts"":1784118744.7386594,""raw"":[16123,20853,14725]},""middle"":{""age_s"":0.009155988693237305,""channels"":3,""force"":[-1.384402709159354,-4.295048244360004],""has_data"":true,""last_update_ts"":1784118744.7386594,""raw"":[15036,12156,21334]},""pinky"":{""age_s"":0.009155988693237305,""channels"":3,""force"":[-1.0190742164645243,-0.7532153615400023],""has_data"":true,""last_update_ts"":1784118744.7386594,""raw"":[17412,15292,17709]},""ring"":{""age_s"":0.009155988693237305,""channels"":3,""force"":[0.2788033233723688,0.24700135289999814],""has_data"":true,""last_update_ts"":1784118744.7386594,""raw"":[15787,16367,15632]},""thumb"":{""age_s"":0.009155988693237305,""channels"":3,""force"":[0.0,-2.220446049250313e-16],""has_data"":true,""last_update_ts"":1784118744.7386594,""raw"":[0,0,0]}}","{""ble"":{""connection_state"":""connected"",""counter"":991273,""finger_order"":""DexterController.Visualizer"",""last_error"":null,""last_sample_age_s"":0.009179342989227735,""reconnect_count"":0,""sample_hz"":20.0,""sample_sequence"":159,""timestamp_us"":9709547072},""fingers"":{""index"":{""has_data"":true,""last_update_ts"":1784118744.7386594,""mapped"":true},""middle"":{""has_data"":true,""last_update_ts"":1784118744.7386594,""mapped"":true},""pinky"":{""has_data"":true,""last_update_ts"":1784118744.7386594,""mapped"":true},""ring"":{""has_data"":true,""last_update_ts"":1784118744.7386594,""mapped"":true},""thumb"":{""has_data"":true,""last_update_ts"":1784118744.7386594,""mapped"":true}},""ports"":{""available"":[""BLE:Dexter""],""unavailable"":[]}}"
1784118744.7979496,1784118744.7978282,161,ble,"{""index"":{""age_s"":0.009169578552246094,""channels"":3,""force"":[1.8285652450146461,0.5134297784999964],""has_data"":true,""last_update_ts"":1784118744.7886586,""raw"":[15634,19438,16611]},""middle"":{""age_s"":0.009169578552246094,""channels"":3,""force"":[-1.6353257001944863,-1.9249453749600027],""has_data"":true,""last_update_ts"":1784118744.7886586,""raw"":[16675,13273,18442]},""pinky"":{""age_s"":0.009169578552246094,""channels"":3,""force"":[-1.0224390841603945,-0.7512726542700037],""has_data"":true,""last_update_ts"":1784118744.7886586,""raw"":[17415,15288,17705]},""ring"":{""age_s"":0.009169578552246094,""channels"":3,""force"":[0.27255428336574816,0.2511642970499972],""has_data"":true,""last_update_ts"":1784118744.7886586,""raw"":[15798,16365,15629]},""thumb"":{""age_s"":0.009169578552246094,""channels"":3,""force"":[0.0,-2.220446049250313e-16],""has_data"":true,""last_update_ts"":1784118744.7886586,""raw"":[0,0,0]}}","{""ble"":{""connection_state"":""connected"",""counter"":991278,""finger_order"":""DexterController.Visualizer"",""last_error"":null,""last_sample_age_s"":0.009192377998260781,""reconnect_count"":0,""sample_hz"":20.0,""sample_sequence"":160,""timestamp_us"":9709594048},""fingers"":{""index"":{""has_data"":true,""last_update_ts"":1784118744.7886586,""mapped"":true},""middle"":{""has_data"":true,""last_update_ts"":1784118744.7886586,""mapped"":true},""pinky"":{""has_data"":true,""last_update_ts"":1784118744.7886586,""mapped"":true},""ring"":{""has_data"":true,""last_update_ts"":1784118744.7886586,""mapped"":true},""thumb"":{""has_data"":true,""last_update_ts"":1784118744.7886586,""mapped"":true}},""ports"":{""available"":[""BLE:Dexter""],""unavailable"":[]}}"
1784118744.8479266,1784118744.847802,162,ble,"{""index"":{""age_s"":0.009116172790527344,""channels"":3,""force"":[1.7136790479698245,-1.3385253090300013],""has_data"":true,""last_update_ts"":1784118744.8386858,""raw"":[14626,18191,18820]},""middle"":{""age_s"":0.009116172790527344,""channels"":3,""force"":[-1.5146711585281665,-0.7185241602900039],""has_data"":true,""last_update_ts"":1784118744.8386858,""raw"":[17221,14070,16940]},""pinky"":{""age_s"":0.009116172790527344,""channels"":3,""force"":[-1.02580395185627,-0.750440065440003],""has_data"":true,""last_update_ts"":1784118744.8386858,""raw"":[17423,15289,17708]},""ring"":{""age_s"":0.009116172790527344,""channels"":3,""force"":[0.2763998464467434,0.24838900094999872],""has_data"":true,""last_update_ts"":1784118744.8386858,""raw"":[15797,16372,15637]},""thumb"":{""age_s"":0.009116172790527344,""channels"":3,""force"":[0.0,-2.220446049250313e-16],""has_data"":true,""last_update_ts"":1784118744.8386858,""raw"":[0,0,0]}}","{""ble"":{""connection_state"":""connected"",""counter"":991284,""finger_order"":""DexterController.Visualizer"",""last_error"":null,""last_sample_age_s"":0.009139774003415368,""reconnect_count"":0,""sample_hz"":20.0,""sample_sequence"":161,""timestamp_us"":9709650496},""fingers"":{""index"":{""has_data"":true,""last_update_ts"":1784118744.8386858,""mapped"":true},""middle"":{""has_data"":true,""last_update_ts"":1784118744.8386858,""mapped"":true},""pinky"":{""has_data"":true,""last_update_ts"":1784118744.8386858,""mapped"":true},""ring"":{""has_data"":true,""last_update_ts"":1784118744.8386858,""mapped"":true},""thumb"":{""has_data"":true,""last_update_ts"":1784118744.8386858,""mapped"":true}},""ports"":{""available"":[""BLE:Dexter""],""unavailable"":[]}}"
1784118744.8979204,1784118744.8978007,163,ble,"{""index"":{""age_s"":0.009113788604736328,""channels"":3,""force"":[1.4324722476718286,-2.413952547780002],""has_data"":true,""last_update_ts"":1784118744.888687,""raw"":[14275,17255,20114]},""middle"":{""age_s"":0.009113788604736328,""channels"":3,""force"":[-1.7454049433880616,0.9921683557499987],""has_data"":true,""last_update_ts"":1784118744.888687,""raw"":[18464,14833,14861]},""pinky"":{""age_s"":0.009113788604736328,""channels"":3,""force"":[-1.026765342626522,-0.7448894732399998],""has_data"":true,""last_update_ts"":1784118744.888687,""raw"":[17421,15285,17695]},""ring"":{""age_s"":0.009113788604736328,""channels"":3,""force"":[0.2864944495343682,0.2608778333999986],""has_data"":true,""last_update_ts"":1784118744.888687,""raw"":[15794,16390,15622]},""thumb"":{""age_s"":0.009113788604736328,""channels"":3,""force"":[0.0,-2.220446049250313e-16],""has_data"":true,""last_update_ts"":1784118744.888687,""raw"":[0,0,0]}}","{""ble"":{""connection_state"":""connected"",""counter"":991289,""finger_order"":""DexterController.Visualizer"",""last_error"":null,""last_sample_age_s"":0.009138100998825394,""reconnect_count"":0,""sample_hz"":20.0,""sample_sequence"":162,""timestamp_us"":9709697440},""fingers"":{""index"":{""has_data"":true,""last_update_ts"":1784118744.888687,""mapped"":true},""middle"":{""has_data"":true,""last_update_ts"":1784118744.888687,""mapped"":true},""pinky"":{""has_data"":true,""last_update_ts"":1784118744.888687,""mapped"":true},""ring"":{""has_data"":true,""last_update_ts"":1784118744.888687,""mapped"":true},""thumb"":{""has_data"":true,""last_update_ts"":1784118744.888687,""mapped"":true}},""ports"":{""available"":[""BLE:Dexter""],""unavailable"":[]}}"
1784118744.947931,1784118744.9478035,164,ble,"{""index"":{""age_s"":0.009145498275756836,""channels"":3,""force"":[1.2387520074665463,-3.3545003960700024],""has_data"":true,""last_update_ts"":1784118744.938658,""raw"":[13932,16509,21264]},""middle"":{""age_s"":0.009145498275756836,""channels"":3,""force"":[-1.7780922295765453,1.5572186417099987],""has_data"":true,""last_update_ts"":1784118744.938658,""raw"":[18803,15104,14148]},""pinky"":{""age_s"":0.009145498275756836,""channels"":3,""force"":[-1.0219583887752712,-0.7465546509000038],""has_data"":true,""last_update_ts"":1784118744.938658,""raw"":[17419,15293,17701]},""ring"":{""age_s"":0.009145498275756836,""channels"":3,""force"":[0.27207358798062486,0.24922158977999764],""has_data"":true,""last_update_ts"":1784118744.938658,""raw"":[15799,16365,15633]},""thumb"":{""age_s"":0.009145498275756836,""channels"":3,""force"":[0.0,-2.220446049250313e-16],""has_data"":true,""last_update_ts"":1784118744.938658,""raw"":[0,0,0]}}","{""ble"":{""connection_state"":""connected"",""counter"":991294,""finger_order"":""DexterController.Visualizer"",""last_error"":null,""last_sample_age_s"":0.009167588999844156,""reconnect_count"":0,""sample_hz"":20.0,""sample_sequence"":163,""timestamp_us"":9709744480},""fingers"":{""index"":{""has_data"":true,""last_update_ts"":1784118744.938658,""mapped"":true},""middle"":{""has_data"":true,""last_update_ts"":1784118744.938658,""mapped"":true},""pinky"":{""has_data"":true,""last_update_ts"":1784118744.938658,""mapped"":true},""ring"":{""has_data"":true,""last_update_ts"":1784118744.938658,""mapped"":true},""thumb"":{""has_data"":true,""last_update_ts"":1784118744.938658,""mapped"":true}},""ports"":{""available"":[""BLE:Dexter""],""unavailable"":[]}}"
1784118744.9979212,1784118744.9978025,165,ble,"{""index"":{""age_s"":0.00914454460144043,""channels"":3,""force"":[1.168570481238329,-4.003919683470002],""has_data"":true,""last_update_ts"":1784118744.988658,""raw"":[13639,16070,22068]},""middle"":{""age_s"":0.00914454460144043,""channels"":3,""force"":[-1.8824031281486207,1.910513835239997],""has_data"":true,""last_update_ts"":1784118744.988658,""raw"":[19111,15195,13711]},""pinky"":{""age_s"":0.00914454460144043,""channels"":3,""force"":[-1.022919779545525,-0.7548805392000029],""has_data"":true,""last_update_ts"":1784118744.988658,""raw"":[17417,15289,17713]},""ring"":{""age_s"":0.00914454460144043,""channels"":3,""force"":[0.276399846446747,0.2467238232899982],""has_data"":true,""last_update_ts"":1784118744.988658,""raw"":[15790,16365,15633]},""thumb"":{""age_s"":0.00914454460144043,""channels"":3,""force"":[0.0,-2.220446049250313e-16],""has_data"":true,""last_update_ts"":1784118744.988658,""raw"":[0,0,0]}}","{""ble"":{""connection_state"":""connected"",""counter"":991300,""finger_order"":""DexterController.Visualizer"",""last_error"":null,""last_sample_age_s"":0.009169063006993383,""reconnect_count"":0,""sample_hz"":20.0,""sample_sequence"":164,""timestamp_us"":9709801056},""fingers"":{""index"":{""has_data"":true,""last_update_ts"":1784118744.988658,""mapped"":true},""middle"":{""has_data"":true,""last_update_ts"":1784118744.988658,""mapped"":true},""pinky"":{""has_data"":true,""last_update_ts"":1784118744.988658,""mapped"":true},""ring"":{""has_data"":true,""last_update_ts"":1784118744.988658,""mapped"":true},""thumb"":{""has_data"":true,""last_update_ts"":1784118744.988658,""mapped"":true}},""ports"":{""available"":[""BLE:Dexter""],""unavailable"":[]}}"
1784118745.0479274,1784118745.047803,166,ble,"{""index"":{""age_s"":0.009144783020019531,""channels"":3,""force"":[1.2036612443524373,-4.321136027700002],""has_data"":true,""last_update_ts"":1784118745.0386581,""raw"":[13410,15914,22447]},""middle"":{""age_s"":0.009144783020019531,""channels"":3,""force"":[-1.8117409065352792,2.1877659156299973],""has_data"":true,""last_update_ts"":1784118745.0386581,""raw"":[19162,15393,13336]},""pinky"":{""age_s"":0.009144783020019531,""channels"":3,""force"":[-0.544627871346373,-0.5042713013700029],""has_data"":true,""last_update_ts"":1784118745.0386581,""raw"":[17286,16153,17628]},""ring"":{""age_s"":0.009144783020019531,""channels"":3,""force"":[0.31245200033110443,0.3702244997399964],""has_data"":true,""last_update_ts"":1784118745.0386581,""raw"":[15774,16424,15432]},""thumb"":{""age_s"":0.009144783020019531,""channels"":3,""force"":[0.0,-2.220446049250313e-16],""has_data"":true,""last_update_ts"":1784118745.0386581,""raw"":[0,0,0]}}","{""ble"":{""connection_state"":""connected"",""counter"":991305,""finger_order"":""DexterController.Visualizer"",""last_error"":null,""last_sample_age_s"":0.009166827992885374,""reconnect_count"":0,""sample_hz"":20.0,""sample_sequence"":165,""timestamp_us"":9709848160},""fingers"":{""index"":{""has_data"":true,""last_update_ts"":1784118745.0386581,""mapped"":true},""middle"":{""has_data"":true,""last_update_ts"":1784118745.0386581,""mapped"":true},""pinky"":{""has_data"":true,""last_update_ts"":1784118745.0386581,""mapped"":true},""ring"":{""has_data"":true,""last_update_ts"":1784118745.0386581,""mapped"":true},""thumb"":{""has_data"":true,""last_update_ts"":1784118745.0386581,""mapped"":true}},""ports"":{""available"":[""BLE:Dexter""],""unavailable"":[]}}"
1784118745.0979216,1784118745.097804,167,ble,"{""index"":{""age_s"":0.00914454460144043,""channels"":3,""force"":[1.1791457797110745,-4.636687194270002],""has_data"":true,""last_update_ts"":1784118745.0886595,""raw"":[13272,15725,22852]},""middle"":{""age_s"":0.00914454460144043,""channels"":3,""force"":[-1.7305033864491914,2.264641617599998],""has_data"":true,""last_update_ts"":1784118745.0886595,""raw"":[19152,15552,13272]},""pinky"":{""age_s"":0.00914454460144043,""channels"":3,""force"":[-1.02580395185627,-0.7476647693400009],""has_data"":true,""last_update_ts"":1784118745.0886595,""raw"":[17426,15292,17706]},""ring"":{""age_s"":0.00914454460144043,""channels"":3,""force"":[0.2739963695211216,0.2503317082199983],""has_data"":true,""last_update_ts"":1784118745.0886595,""raw"":[15792,16362,15626]},""thumb"":{""age_s"":0.00914454460144043,""channels"":3,""force"":[0.0,-2.220446049250313e-16],""has_data"":true,""last_update_ts"":1784118745.0886595,""raw"":[0,0,0]}}","{""ble"":{""connection_state"":""connected"",""counter"":991310,""finger_order"":""DexterController.Visualizer"",""last_error"":null,""last_sample_age_s"":0.009168210992356762,""reconnect_count"":0,""sample_hz"":20.0,""sample_sequence"":166,""timestamp_us"":9709895072},""fingers"":{""index"":{""has_data"":true,""last_update_ts"":1784118745.0886595,""mapped"":true},""middle"":{""has_data"":true,""last_update_ts"":1784118745.0886595,""mapped"":true},""pinky"":{""has_data"":true,""last_update_ts"":1784118745.0886595,""mapped"":true},""ring"":{""has_data"":true,""last_update_ts"":1784118745.0886595,""mapped"":true},""thumb"":{""has_data"":true,""last_update_ts"":1784118745.0886595,""mapped"":true}},""ports"":{""available"":[""BLE:Dexter""],""unavailable"":[]}}"
1784118745.1479595,1784118745.1478183,168,ble,"{""index"":{""age_s"":0.009148836135864258,""channels"":3,""force"":[1.1334797181242209,-4.629748954020003],""has_data"":true,""last_update_ts"":1784118745.1386695,""raw"":[13326,15684,22846]},""middle"":{""age_s"":0.009148836135864258,""channels"":3,""force"":[-1.6944512325648322,2.2460471337299968],""has_data"":true,""last_update_ts"":1784118745.1386695,""raw"":[19084,15559,13275]},""pinky"":{""age_s"":0.009148836135864258,""channels"":3,""force"":[-1.0195549118496476,-0.7479422989500035],""has_data"":true,""last_update_ts"":1784118745.1386695,""raw"":[17414,15293,17701]},""ring"":{""age_s"":0.009148836135864258,""channels"":3,""force"":[0.2754384556765004,0.2483890009499996],""has_data"":true,""last_update_ts"":1784118745.1386695,""raw"":[15791,16364,15630]},""thumb"":{""age_s"":0.009148836135864258,""channels"":3,""force"":[0.0,-2.220446049250313e-16],""has_data"":true,""last_update_ts"":1784118745.1386695,""raw"":[0,0,0]}}","{""ble"":{""connection_state"":""connected"",""counter"":991316,""finger_order"":""DexterController.Visualizer"",""last_error"":null,""last_sample_age_s"":0.009181607005302794,""reconnect_count"":0,""sample_hz"":20.0,""sample_sequence"":167,""timestamp_us"":9709951488},""fingers"":{""index"":{""has_data"":true,""last_update_ts"":1784118745.1386695,""mapped"":true},""middle"":{""has_data"":true,""last_update_ts"":1784118745.1386695,""mapped"":true},""pinky"":{""has_data"":true,""last_update_ts"":1784118745.1386695,""mapped"":true},""ring"":{""has_data"":true,""last_update_ts"":1784118745.1386695,""mapped"":true},""thumb"":{""has_data"":true,""last_update_ts"":1784118745.1386695,""mapped"":true}},""ports"":{""available"":[""BLE:Dexter""],""unavailable"":[]}}"
1784118745.1979725,1784118745.197807,169,ble,"{""index"":{""age_s"":0.009149312973022461,""channels"":3,""force"":[1.116655379644853,-3.992818499070002],""has_data"":true,""last_update_ts"":1784118745.1886578,""raw"":[13674,15997,22029]},""middle"":{""age_s"":0.009149312973022461,""channels"":3,""force"":[-1.6026384140060017,1.1012374924799975],""has_data"":true,""last_update_ts"":1784118745.1886578,""raw"":[18342,15008,14691]},""pinky"":{""age_s"":0.009149312973022461,""channels"":3,""force"":[-1.0181128256942777,-0.7387838218200011],""has_data"":true,""last_update_ts"":1784118745.1886578,""raw"":[17420,15302,17692]},""ring"":{""age_s"":0.009149312973022461,""channels"":3,""force"":[0.28361027722361776,0.2636531294999971],""has_data"":true,""last_update_ts"":1784118745.1886578,""raw"":[15792,16382,15612]},""thumb"":{""age_s"":0.009149312973022461,""channels"":3,""force"":[0.0,-2.220446049250313e-16],""has_data"":true,""last_update_ts"":1784118745.1886578,""raw"":[0,0,0]}}","{""ble"":{""connection_state"":""connected"",""counter"":991321,""finger_order"":""DexterController.Visualizer"",""last_error"":null,""last_sample_age_s"":0.009217578000971116,""reconnect_count"":0,""sample_hz"":20.0,""sample_sequence"":168,""timestamp_us"":9709998688},""fingers"":{""index"":{""has_data"":true,""last_update_ts"":1784118745.1886578,""mapped"":true},""middle"":{""has_data"":true,""last_update_ts"":1784118745.1886578,""mapped"":true},""pinky"":{""has_data"":true,""last_update_ts"":1784118745.1886578,""mapped"":true},""ring"":{""has_data"":true,""last_update_ts"":1784118745.1886578,""mapped"":true},""thumb"":{""has_data"":true,""last_update_ts"":1784118745.1886578,""mapped"":true}},""ports"":{""available"":[""BLE:Dexter""],""unavailable"":[]}}"
1784118745.247948,1784118745.2478158,170,ble,"{""index"":{""age_s"":0.009157657623291016,""channels"":3,""force"":[1.0825260073009932,-1.3593400297800011],""has_data"":true,""last_update_ts"":1784118745.2386582,""raw"":[15209,17461,18784]},""middle"":{""age_s"":0.009157657623291016,""channels"":3,""force"":[-1.5113062908322945,-1.2050335666200018],""has_data"":true,""last_update_ts"":1784118745.2386582,""raw"":[16954,13810,17553]},""pinky"":{""age_s"":0.009157657623291016,""channels"":3,""force"":[-1.0190742164645243,-0.7509951246600028],""has_data"":true,""last_update_ts"":1784118745.2386582,""raw"":[17412,15292,17705]},""ring"":{""age_s"":0.009157657623291016,""channels"":3,""force"":[0.27495776029137176,0.25033170821999917],""has_data"":true,""last_update_ts"":1784118745.2386582,""raw"":[15796,16368,15631]},""thumb"":{""age_s"":0.009157657623291016,""channels"":3,""force"":[0.0,-2.220446049250313e-16],""has_data"":true,""last_update_ts"":1784118745.2386582,""raw"":[0,0,0]}}","{""ble"":{""connection_state"":""connected"",""counter"":991326,""finger_order"":""DexterController.Visualizer"",""last_error"":null,""last_sample_age_s"":0.00918073499633465,""reconnect_count"":0,""sample_hz"":20.0,""sample_sequence"":169,""timestamp_us"":9710045696},""fingers"":{""index"":{""has_data"":true,""last_update_ts"":1784118745.2386582,""mapped"":true},""middle"":{""has_data"":true,""last_update_ts"":1784118745.2386582,""mapped"":true},""pinky"":{""has_data"":true,""last_update_ts"":1784118745.2386582,""mapped"":true},""ring"":{""has_data"":true,""last_update_ts"":1784118745.2386582,""mapped"":true},""thumb"":{""has_data"":true,""last_update_ts"":1784118745.2386582,""mapped"":true}},""ports"":{""available"":[""BLE:Dexter""],""unavailable"":[]}}"
1784118745.297945,1784118745.2978156,171,ble,"{""index"":{""age_s"":0.009157419204711914,""channels"":3,""force"":[0.9782151087289179,0.055228392389999215],""has_data"":true,""last_update_ts"":1784118745.2886581,""raw"":[16114,18149,17032]},""middle"":{""age_s"":0.009157419204711914,""channels"":3,""force"":[-1.3507540322006202,-3.2204535944400003],""has_data"":true,""last_update_ts"":1784118745.2886581,""raw"":[15625,12815,20022]},""pinky"":{""age_s"":0.009157419204711914,""channels"":3,""force"":[-1.027246038011647,-0.7496074766099996],""has_data"":true,""last_update_ts"":1784118745.2886581,""raw"":[17417,15280,17699]},""ring"":{""age_s"":0.009157419204711914,""channels"":3,""force"":[0.27495776029137353,0.24422605679999965],""has_data"":true,""last_update_ts"":1784118745.2886581,""raw"":[15792,16364,15638]},""thumb"":{""age_s"":0.009157419204711914,""channels"":3,""force"":[0.0,-2.220446049250313e-16],""has_data"":true,""last_update_ts"":1784118745.2886581,""raw"":[0,0,0]}}","{""ble"":{""connection_state"":""connected"",""counter"":991331,""finger_order"":""DexterController.Visualizer"",""last_error"":null,""last_sample_age_s"":0.00918799900682643,""reconnect_count"":0,""sample_hz"":20.0,""sample_sequence"":170,""timestamp_us"":9710092704},""fingers"":{""index"":{""has_data"":true,""last_update_ts"":1784118745.2886581,""mapped"":true},""middle"":{""has_data"":true,""last_update_ts"":1784118745.2886581,""mapped"":true},""pinky"":{""has_data"":true,""last_update_ts"":1784118745.2886581,""mapped"":true},""ring"":{""has_data"":true,""last_update_ts"":1784118745.2886581,""mapped"":true},""thumb"":{""has_data"":true,""last_update_ts"":1784118745.2886581,""mapped"":true}},""ports"":{""available"":[""BLE:Dexter""],""unavailable"":[]}}"
1784118745.347936,1784118745.3478138,172,ble,"{""index"":{""age_s"":0.009155511856079102,""channels"":3,""force"":[1.0142672626132772,0.8642272055399989],""has_data"":true,""last_update_ts"":1784118745.3386583,""raw"":[16564,18674,16062]},""middle"":{""age_s"":0.009155511856079102,""channels"":3,""force"":[-1.2550956505607882,-4.5395518307700025],""has_data"":true,""last_update_ts"":1784118745.3386583,""raw"":[14751,12140,21624]},""pinky"":{""age_s"":0.009155511856079102,""channels"":3,""force"":[-1.021477693390148,-0.7435018251900027],""has_data"":true,""last_update_ts"":1784118745.3386583,""raw"":[17416,15291,17693]},""ring"":{""age_s"":0.009155511856079102,""channels"":3,""force"":[0.28745584030461835,0.26032277417999783],""has_data"":true,""last_update_ts"":1784118745.3386583,""raw"":[15791,16389,15621]},""thumb"":{""age_s"":0.009155511856079102,""channels"":3,""force"":[0.0,-2.220446049250313e-16],""has_data"":true,""last_update_ts"":1784118745.3386583,""raw"":[0,0,0]}}","{""ble"":{""connection_state"":""connected"",""counter"":991337,""finger_order"":""DexterController.Visualizer"",""last_error"":null,""last_sample_age_s"":0.009179212996969,""reconnect_count"":0,""sample_hz"":20.0,""sample_sequence"":171,""timestamp_us"":9710149184},""fingers"":{""index"":{""has_data"":true,""last_update_ts"":1784118745.3386583,""mapped"":true},""middle"":{""has_data"":true,""last_update_ts"":1784118745.3386583,""mapped"":true},""pinky"":{""has_data"":true,""last_update_ts"":1784118745.3386583,""mapped"":true},""ring"":{""has_data"":true,""last_update_ts"":1784118745.3386583,""mapped"":true},""thumb"":{""has_data"":true,""last_update_ts"":1784118745.3386583,""mapped"":true}},""ports"":{""available"":[""BLE:Dexter""],""unavailable"":[]}}"
1784118745.398128,1784118745.3978136,173,ble,"{""index"":{""age_s"":0.009155750274658203,""channels"":3,""force"":[1.1267499827324734,1.4120706556799982],""has_data"":true,""last_update_ts"":1784118745.3886578,""raw"":[16785,19129,15413]},""middle"":{""age_s"":0.009155750274658203,""channels"":3,""force"":[-1.1796264750961996,-5.297485195680002],""has_data"":true,""last_update_ts"":1784118745.3886578,""raw"":[14230,11776,22547]},""pinky"":{""age_s"":0.009155750274658203,""channels"":3,""force"":[-1.025323256471145,-0.7451670028500006],""has_data"":true,""last_update_ts"":1784118745.3886578,""raw"":[17431,15298,17707]},""ring"":{""age_s"":0.009155750274658203,""channels"":3,""force"":[0.27543845567649683,0.24894406016999948],""has_data"":true,""last_update_ts"":1784118745.3886578,""raw"":[15792,16365,15630]},""thumb"":{""age_s"":0.009155750274658203,""channels"":3,""force"":[0.0,-2.220446049250313e-16],""has_data"":true,""last_update_ts"":1784118745.3886578,""raw"":[0,0,0]}}","{""ble"":{""connection_state"":""connected"",""counter"":991342,""finger_order"":""DexterController.Visualizer"",""last_error"":null,""last_sample_age_s"":0.009179742992273532,""reconnect_count"":0,""sample_hz"":20.0,""sample_sequence"":172,""timestamp_us"":9710196320},""fingers"":{""index"":{""has_data"":true,""last_update_ts"":1784118745.3886578,""mapped"":true},""middle"":{""has_data"":true,""last_update_ts"":1784118745.3886578,""mapped"":true},""pinky"":{""has_data"":true,""last_update_ts"":1784118745.3886578,""mapped"":true},""ring"":{""has_data"":true,""last_update_ts"":1784118745.3886578,""mapped"":true},""thumb"":{""has_data"":true,""last_update_ts"":1784118745.3886578,""mapped"":true}},""ports"":{""available"":[""BLE:Dexter""],""unavailable"":[]}}"
1784118745.4479382,1784118745.4478025,174,ble,"{""index"":{""age_s"":0.009144306182861328,""channels"":3,""force"":[1.235867835155796,1.7875682180099988],""has_data"":true,""last_update_ts"":1784118745.4386582,""raw"":[16916,19487,14981]},""middle"":{""age_s"":0.009144306182861328,""channels"":3,""force"":[-1.1329990227390967,-5.847271353090002],""has_data"":true,""last_update_ts"":1784118745.4386582,""raw"":[13859,11502,23215]},""pinky"":{""age_s"":0.009144306182861328,""channels"":3,""force"":[-1.021958388775273,-0.7532153615400006],""has_data"":true,""last_update_ts"":1784118745.4386582,""raw"":[17412,15286,17706]},""ring"":{""age_s"":0.009144306182861328,""channels"":3,""force"":[0.27351567413600186,0.24672382328999998],""has_data"":true,""last_update_ts"":1784118745.4386582,""raw"":[15795,16364,15635]},""thumb"":{""age_s"":0.009144306182861328,""channels"":3,""force"":[0.0,-2.220446049250313e-16],""has_data"":true,""last_update_ts"":1784118745.4386582,""raw"":[0,0,0]}}","{""ble"":{""connection_state"":""connected"",""counter"":991347,""finger_order"":""DexterController.Visualizer"",""last_error"":null,""last_sample_age_s"":0.009167348995106295,""reconnect_count"":0,""sample_hz"":20.0,""sample_sequence"":173,""timestamp_us"":9710243360},""fingers"":{""index"":{""has_data"":true,""last_update_ts"":1784118745.4386582,""mapped"":true},""middle"":{""has_data"":true,""last_update_ts"":1784118745.4386582,""mapped"":true},""pinky"":{""has_data"":true,""last_update_ts"":1784118745.4386582,""mapped"":true},""ring"":{""has_data"":true,""last_update_ts"":1784118745.4386582,""mapped"":true},""thumb"":{""has_data"":true,""last_update_ts"":1784118745.4386582,""mapped"":true}},""ports"":{""available"":[""BLE:Dexter""],""unavailable"":[]}}"
1784118745.4979324,1784118745.4978034,175,ble,"{""index"":{""age_s"":0.009145498275756836,""channels"":3,""force"":[1.480061090799186,2.224954883369999],""has_data"":true,""last_update_ts"":1784118745.488658,""raw"":[16933,20012,14464]},""middle"":{""age_s"":0.009145498275756836,""channels"":3,""force"":[-1.1454971027523406,-6.373467493649999],""has_data"":true,""last_update_ts"":1784118745.488658,""raw"":[13583,11200,23874]},""pinky"":{""age_s"":0.009145498275756836,""channels"":3,""force"":[-1.021958388775273,-0.7465546509000021],""has_data"":true,""last_update_ts"":1784118745.488658,""raw"":[17416,15290,17698]},""ring"":{""age_s"":0.009145498275756836,""channels"":3,""force"":[0.27976471414261894,0.2503317082199974],""has_data"":true,""last_update_ts"":1784118745.488658,""raw"":[15794,16376,15634]},""thumb"":{""age_s"":0.009145498275756836,""channels"":3,""force"":[0.0,-2.220446049250313e-16],""has_data"":true,""last_update_ts"":1784118745.488658,""raw"":[0,0,0]}}","{""ble"":{""connection_state"":""connected"",""counter"":991353,""finger_order"":""DexterController.Visualizer"",""last_error"":null,""last_sample_age_s"":0.009169352008029819,""reconnect_count"":0,""sample_hz"":20.0,""sample_sequence"":174,""timestamp_us"":9710299808},""fingers"":{""index"":{""has_data"":true,""last_update_ts"":1784118745.488658,""mapped"":true},""middle"":{""has_data"":true,""last_update_ts"":1784118745.488658,""mapped"":true},""pinky"":{""has_data"":true,""last_update_ts"":1784118745.488658,""mapped"":true},""ring"":{""has_data"":true,""last_update_ts"":1784118745.488658,""mapped"":true},""thumb"":{""has_data"":true,""last_update_ts"":1784118745.488658,""mapped"":true}},""ports"":{""available"":[""BLE:Dexter""],""unavailable"":[]}}"
1784118745.5479364,1784118745.547815,176,ble,"{""index"":{""age_s"":0.009145975112915039,""channels"":3,""force"":[1.594466592458879,2.2066379291099993],""has_data"":true,""last_update_ts"":1784118745.538669,""raw"":[16825,20142,14508]},""middle"":{""age_s"":0.009145975112915039,""channels"":3,""force"":[-1.2392327028516714,-6.380960793120001],""has_data"":true,""last_update_ts"":1784118745.538669,""raw"":[13685,11107,23892]},""pinky"":{""age_s"":0.009145975112915039,""channels"":3,""force"":[-1.020516302619896,-0.7457220620700031],""has_data"":true,""last_update_ts"":1784118745.538669,""raw"":[17411,15288,17693]},""ring"":{""age_s"":0.009145975112915039,""channels"":3,""force"":[0.2864944495343664,0.2586575965199991],""has_data"":true,""last_update_ts"":1784118745.538669,""raw"":[15797,16393,15629]},""thumb"":{""age_s"":0.009145975112915039,""channels"":3,""force"":[0.0,-2.220446049250313e-16],""has_data"":true,""last_update_ts"":1784118745.538669,""raw"":[0,0,0]}}","{""ble"":{""connection_state"":""connected"",""counter"":991358,""finger_order"":""DexterController.Visualizer"",""last_error"":null,""last_sample_age_s"":0.009169914002995938,""reconnect_count"":0,""sample_hz"":20.0,""sample_sequence"":175,""timestamp_us"":9710346752},""fingers"":{""index"":{""has_data"":true,""last_update_ts"":1784118745.538669,""mapped"":true},""middle"":{""has_data"":true,""last_update_ts"":1784118745.538669,""mapped"":true},""pinky"":{""has_data"":true,""last_update_ts"":1784118745.538669,""mapped"":true},""ring"":{""has_data"":true,""last_update_ts"":1784118745.538669,""mapped"":true},""thumb"":{""has_data"":true,""last_update_ts"":1784118745.538669,""mapped"":true}},""ports"":{""available"":[""BLE:Dexter""],""unavailable"":[]}}"
1784118745.5979378,1784118745.5978122,177,ble,"{""index"":{""age_s"":0.009154081344604492,""channels"":3,""force"":[1.7405979895368127,1.9563062208899993],""has_data"":true,""last_update_ts"":1784118745.588658,""raw"":[16504,20125,14790]},""middle"":{""age_s"":0.009154081344604492,""channels"":3,""force"":[-1.3281613490997541,-6.062634330450002],""has_data"":true,""last_update_ts"":1784118745.588658,""raw"":[13981,11218,23522]},""pinky"":{""age_s"":0.009154081344604492,""channels"":3,""force"":[-1.021477693390148,-0.7473872397300019],""has_data"":true,""last_update_ts"":1784118745.588658,""raw"":[17416,15291,17700]},""ring"":{""age_s"":0.009154081344604492,""channels"":3,""force"":[0.27543845567649505,0.24783394172999795],""has_data"":true,""last_update_ts"":1784118745.588658,""raw"":[15793,16366,15633]},""thumb"":{""age_s"":0.009154081344604492,""channels"":3,""force"":[0.0,-2.220446049250313e-16],""has_data"":true,""last_update_ts"":1784118745.588658,""raw"":[0,0,0]}}","{""ble"":{""connection_state"":""connected"",""counter"":991363,""finger_order"":""DexterController.Visualizer"",""last_error"":null,""last_sample_age_s"":0.009174914011964574,""reconnect_count"":0,""sample_hz"":20.0,""sample_sequence"":176,""timestamp_us"":9710393792},""fingers"":{""index"":{""has_data"":true,""last_update_ts"":1784118745.588658,""mapped"":true},""middle"":{""has_data"":true,""last_update_ts"":1784118745.588658,""mapped"":true},""pinky"":{""has_data"":true,""last_update_ts"":1784118745.588658,""mapped"":true},""ring"":{""has_data"":true,""last_update_ts"":1784118745.588658,""mapped"":true},""thumb"":{""has_data"":true,""last_update_ts"":1784118745.588658,""mapped"":true}},""ports"":{""available"":[""BLE:Dexter""],""unavailable"":[]}}"
1784118745.6480403,1784118745.6478338,178,ble,"{""index"":{""age_s"":0.00912785530090332,""channels"":3,""force"":[1.866059485054377,1.4498146826399978],""has_data"":true,""last_update_ts"":1784118745.638706,""raw"":[16073,19955,15402]},""middle"":{""age_s"":0.00912785530090332,""channels"":3,""force"":[-1.4843873492653072,-5.270842353120002],""has_data"":true,""last_update_ts"":1784118745.638706,""raw"":[14601,11513,22553]},""pinky"":{""age_s"":0.00912785530090332,""channels"":3,""force"":[-1.0195549118496494,-0.7484973581700025],""has_data"":true,""last_update_ts"":1784118745.638706,""raw"":[17413,15292,17701]},""ring"":{""age_s"":0.00912785530090332,""channels"":3,""force"":[0.2759191510616237,0.2519968858799997],""has_data"":true,""last_update_ts"":1784118745.638706,""raw"":[15790,16364,15623]},""thumb"":{""age_s"":0.00912785530090332,""channels"":3,""force"":[0.0,-2.220446049250313e-16],""has_data"":true,""last_update_ts"":1784118745.638706,""raw"":[0,0,0]}}","{""ble"":{""connection_state"":""connected"",""counter"":991369,""finger_order"":""DexterController.Visualizer"",""last_error"":null,""last_sample_age_s"":0.009161025998764671,""reconnect_count"":0,""sample_hz"":20.0,""sample_sequence"":177,""timestamp_us"":9710450432},""fingers"":{""index"":{""has_data"":true,""last_update_ts"":1784118745.638706,""mapped"":true},""middle"":{""has_data"":true,""last_update_ts"":1784118745.638706,""mapped"":true},""pinky"":{""has_data"":true,""last_update_ts"":1784118745.638706,""mapped"":true},""ring"":{""has_data"":true,""last_update_ts"":1784118745.638706,""mapped"":true},""thumb"":{""has_data"":true,""last_update_ts"":1784118745.638706,""mapped"":true}},""ports"":{""available"":[""BLE:Dexter""],""unavailable"":[]}}"
1784118745.6979237,1784118745.6978157,179,ble,"{""index"":{""age_s"":0.009111881256103516,""channels"":3,""force"":[1.6324415278837385,0.8919801665399989],""has_data"":true,""last_update_ts"":1784118745.6887038,""raw"":[15984,19380,16075]},""middle"":{""age_s"":0.009111881256103516,""channels"":3,""force"":[-1.9198973681883524,-3.3475621558200013],""has_data"":true,""last_update_ts"":1784118745.6887038,""raw"":[16157,12163,20191]},""pinky"":{""age_s"":0.009111881256103516,""channels"":3,""force"":[-1.0166707395389007,-0.7462771212900021],""has_data"":true,""last_update_ts"":1784118745.6887038,""raw"":[17410,15295,17697]},""ring"":{""age_s"":0.009111881256103516,""channels"":3,""force"":[0.2908207080004903,0.259490185349998],""has_data"":true,""last_update_ts"":1784118745.6887038,""raw"":[15791,16396,15626]},""thumb"":{""age_s"":0.009111881256103516,""channels"":3,""force"":[0.0,-2.220446049250313e-16],""has_data"":true,""last_update_ts"":1784118745.6887038,""raw"":[0,0,0]}}","{""ble"":{""connection_state"":""connected"",""counter"":991374,""finger_order"":""DexterController.Visualizer"",""last_error"":null,""last_sample_age_s"":0.009132860999670811,""reconnect_count"":0,""sample_hz"":20.0,""sample_sequence"":178,""timestamp_us"":9710497408},""fingers"":{""index"":{""has_data"":true,""last_update_ts"":1784118745.6887038,""mapped"":true},""middle"":{""has_data"":true,""last_update_ts"":1784118745.6887038,""mapped"":true},""pinky"":{""has_data"":true,""last_update_ts"":1784118745.6887038,""mapped"":true},""ring"":{""has_data"":true,""last_update_ts"":1784118745.6887038,""mapped"":true},""thumb"":{""has_data"":true,""last_update_ts"":1784118745.6887038,""mapped"":true}},""ports"":{""available"":[""BLE:Dexter""],""unavailable"":[]}}"
1784118745.7479494,1784118745.7478166,180,ble,"{""index"":{""age_s"":0.00915837287902832,""channels"":3,""force"":[1.4949626477380509,-0.08492406066000058],""has_data"":true,""last_update_ts"":1784118745.7386582,""raw"":[15579,18689,17287]},""middle"":{""age_s"":0.00915837287902832,""channels"":3,""force"":[-2.1179438668597594,-1.3410230755199999],""has_data"":true,""last_update_ts"":1784118745.7386582,""raw"":[17519,13113,17732]},""pinky"":{""age_s"":0.00915837287902832,""channels"":3,""force"":[-1.0152286533835237,-0.7515501838800027],""has_data"":true,""last_update_ts"":1784118745.7386582,""raw"":[17411,15299,17709]},""ring"":{""age_s"":0.00915837287902832,""channels"":3,""force"":[0.273034978750875,0.24644629367999915],""has_data"":true,""last_update_ts"":1784118745.7386582,""raw"":[15796,16364,15636]},""thumb"":{""age_s"":0.00915837287902832,""channels"":3,""force"":[0.0,-2.220446049250313e-16],""has_data"":true,""last_update_ts"":1784118745.7386582,""raw"":[0,0,0]}}","{""ble"":{""connection_state"":""connected"",""counter"":991379,""finger_order"":""DexterController.Visualizer"",""last_error"":null,""last_sample_age_s"":0.009182758993119933,""reconnect_count"":0,""sample_hz"":20.0,""sample_sequence"":179,""timestamp_us"":9710544448},""fingers"":{""index"":{""has_data"":true,""last_update_ts"":1784118745.7386582,""mapped"":true},""middle"":{""has_data"":true,""last_update_ts"":1784118745.7386582,""mapped"":true},""pinky"":{""has_data"":true,""last_update_ts"":1784118745.7386582,""mapped"":true},""ring"":{""has_data"":true,""last_update_ts"":1784118745.7386582,""mapped"":true},""thumb"":{""has_data"":true,""last_update_ts"":1784118745.7386582,""mapped"":true}},""ports"":{""available"":[""BLE:Dexter""],""unavailable"":[]}}"
1784118745.7979608,1784118745.797817,181,ble,"{""index"":{""age_s"":0.009140491485595703,""channels"":3,""force"":[1.5949472878440059,-1.6890452064600012],""has_data"":true,""last_update_ts"":1784118745.7886765,""raw"":[14505,17823,19207]},""middle"":{""age_s"":0.009140491485595703,""channels"":3,""force"":[-2.233310759289706,-0.0066607106400020655],""has_data"":true,""last_update_ts"":1784118745.7886765,""raw"":[18369,13723,16058]},""pinky"":{""age_s"":0.009140491485595703,""channels"":3,""force"":[-1.0234004749306482,-0.7507175950500029],""has_data"":true,""last_update_ts"":1784118745.7886765,""raw"":[17413,15284,17701]},""ring"":{""age_s"":0.009140491485595703,""channels"":3,""force"":[0.27880332337237057,0.2447811160200004],""has_data"":true,""last_update_ts"":1784118745.7886765,""raw"":[15790,16370,15639]},""thumb"":{""age_s"":0.009140491485595703,""channels"":3,""force"":[0.0,-2.220446049250313e-16],""has_data"":true,""last_update_ts"":1784118745.7886765,""raw"":[0,0,0]}}","{""ble"":{""connection_state"":""connected"",""counter"":991385,""finger_order"":""DexterController.Visualizer"",""last_error"":null,""last_sample_age_s"":0.009173921003821306,""reconnect_count"":0,""sample_hz"":20.0,""sample_sequence"":180,""timestamp_us"":9710601024},""fingers"":{""index"":{""has_data"":true,""last_update_ts"":1784118745.7886765,""mapped"":true},""middle"":{""has_data"":true,""last_update_ts"":1784118745.7886765,""mapped"":true},""pinky"":{""has_data"":true,""last_update_ts"":1784118745.7886765,""mapped"":true},""ring"":{""has_data"":true,""last_update_ts"":1784118745.7886765,""mapped"":true},""thumb"":{""has_data"":true,""last_update_ts"":1784118745.7886765,""mapped"":true}},""ports"":{""available"":[""BLE:Dexter""],""unavailable"":[]}}"
1784118745.848033,1784118745.8478327,182,ble,"{""index"":{""age_s"":0.00912785530090332,""channels"":3,""force"":[1.552165398567901,-2.501374374930002],""has_data"":true,""last_update_ts"":1784118745.8387048,""raw"":[14103,17332,20224]},""middle"":{""age_s"":0.00912785530090332,""channels"":3,""force"":[-2.2659980454781943,0.5878077139799984],""has_data"":true,""last_update_ts"":1784118745.8387048,""raw"":[18696,13982,15280]},""pinky"":{""age_s"":0.00912785530090332,""channels"":3,""force"":[-0.6095217483382154,-0.5334119104200035],""has_data"":true,""last_update_ts"":1784118745.8387048,""raw"":[17304,16036,17631]},""ring"":{""age_s"":0.00912785530090332,""channels"":3,""force"":[0.3071643510947304,0.3449693052299976],""has_data"":true,""last_update_ts"":1784118745.8387048,""raw"":[15766,16405,15464]},""thumb"":{""age_s"":0.00912785530090332,""channels"":3,""force"":[0.0,-2.220446049250313e-16],""has_data"":true,""last_update_ts"":1784118745.8387048,""raw"":[0,0,0]}}","{""ble"":{""connection_state"":""connected"",""counter"":991390,""finger_order"":""DexterController.Visualizer"",""last_error"":null,""last_sample_age_s"":0.009161959009361453,""reconnect_count"":0,""sample_hz"":20.0,""sample_sequence"":181,""timestamp_us"":9710648032},""fingers"":{""index"":{""has_data"":true,""last_update_ts"":1784118745.8387048,""mapped"":true},""middle"":{""has_data"":true,""last_update_ts"":1784118745.8387048,""mapped"":true},""pinky"":{""has_data"":true,""last_update_ts"":1784118745.8387048,""mapped"":true},""ring"":{""has_data"":true,""last_update_ts"":1784118745.8387048,""mapped"":true},""thumb"":{""has_data"":true,""last_update_ts"":1784118745.8387048,""mapped"":true}},""ports"":{""available"":[""BLE:Dexter""],""unavailable"":[]}}"
1784118745.897949,1784118745.897817,183,ble,"{""index"":{""age_s"":0.009133100509643555,""channels"":3,""force"":[1.4127637368817147,-3.2817876382500017],""has_data"":true,""last_update_ts"":1784118745.8886838,""raw"":[13832,16771,21214]},""middle"":{""age_s"":0.009133100509643555,""channels"":3,""force"":[-2.301569503977424,1.0229741424599972],""has_data"":true,""last_update_ts"":1784118745.8886838,""raw"":[18979,14191,14742]},""pinky"":{""age_s"":0.009133100509643555,""channels"":3,""force"":[-1.021477693390148,-0.7496074766100014],""has_data"":true,""last_update_ts"":1784118745.8886838,""raw"":[17416,15291,17704]},""ring"":{""age_s"":0.009133100509643555,""channels"":3,""force"":[0.2744770649062467,0.2506092378299991],""has_data"":true,""last_update_ts"":1784118745.8886838,""raw"":[15798,16369,15632]},""thumb"":{""age_s"":0.009133100509643555,""channels"":3,""force"":[0.0,-2.220446049250313e-16],""has_data"":true,""last_update_ts"":1784118745.8886838,""raw"":[0,0,0]}}","{""ble"":{""connection_state"":""connected"",""counter"":991395,""finger_order"":""DexterController.Visualizer"",""last_error"":null,""last_sample_age_s"":0.00915728000109084,""reconnect_count"":0,""sample_hz"":20.0,""sample_sequence"":182,""timestamp_us"":9710694944},""fingers"":{""index"":{""has_data"":true,""last_update_ts"":1784118745.8886838,""mapped"":true},""middle"":{""has_data"":true,""last_update_ts"":1784118745.8886838,""mapped"":true},""pinky"":{""has_data"":true,""last_update_ts"":1784118745.8886838,""mapped"":true},""ring"":{""has_data"":true,""last_update_ts"":1784118745.8886838,""mapped"":true},""thumb"":{""has_data"":true,""last_update_ts"":1784118745.8886838,""mapped"":true}},""ports"":{""available"":[""BLE:Dexter""],""unavailable"":[]}}"
1784118745.947946,1784118745.947813,184,ble,"{""index"":{""age_s"":0.009155511856079102,""channels"":3,""force"":[1.3512347275857435,-4.094394336330001],""has_data"":true,""last_update_ts"":1784118745.9386575,""raw"":[13462,16273,22244]},""middle"":{""age_s"":0.009155511856079102,""channels"":3,""force"":[-2.4481815964404827,1.7065295718899982],""has_data"":true,""last_update_ts"":1784118745.9386575,""raw"":[19507,14414,13886]},""pinky"":{""age_s"":0.009155511856079102,""channels"":3,""force"":[-1.0181128256942742,-0.7504400654400012],""has_data"":true,""last_update_ts"":1784118745.9386575,""raw"":[17409,15291,17702]},""ring"":{""age_s"":0.009155511856079102,""channels"":3,""force"":[0.2744770649062467,0.24949911938999936],""has_data"":true,""last_update_ts"":1784118745.9386575,""raw"":[15789,16360,15625]},""thumb"":{""age_s"":0.009155511856079102,""channels"":3,""force"":[0.0,-2.220446049250313e-16],""has_data"":true,""last_update_ts"":1784118745.9386575,""raw"":[0,0,0]}}","{""ble"":{""connection_state"":""connected"",""counter"":991401,""finger_order"":""DexterController.Visualizer"",""last_error"":null,""last_sample_age_s"":0.009179692991892807,""reconnect_count"":0,""sample_hz"":20.0,""sample_sequence"":183,""timestamp_us"":9710751392},""fingers"":{""index"":{""has_data"":true,""last_update_ts"":1784118745.9386575,""mapped"":true},""middle"":{""has_data"":true,""last_update_ts"":1784118745.9386575,""mapped"":true},""pinky"":{""has_data"":true,""last_update_ts"":1784118745.9386575,""mapped"":true},""ring"":{""has_data"":true,""last_update_ts"":1784118745.9386575,""mapped"":true},""thumb"":{""has_data"":true,""last_update_ts"":1784118745.9386575,""mapped"":true}},""ports"":{""available"":[""BLE:Dexter""],""unavailable"":[]}}"
1784118745.9979446,1784118745.997814,185,ble,"{""index"":{""age_s"":0.009155511856079102,""channels"":3,""force"":[1.1632828320019577,-4.579238565000002],""has_data"":true,""last_update_ts"":1784118745.9886584,""raw"":[13407,15827,22867]},""middle"":{""age_s"":0.009155511856079102,""channels"":3,""force"":[-2.629403756632522,2.0276313306599976],""has_data"":true,""last_update_ts"":1784118745.9886584,""raw"":[19861,14391,13473]},""pinky"":{""age_s"":0.009155511856079102,""channels"":3,""force"":[-1.0234004749306482,-0.7479422989500009],""has_data"":true,""last_update_ts"":1784118745.9886584,""raw"":[17421,15292,17704]},""ring"":{""age_s"":0.009155511856079102,""channels"":3,""force"":[0.2773612372169971,0.2472788825099972],""has_data"":true,""last_update_ts"":1784118745.9886584,""raw"":[15791,16368,15634]},""thumb"":{""age_s"":0.009155511856079102,""channels"":3,""force"":[0.0,-2.220446049250313e-16],""has_data"":true,""last_update_ts"":1784118745.9886584,""raw"":[0,0,0]}}","{""ble"":{""connection_state"":""connected"",""counter"":991406,""finger_order"":""DexterController.Visualizer"",""last_error"":null,""last_sample_age_s"":0.009178692009299994,""reconnect_count"":0,""sample_hz"":20.0,""sample_sequence"":184,""timestamp_us"":9710798432},""fingers"":{""index"":{""has_data"":true,""last_update_ts"":1784118745.9886584,""mapped"":true},""middle"":{""has_data"":true,""last_update_ts"":1784118745.9886584,""mapped"":true},""pinky"":{""has_data"":true,""last_update_ts"":1784118745.9886584,""mapped"":true},""ring"":{""has_data"":true,""last_update_ts"":1784118745.9886584,""mapped"":true},""thumb"":{""has_data"":true,""last_update_ts"":1784118745.9886584,""mapped"":true}},""ports"":{""available"":[""BLE:Dexter""],""unavailable"":[]}}"
1784118746.0479486,1784118746.0478168,186,ble,"{""index"":{""age_s"":0.009159326553344727,""channels"":3,""force"":[1.1579951827655846,-4.940304587610002],""has_data"":true,""last_update_ts"":1784118746.0386574,""raw"":[13190,15599,23295]},""middle"":{""age_s"":0.009159326553344727,""channels"":3,""force"":[-2.7529424706095877,2.2305054755699976],""has_data"":true,""last_update_ts"":1784118746.0386574,""raw"":[20106,14379,13224]},""pinky"":{""age_s"":0.009159326553344727,""channels"":3,""force"":[-1.0190742164645243,-0.7515501838799992],""has_data"":true,""last_update_ts"":1784118746.0386574,""raw"":[17409,15289,17703]},""ring"":{""age_s"":0.009159326553344727,""channels"":3,""force"":[0.2759191510616166,0.2519968858799988],""has_data"":true,""last_update_ts"":1784118746.0386574,""raw"":[15797,16371,15630]},""thumb"":{""age_s"":0.009159326553344727,""channels"":3,""force"":[0.0,-2.220446049250313e-16],""has_data"":true,""last_update_ts"":1784118746.0386574,""raw"":[0,0,0]}}","{""ble"":{""connection_state"":""connected"",""counter"":991411,""finger_order"":""DexterController.Visualizer"",""last_error"":null,""last_sample_age_s"":0.00918224900669884,""reconnect_count"":0,""sample_hz"":20.0,""sample_sequence"":185,""timestamp_us"":9710845472},""fingers"":{""index"":{""has_data"":true,""last_update_ts"":1784118746.0386574,""mapped"":true},""middle"":{""has_data"":true,""last_update_ts"":1784118746.0386574,""mapped"":true},""pinky"":{""has_data"":true,""last_update_ts"":1784118746.0386574,""mapped"":true},""ring"":{""has_data"":true,""last_update_ts"":1784118746.0386574,""mapped"":true},""thumb"":{""has_data"":true,""last_update_ts"":1784118746.0386574,""mapped"":true}},""ports"":{""available"":[""BLE:Dexter""],""unavailable"":[]}}"
1784118746.0979507,1784118746.0978215,187,ble,"{""index"":{""age_s"":0.009163379669189453,""channels"":3,""force"":[1.2137558474400558,-4.926983166330003],""has_data"":true,""last_update_ts"":1784118746.088658,""raw"":[13122,15647,23261]},""middle"":{""age_s"":0.009163379669189453,""channels"":3,""force"":[-2.818797738371682,2.256870788519997],""has_data"":true,""last_update_ts"":1784118746.088658,""raw"":[20209,14345,13211]},""pinky"":{""age_s"":0.009163379669189453,""channels"":3,""force"":[-1.0205163026198996,-0.7479422989500017],""has_data"":true,""last_update_ts"":1784118746.088658,""raw"":[17412,15289,17698]},""ring"":{""age_s"":0.009163379669189453,""channels"":3,""force"":[0.2773612372169936,0.2494991193899967],""has_data"":true,""last_update_ts"":1784118746.088658,""raw"":[15794,16371,15633]},""thumb"":{""age_s"":0.009163379669189453,""channels"":3,""force"":[0.0,-2.220446049250313e-16],""has_data"":true,""last_update_ts"":1784118746.088658,""raw"":[0,0,0]}}","{""ble"":{""connection_state"":""connected"",""counter"":991416,""finger_order"":""DexterController.Visualizer"",""last_error"":null,""last_sample_age_s"":0.009186777999275364,""reconnect_count"":0,""sample_hz"":20.0,""sample_sequence"":186,""timestamp_us"":9710892544},""fingers"":{""index"":{""has_data"":true,""last_update_ts"":1784118746.088658,""mapped"":true},""middle"":{""has_data"":true,""last_update_ts"":1784118746.088658,""mapped"":true},""pinky"":{""has_data"":true,""last_update_ts"":1784118746.088658,""mapped"":true},""ring"":{""has_data"":true,""last_update_ts"":1784118746.088658,""mapped"":true},""thumb"":{""has_data"":true,""last_update_ts"":1784118746.088658,""mapped"":true}},""ports"":{""available"":[""BLE:Dexter""],""unavailable"":[]}}"
1784118746.1479456,1784118746.147815,188,ble,"{""index"":{""age_s"":0.009156227111816406,""channels"":3,""force"":[1.3315262167956297,-3.7771779921000004],""has_data"":true,""last_update_ts"":1784118746.1386588,""raw"":[13594,16364,21784]},""middle"":{""age_s"":0.009156227111816406,""channels"":3,""force"":[-2.7447706490624677,1.5214173220199978],""has_data"":true,""last_update_ts"":1784118746.1386588,""raw"":[19754,14044,14158]},""pinky"":{""age_s"":0.009156227111816406,""channels"":3,""force"":[-1.0503194164976346,-0.7595985425700018],""has_data"":true,""last_update_ts"":1784118746.1386588,""raw"":[17426,15241,17702]},""ring"":{""age_s"":0.009156227111816406,""channels"":3,""force"":[0.2759191510616219,0.24478111601999863],""has_data"":true,""last_update_ts"":1784118746.1386588,""raw"":[15796,16370,15642]},""thumb"":{""age_s"":0.009156227111816406,""channels"":3,""force"":[0.0,-2.220446049250313e-16],""has_data"":true,""last_update_ts"":1784118746.1386588,""raw"":[0,0,0]}}","{""ble"":{""connection_state"":""connected"",""counter"":991422,""finger_order"":""DexterController.Visualizer"",""last_error"":null,""last_sample_age_s"":0.009180454988381825,""reconnect_count"":0,""sample_hz"":20.0,""sample_sequence"":187,""timestamp_us"":9710949120},""fingers"":{""index"":{""has_data"":true,""last_update_ts"":1784118746.1386588,""mapped"":true},""middle"":{""has_data"":true,""last_update_ts"":1784118746.1386588,""mapped"":true},""pinky"":{""has_data"":true,""last_update_ts"":1784118746.1386588,""mapped"":true},""ring"":{""has_data"":true,""last_update_ts"":1784118746.1386588,""mapped"":true},""thumb"":{""has_data"":true,""last_update_ts"":1784118746.1386588,""mapped"":true}},""ports"":{""available"":[""BLE:Dexter""],""unavailable"":[]}}"
1784118746.1979294,1784118746.1978078,189,ble,"{""index"":{""age_s"":0.009135723114013672,""channels"":3,""force"":[1.4901556938868037,-1.7539871352000045],""has_data"":true,""last_update_ts"":1784118746.188672,""raw"":[14611,17711,19321]},""middle"":{""age_s"":0.009135723114013672,""channels"":3,""force"":[-2.3616564271180227,-0.19732355271000124],""has_data"":true,""last_update_ts"":1784118746.188672,""raw"":[18345,13432,16244]},""pinky"":{""age_s"":0.009135723114013672,""channels"":3,""force"":[-1.021477693390148,-0.7490524173900006],""has_data"":true,""last_update_ts"":1784118746.188672,""raw"":[17413,15288,17700]},""ring"":{""age_s"":0.009135723114013672,""channels"":3,""force"":[0.27351567413600186,0.24616876406999832],""has_data"":true,""last_update_ts"":1784118746.188672,""raw"":[15795,16364,15636]},""thumb"":{""age_s"":0.009135723114013672,""channels"":3,""force"":[0.0,-2.220446049250313e-16],""has_data"":true,""last_update_ts"":1784118746.188672,""raw"":[0,0,0]}}","{""ble"":{""connection_state"":""connected"",""counter"":991427,""finger_order"":""DexterController.Visualizer"",""last_error"":null,""last_sample_age_s"":0.009159723995253444,""reconnect_count"":0,""sample_hz"":20.0,""sample_sequence"":188,""timestamp_us"":9710996192},""fingers"":{""index"":{""has_data"":true,""last_update_ts"":1784118746.188672,""mapped"":true},""middle"":{""has_data"":true,""last_update_ts"":1784118746.188672,""mapped"":true},""pinky"":{""has_data"":true,""last_update_ts"":1784118746.188672,""mapped"":true},""ring"":{""has_data"":true,""last_update_ts"":1784118746.188672,""mapped"":true},""thumb"":{""has_data"":true,""last_update_ts"":1784118746.188672,""mapped"":true}},""ports"":{""available"":[""BLE:Dexter""],""unavailable"":[]}}"
1784118746.2479472,1784118746.2478173,190,ble,"{""index"":{""age_s"":0.009159326553344727,""channels"":3,""force"":[1.8078953434542804,-0.25782500769000105],""has_data"":true,""last_update_ts"":1784118746.238658,""raw"":[15210,18971,17555]},""middle"":{""age_s"":0.009159326553344727,""channels"":3,""force"":[-1.7800150111170412,-1.8475146137700023],""has_data"":true,""last_update_ts"":1784118746.238658,""raw"":[16720,13017,18197]},""pinky"":{""age_s"":0.009159326553344727,""channels"":3,""force"":[-1.0243618657008984,-0.75182771349],""has_data"":true,""last_update_ts"":1784118746.238658,""raw"":[17417,15286,17706]},""ring"":{""age_s"":0.009159326553344727,""channels"":3,""force"":[0.2768805418318703,0.24922158977999942],""has_data"":true,""last_update_ts"":1784118746.238658,""raw"":[15793,16369,15632]},""thumb"":{""age_s"":0.009159326553344727,""channels"":3,""force"":[0.0,-2.220446049250313e-16],""has_data"":true,""last_update_ts"":1784118746.238658,""raw"":[0,0,0]}}","{""ble"":{""connection_state"":""connected"",""counter"":991432,""finger_order"":""DexterController.Visualizer"",""last_error"":null,""last_sample_age_s"":0.009181718007312156,""reconnect_count"":0,""sample_hz"":20.0,""sample_sequence"":189,""timestamp_us"":9711043168},""fingers"":{""index"":{""has_data"":true,""last_update_ts"":1784118746.238658,""mapped"":true},""middle"":{""has_data"":true,""last_update_ts"":1784118746.238658,""mapped"":true},""pinky"":{""has_data"":true,""last_update_ts"":1784118746.238658,""mapped"":true},""ring"":{""has_data"":true,""last_update_ts"":1784118746.238658,""mapped"":true},""thumb"":{""has_data"":true,""last_update_ts"":1784118746.238658,""mapped"":true}},""ports"":{""available"":[""BLE:Dexter""],""unavailable"":[]}}"
1784118746.297964,1784118746.2978282,191,ble,"{""index"":{""age_s"":0.009170293807983398,""channels"":3,""force"":[1.9458549189850913,0.7315680519599983],""has_data"":true,""last_update_ts"":1784118746.288658,""raw"":[15641,19689,16347]},""middle"":{""age_s"":0.009170293807983398,""channels"":3,""force"":[-1.6223469247961182,-3.1324767080700022],""has_data"":true,""last_update_ts"":1784118746.288658,""raw"":[15792,12417,19748]},""pinky"":{""age_s"":0.009170293807983398,""channels"":3,""force"":[-1.0195549118496494,-0.7490524173900006],""has_data"":true,""last_update_ts"":1784118746.288658,""raw"":[17413,15292,17702]},""ring"":{""age_s"":0.009170293807983398,""channels"":3,""force"":[0.27207358798062664,0.24200581991999837],""has_data"":true,""last_update_ts"":1784118746.288658,""raw"":[15795,16361,15642]},""thumb"":{""age_s"":0.009170293807983398,""channels"":3,""force"":[0.0,-2.220446049250313e-16],""has_data"":true,""last_update_ts"":1784118746.288658,""raw"":[0,0,0]}}","{""ble"":{""connection_state"":""connected"",""counter"":991438,""finger_order"":""DexterController.Visualizer"",""last_error"":null,""last_sample_age_s"":0.009194292986649089,""reconnect_count"":0,""sample_hz"":20.0,""sample_sequence"":190,""timestamp_us"":9711099648},""fingers"":{""index"":{""has_data"":true,""last_update_ts"":1784118746.288658,""mapped"":true},""middle"":{""has_data"":true,""last_update_ts"":1784118746.288658,""mapped"":true},""pinky"":{""has_data"":true,""last_update_ts"":1784118746.288658,""mapped"":true},""ring"":{""has_data"":true,""last_update_ts"":1784118746.288658,""mapped"":true},""thumb"":{""has_data"":true,""last_update_ts"":1784118746.288658,""mapped"":true}},""ports"":{""available"":[""BLE:Dexter""],""unavailable"":[]}}"
1784118746.3479466,1784118746.3478167,192,ble,"{""index"":{""age_s"":0.009158611297607422,""channels"":3,""force"":[2.1458241991969995,1.138981519439998],""has_data"":true,""last_update_ts"":1784118746.338658,""raw"":[15647,20111,15827]},""middle"":{""age_s"":0.009158611297607422,""channels"":3,""force"":[-1.604080500161376,-3.670884151470002],""has_data"":true,""last_update_ts"":1784118746.338658,""raw"":[15479,12142,20424]},""pinky"":{""age_s"":0.009158611297607422,""channels"":3,""force"":[-1.0214776933901497,-0.7446119436299998],""has_data"":true,""last_update_ts"":1784118746.338658,""raw"":[17417,15292,17696]},""ring"":{""age_s"":0.009158611297607422,""channels"":3,""force"":[0.2802454095277458,0.2539395931499975],""has_data"":true,""last_update_ts"":1784118746.338658,""raw"":[15799,16382,15633]},""thumb"":{""age_s"":0.009158611297607422,""channels"":3,""force"":[0.0,-2.220446049250313e-16],""has_data"":true,""last_update_ts"":1784118746.338658,""raw"":[0,0,0]}}","{""ble"":{""connection_state"":""connected"",""counter"":991443,""finger_order"":""DexterController.Visualizer"",""last_error"":null,""last_sample_age_s"":0.009182308000163175,""reconnect_count"":0,""sample_hz"":20.0,""sample_sequence"":191,""timestamp_us"":9711146624},""fingers"":{""index"":{""has_data"":true,""last_update_ts"":1784118746.338658,""mapped"":true},""middle"":{""has_data"":true,""last_update_ts"":1784118746.338658,""mapped"":true},""pinky"":{""has_data"":true,""last_update_ts"":1784118746.338658,""mapped"":true},""ring"":{""has_data"":true,""last_update_ts"":1784118746.338658,""mapped"":true},""thumb"":{""has_data"":true,""last_update_ts"":1784118746.338658,""mapped"":true}},""ports"":{""available"":[""BLE:Dexter""],""unavailable"":[]}}"
1784118746.3979511,1784118746.3978167,193,ble,"{""index"":{""age_s"":0.009159088134765625,""channels"":3,""force"":[2.5116333872769534,1.4944969498499994],""has_data"":true,""last_update_ts"":1784118746.3886576,""raw"":[15435,20660,15355]},""middle"":{""age_s"":0.009159088134765625,""channels"":3,""force"":[-1.7232929556723207,-4.269793049850002],""has_data"":true,""last_update_ts"":1784118746.3886576,""raw"":[15325,11740,21225]},""pinky"":{""age_s"":0.009159088134765625,""channels"":3,""force"":[-1.021958388775273,-0.7521052431000026],""has_data"":true,""last_update_ts"":1784118746.3886576,""raw"":[17416,15290,17708]},""ring"":{""age_s"":0.009159088134765625,""channels"":3,""force"":[0.2778419326021222,0.2497766489999984],""has_data"":true,""last_update_ts"":1784118746.3886576,""raw"":[15787,16365,15626]},""thumb"":{""age_s"":0.009159088134765625,""channels"":3,""force"":[0.0,-2.220446049250313e-16],""has_data"":true,""last_update_ts"":1784118746.3886576,""raw"":[0,0,0]}}","{""ble"":{""connection_state"":""connected"",""counter"":991448,""finger_order"":""DexterController.Visualizer"",""last_error"":null,""last_sample_age_s"":0.009180376000585966,""reconnect_count"":0,""sample_hz"":20.0,""sample_sequence"":192,""timestamp_us"":9711193600},""fingers"":{""index"":{""has_data"":true,""last_update_ts"":1784118746.3886576,""mapped"":true},""middle"":{""has_data"":true,""last_update_ts"":1784118746.3886576,""mapped"":true},""pinky"":{""has_data"":true,""last_update_ts"":1784118746.3886576,""mapped"":true},""ring"":{""has_data"":true,""last_update_ts"":1784118746.3886576,""mapped"":true},""thumb"":{""has_data"":true,""last_update_ts"":1784118746.3886576,""mapped"":true}},""ports"":{""available"":[""BLE:Dexter""],""unavailable"":[]}}"
1784118746.447994,1784118746.4478645,194,ble,"{""index"":{""age_s"":0.009206295013427734,""channels"":3,""force"":[2.622674021240776,1.8167088270599985],""has_data"":true,""last_update_ts"":1784118746.4386582,""raw"":[15488,20944,14943]},""middle"":{""age_s"":0.009206295013427734,""channels"":3,""force"":[-1.6805110663962148,-4.729104554400003],""has_data"":true,""last_update_ts"":1784118746.4386582,""raw"":[15021,11525,21793]},""pinky"":{""age_s"":0.009206295013427734,""channels"":3,""force"":[-1.0171514349240258,-0.7454445324600005],""has_data"":true,""last_update_ts"":1784118746.4386582,""raw"":[17410,15294,17695]},""ring"":{""age_s"":0.009206295013427734,""channels"":3,""force"":[0.2788033233723688,0.25643735963999603],""has_data"":true,""last_update_ts"":1784118746.4386582,""raw"":[15796,16376,15624]},""thumb"":{""age_s"":0.009206295013427734,""channels"":3,""force"":[0.0,-2.220446049250313e-16],""has_data"":true,""last_update_ts"":1784118746.4386582,""raw"":[0,0,0]}}","{""ble"":{""connection_state"":""connected"",""counter"":991454,""finger_order"":""DexterController.Visualizer"",""last_error"":null,""last_sample_age_s"":0.009228541006450541,""reconnect_count"":0,""sample_hz"":20.0,""sample_sequence"":193,""timestamp_us"":9711250112},""fingers"":{""index"":{""has_data"":true,""last_update_ts"":1784118746.4386582,""mapped"":true},""middle"":{""has_data"":true,""last_update_ts"":1784118746.4386582,""mapped"":true},""pinky"":{""has_data"":true,""last_update_ts"":1784118746.4386582,""mapped"":true},""ring"":{""has_data"":true,""last_update_ts"":1784118746.4386582,""mapped"":true},""thumb"":{""has_data"":true,""last_update_ts"":1784118746.4386582,""mapped"":true}},""ports"":{""available"":[""BLE:Dexter""],""unavailable"":[]}}"
1784118746.4979434,1784118746.4978142,195,ble,"{""index"":{""age_s"":0.009155750274658203,""channels"":3,""force"":[2.841390421472548,2.1217138684499988],""has_data"":true,""last_update_ts"":1784118746.4886584,""raw"":[15473,21384,14606]},""middle"":{""age_s"":0.009155750274658203,""channels"":3,""force"":[-1.5286113246967874,-5.513403232260001],""has_data"":true,""last_update_ts"":1784118746.4886584,""raw"":[14405,11225,22748]},""pinky"":{""age_s"":0.009155750274658203,""channels"":3,""force"":[-1.0209969980050229,-0.7448894732400007],""has_data"":true,""last_update_ts"":1784118746.4886584,""raw"":[17419,15295,17699]},""ring"":{""age_s"":0.009155750274658203,""channels"":3,""force"":[0.27591915106161835,0.2508867674399964],""has_data"":true,""last_update_ts"":1784118746.4886584,""raw"":[15793,16367,15628]},""thumb"":{""age_s"":0.009155750274658203,""channels"":3,""force"":[0.0,-2.220446049250313e-16],""has_data"":true,""last_update_ts"":1784118746.4886584,""raw"":[0,0,0]}}","{""ble"":{""connection_state"":""connected"",""counter"":991459,""finger_order"":""DexterController.Visualizer"",""last_error"":null,""last_sample_age_s"":0.009177149011520669,""reconnect_count"":0,""sample_hz"":20.0,""sample_sequence"":194,""timestamp_us"":9711297024},""fingers"":{""index"":{""has_data"":true,""last_update_ts"":1784118746.4886584,""mapped"":true},""middle"":{""has_data"":true,""last_update_ts"":1784118746.4886584,""mapped"":true},""pinky"":{""has_data"":true,""last_update_ts"":1784118746.4886584,""mapped"":true},""ring"":{""has_data"":true,""last_update_ts"":1784118746.4886584,""mapped"":true},""thumb"":{""has_data"":true,""last_update_ts"":1784118746.4886584,""mapped"":true}},""ports"":{""available"":[""BLE:Dexter""],""unavailable"":[]}}"
1784118746.547945,1784118746.547816,196,ble,"{""index"":{""age_s"":0.009158611297607422,""channels"":3,""force"":[2.996174335482726,2.2371661862099987],""has_data"":true,""last_update_ts"":1784118746.5386574,""raw"":[15360,21593,14446]},""middle"":{""age_s"":0.009158611297607422,""channels"":3,""force"":[-1.5574530478042723,-5.723770676640001],""has_data"":true,""last_update_ts"":1784118746.5386574,""raw"":[14314,11074,23006]},""pinky"":{""age_s"":0.009158611297607422,""channels"":3,""force"":[-1.0248425610860235,-0.7498850062200004],""has_data"":true,""last_update_ts"":1784118746.5386574,""raw"":[17417,15285,17702]},""ring"":{""age_s"":0.009158611297607422,""channels"":3,""force"":[0.27495776029137353,0.24866653056000043],""has_data"":true,""last_update_ts"":1784118746.5386574,""raw"":[15792,16364,15630]},""thumb"":{""age_s"":0.009158611297607422,""channels"":3,""force"":[0.0,-2.220446049250313e-16],""has_data"":true,""last_update_ts"":1784118746.5386574,""raw"":[0,0,0]}}","{""ble"":{""connection_state"":""connected"",""counter"":991464,""finger_order"":""DexterController.Visualizer"",""last_error"":null,""last_sample_age_s"":0.009179875007248484,""reconnect_count"":0,""sample_hz"":20.0,""sample_sequence"":195,""timestamp_us"":9711344032},""fingers"":{""index"":{""has_data"":true,""last_update_ts"":1784118746.5386574,""mapped"":true},""middle"":{""has_data"":true,""last_update_ts"":1784118746.5386574,""mapped"":true},""pinky"":{""has_data"":true,""last_update_ts"":1784118746.5386574,""mapped"":true},""ring"":{""has_data"":true,""last_update_ts"":1784118746.5386574,""mapped"":true},""thumb"":{""has_data"":true,""last_update_ts"":1784118746.5386574,""mapped"":true}},""ports"":{""available"":[""BLE:Dexter""],""unavailable"":[]}}"
1784118746.5979414,1784118746.5978143,197,ble,"{""index"":{""age_s"":0.009152889251708984,""channels"":3,""force"":[3.0125179785769696,2.3032182333899973],""has_data"":true,""last_update_ts"":1784118746.5886614,""raw"":[15425,21692,14409]},""middle"":{""age_s"":0.009152889251708984,""channels"":3,""force"":[-1.6060032817018746,-5.74403033817],""has_data"":true,""last_update_ts"":1784118746.5886614,""raw"":[14330,10989,23008]},""pinky"":{""age_s"":0.009152889251708984,""channels"":3,""force"":[-1.02580395185627,-0.7509951246600028],""has_data"":true,""last_update_ts"":1784118746.5886614,""raw"":[17419,15285,17705]},""ring"":{""age_s"":0.009152889251708984,""channels"":3,""force"":[0.27495776029137176,0.24644629367999826],""has_data"":true,""last_update_ts"":1784118746.5886614,""raw"":[15794,16366,15636]},""thumb"":{""age_s"":0.009152889251708984,""channels"":3,""force"":[0.0,-2.220446049250313e-16],""has_data"":true,""last_update_ts"":1784118746.5886614,""raw"":[0,0,0]}}","{""ble"":{""connection_state"":""connected"",""counter"":991470,""finger_order"":""DexterController.Visualizer"",""last_error"":null,""last_sample_age_s"":0.009173532002023421,""reconnect_count"":0,""sample_hz"":20.0,""sample_sequence"":196,""timestamp_us"":9711400448},""fingers"":{""index"":{""has_data"":true,""last_update_ts"":1784118746.5886614,""mapped"":true},""middle"":{""has_data"":true,""last_update_ts"":1784118746.5886614,""mapped"":true},""pinky"":{""has_data"":true,""last_update_ts"":1784118746.5886614,""mapped"":true},""ring"":{""has_data"":true,""last_update_ts"":1784118746.5886614,""mapped"":true},""thumb"":{""has_data"":true,""last_update_ts"":1784118746.5886614,""mapped"":true}},""ports"":{""available"":[""BLE:Dexter""],""unavailable"":[]}}"
1784118746.6479437,1784118746.6478148,198,ble,"{""index"":{""age_s"":0.009156465530395508,""channels"":3,""force"":[2.944739929274375,1.925500434179999],""has_data"":true,""last_update_ts"":1784118746.6386583,""raw"":[15299,21425,14893]},""middle"":{""age_s"":0.009156465530395508,""channels"":3,""force"":[-1.7093527895037024,-4.933366347360002],""has_data"":true,""last_update_ts"":1784118746.6386583,""raw"":[14888,11332,21998]},""pinky"":{""age_s"":0.009156465530395508,""channels"":3,""force"":[-1.021477693390148,-0.7401714698700017],""has_data"":true,""last_update_ts"":1784118746.6386583,""raw"":[17422,15297,17693]},""ring"":{""age_s"":0.009156465530395508,""channels"":3,""force"":[0.28024540952774224,0.2578250076899957],""has_data"":true,""last_update_ts"":1784118746.6386583,""raw"":[15788,16371,15615]},""thumb"":{""age_s"":0.009156465530395508,""channels"":3,""force"":[0.0,-2.220446049250313e-16],""has_data"":true,""last_update_ts"":1784118746.6386583,""raw"":[0,0,0]}}","{""ble"":{""connection_state"":""connected"",""counter"":991475,""finger_order"":""DexterController.Visualizer"",""last_error"":null,""last_sample_age_s"":0.009177850995911285,""reconnect_count"":0,""sample_hz"":20.0,""sample_sequence"":197,""timestamp_us"":9711447360},""fingers"":{""index"":{""has_data"":true,""last_update_ts"":1784118746.6386583,""mapped"":true},""middle"":{""has_data"":true,""last_update_ts"":1784118746.6386583,""mapped"":true},""pinky"":{""has_data"":true,""last_update_ts"":1784118746.6386583,""mapped"":true},""ring"":{""has_data"":true,""last_update_ts"":1784118746.6386583,""mapped"":true},""thumb"":{""has_data"":true,""last_update_ts"":1784118746.6386583,""mapped"":true}},""ports"":{""available"":[""BLE:Dexter""],""unavailable"":[]}}"
1784118746.6979303,1784118746.697815,199,ble,"{""index"":{""age_s"":0.00912785530090332,""channels"":3,""force"":[2.7486162121434656,0.7965099806999989],""has_data"":true,""last_update_ts"":1784118746.688687,""raw"":[14868,20586,16292]},""middle"":{""age_s"":0.00912785530090332,""channels"":3,""force"":[-1.8266424634741458,-2.993989432680003],""has_data"":true,""last_update_ts"":1784118746.688687,""raw"":[16112,12312,19606]},""pinky"":{""age_s"":0.00912785530090332,""channels"":3,""force"":[-1.0277267333967721,-0.7437793547999991],""has_data"":true,""last_update_ts"":1784118746.688687,""raw"":[17420,15282,17691]},""ring"":{""age_s"":0.00912785530090332,""channels"":3,""force"":[0.2739963695211216,0.2592126557399981],""has_data"":true,""last_update_ts"":1784118746.688687,""raw"":[15804,16374,15622]},""thumb"":{""age_s"":0.00912785530090332,""channels"":3,""force"":[0.0,-2.220446049250313e-16],""has_data"":true,""last_update_ts"":1784118746.688687,""raw"":[0,0,0]}}","{""ble"":{""connection_state"":""connected"",""counter"":991480,""finger_order"":""DexterController.Visualizer"",""last_error"":null,""last_sample_age_s"":0.009149805002380162,""reconnect_count"":0,""sample_hz"":20.0,""sample_sequence"":198,""timestamp_us"":9711494368},""fingers"":{""index"":{""has_data"":true,""last_update_ts"":1784118746.688687,""mapped"":true},""middle"":{""has_data"":true,""last_update_ts"":1784118746.688687,""mapped"":true},""pinky"":{""has_data"":true,""last_update_ts"":1784118746.688687,""mapped"":true},""ring"":{""has_data"":true,""last_update_ts"":1784118746.688687,""mapped"":true},""thumb"":{""has_data"":true,""last_update_ts"":1784118746.688687,""mapped"":true}},""ports"":{""available"":[""BLE:Dexter""],""unavailable"":[]}}"
1784118746.7479339,1784118746.7478151,200,ble,"{""index"":{""age_s"":0.009139776229858398,""channels"":3,""force"":[2.431357257961116,-1.8239245969200013],""has_data"":true,""last_update_ts"":1784118746.7386754,""raw"":[13634,18692,19449]},""middle"":{""age_s"":0.009139776229858398,""channels"":3,""force"":[-1.927588494350351,-1.1795008425000013],""has_data"":true,""last_update_ts"":1784118746.7386754,""raw"":[17277,13267,17397]},""pinky"":{""age_s"":0.009139776229858398,""channels"":3,""force"":[-1.0147479579984005,-0.7534928911499996],""has_data"":true,""last_update_ts"":1784118746.7386754,""raw"":[17409,15298,17711]},""ring"":{""age_s"":0.009139776229858398,""channels"":3,""force"":[0.27832262798724194,0.2511642970499963],""has_data"":true,""last_update_ts"":1784118746.7386754,""raw"":[15792,16371,15629]},""thumb"":{""age_s"":0.009139776229858398,""channels"":3,""force"":[0.0,-2.220446049250313e-16],""has_data"":true,""last_update_ts"":1784118746.7386754,""raw"":[0,0,0]}}","{""ble"":{""connection_state"":""connected"",""counter"":991486,""finger_order"":""DexterController.Visualizer"",""last_error"":null,""last_sample_age_s"":0.009161176989437081,""reconnect_count"":0,""sample_hz"":20.0,""sample_sequence"":199,""timestamp_us"":9711550944},""fingers"":{""index"":{""has_data"":true,""last_update_ts"":1784118746.7386754,""mapped"":true},""middle"":{""has_data"":true,""last_update_ts"":1784118746.7386754,""mapped"":true},""pinky"":{""has_data"":true,""last_update_ts"":1784118746.7386754,""mapped"":true},""ring"":{""has_data"":true,""last_update_ts"":1784118746.7386754,""mapped"":true},""thumb"":{""has_data"":true,""last_update_ts"":1784118746.7386754,""mapped"":true}},""ports"":{""available"":[""BLE:Dexter""],""unavailable"":[]}}"
1784118746.7979329,1784118746.7978146,201,ble,"{""index"":{""age_s"":0.009140253067016602,""channels"":3,""force"":[2.034302869848048,-3.2826202270800025],""has_data"":true,""last_update_ts"":1784118746.7886744,""raw"":[13171,17403,21201]},""middle"":{""age_s"":0.009140253067016602,""channels"":3,""force"":[-2.2097566854185935,-0.19399319739000198],""has_data"":true,""last_update_ts"":1784118746.7886744,""raw"":[18146,13549,16197]},""pinky"":{""age_s"":0.009140253067016602,""channels"":3,""force"":[-1.0214776933901462,-0.7518277134900027],""has_data"":true,""last_update_ts"":1784118746.7886744,""raw"":[17418,15293,17710]},""ring"":{""age_s"":0.009140253067016602,""channels"":3,""force"":[0.276399846446747,0.2461687640699992],""has_data"":true,""last_update_ts"":1784118746.7886744,""raw"":[15789,16364,15633]},""thumb"":{""age_s"":0.009140253067016602,""channels"":3,""force"":[0.0,-2.220446049250313e-16],""has_data"":true,""last_update_ts"":1784118746.7886744,""raw"":[0,0,0]}}","{""ble"":{""connection_state"":""connected"",""counter"":991491,""finger_order"":""DexterController.Visualizer"",""last_error"":null,""last_sample_age_s"":0.009161748996120878,""reconnect_count"":0,""sample_hz"":20.0,""sample_sequence"":200,""timestamp_us"":9711597888},""fingers"":{""index"":{""has_data"":true,""last_update_ts"":1784118746.7886744,""mapped"":true},""middle"":{""has_data"":true,""last_update_ts"":1784118746.7886744,""mapped"":true},""pinky"":{""has_data"":true,""last_update_ts"":1784118746.7886744,""mapped"":true},""ring"":{""has_data"":true,""last_update_ts"":1784118746.7886744,""mapped"":true},""thumb"":{""has_data"":true,""last_update_ts"":1784118746.7886744,""mapped"":true}},""ports"":{""available"":[""BLE:Dexter""],""unavailable"":[]}}"
1784118746.8479345,1784118746.8478143,202,ble,"{""index"":{""age_s"":0.009135723114013672,""channels"":3,""force"":[1.7458856387731858,-4.1462923734],""has_data"":true,""last_update_ts"":1784118746.8386786,""raw"":[12942,16574,22228]},""middle"":{""age_s"":0.009135723114013672,""channels"":3,""force"":[-2.401554144083379,0.5994639575999976],""has_data"":true,""last_update_ts"":1784118746.8386786,""raw"":[18827,13831,15249]},""pinky"":{""age_s"":0.009135723114013672,""channels"":3,""force"":[-1.0272460380116453,-0.7484973581700007],""has_data"":true,""last_update_ts"":1784118746.8386786,""raw"":[17424,15287,17704]},""ring"":{""age_s"":0.009135723114013672,""channels"":3,""force"":[0.2739963695211216,0.2497766489999993],""has_data"":true,""last_update_ts"":1784118746.8386786,""raw"":[15796,16366,15631]},""thumb"":{""age_s"":0.009135723114013672,""channels"":3,""force"":[0.0,-2.220446049250313e-16],""has_data"":true,""last_update_ts"":1784118746.8386786,""raw"":[0,0,0]}}","{""ble"":{""connection_state"":""connected"",""counter"":991496,""finger_order"":""DexterController.Visualizer"",""last_error"":null,""last_sample_age_s"":0.009158321990980767,""reconnect_count"":0,""sample_hz"":20.0,""sample_sequence"":201,""timestamp_us"":9711644864},""fingers"":{""index"":{""has_data"":true,""last_update_ts"":1784118746.8386786,""mapped"":true},""middle"":{""has_data"":true,""last_update_ts"":1784118746.8386786,""mapped"":true},""pinky"":{""has_data"":true,""last_update_ts"":1784118746.8386786,""mapped"":true},""ring"":{""has_data"":true,""last_update_ts"":1784118746.8386786,""mapped"":true},""thumb"":{""has_data"":true,""last_update_ts"":1784118746.8386786,""mapped"":true}},""ports"":{""available"":[""BLE:Dexter""],""unavailable"":[]}}"
1784118746.897919,1784118746.8978016,203,ble,"{""index"":{""age_s"":0.009144783020019531,""channels"":3,""force"":[1.5146711585281674,-4.903115619870001],""has_data"":true,""last_update_ts"":1784118746.8886569,""raw"":[12752,15903,23161]},""middle"":{""age_s"":0.009144783020019531,""channels"":3,""force"":[-2.474619842622346,0.9930009445799985],""has_data"":true,""last_update_ts"":1784118746.8886569,""raw"":[19143,13995,14780]},""pinky"":{""age_s"":0.009144783020019531,""channels"":3,""force"":[-1.0229197795455232,-0.747109710120001],""has_data"":true,""last_update_ts"":1784118746.8886569,""raw"":[17420,15292,17702]},""ring"":{""age_s"":0.009144783020019531,""channels"":3,""force"":[0.2763998464467452,0.25005417860999923],""has_data"":true,""last_update_ts"":1784118746.8886569,""raw"":[15793,16368,15630]},""thumb"":{""age_s"":0.009144783020019531,""channels"":3,""force"":[0.0,-2.220446049250313e-16],""has_data"":true,""last_update_ts"":1784118746.8886569,""raw"":[0,0,0]}}","{""ble"":{""connection_state"":""connected"",""counter"":991502,""finger_order"":""DexterController.Visualizer"",""last_error"":null,""last_sample_age_s"":0.00916618699557148,""reconnect_count"":0,""sample_hz"":20.0,""sample_sequence"":202,""timestamp_us"":9711701376},""fingers"":{""index"":{""has_data"":true,""last_update_ts"":1784118746.8886569,""mapped"":true},""middle"":{""has_data"":true,""last_update_ts"":1784118746.8886569,""mapped"":true},""pinky"":{""has_data"":true,""last_update_ts"":1784118746.8886569,""mapped"":true},""ring"":{""has_data"":true,""last_update_ts"":1784118746.8886569,""mapped"":true},""thumb"":{""has_data"":true,""last_update_ts"":1784118746.8886569,""mapped"":true}},""ports"":{""available"":[""BLE:Dexter""],""unavailable"":[]}}"
1784118746.9479547,1784118746.9478076,204,ble,"{""index"":{""age_s"":0.009147167205810547,""channels"":3,""force"":[1.3940166168618484,-5.42625893472],""has_data"":true,""last_update_ts"":1784118746.9386604,""raw"":[12579,15479,23805]},""middle"":{""age_s"":0.009147167205810547,""channels"":3,""force"":[-2.500096698033957,1.170897424589997],""has_data"":true,""last_update_ts"":1784118746.9386604,""raw"":[19235,14034,14525]},""pinky"":{""age_s"":0.009147167205810547,""channels"":3,""force"":[-0.5643363821364868,-0.5195354299200021],""has_data"":true,""last_update_ts"":1784118746.9386604,""raw"":[17296,16122,17645]},""ring"":{""age_s"":0.009147167205810547,""channels"":3,""force"":[0.30187670185835813,0.3430265979599971],""has_data"":true,""last_update_ts"":1784118746.9386604,""raw"":[15763,16391,15459]},""thumb"":{""age_s"":0.009147167205810547,""channels"":3,""force"":[0.0,-2.220446049250313e-16],""has_data"":true,""last_update_ts"":1784118746.9386604,""raw"":[0,0,0]}}","{""ble"":{""connection_state"":""connected"",""counter"":991507,""finger_order"":""DexterController.Visualizer"",""last_error"":null,""last_sample_age_s"":0.009173702012049034,""reconnect_count"":0,""sample_hz"":20.0,""sample_sequence"":203,""timestamp_us"":9711748416},""fingers"":{""index"":{""has_data"":true,""last_update_ts"":1784118746.9386604,""mapped"":true},""middle"":{""has_data"":true,""last_update_ts"":1784118746.9386604,""mapped"":true},""pinky"":{""has_data"":true,""last_update_ts"":1784118746.9386604,""mapped"":true},""ring"":{""has_data"":true,""last_update_ts"":1784118746.9386604,""mapped"":true},""thumb"":{""has_data"":true,""last_update_ts"":1784118746.9386604,""mapped"":true}},""ports"":{""available"":[""BLE:Dexter""],""unavailable"":[]}}"
1784118746.997937,1784118746.9978049,205,ble,"{""index"":{""age_s"":0.009145021438598633,""channels"":3,""force"":[1.3603679399031163,-5.598882352140002],""has_data"":true,""last_update_ts"":1784118746.9886599,""raw"":[12546,15376,24048]},""middle"":{""age_s"":0.009145021438598633,""channels"":3,""force"":[-2.397227885617257,1.1914346157299986],""has_data"":true,""last_update_ts"":1784118746.9886599,""raw"":[19162,14175,14522]},""pinky"":{""age_s"":0.009145021438598633,""channels"":3,""force"":[-1.0190742164645226,-0.7526603023200016],""has_data"":true,""last_update_ts"":1784118746.9886599,""raw"":[17415,15295,17711]},""ring"":{""age_s"":0.009145021438598633,""channels"":3,""force"":[0.27976471414261894,0.2475564121199998],""has_data"":true,""last_update_ts"":1784118746.9886599,""raw"":[15790,16372,15635]},""thumb"":{""age_s"":0.009145021438598633,""channels"":3,""force"":[0.0,-2.220446049250313e-16],""has_data"":true,""last_update_ts"":1784118746.9886599,""raw"":[0,0,0]}}","{""ble"":{""connection_state"":""connected"",""counter"":991512,""finger_order"":""DexterController.Visualizer"",""last_error"":null,""last_sample_age_s"":0.009167369003989734,""reconnect_count"":0,""sample_hz"":20.0,""sample_sequence"":204,""timestamp_us"":9711795424},""fingers"":{""index"":{""has_data"":true,""last_update_ts"":1784118746.9886599,""mapped"":true},""middle"":{""has_data"":true,""last_update_ts"":1784118746.9886599,""mapped"":true},""pinky"":{""has_data"":true,""last_update_ts"":1784118746.9886599,""mapped"":true},""ring"":{""has_data"":true,""last_update_ts"":1784118746.9886599,""mapped"":true},""thumb"":{""has_data"":true,""last_update_ts"":1784118746.9886599,""mapped"":true}},""ports"":{""available"":[""BLE:Dexter""],""unavailable"":[]}}"
1784118747.0479429,1784118747.0478146,206,ble,"{""index"":{""age_s"":0.009154319763183594,""channels"":3,""force"":[1.2839373736682749,-5.382686785950001],""has_data"":true,""last_update_ts"":1784118747.0386603,""raw"":[12763,15434,23796]},""middle"":{""age_s"":0.009154319763183594,""channels"":3,""force"":[-2.3001274178220523,1.0920790153499977],""has_data"":true,""last_update_ts"":1784118747.0386603,""raw"":[18990,14205,14630]},""pinky"":{""age_s"":0.009154319763183594,""channels"":3,""force"":[-1.0234004749306465,-0.7440568844100008],""has_data"":true,""last_update_ts"":1784118747.0386603,""raw"":[17419,15290,17695]},""ring"":{""age_s"":0.009154319763183594,""channels"":3,""force"":[0.2739963695211216,0.24811147133999878],""has_data"":true,""last_update_ts"":1784118747.0386603,""raw"":[15792,16362,15630]},""thumb"":{""age_s"":0.009154319763183594,""channels"":3,""force"":[0.0,-2.220446049250313e-16],""has_data"":true,""last_update_ts"":1784118747.0386603,""raw"":[0,0,0]}}","{""ble"":{""connection_state"":""connected"",""counter"":991517,""finger_order"":""DexterController.Visualizer"",""last_error"":null,""last_sample_age_s"":0.009175244995276444,""reconnect_count"":0,""sample_hz"":20.0,""sample_sequence"":205,""timestamp_us"":9711842400},""fingers"":{""index"":{""has_data"":true,""last_update_ts"":1784118747.0386603,""mapped"":true},""middle"":{""has_data"":true,""last_update_ts"":1784118747.0386603,""mapped"":true},""pinky"":{""has_data"":true,""last_update_ts"":1784118747.0386603,""mapped"":true},""ring"":{""has_data"":true,""last_update_ts"":1784118747.0386603,""mapped"":true},""thumb"":{""has_data"":true,""last_update_ts"":1784118747.0386603,""mapped"":true}},""ports"":{""available"":[""BLE:Dexter""],""unavailable"":[]}}"
1784118747.0979195,1784118747.0978022,207,ble,"{""index"":{""age_s"":0.009142637252807617,""channels"":3,""force"":[1.2228890597574296,-2.9035147798200036],""has_data"":true,""last_update_ts"":1784118747.0886595,""raw"":[14323,16867,20826]},""middle"":{""age_s"":0.009142637252807617,""channels"":3,""force"":[-1.5944665924588826,-0.7501625358300013],""has_data"":true,""last_update_ts"":1784118747.0886595,""raw"":[17093,13776,16786]},""pinky"":{""age_s"":0.009142637252807617,""channels"":3,""force"":[-1.0214776933901462,-0.7473872397300019],""has_data"":true,""last_update_ts"":1784118747.0886595,""raw"":[17418,15293,17702]},""ring"":{""age_s"":0.009142637252807617,""channels"":3,""force"":[0.2739963695211216,0.2519968858799979],""has_data"":true,""last_update_ts"":1784118747.0886595,""raw"":[15802,16372,15633]},""thumb"":{""age_s"":0.009142637252807617,""channels"":3,""force"":[0.0,-2.220446049250313e-16],""has_data"":true,""last_update_ts"":1784118747.0886595,""raw"":[0,0,0]}}","{""ble"":{""connection_state"":""connected"",""counter"":991523,""finger_order"":""DexterController.Visualizer"",""last_error"":null,""last_sample_age_s"":0.00916421299916692,""reconnect_count"":0,""sample_hz"":20.0,""sample_sequence"":206,""timestamp_us"":9711898944},""fingers"":{""index"":{""has_data"":true,""last_update_ts"":1784118747.0886595,""mapped"":true},""middle"":{""has_data"":true,""last_update_ts"":1784118747.0886595,""mapped"":true},""pinky"":{""has_data"":true,""last_update_ts"":1784118747.0886595,""mapped"":true},""ring"":{""has_data"":true,""last_update_ts"":1784118747.0886595,""mapped"":true},""thumb"":{""has_data"":true,""last_update_ts"":1784118747.0886595,""mapped"":true}},""ports"":{""available"":[""BLE:Dexter""],""unavailable"":[]}}"
1784118747.1480265,1784118747.147822,208,ble,"{""index"":{""age_s"":0.009128093719482422,""channels"":3,""force"":[1.4978468200488013,-1.22501569854],""has_data"":true,""last_update_ts"":1784118747.1386938,""raw"":[15083,18199,18848]},""middle"":{""age_s"":0.009128093719482422,""channels"":3,""force"":[-1.1426129304415928,-2.457524696550002],""has_data"":true,""last_update_ts"":1784118747.1386938,""raw"":[15604,13227,18843]},""pinky"":{""age_s"":0.009128093719482422,""channels"":3,""force"":[-1.0238811703157733,-0.748219828559999],""has_data"":true,""last_update_ts"":1784118747.1386938,""raw"":[17420,15290,17703]},""ring"":{""age_s"":0.009128093719482422,""channels"":3,""force"":[0.2739963695211234,0.2519968858799988],""has_data"":true,""last_update_ts"":1784118747.1386938,""raw"":[15800,16370,15631]},""thumb"":{""age_s"":0.009128093719482422,""channels"":3,""force"":[0.0,-2.220446049250313e-16],""has_data"":true,""last_update_ts"":1784118747.1386938,""raw"":[0,0,0]}}","{""ble"":{""connection_state"":""connected"",""counter"":991528,""finger_order"":""DexterController.Visualizer"",""last_error"":null,""last_sample_age_s"":0.009160415997030213,""reconnect_count"":0,""sample_hz"":20.0,""sample_sequence"":207,""timestamp_us"":9711946048},""fingers"":{""index"":{""has_data"":true,""last_update_ts"":1784118747.1386938,""mapped"":true},""middle"":{""has_data"":true,""last_update_ts"":1784118747.1386938,""mapped"":true},""pinky"":{""has_data"":true,""last_update_ts"":1784118747.1386938,""mapped"":true},""ring"":{""has_data"":true,""last_update_ts"":1784118747.1386938,""mapped"":true},""thumb"":{""has_data"":true,""last_update_ts"":1784118747.1386938,""mapped"":true}},""ports"":{""available"":[""BLE:Dexter""],""unavailable"":[]}}"
1784118747.1979172,1784118747.1978002,209,ble,"{""index"":{""age_s"":0.008982419967651367,""channels"":3,""force"":[1.8526000142708838,0.1348793904599983],""has_data"":true,""last_update_ts"":1784118747.1888177,""raw"":[15508,19362,17192]},""middle"":{""age_s"":0.008982419967651367,""channels"":3,""force"":[-0.8873636809403358,-4.069139141820002],""has_data"":true,""last_update_ts"":1784118747.1888177,""raw"":[14433,12587,20841]},""pinky"":{""age_s"":0.008982419967651367,""channels"":3,""force"":[-1.0181128256942742,-0.7554355984200027],""has_data"":true,""last_update_ts"":1784118747.1888177,""raw"":[17407,15289,17709]},""ring"":{""age_s"":0.008982419967651367,""channels"":3,""force"":[0.2744770649062467,0.23617769810999878],""has_data"":true,""last_update_ts"":1784118747.1888177,""raw"":[15789,16360,15649]},""thumb"":{""age_s"":0.008982419967651367,""channels"":3,""force"":[0.0,-2.220446049250313e-16],""has_data"":true,""last_update_ts"":1784118747.1888177,""raw"":[0,0,0]}}","{""ble"":{""connection_state"":""connected"",""counter"":991533,""finger_order"":""DexterController.Visualizer"",""last_error"":null,""last_sample_age_s"":0.009003876999486238,""reconnect_count"":0,""sample_hz"":20.0,""sample_sequence"":208,""timestamp_us"":9711993024},""fingers"":{""index"":{""has_data"":true,""last_update_ts"":1784118747.1888177,""mapped"":true},""middle"":{""has_data"":true,""last_update_ts"":1784118747.1888177,""mapped"":true},""pinky"":{""has_data"":true,""last_update_ts"":1784118747.1888177,""mapped"":true},""ring"":{""has_data"":true,""last_update_ts"":1784118747.1888177,""mapped"":true},""thumb"":{""has_data"":true,""last_update_ts"":1784118747.1888177,""mapped"":true}},""ports"":{""available"":[""BLE:Dexter""],""unavailable"":[]}}"
1784118747.248034,1784118747.2478275,210,ble,"{""index"":{""age_s"":0.009131431579589844,""channels"":3,""force"":[1.6882021925582134,0.7693120789199988],""has_data"":true,""last_update_ts"":1784118747.238696,""raw"":[15935,19447,16305]},""middle"":{""age_s"":0.009131431579589844,""channels"":3,""force"":[-0.8272767577997389,-5.30442343593],""has_data"":true,""last_update_ts"":1784118747.238696,""raw"":[13713,11992,22409]},""pinky"":{""age_s"":0.009131431579589844,""channels"":3,""force"":[-1.0219583887752712,-0.7382287626000013],""has_data"":true,""last_update_ts"":1784118747.238696,""raw"":[17423,15297,17690]},""ring"":{""age_s"":0.009131431579589844,""channels"":3,""force"":[0.2788033233723688,0.2630980702799999],""has_data"":true,""last_update_ts"":1784118747.238696,""raw"":[15797,16377,15613]},""thumb"":{""age_s"":0.009131431579589844,""channels"":3,""force"":[0.0,-2.220446049250313e-16],""has_data"":true,""last_update_ts"":1784118747.238696,""raw"":[0,0,0]}}","{""ble"":{""connection_state"":""connected"",""counter"":991539,""finger_order"":""DexterController.Visualizer"",""last_error"":null,""last_sample_age_s"":0.009164834002149291,""reconnect_count"":0,""sample_hz"":20.0,""sample_sequence"":209,""timestamp_us"":9712049248},""fingers"":{""index"":{""has_data"":true,""last_update_ts"":1784118747.238696,""mapped"":true},""middle"":{""has_data"":true,""last_update_ts"":1784118747.238696,""mapped"":true},""pinky"":{""has_data"":true,""last_update_ts"":1784118747.238696,""mapped"":true},""ring"":{""has_data"":true,""last_update_ts"":1784118747.238696,""mapped"":true},""thumb"":{""has_data"":true,""last_update_ts"":1784118747.238696,""mapped"":true}},""ports"":{""available"":[""BLE:Dexter""],""unavailable"":[]}}"
1784118747.2979362,1784118747.2978027,211,ble,"{""index"":{""age_s"":0.009142398834228516,""channels"":3,""force"":[1.7280999095235678,1.2574866629099963],""has_data"":true,""last_update_ts"":1784118747.2886603,""raw"":[16207,19802,15739]},""middle"":{""age_s"":0.009142398834228516,""channels"":3,""force"":[-0.8763076870824653,-5.80286661549],""has_data"":true,""last_update_ts"":1784118747.2886603,""raw"":[13503,11680,23046]},""pinky"":{""age_s"":0.009142398834228516,""channels"":3,""force"":[-1.0229197795455232,-0.7415591179200005],""has_data"":true,""last_update_ts"":1784118747.2886603,""raw"":[17424,15296,17696]},""ring"":{""age_s"":0.009142398834228516,""channels"":3,""force"":[0.27495776029137176,0.2608778333999995],""has_data"":true,""last_update_ts"":1784118747.2886603,""raw"":[15802,16374,15618]},""thumb"":{""age_s"":0.009142398834228516,""channels"":3,""force"":[0.0,-2.220446049250313e-16],""has_data"":true,""last_update_ts"":1784118747.2886603,""raw"":[0,0,0]}}","{""ble"":{""connection_state"":""connected"",""counter"":991544,""finger_order"":""DexterController.Visualizer"",""last_error"":null,""last_sample_age_s"":0.009166438001557253,""reconnect_count"":0,""sample_hz"":20.0,""sample_sequence"":210,""timestamp_us"":9712096192},""fingers"":{""index"":{""has_data"":true,""last_update_ts"":1784118747.2886603,""mapped"":true},""middle"":{""has_data"":true,""last_update_ts"":1784118747.2886603,""mapped"":true},""pinky"":{""has_data"":true,""last_update_ts"":1784118747.2886603,""mapped"":true},""ring"":{""has_data"":true,""last_update_ts"":1784118747.2886603,""mapped"":true},""thumb"":{""has_data"":true,""last_update_ts"":1784118747.2886603,""mapped"":true}},""ports"":{""available"":[""BLE:Dexter""],""unavailable"":[]}}"
1784118747.3479478,1784118747.347816,212,ble,"{""index"":{""age_s"":0.009157657623291016,""channels"":3,""force"":[1.9179745866478566,1.6579618901399984],""has_data"":true,""last_update_ts"":1784118747.3386583,""raw"":[16271,20261,15279]},""middle"":{""age_s"":0.009157657623291016,""channels"":3,""force"":[-0.7883404316046319,-6.28105013352],""has_data"":true,""last_update_ts"":1784118747.3386583,""raw"":[13130,11490,23626]},""pinky"":{""age_s"":0.009157657623291016,""channels"":3,""force"":[-1.0176321303091473,-0.7473872397300001],""has_data"":true,""last_update_ts"":1784118747.3386583,""raw"":[17415,15298,17703]},""ring"":{""age_s"":0.009157657623291016,""channels"":3,""force"":[0.2711121972103747,0.2481114713399979],""has_data"":true,""last_update_ts"":1784118747.3386583,""raw"":[15799,16363,15634]},""thumb"":{""age_s"":0.009157657623291016,""channels"":3,""force"":[0.0,-2.220446049250313e-16],""has_data"":true,""last_update_ts"":1784118747.3386583,""raw"":[0,0,0]}}","{""ble"":{""connection_state"":""connected"",""counter"":991549,""finger_order"":""DexterController.Visualizer"",""last_error"":null,""last_sample_age_s"":0.00918060599360615,""reconnect_count"":0,""sample_hz"":20.0,""sample_sequence"":211,""timestamp_us"":9712143008},""fingers"":{""index"":{""has_data"":true,""last_update_ts"":1784118747.3386583,""mapped"":true},""middle"":{""has_data"":true,""last_update_ts"":1784118747.3386583,""mapped"":true},""pinky"":{""has_data"":true,""last_update_ts"":1784118747.3386583,""mapped"":true},""ring"":{""has_data"":true,""last_update_ts"":1784118747.3386583,""mapped"":true},""thumb"":{""has_data"":true,""last_update_ts"":1784118747.3386583,""mapped"":true}},""ports"":{""available"":[""BLE:Dexter""],""unavailable"":[]}}"
1784118747.3979344,1784118747.3978014,213,ble,"{""index"":{""age_s"":0.009143590927124023,""channels"":3,""force"":[2.00498045135544,1.7287319406899986],""has_data"":true,""last_update_ts"":1784118747.3886578,""raw"":[16207,20378,15178]},""middle"":{""age_s"":0.009143590927124023,""channels"":3,""force"":[-0.7619021854227697,-6.658767932730001],""has_data"":true,""last_update_ts"":1784118747.3886578,""raw"":[12884,11299,24088]},""pinky"":{""age_s"":0.009143590927124023,""channels"":3,""force"":[-1.0200356072347727,-0.7487748877800016],""has_data"":true,""last_update_ts"":1784118747.3886578,""raw"":[17409,15287,17697]},""ring"":{""age_s"":0.009143590927124023,""channels"":3,""force"":[0.29178209877074046,0.2639306591099988],""has_data"":true,""last_update_ts"":1784118747.3886578,""raw"":[15794,16401,15622]},""thumb"":{""age_s"":0.009143590927124023,""channels"":3,""force"":[0.0,-2.220446049250313e-16],""has_data"":true,""last_update_ts"":1784118747.3886578,""raw"":[0,0,0]}}","{""ble"":{""connection_state"":""connected"",""counter"":991555,""finger_order"":""DexterController.Visualizer"",""last_error"":null,""last_sample_age_s"":0.009168011005385779,""reconnect_count"":0,""sample_hz"":20.0,""sample_sequence"":212,""timestamp_us"":9712199232},""fingers"":{""index"":{""has_data"":true,""last_update_ts"":1784118747.3886578,""mapped"":true},""middle"":{""has_data"":true,""last_update_ts"":1784118747.3886578,""mapped"":true},""pinky"":{""has_data"":true,""last_update_ts"":1784118747.3886578,""mapped"":true},""ring"":{""has_data"":true,""last_update_ts"":1784118747.3886578,""mapped"":true},""thumb"":{""has_data"":true,""last_update_ts"":1784118747.3886578,""mapped"":true}},""ports"":{""available"":[""BLE:Dexter""],""unavailable"":[]}}"
1784118747.4479475,1784118747.4478173,214,ble,"{""index"":{""age_s"":0.009159326553344727,""channels"":3,""force"":[2.139094463805252,1.7811850369800002],""has_data"":true,""last_update_ts"":1784118747.438658,""raw"":[16101,20551,15117]},""middle"":{""age_s"":0.009159326553344727,""channels"":3,""force"":[-0.8080489423947483,-6.622689083430001],""has_data"":true,""last_update_ts"":1784118747.438658,""raw"":[12967,11286,24058]},""pinky"":{""age_s"":0.009159326553344727,""channels"":3,""force"":[-1.0286881241670187,-0.7521052431000035],""has_data"":true,""last_update_ts"":1784118747.438658,""raw"":[17423,15283,17708]},""ring"":{""age_s"":0.009159326553344727,""channels"":3,""force"":[0.2797647141426207,0.24700135289999725],""has_data"":true,""last_update_ts"":1784118747.438658,""raw"":[15787,16369,15633]},""thumb"":{""age_s"":0.009159326553344727,""channels"":3,""force"":[0.0,-2.220446049250313e-16],""has_data"":true,""last_update_ts"":1784118747.438658,""raw"":[0,0,0]}}","{""ble"":{""connection_state"":""connected"",""counter"":991560,""finger_order"":""DexterController.Visualizer"",""last_error"":null,""last_sample_age_s"":0.009182670008158311,""reconnect_count"":0,""sample_hz"":20.0,""sample_sequence"":213,""timestamp_us"":9712246240},""fingers"":{""index"":{""has_data"":true,""last_update_ts"":1784118747.438658,""mapped"":true},""middle"":{""has_data"":true,""last_update_ts"":1784118747.438658,""mapped"":true},""pinky"":{""has_data"":true,""last_update_ts"":1784118747.438658,""mapped"":true},""ring"":{""has_data"":true,""last_update_ts"":1784118747.438658,""mapped"":true},""thumb"":{""has_data"":true,""last_update_ts"":1784118747.438658,""mapped"":true}},""ports"":{""available"":[""BLE:Dexter""],""unavailable"":[]}}"
1784118747.498033,1784118747.497822,215,ble,"{""index"":{""age_s"":0.009114265441894531,""channels"":3,""force"":[2.0713164145026575,1.5833064250499973],""has_data"":true,""last_update_ts"":1784118747.4887078,""raw"":[16045,20354,15347]},""middle"":{""age_s"":0.009114265441894531,""channels"":3,""force"":[-0.9378366963784384,-5.881129965509999],""has_data"":true,""last_update_ts"":1784118747.4887078,""raw"":[13510,11559,23130]},""pinky"":{""age_s"":0.009114265441894531,""channels"":3,""force"":[-1.0219583887752712,-0.7471097101200037],""has_data"":true,""last_update_ts"":1784118747.4887078,""raw"":[17418,15292,17701]},""ring"":{""age_s"":0.009114265441894531,""channels"":3,""force"":[0.27255428336574816,0.24894406016999948],""has_data"":true,""last_update_ts"":1784118747.4887078,""raw"":[15796,16363,15631]},""thumb"":{""age_s"":0.009114265441894531,""channels"":3,""force"":[0.0,-2.220446049250313e-16],""has_data"":true,""last_update_ts"":1784118747.4887078,""raw"":[0,0,0]}}","{""ble"":{""connection_state"":""connected"",""counter"":991565,""finger_order"":""DexterController.Visualizer"",""last_error"":null,""last_sample_age_s"":0.009147180011495948,""reconnect_count"":0,""sample_hz"":20.0,""sample_sequence"":214,""timestamp_us"":9712293312},""fingers"":{""index"":{""has_data"":true,""last_update_ts"":1784118747.4887078,""mapped"":true},""middle"":{""has_data"":true,""last_update_ts"":1784118747.4887078,""mapped"":true},""pinky"":{""has_data"":true,""last_update_ts"":1784118747.4887078,""mapped"":true},""ring"":{""has_data"":true,""last_update_ts"":1784118747.4887078,""mapped"":true},""thumb"":{""has_data"":true,""last_update_ts"":1784118747.4887078,""mapped"":true}},""ports"":{""available"":[""BLE:Dexter""],""unavailable"":[]}}"
1784118747.5479343,1784118747.5478137,216,ble,"{""index"":{""age_s"":0.009114742279052734,""channels"":3,""force"":[1.7502118972393053,-0.2617104222300046],""has_data"":true,""last_update_ts"":1784118747.538699,""raw"":[15318,18959,17610]},""middle"":{""age_s"":0.009114742279052734,""channels"":3,""force"":[-1.4790997000289323,-3.21407041341],""has_data"":true,""last_update_ts"":1784118747.538699,""raw"":[15609,12532,19861]},""pinky"":{""age_s"":0.009114742279052734,""channels"":3,""force"":[-1.0296495149372689,-0.7437793548000009],""has_data"":true,""last_update_ts"":1784118747.538699,""raw"":[17426,15284,17695]},""ring"":{""age_s"":0.009114742279052734,""channels"":3,""force"":[0.2773612372169936,0.2583800669099965],""has_data"":true,""last_update_ts"":1784118747.538699,""raw"":[15797,16374,15620]},""thumb"":{""age_s"":0.009114742279052734,""channels"":3,""force"":[0.0,-2.220446049250313e-16],""has_data"":true,""last_update_ts"":1784118747.538699,""raw"":[0,0,0]}}","{""ble"":{""connection_state"":""connected"",""counter"":991571,""finger_order"":""DexterController.Visualizer"",""last_error"":null,""last_sample_age_s"":0.009138352004811168,""reconnect_count"":0,""sample_hz"":20.0,""sample_sequence"":215,""timestamp_us"":9712349728},""fingers"":{""index"":{""has_data"":true,""last_update_ts"":1784118747.538699,""mapped"":true},""middle"":{""has_data"":true,""last_update_ts"":1784118747.538699,""mapped"":true},""pinky"":{""has_data"":true,""last_update_ts"":1784118747.538699,""mapped"":true},""ring"":{""has_data"":true,""last_update_ts"":1784118747.538699,""mapped"":true},""thumb"":{""has_data"":true,""last_update_ts"":1784118747.538699,""mapped"":true}},""ports"":{""available"":[""BLE:Dexter""],""unavailable"":[]}}"
1784118747.5979357,1784118747.597814,217,ble,"{""index"":{""age_s"":0.009143829345703125,""channels"":3,""force"":[1.547358444716652,-3.050327943510003],""has_data"":true,""last_update_ts"":1784118747.5886703,""raw"":[13818,17037,20923]},""middle"":{""age_s"":0.009143829345703125,""channels"":3,""force"":[-1.6564762971399771,-1.2377820606000016],""has_data"":true,""last_update_ts"":1784118747.5886703,""raw"":[16947,13501,17454]},""pinky"":{""age_s"":0.009143829345703125,""channels"":3,""force"":[-1.012825176457902,-0.7457220620699996],""has_data"":true,""last_update_ts"":1784118747.5886703,""raw"":[17405,15298,17695]},""ring"":{""age_s"":0.009143829345703125,""channels"":3,""force"":[0.2908207080004903,0.25838006690999826],""has_data"":true,""last_update_ts"":1784118747.5886703,""raw"":[15792,16397,15629]},""thumb"":{""age_s"":0.009143829345703125,""channels"":3,""force"":[0.0,-2.220446049250313e-16],""has_data"":true,""last_update_ts"":1784118747.5886703,""raw"":[0,0,0]}}","{""ble"":{""connection_state"":""connected"",""counter"":991576,""finger_order"":""DexterController.Visualizer"",""last_error"":null,""last_sample_age_s"":0.00916706898715347,""reconnect_count"":0,""sample_hz"":20.0,""sample_sequence"":216,""timestamp_us"":9712396672},""fingers"":{""index"":{""has_data"":true,""last_update_ts"":1784118747.5886703,""mapped"":true},""middle"":{""has_data"":true,""last_update_ts"":1784118747.5886703,""mapped"":true},""pinky"":{""has_data"":true,""last_update_ts"":1784118747.5886703,""mapped"":true},""ring"":{""has_data"":true,""last_update_ts"":1784118747.5886703,""mapped"":true},""thumb"":{""has_data"":true,""last_update_ts"":1784118747.5886703,""mapped"":true}},""ports"":{""available"":[""BLE:Dexter""],""unavailable"":[]}}"
1784118747.6479316,1784118747.6478133,218,ble,"{""index"":{""age_s"":0.009154319763183594,""channels"":3,""force"":[1.2791304198170286,-4.556758666590001],""has_data"":true,""last_update_ts"":1784118747.638659,""raw"":[13191,15852,22731]},""middle"":{""age_s"":0.009154319763183594,""channels"":3,""force"":[-2.1309226422581293,0.14514798602999868],""has_data"":true,""last_update_ts"":1784118747.638659,""raw"":[18303,13870,15825]},""pinky"":{""age_s"":0.009154319763183594,""channels"":3,""force"":[-1.0282074287818972,-0.7418366475299996],""has_data"":true,""last_update_ts"":1784118747.638659,""raw"":[17425,15286,17692]},""ring"":{""age_s"":0.009154319763183594,""channels"":3,""force"":[0.27015080644012635,0.22757428019999715],""has_data"":true,""last_update_ts"":1784118747.638659,""raw"":[15786,16348,15657]},""thumb"":{""age_s"":0.009154319763183594,""channels"":3,""force"":[0.0,-2.220446049250313e-16],""has_data"":true,""last_update_ts"":1784118747.638659,""raw"":[0,0,0]}}","{""ble"":{""connection_state"":""connected"",""counter"":991581,""finger_order"":""DexterController.Visualizer"",""last_error"":null,""last_sample_age_s"":0.009177379004540853,""reconnect_count"":0,""sample_hz"":20.0,""sample_sequence"":217,""timestamp_us"":9712443744},""fingers"":{""index"":{""has_data"":true,""last_update_ts"":1784118747.638659,""mapped"":true},""middle"":{""has_data"":true,""last_update_ts"":1784118747.638659,""mapped"":true},""pinky"":{""has_data"":true,""last_update_ts"":1784118747.638659,""mapped"":true},""ring"":{""has_data"":true,""last_update_ts"":1784118747.638659,""mapped"":true},""thumb"":{""has_data"":true,""last_update_ts"":1784118747.638659,""mapped"":true}},""ports"":{""available"":[""BLE:Dexter""],""unavailable"":[]}}"
1784118747.697942,1784118747.6978135,219,ble,"{""index"":{""age_s"":0.0091552734375,""channels"":3,""force"":[1.181068561251574,-6.006018290010001],""has_data"":true,""last_update_ts"":1784118747.6886582,""raw"":[12424,14881,24473]},""middle"":{""age_s"":0.0091552734375,""channels"":3,""force"":[-2.5323032888373165,0.8786587452599983],""has_data"":true,""last_update_ts"":1784118747.6886582,""raw"":[19156,13888,14939]},""pinky"":{""age_s"":0.0091552734375,""channels"":3,""force"":[-1.0200356072347727,-0.7410040587000033],""has_data"":true,""last_update_ts"":1784118747.6886582,""raw"":[17423,15301,17697]},""ring"":{""age_s"":0.0091552734375,""channels"":3,""force"":[0.2701508064401228,0.24422605679999787],""has_data"":true,""last_update_ts"":1784118747.6886582,""raw"":[15796,16358,15637]},""thumb"":{""age_s"":0.0091552734375,""channels"":3,""force"":[0.0,-2.220446049250313e-16],""has_data"":true,""last_update_ts"":1784118747.6886582,""raw"":[0,0,0]}}","{""ble"":{""connection_state"":""connected"",""counter"":991587,""finger_order"":""DexterController.Visualizer"",""last_error"":null,""last_sample_age_s"":0.009178300999337807,""reconnect_count"":0,""sample_hz"":20.0,""sample_sequence"":218,""timestamp_us"":9712500288},""fingers"":{""index"":{""has_data"":true,""last_update_ts"":1784118747.6886582,""mapped"":true},""middle"":{""has_data"":true,""last_update_ts"":1784118747.6886582,""mapped"":true},""pinky"":{""has_data"":true,""last_update_ts"":1784118747.6886582,""mapped"":true},""ring"":{""has_data"":true,""last_update_ts"":1784118747.6886582,""mapped"":true},""thumb"":{""has_data"":true,""last_update_ts"":1784118747.6886582,""mapped"":true}},""ports"":{""available"":[""BLE:Dexter""],""unavailable"":[]}}"
1784118747.747942,1784118747.7478135,220,ble,"{""index"":{""age_s"":0.009155511856079102,""channels"":3,""force"":[1.0935820011588637,-6.147003331890001],""has_data"":true,""last_update_ts"":1784118747.738658,""raw"":[12419,14694,24631]},""middle"":{""age_s"":0.009155511856079102,""channels"":3,""force"":[-2.7740930675550786,1.3063318742699996],""has_data"":true,""last_update_ts"":1784118747.738658,""raw"":[19635,13864,14396]},""pinky"":{""age_s"":0.009155511856079102,""channels"":3,""force"":[-0.4008999511940612,-0.4446024352200011],""has_data"":true,""last_update_ts"":1784118747.738658,""raw"":[17231,16397,17615]},""ring"":{""age_s"":0.009155511856079102,""channels"":3,""force"":[0.3042801787839853,0.38881898360999934],""has_data"":true,""last_update_ts"":1784118747.738658,""raw"":[15769,16402,15385]},""thumb"":{""age_s"":0.009155511856079102,""channels"":3,""force"":[0.0,-2.220446049250313e-16],""has_data"":true,""last_update_ts"":1784118747.738658,""raw"":[0,0,0]}}","{""ble"":{""connection_state"":""connected"",""counter"":991592,""finger_order"":""DexterController.Visualizer"",""last_error"":null,""last_sample_age_s"":0.009178431995678693,""reconnect_count"":0,""sample_hz"":20.0,""sample_sequence"":219,""timestamp_us"":9712547232},""fingers"":{""index"":{""has_data"":true,""last_update_ts"":1784118747.738658,""mapped"":true},""middle"":{""has_data"":true,""last_update_ts"":1784118747.738658,""mapped"":true},""pinky"":{""has_data"":true,""last_update_ts"":1784118747.738658,""mapped"":true},""ring"":{""has_data"":true,""last_update_ts"":1784118747.738658,""mapped"":true},""thumb"":{""has_data"":true,""last_update_ts"":1784118747.738658,""mapped"":true}},""ports"":{""available"":[""BLE:Dexter""],""unavailable"":[]}}"
1784118747.7979352,1784118747.7978032,221,ble,"{""index"":{""age_s"":0.009103536605834961,""channels"":3,""force"":[1.0522421980381322,-6.023225125830001],""has_data"":true,""last_update_ts"":1784118747.7886996,""raw"":[12562,14751,24508]},""middle"":{""age_s"":0.009103536605834961,""channels"":3,""force"":[-2.7870718429534476,1.4276123138399974],""has_data"":true,""last_update_ts"":1784118747.7886996,""raw"":[19746,13948,14275]},""pinky"":{""age_s"":0.009103536605834961,""channels"":3,""force"":[-1.021477693390148,-0.7546030095900038],""has_data"":true,""last_update_ts"":1784118747.7886996,""raw"":[17416,15291,17713]},""ring"":{""age_s"":0.009103536605834961,""channels"":3,""force"":[0.27880332337237057,0.25588230041999527],""has_data"":true,""last_update_ts"":1784118747.7886996,""raw"":[15795,16375,15624]},""thumb"":{""age_s"":0.009103536605834961,""channels"":3,""force"":[0.0,-2.220446049250313e-16],""has_data"":true,""last_update_ts"":1784118747.7886996,""raw"":[0,0,0]}}","{""ble"":{""connection_state"":""connected"",""counter"":991597,""finger_order"":""DexterController.Visualizer"",""last_error"":null,""last_sample_age_s"":0.009126778997597285,""reconnect_count"":0,""sample_hz"":20.0,""sample_sequence"":220,""timestamp_us"":9712594240},""fingers"":{""index"":{""has_data"":true,""last_update_ts"":1784118747.7886996,""mapped"":true},""middle"":{""has_data"":true,""last_update_ts"":1784118747.7886996,""mapped"":true},""pinky"":{""has_data"":true,""last_update_ts"":1784118747.7886996,""mapped"":true},""ring"":{""has_data"":true,""last_update_ts"":1784118747.7886996,""mapped"":true},""thumb"":{""has_data"":true,""last_update_ts"":1784118747.7886996,""mapped"":true}},""ports"":{""available"":[""BLE:Dexter""],""unavailable"":[]}}"
1784118747.847945,1784118747.8478158,222,ble,"{""index"":{""age_s"":0.009157657623291016,""channels"":3,""force"":[1.0806032257604947,-5.757629289060002],""has_data"":true,""last_update_ts"":1784118747.838658,""raw"":[12695,14943,24192]},""middle"":{""age_s"":0.009157657623291016,""channels"":3,""force"":[-2.6765119043747516,1.3582299113399978],""has_data"":true,""last_update_ts"":1784118747.838658,""raw"":[19587,14019,14356]},""pinky"":{""age_s"":0.009157657623291016,""channels"":3,""force"":[-1.0238811703157715,-0.7509951246600011],""has_data"":true,""last_update_ts"":1784118747.838658,""raw"":[17416,15286,17704]},""ring"":{""age_s"":0.009157657623291016,""channels"":3,""force"":[0.27784193260211687,0.24977664899999663],""has_data"":true,""last_update_ts"":1784118747.838658,""raw"":[15789,16367,15628]},""thumb"":{""age_s"":0.009157657623291016,""channels"":3,""force"":[0.0,-2.220446049250313e-16],""has_data"":true,""last_update_ts"":1784118747.838658,""raw"":[0,0,0]}}","{""ble"":{""connection_state"":""connected"",""counter"":991603,""finger_order"":""DexterController.Visualizer"",""last_error"":null,""last_sample_age_s"":0.009181388013530523,""reconnect_count"":0,""sample_hz"":20.0,""sample_sequence"":221,""timestamp_us"":9712650784},""fingers"":{""index"":{""has_data"":true,""last_update_ts"":1784118747.838658,""mapped"":true},""middle"":{""has_data"":true,""last_update_ts"":1784118747.838658,""mapped"":true},""pinky"":{""has_data"":true,""last_update_ts"":1784118747.838658,""mapped"":true},""ring"":{""has_data"":true,""last_update_ts"":1784118747.838658,""mapped"":true},""thumb"":{""has_data"":true,""last_update_ts"":1784118747.838658,""mapped"":true}},""ports"":{""available"":[""BLE:Dexter""],""unavailable"":[]}}"
1784118747.8979356,1784118747.897807,223,ble,"{""index"":{""age_s"":0.00914907455444336,""channels"":3,""force"":[1.120981638110976,-5.415712809540003],""has_data"":true,""last_update_ts"":1784118747.8886578,""raw"":[12868,15200,23791]},""middle"":{""age_s"":0.00914907455444336,""channels"":3,""force"":[-2.4726970610818464,1.0812553605599975],""has_data"":true,""last_update_ts"":1784118747.8886578,""raw"":[19192,14048,14672]},""pinky"":{""age_s"":0.00914907455444336,""channels"":3,""force"":[-1.0200356072347745,-0.7509951246600011],""has_data"":true,""last_update_ts"":1784118747.8886578,""raw"":[17412,15290,17704]},""ring"":{""age_s"":0.00914907455444336,""channels"":3,""force"":[0.27111219721037294,0.2519968858799979],""has_data"":true,""last_update_ts"":1784118747.8886578,""raw"":[15801,16365,15629]},""thumb"":{""age_s"":0.00914907455444336,""channels"":3,""force"":[0.0,-2.220446049250313e-16],""has_data"":true,""last_update_ts"":1784118747.8886578,""raw"":[0,0,0]}}","{""ble"":{""connection_state"":""connected"",""counter"":991608,""finger_order"":""DexterController.Visualizer"",""last_error"":null,""last_sample_age_s"":0.009171938989311457,""reconnect_count"":0,""sample_hz"":20.0,""sample_sequence"":222,""timestamp_us"":9712697696},""fingers"":{""index"":{""has_data"":true,""last_update_ts"":1784118747.8886578,""mapped"":true},""middle"":{""has_data"":true,""last_update_ts"":1784118747.8886578,""mapped"":true},""pinky"":{""has_data"":true,""last_update_ts"":1784118747.8886578,""mapped"":true},""ring"":{""has_data"":true,""last_update_ts"":1784118747.8886578,""mapped"":true},""thumb"":{""has_data"":true,""last_update_ts"":1784118747.8886578,""mapped"":true}},""ports"":{""available"":[""BLE:Dexter""],""unavailable"":[]}}"
1784118747.9479487,1784118747.9478178,224,ble,"{""index"":{""age_s"":0.009159564971923828,""channels"":3,""force"":[1.22000488744668,-4.749086686320001],""has_data"":true,""last_update_ts"":1784118747.9386582,""raw"":[13182,15720,23007]},""middle"":{""age_s"":0.009159564971923828,""channels"":3,""force"":[-2.005461146740565,-0.03219343475999992],""has_data"":true,""last_update_ts"":1784118747.9386582,""raw"":[18008,13836,15980]},""pinky"":{""age_s"":0.009159564971923828,""channels"":3,""force"":[-1.0157093487686506,-0.755158068810001],""has_data"":true,""last_update_ts"":1784118747.9386582,""raw"":[17407,15294,17711]},""ring"":{""age_s"":0.009159564971923828,""channels"":3,""force"":[0.2768805418318703,0.24478111601999863],""has_data"":true,""last_update_ts"":1784118747.9386582,""raw"":[15793,16369,15640]},""thumb"":{""age_s"":0.009159564971923828,""channels"":3,""force"":[0.0,-2.220446049250313e-16],""has_data"":true,""last_update_ts"":1784118747.9386582,""raw"":[0,0,0]}}","{""ble"":{""connection_state"":""connected"",""counter"":991613,""finger_order"":""DexterController.Visualizer"",""last_error"":null,""last_sample_age_s"":0.009182991008856334,""reconnect_count"":0,""sample_hz"":20.0,""sample_sequence"":223,""timestamp_us"":9712744672},""fingers"":{""index"":{""has_data"":true,""last_update_ts"":1784118747.9386582,""mapped"":true},""middle"":{""has_data"":true,""last_update_ts"":1784118747.9386582,""mapped"":true},""pinky"":{""has_data"":true,""last_update_ts"":1784118747.9386582,""mapped"":true},""ring"":{""has_data"":true,""last_update_ts"":1784118747.9386582,""mapped"":true},""thumb"":{""has_data"":true,""last_update_ts"":1784118747.9386582,""mapped"":true}},""ports"":{""available"":[""BLE:Dexter""],""unavailable"":[]}}"
1784118747.9979343,1784118747.9978151,225,ble,"{""index"":{""age_s"":0.00915670394897461,""channels"":3,""force"":[1.2257732320681765,-2.8835326479000027],""has_data"":true,""last_update_ts"":1784118747.9886584,""raw"":[14317,16867,20787]},""middle"":{""age_s"":0.00915670394897461,""channels"":3,""force"":[-1.2541342597905407,-1.9135666609500017],""has_data"":true,""last_update_ts"":1784118747.9886584,""raw"":[16035,13426,18178]},""pinky"":{""age_s"":0.00915670394897461,""channels"":3,""force"":[-1.0253232564711467,-0.7418366475300004],""has_data"":true,""last_update_ts"":1784118747.9886584,""raw"":[17424,15291,17694]},""ring"":{""age_s"":0.00915670394897461,""channels"":3,""force"":[0.29034001261536524,0.26254301105999645],""has_data"":true,""last_update_ts"":1784118747.9886584,""raw"":[15800,16404,15629]},""thumb"":{""age_s"":0.00915670394897461,""channels"":3,""force"":[0.0,-2.220446049250313e-16],""has_data"":true,""last_update_ts"":1784118747.9886584,""raw"":[0,0,0]}}","{""ble"":{""connection_state"":""connected"",""counter"":991619,""finger_order"":""DexterController.Visualizer"",""last_error"":null,""last_sample_age_s"":0.009180555993225425,""reconnect_count"":0,""sample_hz"":20.0,""sample_sequence"":224,""timestamp_us"":9712801184},""fingers"":{""index"":{""has_data"":true,""last_update_ts"":1784118747.9886584,""mapped"":true},""middle"":{""has_data"":true,""last_update_ts"":1784118747.9886584,""mapped"":true},""pinky"":{""has_data"":true,""last_update_ts"":1784118747.9886584,""mapped"":true},""ring"":{""has_data"":true,""last_update_ts"":1784118747.9886584,""mapped"":true},""thumb"":{""has_data"":true,""last_update_ts"":1784118747.9886584,""mapped"":true}},""ports"":{""available"":[""BLE:Dexter""],""unavailable"":[]}}"
1784118748.0479276,1784118748.047816,226,ble,"{""index"":{""age_s"":0.009157896041870117,""channels"":3,""force"":[1.651669343288729,-0.9380500818000019],""has_data"":true,""last_update_ts"":1784118748.0386581,""raw"":[15067,18503,18475]},""middle"":{""age_s"":0.009157896041870117,""channels"":3,""force"":[-0.9570645117834289,-3.175771327230003],""has_data"":true,""last_update_ts"":1784118748.0386581,""raw"":[14964,12973,19690]},""pinky"":{""age_s"":0.009157896041870117,""channels"":3,""force"":[-0.4835795574355206,-0.49067235048000235],""has_data"":true,""last_update_ts"":1784118748.0386581,""raw"":[17255,16249,17636]},""ring"":{""age_s"":0.009157896041870117,""channels"":3,""force"":[0.2980311387773611,0.3591233153399971],""has_data"":true,""last_update_ts"":1784118748.0386581,""raw"":[15767,16387,15430]},""thumb"":{""age_s"":0.009157896041870117,""channels"":3,""force"":[0.0,-2.220446049250313e-16],""has_data"":true,""last_update_ts"":1784118748.0386581,""raw"":[0,0,0]}}","{""ble"":{""connection_state"":""connected"",""counter"":991624,""finger_order"":""DexterController.Visualizer"",""last_error"":null,""last_sample_age_s"":0.009181107001495548,""reconnect_count"":0,""sample_hz"":20.0,""sample_sequence"":225,""timestamp_us"":9712848192},""fingers"":{""index"":{""has_data"":true,""last_update_ts"":1784118748.0386581,""mapped"":true},""middle"":{""has_data"":true,""last_update_ts"":1784118748.0386581,""mapped"":true},""pinky"":{""has_data"":true,""last_update_ts"":1784118748.0386581,""mapped"":true},""ring"":{""has_data"":true,""last_update_ts"":1784118748.0386581,""mapped"":true},""thumb"":{""has_data"":true,""last_update_ts"":1784118748.0386581,""mapped"":true}},""ports"":{""available"":[""BLE:Dexter""],""unavailable"":[]}}"
1784118748.0979228,1784118748.097803,227,ble,"{""index"":{""age_s"":0.009145498275756836,""channels"":3,""force"":[2.0347835652331785,0.9405478482899969],""has_data"":true,""last_update_ts"":1784118748.0886576,""raw"":[15824,20057,16246]},""middle"":{""age_s"":0.009145498275756836,""channels"":3,""force"":[-0.7926666900707549,-4.421879276130002],""has_data"":true,""last_update_ts"":1784118748.0886576,""raw"":[14065,12416,21207]},""pinky"":{""age_s"":0.009145498275756836,""channels"":3,""force"":[-1.025323256471145,-0.7534928911500023],""has_data"":true,""last_update_ts"":1784118748.0886576,""raw"":[17418,15285,17709]},""ring"":{""age_s"":0.009145498275756836,""channels"":3,""force"":[0.27976471414261894,0.23812040537999835],""has_data"":true,""last_update_ts"":1784118748.0886576,""raw"":[15780,16362,15642]},""thumb"":{""age_s"":0.009145498275756836,""channels"":3,""force"":[0.0,-2.220446049250313e-16],""has_data"":true,""last_update_ts"":1784118748.0886576,""raw"":[0,0,0]}}","{""ble"":{""connection_state"":""connected"",""counter"":991629,""finger_order"":""DexterController.Visualizer"",""last_error"":null,""last_sample_age_s"":0.009168370990664698,""reconnect_count"":0,""sample_hz"":20.0,""sample_sequence"":226,""timestamp_us"":9712895168},""fingers"":{""index"":{""has_data"":true,""last_update_ts"":1784118748.0886576,""mapped"":true},""middle"":{""has_data"":true,""last_update_ts"":1784118748.0886576,""mapped"":true},""pinky"":{""has_data"":true,""last_update_ts"":1784118748.0886576,""mapped"":true},""ring"":{""has_data"":true,""last_update_ts"":1784118748.0886576,""mapped"":true},""thumb"":{""has_data"":true,""last_update_ts"":1784118748.0886576,""mapped"":true}},""ports"":{""available"":[""BLE:Dexter""],""unavailable"":[]}}"
1784118748.147949,1784118748.1478176,228,ble,"{""index"":{""age_s"":0.009158611297607422,""channels"":3,""force"":[2.1962972146350985,2.0984013812099986],""has_data"":true,""last_update_ts"":1784118748.138659,""raw"":[16356,20925,14860]},""middle"":{""age_s"":0.009158611297607422,""channels"":3,""force"":[-0.4850216435908976,-5.818408273650003],""has_data"":true,""last_update_ts"":1784118748.138659,""raw"":[12921,11912,22899]},""pinky"":{""age_s"":0.009158611297607422,""channels"":3,""force"":[-1.0214776933901462,-0.7529378319300033],""has_data"":true,""last_update_ts"":1784118748.138659,""raw"":[17411,15286,17705]},""ring"":{""age_s"":0.009158611297607422,""channels"":3,""force"":[0.27543845567649505,0.24505864562999946],""has_data"":true,""last_update_ts"":1784118748.138659,""raw"":[15794,16367,15639]},""thumb"":{""age_s"":0.009158611297607422,""channels"":3,""force"":[0.0,-2.220446049250313e-16],""has_data"":true,""last_update_ts"":1784118748.138659,""raw"":[0,0,0]}}","{""ble"":{""connection_state"":""connected"",""counter"":991635,""finger_order"":""DexterController.Visualizer"",""last_error"":null,""last_sample_age_s"":0.009183019996271469,""reconnect_count"":0,""sample_hz"":20.0,""sample_sequence"":227,""timestamp_us"":9712951552},""fingers"":{""index"":{""has_data"":true,""last_update_ts"":1784118748.138659,""mapped"":true},""middle"":{""has_data"":true,""last_update_ts"":1784118748.138659,""mapped"":true},""pinky"":{""has_data"":true,""last_update_ts"":1784118748.138659,""mapped"":true},""ring"":{""has_data"":true,""last_update_ts"":1784118748.138659,""mapped"":true},""thumb"":{""has_data"":true,""last_update_ts"":1784118748.138659,""mapped"":true}},""ports"":{""available"":[""BLE:Dexter""],""unavailable"":[]}}"
1784118748.1979322,1784118748.1978166,229,ble,"{""index"":{""age_s"":0.00915837287902832,""channels"":3,""force"":[2.380884242523015,2.6234874033299986],""has_data"":true,""last_update_ts"":1784118748.1886582,""raw"":[16451,21404,14201]},""middle"":{""age_s"":0.00915837287902832,""channels"":3,""force"":[-0.2826488864533676,-6.523611012659999],""has_data"":true,""last_update_ts"":1784118748.1886582,""raw"":[12313,11725,23772]},""pinky"":{""age_s"":0.00915837287902832,""channels"":3,""force"":[-1.0243618657008984,-0.7468321805100029],""has_data"":true,""last_update_ts"":1784118748.1886582,""raw"":[17421,15290,17701]},""ring"":{""age_s"":0.00915837287902832,""channels"":3,""force"":[0.27736123721699535,0.24727888250999808],""has_data"":true,""last_update_ts"":1784118748.1886582,""raw"":[15799,16376,15642]},""thumb"":{""age_s"":0.00915837287902832,""channels"":3,""force"":[0.0,-2.220446049250313e-16],""has_data"":true,""last_update_ts"":1784118748.1886582,""raw"":[0,0,0]}}","{""ble"":{""connection_state"":""connected"",""counter"":991640,""finger_order"":""DexterController.Visualizer"",""last_error"":null,""last_sample_age_s"":0.009181308007100597,""reconnect_count"":0,""sample_hz"":20.0,""sample_sequence"":228,""timestamp_us"":9712998816},""fingers"":{""index"":{""has_data"":true,""last_update_ts"":1784118748.1886582,""mapped"":true},""middle"":{""has_data"":true,""last_update_ts"":1784118748.1886582,""mapped"":true},""pinky"":{""has_data"":true,""last_update_ts"":1784118748.1886582,""mapped"":true},""ring"":{""has_data"":true,""last_update_ts"":1784118748.1886582,""mapped"":true},""thumb"":{""has_data"":true,""last_update_ts"":1784118748.1886582,""mapped"":true}},""ports"":{""available"":[""BLE:Dexter""],""unavailable"":[]}}"
1784118748.2479146,1784118748.2478065,230,ble,"{""index"":{""age_s"":0.009148597717285156,""channels"":3,""force"":[2.413090833326372,2.936263273799998],""has_data"":true,""last_update_ts"":1784118748.238658,""raw"":[16589,21609,13809]},""middle"":{""age_s"":0.009148597717285156,""channels"":3,""force"":[-0.2566913356566305,-6.85331618934],""has_data"":true,""last_update_ts"":1784118748.238658,""raw"":[12101,11567,24181]},""pinky"":{""age_s"":0.009148597717285156,""channels"":3,""force"":[-1.0267653426265202,-0.746554650900003],""has_data"":true,""last_update_ts"":1784118748.238658,""raw"":[17424,15288,17701]},""ring"":{""age_s"":0.009148597717285156,""channels"":3,""force"":[0.27495776029137176,0.25366206353999665],""has_data"":true,""last_update_ts"":1784118748.238658,""raw"":[15798,16370,15627]},""thumb"":{""age_s"":0.009148597717285156,""channels"":3,""force"":[0.0,-2.220446049250313e-16],""has_data"":true,""last_update_ts"":1784118748.238658,""raw"":[0,0,0]}}","{""ble"":{""connection_state"":""connected"",""counter"":991645,""finger_order"":""DexterController.Visualizer"",""last_error"":null,""last_sample_age_s"":0.00917089699942153,""reconnect_count"":0,""sample_hz"":20.0,""sample_sequence"":229,""timestamp_us"":9713045824},""fingers"":{""index"":{""has_data"":true,""last_update_ts"":1784118748.238658,""mapped"":true},""middle"":{""has_data"":true,""last_update_ts"":1784118748.238658,""mapped"":true},""pinky"":{""has_data"":true,""last_update_ts"":1784118748.238658,""mapped"":true},""ring"":{""has_data"":true,""last_update_ts"":1784118748.238658,""mapped"":true},""thumb"":{""has_data"":true,""last_update_ts"":1784118748.238658,""mapped"":true}},""ports"":{""available"":[""BLE:Dexter""],""unavailable"":[]}}"
1784118748.2979097,1784118748.2978046,231,ble,"{""index"":{""age_s"":0.009146690368652344,""channels"":3,""force"":[2.3688668578948935,2.909620431239998],""has_data"":true,""last_update_ts"":1784118748.288658,""raw"":[16603,21531,13825]},""middle"":{""age_s"":0.009146690368652344,""channels"":3,""force"":[-0.3302377295807206,-6.702062551890001],""has_data"":true,""last_update_ts"":1784118748.288658,""raw"":[12277,11590,24008]},""pinky"":{""age_s"":0.009146690368652344,""channels"":3,""force"":[-1.026765342626522,-0.74766476934],""has_data"":true,""last_update_ts"":1784118748.288658,""raw"":[17420,15284,17699]},""ring"":{""age_s"":0.009146690368652344,""channels"":3,""force"":[0.27303497875087324,0.2542171227599974],""has_data"":true,""last_update_ts"":1784118748.288658,""raw"":[15802,16370,15628]},""thumb"":{""age_s"":0.009146690368652344,""channels"":3,""force"":[0.0,-2.220446049250313e-16],""has_data"":true,""last_update_ts"":1784118748.288658,""raw"":[0,0,0]}}","{""ble"":{""connection_state"":""connected"",""counter"":991650,""finger_order"":""DexterController.Visualizer"",""last_error"":null,""last_sample_age_s"":0.009170174991595559,""reconnect_count"":0,""sample_hz"":20.0,""sample_sequence"":230,""timestamp_us"":9713092960},""fingers"":{""index"":{""has_data"":true,""last_update_ts"":1784118748.288658,""mapped"":true},""middle"":{""has_data"":true,""last_update_ts"":1784118748.288658,""mapped"":true},""pinky"":{""has_data"":true,""last_update_ts"":1784118748.288658,""mapped"":true},""ring"":{""has_data"":true,""last_update_ts"":1784118748.288658,""mapped"":true},""thumb"":{""has_data"":true,""last_update_ts"":1784118748.288658,""mapped"":true}},""ports"":{""available"":[""BLE:Dexter""],""unavailable"":[]}}"
1784118748.34795,1784118748.3478296,232,ble,"{""index"":{""age_s"":0.009171485900878906,""channels"":3,""force"":[2.2342721500599563,2.2513201963199982],""has_data"":true,""last_update_ts"":1784118748.338658,""raw"":[16363,21011,14631]},""middle"":{""age_s"":0.009171485900878906,""channels"":3,""force"":[-0.4758884312735283,-5.7692855326800005],""has_data"":true,""last_update_ts"":1784118748.338658,""raw"":[12980,11990,22879]},""pinky"":{""age_s"":0.009171485900878906,""channels"":3,""force"":[-1.020035607234771,-0.7465546509000012],""has_data"":true,""last_update_ts"":1784118748.338658,""raw"":[17415,15293,17699]},""ring"":{""age_s"":0.009171485900878906,""channels"":3,""force"":[0.2773612372169936,0.25005417860999746],""has_data"":true,""last_update_ts"":1784118748.338658,""raw"":[15789,16366,15627]},""thumb"":{""age_s"":0.009171485900878906,""channels"":3,""force"":[0.0,-2.220446049250313e-16],""has_data"":true,""last_update_ts"":1784118748.338658,""raw"":[0,0,0]}}","{""ble"":{""connection_state"":""connected"",""counter"":991656,""finger_order"":""DexterController.Visualizer"",""last_error"":null,""last_sample_age_s"":0.009198911997373216,""reconnect_count"":0,""sample_hz"":20.0,""sample_sequence"":231,""timestamp_us"":9713149440},""fingers"":{""index"":{""has_data"":true,""last_update_ts"":1784118748.338658,""mapped"":true},""middle"":{""has_data"":true,""last_update_ts"":1784118748.338658,""mapped"":true},""pinky"":{""has_data"":true,""last_update_ts"":1784118748.338658,""mapped"":true},""ring"":{""has_data"":true,""last_update_ts"":1784118748.338658,""mapped"":true},""thumb"":{""has_data"":true,""last_update_ts"":1784118748.338658,""mapped"":true}},""ports"":{""available"":[""BLE:Dexter""],""unavailable"":[]}}"
1784118748.397951,1784118748.397829,233,ble,"{""index"":{""age_s"":0.009171247482299805,""channels"":3,""force"":[1.8376984573320154,0.43155854354999956],""has_data"":true,""last_update_ts"":1784118748.3886578,""raw"":[15665,19488,16799]},""middle"":{""age_s"":0.009171247482299805,""channels"":3,""force"":[-0.9868676256611639,-3.567088077330002],""has_data"":true,""last_update_ts"":1784118748.3886578,""raw"":[14825,12772,20225]},""pinky"":{""age_s"":0.009171247482299805,""channels"":3,""force"":[-1.0248425610860217,-0.7415591179200005],""has_data"":true,""last_update_ts"":1784118748.3886578,""raw"":[17422,15290,17692]},""ring"":{""age_s"":0.009171247482299805,""channels"":3,""force"":[0.28120680029799416,0.2578250076899966],""has_data"":true,""last_update_ts"":1784118748.3886578,""raw"":[15792,16377,15620]},""thumb"":{""age_s"":0.009171247482299805,""channels"":3,""force"":[0.0,-2.220446049250313e-16],""has_data"":true,""last_update_ts"":1784118748.3886578,""raw"":[0,0,0]}}","{""ble"":{""connection_state"":""connected"",""counter"":991661,""finger_order"":""DexterController.Visualizer"",""last_error"":null,""last_sample_age_s"":0.009198480998747982,""reconnect_count"":0,""sample_hz"":20.0,""sample_sequence"":232,""timestamp_us"":9713196512},""fingers"":{""index"":{""has_data"":true,""last_update_ts"":1784118748.3886578,""mapped"":true},""middle"":{""has_data"":true,""last_update_ts"":1784118748.3886578,""mapped"":true},""pinky"":{""has_data"":true,""last_update_ts"":1784118748.3886578,""mapped"":true},""ring"":{""has_data"":true,""last_update_ts"":1784118748.3886578,""mapped"":true},""thumb"":{""has_data"":true,""last_update_ts"":1784118748.3886578,""mapped"":true}},""ports"":{""available"":[""BLE:Dexter""],""unavailable"":[]}}"
1784118748.447959,1784118748.4478295,234,ble,"{""index"":{""age_s"":0.009160995483398438,""channels"":3,""force"":[1.4589104938536934,-2.0390100446700004],""has_data"":true,""last_update_ts"":1784118748.4386685,""raw"":[14545,17580,19736]},""middle"":{""age_s"":0.009160995483398438,""channels"":3,""force"":[-1.2204855828318042,-1.9096812464100017],""has_data"":true,""last_update_ts"":1784118748.4386685,""raw"":[16076,13537,18247]},""pinky"":{""age_s"":0.009160995483398438,""channels"":3,""force"":[-1.0234004749306465,-0.7540479503700022],""has_data"":true,""last_update_ts"":1784118748.4386685,""raw"":[17416,15287,17710]},""ring"":{""age_s"":0.009160995483398438,""channels"":3,""force"":[0.27447706490624846,0.25060923782999733],""has_data"":true,""last_update_ts"":1784118748.4386685,""raw"":[15794,16365,15628]},""thumb"":{""age_s"":0.009160995483398438,""channels"":3,""force"":[0.0,-2.220446049250313e-16],""has_data"":true,""last_update_ts"":1784118748.4386685,""raw"":[0,0,0]}}","{""ble"":{""connection_state"":""connected"",""counter"":991666,""finger_order"":""DexterController.Visualizer"",""last_error"":null,""last_sample_age_s"":0.009188862008159049,""reconnect_count"":0,""sample_hz"":20.0,""sample_sequence"":233,""timestamp_us"":9713243488},""fingers"":{""index"":{""has_data"":true,""last_update_ts"":1784118748.4386685,""mapped"":true},""middle"":{""has_data"":true,""last_update_ts"":1784118748.4386685,""mapped"":true},""pinky"":{""has_data"":true,""last_update_ts"":1784118748.4386685,""mapped"":true},""ring"":{""has_data"":true,""last_update_ts"":1784118748.4386685,""mapped"":true},""thumb"":{""has_data"":true,""last_update_ts"":1784118748.4386685,""mapped"":true}},""ports"":{""available"":[""BLE:Dexter""],""unavailable"":[]}}"
1784118748.4979775,1784118748.4978466,235,ble,"{""index"":{""age_s"":0.009186983108520508,""channels"":3,""force"":[1.0834873980712452,-3.8965157243999995],""has_data"":true,""last_update_ts"":1784118748.4886596,""raw"":[13810,16064,21957]},""middle"":{""age_s"":0.009186983108520508,""channels"":3,""force"":[-1.2728813798104053,-0.45237326430000024],""has_data"":true,""last_update_ts"":1784118748.4886596,""raw"":[16991,14343,16482]},""pinky"":{""age_s"":0.009186983108520508,""channels"":3,""force"":[-1.0267653426265202,-0.739338881040001],""has_data"":true,""last_update_ts"":1784118748.4886596,""raw"":[17426,15290,17690]},""ring"":{""age_s"":0.009186983108520508,""channels"":3,""force"":[0.27928401875749387,0.2633755998899998],""has_data"":true,""last_update_ts"":1784118748.4886596,""raw"":[15794,16375,15610]},""thumb"":{""age_s"":0.009186983108520508,""channels"":3,""force"":[0.0,-2.220446049250313e-16],""has_data"":true,""last_update_ts"":1784118748.4886596,""raw"":[0,0,0]}}","{""ble"":{""connection_state"":""connected"",""counter"":991672,""finger_order"":""DexterController.Visualizer"",""last_error"":null,""last_sample_age_s"":0.009210395000991412,""reconnect_count"":0,""sample_hz"":20.0,""sample_sequence"":234,""timestamp_us"":9713300000},""fingers"":{""index"":{""has_data"":true,""last_update_ts"":1784118748.4886596,""mapped"":true},""middle"":{""has_data"":true,""last_update_ts"":1784118748.4886596,""mapped"":true},""pinky"":{""has_data"":true,""last_update_ts"":1784118748.4886596,""mapped"":true},""ring"":{""has_data"":true,""last_update_ts"":1784118748.4886596,""mapped"":true},""thumb"":{""has_data"":true,""last_update_ts"":1784118748.4886596,""mapped"":true}},""ports"":{""available"":[""BLE:Dexter""],""unavailable"":[]}}"
1784118748.547956,1784118748.547824,236,ble,"{""index"":{""age_s"":0.00916433334350586,""channels"":3,""force"":[0.8532343085964778,-4.9225426925699995],""has_data"":true,""last_update_ts"":1784118748.5386596,""raw"":[13475,15250,23231]},""middle"":{""age_s"":0.00916433334350586,""channels"":3,""force"":[-1.3550802906667414,0.3638413187099969],""has_data"":true,""last_update_ts"":1784118748.5386596,""raw"":[17510,14691,15445]},""pinky"":{""age_s"":0.00916433334350586,""channels"":3,""force"":[-1.0229197795455232,-0.7459995916800031],""has_data"":true,""last_update_ts"":1784118748.5386596,""raw"":[17421,15293,17701]},""ring"":{""age_s"":0.00916433334350586,""channels"":3,""force"":[0.2687087202847511,0.2522744154899961],""has_data"":true,""last_update_ts"":1784118748.5386596,""raw"":[15803,16362,15628]},""thumb"":{""age_s"":0.00916433334350586,""channels"":3,""force"":[0.0,-2.220446049250313e-16],""has_data"":true,""last_update_ts"":1784118748.5386596,""raw"":[0,0,0]}}","{""ble"":{""connection_state"":""connected"",""counter"":991677,""finger_order"":""DexterController.Visualizer"",""last_error"":null,""last_sample_age_s"":0.009188551004626788,""reconnect_count"":0,""sample_hz"":20.0,""sample_sequence"":235,""timestamp_us"":9713346912},""fingers"":{""index"":{""has_data"":true,""last_update_ts"":1784118748.5386596,""mapped"":true},""middle"":{""has_data"":true,""last_update_ts"":1784118748.5386596,""mapped"":true},""pinky"":{""has_data"":true,""last_update_ts"":1784118748.5386596,""mapped"":true},""ring"":{""has_data"":true,""last_update_ts"":1784118748.5386596,""mapped"":true},""thumb"":{""has_data"":true,""last_update_ts"":1784118748.5386596,""mapped"":true}},""ports"":{""available"":[""BLE:Dexter""],""unavailable"":[]}}"
1784118748.597948,1784118748.5978158,237,ble,"{""index"":{""age_s"":0.009156227111816406,""channels"":3,""force"":[0.6556685053101932,-5.481764856720001],""has_data"":true,""last_update_ts"":1784118748.5886595,""raw"":[13367,14731,23925]},""middle"":{""age_s"":0.009156227111816406,""channels"":3,""force"":[-1.4497772815363241,0.697154380319998],""has_data"":true,""last_update_ts"":1784118748.5886595,""raw"":[17795,14779,15031]},""pinky"":{""age_s"":0.009156227111816406,""channels"":3,""force"":[-1.020996998005021,-0.7454445324600014],""has_data"":true,""last_update_ts"":1784118748.5886595,""raw"":[17423,15299,17704]},""ring"":{""age_s"":0.009156227111816406,""channels"":3,""force"":[0.27303497875087146,0.24811147133999878],""has_data"":true,""last_update_ts"":1784118748.5886595,""raw"":[15797,16365,15634]},""thumb"":{""age_s"":0.009156227111816406,""channels"":3,""force"":[0.0,-2.220446049250313e-16],""has_data"":true,""last_update_ts"":1784118748.5886595,""raw"":[0,0,0]}}","{""ble"":{""connection_state"":""connected"",""counter"":991682,""finger_order"":""DexterController.Visualizer"",""last_error"":null,""last_sample_age_s"":0.009180405002553016,""reconnect_count"":0,""sample_hz"":20.0,""sample_sequence"":236,""timestamp_us"":9713393920},""fingers"":{""index"":{""has_data"":true,""last_update_ts"":1784118748.5886595,""mapped"":true},""middle"":{""has_data"":true,""last_update_ts"":1784118748.5886595,""mapped"":true},""pinky"":{""has_data"":true,""last_update_ts"":1784118748.5886595,""mapped"":true},""ring"":{""has_data"":true,""last_update_ts"":1784118748.5886595,""mapped"":true},""thumb"":{""has_data"":true,""last_update_ts"":1784118748.5886595,""mapped"":true}},""ports"":{""available"":[""BLE:Dexter""],""unavailable"":[]}}"
1784118748.6480598,1784118748.647843,238,ble,"{""index"":{""age_s"":0.009133577346801758,""channels"":3,""force"":[0.6349986037498274,-5.76290235165],""has_data"":true,""last_update_ts"":1784118748.6387093,""raw"":[13224,14545,24267]},""middle"":{""age_s"":0.009133577346801758,""channels"":3,""force"":[-1.4118023461114646,0.8989184067899982],""has_data"":true,""last_update_ts"":1784118748.6387093,""raw"":[17855,14918,14767]},""pinky"":{""age_s"":0.009133577346801758,""channels"":3,""force"":[-1.0243618657008948,-0.7457220620700005],""has_data"":true,""last_update_ts"":1784118748.6387093,""raw"":[17418,15287,17696]},""ring"":{""age_s"":0.009133577346801758,""channels"":3,""force"":[0.27543845567649683,0.24505864563000035],""has_data"":true,""last_update_ts"":1784118748.6387093,""raw"":[15790,16363,15635]},""thumb"":{""age_s"":0.009133577346801758,""channels"":3,""force"":[0.0,-2.220446049250313e-16],""has_data"":true,""last_update_ts"":1784118748.6387093,""raw"":[0,0,0]}}","{""ble"":{""connection_state"":""connected"",""counter"":991688,""finger_order"":""DexterController.Visualizer"",""last_error"":null,""last_sample_age_s"":0.00916948399390094,""reconnect_count"":0,""sample_hz"":20.0,""sample_sequence"":237,""timestamp_us"":9713450336},""fingers"":{""index"":{""has_data"":true,""last_update_ts"":1784118748.6387093,""mapped"":true},""middle"":{""has_data"":true,""last_update_ts"":1784118748.6387093,""mapped"":true},""pinky"":{""has_data"":true,""last_update_ts"":1784118748.6387093,""mapped"":true},""ring"":{""has_data"":true,""last_update_ts"":1784118748.6387093,""mapped"":true},""thumb"":{""has_data"":true,""last_update_ts"":1784118748.6387093,""mapped"":true}},""ports"":{""available"":[""BLE:Dexter""],""unavailable"":[]}}"
1784118748.6979377,1784118748.697816,239,ble,"{""index"":{""age_s"":0.009110450744628906,""channels"":3,""force"":[0.6273074775878333,-5.867253485010001],""has_data"":true,""last_update_ts"":1784118748.6887054,""raw"":[13177,14482,24400]},""middle"":{""age_s"":0.009110450744628906,""channels"":3,""force"":[-1.4113216507263413,0.9613625690399976],""has_data"":true,""last_update_ts"":1784118748.6887054,""raw"":[17889,14953,14689]},""pinky"":{""age_s"":0.009110450744628906,""channels"":3,""force"":[-1.0137865672281503,-0.7446119436300007],""has_data"":true,""last_update_ts"":1784118748.6887054,""raw"":[17408,15299,17695]},""ring"":{""age_s"":0.009110450744628906,""channels"":3,""force"":[0.2836102772236142,0.26143289261999847],""has_data"":true,""last_update_ts"":1784118748.6887054,""raw"":[15789,16379,15613]},""thumb"":{""age_s"":0.009110450744628906,""channels"":3,""force"":[0.0,-2.220446049250313e-16],""has_data"":true,""last_update_ts"":1784118748.6887054,""raw"":[0,0,0]}}","{""ble"":{""connection_state"":""connected"",""counter"":991693,""finger_order"":""DexterController.Visualizer"",""last_error"":null,""last_sample_age_s"":0.009134224004810676,""reconnect_count"":0,""sample_hz"":20.0,""sample_sequence"":238,""timestamp_us"":9713497248},""fingers"":{""index"":{""has_data"":true,""last_update_ts"":1784118748.6887054,""mapped"":true},""middle"":{""has_data"":true,""last_update_ts"":1784118748.6887054,""mapped"":true},""pinky"":{""has_data"":true,""last_update_ts"":1784118748.6887054,""mapped"":true},""ring"":{""has_data"":true,""last_update_ts"":1784118748.6887054,""mapped"":true},""thumb"":{""has_data"":true,""last_update_ts"":1784118748.6887054,""mapped"":true}},""ports"":{""available"":[""BLE:Dexter""],""unavailable"":[]}}"
1784118748.7479765,1784118748.7478304,240,ble,"{""index"":{""age_s"":0.00916910171508789,""channels"":3,""force"":[0.637882776060577,-5.976045092130001],""has_data"":true,""last_update_ts"":1784118748.7386613,""raw"":[13112,14439,24542]},""middle"":{""age_s"":0.00916910171508789,""channels"":3,""force"":[-1.4108409553412145,0.9111297096299973],""has_data"":true,""last_update_ts"":1784118748.7386613,""raw"":[17843,14908,14734]},""pinky"":{""age_s"":0.00916910171508789,""channels"":3,""force"":[-1.0190742164645243,-0.7465546509000012],""has_data"":true,""last_update_ts"":1784118748.7386613,""raw"":[17413,15293,17698]},""ring"":{""age_s"":0.00916910171508789,""channels"":3,""force"":[0.2773612372169936,0.25171935626999975],""has_data"":true,""last_update_ts"":1784118748.7386613,""raw"":[15797,16374,15632]},""thumb"":{""age_s"":0.00916910171508789,""channels"":3,""force"":[0.0,-2.220446049250313e-16],""has_data"":true,""last_update_ts"":1784118748.7386613,""raw"":[0,0,0]}}","{""ble"":{""connection_state"":""connected"",""counter"":991698,""finger_order"":""DexterController.Visualizer"",""last_error"":null,""last_sample_age_s"":0.009196817991323769,""reconnect_count"":0,""sample_hz"":20.0,""sample_sequence"":239,""timestamp_us"":9713544256},""fingers"":{""index"":{""has_data"":true,""last_update_ts"":1784118748.7386613,""mapped"":true},""middle"":{""has_data"":true,""last_update_ts"":1784118748.7386613,""mapped"":true},""pinky"":{""has_data"":true,""last_update_ts"":1784118748.7386613,""mapped"":true},""ring"":{""has_data"":true,""last_update_ts"":1784118748.7386613,""mapped"":true},""thumb"":{""has_data"":true,""last_update_ts"":1784118748.7386613,""mapped"":true}},""ports"":{""available"":[""BLE:Dexter""],""unavailable"":[]}}"
1784118748.7979417,1784118748.797812,241,ble,"{""index"":{""age_s"":0.009151935577392578,""channels"":3,""force"":[0.6739349299449344,-5.468443435440003],""has_data"":true,""last_update_ts"":1784118748.78866,""raw"":[13347,14749,23900]},""middle"":{""age_s"":0.009151935577392578,""channels"":3,""force"":[-1.3382559521873745,0.24922158977999764],""has_data"":true,""last_update_ts"":1784118748.78866,""raw"":[17386,14602,15545]},""pinky"":{""age_s"":0.009151935577392578,""channels"":3,""force"":[-1.0181128256942742,-0.7504400654399994],""has_data"":true,""last_update_ts"":1784118748.78866,""raw"":[17410,15292,17703]},""ring"":{""age_s"":0.009151935577392578,""channels"":3,""force"":[0.2763998464467452,0.25005417860999923],""has_data"":true,""last_update_ts"":1784118748.78866,""raw"":[15793,16368,15630]},""thumb"":{""age_s"":0.009151935577392578,""channels"":3,""force"":[0.0,-2.220446049250313e-16],""has_data"":true,""last_update_ts"":1784118748.78866,""raw"":[0,0,0]}}","{""ble"":{""connection_state"":""connected"",""counter"":991704,""finger_order"":""DexterController.Visualizer"",""last_error"":null,""last_sample_age_s"":0.009175735991448164,""reconnect_count"":0,""sample_hz"":20.0,""sample_sequence"":240,""timestamp_us"":9713600864},""fingers"":{""index"":{""has_data"":true,""last_update_ts"":1784118748.78866,""mapped"":true},""middle"":{""has_data"":true,""last_update_ts"":1784118748.78866,""mapped"":true},""pinky"":{""has_data"":true,""last_update_ts"":1784118748.78866,""mapped"":true},""ring"":{""has_data"":true,""last_update_ts"":1784118748.78866,""mapped"":true},""thumb"":{""has_data"":true,""last_update_ts"":1784118748.78866,""mapped"":true}},""ports"":{""available"":[""BLE:Dexter""],""unavailable"":[]}}"
1784118748.8479142,1784118748.8478072,242,ble,"{""index"":{""age_s"":0.009148120880126953,""channels"":3,""force"":[0.7681512254293921,-4.137411425880002],""has_data"":true,""last_update_ts"":1784118748.838659,""raw"":[13978,15576,22231]},""middle"":{""age_s"":0.009148120880126953,""channels"":3,""force"":[-1.0911785242332401,-1.0368506229599994],""has_data"":true,""last_update_ts"":1784118748.838659,""raw"":[16226,13956,16959]},""pinky"":{""age_s"":0.009148120880126953,""channels"":3,""force"":[2.0482430360166664,0.6380405733899979],""has_data"":true,""last_update_ts"":1784118748.838659,""raw"":[16287,20548,17268]},""ring"":{""age_s"":0.009148120880126953,""channels"":3,""force"":[0.2893786218451133,0.8830992190199973],""has_data"":true,""last_update_ts"":1784118748.838659,""raw"":[15748,16350,14458]},""thumb"":{""age_s"":0.009148120880126953,""channels"":3,""force"":[0.0,-2.220446049250313e-16],""has_data"":true,""last_update_ts"":1784118748.838659,""raw"":[0,0,0]}}","{""ble"":{""connection_state"":""connected"",""counter"":991709,""finger_order"":""DexterController.Visualizer"",""last_error"":null,""last_sample_age_s"":0.009171156998490915,""reconnect_count"":0,""sample_hz"":20.0,""sample_sequence"":241,""timestamp_us"":9713647744},""fingers"":{""index"":{""has_data"":true,""last_update_ts"":1784118748.838659,""mapped"":true},""middle"":{""has_data"":true,""last_update_ts"":1784118748.838659,""mapped"":true},""pinky"":{""has_data"":true,""last_update_ts"":1784118748.838659,""mapped"":true},""ring"":{""has_data"":true,""last_update_ts"":1784118748.838659,""mapped"":true},""thumb"":{""has_data"":true,""last_update_ts"":1784118748.838659,""mapped"":true}},""ports"":{""available"":[""BLE:Dexter""],""unavailable"":[]}}"
1784118748.8979173,1784118748.8978078,243,ble,"{""index"":{""age_s"":0.009148120880126953,""channels"":3,""force"":[0.904668714804826,-1.7112475752600025],""has_data"":true,""last_update_ts"":1784118748.8886597,""raw"":[15275,17157,19299]},""middle"":{""age_s"":0.009148120880126953,""channels"":3,""force"":[-0.8243925854889902,-2.696200161150002],""has_data"":true,""last_update_ts"":1784118748.8886597,""raw"":[15143,13428,19143]},""pinky"":{""age_s"":0.009148120880126953,""channels"":3,""force"":[-1.0248425610860235,-0.7498850062200004],""has_data"":true,""last_update_ts"":1784118748.8886597,""raw"":[17417,15285,17702]},""ring"":{""age_s"":0.009148120880126953,""channels"":3,""force"":[0.2773612372169936,0.2467238232899982],""has_data"":true,""last_update_ts"":1784118748.8886597,""raw"":[15789,16366,15633]},""thumb"":{""age_s"":0.009148120880126953,""channels"":3,""force"":[0.0,-2.220446049250313e-16],""has_data"":true,""last_update_ts"":1784118748.8886597,""raw"":[0,0,0]}}","{""ble"":{""connection_state"":""connected"",""counter"":991714,""finger_order"":""DexterController.Visualizer"",""last_error"":null,""last_sample_age_s"":0.009171337995212525,""reconnect_count"":0,""sample_hz"":20.0,""sample_sequence"":242,""timestamp_us"":9713694624},""fingers"":{""index"":{""has_data"":true,""last_update_ts"":1784118748.8886597,""mapped"":true},""middle"":{""has_data"":true,""last_update_ts"":1784118748.8886597,""mapped"":true},""pinky"":{""has_data"":true,""last_update_ts"":1784118748.8886597,""mapped"":true},""ring"":{""has_data"":true,""last_update_ts"":1784118748.8886597,""mapped"":true},""thumb"":{""has_data"":true,""last_update_ts"":1784118748.8886597,""mapped"":true}},""ports"":{""available"":[""BLE:Dexter""],""unavailable"":[]}}"
1784118748.9479353,1784118748.947808,244,ble,"{""index"":{""age_s"":0.009147167205810547,""channels"":3,""force"":[1.3565223768221149,-0.1687380028800014],""has_data"":true,""last_update_ts"":1784118748.9386609,""raw"":[15732,18554,17447]},""middle"":{""age_s"":0.009147167205810547,""channels"":3,""force"":[-0.7945894716112551,-3.681985335870003],""has_data"":true,""last_update_ts"":1784118748.9386609,""raw"":[14542,12889,20349]},""pinky"":{""age_s"":0.009147167205810547,""channels"":3,""force"":[-1.0176321303091491,-0.7440568844100035],""has_data"":true,""last_update_ts"":1784118748.9386609,""raw"":[17411,15294,17693]},""ring"":{""age_s"":0.009147167205810547,""channels"":3,""force"":[0.2850523633789912,0.26115536300999764],""has_data"":true,""last_update_ts"":1784118748.9386609,""raw"":[15793,16386,15619]},""thumb"":{""age_s"":0.009147167205810547,""channels"":3,""force"":[0.0,-2.220446049250313e-16],""has_data"":true,""last_update_ts"":1784118748.9386609,""raw"":[0,0,0]}}","{""ble"":{""connection_state"":""connected"",""counter"":991720,""finger_order"":""DexterController.Visualizer"",""last_error"":null,""last_sample_age_s"":0.009171808997052722,""reconnect_count"":0,""sample_hz"":20.0,""sample_sequence"":243,""timestamp_us"":9713751104},""fingers"":{""index"":{""has_data"":true,""last_update_ts"":1784118748.9386609,""mapped"":true},""middle"":{""has_data"":true,""last_update_ts"":1784118748.9386609,""mapped"":true},""pinky"":{""has_data"":true,""last_update_ts"":1784118748.9386609,""mapped"":true},""ring"":{""has_data"":true,""last_update_ts"":1784118748.9386609,""mapped"":true},""thumb"":{""has_data"":true,""last_update_ts"":1784118748.9386609,""mapped"":true}},""ports"":{""available"":[""BLE:Dexter""],""unavailable"":[]}}"
1784118748.997939,1784118748.997807,245,ble,"{""index"":{""age_s"":0.009146451950073242,""channels"":3,""force"":[1.5709125185877646,0.907521824699999],""has_data"":true,""last_update_ts"":1784118748.9886606,""raw"":[16167,19435,16166]},""middle"":{""age_s"":0.009146451950073242,""channels"":3,""force"":[-0.5561645605893641,-4.6716559251300005],""has_data"":true,""last_update_ts"":1784118748.9886606,""raw"":[13701,12544,21539]},""pinky"":{""age_s"":0.009146451950073242,""channels"":3,""force"":[-1.0157093487686506,-0.7412815883100023],""has_data"":true,""last_update_ts"":1784118748.9886606,""raw"":[17415,15302,17694]},""ring"":{""age_s"":0.009146451950073242,""channels"":3,""force"":[0.28216819106824254,0.2556047708099971],""has_data"":true,""last_update_ts"":1784118748.9886606,""raw"":[15788,16375,15621]},""thumb"":{""age_s"":0.009146451950073242,""channels"":3,""force"":[0.0,-2.220446049250313e-16],""has_data"":true,""last_update_ts"":1784118748.9886606,""raw"":[0,0,0]}}","{""ble"":{""connection_state"":""connected"",""counter"":991725,""finger_order"":""DexterController.Visualizer"",""last_error"":null,""last_sample_age_s"":0.009169232987915166,""reconnect_count"":0,""sample_hz"":20.0,""sample_sequence"":244,""timestamp_us"":9713798144},""fingers"":{""index"":{""has_data"":true,""last_update_ts"":1784118748.9886606,""mapped"":true},""middle"":{""has_data"":true,""last_update_ts"":1784118748.9886606,""mapped"":true},""pinky"":{""has_data"":true,""last_update_ts"":1784118748.9886606,""mapped"":true},""ring"":{""has_data"":true,""last_update_ts"":1784118748.9886606,""mapped"":true},""thumb"":{""has_data"":true,""last_update_ts"":1784118748.9886606,""mapped"":true}},""ports"":{""available"":[""BLE:Dexter""],""unavailable"":[]}}"
1784118749.0479136,1784118749.0477974,246,ble,"{""index"":{""age_s"":0.009136676788330078,""channels"":3,""force"":[1.7824184880426692,1.807827879539997],""has_data"":true,""last_update_ts"":1784118749.0386608,""raw"":[16502,20210,15099]},""middle"":{""age_s"":0.009136676788330078,""channels"":3,""force"":[-0.3504269357559613,-5.5553102033699995],""has_data"":true,""last_update_ts"":1784118749.0386608,""raw"":[12956,12227,22600]},""pinky"":{""age_s"":0.009136676788330078,""channels"":3,""force"":[-1.0262846472413933,-0.7568232464700015],""has_data"":true,""last_update_ts"":1784118749.0386608,""raw"":[17415,15280,17711]},""ring"":{""age_s"":0.009136676788330078,""channels"":3,""force"":[0.2778419326021204,0.2519968858799988],""has_data"":true,""last_update_ts"":1784118749.0386608,""raw"":[15790,16368,15625]},""thumb"":{""age_s"":0.009136676788330078,""channels"":3,""force"":[0.0,-2.220446049250313e-16],""has_data"":true,""last_update_ts"":1784118749.0386608,""raw"":[0,0,0]}}","{""ble"":{""connection_state"":""connected"",""counter"":991730,""finger_order"":""DexterController.Visualizer"",""last_error"":null,""last_sample_age_s"":0.009157119013252668,""reconnect_count"":0,""sample_hz"":20.0,""sample_sequence"":245,""timestamp_us"":9713845088},""fingers"":{""index"":{""has_data"":true,""last_update_ts"":1784118749.0386608,""mapped"":true},""middle"":{""has_data"":true,""last_update_ts"":1784118749.0386608,""mapped"":true},""pinky"":{""has_data"":true,""last_update_ts"":1784118749.0386608,""mapped"":true},""ring"":{""has_data"":true,""last_update_ts"":1784118749.0386608,""mapped"":true},""thumb"":{""has_data"":true,""last_update_ts"":1784118749.0386608,""mapped"":true}},""ports"":{""available"":[""BLE:Dexter""],""unavailable"":[]}}"
1784118749.09794,1784118749.0978088,247,ble,"{""index"":{""age_s"":0.009148120880126953,""channels"":3,""force"":[1.8775961742973735,2.3590016849999964],""has_data"":true,""last_update_ts"":1784118749.0886607,""raw"":[16748,20654,14451]},""middle"":{""age_s"":0.009148120880126953,""channels"":3,""force"":[-0.04758884312735212,-6.5644078653300015],""has_data"":true,""last_update_ts"":1784118749.0886607,""raw"":[12017,11918,23794]},""pinky"":{""age_s"":0.009148120880126953,""channels"":3,""force"":[-1.0214776933901462,-0.7534928911500014],""has_data"":true,""last_update_ts"":1784118749.0886607,""raw"":[17411,15286,17706]},""ring"":{""age_s"":0.009148120880126953,""channels"":3,""force"":[0.2763998464467452,0.25227441548999874],""has_data"":true,""last_update_ts"":1784118749.0886607,""raw"":[15793,16368,15626]},""thumb"":{""age_s"":0.009148120880126953,""channels"":3,""force"":[0.0,-2.220446049250313e-16],""has_data"":true,""last_update_ts"":1784118749.0886607,""raw"":[0,0,0]}}","{""ble"":{""connection_state"":""connected"",""counter"":991736,""finger_order"":""DexterController.Visualizer"",""last_error"":null,""last_sample_age_s"":0.009170726989395916,""reconnect_count"":0,""sample_hz"":20.0,""sample_sequence"":246,""timestamp_us"":9713901376},""fingers"":{""index"":{""has_data"":true,""last_update_ts"":1784118749.0886607,""mapped"":true},""middle"":{""has_data"":true,""last_update_ts"":1784118749.0886607,""mapped"":true},""pinky"":{""has_data"":true,""last_update_ts"":1784118749.0886607,""mapped"":true},""ring"":{""has_data"":true,""last_update_ts"":1784118749.0886607,""mapped"":true},""thumb"":{""has_data"":true,""last_update_ts"":1784118749.0886607,""mapped"":true}},""ports"":{""available"":[""BLE:Dexter""],""unavailable"":[]}}"
1784118749.1479247,1784118749.1478047,248,ble,"{""index"":{""age_s"":0.009144306182861328,""channels"":3,""force"":[1.9727738605520795,2.6470774201799987],""has_data"":true,""last_update_ts"":1784118749.1386604,""raw"":[16850,20954,14133]},""middle"":{""age_s"":0.009144306182861328,""channels"":3,""force"":[0.06393248622159398,-7.078947762270001],""has_data"":true,""last_update_ts"":1784118749.1386604,""raw"":[11590,11723,24410]},""pinky"":{""age_s"":0.009144306182861328,""channels"":3,""force"":[-1.017632130309151,-0.7457220620700014],""has_data"":true,""last_update_ts"":1784118749.1386604,""raw"":[17413,15296,17698]},""ring"":{""age_s"":0.009144306182861328,""channels"":3,""force"":[0.2888979264599918,0.25949018534999624],""has_data"":true,""last_update_ts"":1784118749.1386604,""raw"":[15795,16396,15628]},""thumb"":{""age_s"":0.009144306182861328,""channels"":3,""force"":[0.0,-2.220446049250313e-16],""has_data"":true,""last_update_ts"":1784118749.1386604,""raw"":[0,0,0]}}","{""ble"":{""connection_state"":""connected"",""counter"":991741,""finger_order"":""DexterController.Visualizer"",""last_error"":null,""last_sample_age_s"":0.009167069991235621,""reconnect_count"":0,""sample_hz"":20.0,""sample_sequence"":247,""timestamp_us"":9713948512},""fingers"":{""index"":{""has_data"":true,""last_update_ts"":1784118749.1386604,""mapped"":true},""middle"":{""has_data"":true,""last_update_ts"":1784118749.1386604,""mapped"":true},""pinky"":{""has_data"":true,""last_update_ts"":1784118749.1386604,""mapped"":true},""ring"":{""has_data"":true,""last_update_ts"":1784118749.1386604,""mapped"":true},""thumb"":{""has_data"":true,""last_update_ts"":1784118749.1386604,""mapped"":true}},""ports"":{""available"":[""BLE:Dexter""],""unavailable"":[]}}"
1784118749.1979623,1784118749.19782,249,ble,"{""index"":{""age_s"":0.009160041809082031,""channels"":3,""force"":[1.9271077989652259,2.7716882150699993],""has_data"":true,""last_update_ts"":1784118749.18866,""raw"":[17011,21020,14022]},""middle"":{""age_s"":0.009160041809082031,""channels"":3,""force"":[-0.08171821547121194,-6.526386308760001],""has_data"":true,""last_update_ts"":1784118749.18866,""raw"":[12026,11856,23699]},""pinky"":{""age_s"":0.009160041809082031,""channels"":3,""force"":[-1.0238811703157733,-0.747109710120001],""has_data"":true,""last_update_ts"":1784118749.18866,""raw"":[17417,15287,17698]},""ring"":{""age_s"":0.009160041809082031,""channels"":3,""force"":[0.2744770649062467,0.24838900094999783],""has_data"":true,""last_update_ts"":1784118749.18866,""raw"":[15798,16369,15636]},""thumb"":{""age_s"":0.009160041809082031,""channels"":3,""force"":[0.0,-2.220446049250313e-16],""has_data"":true,""last_update_ts"":1784118749.18866,""raw"":[0,0,0]}}","{""ble"":{""connection_state"":""connected"",""counter"":991746,""finger_order"":""DexterController.Visualizer"",""last_error"":null,""last_sample_age_s"":0.009186497001792304,""reconnect_count"":0,""sample_hz"":20.0,""sample_sequence"":248,""timestamp_us"":9713995488},""fingers"":{""index"":{""has_data"":true,""last_update_ts"":1784118749.18866,""mapped"":true},""middle"":{""has_data"":true,""last_update_ts"":1784118749.18866,""mapped"":true},""pinky"":{""has_data"":true,""last_update_ts"":1784118749.18866,""mapped"":true},""ring"":{""has_data"":true,""last_update_ts"":1784118749.18866,""mapped"":true},""thumb"":{""has_data"":true,""last_update_ts"":1784118749.18866,""mapped"":true}},""ports"":{""available"":[""BLE:Dexter""],""unavailable"":[]}}"
1784118749.2479787,1784118749.2478306,250,ble,"{""index"":{""age_s"":0.009170770645141602,""channels"":3,""force"":[1.9261464081949757,2.60184009375],""has_data"":true,""last_update_ts"":1784118749.2386599,""raw"":[16965,20972,14281]},""middle"":{""age_s"":0.009170770645141602,""channels"":3,""force"":[-0.1499769601589307,-6.286600725720001],""has_data"":true,""last_update_ts"":1784118749.2386599,""raw"":[12235,11923,23405]},""pinky"":{""age_s"":0.009170770645141602,""channels"":3,""force"":[-1.017632130309151,-0.750162535830003],""has_data"":true,""last_update_ts"":1784118749.2386599,""raw"":[17412,15295,17705]},""ring"":{""age_s"":0.009170770645141602,""channels"":3,""force"":[0.27351567413600186,0.25060923782999733],""has_data"":true,""last_update_ts"":1784118749.2386599,""raw"":[15795,16364,15628]},""thumb"":{""age_s"":0.009170770645141602,""channels"":3,""force"":[0.0,-2.220446049250313e-16],""has_data"":true,""last_update_ts"":1784118749.2386599,""raw"":[0,0,0]}}","{""ble"":{""connection_state"":""connected"",""counter"":991751,""finger_order"":""DexterController.Visualizer"",""last_error"":null,""last_sample_age_s"":0.009198592000757344,""reconnect_count"":0,""sample_hz"":20.0,""sample_sequence"":249,""timestamp_us"":9714042496},""fingers"":{""index"":{""has_data"":true,""last_update_ts"":1784118749.2386599,""mapped"":true},""middle"":{""has_data"":true,""last_update_ts"":1784118749.2386599,""mapped"":true},""pinky"":{""has_data"":true,""last_update_ts"":1784118749.2386599,""mapped"":true},""ring"":{""has_data"":true,""last_update_ts"":1784118749.2386599,""mapped"":true},""thumb"":{""has_data"":true,""last_update_ts"":1784118749.2386599,""mapped"":true}},""ports"":{""available"":[""BLE:Dexter""],""unavailable"":[]}}"
1784118749.2979808,1784118749.2978308,251,ble,"{""index"":{""age_s"":0.009170055389404297,""channels"":3,""force"":[1.9823877682545756,1.7872906883999988],""has_data"":true,""last_update_ts"":1784118749.2886608,""raw"":[16427,20551,15269]},""middle"":{""age_s"":0.009170055389404297,""channels"":3,""force"":[-0.1523804370845534,-5.631908375730002],""has_data"":true,""last_update_ts"":1784118749.2886608,""raw"":[12620,12303,22608]},""pinky"":{""age_s"":0.009170055389404297,""channels"":3,""force"":[-1.0200356072347745,-0.7410040587000015],""has_data"":true,""last_update_ts"":1784118749.2886608,""raw"":[17416,15294,17690]},""ring"":{""age_s"":0.009170055389404297,""channels"":3,""force"":[0.2821681910682461,0.260045244569997],""has_data"":true,""last_update_ts"":1784118749.2886608,""raw"":[15791,16378,15616]},""thumb"":{""age_s"":0.009170055389404297,""channels"":3,""force"":[0.0,-2.220446049250313e-16],""has_data"":true,""last_update_ts"":1784118749.2886608,""raw"":[0,0,0]}}","{""ble"":{""connection_state"":""connected"",""counter"":991757,""finger_order"":""DexterController.Visualizer"",""last_error"":null,""last_sample_age_s"":0.009197920007864013,""reconnect_count"":0,""sample_hz"":20.0,""sample_sequence"":250,""timestamp_us"":9714099008},""fingers"":{""index"":{""has_data"":true,""last_update_ts"":1784118749.2886608,""mapped"":true},""middle"":{""has_data"":true,""last_update_ts"":1784118749.2886608,""mapped"":true},""pinky"":{""has_data"":true,""last_update_ts"":1784118749.2886608,""mapped"":true},""ring"":{""has_data"":true,""last_update_ts"":1784118749.2886608,""mapped"":true},""thumb"":{""has_data"":true,""last_update_ts"":1784118749.2886608,""mapped"":true}},""ports"":{""available"":[""BLE:Dexter""],""unavailable"":[]}}"
1784118749.347981,1784118749.347831,252,ble,"{""index"":{""age_s"":0.009169816970825195,""channels"":3,""force"":[1.9102834604858572,0.9541467991799975],""has_data"":true,""last_update_ts"":1784118749.3386612,""raw"":[16017,19991,16285]},""middle"":{""age_s"":0.009169816970825195,""channels"":3,""force"":[-0.2566913356566296,-5.018290408020003],""has_data"":true,""last_update_ts"":1784118749.3386612,""raw"":[13072,12538,21846]},""pinky"":{""age_s"":0.009169816970825195,""channels"":3,""force"":[-1.0195549118496476,-0.7501625358300021],""has_data"":true,""last_update_ts"":1784118749.3386612,""raw"":[17415,15294,17706]},""ring"":{""age_s"":0.009169816970825195,""channels"":3,""force"":[0.276399846446747,0.24783394172999884],""has_data"":true,""last_update_ts"":1784118749.3386612,""raw"":[15791,16366,15632]},""thumb"":{""age_s"":0.009169816970825195,""channels"":3,""force"":[0.0,-2.220446049250313e-16],""has_data"":true,""last_update_ts"":1784118749.3386612,""raw"":[0,0,0]}}","{""ble"":{""connection_state"":""connected"",""counter"":991762,""finger_order"":""DexterController.Visualizer"",""last_error"":null,""last_sample_age_s"":0.009198069994454272,""reconnect_count"":0,""sample_hz"":20.0,""sample_sequence"":251,""timestamp_us"":9714146016},""fingers"":{""index"":{""has_data"":true,""last_update_ts"":1784118749.3386612,""mapped"":true},""middle"":{""has_data"":true,""last_update_ts"":1784118749.3386612,""mapped"":true},""pinky"":{""has_data"":true,""last_update_ts"":1784118749.3386612,""mapped"":true},""ring"":{""has_data"":true,""last_update_ts"":1784118749.3386612,""mapped"":true},""thumb"":{""has_data"":true,""last_update_ts"":1784118749.3386612,""mapped"":true}},""ports"":{""available"":[""BLE:Dexter""],""unavailable"":[]}}"
1784118749.3979685,1784118749.3978307,253,ble,"{""index"":{""age_s"":0.009170293807983398,""channels"":3,""force"":[1.6819531525515892,-0.4260079513500008],""has_data"":true,""last_update_ts"":1784118749.3886604,""raw"":[15430,18929,17947]},""middle"":{""age_s"":0.009170293807983398,""channels"":3,""force"":[-0.5710661175282326,-3.829353558780001],""has_data"":true,""last_update_ts"":1784118749.3886604,""raw"":[14099,12911,20404]},""pinky"":{""age_s"":0.009170293807983398,""channels"":3,""force"":[-1.0195549118496494,-0.7473872397300019],""has_data"":true,""last_update_ts"":1784118749.3886604,""raw"":[17412,15291,17698]},""ring"":{""age_s"":0.009170293807983398,""channels"":3,""force"":[0.2773612372169936,0.25060923782999645],""has_data"":true,""last_update_ts"":1784118749.3886604,""raw"":[15790,16367,15627]},""thumb"":{""age_s"":0.009170293807983398,""channels"":3,""force"":[0.0,-2.220446049250313e-16],""has_data"":true,""last_update_ts"":1784118749.3886604,""raw"":[0,0,0]}}","{""ble"":{""connection_state"":""connected"",""counter"":991767,""finger_order"":""DexterController.Visualizer"",""last_error"":null,""last_sample_age_s"":0.009197699997457676,""reconnect_count"":0,""sample_hz"":20.0,""sample_sequence"":252,""timestamp_us"":9714192896},""fingers"":{""index"":{""has_data"":true,""last_update_ts"":1784118749.3886604,""mapped"":true},""middle"":{""has_data"":true,""last_update_ts"":1784118749.3886604,""mapped"":true},""pinky"":{""has_data"":true,""last_update_ts"":1784118749.3886604,""mapped"":true},""ring"":{""has_data"":true,""last_update_ts"":1784118749.3886604,""mapped"":true},""thumb"":{""has_data"":true,""last_update_ts"":1784118749.3886604,""mapped"":true}},""ports"":{""available"":[""BLE:Dexter""],""unavailable"":[]}}"
1784118749.4480615,1784118749.4478424,254,ble,"{""index"":{""age_s"":0.00914311408996582,""channels"":3,""force"":[1.4440089369148268,-2.286843986400001],""has_data"":true,""last_update_ts"":1784118749.4386992,""raw"":[14560,17564,20182]},""middle"":{""age_s"":0.00914311408996582,""channels"":3,""force"":[-0.9032266286494526,-2.7228430037100004],""has_data"":true,""last_update_ts"":1784118749.4386992,""raw"":[15104,13225,19070]},""pinky"":{""age_s"":0.00914311408996582,""channels"":3,""force"":[-1.0214776933901497,-0.7496074766100023],""has_data"":true,""last_update_ts"":1784118749.4386992,""raw"":[17417,15292,17705]},""ring"":{""age_s"":0.00914311408996582,""channels"":3,""force"":[0.27495776029137176,0.24922158977999942],""has_data"":true,""last_update_ts"":1784118749.4386992,""raw"":[15798,16370,15635]},""thumb"":{""age_s"":0.00914311408996582,""channels"":3,""force"":[0.0,-2.220446049250313e-16],""has_data"":true,""last_update_ts"":1784118749.4386992,""raw"":[0,0,0]}}","{""ble"":{""connection_state"":""connected"",""counter"":991773,""finger_order"":""DexterController.Visualizer"",""last_error"":null,""last_sample_age_s"":0.009181958987028338,""reconnect_count"":0,""sample_hz"":20.0,""sample_sequence"":253,""timestamp_us"":9714249344},""fingers"":{""index"":{""has_data"":true,""last_update_ts"":1784118749.4386992,""mapped"":true},""middle"":{""has_data"":true,""last_update_ts"":1784118749.4386992,""mapped"":true},""pinky"":{""has_data"":true,""last_update_ts"":1784118749.4386992,""mapped"":true},""ring"":{""has_data"":true,""last_update_ts"":1784118749.4386992,""mapped"":true},""thumb"":{""has_data"":true,""last_update_ts"":1784118749.4386992,""mapped"":true}},""ports"":{""available"":[""BLE:Dexter""],""unavailable"":[]}}"
1784118749.4979773,1784118749.4978318,255,ble,"{""index"":{""age_s"":0.009170770645141602,""channels"":3,""force"":[1.1527075335292114,-3.426935624280003],""has_data"":true,""last_update_ts"":1784118749.488661,""raw"":[14175,16573,21548]},""middle"":{""age_s"":0.009170770645141602,""channels"":3,""force"":[-1.0839680934563685,-1.8586157981700016],""has_data"":true,""last_update_ts"":1784118749.488661,""raw"":[15821,13566,18042]},""pinky"":{""age_s"":0.009170770645141602,""channels"":3,""force"":[-1.0219583887752748,-0.7476647693400027],""has_data"":true,""last_update_ts"":1784118749.488661,""raw"":[17417,15291,17701]},""ring"":{""age_s"":0.009170770645141602,""channels"":3,""force"":[0.2759191510616237,0.2547721819799973],""has_data"":true,""last_update_ts"":1784118749.488661,""raw"":[15791,16365,15619]},""thumb"":{""age_s"":0.009170770645141602,""channels"":3,""force"":[0.0,-2.220446049250313e-16],""has_data"":true,""last_update_ts"":1784118749.488661,""raw"":[0,0,0]}}","{""ble"":{""connection_state"":""connected"",""counter"":991778,""finger_order"":""DexterController.Visualizer"",""last_error"":null,""last_sample_age_s"":0.009198822008329444,""reconnect_count"":0,""sample_hz"":20.0,""sample_sequence"":254,""timestamp_us"":9714296416},""fingers"":{""index"":{""has_data"":true,""last_update_ts"":1784118749.488661,""mapped"":true},""middle"":{""has_data"":true,""last_update_ts"":1784118749.488661,""mapped"":true},""pinky"":{""has_data"":true,""last_update_ts"":1784118749.488661,""mapped"":true},""ring"":{""has_data"":true,""last_update_ts"":1784118749.488661,""mapped"":true},""thumb"":{""has_data"":true,""last_update_ts"":1784118749.488661,""mapped"":true}},""ports"":{""available"":[""BLE:Dexter""],""unavailable"":[]}}"
1784118749.5479698,1784118749.547832,256,ble,"{""index"":{""age_s"":0.009171009063720703,""channels"":3,""force"":[0.8787111640080898,-4.312810139400002],""has_data"":true,""last_update_ts"":1784118749.538661,""raw"":[13927,15755,22611]},""middle"":{""age_s"":0.009171009063720703,""channels"":3,""force"":[-1.1829913427920724,-1.0226966128500017],""has_data"":true,""last_update_ts"":1784118749.538661,""raw"":[16416,13955,17028]},""pinky"":{""age_s"":0.009171009063720703,""channels"":3,""force"":[-1.0205163026198978,-0.7507175950500029],""has_data"":true,""last_update_ts"":1784118749.538661,""raw"":[17419,15296,17710]},""ring"":{""age_s"":0.009171009063720703,""channels"":3,""force"":[0.27255428336574816,0.24172829030999932],""has_data"":true,""last_update_ts"":1784118749.538661,""raw"":[15796,16363,15644]},""thumb"":{""age_s"":0.009171009063720703,""channels"":3,""force"":[0.0,-2.220446049250313e-16],""has_data"":true,""last_update_ts"":1784118749.538661,""raw"":[0,0,0]}}","{""ble"":{""connection_state"":""connected"",""counter"":991783,""finger_order"":""DexterController.Visualizer"",""last_error"":null,""last_sample_age_s"":0.009198050989652984,""reconnect_count"":0,""sample_hz"":20.0,""sample_sequence"":255,""timestamp_us"":9714343424},""fingers"":{""index"":{""has_data"":true,""last_update_ts"":1784118749.538661,""mapped"":true},""middle"":{""has_data"":true,""last_update_ts"":1784118749.538661,""mapped"":true},""pinky"":{""has_data"":true,""last_update_ts"":1784118749.538661,""mapped"":true},""ring"":{""has_data"":true,""last_update_ts"":1784118749.538661,""mapped"":true},""thumb"":{""has_data"":true,""last_update_ts"":1784118749.538661,""mapped"":true}},""ports"":{""available"":[""BLE:Dexter""],""unavailable"":[]}}"
1784118749.5979767,1784118749.5978286,257,ble,"{""index"":{""age_s"":0.009167194366455078,""channels"":3,""force"":[0.6970083084309238,-5.1204213045000015],""has_data"":true,""last_update_ts"":1784118749.5886614,""raw"":[13646,15096,23596]},""middle"":{""age_s"":0.009167194366455078,""channels"":3,""force"":[-1.3267192629443798,-0.36911438130000196],""has_data"":true,""last_update_ts"":1784118749.5886614,""raw"":[16955,14195,16240]},""pinky"":{""age_s"":0.009167194366455078,""channels"":3,""force"":[-1.0176321303091491,-0.7534928911500023],""has_data"":true,""last_update_ts"":1784118749.5886614,""raw"":[17410,15293,17709]},""ring"":{""age_s"":0.009167194366455078,""channels"":3,""force"":[0.27543845567649683,0.2506092378299991],""has_data"":true,""last_update_ts"":1784118749.5886614,""raw"":[15790,16363,15625]},""thumb"":{""age_s"":0.009167194366455078,""channels"":3,""force"":[0.0,-2.220446049250313e-16],""has_data"":true,""last_update_ts"":1784118749.5886614,""raw"":[0,0,0]}}","{""ble"":{""connection_state"":""connected"",""counter"":991789,""finger_order"":""DexterController.Visualizer"",""last_error"":null,""last_sample_age_s"":0.009195064994855784,""reconnect_count"":0,""sample_hz"":20.0,""sample_sequence"":256,""timestamp_us"":9714399968},""fingers"":{""index"":{""has_data"":true,""last_update_ts"":1784118749.5886614,""mapped"":true},""middle"":{""has_data"":true,""last_update_ts"":1784118749.5886614,""mapped"":true},""pinky"":{""has_data"":true,""last_update_ts"":1784118749.5886614,""mapped"":true},""ring"":{""has_data"":true,""last_update_ts"":1784118749.5886614,""mapped"":true},""thumb"":{""has_data"":true,""last_update_ts"":1784118749.5886614,""mapped"":true}},""ports"":{""available"":[""BLE:Dexter""],""unavailable"":[]}}"
1784118749.6479778,1784118749.647833,258,ble,"{""index"":{""age_s"":0.00917363166809082,""channels"":3,""force"":[0.6100024437233404,-5.57418221685],""has_data"":true,""last_update_ts"":1784118749.6386595,""raw"":[13452,14721,24129]},""middle"":{""age_s"":0.00917363166809082,""channels"":3,""force"":[-1.3767115829973555,0.033303553199997005],""has_data"":true,""last_update_ts"":1784118749.6386595,""raw"":[17218,14354,15726]},""pinky"":{""age_s"":0.00917363166809082,""channels"":3,""force"":[-0.6176935698853345,-0.539795091450002],""has_data"":true,""last_update_ts"":1784118749.6386595,""raw"":[17308,16023,17638]},""ring"":{""age_s"":0.00917363166809082,""channels"":3,""force"":[0.30379948339885665,0.33248047278000037],""has_data"":true,""last_update_ts"":1784118749.6386595,""raw"":[15768,16400,15485]},""thumb"":{""age_s"":0.00917363166809082,""channels"":3,""force"":[0.0,-2.220446049250313e-16],""has_data"":true,""last_update_ts"":1784118749.6386595,""raw"":[0,0,0]}}","{""ble"":{""connection_state"":""connected"",""counter"":991794,""finger_order"":""DexterController.Visualizer"",""last_error"":null,""last_sample_age_s"":0.009201346998452209,""reconnect_count"":0,""sample_hz"":20.0,""sample_sequence"":257,""timestamp_us"":9714446848},""fingers"":{""index"":{""has_data"":true,""last_update_ts"":1784118749.6386595,""mapped"":true},""middle"":{""has_data"":true,""last_update_ts"":1784118749.6386595,""mapped"":true},""pinky"":{""has_data"":true,""last_update_ts"":1784118749.6386595,""mapped"":true},""ring"":{""has_data"":true,""last_update_ts"":1784118749.6386595,""mapped"":true},""thumb"":{""has_data"":true,""last_update_ts"":1784118749.6386595,""mapped"":true}},""ports"":{""available"":[""BLE:Dexter""],""unavailable"":[]}}"
1784118749.6979604,1784118749.697829,259,ble,"{""index"":{""age_s"":0.009169816970825195,""channels"":3,""force"":[0.5244386651711297,-5.891676090690003],""has_data"":true,""last_update_ts"":1784118749.6886592,""raw"":[13359,14450,24519]},""middle"":{""age_s"":0.009169816970825195,""channels"":3,""force"":[-1.3594065491328635,0.17539871351999725],""has_data"":true,""last_update_ts"":1784118749.6886592,""raw"":[17317,14489,15587]},""pinky"":{""age_s"":0.009169816970825195,""channels"":3,""force"":[-1.0190742164645243,-0.7504400654400012],""has_data"":true,""last_update_ts"":1784118749.6886592,""raw"":[17412,15292,17704]},""ring"":{""age_s"":0.009169816970825195,""channels"":3,""force"":[0.27399636952112516,0.24811147134000056],""has_data"":true,""last_update_ts"":1784118749.6886592,""raw"":[15794,16364,15632]},""thumb"":{""age_s"":0.009169816970825195,""channels"":3,""force"":[0.0,-2.220446049250313e-16],""has_data"":true,""last_update_ts"":1784118749.6886592,""raw"":[0,0,0]}}","{""ble"":{""connection_state"":""connected"",""counter"":991799,""finger_order"":""DexterController.Visualizer"",""last_error"":null,""last_sample_age_s"":0.009192479992634617,""reconnect_count"":0,""sample_hz"":20.0,""sample_sequence"":258,""timestamp_us"":9714493856},""fingers"":{""index"":{""has_data"":true,""last_update_ts"":1784118749.6886592,""mapped"":true},""middle"":{""has_data"":true,""last_update_ts"":1784118749.6886592,""mapped"":true},""pinky"":{""has_data"":true,""last_update_ts"":1784118749.6886592,""mapped"":true},""ring"":{""has_data"":true,""last_update_ts"":1784118749.6886592,""mapped"":true},""thumb"":{""has_data"":true,""last_update_ts"":1784118749.6886592,""mapped"":true}},""ports"":{""available"":[""BLE:Dexter""],""unavailable"":[]}}"
1784118749.7480059,1784118749.74783,260,ble,"{""index"":{""age_s"":0.009169578552246094,""channels"":3,""force"":[0.4811760805098997,-5.957728137870001],""has_data"":true,""last_update_ts"":1784118749.7386603,""raw"":[13349,14350,24583]},""middle"":{""age_s"":0.009169578552246094,""channels"":3,""force"":[-1.3262385675592565,0.2766970211699995],""has_data"":true,""last_update_ts"":1784118749.7386603,""raw"":[17343,14584,15465]},""pinky"":{""age_s"":0.009169578552246094,""channels"":3,""force"":[-1.0195549118496476,-0.7490524173900006],""has_data"":true,""last_update_ts"":1784118749.7386603,""raw"":[17418,15297,17707]},""ring"":{""age_s"":0.009169578552246094,""channels"":3,""force"":[0.27688054183187205,0.2497766489999993],""has_data"":true,""last_update_ts"":1784118749.7386603,""raw"":[15794,16370,15632]},""thumb"":{""age_s"":0.009169578552246094,""channels"":3,""force"":[0.0,-2.220446049250313e-16],""has_data"":true,""last_update_ts"":1784118749.7386603,""raw"":[0,0,0]}}","{""ble"":{""connection_state"":""connected"",""counter"":991805,""finger_order"":""DexterController.Visualizer"",""last_error"":null,""last_sample_age_s"":0.009198250001645647,""reconnect_count"":0,""sample_hz"":20.0,""sample_sequence"":259,""timestamp_us"":9714550240},""fingers"":{""index"":{""has_data"":true,""last_update_ts"":1784118749.7386603,""mapped"":true},""middle"":{""has_data"":true,""last_update_ts"":1784118749.7386603,""mapped"":true},""pinky"":{""has_data"":true,""last_update_ts"":1784118749.7386603,""mapped"":true},""ring"":{""has_data"":true,""last_update_ts"":1784118749.7386603,""mapped"":true},""thumb"":{""has_data"":true,""last_update_ts"":1784118749.7386603,""mapped"":true}},""ports"":{""available"":[""BLE:Dexter""],""unavailable"":[]}}"
1784118749.7979403,1784118749.7978172,261,ble,"{""index"":{""age_s"":0.009157419204711914,""channels"":3,""force"":[0.43599071430817204,-4.2253883122500016],""has_data"":true,""last_update_ts"":1784118749.7886598,""raw"":[14403,15310,22469]},""middle"":{""age_s"":0.009157419204711914,""channels"":3,""force"":[-1.1003117365506139,-0.4387743134100006],""has_data"":true,""last_update_ts"":1784118749.7886598,""raw"":[16693,14404,16339]},""pinky"":{""age_s"":0.009157419204711914,""channels"":3,""force"":[-1.0200356072347745,-0.7360085257200009],""has_data"":true,""last_update_ts"":1784118749.7886598,""raw"":[17420,15298,17685]},""ring"":{""age_s"":0.009157419204711914,""channels"":3,""force"":[0.28649444953436465,0.26753854403999977],""has_data"":true,""last_update_ts"":1784118749.7886598,""raw"":[15805,16401,15621]},""thumb"":{""age_s"":0.009157419204711914,""channels"":3,""force"":[0.0,-2.220446049250313e-16],""has_data"":true,""last_update_ts"":1784118749.7886598,""raw"":[0,0,0]}}","{""ble"":{""connection_state"":""connected"",""counter"":991810,""finger_order"":""DexterController.Visualizer"",""last_error"":null,""last_sample_age_s"":0.009180286011542194,""reconnect_count"":0,""sample_hz"":20.0,""sample_sequence"":260,""timestamp_us"":9714597216},""fingers"":{""index"":{""has_data"":true,""last_update_ts"":1784118749.7886598,""mapped"":true},""middle"":{""has_data"":true,""last_update_ts"":1784118749.7886598,""mapped"":true},""pinky"":{""has_data"":true,""last_update_ts"":1784118749.7886598,""mapped"":true},""ring"":{""has_data"":true,""last_update_ts"":1784118749.7886598,""mapped"":true},""thumb"":{""has_data"":true,""last_update_ts"":1784118749.7886598,""mapped"":true}},""ports"":{""available"":[""BLE:Dexter""],""unavailable"":[]}}"
1784118749.8479447,1784118749.8478174,262,ble,"{""index"":{""age_s"":0.009157419204711914,""channels"":3,""force"":[0.6917206591945533,-1.9990457808300022],""has_data"":true,""last_update_ts"":1784118749.83866,""raw"":[15498,16937,19819]},""middle"":{""age_s"":0.009157419204711914,""channels"":3,""force"":[-0.5859676744671036,-2.4114547812900016],""has_data"":true,""last_update_ts"":1784118749.83866,""raw"":[14955,13736,18690]},""pinky"":{""age_s"":0.009157419204711914,""channels"":3,""force"":[-1.0234004749306447,-0.7523827727100016],""has_data"":true,""last_update_ts"":1784118749.83866,""raw"":[17415,15286,17706]},""ring"":{""age_s"":0.009157419204711914,""channels"":3,""force"":[0.2744770649062449,0.25060923782999645],""has_data"":true,""last_update_ts"":1784118749.83866,""raw"":[15800,16371,15634]},""thumb"":{""age_s"":0.009157419204711914,""channels"":3,""force"":[0.0,-2.220446049250313e-16],""has_data"":true,""last_update_ts"":1784118749.83866,""raw"":[0,0,0]}}","{""ble"":{""connection_state"":""connected"",""counter"":991815,""finger_order"":""DexterController.Visualizer"",""last_error"":null,""last_sample_age_s"":0.009180155000649393,""reconnect_count"":0,""sample_hz"":20.0,""sample_sequence"":261,""timestamp_us"":9714644192},""fingers"":{""index"":{""has_data"":true,""last_update_ts"":1784118749.83866,""mapped"":true},""middle"":{""has_data"":true,""last_update_ts"":1784118749.83866,""mapped"":true},""pinky"":{""has_data"":true,""last_update_ts"":1784118749.83866,""mapped"":true},""ring"":{""has_data"":true,""last_update_ts"":1784118749.83866,""mapped"":true},""thumb"":{""has_data"":true,""last_update_ts"":1784118749.83866,""mapped"":true}},""ports"":{""available"":[""BLE:Dexter""],""unavailable"":[]}}"
1784118749.8979542,1784118749.8978148,263,ble,"{""index"":{""age_s"":0.009140253067016602,""channels"":3,""force"":[1.3036458844583905,-0.8281483562400007],""has_data"":true,""last_update_ts"":1784118749.8886745,""raw"":[15547,18259,18395]},""middle"":{""age_s"":0.009140253067016602,""channels"":3,""force"":[-0.12017384628119299,-4.100777517360003],""has_data"":true,""last_update_ts"":1784118749.8886745,""raw"":[13449,13199,20712]},""pinky"":{""age_s"":0.009140253067016602,""channels"":3,""force"":[-1.022439084160398,-0.7662592532100003],""has_data"":true,""last_update_ts"":1784118749.8886745,""raw"":[17401,15274,17718]},""ring"":{""age_s"":0.009140253067016602,""channels"":3,""force"":[0.271592892595498,0.22896192824999861],""has_data"":true,""last_update_ts"":1784118749.8886745,""raw"":[15784,16349,15654]},""thumb"":{""age_s"":0.009140253067016602,""channels"":3,""force"":[0.0,-2.220446049250313e-16],""has_data"":true,""last_update_ts"":1784118749.8886745,""raw"":[0,0,0]}}","{""ble"":{""connection_state"":""connected"",""counter"":991821,""finger_order"":""DexterController.Visualizer"",""last_error"":null,""last_sample_age_s"":0.00916515599237755,""reconnect_count"":0,""sample_hz"":20.0,""sample_sequence"":262,""timestamp_us"":9714700768},""fingers"":{""index"":{""has_data"":true,""last_update_ts"":1784118749.8886745,""mapped"":true},""middle"":{""has_data"":true,""last_update_ts"":1784118749.8886745,""mapped"":true},""pinky"":{""has_data"":true,""last_update_ts"":1784118749.8886745,""mapped"":true},""ring"":{""has_data"":true,""last_update_ts"":1784118749.8886745,""mapped"":true},""thumb"":{""has_data"":true,""last_update_ts"":1784118749.8886745,""mapped"":true}},""ports"":{""available"":[""BLE:Dexter""],""unavailable"":[]}}"
1784118749.947933,1784118749.9478137,264,ble,"{""index"":{""age_s"":0.009152889251708984,""channels"":3,""force"":[1.4425668507594516,-0.5331343808100018],""has_data"":true,""last_update_ts"":1784118749.9386609,""raw"":[15537,18538,17998]},""middle"":{""age_s"":0.009152889251708984,""channels"":3,""force"":[0.11873176012582132,-4.734377616990001],""has_data"":true,""last_update_ts"":1784118749.9386609,""raw"":[12701,12948,21354]},""pinky"":{""age_s"":0.009152889251708984,""channels"":3,""force"":[1.3920938353213508,0.40907864513999836],""has_data"":true,""last_update_ts"":1784118749.9386609,""raw"":[16660,19556,17371]},""ring"":{""age_s"":0.009152889251708984,""channels"":3,""force"":[0.33744816035759406,0.736563584939999],""has_data"":true,""last_update_ts"":1784118749.9386609,""raw"":[15724,16426,14748]},""thumb"":{""age_s"":0.009152889251708984,""channels"":3,""force"":[0.0,-2.220446049250313e-16],""has_data"":true,""last_update_ts"":1784118749.9386609,""raw"":[0,0,0]}}","{""ble"":{""connection_state"":""connected"",""counter"":991826,""finger_order"":""DexterController.Visualizer"",""last_error"":null,""last_sample_age_s"":0.009175074999802746,""reconnect_count"":0,""sample_hz"":20.0,""sample_sequence"":263,""timestamp_us"":9714747712},""fingers"":{""index"":{""has_data"":true,""last_update_ts"":1784118749.9386609,""mapped"":true},""middle"":{""has_data"":true,""last_update_ts"":1784118749.9386609,""mapped"":true},""pinky"":{""has_data"":true,""last_update_ts"":1784118749.9386609,""mapped"":true},""ring"":{""has_data"":true,""last_update_ts"":1784118749.9386609,""mapped"":true},""thumb"":{""has_data"":true,""last_update_ts"":1784118749.9386609,""mapped"":true}},""ports"":{""available"":[""BLE:Dexter""],""unavailable"":[]}}"
1784118749.9979522,1784118749.9978197,265,ble,"{""index"":{""age_s"":0.009158849716186523,""channels"":3,""force"":[1.4882329123463016,-0.4373866653600018],""has_data"":true,""last_update_ts"":1784118749.9886608,""raw"":[15608,18704,17944]},""middle"":{""age_s"":0.009158849716186523,""channels"":3,""force"":[0.33360259727659347,-5.525059475880001],""has_data"":true,""last_update_ts"":1784118749.9886608,""raw"":[12153,12847,22454]},""pinky"":{""age_s"":0.009158849716186523,""channels"":3,""force"":[-1.0243618657008984,-0.7568232464699998],""has_data"":true,""last_update_ts"":1784118749.9886608,""raw"":[17413,15282,17711]},""ring"":{""age_s"":0.009158849716186523,""channels"":3,""force"":[0.27207358798061954,0.2525519450999969],""has_data"":true,""last_update_ts"":1784118749.9886608,""raw"":[15801,16367,15629]},""thumb"":{""age_s"":0.009158849716186523,""channels"":3,""force"":[0.0,-2.220446049250313e-16],""has_data"":true,""last_update_ts"":1784118749.9886608,""raw"":[0,0,0]}}","{""ble"":{""connection_state"":""connected"",""counter"":991831,""finger_order"":""DexterController.Visualizer"",""last_error"":null,""last_sample_age_s"":0.009182490000966936,""reconnect_count"":0,""sample_hz"":20.0,""sample_sequence"":264,""timestamp_us"":9714794656},""fingers"":{""index"":{""has_data"":true,""last_update_ts"":1784118749.9886608,""mapped"":true},""middle"":{""has_data"":true,""last_update_ts"":1784118749.9886608,""mapped"":true},""pinky"":{""has_data"":true,""last_update_ts"":1784118749.9886608,""mapped"":true},""ring"":{""has_data"":true,""last_update_ts"":1784118749.9886608,""mapped"":true},""thumb"":{""has_data"":true,""last_update_ts"":1784118749.9886608,""mapped"":true}},""ports"":{""available"":[""BLE:Dexter""],""unavailable"":[]}}"
1784118750.0479765,1784118750.0478306,266,ble,"{""index"":{""age_s"":0.009171485900878906,""channels"":3,""force"":[1.4271845984354616,-0.3299827062900018],""has_data"":true,""last_update_ts"":1784118750.038659,""raw"":[15754,18723,17833]},""middle"":{""age_s"":0.009171485900878906,""channels"":3,""force"":[0.34946554498571203,-5.628022961190002],""has_data"":true,""last_update_ts"":1784118750.038659,""raw"":[12084,12811,22587]},""pinky"":{""age_s"":0.009171485900878906,""channels"":3,""force"":[-1.0185935210793993,-0.7473872397300001],""has_data"":true,""last_update_ts"":1784118750.038659,""raw"":[17412,15293,17699]},""ring"":{""age_s"":0.009171485900878906,""channels"":3,""force"":[0.2783226279872455,0.2483890009499996],""has_data"":true,""last_update_ts"":1784118750.038659,""raw"":[15790,16369,15632]},""thumb"":{""age_s"":0.009171485900878906,""channels"":3,""force"":[0.0,-2.220446049250313e-16],""has_data"":true,""last_update_ts"":1784118750.038659,""raw"":[0,0,0]}}","{""ble"":{""connection_state"":""connected"",""counter"":991837,""finger_order"":""DexterController.Visualizer"",""last_error"":null,""last_sample_age_s"":0.009199975000228733,""reconnect_count"":0,""sample_hz"":20.0,""sample_sequence"":265,""timestamp_us"":9714851136},""fingers"":{""index"":{""has_data"":true,""last_update_ts"":1784118750.038659,""mapped"":true},""middle"":{""has_data"":true,""last_update_ts"":1784118750.038659,""mapped"":true},""pinky"":{""has_data"":true,""last_update_ts"":1784118750.038659,""mapped"":true},""ring"":{""has_data"":true,""last_update_ts"":1784118750.038659,""mapped"":true},""thumb"":{""has_data"":true,""last_update_ts"":1784118750.038659,""mapped"":true}},""ports"":{""available"":[""BLE:Dexter""],""unavailable"":[]}}"
1784118750.0979772,1784118750.0978296,267,ble,"{""index"":{""age_s"":0.00916910171508789,""channels"":3,""force"":[1.3906517491659738,-0.2456137048500011],""has_data"":true,""last_update_ts"":1784118750.0886605,""raw"":[15846,18739,17735]},""middle"":{""age_s"":0.00916910171508789,""channels"":3,""force"":[0.28793653568974076,-5.535328071450002],""has_data"":true,""last_update_ts"":1784118750.0886605,""raw"":[12201,12800,22473]},""pinky"":{""age_s"":0.00916910171508789,""channels"":3,""force"":[-1.020996998005021,-0.747109710120001],""has_data"":true,""last_update_ts"":1784118750.0886605,""raw"":[17415,15291,17699]},""ring"":{""age_s"":0.00916910171508789,""channels"":3,""force"":[0.2763998464467434,0.25671488924999863],""has_data"":true,""last_update_ts"":1784118750.0886605,""raw"":[15797,16372,15622]},""thumb"":{""age_s"":0.00916910171508789,""channels"":3,""force"":[0.0,-2.220446049250313e-16],""has_data"":true,""last_update_ts"":1784118750.0886605,""raw"":[0,0,0]}}","{""ble"":{""connection_state"":""connected"",""counter"":991842,""finger_order"":""DexterController.Visualizer"",""last_error"":null,""last_sample_age_s"":0.009196427999995649,""reconnect_count"":0,""sample_hz"":20.0,""sample_sequence"":266,""timestamp_us"":9714898176},""fingers"":{""index"":{""has_data"":true,""last_update_ts"":1784118750.0886605,""mapped"":true},""middle"":{""has_data"":true,""last_update_ts"":1784118750.0886605,""mapped"":true},""pinky"":{""has_data"":true,""last_update_ts"":1784118750.0886605,""mapped"":true},""ring"":{""has_data"":true,""last_update_ts"":1784118750.0886605,""mapped"":true},""thumb"":{""has_data"":true,""last_update_ts"":1784118750.0886605,""mapped"":true}},""ports"":{""available"":[""BLE:Dexter""],""unavailable"":[]}}"
1784118750.1479747,1784118750.1478295,268,ble,"{""index"":{""age_s"":0.0091705322265625,""channels"":3,""force"":[1.4209355584288392,-0.30750280787999973],""has_data"":true,""last_update_ts"":1784118750.138659,""raw"":[15777,18733,17809]},""middle"":{""age_s"":0.0091705322265625,""channels"":3,""force"":[0.23794421563676416,-5.312194265010001],""has_data"":true,""last_update_ts"":1784118750.138659,""raw"":[12387,12882,22205]},""pinky"":{""age_s"":0.0091705322265625,""channels"":3,""force"":[-1.0229197795455232,-0.7443344140200017],""has_data"":true,""last_update_ts"":1784118750.138659,""raw"":[17420,15292,17697]},""ring"":{""age_s"":0.0091705322265625,""channels"":3,""force"":[0.2773612372169936,0.2472788825099972],""has_data"":true,""last_update_ts"":1784118750.138659,""raw"":[15794,16371,15637]},""thumb"":{""age_s"":0.0091705322265625,""channels"":3,""force"":[0.0,-2.220446049250313e-16],""has_data"":true,""last_update_ts"":1784118750.138659,""raw"":[0,0,0]}}","{""ble"":{""connection_state"":""connected"",""counter"":991847,""finger_order"":""DexterController.Visualizer"",""last_error"":null,""last_sample_age_s"":0.009197961000609212,""reconnect_count"":0,""sample_hz"":20.0,""sample_sequence"":267,""timestamp_us"":9714945216},""fingers"":{""index"":{""has_data"":true,""last_update_ts"":1784118750.138659,""mapped"":true},""middle"":{""has_data"":true,""last_update_ts"":1784118750.138659,""mapped"":true},""pinky"":{""has_data"":true,""last_update_ts"":1784118750.138659,""mapped"":true},""ring"":{""has_data"":true,""last_update_ts"":1784118750.138659,""mapped"":true},""thumb"":{""has_data"":true,""last_update_ts"":1784118750.138659,""mapped"":true}},""ports"":{""available"":[""BLE:Dexter""],""unavailable"":[]}}"
1784118750.1979795,1784118750.19783,269,ble,"{""index"":{""age_s"":0.009169578552246094,""channels"":3,""force"":[1.340659429112998,-1.0149257837700043],""has_data"":true,""last_update_ts"":1784118750.1886604,""raw"":[15438,18227,18661]},""middle"":{""age_s"":0.009169578552246094,""channels"":3,""force"":[0.06873944007284294,-4.5117988697700016],""has_data"":true,""last_update_ts"":1784118750.1886604,""raw"":[13040,13183,21240]},""pinky"":{""age_s"":0.009169578552246094,""channels"":3,""force"":[-1.0214776933901497,-0.7479422989500009],""has_data"":true,""last_update_ts"":1784118750.1886604,""raw"":[17417,15292,17702]},""ring"":{""age_s"":0.009169578552246094,""channels"":3,""force"":[0.2720735879806231,0.2503317082199983],""has_data"":true,""last_update_ts"":1784118750.1886604,""raw"":[15804,16370,15636]},""thumb"":{""age_s"":0.009169578552246094,""channels"":3,""force"":[0.0,-2.220446049250313e-16],""has_data"":true,""last_update_ts"":1784118750.1886604,""raw"":[0,0,0]}}","{""ble"":{""connection_state"":""connected"",""counter"":991852,""finger_order"":""DexterController.Visualizer"",""last_error"":null,""last_sample_age_s"":0.00919704900297802,""reconnect_count"":0,""sample_hz"":20.0,""sample_sequence"":268,""timestamp_us"":9714992288},""fingers"":{""index"":{""has_data"":true,""last_update_ts"":1784118750.1886604,""mapped"":true},""middle"":{""has_data"":true,""last_update_ts"":1784118750.1886604,""mapped"":true},""pinky"":{""has_data"":true,""last_update_ts"":1784118750.1886604,""mapped"":true},""ring"":{""has_data"":true,""last_update_ts"":1784118750.1886604,""mapped"":true},""thumb"":{""has_data"":true,""last_update_ts"":1784118750.1886604,""mapped"":true}},""ports"":{""available"":[""BLE:Dexter""],""unavailable"":[]}}"
1784118750.2479668,1784118750.24783,270,ble,"{""index"":{""age_s"":0.009169578552246094,""channels"":3,""force"":[0.9575452071685522,-3.188260159680002],""has_data"":true,""last_update_ts"":1784118750.2386603,""raw"":[14528,16520,21268]},""middle"":{""age_s"":0.009169578552246094,""channels"":3,""force"":[-0.505691545151266,-2.060379824640002],""has_data"":true,""last_update_ts"":1784118750.2386603,""raw"":[15099,14047,18285]},""pinky"":{""age_s"":0.009169578552246094,""channels"":3,""force"":[-1.0243618657008966,-0.7462771212899995],""has_data"":true,""last_update_ts"":1784118750.2386603,""raw"":[17424,15293,17703]},""ring"":{""age_s"":0.009169578552246094,""channels"":3,""force"":[0.27063150182524964,0.24838900094999694],""has_data"":true,""last_update_ts"":1784118750.2386603,""raw"":[15794,16357,15628]},""thumb"":{""age_s"":0.009169578552246094,""channels"":3,""force"":[0.0,-2.220446049250313e-16],""has_data"":true,""last_update_ts"":1784118750.2386603,""raw"":[0,0,0]}}","{""ble"":{""connection_state"":""connected"",""counter"":991858,""finger_order"":""DexterController.Visualizer"",""last_error"":null,""last_sample_age_s"":0.009197199004120193,""reconnect_count"":0,""sample_hz"":20.0,""sample_sequence"":269,""timestamp_us"":9715048864},""fingers"":{""index"":{""has_data"":true,""last_update_ts"":1784118750.2386603,""mapped"":true},""middle"":{""has_data"":true,""last_update_ts"":1784118750.2386603,""mapped"":true},""pinky"":{""has_data"":true,""last_update_ts"":1784118750.2386603,""mapped"":true},""ring"":{""has_data"":true,""last_update_ts"":1784118750.2386603,""mapped"":true},""thumb"":{""has_data"":true,""last_update_ts"":1784118750.2386603,""mapped"":true}},""ports"":{""available"":[""BLE:Dexter""],""unavailable"":[]}}"
1784118750.297954,1784118750.297825,271,ble,"{""index"":{""age_s"":0.009165048599243164,""channels"":3,""force"":[0.6965276130457987,-4.5961678712100005],""has_data"":true,""last_update_ts"":1784118750.28866,""raw"":[14008,15457,23013]},""middle"":{""age_s"":0.009165048599243164,""channels"":3,""force"":[-0.78016861005751,-0.8478529585499999],""has_data"":true,""last_update_ts"":1784118750.28866,""raw"":[16066,14443,16782]},""pinky"":{""age_s"":0.009165048599243164,""channels"":3,""force"":[-1.021477693390148,-0.7551580688099992],""has_data"":true,""last_update_ts"":1784118750.28866,""raw"":[17413,15288,17711]},""ring"":{""age_s"":0.009165048599243164,""channels"":3,""force"":[0.27111219721037294,0.2370102869399977],""has_data"":true,""last_update_ts"":1784118750.28866,""raw"":[15790,16354,15645]},""thumb"":{""age_s"":0.009165048599243164,""channels"":3,""force"":[0.0,-2.220446049250313e-16],""has_data"":true,""last_update_ts"":1784118750.28866,""raw"":[0,0,0]}}","{""ble"":{""connection_state"":""connected"",""counter"":991863,""finger_order"":""DexterController.Visualizer"",""last_error"":null,""last_sample_age_s"":0.009189264004817232,""reconnect_count"":0,""sample_hz"":20.0,""sample_sequence"":270,""timestamp_us"":9715095936},""fingers"":{""index"":{""has_data"":true,""last_update_ts"":1784118750.28866,""mapped"":true},""middle"":{""has_data"":true,""last_update_ts"":1784118750.28866,""mapped"":true},""pinky"":{""has_data"":true,""last_update_ts"":1784118750.28866,""mapped"":true},""ring"":{""has_data"":true,""last_update_ts"":1784118750.28866,""mapped"":true},""thumb"":{""has_data"":true,""last_update_ts"":1784118750.28866,""mapped"":true}},""ports"":{""available"":[""BLE:Dexter""],""unavailable"":[]}}"
1784118750.3480663,1784118750.347831,272,ble,"{""index"":{""age_s"":0.009170770645141602,""channels"":3,""force"":[0.43647140969329623,-5.691022182660003],""has_data"":true,""last_update_ts"":1784118750.3386602,""raw"":[13682,14590,24389]},""middle"":{""age_s"":0.009170770645141602,""channels"":3,""force"":[-0.9714853733371722,-0.021924839190003098],""has_data"":true,""last_update_ts"":1784118750.3386602,""raw"":[16739,14718,15768]},""pinky"":{""age_s"":0.009170770645141602,""channels"":3,""force"":[-1.0147479579984005,-0.7462771212899995],""has_data"":true,""last_update_ts"":1784118750.3386602,""raw"":[17410,15299,17699]},""ring"":{""age_s"":0.009170770645141602,""channels"":3,""force"":[0.27303497875087324,0.25088676743999905],""has_data"":true,""last_update_ts"":1784118750.3386602,""raw"":[15800,16368,15632]},""thumb"":{""age_s"":0.009170770645141602,""channels"":3,""force"":[0.0,-2.220446049250313e-16],""has_data"":true,""last_update_ts"":1784118750.3386602,""raw"":[0,0,0]}}","{""ble"":{""connection_state"":""connected"",""counter"":991868,""finger_order"":""DexterController.Visualizer"",""last_error"":null,""last_sample_age_s"":0.009197760999086313,""reconnect_count"":0,""sample_hz"":20.0,""sample_sequence"":271,""timestamp_us"":9715142848},""fingers"":{""index"":{""has_data"":true,""last_update_ts"":1784118750.3386602,""mapped"":true},""middle"":{""has_data"":true,""last_update_ts"":1784118750.3386602,""mapped"":true},""pinky"":{""has_data"":true,""last_update_ts"":1784118750.3386602,""mapped"":true},""ring"":{""has_data"":true,""last_update_ts"":1784118750.3386602,""mapped"":true},""thumb"":{""has_data"":true,""last_update_ts"":1784118750.3386602,""mapped"":true}},""ports"":{""available"":[""BLE:Dexter""],""unavailable"":[]}}"
1784118750.3979526,1784118750.397817,273,ble,"{""index"":{""age_s"":0.009152650833129883,""channels"":3,""force"":[0.284571667993867,-6.713996325120001],""has_data"":true,""last_update_ts"":1784118750.3886642,""raw"":[13253,13845,25645]},""middle"":{""age_s"":0.009152650833129883,""channels"":3,""force"":[-1.099831041165487,0.40519323059999834],""has_data"":true,""last_update_ts"":1784118750.3886642,""raw"":[17114,14826,15240]},""pinky"":{""age_s"":0.009152650833129883,""channels"":3,""force"":[-1.0219583887752712,-0.746554650900003],""has_data"":true,""last_update_ts"":1784118750.3886642,""raw"":[17423,15297,17705]},""ring"":{""age_s"":0.009152650833129883,""channels"":3,""force"":[0.27351567413599476,0.25449465236999647],""has_data"":true,""last_update_ts"":1784118750.3886642,""raw"":[15802,16371,15628]},""thumb"":{""age_s"":0.009152650833129883,""channels"":3,""force"":[0.0,-2.220446049250313e-16],""has_data"":true,""last_update_ts"":1784118750.3886642,""raw"":[0,0,0]}}","{""ble"":{""connection_state"":""connected"",""counter"":991874,""finger_order"":""DexterController.Visualizer"",""last_error"":null,""last_sample_age_s"":0.009177961997920647,""reconnect_count"":0,""sample_hz"":20.0,""sample_sequence"":272,""timestamp_us"":9715199264},""fingers"":{""index"":{""has_data"":true,""last_update_ts"":1784118750.3886642,""mapped"":true},""middle"":{""has_data"":true,""last_update_ts"":1784118750.3886642,""mapped"":true},""pinky"":{""has_data"":true,""last_update_ts"":1784118750.3886642,""mapped"":true},""ring"":{""has_data"":true,""last_update_ts"":1784118750.3886642,""mapped"":true},""thumb"":{""has_data"":true,""last_update_ts"":1784118750.3886642,""mapped"":true}},""ports"":{""available"":[""BLE:Dexter""],""unavailable"":[]}}"
1784118750.447932,1784118750.4478035,274,ble,"{""index"":{""age_s"":0.009143590927124023,""channels"":3,""force"":[0.2172743140763993,-7.1186344964999995],""has_data"":true,""last_update_ts"":1784118750.43866,""raw"":[13070,13522,26121]},""middle"":{""age_s"":0.009143590927124023,""channels"":3,""force"":[-1.1906824689540692,0.5908605396899977],""has_data"":true,""last_update_ts"":1784118750.43866,""raw"":[17291,14814,14988]},""pinky"":{""age_s"":0.009143590927124023,""channels"":3,""force"":[-0.7335411577004081,-0.6016841944800015],""has_data"":true,""last_update_ts"":1784118750.43866,""raw"":[17342,15816,17663]},""ring"":{""age_s"":0.009143590927124023,""channels"":3,""force"":[0.3013960064732366,0.31499610734999806],""has_data"":true,""last_update_ts"":1784118750.43866,""raw"":[15779,16406,15525]},""thumb"":{""age_s"":0.009143590927124023,""channels"":3,""force"":[0.0,-2.220446049250313e-16],""has_data"":true,""last_update_ts"":1784118750.43866,""raw"":[0,0,0]}}","{""ble"":{""connection_state"":""connected"",""counter"":991879,""finger_order"":""DexterController.Visualizer"",""last_error"":null,""last_sample_age_s"":0.009167020005406812,""reconnect_count"":0,""sample_hz"":20.0,""sample_sequence"":273,""timestamp_us"":9715246336},""fingers"":{""index"":{""has_data"":true,""last_update_ts"":1784118750.43866,""mapped"":true},""middle"":{""has_data"":true,""last_update_ts"":1784118750.43866,""mapped"":true},""pinky"":{""has_data"":true,""last_update_ts"":1784118750.43866,""mapped"":true},""ring"":{""has_data"":true,""last_update_ts"":1784118750.43866,""mapped"":true},""thumb"":{""has_data"":true,""last_update_ts"":1784118750.43866,""mapped"":true}},""ports"":{""available"":[""BLE:Dexter""],""unavailable"":[]}}"
1784118750.4979506,1784118750.4978154,275,ble,"{""index"":{""age_s"":0.009155511856079102,""channels"":3,""force"":[0.13507540322006228,-7.325394055950001],""has_data"":true,""last_update_ts"":1784118750.4886599,""raw"":[13030,13311,26368]},""middle"":{""age_s"":0.009155511856079102,""channels"":3,""force"":[-1.2103909797441847,0.6977094395399988],""has_data"":true,""last_update_ts"":1784118750.4886599,""raw"":[17385,14867,14869]},""pinky"":{""age_s"":0.009155511856079102,""channels"":3,""force"":[-1.0205163026198996,-0.746832180510002],""has_data"":true,""last_update_ts"":1784118750.4886599,""raw"":[17421,15298,17705]},""ring"":{""age_s"":0.009155511856079102,""channels"":3,""force"":[0.2725542833657446,0.24949911938999758],""has_data"":true,""last_update_ts"":1784118750.4886599,""raw"":[15804,16371,15638]},""thumb"":{""age_s"":0.009155511856079102,""channels"":3,""force"":[0.0,-2.220446049250313e-16],""has_data"":true,""last_update_ts"":1784118750.4886599,""raw"":[0,0,0]}}","{""ble"":{""connection_state"":""connected"",""counter"":991884,""finger_order"":""DexterController.Visualizer"",""last_error"":null,""last_sample_age_s"":0.009180555993225425,""reconnect_count"":0,""sample_hz"":20.0,""sample_sequence"":274,""timestamp_us"":9715293312},""fingers"":{""index"":{""has_data"":true,""last_update_ts"":1784118750.4886599,""mapped"":true},""middle"":{""has_data"":true,""last_update_ts"":1784118750.4886599,""mapped"":true},""pinky"":{""has_data"":true,""last_update_ts"":1784118750.4886599,""mapped"":true},""ring"":{""has_data"":true,""last_update_ts"":1784118750.4886599,""mapped"":true},""thumb"":{""has_data"":true,""last_update_ts"":1784118750.4886599,""mapped"":true}},""ports"":{""available"":[""BLE:Dexter""],""unavailable"":[]}}"
1784118750.5480945,1784118750.5479467,276,ble,"{""index"":{""age_s"":0.009240865707397461,""channels"":3,""force"":[0.08796725547783257,-7.071176933190003],""has_data"":true,""last_update_ts"":1784118750.5387058,""raw"":[13211,13394,26042]},""middle"":{""age_s"":0.009240865707397461,""channels"":3,""force"":[-1.2224083643723045,0.7806907929299998],""has_data"":true,""last_update_ts"":1784118750.5387058,""raw"":[17465,14922,14787]},""pinky"":{""age_s"":0.009240865707397461,""channels"":3,""force"":[-1.0176321303091491,-0.7490524173900006],""has_data"":true,""last_update_ts"":1784118750.5387058,""raw"":[17416,15299,17707]},""ring"":{""age_s"":0.009240865707397461,""channels"":3,""force"":[0.2744770649062449,0.2489440601699986],""has_data"":true,""last_update_ts"":1784118750.5387058,""raw"":[15797,16368,15634]},""thumb"":{""age_s"":0.009240865707397461,""channels"":3,""force"":[0.0,-2.220446049250313e-16],""has_data"":true,""last_update_ts"":1784118750.5387058,""raw"":[0,0,0]}}","{""ble"":{""connection_state"":""connected"",""counter"":991890,""finger_order"":""DexterController.Visualizer"",""last_error"":null,""last_sample_age_s"":0.009273679999751039,""reconnect_count"":0,""sample_hz"":20.0,""sample_sequence"":275,""timestamp_us"":9715349856},""fingers"":{""index"":{""has_data"":true,""last_update_ts"":1784118750.5387058,""mapped"":true},""middle"":{""has_data"":true,""last_update_ts"":1784118750.5387058,""mapped"":true},""pinky"":{""has_data"":true,""last_update_ts"":1784118750.5387058,""mapped"":true},""ring"":{""has_data"":true,""last_update_ts"":1784118750.5387058,""mapped"":true},""thumb"":{""has_data"":true,""last_update_ts"":1784118750.5387058,""mapped"":true}},""ports"":{""available"":[""BLE:Dexter""],""unavailable"":[]}}"
1784118750.59795,1784118750.597817,277,ble,"{""index"":{""age_s"":0.009103059768676758,""channels"":3,""force"":[0.10527228934232724,-6.3773529081900024],""has_data"":true,""last_update_ts"":1784118750.588714,""raw"":[13551,13770,25150]},""middle"":{""age_s"":0.009103059768676758,""channels"":3,""force"":[-1.155111010454835,0.35440531196999814],""has_data"":true,""last_update_ts"":1784118750.588714,""raw"":[17172,14769,15332]},""pinky"":{""age_s"":0.009103059768676758,""channels"":3,""force"":[-1.0238811703157733,-0.7459995916799995],""has_data"":true,""last_update_ts"":1784118750.588714,""raw"":[17420,15290,17699]},""ring"":{""age_s"":0.009103059768676758,""channels"":3,""force"":[0.27495776029137176,0.2503317082199974],""has_data"":true,""last_update_ts"":1784118750.588714,""raw"":[15798,16370,15633]},""thumb"":{""age_s"":0.009103059768676758,""channels"":3,""force"":[0.0,-2.220446049250313e-16],""has_data"":true,""last_update_ts"":1784118750.588714,""raw"":[0,0,0]}}","{""ble"":{""connection_state"":""connected"",""counter"":991895,""finger_order"":""DexterController.Visualizer"",""last_error"":null,""last_sample_age_s"":0.009127140991040505,""reconnect_count"":0,""sample_hz"":20.0,""sample_sequence"":276,""timestamp_us"":9715396768},""fingers"":{""index"":{""has_data"":true,""last_update_ts"":1784118750.588714,""mapped"":true},""middle"":{""has_data"":true,""last_update_ts"":1784118750.588714,""mapped"":true},""pinky"":{""has_data"":true,""last_update_ts"":1784118750.588714,""mapped"":true},""ring"":{""has_data"":true,""last_update_ts"":1784118750.588714,""mapped"":true},""thumb"":{""has_data"":true,""last_update_ts"":1784118750.588714,""mapped"":true}},""ports"":{""available"":[""BLE:Dexter""],""unavailable"":[]}}"
1784118750.6479473,1784118750.6478171,278,ble,"{""index"":{""age_s"":0.009127140045166016,""channels"":3,""force"":[0.0716236123835916,-5.1329101369500005],""has_data"":true,""last_update_ts"":1784118750.63869,""raw"":[14286,14435,23608]},""middle"":{""age_s"":0.009127140045166016,""channels"":3,""force"":[-0.931587656371816,-0.4407170206799993],""has_data"":true,""last_update_ts"":1784118750.63869,""raw"":[16484,14546,16309]},""pinky"":{""age_s"":0.009127140045166016,""channels"":3,""force"":[-1.021477693390148,-0.7518277134900018],""has_data"":true,""last_update_ts"":1784118750.63869,""raw"":[17413,15288,17705]},""ring"":{""age_s"":0.009127140045166016,""channels"":3,""force"":[0.2739963695211216,0.2458912344599975],""has_data"":true,""last_update_ts"":1784118750.63869,""raw"":[15792,16362,15634]},""thumb"":{""age_s"":0.009127140045166016,""channels"":3,""force"":[0.0,-2.220446049250313e-16],""has_data"":true,""last_update_ts"":1784118750.63869,""raw"":[0,0,0]}}","{""ble"":{""connection_state"":""connected"",""counter"":991900,""finger_order"":""DexterController.Visualizer"",""last_error"":null,""last_sample_age_s"":0.00915153899404686,""reconnect_count"":0,""sample_hz"":20.0,""sample_sequence"":277,""timestamp_us"":9715443744},""fingers"":{""index"":{""has_data"":true,""last_update_ts"":1784118750.63869,""mapped"":true},""middle"":{""has_data"":true,""last_update_ts"":1784118750.63869,""mapped"":true},""pinky"":{""has_data"":true,""last_update_ts"":1784118750.63869,""mapped"":true},""ring"":{""has_data"":true,""last_update_ts"":1784118750.63869,""mapped"":true},""thumb"":{""has_data"":true,""last_update_ts"":1784118750.63869,""mapped"":true}},""ports"":{""available"":[""BLE:Dexter""],""unavailable"":[]}}"
1784118750.697944,1784118750.6978166,279,ble,"{""index"":{""age_s"":0.009142398834228516,""channels"":3,""force"":[0.07739195700508894,-3.3567206329500037],""has_data"":true,""last_update_ts"":1784118750.6886742,""raw"":[15336,15497,21464]},""middle"":{""age_s"":0.009142398834228516,""channels"":3,""force"":[-0.5470313482719948,-2.0492786402400025],""has_data"":true,""last_update_ts"":1784118750.6886742,""raw"":[15129,13991,18252]},""pinky"":{""age_s"":0.009142398834228516,""channels"":3,""force"":[-1.020996998005021,-0.7482198285600044],""has_data"":true,""last_update_ts"":1784118750.6886742,""raw"":[17415,15291,17701]},""ring"":{""age_s"":0.009142398834228516,""channels"":3,""force"":[0.27736123721699535,0.2511642970499972],""has_data"":true,""last_update_ts"":1784118750.6886742,""raw"":[15793,16370,15629]},""thumb"":{""age_s"":0.009142398834228516,""channels"":3,""force"":[0.0,-2.220446049250313e-16],""has_data"":true,""last_update_ts"":1784118750.6886742,""raw"":[0,0,0]}}","{""ble"":{""connection_state"":""connected"",""counter"":991906,""finger_order"":""DexterController.Visualizer"",""last_error"":null,""last_sample_age_s"":0.009167050011456013,""reconnect_count"":0,""sample_hz"":20.0,""sample_sequence"":278,""timestamp_us"":9715500160},""fingers"":{""index"":{""has_data"":true,""last_update_ts"":1784118750.6886742,""mapped"":true},""middle"":{""has_data"":true,""last_update_ts"":1784118750.6886742,""mapped"":true},""pinky"":{""has_data"":true,""last_update_ts"":1784118750.6886742,""mapped"":true},""ring"":{""has_data"":true,""last_update_ts"":1784118750.6886742,""mapped"":true},""thumb"":{""has_data"":true,""last_update_ts"":1784118750.6886742,""mapped"":true}},""ports"":{""available"":[""BLE:Dexter""],""unavailable"":[]}}"
1784118750.7479393,1784118750.7478158,280,ble,"{""index"":{""age_s"":0.009155750274658203,""channels"":3,""force"":[0.2783226279872455,-2.439762801510004],""has_data"":true,""last_update_ts"":1784118750.73866,""raw"":[15656,16235,20341]},""middle"":{""age_s"":0.009155750274658203,""channels"":3,""force"":[-0.2518843818053833,-3.263748213600004],""has_data"":true,""last_update_ts"":1784118750.73866,""raw"":[14063,13539,19681]},""pinky"":{""age_s"":0.009155750274658203,""channels"":3,""force"":[-0.5278035328670043,-0.4984431795599997],""has_data"":true,""last_update_ts"":1784118750.73866,""raw"":[17276,16178,17625]},""ring"":{""age_s"":0.009155750274658203,""channels"":3,""force"":[0.3062029603244838,0.35773566728999917],""has_data"":true,""last_update_ts"":1784118750.73866,""raw"":[15760,16397,15434]},""thumb"":{""age_s"":0.009155750274658203,""channels"":3,""force"":[0.0,-2.220446049250313e-16],""has_data"":true,""last_update_ts"":1784118750.73866,""raw"":[0,0,0]}}","{""ble"":{""connection_state"":""connected"",""counter"":991911,""finger_order"":""DexterController.Visualizer"",""last_error"":null,""last_sample_age_s"":0.009178562002489343,""reconnect_count"":0,""sample_hz"":20.0,""sample_sequence"":279,""timestamp_us"":9715547136},""fingers"":{""index"":{""has_data"":true,""last_update_ts"":1784118750.73866,""mapped"":true},""middle"":{""has_data"":true,""last_update_ts"":1784118750.73866,""mapped"":true},""pinky"":{""has_data"":true,""last_update_ts"":1784118750.73866,""mapped"":true},""ring"":{""has_data"":true,""last_update_ts"":1784118750.73866,""mapped"":true},""thumb"":{""has_data"":true,""last_update_ts"":1784118750.73866,""mapped"":true}},""ports"":{""available"":[""BLE:Dexter""],""unavailable"":[]}}"
1784118750.79798,1784118750.7978473,281,ble,"{""index"":{""age_s"":0.009204864501953125,""channels"":3,""force"":[0.4249347204503007,-2.205805340280002],""has_data"":true,""last_update_ts"":1784118750.7886424,""raw"":[15636,16520,20052]},""middle"":{""age_s"":0.009204864501953125,""channels"":3,""force"":[-0.02115059694548993,-3.9781094297400017],""has_data"":true,""last_update_ts"":1784118750.7886424,""raw"":[13428,13384,20573]},""pinky"":{""age_s"":0.009204864501953125,""channels"":3,""force"":[-1.022919779545525,-0.7337882888400014],""has_data"":true,""last_update_ts"":1784118750.7886424,""raw"":[17429,15301,17687]},""ring"":{""age_s"":0.009204864501953125,""channels"":3,""force"":[0.26870872028474935,0.287798205569997],""has_data"":true,""last_update_ts"":1784118750.7886424,""raw"":[15832,16391,15593]},""thumb"":{""age_s"":0.009204864501953125,""channels"":3,""force"":[0.0,-2.220446049250313e-16],""has_data"":true,""last_update_ts"":1784118750.7886424,""raw"":[0,0,0]}}","{""ble"":{""connection_state"":""connected"",""counter"":991916,""finger_order"":""DexterController.Visualizer"",""last_error"":null,""last_sample_age_s"":0.009231396994437091,""reconnect_count"":0,""sample_hz"":20.0,""sample_sequence"":280,""timestamp_us"":9715594080},""fingers"":{""index"":{""has_data"":true,""last_update_ts"":1784118750.7886424,""mapped"":true},""middle"":{""has_data"":true,""last_update_ts"":1784118750.7886424,""mapped"":true},""pinky"":{""has_data"":true,""last_update_ts"":1784118750.7886424,""mapped"":true},""ring"":{""has_data"":true,""last_update_ts"":1784118750.7886424,""mapped"":true},""thumb"":{""has_data"":true,""last_update_ts"":1784118750.7886424,""mapped"":true}},""ports"":{""available"":[""BLE:Dexter""],""unavailable"":[]}}"
1784118750.8479352,1784118750.8478172,282,ble,"{""index"":{""age_s"":0.009162664413452148,""channels"":3,""force"":[0.45377644355778735,-1.7428859508000016],""has_data"":true,""last_update_ts"":1784118750.8386545,""raw"":[15882,16826,19494]},""middle"":{""age_s"":0.009162664413452148,""channels"":3,""force"":[0.09277420932908065,-4.4168837431500005],""has_data"":true,""last_update_ts"":1784118750.8386545,""raw"":[13039,13232,21093]},""pinky"":{""age_s"":0.009162664413452148,""channels"":3,""force"":[-1.0185935210793993,-0.7340658184500013],""has_data"":true,""last_update_ts"":1784118750.8386545,""raw"":[17424,15305,17687]},""ring"":{""age_s"":0.009162664413452148,""channels"":3,""force"":[0.27303497875087324,0.2503317082199974],""has_data"":true,""last_update_ts"":1784118750.8386545,""raw"":[15800,16368,15633]},""thumb"":{""age_s"":0.009162664413452148,""channels"":3,""force"":[0.0,-2.220446049250313e-16],""has_data"":true,""last_update_ts"":1784118750.8386545,""raw"":[0,0,0]}}","{""ble"":{""connection_state"":""connected"",""counter"":991922,""finger_order"":""DexterController.Visualizer"",""last_error"":null,""last_sample_age_s"":0.009186658993712626,""reconnect_count"":0,""sample_hz"":20.0,""sample_sequence"":281,""timestamp_us"":9715650688},""fingers"":{""index"":{""has_data"":true,""last_update_ts"":1784118750.8386545,""mapped"":true},""middle"":{""has_data"":true,""last_update_ts"":1784118750.8386545,""mapped"":true},""pinky"":{""has_data"":true,""last_update_ts"":1784118750.8386545,""mapped"":true},""ring"":{""has_data"":true,""last_update_ts"":1784118750.8386545,""mapped"":true},""thumb"":{""has_data"":true,""last_update_ts"":1784118750.8386545,""mapped"":true}},""ports"":{""available"":[""BLE:Dexter""],""unavailable"":[]}}"
1784118750.8979318,1784118750.8978179,283,ble,"{""index"":{""age_s"":0.009160757064819336,""channels"":3,""force"":[0.4936741605231454,-1.5000475420500008],""has_data"":true,""last_update_ts"":1784118750.888657,""raw"":[15975,17002,19191]},""middle"":{""age_s"":0.009160757064819336,""channels"":3,""force"":[0.14661209246305607,-4.6033836410700015],""has_data"":true,""last_update_ts"":1784118750.888657,""raw"":[12871,13176,21317]},""pinky"":{""age_s"":0.009160757064819336,""channels"":3,""force"":[-1.0185935210793993,-0.7612637202300014],""has_data"":true,""last_update_ts"":1784118750.888657,""raw"":[17404,15285,17716]},""ring"":{""age_s"":0.009160757064819336,""channels"":3,""force"":[0.28120680029799594,0.25449465236999824],""has_data"":true,""last_update_ts"":1784118750.888657,""raw"":[15788,16373,15622]},""thumb"":{""age_s"":0.009160757064819336,""channels"":3,""force"":[0.0,-2.220446049250313e-16],""has_data"":true,""last_update_ts"":1784118750.888657,""raw"":[0,0,0]}}","{""ble"":{""connection_state"":""connected"",""counter"":991927,""finger_order"":""DexterController.Visualizer"",""last_error"":null,""last_sample_age_s"":0.00918318101321347,""reconnect_count"":0,""sample_hz"":20.0,""sample_sequence"":282,""timestamp_us"":9715697600},""fingers"":{""index"":{""has_data"":true,""last_update_ts"":1784118750.888657,""mapped"":true},""middle"":{""has_data"":true,""last_update_ts"":1784118750.888657,""mapped"":true},""pinky"":{""has_data"":true,""last_update_ts"":1784118750.888657,""mapped"":true},""ring"":{""has_data"":true,""last_update_ts"":1784118750.888657,""mapped"":true},""thumb"":{""has_data"":true,""last_update_ts"":1784118750.888657,""mapped"":true}},""ports"":{""available"":[""BLE:Dexter""],""unavailable"":[]}}"
1784118750.9479332,1784118750.9478145,284,ble,"{""index"":{""age_s"":0.009153604507446289,""channels"":3,""force"":[0.5023266774553914,-1.2791339724900013],""has_data"":true,""last_update_ts"":1784118750.9386609,""raw"":[16106,17151,18933]},""middle"":{""age_s"":0.009153604507446289,""channels"":3,""force"":[0.15045765554405488,-4.656669326190003],""has_data"":true,""last_update_ts"":1784118750.9386609,""raw"":[12829,13142,21375]},""pinky"":{""age_s"":0.009153604507446289,""channels"":3,""force"":[-1.0248425610860217,-0.7465546508999994],""has_data"":true,""last_update_ts"":1784118750.9386609,""raw"":[17424,15292,17703]},""ring"":{""age_s"":0.009153604507446289,""channels"":3,""force"":[0.2797647141426207,0.24644629367999737],""has_data"":true,""last_update_ts"":1784118750.9386609,""raw"":[15786,16368,15633]},""thumb"":{""age_s"":0.009153604507446289,""channels"":3,""force"":[0.0,-2.220446049250313e-16],""has_data"":true,""last_update_ts"":1784118750.9386609,""raw"":[0,0,0]}}","{""ble"":{""connection_state"":""connected"",""counter"":991932,""finger_order"":""DexterController.Visualizer"",""last_error"":null,""last_sample_age_s"":0.009177550004096702,""reconnect_count"":0,""sample_hz"":20.0,""sample_sequence"":283,""timestamp_us"":9715744576},""fingers"":{""index"":{""has_data"":true,""last_update_ts"":1784118750.9386609,""mapped"":true},""middle"":{""has_data"":true,""last_update_ts"":1784118750.9386609,""mapped"":true},""pinky"":{""has_data"":true,""last_update_ts"":1784118750.9386609,""mapped"":true},""ring"":{""has_data"":true,""last_update_ts"":1784118750.9386609,""mapped"":true},""thumb"":{""has_data"":true,""last_update_ts"":1784118750.9386609,""mapped"":true}},""ports"":{""available"":[""BLE:Dexter""],""unavailable"":[]}}"
1784118750.9979274,1784118750.9978142,285,ble,"{""index"":{""age_s"":0.009153366088867188,""channels"":3,""force"":[0.4898285974421466,-1.1642367139500012],""has_data"":true,""last_update_ts"":1784118750.9886608,""raw"":[16180,17199,18787]},""middle"":{""age_s"":0.009153366088867188,""channels"":3,""force"":[0.08604447393733405,-4.355827228950001],""has_data"":true,""last_update_ts"":1784118750.9886608,""raw"":[13092,13271,21029]},""pinky"":{""age_s"":0.009153366088867188,""channels"":3,""force"":[-1.0243618657008966,-0.7507175950499994],""has_data"":true,""last_update_ts"":1784118750.9886608,""raw"":[17416,15285,17703]},""ring"":{""age_s"":0.009153366088867188,""channels"":3,""force"":[0.27399636952111805,0.25088676743999905],""has_data"":true,""last_update_ts"":1784118750.9886608,""raw"":[15797,16367,15630]},""thumb"":{""age_s"":0.009153366088867188,""channels"":3,""force"":[0.0,-2.220446049250313e-16],""has_data"":true,""last_update_ts"":1784118750.9886608,""raw"":[0,0,0]}}","{""ble"":{""connection_state"":""connected"",""counter"":991938,""finger_order"":""DexterController.Visualizer"",""last_error"":null,""last_sample_age_s"":0.009176599007332698,""reconnect_count"":0,""sample_hz"":20.0,""sample_sequence"":284,""timestamp_us"":9715801056},""fingers"":{""index"":{""has_data"":true,""last_update_ts"":1784118750.9886608,""mapped"":true},""middle"":{""has_data"":true,""last_update_ts"":1784118750.9886608,""mapped"":true},""pinky"":{""has_data"":true,""last_update_ts"":1784118750.9886608,""mapped"":true},""ring"":{""has_data"":true,""last_update_ts"":1784118750.9886608,""mapped"":true},""thumb"":{""has_data"":true,""last_update_ts"":1784118750.9886608,""mapped"":true}},""ports"":{""available"":[""BLE:Dexter""],""unavailable"":[]}}"
1784118751.047936,1784118751.0478132,286,ble,"{""index"":{""age_s"":0.009153366088867188,""channels"":3,""force"":[0.47492704050327994,-1.2533237187600017],""has_data"":true,""last_update_ts"":1784118751.0386598,""raw"":[16122,17110,18874]},""middle"":{""age_s"":0.009153366088867188,""channels"":3,""force"":[0.1086371570382001,-4.17071497908],""has_data"":true,""last_update_ts"":1784118751.0386598,""raw"":[13147,13373,20774]},""pinky"":{""age_s"":0.009153366088867188,""channels"":3,""force"":[-0.5667398590621104,-0.5192579003100031],""has_data"":true,""last_update_ts"":1784118751.0386598,""raw"":[17296,16117,17642]},""ring"":{""age_s"":0.009153366088867188,""channels"":3,""force"":[0.29947322493273276,0.3399737722499987],""has_data"":true,""last_update_ts"":1784118751.0386598,""raw"":[15768,16391,15467]},""thumb"":{""age_s"":0.009153366088867188,""channels"":3,""force"":[0.0,-2.220446049250313e-16],""has_data"":true,""last_update_ts"":1784118751.0386598,""raw"":[0,0,0]}}","{""ble"":{""connection_state"":""connected"",""counter"":991943,""finger_order"":""DexterController.Visualizer"",""last_error"":null,""last_sample_age_s"":0.009176879000733607,""reconnect_count"":0,""sample_hz"":20.0,""sample_sequence"":285,""timestamp_us"":9715848096},""fingers"":{""index"":{""has_data"":true,""last_update_ts"":1784118751.0386598,""mapped"":true},""middle"":{""has_data"":true,""last_update_ts"":1784118751.0386598,""mapped"":true},""pinky"":{""has_data"":true,""last_update_ts"":1784118751.0386598,""mapped"":true},""ring"":{""has_data"":true,""last_update_ts"":1784118751.0386598,""mapped"":true},""thumb"":{""has_data"":true,""last_update_ts"":1784118751.0386598,""mapped"":true}},""ports"":{""available"":[""BLE:Dexter""],""unavailable"":[]}}"
1784118751.0979354,1784118751.0978138,287,ble,"{""index"":{""age_s"":0.009153127670288086,""channels"":3,""force"":[0.3696547511609527,-1.8536202651900018],""has_data"":true,""last_update_ts"":1784118751.0886607,""raw"":[15872,16641,19596]},""middle"":{""age_s"":0.009153127670288086,""channels"":3,""force"":[-0.05095371082322586,-3.0117513277200016],""has_data"":true,""last_update_ts"":1784118751.0886607,""raw"":[14033,13927,19406]},""pinky"":{""age_s"":0.009153127670288086,""channels"":3,""force"":[-1.0214776933901462,-0.7490524173900033],""has_data"":true,""last_update_ts"":1784118751.0886607,""raw"":[17418,15293,17705]},""ring"":{""age_s"":0.009153127670288086,""channels"":3,""force"":[0.2735156741359983,0.25282947470999684],""has_data"":true,""last_update_ts"":1784118751.0886607,""raw"":[15800,16369,15629]},""thumb"":{""age_s"":0.009153127670288086,""channels"":3,""force"":[0.0,-2.220446049250313e-16],""has_data"":true,""last_update_ts"":1784118751.0886607,""raw"":[0,0,0]}}","{""ble"":{""connection_state"":""connected"",""counter"":991948,""finger_order"":""DexterController.Visualizer"",""last_error"":null,""last_sample_age_s"":0.009176699008094147,""reconnect_count"":0,""sample_hz"":20.0,""sample_sequence"":286,""timestamp_us"":9715895136},""fingers"":{""index"":{""has_data"":true,""last_update_ts"":1784118751.0886607,""mapped"":true},""middle"":{""has_data"":true,""last_update_ts"":1784118751.0886607,""mapped"":true},""pinky"":{""has_data"":true,""last_update_ts"":1784118751.0886607,""mapped"":true},""ring"":{""has_data"":true,""last_update_ts"":1784118751.0886607,""mapped"":true},""thumb"":{""has_data"":true,""last_update_ts"":1784118751.0886607,""mapped"":true}},""ports"":{""available"":[""BLE:Dexter""],""unavailable"":[]}}"
1784118751.1479511,1784118751.1478183,288,ble,"{""index"":{""age_s"":0.009158134460449219,""channels"":3,""force"":[0.14901556938868055,-3.021742393680002],""has_data"":true,""last_update_ts"":1784118751.1386602,""raw"":[15404,15714,21003]},""middle"":{""age_s"":0.009158134460449219,""channels"":3,""force"":[-0.27303497875087324,-1.4975497755600014],""has_data"":true,""last_update_ts"":1784118751.1386602,""raw"":[15178,14610,17592]},""pinky"":{""age_s"":0.009158134460449219,""channels"":3,""force"":[-1.0109023949174016,-0.7573783056900032],""has_data"":true,""last_update_ts"":1784118751.1386602,""raw"":[17399,15296,17712]},""ring"":{""age_s"":0.009158134460449219,""channels"":3,""force"":[0.2735156741360001,0.23673275732999777],""has_data"":true,""last_update_ts"":1784118751.1386602,""raw"":[15791,16360,15649]},""thumb"":{""age_s"":0.009158134460449219,""channels"":3,""force"":[0.0,-2.220446049250313e-16],""has_data"":true,""last_update_ts"":1784118751.1386602,""raw"":[0,0,0]}}","{""ble"":{""connection_state"":""connected"",""counter"":991953,""finger_order"":""DexterController.Visualizer"",""last_error"":null,""last_sample_age_s"":0.00918160899891518,""reconnect_count"":0,""sample_hz"":20.0,""sample_sequence"":287,""timestamp_us"":9715942240},""fingers"":{""index"":{""has_data"":true,""last_update_ts"":1784118751.1386602,""mapped"":true},""middle"":{""has_data"":true,""last_update_ts"":1784118751.1386602,""mapped"":true},""pinky"":{""has_data"":true,""last_update_ts"":1784118751.1386602,""mapped"":true},""ring"":{""has_data"":true,""last_update_ts"":1784118751.1386602,""mapped"":true},""thumb"":{""has_data"":true,""last_update_ts"":1784118751.1386602,""mapped"":true}},""ports"":{""available"":[""BLE:Dexter""],""unavailable"":[]}}"
1784118751.1979394,1784118751.1978178,289,ble,"{""index"":{""age_s"":0.009157180786132812,""channels"":3,""force"":[-0.05479927390422468,-4.246203033000002],""has_data"":true,""last_update_ts"":1784118751.1886606,""raw"":[14870,14756,22463]},""middle"":{""age_s"":0.009157180786132812,""channels"":3,""force"":[-0.39224743426181696,-0.39520216464000146],""has_data"":true,""last_update_ts"":1784118751.1886606,""raw"":[15938,15122,16242]},""pinky"":{""age_s"":0.009157180786132812,""channels"":3,""force"":[-1.0301302103223957,-0.754603009590002],""has_data"":true,""last_update_ts"":1784118751.1886606,""raw"":[17417,15274,17705]},""ring"":{""age_s"":0.009157180786132812,""channels"":3,""force"":[0.2754384556765004,0.24727888250999985],""has_data"":true,""last_update_ts"":1784118751.1886606,""raw"":[15791,16364,15632]},""thumb"":{""age_s"":0.009157180786132812,""channels"":3,""force"":[0.0,-2.220446049250313e-16],""has_data"":true,""last_update_ts"":1784118751.1886606,""raw"":[0,0,0]}}","{""ble"":{""connection_state"":""connected"",""counter"":991959,""finger_order"":""DexterController.Visualizer"",""last_error"":null,""last_sample_age_s"":0.009180074994219467,""reconnect_count"":0,""sample_hz"":20.0,""sample_sequence"":288,""timestamp_us"":9715998784},""fingers"":{""index"":{""has_data"":true,""last_update_ts"":1784118751.1886606,""mapped"":true},""middle"":{""has_data"":true,""last_update_ts"":1784118751.1886606,""mapped"":true},""pinky"":{""has_data"":true,""last_update_ts"":1784118751.1886606,""mapped"":true},""ring"":{""has_data"":true,""last_update_ts"":1784118751.1886606,""mapped"":true},""thumb"":{""has_data"":true,""last_update_ts"":1784118751.1886606,""mapped"":true}},""ports"":{""available"":[""BLE:Dexter""],""unavailable"":[]}}"
1784118751.2479358,1784118751.247818,290,ble,"{""index"":{""age_s"":0.009157896041870117,""channels"":3,""force"":[-0.20958318791440256,-4.7701789366800025],""has_data"":true,""last_update_ts"":1784118751.23866,""raw"":[14696,14260,23072]},""middle"":{""age_s"":0.009157896041870117,""channels"":3,""force"":[-0.3634057111543303,0.16096717379999692],""has_data"":true,""last_update_ts"":1784118751.23866,""raw"":[16181,15425,15513]},""pinky"":{""age_s"":0.009157896041870117,""channels"":3,""force"":[-0.544627871346373,-0.5103769527900033],""has_data"":true,""last_update_ts"":1784118751.23866,""raw"":[17290,16157,17643]},""ring"":{""age_s"":0.009157896041870117,""channels"":3,""force"":[0.29899252954761124,0.3519075454799996],""has_data"":true,""last_update_ts"":1784118751.23866,""raw"":[15771,16393,15448]},""thumb"":{""age_s"":0.009157896041870117,""channels"":3,""force"":[0.0,-2.220446049250313e-16],""has_data"":true,""last_update_ts"":1784118751.23866,""raw"":[0,0,0]}}","{""ble"":{""connection_state"":""connected"",""counter"":991964,""finger_order"":""DexterController.Visualizer"",""last_error"":null,""last_sample_age_s"":0.009180927998386323,""reconnect_count"":0,""sample_hz"":20.0,""sample_sequence"":289,""timestamp_us"":9716045728},""fingers"":{""index"":{""has_data"":true,""last_update_ts"":1784118751.23866,""mapped"":true},""middle"":{""has_data"":true,""last_update_ts"":1784118751.23866,""mapped"":true},""pinky"":{""has_data"":true,""last_update_ts"":1784118751.23866,""mapped"":true},""ring"":{""has_data"":true,""last_update_ts"":1784118751.23866,""mapped"":true},""thumb"":{""has_data"":true,""last_update_ts"":1784118751.23866,""mapped"":true}},""ports"":{""available"":[""BLE:Dexter""],""unavailable"":[]}}"
1784118751.2979348,1784118751.2978172,291,ble,"{""index"":{""age_s"":0.00915670394897461,""channels"":3,""force"":[-0.4561799204834118,-4.78100259147],""has_data"":true,""last_update_ts"":1784118751.2886605,""raw"":[14917,13968,23056]},""middle"":{""age_s"":0.00915670394897461,""channels"":3,""force"":[-0.20766040637390226,0.32692988057999983],""has_data"":true,""last_update_ts"":1784118751.2886605,""raw"":[16130,15698,15325]},""pinky"":{""age_s"":0.00915670394897461,""channels"":3,""force"":[-1.020996998005021,-0.7532153615400032],""has_data"":true,""last_update_ts"":1784118751.2886605,""raw"":[17415,15291,17710]},""ring"":{""age_s"":0.00915670394897461,""channels"":3,""force"":[0.2744770649062449,0.2489440601699986],""has_data"":true,""last_update_ts"":1784118751.2886605,""raw"":[15797,16368,15634]},""thumb"":{""age_s"":0.00915670394897461,""channels"":3,""force"":[0.0,-2.220446049250313e-16],""has_data"":true,""last_update_ts"":1784118751.2886605,""raw"":[0,0,0]}}","{""ble"":{""connection_state"":""connected"",""counter"":991969,""finger_order"":""DexterController.Visualizer"",""last_error"":null,""last_sample_age_s"":0.009179403990856372,""reconnect_count"":0,""sample_hz"":20.0,""sample_sequence"":290,""timestamp_us"":9716092640},""fingers"":{""index"":{""has_data"":true,""last_update_ts"":1784118751.2886605,""mapped"":true},""middle"":{""has_data"":true,""last_update_ts"":1784118751.2886605,""mapped"":true},""pinky"":{""has_data"":true,""last_update_ts"":1784118751.2886605,""mapped"":true},""ring"":{""has_data"":true,""last_update_ts"":1784118751.2886605,""mapped"":true},""thumb"":{""has_data"":true,""last_update_ts"":1784118751.2886605,""mapped"":true}},""ports"":{""available"":[""BLE:Dexter""],""unavailable"":[]}}"
1784118751.3479393,1784118751.3478189,292,ble,"{""index"":{""age_s"":0.009160041809082031,""channels"":3,""force"":[-0.8253539762592386,-3.630364828410002],""has_data"":true,""last_update_ts"":1784118751.3386588,""raw"":[15865,14148,21547]},""middle"":{""age_s"":0.009160041809082031,""channels"":3,""force"":[0.058644836985221716,0.3674492036399979],""has_data"":true,""last_update_ts"":1784118751.3386588,""raw"":[15847,15969,15246]},""pinky"":{""age_s"":0.009160041809082031,""channels"":3,""force"":[-1.0205163026198978,-0.7396164106500018],""has_data"":true,""last_update_ts"":1784118751.3386588,""raw"":[17418,15295,17689]},""ring"":{""age_s"":0.009160041809082031,""channels"":3,""force"":[0.28168749568311924,0.26420818871999874],""has_data"":true,""last_update_ts"":1784118751.3386588,""raw"":[15794,16380,15611]},""thumb"":{""age_s"":0.009160041809082031,""channels"":3,""force"":[0.0,-2.220446049250313e-16],""has_data"":true,""last_update_ts"":1784118751.3386588,""raw"":[0,0,0]}}","{""ble"":{""connection_state"":""connected"",""counter"":991975,""finger_order"":""DexterController.Visualizer"",""last_error"":null,""last_sample_age_s"":0.009182419991702773,""reconnect_count"":0,""sample_hz"":20.0,""sample_sequence"":291,""timestamp_us"":9716148832},""fingers"":{""index"":{""has_data"":true,""last_update_ts"":1784118751.3386588,""mapped"":true},""middle"":{""has_data"":true,""last_update_ts"":1784118751.3386588,""mapped"":true},""pinky"":{""has_data"":true,""last_update_ts"":1784118751.3386588,""mapped"":true},""ring"":{""has_data"":true,""last_update_ts"":1784118751.3386588,""mapped"":true},""thumb"":{""has_data"":true,""last_update_ts"":1784118751.3386588,""mapped"":true}},""ports"":{""available"":[""BLE:Dexter""],""unavailable"":[]}}"
1784118751.3979506,1784118751.3978193,293,ble,"{""index"":{""age_s"":0.00915980339050293,""channels"":3,""force"":[-0.9368753056081864,-2.7505959647100005],""has_data"":true,""last_update_ts"":1784118751.3886595,""raw"":[16409,14460,20390]},""middle"":{""age_s"":0.00915980339050293,""channels"":3,""force"":[0.2081411017590291,-0.04357214877000004],""has_data"":true,""last_update_ts"":1784118751.3886595,""raw"":[15319,15752,15614]},""pinky"":{""age_s"":0.00915980339050293,""channels"":3,""force"":[-1.017151434924024,-0.7532153615400023],""has_data"":true,""last_update_ts"":1784118751.3886595,""raw"":[17409,15293,17708]},""ring"":{""age_s"":0.00915980339050293,""channels"":3,""force"":[0.27543845567649505,0.25060923782999645],""has_data"":true,""last_update_ts"":1784118751.3886595,""raw"":[15794,16367,15629]},""thumb"":{""age_s"":0.00915980339050293,""channels"":3,""force"":[0.0,-2.220446049250313e-16],""has_data"":true,""last_update_ts"":1784118751.3886595,""raw"":[0,0,0]}}","{""ble"":{""connection_state"":""connected"",""counter"":991980,""finger_order"":""DexterController.Visualizer"",""last_error"":null,""last_sample_age_s"":0.009183522008243017,""reconnect_count"":0,""sample_hz"":20.0,""sample_sequence"":292,""timestamp_us"":9716195712},""fingers"":{""index"":{""has_data"":true,""last_update_ts"":1784118751.3886595,""mapped"":true},""middle"":{""has_data"":true,""last_update_ts"":1784118751.3886595,""mapped"":true},""pinky"":{""has_data"":true,""last_update_ts"":1784118751.3886595,""mapped"":true},""ring"":{""has_data"":true,""last_update_ts"":1784118751.3886595,""mapped"":true},""thumb"":{""has_data"":true,""last_update_ts"":1784118751.3886595,""mapped"":true}},""ports"":{""available"":[""BLE:Dexter""],""unavailable"":[]}}"
1784118751.44805,1784118751.4478343,294,ble,"{""index"":{""age_s"":0.009135246276855469,""channels"":3,""force"":[-0.8633289116840963,-2.2846237495200024],""has_data"":true,""last_update_ts"":1784118751.438699,""raw"":[16498,14702,19716]},""middle"":{""age_s"":0.009135246276855469,""channels"":3,""force"":[0.20285345252265685,-0.2869656167400034],""has_data"":true,""last_update_ts"":1784118751.438699,""raw"":[15084,15506,15812]},""pinky"":{""age_s"":0.009135246276855469,""channels"":3,""force"":[-1.020035607234771,-0.7471097101200028],""has_data"":true,""last_update_ts"":1784118751.438699,""raw"":[17415,15293,17700]},""ring"":{""age_s"":0.009135246276855469,""channels"":3,""force"":[0.27063150182524964,0.2483890009499996],""has_data"":true,""last_update_ts"":1784118751.438699,""raw"":[15798,16361,15632]},""thumb"":{""age_s"":0.009135246276855469,""channels"":3,""force"":[0.0,-2.220446049250313e-16],""has_data"":true,""last_update_ts"":1784118751.438699,""raw"":[0,0,0]}}","{""ble"":{""connection_state"":""connected"",""counter"":991985,""finger_order"":""DexterController.Visualizer"",""last_error"":null,""last_sample_age_s"":0.009169525001198053,""reconnect_count"":0,""sample_hz"":20.0,""sample_sequence"":293,""timestamp_us"":9716242720},""fingers"":{""index"":{""has_data"":true,""last_update_ts"":1784118751.438699,""mapped"":true},""middle"":{""has_data"":true,""last_update_ts"":1784118751.438699,""mapped"":true},""pinky"":{""has_data"":true,""last_update_ts"":1784118751.438699,""mapped"":true},""ring"":{""has_data"":true,""last_update_ts"":1784118751.438699,""mapped"":true},""thumb"":{""has_data"":true,""last_update_ts"":1784118751.438699,""mapped"":true}},""ports"":{""available"":[""BLE:Dexter""],""unavailable"":[]}}"
1784118751.4979227,1784118751.4978049,295,ble,"{""index"":{""age_s"":0.009145021438598633,""channels"":3,""force"":[-0.7128712561400423,-1.9335487928700035],""has_data"":true,""last_update_ts"":1784118751.4886599,""raw"":[16384,14901,19126]},""middle"":{""age_s"":0.009145021438598633,""channels"":3,""force"":[0.25957550796737827,-0.31915905150000157],""has_data"":true,""last_update_ts"":1784118751.4886599,""raw"":[14939,15479,15784]},""pinky"":{""age_s"":0.009145021438598633,""channels"":3,""force"":[-1.0161900441537757,-0.7493299470000023],""has_data"":true,""last_update_ts"":1784118751.4886599,""raw"":[17412,15298,17705]},""ring"":{""age_s"":0.009145021438598633,""channels"":3,""force"":[0.2744770649062467,0.25171935626999886],""has_data"":true,""last_update_ts"":1784118751.4886599,""raw"":[15798,16369,15630]},""thumb"":{""age_s"":0.009145021438598633,""channels"":3,""force"":[0.0,-2.220446049250313e-16],""has_data"":true,""last_update_ts"":1784118751.4886599,""raw"":[0,0,0]}}","{""ble"":{""connection_state"":""connected"",""counter"":991991,""finger_order"":""DexterController.Visualizer"",""last_error"":null,""last_sample_age_s"":0.009166869000182487,""reconnect_count"":0,""sample_hz"":20.0,""sample_sequence"":294,""timestamp_us"":9716299136},""fingers"":{""index"":{""has_data"":true,""last_update_ts"":1784118751.4886599,""mapped"":true},""middle"":{""has_data"":true,""last_update_ts"":1784118751.4886599,""mapped"":true},""pinky"":{""has_data"":true,""last_update_ts"":1784118751.4886599,""mapped"":true},""ring"":{""has_data"":true,""last_update_ts"":1784118751.4886599,""mapped"":true},""thumb"":{""has_data"":true,""last_update_ts"":1784118751.4886599,""mapped"":true}},""ports"":{""available"":[""BLE:Dexter""],""unavailable"":[]}}"
1784118751.5479481,1784118751.5478172,296,ble,"{""index"":{""age_s"":0.009158134460449219,""channels"":3,""force"":[-0.6321144314390796,-1.7020890981300019],""has_data"":true,""last_update_ts"":1784118751.538659,""raw"":[16392,15077,18801]},""middle"":{""age_s"":0.009158134460449219,""channels"":3,""force"":[0.21967779100202378,-0.26670595521000173],""has_data"":true,""last_update_ts"":1784118751.538659,""raw"":[14871,15328,15580]},""pinky"":{""age_s"":0.009158134460449219,""channels"":3,""force"":[1.5627406970406437,0.4609766822100001],""has_data"":true,""last_update_ts"":1784118751.538659,""raw"":[16563,19814,17358]},""ring"":{""age_s"":0.009158134460449219,""channels"":3,""force"":[0.33408329266171854,0.7551580688099992],""has_data"":true,""last_update_ts"":1784118751.538659,""raw"":[15726,16421,14713]},""thumb"":{""age_s"":0.009158134460449219,""channels"":3,""force"":[0.0,-2.220446049250313e-16],""has_data"":true,""last_update_ts"":1784118751.538659,""raw"":[0,0,0]}}","{""ble"":{""connection_state"":""connected"",""counter"":991996,""finger_order"":""DexterController.Visualizer"",""last_error"":null,""last_sample_age_s"":0.009181127999909222,""reconnect_count"":0,""sample_hz"":20.0,""sample_sequence"":295,""timestamp_us"":9716346240},""fingers"":{""index"":{""has_data"":true,""last_update_ts"":1784118751.538659,""mapped"":true},""middle"":{""has_data"":true,""last_update_ts"":1784118751.538659,""mapped"":true},""pinky"":{""has_data"":true,""last_update_ts"":1784118751.538659,""mapped"":true},""ring"":{""has_data"":true,""last_update_ts"":1784118751.538659,""mapped"":true},""thumb"":{""has_data"":true,""last_update_ts"":1784118751.538659,""mapped"":true}},""ports"":{""available"":[""BLE:Dexter""],""unavailable"":[]}}"
1784118751.597931,1784118751.5978034,297,ble,"{""index"":{""age_s"":0.009144067764282227,""channels"":3,""force"":[-0.5177089297793831,-1.7059745126700019],""has_data"":true,""last_update_ts"":1784118751.5886593,""raw"":[16255,15178,18790]},""middle"":{""age_s"":0.009144067764282227,""channels"":3,""force"":[0.254287858731006,-0.5475659205300012],""has_data"":true,""last_update_ts"":1784118751.5886593,""raw"":[14792,15321,16043]},""pinky"":{""age_s"":0.009144067764282227,""channels"":3,""force"":[-1.0219583887752748,-0.747109710120001],""has_data"":true,""last_update_ts"":1784118751.5886593,""raw"":[17417,15291,17700]},""ring"":{""age_s"":0.009144067764282227,""channels"":3,""force"":[0.2778419326021222,0.24866653055999866],""has_data"":true,""last_update_ts"":1784118751.5886593,""raw"":[15791,16369,15632]},""thumb"":{""age_s"":0.009144067764282227,""channels"":3,""force"":[0.0,-2.220446049250313e-16],""has_data"":true,""last_update_ts"":1784118751.5886593,""raw"":[0,0,0]}}","{""ble"":{""connection_state"":""connected"",""counter"":992001,""finger_order"":""DexterController.Visualizer"",""last_error"":null,""last_sample_age_s"":0.00916664898977615,""reconnect_count"":0,""sample_hz"":20.0,""sample_sequence"":296,""timestamp_us"":9716393216},""fingers"":{""index"":{""has_data"":true,""last_update_ts"":1784118751.5886593,""mapped"":true},""middle"":{""has_data"":true,""last_update_ts"":1784118751.5886593,""mapped"":true},""pinky"":{""has_data"":true,""last_update_ts"":1784118751.5886593,""mapped"":true},""ring"":{""has_data"":true,""last_update_ts"":1784118751.5886593,""mapped"":true},""thumb"":{""has_data"":true,""last_update_ts"":1784118751.5886593,""mapped"":true}},""ports"":{""available"":[""BLE:Dexter""],""unavailable"":[]}}"
1784118751.6479487,1784118751.647817,298,ble,"{""index"":{""age_s"":0.009155750274658203,""channels"":3,""force"":[-0.49944250514464095,-1.5960727871100024],""has_data"":true,""last_update_ts"":1784118751.6386611,""raw"":[16357,15318,18713]},""middle"":{""age_s"":0.009155750274658203,""channels"":3,""force"":[0.14468931092255666,-0.39214933893000214],""has_data"":true,""last_update_ts"":1784118751.6386611,""raw"":[15136,15437,15993]},""pinky"":{""age_s"":0.009155750274658203,""channels"":3,""force"":[-1.0190742164645243,-0.7371186441600024],""has_data"":true,""last_update_ts"":1784118751.6386611,""raw"":[17412,15292,17680]},""ring"":{""age_s"":0.009155750274658203,""channels"":3,""force"":[0.2908207080004903,0.27003631052999655],""has_data"":true,""last_update_ts"":1784118751.6386611,""raw"":[15803,16408,15619]},""thumb"":{""age_s"":0.009155750274658203,""channels"":3,""force"":[0.0,-2.220446049250313e-16],""has_data"":true,""last_update_ts"":1784118751.6386611,""raw"":[0,0,0]}}","{""ble"":{""connection_state"":""connected"",""counter"":992007,""finger_order"":""DexterController.Visualizer"",""last_error"":null,""last_sample_age_s"":0.009178312990115955,""reconnect_count"":0,""sample_hz"":20.0,""sample_sequence"":297,""timestamp_us"":9716449632},""fingers"":{""index"":{""has_data"":true,""last_update_ts"":1784118751.6386611,""mapped"":true},""middle"":{""has_data"":true,""last_update_ts"":1784118751.6386611,""mapped"":true},""pinky"":{""has_data"":true,""last_update_ts"":1784118751.6386611,""mapped"":true},""ring"":{""has_data"":true,""last_update_ts"":1784118751.6386611,""mapped"":true},""thumb"":{""has_data"":true,""last_update_ts"":1784118751.6386611,""mapped"":true}},""ports"":{""available"":[""BLE:Dexter""],""unavailable"":[]}}"
1784118751.6979282,1784118751.697802,299,ble,"{""index"":{""age_s"":0.009142160415649414,""channels"":3,""force"":[-0.5100178036173872,-1.109285851170001],""has_data"":true,""last_update_ts"":1784118751.68866,""raw"":[16772,15711,18240]},""middle"":{""age_s"":0.009142160415649414,""channels"":3,""force"":[-0.016824338479368706,-0.17567624313000074],""has_data"":true,""last_update_ts"":1784118751.68866,""raw"":[15501,15466,15800]},""pinky"":{""age_s"":0.009142160415649414,""channels"":3,""force"":[-1.012344481072775,-0.7598760721800009],""has_data"":true,""last_update_ts"":1784118751.68866,""raw"":[17399,15293,17715]},""ring"":{""age_s"":0.009142160415649414,""channels"":3,""force"":[0.27928401875749564,0.24561370484999756],""has_data"":true,""last_update_ts"":1784118751.68866,""raw"":[15788,16369,15636]},""thumb"":{""age_s"":0.009142160415649414,""channels"":3,""force"":[0.0,-2.220446049250313e-16],""has_data"":true,""last_update_ts"":1784118751.68866,""raw"":[0,0,0]}}","{""ble"":{""connection_state"":""connected"",""counter"":992012,""finger_order"":""DexterController.Visualizer"",""last_error"":null,""last_sample_age_s"":0.00916387299366761,""reconnect_count"":0,""sample_hz"":20.0,""sample_sequence"":298,""timestamp_us"":9716496672},""fingers"":{""index"":{""has_data"":true,""last_update_ts"":1784118751.68866,""mapped"":true},""middle"":{""has_data"":true,""last_update_ts"":1784118751.68866,""mapped"":true},""pinky"":{""has_data"":true,""last_update_ts"":1784118751.68866,""mapped"":true},""ring"":{""has_data"":true,""last_update_ts"":1784118751.68866,""mapped"":true},""thumb"":{""has_data"":true,""last_update_ts"":1784118751.68866,""mapped"":true}},""ports"":{""available"":[""BLE:Dexter""],""unavailable"":[]}}"
1784118751.7479446,1784118751.7478166,300,ble,"{""index"":{""age_s"":0.009156465530395508,""channels"":3,""force"":[-0.38167213578907067,-0.7254624005400023],""has_data"":true,""last_update_ts"":1784118751.73866,""raw"":[16960,16166,17870]},""middle"":{""age_s"":0.009156465530395508,""channels"":3,""force"":[-0.01586294770911678,-0.05911380693000279],""has_data"":true,""last_update_ts"":1784118751.73866,""raw"":[15741,15708,15831]},""pinky"":{""age_s"":0.009156465530395508,""channels"":3,""force"":[-1.0301302103223922,-0.7546030095900012],""has_data"":true,""last_update_ts"":1784118751.73866,""raw"":[17418,15275,17706]},""ring"":{""age_s"":0.009156465530395508,""channels"":3,""force"":[0.26197898489300364,0.28557796868999663],""has_data"":true,""last_update_ts"":1784118751.73866,""raw"":[15817,16362,15575]},""thumb"":{""age_s"":0.009156465530395508,""channels"":3,""force"":[0.0,-2.220446049250313e-16],""has_data"":true,""last_update_ts"":1784118751.73866,""raw"":[0,0,0]}}","{""ble"":{""connection_state"":""connected"",""counter"":992017,""finger_order"":""DexterController.Visualizer"",""last_error"":null,""last_sample_age_s"":0.009179814995150082,""reconnect_count"":0,""sample_hz"":20.0,""sample_sequence"":299,""timestamp_us"":9716543648},""fingers"":{""index"":{""has_data"":true,""last_update_ts"":1784118751.73866,""mapped"":true},""middle"":{""has_data"":true,""last_update_ts"":1784118751.73866,""mapped"":true},""pinky"":{""has_data"":true,""last_update_ts"":1784118751.73866,""mapped"":true},""ring"":{""has_data"":true,""last_update_ts"":1784118751.73866,""mapped"":true},""thumb"":{""has_data"":true,""last_update_ts"":1784118751.73866,""mapped"":true}},""ports"":{""available"":[""BLE:Dexter""],""unavailable"":[]}}"
1784118751.7979295,1784118751.7978022,301,ble,"{""index"":{""age_s"":0.00914311408996582,""channels"":3,""force"":[-0.41387872659243463,-0.7584884241300012],""has_data"":true,""last_update_ts"":1784118751.788659,""raw"":[16985,16124,17921]},""middle"":{""age_s"":0.00914311408996582,""channels"":3,""force"":[-0.024515464641361007,-0.014154010110000392],""has_data"":true,""last_update_ts"":1784118751.788659,""raw"":[15786,15735,15786]},""pinky"":{""age_s"":0.00914311408996582,""channels"":3,""force"":[-1.009941004147155,-0.7668143124300002],""has_data"":true,""last_update_ts"":1784118751.788659,""raw"":[17392,15291,17723]},""ring"":{""age_s"":0.00914311408996582,""channels"":3,""force"":[0.27928401875749564,0.25504971158999723],""has_data"":true,""last_update_ts"":1784118751.788659,""raw"":[15795,16376,15626]},""thumb"":{""age_s"":0.00914311408996582,""channels"":3,""force"":[0.0,-2.220446049250313e-16],""has_data"":true,""last_update_ts"":1784118751.788659,""raw"":[0,0,0]}}","{""ble"":{""connection_state"":""connected"",""counter"":992023,""finger_order"":""DexterController.Visualizer"",""last_error"":null,""last_sample_age_s"":0.009164866001810879,""reconnect_count"":0,""sample_hz"":20.0,""sample_sequence"":300,""timestamp_us"":9716600064},""fingers"":{""index"":{""has_data"":true,""last_update_ts"":1784118751.788659,""mapped"":true},""middle"":{""has_data"":true,""last_update_ts"":1784118751.788659,""mapped"":true},""pinky"":{""has_data"":true,""last_update_ts"":1784118751.788659,""mapped"":true},""ring"":{""has_data"":true,""last_update_ts"":1784118751.788659,""mapped"":true},""thumb"":{""has_data"":true,""last_update_ts"":1784118751.788659,""mapped"":true}},""ports"":{""available"":[""BLE:Dexter""],""unavailable"":[]}}"
1784118751.8480518,1784118751.8478348,302,ble,"{""index"":{""age_s"":0.009128332138061523,""channels"":3,""force"":[-0.37734587732295033,-0.7401714698700026],""has_data"":true,""last_update_ts"":1784118751.8387065,""raw"":[16924,16139,17865]},""middle"":{""age_s"":0.009128332138061523,""channels"":3,""force"":[-0.026918941566986376,0.022757428019996695],""has_data"":true,""last_update_ts"":1784118751.8387065,""raw"":[15677,15621,15608]},""pinky"":{""age_s"":0.009128332138061523,""channels"":3,""force"":[1.665128814072224,0.5317467327599967],""has_data"":true,""last_update_ts"":1784118751.8387065,""raw"":[16502,19966,17276]},""ring"":{""age_s"":0.009128332138061523,""channels"":3,""force"":[0.32783425265509614,0.7632064274999992],""has_data"":true,""last_update_ts"":1784118751.8387065,""raw"":[15739,16421,14705]},""thumb"":{""age_s"":0.009128332138061523,""channels"":3,""force"":[0.0,-2.220446049250313e-16],""has_data"":true,""last_update_ts"":1784118751.8387065,""raw"":[0,0,0]}}","{""ble"":{""connection_state"":""connected"",""counter"":992028,""finger_order"":""DexterController.Visualizer"",""last_error"":null,""last_sample_age_s"":0.009163101989543065,""reconnect_count"":0,""sample_hz"":20.0,""sample_sequence"":301,""timestamp_us"":9716647040},""fingers"":{""index"":{""has_data"":true,""last_update_ts"":1784118751.8387065,""mapped"":true},""middle"":{""has_data"":true,""last_update_ts"":1784118751.8387065,""mapped"":true},""pinky"":{""has_data"":true,""last_update_ts"":1784118751.8387065,""mapped"":true},""ring"":{""has_data"":true,""last_update_ts"":1784118751.8387065,""mapped"":true},""thumb"":{""has_data"":true,""last_update_ts"":1784118751.8387065,""mapped"":true}},""ports"":{""available"":[""BLE:Dexter""],""unavailable"":[]}}"
1784118751.8979428,1784118751.8978047,303,ble,"{""index"":{""age_s"":0.009093761444091797,""channels"":3,""force"":[-0.38359491732957096,-0.7587659537400038],""has_data"":true,""last_update_ts"":1784118751.888711,""raw"":[16955,16157,17923]},""middle"":{""age_s"":0.009093761444091797,""channels"":3,""force"":[-0.01634364309424363,-0.017206835820002375],""has_data"":true,""last_update_ts"":1784118751.888711,""raw"":[15775,15741,15789]},""pinky"":{""age_s"":0.009093761444091797,""channels"":3,""force"":[-1.0445510718761373,-0.7518277134900027],""has_data"":true,""last_update_ts"":1784118751.888711,""raw"":[17441,15268,17709]},""ring"":{""age_s"":0.009093761444091797,""channels"":3,""force"":[0.2788033233723688,0.24755641211999801],""has_data"":true,""last_update_ts"":1784118751.888711,""raw"":[15789,16369,15633]},""thumb"":{""age_s"":0.009093761444091797,""channels"":3,""force"":[0.0,-2.220446049250313e-16],""has_data"":true,""last_update_ts"":1784118751.888711,""raw"":[0,0,0]}}","{""ble"":{""connection_state"":""connected"",""counter"":992033,""finger_order"":""DexterController.Visualizer"",""last_error"":null,""last_sample_age_s"":0.009126088989432901,""reconnect_count"":0,""sample_hz"":20.0,""sample_sequence"":302,""timestamp_us"":9716694080},""fingers"":{""index"":{""has_data"":true,""last_update_ts"":1784118751.888711,""mapped"":true},""middle"":{""has_data"":true,""last_update_ts"":1784118751.888711,""mapped"":true},""pinky"":{""has_data"":true,""last_update_ts"":1784118751.888711,""mapped"":true},""ring"":{""has_data"":true,""last_update_ts"":1784118751.888711,""mapped"":true},""thumb"":{""has_data"":true,""last_update_ts"":1784118751.888711,""mapped"":true}},""ports"":{""available"":[""BLE:Dexter""],""unavailable"":[]}}"
1784118751.9480524,1784118751.947838,304,ble,"{""index"":{""age_s"":0.009128332138061523,""channels"":3,""force"":[-0.3975350834981892,-0.7557131280299982],""has_data"":true,""last_update_ts"":1784118751.9387097,""raw"":[16969,16142,17917]},""middle"":{""age_s"":0.009128332138061523,""channels"":3,""force"":[-0.017305033864490227,-0.04829015214000165],""has_data"":true,""last_update_ts"":1784118751.9387097,""raw"":[15758,15722,15827]},""pinky"":{""age_s"":0.009128332138061523,""channels"":3,""force"":[-1.0238811703157698,-0.7548805392000029],""has_data"":true,""last_update_ts"":1784118751.9387097,""raw"":[17415,15285,17710]},""ring"":{""age_s"":0.009128332138061523,""channels"":3,""force"":[0.27447706490624846,0.24505864562999946],""has_data"":true,""last_update_ts"":1784118751.9387097,""raw"":[15795,16366,15639]},""thumb"":{""age_s"":0.009128332138061523,""channels"":3,""force"":[0.0,-2.220446049250313e-16],""has_data"":true,""last_update_ts"":1784118751.9387097,""raw"":[0,0,0]}}","{""ble"":{""connection_state"":""connected"",""counter"":992039,""finger_order"":""DexterController.Visualizer"",""last_error"":null,""last_sample_age_s"":0.009163042006548494,""reconnect_count"":0,""sample_hz"":20.0,""sample_sequence"":303,""timestamp_us"":9716750560},""fingers"":{""index"":{""has_data"":true,""last_update_ts"":1784118751.9387097,""mapped"":true},""middle"":{""has_data"":true,""last_update_ts"":1784118751.9387097,""mapped"":true},""pinky"":{""has_data"":true,""last_update_ts"":1784118751.9387097,""mapped"":true},""ring"":{""has_data"":true,""last_update_ts"":1784118751.9387097,""mapped"":true},""thumb"":{""has_data"":true,""last_update_ts"":1784118751.9387097,""mapped"":true}},""ports"":{""available"":[""BLE:Dexter""],""unavailable"":[]}}"
1784118751.9979365,1784118751.9978156,305,ble,"{""index"":{""age_s"":0.009154319763183594,""channels"":3,""force"":[-0.41387872659243286,-0.7784705560499994],""has_data"":true,""last_update_ts"":1784118751.9886613,""raw"":[16969,16108,17941]},""middle"":{""age_s"":0.009154319763183594,""channels"":3,""force"":[-0.019227815404994075,-0.03330355319999967],""has_data"":true,""last_update_ts"":1784118751.9886613,""raw"":[15776,15736,15816]},""pinky"":{""age_s"":0.009154319763183594,""channels"":3,""force"":[-1.021477693390148,-0.739061351430002],""has_data"":true,""last_update_ts"":1784118751.9886613,""raw"":[17414,15289,17683]},""ring"":{""age_s"":0.009154319763183594,""channels"":3,""force"":[0.2826488864533676,0.2625430110599991],""has_data"":true,""last_update_ts"":1784118751.9886613,""raw"":[15792,16380,15613]},""thumb"":{""age_s"":0.009154319763183594,""channels"":3,""force"":[0.0,-2.220446049250313e-16],""has_data"":true,""last_update_ts"":1784118751.9886613,""raw"":[0,0,0]}}","{""ble"":{""connection_state"":""connected"",""counter"":992044,""finger_order"":""DexterController.Visualizer"",""last_error"":null,""last_sample_age_s"":0.009177580999676138,""reconnect_count"":0,""sample_hz"":20.0,""sample_sequence"":304,""timestamp_us"":9716797568},""fingers"":{""index"":{""has_data"":true,""last_update_ts"":1784118751.9886613,""mapped"":true},""middle"":{""has_data"":true,""last_update_ts"":1784118751.9886613,""mapped"":true},""pinky"":{""has_data"":true,""last_update_ts"":1784118751.9886613,""mapped"":true},""ring"":{""has_data"":true,""last_update_ts"":1784118751.9886613,""mapped"":true},""thumb"":{""has_data"":true,""last_update_ts"":1784118751.9886613,""mapped"":true}},""ports"":{""available"":[""BLE:Dexter""],""unavailable"":[]}}"
1784118752.0479376,1784118752.047816,306,ble,"{""index"":{""age_s"":0.00915670394897461,""channels"":3,""force"":[-0.39945786503868774,-0.7534928911500005],""has_data"":true,""last_update_ts"":1784118752.0386593,""raw"":[16973,16142,17915]},""middle"":{""age_s"":0.00915670394897461,""channels"":3,""force"":[-0.019227815404988746,-0.02497766490000153],""has_data"":true,""last_update_ts"":1784118752.0386593,""raw"":[15774,15734,15799]},""pinky"":{""age_s"":0.00915670394897461,""channels"":3,""force"":[-1.0094603087620282,-0.7410040587000006],""has_data"":true,""last_update_ts"":1784118752.0386593,""raw"":[17410,15310,17695]},""ring"":{""age_s"":0.00915670394897461,""channels"":3,""force"":[0.27015080644012635,0.25310700431999855],""has_data"":true,""last_update_ts"":1784118752.0386593,""raw"":[15802,16364,15627]},""thumb"":{""age_s"":0.00915670394897461,""channels"":3,""force"":[0.0,-2.220446049250313e-16],""has_data"":true,""last_update_ts"":1784118752.0386593,""raw"":[0,0,0]}}","{""ble"":{""connection_state"":""connected"",""counter"":992049,""finger_order"":""DexterController.Visualizer"",""last_error"":null,""last_sample_age_s"":0.009179615008179098,""reconnect_count"":0,""sample_hz"":20.0,""sample_sequence"":305,""timestamp_us"":9716844480},""fingers"":{""index"":{""has_data"":true,""last_update_ts"":1784118752.0386593,""mapped"":true},""middle"":{""has_data"":true,""last_update_ts"":1784118752.0386593,""mapped"":true},""pinky"":{""has_data"":true,""last_update_ts"":1784118752.0386593,""mapped"":true},""ring"":{""has_data"":true,""last_update_ts"":1784118752.0386593,""mapped"":true},""thumb"":{""has_data"":true,""last_update_ts"":1784118752.0386593,""mapped"":true}},""ports"":{""available"":[""BLE:Dexter""],""unavailable"":[]}}"
1784118752.0979462,1784118752.097816,307,ble,"{""index"":{""age_s"":0.0091552734375,""channels"":3,""force"":[-0.4023420373494364,-0.7695896085300031],""has_data"":true,""last_update_ts"":1784118752.0886607,""raw"":[16963,16126,17931]},""middle"":{""age_s"":0.0091552734375,""channels"":3,""force"":[-0.022111987715737413,-0.03496873086000285],""has_data"":true,""last_update_ts"":1784118752.0886607,""raw"":[15769,15723,15809]},""pinky"":{""age_s"":0.0091552734375,""channels"":3,""force"":[-1.02484256108602,-0.7471097101200019],""has_data"":true,""last_update_ts"":1784118752.0886607,""raw"":[17418,15286,17698]},""ring"":{""age_s"":0.0091552734375,""channels"":3,""force"":[0.27447706490624846,0.25171935626999975],""has_data"":true,""last_update_ts"":1784118752.0886607,""raw"":[15793,16364,15625]},""thumb"":{""age_s"":0.0091552734375,""channels"":3,""force"":[0.0,-2.220446049250313e-16],""has_data"":true,""last_update_ts"":1784118752.0886607,""raw"":[0,0,0]}}","{""ble"":{""connection_state"":""connected"",""counter"":992055,""finger_order"":""DexterController.Visualizer"",""last_error"":null,""last_sample_age_s"":0.009178583000903018,""reconnect_count"":0,""sample_hz"":20.0,""sample_sequence"":306,""timestamp_us"":9716900992},""fingers"":{""index"":{""has_data"":true,""last_update_ts"":1784118752.0886607,""mapped"":true},""middle"":{""has_data"":true,""last_update_ts"":1784118752.0886607,""mapped"":true},""pinky"":{""has_data"":true,""last_update_ts"":1784118752.0886607,""mapped"":true},""ring"":{""has_data"":true,""last_update_ts"":1784118752.0886607,""mapped"":true},""thumb"":{""has_data"":true,""last_update_ts"":1784118752.0886607,""mapped"":true}},""ports"":{""available"":[""BLE:Dexter""],""unavailable"":[]}}"
1784118752.147934,1784118752.1478024,308,ble,"{""index"":{""age_s"":0.00914144515991211,""channels"":3,""force"":[-0.4071489912006854,-0.7579333649100022],""has_data"":true,""last_update_ts"":1784118752.138661,""raw"":[16977,16130,17919]},""middle"":{""age_s"":0.00914144515991211,""channels"":3,""force"":[-0.019708510790115596,-0.035246260470003676],""has_data"":true,""last_update_ts"":1784118752.138661,""raw"":[15769,15728,15812]},""pinky"":{""age_s"":0.00914144515991211,""channels"":3,""force"":[-1.0209969980050246,-0.7509951246600002],""has_data"":true,""last_update_ts"":1784118752.138661,""raw"":[17413,15289,17704]},""ring"":{""age_s"":0.00914144515991211,""channels"":3,""force"":[0.27351567413599653,0.24172829030999843],""has_data"":true,""last_update_ts"":1784118752.138661,""raw"":[15793,16362,15642]},""thumb"":{""age_s"":0.00914144515991211,""channels"":3,""force"":[0.0,-2.220446049250313e-16],""has_data"":true,""last_update_ts"":1784118752.138661,""raw"":[0,0,0]}}","{""ble"":{""connection_state"":""connected"",""counter"":992060,""finger_order"":""DexterController.Visualizer"",""last_error"":null,""last_sample_age_s"":0.009165928000584245,""reconnect_count"":0,""sample_hz"":20.0,""sample_sequence"":307,""timestamp_us"":9716948000},""fingers"":{""index"":{""has_data"":true,""last_update_ts"":1784118752.138661,""mapped"":true},""middle"":{""has_data"":true,""last_update_ts"":1784118752.138661,""mapped"":true},""pinky"":{""has_data"":true,""last_update_ts"":1784118752.138661,""mapped"":true},""ring"":{""has_data"":true,""last_update_ts"":1784118752.138661,""mapped"":true},""thumb"":{""has_data"":true,""last_update_ts"":1784118752.138661,""mapped"":true}},""ports"":{""available"":[""BLE:Dexter""],""unavailable"":[]}}"
1784118752.1979475,1784118752.1978161,309,ble,"{""index"":{""age_s"":0.009155511856079102,""channels"":3,""force"":[-0.39945786503868774,-0.7534928911500005],""has_data"":true,""last_update_ts"":1784118752.1886606,""raw"":[16973,16142,17915]},""middle"":{""age_s"":0.009155511856079102,""channels"":3,""force"":[-0.020669901560363968,-0.032470964369999855],""has_data"":true,""last_update_ts"":1784118752.1886606,""raw"":[15766,15723,15803]},""pinky"":{""age_s"":0.009155511856079102,""channels"":3,""force"":[-1.0234004749306465,-0.7490524173900015],""has_data"":true,""last_update_ts"":1784118752.1886606,""raw"":[17419,15290,17704]},""ring"":{""age_s"":0.009155511856079102,""channels"":3,""force"":[0.27495776029137,0.2525519450999978],""has_data"":true,""last_update_ts"":1784118752.1886606,""raw"":[15799,16371,15630]},""thumb"":{""age_s"":0.009155511856079102,""channels"":3,""force"":[0.0,-2.220446049250313e-16],""has_data"":true,""last_update_ts"":1784118752.1886606,""raw"":[0,0,0]}}","{""ble"":{""connection_state"":""connected"",""counter"":992065,""finger_order"":""DexterController.Visualizer"",""last_error"":null,""last_sample_age_s"":0.009177790998364799,""reconnect_count"":0,""sample_hz"":20.0,""sample_sequence"":308,""timestamp_us"":9716995040},""fingers"":{""index"":{""has_data"":true,""last_update_ts"":1784118752.1886606,""mapped"":true},""middle"":{""has_data"":true,""last_update_ts"":1784118752.1886606,""mapped"":true},""pinky"":{""has_data"":true,""last_update_ts"":1784118752.1886606,""mapped"":true},""ring"":{""has_data"":true,""last_update_ts"":1784118752.1886606,""mapped"":true},""thumb"":{""has_data"":true,""last_update_ts"":1784118752.1886606,""mapped"":true}},""ports"":{""available"":[""BLE:Dexter""],""unavailable"":[]}}"
1784118752.2482193,1784118752.2478278,310,ble,"{""index"":{""age_s"":0.009133338928222656,""channels"":3,""force"":[-0.4124366404370594,-0.774862671120002],""has_data"":true,""last_update_ts"":1784118752.2386944,""raw"":[16973,16115,17940]},""middle"":{""age_s"":0.009133338928222656,""channels"":3,""force"":[-0.03220659080336041,-0.02803049061000351],""has_data"":true,""last_update_ts"":1784118752.2386944,""raw"":[15784,15717,15801]},""pinky"":{""age_s"":0.009133338928222656,""channels"":3,""force"":[-1.03974411802489,-0.7002072060300026],""has_data"":true,""last_update_ts"":1784118752.2386944,""raw"":[17467,15304,17647]},""ring"":{""age_s"":0.009133338928222656,""channels"":3,""force"":[0.26005620335250335,0.2816925541499966],""has_data"":true,""last_update_ts"":1784118752.2386944,""raw"":[15833,16374,15596]},""thumb"":{""age_s"":0.009133338928222656,""channels"":3,""force"":[0.0,-2.220446049250313e-16],""has_data"":true,""last_update_ts"":1784118752.2386944,""raw"":[0,0,0]}}","{""ble"":{""connection_state"":""connected"",""counter"":992070,""finger_order"":""DexterController.Visualizer"",""last_error"":null,""last_sample_age_s"":0.009167030002572574,""reconnect_count"":0,""sample_hz"":20.0,""sample_sequence"":309,""timestamp_us"":9717042080},""fingers"":{""index"":{""has_data"":true,""last_update_ts"":1784118752.2386944,""mapped"":true},""middle"":{""has_data"":true,""last_update_ts"":1784118752.2386944,""mapped"":true},""pinky"":{""has_data"":true,""last_update_ts"":1784118752.2386944,""mapped"":true},""ring"":{""has_data"":true,""last_update_ts"":1784118752.2386944,""mapped"":true},""thumb"":{""has_data"":true,""last_update_ts"":1784118752.2386944,""mapped"":true}},""ports"":{""available"":[""BLE:Dexter""],""unavailable"":[]}}"
1784118752.2979486,1784118752.2978165,311,ble,"{""index"":{""age_s"":0.009146928787231445,""channels"":3,""force"":[-0.39272812964694204,-0.7645940755500007],""has_data"":true,""last_update_ts"":1784118752.2886696,""raw"":[16956,16139,17925]},""middle"":{""age_s"":0.009146928787231445,""channels"":3,""force"":[-0.01874712001986545,-0.039131675010000144],""has_data"":true,""last_update_ts"":1784118752.2886696,""raw"":[15766,15727,15817]},""pinky"":{""age_s"":0.009146928787231445,""channels"":3,""force"":[-1.0157093487686506,-0.7473872397300019],""has_data"":true,""last_update_ts"":1784118752.2886696,""raw"":[17414,15301,17704]},""ring"":{""age_s"":0.009146928787231445,""channels"":3,""force"":[0.2836102772236142,0.24145076069999938],""has_data"":true,""last_update_ts"":1784118752.2886696,""raw"":[15776,16366,15636]},""thumb"":{""age_s"":0.009146928787231445,""channels"":3,""force"":[0.0,-2.220446049250313e-16],""has_data"":true,""last_update_ts"":1784118752.2886696,""raw"":[0,0,0]}}","{""ble"":{""connection_state"":""connected"",""counter"":992076,""finger_order"":""DexterController.Visualizer"",""last_error"":null,""last_sample_age_s"":0.009170776989776641,""reconnect_count"":0,""sample_hz"":20.0,""sample_sequence"":310,""timestamp_us"":9717098560},""fingers"":{""index"":{""has_data"":true,""last_update_ts"":1784118752.2886696,""mapped"":true},""middle"":{""has_data"":true,""last_update_ts"":1784118752.2886696,""mapped"":true},""pinky"":{""has_data"":true,""last_update_ts"":1784118752.2886696,""mapped"":true},""ring"":{""has_data"":true,""last_update_ts"":1784118752.2886696,""mapped"":true},""thumb"":{""has_data"":true,""last_update_ts"":1784118752.2886696,""mapped"":true}},""ports"":{""available"":[""BLE:Dexter""],""unavailable"":[]}}"
1784118752.3479335,1784118752.347803,312,ble,"{""index"":{""age_s"":0.009142398834228516,""channels"":3,""force"":[-0.38167213578907067,-0.7476647693400009],""has_data"":true,""last_update_ts"":1784118752.3386607,""raw"":[16922,16128,17872]},""middle"":{""age_s"":0.009142398834228516,""channels"":3,""force"":[-0.026438246181861302,0.048567681749998926],""has_data"":true,""last_update_ts"":1784118752.3386607,""raw"":[15712,15657,15597]},""pinky"":{""age_s"":0.009142398834228516,""channels"":3,""force"":[0.7873790408343844,0.15319634471999688],""has_data"":true,""last_update_ts"":1784118752.3386607,""raw"":[16919,18557,17462]},""ring"":{""age_s"":0.009142398834228516,""channels"":3,""force"":[0.36869336039070433,0.5686581708899991],""has_data"":true,""last_update_ts"":1784118752.3386607,""raw"":[15707,16474,15066]},""thumb"":{""age_s"":0.009142398834228516,""channels"":3,""force"":[0.0,-2.220446049250313e-16],""has_data"":true,""last_update_ts"":1784118752.3386607,""raw"":[0,0,0]}}","{""ble"":{""connection_state"":""connected"",""counter"":992081,""finger_order"":""DexterController.Visualizer"",""last_error"":null,""last_sample_age_s"":0.009165316994767636,""reconnect_count"":0,""sample_hz"":20.0,""sample_sequence"":311,""timestamp_us"":9717145600},""fingers"":{""index"":{""has_data"":true,""last_update_ts"":1784118752.3386607,""mapped"":true},""middle"":{""has_data"":true,""last_update_ts"":1784118752.3386607,""mapped"":true},""pinky"":{""has_data"":true,""last_update_ts"":1784118752.3386607,""mapped"":true},""ring"":{""has_data"":true,""last_update_ts"":1784118752.3386607,""mapped"":true},""thumb"":{""has_data"":true,""last_update_ts"":1784118752.3386607,""mapped"":true}},""ports"":{""available"":[""BLE:Dexter""],""unavailable"":[]}}"
1784118752.3979461,1784118752.3978148,313,ble,"{""index"":{""age_s"":0.009153127670288086,""channels"":3,""force"":[-0.40089995119406296,-0.765981723600003],""has_data"":true,""last_update_ts"":1784118752.3886616,""raw"":[16963,16129,17926]},""middle"":{""age_s"":0.009153127670288086,""channels"":3,""force"":[-0.01874712001986545,-0.040796852670003325],""has_data"":true,""last_update_ts"":1784118752.3886616,""raw"":[15758,15719,15812]},""pinky"":{""age_s"":0.009153127670288086,""channels"":3,""force"":[-1.0123444810727786,-0.7448894732400024],""has_data"":true,""last_update_ts"":1784118752.3886616,""raw"":[17409,15303,17698]},""ring"":{""age_s"":0.009153127670288086,""channels"":3,""force"":[0.2816874956831157,0.2497766489999993],""has_data"":true,""last_update_ts"":1784118752.3886616,""raw"":[15789,16375,15632]},""thumb"":{""age_s"":0.009153127670288086,""channels"":3,""force"":[0.0,-2.220446049250313e-16],""has_data"":true,""last_update_ts"":1784118752.3886616,""raw"":[0,0,0]}}","{""ble"":{""connection_state"":""connected"",""counter"":992086,""finger_order"":""DexterController.Visualizer"",""last_error"":null,""last_sample_age_s"":0.00917746099003125,""reconnect_count"":0,""sample_hz"":20.0,""sample_sequence"":312,""timestamp_us"":9717192640},""fingers"":{""index"":{""has_data"":true,""last_update_ts"":1784118752.3886616,""mapped"":true},""middle"":{""has_data"":true,""last_update_ts"":1784118752.3886616,""mapped"":true},""pinky"":{""has_data"":true,""last_update_ts"":1784118752.3886616,""mapped"":true},""ring"":{""has_data"":true,""last_update_ts"":1784118752.3886616,""mapped"":true},""thumb"":{""has_data"":true,""last_update_ts"":1784118752.3886616,""mapped"":true}},""ports"":{""available"":[""BLE:Dexter""],""unavailable"":[]}}"
1784118752.4479442,1784118752.4478123,314,ble,"{""index"":{""age_s"":0.00915384292602539,""channels"":3,""force"":[-0.4052262096601851,-0.7601536017900044],""has_data"":true,""last_update_ts"":1784118752.4386585,""raw"":[16971,16128,17919]},""middle"":{""age_s"":0.00915384292602539,""channels"":3,""force"":[-0.024515464641361007,-0.031360845930003656],""has_data"":true,""last_update_ts"":1784118752.4386585,""raw"":[15774,15723,15805]},""pinky"":{""age_s"":0.00915384292602539,""channels"":3,""force"":[-1.0258039518562718,-0.7454445324600014],""has_data"":true,""last_update_ts"":1784118752.4386585,""raw"":[17424,15290,17700]},""ring"":{""age_s"":0.00915384292602539,""channels"":3,""force"":[0.2768805418318703,0.2525519450999969],""has_data"":true,""last_update_ts"":1784118752.4386585,""raw"":[15796,16372,15629]},""thumb"":{""age_s"":0.00915384292602539,""channels"":3,""force"":[0.0,-2.220446049250313e-16],""has_data"":true,""last_update_ts"":1784118752.4386585,""raw"":[0,0,0]}}","{""ble"":{""connection_state"":""connected"",""counter"":992092,""finger_order"":""DexterController.Visualizer"",""last_error"":null,""last_sample_age_s"":0.009177682004519738,""reconnect_count"":0,""sample_hz"":20.0,""sample_sequence"":313,""timestamp_us"":9717249216},""fingers"":{""index"":{""has_data"":true,""last_update_ts"":1784118752.4386585,""mapped"":true},""middle"":{""has_data"":true,""last_update_ts"":1784118752.4386585,""mapped"":true},""pinky"":{""has_data"":true,""last_update_ts"":1784118752.4386585,""mapped"":true},""ring"":{""has_data"":true,""last_update_ts"":1784118752.4386585,""mapped"":true},""thumb"":{""has_data"":true,""last_update_ts"":1784118752.4386585,""mapped"":true}},""ports"":{""available"":[""BLE:Dexter""],""unavailable"":[]}}"
1784118752.4979475,1784118752.4978163,315,ble,"{""index"":{""age_s"":0.009155988693237305,""channels"":3,""force"":[-0.406187600430437,-0.7690345493100024],""has_data"":true,""last_update_ts"":1784118752.4886603,""raw"":[16973,16128,17936]},""middle"":{""age_s"":0.009155988693237305,""channels"":3,""force"":[-0.021631292330614116,-0.03802155657000128],""has_data"":true,""last_update_ts"":1784118752.4886603,""raw"":[15770,15725,15816]},""pinky"":{""age_s"":0.009155988693237305,""channels"":3,""force"":[-1.0234004749306482,-0.7429467659700002],""has_data"":true,""last_update_ts"":1784118752.4886603,""raw"":[17420,15291,17694]},""ring"":{""age_s"":0.009155988693237305,""channels"":3,""force"":[0.27976471414261894,0.2569924188599986],""has_data"":true,""last_update_ts"":1784118752.4886603,""raw"":[15798,16380,15626]},""thumb"":{""age_s"":0.009155988693237305,""channels"":3,""force"":[0.0,-2.220446049250313e-16],""has_data"":true,""last_update_ts"":1784118752.4886603,""raw"":[0,0,0]}}","{""ble"":{""connection_state"":""connected"",""counter"":992097,""finger_order"":""DexterController.Visualizer"",""last_error"":null,""last_sample_age_s"":0.009178473002975807,""reconnect_count"":0,""sample_hz"":20.0,""sample_sequence"":314,""timestamp_us"":9717296160},""fingers"":{""index"":{""has_data"":true,""last_update_ts"":1784118752.4886603,""mapped"":true},""middle"":{""has_data"":true,""last_update_ts"":1784118752.4886603,""mapped"":true},""pinky"":{""has_data"":true,""last_update_ts"":1784118752.4886603,""mapped"":true},""ring"":{""has_data"":true,""last_update_ts"":1784118752.4886603,""mapped"":true},""thumb"":{""has_data"":true,""last_update_ts"":1784118752.4886603,""mapped"":true}},""ports"":{""available"":[""BLE:Dexter""],""unavailable"":[]}}"
1784118752.547927,1784118752.5478165,316,ble,"{""index"":{""age_s"":0.009143590927124023,""channels"":3,""force"":[-0.39465091118744233,-0.7518277134900027],""has_data"":true,""last_update_ts"":1784118752.538673,""raw"":[16974,16153,17918]},""middle"":{""age_s"":0.009143590927124023,""channels"":3,""force"":[-0.018266424634743927,-0.018872013480001115],""has_data"":true,""last_update_ts"":1784118752.538673,""raw"":[15780,15742,15795]},""pinky"":{""age_s"":0.009143590927124023,""channels"":3,""force"":[-1.0253232564711467,-0.7373961737700014],""has_data"":true,""last_update_ts"":1784118752.538673,""raw"":[17427,15294,17689]},""ring"":{""age_s"":0.009143590927124023,""channels"":3,""force"":[0.2759191510616219,0.2658733663799975],""has_data"":true,""last_update_ts"":1784118752.538673,""raw"":[15804,16378,15612]},""thumb"":{""age_s"":0.009143590927124023,""channels"":3,""force"":[0.0,-2.220446049250313e-16],""has_data"":true,""last_update_ts"":1784118752.538673,""raw"":[0,0,0]}}","{""ble"":{""connection_state"":""connected"",""counter"":992102,""finger_order"":""DexterController.Visualizer"",""last_error"":null,""last_sample_age_s"":0.00916610800777562,""reconnect_count"":0,""sample_hz"":20.0,""sample_sequence"":315,""timestamp_us"":9717343168},""fingers"":{""index"":{""has_data"":true,""last_update_ts"":1784118752.538673,""mapped"":true},""middle"":{""has_data"":true,""last_update_ts"":1784118752.538673,""mapped"":true},""pinky"":{""has_data"":true,""last_update_ts"":1784118752.538673,""mapped"":true},""ring"":{""has_data"":true,""last_update_ts"":1784118752.538673,""mapped"":true},""thumb"":{""has_data"":true,""last_update_ts"":1784118752.538673,""mapped"":true}},""ports"":{""available"":[""BLE:Dexter""],""unavailable"":[]}}"
1784118752.5979722,1784118752.5978496,317,ble,"{""index"":{""age_s"":0.00918889045715332,""channels"":3,""force"":[-0.41435942197755615,-0.782633500200002],""has_data"":true,""last_update_ts"":1784118752.5886607,""raw"":[16963,16101,17942]},""middle"":{""age_s"":0.00918889045715332,""channels"":3,""force"":[-0.011055993857871371,-0.03746649735000318],""has_data"":true,""last_update_ts"":1784118752.5886607,""raw"":[15777,15754,15833]},""pinky"":{""age_s"":0.00918889045715332,""channels"":3,""force"":[-1.0205163026198996,-0.730735463130002],""has_data"":true,""last_update_ts"":1784118752.5886607,""raw"":[17421,15298,17676]},""ring"":{""age_s"":0.00918889045715332,""channels"":3,""force"":[0.28312958183849446,0.26892619209000035],""has_data"":true,""last_update_ts"":1784118752.5886607,""raw"":[15792,16381,15602]},""thumb"":{""age_s"":0.00918889045715332,""channels"":3,""force"":[0.0,-2.220446049250313e-16],""has_data"":true,""last_update_ts"":1784118752.5886607,""raw"":[0,0,0]}}","{""ble"":{""connection_state"":""connected"",""counter"":992108,""finger_order"":""DexterController.Visualizer"",""last_error"":null,""last_sample_age_s"":0.009210855991113931,""reconnect_count"":0,""sample_hz"":20.0,""sample_sequence"":316,""timestamp_us"":9717399584},""fingers"":{""index"":{""has_data"":true,""last_update_ts"":1784118752.5886607,""mapped"":true},""middle"":{""has_data"":true,""last_update_ts"":1784118752.5886607,""mapped"":true},""pinky"":{""has_data"":true,""last_update_ts"":1784118752.5886607,""mapped"":true},""ring"":{""has_data"":true,""last_update_ts"":1784118752.5886607,""mapped"":true},""thumb"":{""has_data"":true,""last_update_ts"":1784118752.5886607,""mapped"":true}},""ports"":{""available"":[""BLE:Dexter""],""unavailable"":[]}}"
1784118752.647937,1784118752.6478047,318,ble,"{""index"":{""age_s"":0.00914454460144043,""channels"":3,""force"":[-0.38455630809981933,-0.7398939402600009],""has_data"":true,""last_update_ts"":1784118752.6386602,""raw"":[16934,16134,17867]},""middle"":{""age_s"":0.00914454460144043,""channels"":3,""force"":[-0.030283809262860117,0.06077898458999709],""has_data"":true,""last_update_ts"":1784118752.6386602,""raw"":[15696,15633,15555]},""pinky"":{""age_s"":0.00914454460144043,""channels"":3,""force"":[1.419974167658589,0.4246203033000002],""has_data"":true,""last_update_ts"":1784118752.6386602,""raw"":[16650,19604,17362]},""ring"":{""age_s"":0.00914454460144043,""channels"":3,""force"":[0.3432165049790896,0.6827228405999985],""has_data"":true,""last_update_ts"":1784118752.6386602,""raw"":[15725,16439,14852]},""thumb"":{""age_s"":0.00914454460144043,""channels"":3,""force"":[0.0,-2.220446049250313e-16],""has_data"":true,""last_update_ts"":1784118752.6386602,""raw"":[0,0,0]}}","{""ble"":{""connection_state"":""connected"",""counter"":992113,""finger_order"":""DexterController.Visualizer"",""last_error"":null,""last_sample_age_s"":0.009167412004899234,""reconnect_count"":0,""sample_hz"":20.0,""sample_sequence"":317,""timestamp_us"":9717446528},""fingers"":{""index"":{""has_data"":true,""last_update_ts"":1784118752.6386602,""mapped"":true},""middle"":{""has_data"":true,""last_update_ts"":1784118752.6386602,""mapped"":true},""pinky"":{""has_data"":true,""last_update_ts"":1784118752.6386602,""mapped"":true},""ring"":{""has_data"":true,""last_update_ts"":1784118752.6386602,""mapped"":true},""thumb"":{""has_data"":true,""last_update_ts"":1784118752.6386602,""mapped"":true}},""ports"":{""available"":[""BLE:Dexter""],""unavailable"":[]}}"
1784118752.6979294,1784118752.6978016,319,ble,"{""index"":{""age_s"":0.009141683578491211,""channels"":3,""force"":[-0.397535083498191,-0.7607086610100025],""has_data"":true,""last_update_ts"":1784118752.68866,""raw"":[16966,16139,17923]},""middle"":{""age_s"":0.009141683578491211,""channels"":3,""force"":[-0.021150596945489042,-0.034968730860000186],""has_data"":true,""last_update_ts"":1784118752.68866,""raw"":[15766,15722,15807]},""pinky"":{""age_s"":0.009141683578491211,""channels"":3,""force"":[-1.0214776933901497,-0.7507175950500002],""has_data"":true,""last_update_ts"":1784118752.68866,""raw"":[17417,15292,17707]},""ring"":{""age_s"":0.009141683578491211,""channels"":3,""force"":[0.27303497875087146,0.2503317082199983],""has_data"":true,""last_update_ts"":1784118752.68866,""raw"":[15801,16369,15634]},""thumb"":{""age_s"":0.009141683578491211,""channels"":3,""force"":[0.0,-2.220446049250313e-16],""has_data"":true,""last_update_ts"":1784118752.68866,""raw"":[0,0,0]}}","{""ble"":{""connection_state"":""connected"",""counter"":992118,""finger_order"":""DexterController.Visualizer"",""last_error"":null,""last_sample_age_s"":0.009164235001662746,""reconnect_count"":0,""sample_hz"":20.0,""sample_sequence"":318,""timestamp_us"":9717493536},""fingers"":{""index"":{""has_data"":true,""last_update_ts"":1784118752.68866,""mapped"":true},""middle"":{""has_data"":true,""last_update_ts"":1784118752.68866,""mapped"":true},""pinky"":{""has_data"":true,""last_update_ts"":1784118752.68866,""mapped"":true},""ring"":{""has_data"":true,""last_update_ts"":1784118752.68866,""mapped"":true},""thumb"":{""has_data"":true,""last_update_ts"":1784118752.68866,""mapped"":true}},""ports"":{""available"":[""BLE:Dexter""],""unavailable"":[]}}"
1784118752.747936,1784118752.747805,320,ble,"{""index"":{""age_s"":0.009144783020019531,""channels"":3,""force"":[-0.3999385604238146,-0.7637614867199991],""has_data"":true,""last_update_ts"":1784118752.7386603,""raw"":[16969,16137,17929]},""middle"":{""age_s"":0.009144783020019531,""channels"":3,""force"":[-0.02595755079673978,-0.033303553200002334],""has_data"":true,""last_update_ts"":1784118752.7386603,""raw"":[15775,15721,15808]},""pinky"":{""age_s"":0.009144783020019531,""channels"":3,""force"":[-1.0209969980050229,-0.7498850062200031],""has_data"":true,""last_update_ts"":1784118752.7386603,""raw"":[17412,15288,17701]},""ring"":{""age_s"":0.009144783020019531,""channels"":3,""force"":[0.2739963695211216,0.24977664899999752],""has_data"":true,""last_update_ts"":1784118752.7386603,""raw"":[15798,16368,15633]},""thumb"":{""age_s"":0.009144783020019531,""channels"":3,""force"":[0.0,-2.220446049250313e-16],""has_data"":true,""last_update_ts"":1784118752.7386603,""raw"":[0,0,0]}}","{""ble"":{""connection_state"":""connected"",""counter"":992124,""finger_order"":""DexterController.Visualizer"",""last_error"":null,""last_sample_age_s"":0.009168182994471863,""reconnect_count"":0,""sample_hz"":20.0,""sample_sequence"":319,""timestamp_us"":9717550016},""fingers"":{""index"":{""has_data"":true,""last_update_ts"":1784118752.7386603,""mapped"":true},""middle"":{""has_data"":true,""last_update_ts"":1784118752.7386603,""mapped"":true},""pinky"":{""has_data"":true,""last_update_ts"":1784118752.7386603,""mapped"":true},""ring"":{""has_data"":true,""last_update_ts"":1784118752.7386603,""mapped"":true},""thumb"":{""has_data"":true,""last_update_ts"":1784118752.7386603,""mapped"":true}},""ports"":{""available"":[""BLE:Dexter""],""unavailable"":[]}}"
1784118752.7979345,1784118752.797804,321,ble,"{""index"":{""age_s"":0.009142875671386719,""channels"":3,""force"":[-0.41195594505193256,-0.7823559705900021],""has_data"":true,""last_update_ts"":1784118752.7886612,""raw"":[16958,16101,17939]},""middle"":{""age_s"":0.009142875671386719,""channels"":3,""force"":[-0.011055993857871371,-0.038576615790002045],""has_data"":true,""last_update_ts"":1784118752.7886612,""raw"":[15772,15749,15830]},""pinky"":{""age_s"":0.009142875671386719,""channels"":3,""force"":[-1.0200356072347727,-0.7321231111800035],""has_data"":true,""last_update_ts"":1784118752.7886612,""raw"":[17418,15296,17676]},""ring"":{""age_s"":0.009142875671386719,""channels"":3,""force"":[0.2845716679938679,0.27253407701999866],""has_data"":true,""last_update_ts"":1784118752.7886612,""raw"":[15794,16386,15599]},""thumb"":{""age_s"":0.009142875671386719,""channels"":3,""force"":[0.0,-2.220446049250313e-16],""has_data"":true,""last_update_ts"":1784118752.7886612,""raw"":[0,0,0]}}","{""ble"":{""connection_state"":""connected"",""counter"":992129,""finger_order"":""DexterController.Visualizer"",""last_error"":null,""last_sample_age_s"":0.009165998009848408,""reconnect_count"":0,""sample_hz"":20.0,""sample_sequence"":320,""timestamp_us"":9717596928},""fingers"":{""index"":{""has_data"":true,""last_update_ts"":1784118752.7886612,""mapped"":true},""middle"":{""has_data"":true,""last_update_ts"":1784118752.7886612,""mapped"":true},""pinky"":{""has_data"":true,""last_update_ts"":1784118752.7886612,""mapped"":true},""ring"":{""has_data"":true,""last_update_ts"":1784118752.7886612,""mapped"":true},""thumb"":{""has_data"":true,""last_update_ts"":1784118752.7886612,""mapped"":true}},""ports"":{""available"":[""BLE:Dexter""],""unavailable"":[]}}"
1784118752.847925,1784118752.8477936,322,ble,"{""index"":{""age_s"":0.009132862091064453,""channels"":3,""force"":[-0.3984964742684376,-0.755158068810001],""has_data"":true,""last_update_ts"":1784118752.8386607,""raw"":[16974,16145,17920]},""middle"":{""age_s"":0.009132862091064453,""channels"":3,""force"":[-0.019227815404990523,-0.02442260568000254],""has_data"":true,""last_update_ts"":1784118752.8386607,""raw"":[15778,15738,15802]},""pinky"":{""age_s"":0.009132862091064453,""channels"":3,""force"":[-1.02580395185627,-0.7404489994800025],""has_data"":true,""last_update_ts"":1784118752.8386607,""raw"":[17426,15292,17693]},""ring"":{""age_s"":0.009132862091064453,""channels"":3,""force"":[0.2763998464467434,0.2600452445699979],""has_data"":true,""last_update_ts"":1784118752.8386607,""raw"":[15805,16380,15624]},""thumb"":{""age_s"":0.009132862091064453,""channels"":3,""force"":[0.0,-2.220446049250313e-16],""has_data"":true,""last_update_ts"":1784118752.8386607,""raw"":[0,0,0]}}","{""ble"":{""connection_state"":""connected"",""counter"":992134,""finger_order"":""DexterController.Visualizer"",""last_error"":null,""last_sample_age_s"":0.0091560980072245,""reconnect_count"":0,""sample_hz"":20.0,""sample_sequence"":321,""timestamp_us"":9717643840},""fingers"":{""index"":{""has_data"":true,""last_update_ts"":1784118752.8386607,""mapped"":true},""middle"":{""has_data"":true,""last_update_ts"":1784118752.8386607,""mapped"":true},""pinky"":{""has_data"":true,""last_update_ts"":1784118752.8386607,""mapped"":true},""ring"":{""has_data"":true,""last_update_ts"":1784118752.8386607,""mapped"":true},""thumb"":{""has_data"":true,""last_update_ts"":1784118752.8386607,""mapped"":true}},""ports"":{""available"":[""BLE:Dexter""],""unavailable"":[]}}"
1784118752.897922,1784118752.8977923,323,ble,"{""index"":{""age_s"":0.009133338928222656,""channels"":3,""force"":[-0.4047455142750618,-0.7532153615399997],""has_data"":true,""last_update_ts"":1784118752.888659,""raw"":[16977,16135,17913]},""middle"":{""age_s"":0.009133338928222656,""channels"":3,""force"":[-0.024515464641362783,-0.030805786710000227],""has_data"":true,""last_update_ts"":1784118752.888659,""raw"":[15773,15722,15803]},""pinky"":{""age_s"":0.009133338928222656,""channels"":3,""force"":[-1.022439084160398,-0.7534928911499996],""has_data"":true,""last_update_ts"":1784118752.888659,""raw"":[17413,15286,17707]},""ring"":{""age_s"":0.009133338928222656,""channels"":3,""force"":[0.27255428336574994,0.2494991193899958],""has_data"":true,""last_update_ts"":1784118752.888659,""raw"":[15795,16362,15629]},""thumb"":{""age_s"":0.009133338928222656,""channels"":3,""force"":[0.0,-2.220446049250313e-16],""has_data"":true,""last_update_ts"":1784118752.888659,""raw"":[0,0,0]}}","{""ble"":{""connection_state"":""connected"",""counter"":992140,""finger_order"":""DexterController.Visualizer"",""last_error"":null,""last_sample_age_s"":0.009155797990388237,""reconnect_count"":0,""sample_hz"":20.0,""sample_sequence"":322,""timestamp_us"":9717700544},""fingers"":{""index"":{""has_data"":true,""last_update_ts"":1784118752.888659,""mapped"":true},""middle"":{""has_data"":true,""last_update_ts"":1784118752.888659,""mapped"":true},""pinky"":{""has_data"":true,""last_update_ts"":1784118752.888659,""mapped"":true},""ring"":{""has_data"":true,""last_update_ts"":1784118752.888659,""mapped"":true},""thumb"":{""has_data"":true,""last_update_ts"":1784118752.888659,""mapped"":true}},""ports"":{""available"":[""BLE:Dexter""],""unavailable"":[]}}"
1784118752.9479249,1784118752.9477947,324,ble,"{""index"":{""age_s"":0.009135961532592773,""channels"":3,""force"":[-0.40282273273456326,-0.7731974934600023],""has_data"":true,""last_update_ts"":1784118752.9386587,""raw"":[16969,16131,17943]},""middle"":{""age_s"":0.009135961532592773,""channels"":3,""force"":[-0.027880332337236524,-0.04051932306000339],""has_data"":true,""last_update_ts"":1784118752.9386587,""raw"":[15774,15716,15818]},""pinky"":{""age_s"":0.009135961532592773,""channels"":3,""force"":[-1.0229197795455232,-0.7454445324599996],""has_data"":true,""last_update_ts"":1784118752.9386587,""raw"":[17420,15292,17699]},""ring"":{""age_s"":0.009135961532592773,""channels"":3,""force"":[0.29034001261536346,0.26254301106],""has_data"":true,""last_update_ts"":1784118752.9386587,""raw"":[15797,16401,15626]},""thumb"":{""age_s"":0.009135961532592773,""channels"":3,""force"":[0.0,-2.220446049250313e-16],""has_data"":true,""last_update_ts"":1784118752.9386587,""raw"":[0,0,0]}}","{""ble"":{""connection_state"":""connected"",""counter"":992145,""finger_order"":""DexterController.Visualizer"",""last_error"":null,""last_sample_age_s"":0.009158354005194269,""reconnect_count"":0,""sample_hz"":20.0,""sample_sequence"":323,""timestamp_us"":9717747648},""fingers"":{""index"":{""has_data"":true,""last_update_ts"":1784118752.9386587,""mapped"":true},""middle"":{""has_data"":true,""last_update_ts"":1784118752.9386587,""mapped"":true},""pinky"":{""has_data"":true,""last_update_ts"":1784118752.9386587,""mapped"":true},""ring"":{""has_data"":true,""last_update_ts"":1784118752.9386587,""mapped"":true},""thumb"":{""has_data"":true,""last_update_ts"":1784118752.9386587,""mapped"":true}},""ports"":{""available"":[""BLE:Dexter""],""unavailable"":[]}}"
1784118752.9979284,1784118752.997805,325,ble,"{""index"":{""age_s"":0.00914621353149414,""channels"":3,""force"":[-0.40330342811968656,-0.7584884241300021],""has_data"":true,""last_update_ts"":1784118752.988659,""raw"":[16976,16137,17923]},""middle"":{""age_s"":0.00914621353149414,""channels"":3,""force"":[-0.023554073871116188,-0.0313608459300001],""has_data"":true,""last_update_ts"":1784118752.988659,""raw"":[15776,15727,15808]},""pinky"":{""age_s"":0.00914621353149414,""channels"":3,""force"":[-1.021477693390148,-0.7496074766100014],""has_data"":true,""last_update_ts"":1784118752.988659,""raw"":[17416,15291,17704]},""ring"":{""age_s"":0.00914621353149414,""channels"":3,""force"":[0.27495776029137176,0.24977664899999752],""has_data"":true,""last_update_ts"":1784118752.988659,""raw"":[15798,16370,15634]},""thumb"":{""age_s"":0.00914621353149414,""channels"":3,""force"":[0.0,-2.220446049250313e-16],""has_data"":true,""last_update_ts"":1784118752.988659,""raw"":[0,0,0]}}","{""ble"":{""connection_state"":""connected"",""counter"":992150,""finger_order"":""DexterController.Visualizer"",""last_error"":null,""last_sample_age_s"":0.00916858299751766,""reconnect_count"":0,""sample_hz"":20.0,""sample_sequence"":324,""timestamp_us"":9717794560},""fingers"":{""index"":{""has_data"":true,""last_update_ts"":1784118752.988659,""mapped"":true},""middle"":{""has_data"":true,""last_update_ts"":1784118752.988659,""mapped"":true},""pinky"":{""has_data"":true,""last_update_ts"":1784118752.988659,""mapped"":true},""ring"":{""has_data"":true,""last_update_ts"":1784118752.988659,""mapped"":true},""thumb"":{""has_data"":true,""last_update_ts"":1784118752.988659,""mapped"":true}},""ports"":{""available"":[""BLE:Dexter""],""unavailable"":[]}}"
1784118753.047922,1784118753.047804,326,ble,"{""index"":{""age_s"":0.009144306182861328,""channels"":3,""force"":[-0.4008999511940612,-0.7615412498400014],""has_data"":true,""last_update_ts"":1784118753.0386598,""raw"":[16967,16133,17922]},""middle"":{""age_s"":0.009144306182861328,""channels"":3,""force"":[-0.01682433847936693,-0.030250727490003015],""has_data"":true,""last_update_ts"":1784118753.0386598,""raw"":[15760,15725,15797]},""pinky"":{""age_s"":0.009144306182861328,""channels"":3,""force"":[-1.0238811703157715,-0.7509951246600011],""has_data"":true,""last_update_ts"":1784118753.0386598,""raw"":[17419,15289,17707]},""ring"":{""age_s"":0.009144306182861328,""channels"":3,""force"":[0.2739963695211216,0.24977664899999752],""has_data"":true,""last_update_ts"":1784118753.0386598,""raw"":[15793,16363,15628]},""thumb"":{""age_s"":0.009144306182861328,""channels"":3,""force"":[0.0,-2.220446049250313e-16],""has_data"":true,""last_update_ts"":1784118753.0386598,""raw"":[0,0,0]}}","{""ble"":{""connection_state"":""connected"",""counter"":992156,""finger_order"":""DexterController.Visualizer"",""last_error"":null,""last_sample_age_s"":0.009165987998130731,""reconnect_count"":0,""sample_hz"":20.0,""sample_sequence"":325,""timestamp_us"":9717850912},""fingers"":{""index"":{""has_data"":true,""last_update_ts"":1784118753.0386598,""mapped"":true},""middle"":{""has_data"":true,""last_update_ts"":1784118753.0386598,""mapped"":true},""pinky"":{""has_data"":true,""last_update_ts"":1784118753.0386598,""mapped"":true},""ring"":{""has_data"":true,""last_update_ts"":1784118753.0386598,""mapped"":true},""thumb"":{""has_data"":true,""last_update_ts"":1784118753.0386598,""mapped"":true}},""ports"":{""available"":[""BLE:Dexter""],""unavailable"":[]}}"
