recorded_at,source_timestamp,sequence,transport,fingers_json,status_json
1784119488.7568927,1784119488.7567284,235,ble,"{""index"":{""age_s"":0.009216070175170898,""channels"":3,""force"":[-0.38455630809981933,-0.740448999479999],""has_data"":true,""last_update_ts"":1784119488.7475123,""raw"":[16942,16142,17876]},""middle"":{""age_s"":0.009216070175170898,""channels"":3,""force"":[-0.01730503386449378,0.04662497447999936],""has_data"":true,""last_update_ts"":1784119488.7475123,""raw"":[15670,15634,15568]},""pinky"":{""age_s"":0.009216070175170898,""channels"":3,""force"":[1.742040075692186,0.5417377987199972],""has_data"":true,""last_update_ts"":1784119488.7475123,""raw"":[16444,20068,17280]},""ring"":{""age_s"":0.009216070175170898,""channels"":3,""force"":[0.3191817357228537,0.7504400654399976],""has_data"":true,""last_update_ts"":1784119488.7475123,""raw"":[15729,16393,14709]},""thumb"":{""age_s"":0.009216070175170898,""channels"":3,""force"":[0.0,-2.220446049250313e-16],""has_data"":true,""last_update_ts"":1784119488.7475123,""raw"":[0,0,0]}}","{""ble"":{""connection_state"":""connected"",""counter"":1040813,""finger_order"":""DexterController.Visualizer"",""last_error"":null,""last_sample_age_s"":0.00924053399648983,""reconnect_count"":0,""sample_hz"":20.0,""sample_sequence"":234,""timestamp_us"":10453585216},""fingers"":{""index"":{""has_data"":true,""last_update_ts"":1784119488.7475123,""mapped"":true},""middle"":{""has_data"":true,""last_update_ts"":1784119488.7475123,""mapped"":true},""pinky"":{""has_data"":true,""last_update_ts"":1784119488.7475123,""mapped"":true},""ring"":{""has_data"":true,""last_update_ts"":1784119488.7475123,""mapped"":true},""thumb"":{""has_data"":true,""last_update_ts"":1784119488.7475123,""mapped"":true}},""ports"":{""available"":[""BLE:Dexter""],""unavailable"":[]}}"
1784119488.8068933,1784119488.8067448,236,ble,"{""index"":{""age_s"":0.00923466682434082,""channels"":3,""force"":[-0.40426481888993493,-0.7612637202300023],""has_data"":true,""last_update_ts"":1784119488.7975101,""raw"":[16975,16134,17926]},""middle"":{""age_s"":0.00923466682434082,""channels"":3,""force"":[-0.019227815404990523,-0.03940920462000275],""has_data"":true,""last_update_ts"":1784119488.7975101,""raw"":[15757,15717,15808]},""pinky"":{""age_s"":0.00923466682434082,""channels"":3,""force"":[-1.02580395185627,-0.7443344140199999],""has_data"":true,""last_update_ts"":1784119488.7975101,""raw"":[17422,15288,17696]},""ring"":{""age_s"":0.00923466682434082,""channels"":3,""force"":[0.28024540952774224,0.25393959314999837],""has_data"":true,""last_update_ts"":1784119488.7975101,""raw"":[15796,16379,15630]},""thumb"":{""age_s"":0.00923466682434082,""channels"":3,""force"":[0.0,-2.220446049250313e-16],""has_data"":true,""last_update_ts"":1784119488.7975101,""raw"":[0,0,0]}}","{""ble"":{""connection_state"":""connected"",""counter"":1040818,""finger_order"":""DexterController.Visualizer"",""last_error"":null,""last_sample_age_s"":0.00925576000008732,""reconnect_count"":0,""sample_hz"":20.0,""sample_sequence"":235,""timestamp_us"":10453632192},""fingers"":{""index"":{""has_data"":true,""last_update_ts"":1784119488.7975101,""mapped"":true},""middle"":{""has_data"":true,""last_update_ts"":1784119488.7975101,""mapped"":true},""pinky"":{""has_data"":true,""last_update_ts"":1784119488.7975101,""mapped"":true},""ring"":{""has_data"":true,""last_update_ts"":1784119488.7975101,""mapped"":true},""thumb"":{""has_data"":true,""last_update_ts"":1784119488.7975101,""mapped"":true}},""ports"":{""available"":[""BLE:Dexter""],""unavailable"":[]}}"
1784119488.8569574,1784119488.8567,237,ble,"{""index"":{""age_s"":0.009174108505249023,""channels"":3,""force"":[-0.40138064657918804,-0.7657041939900013],""has_data"":true,""last_update_ts"":1784119488.8475258,""raw"":[16965,16130,17927]},""middle"":{""age_s"":0.009174108505249023,""channels"":3,""force"":[-0.017785729249617077,-0.037466497350001404],""has_data"":true,""last_update_ts"":1784119488.8475258,""raw"":[15759,15722,15808]},""pinky"":{""age_s"":0.009174108505249023,""channels"":3,""force"":[-1.0282074287818936,-0.7451670028500015],""has_data"":true,""last_update_ts"":1784119488.8475258,""raw"":[17419,15280,17692]},""ring"":{""age_s"":0.009174108505249023,""channels"":3,""force"":[0.2773612372169971,0.2522744154899961],""has_data"":true,""last_update_ts"":1784119488.8475258,""raw"":[15795,16372,15629]},""thumb"":{""age_s"":0.009174108505249023,""channels"":3,""force"":[0.0,-2.220446049250313e-16],""has_data"":true,""last_update_ts"":1784119488.8475258,""raw"":[0,0,0]}}","{""ble"":{""connection_state"":""connected"",""counter"":1040821,""finger_order"":""DexterController.Visualizer"",""last_error"":null,""last_sample_age_s"":0.009216759004630148,""reconnect_count"":0,""sample_hz"":20.0,""sample_sequence"":236,""timestamp_us"":10453660512},""fingers"":{""index"":{""has_data"":true,""last_update_ts"":1784119488.8475258,""mapped"":true},""middle"":{""has_data"":true,""last_update_ts"":1784119488.8475258,""mapped"":true},""pinky"":{""has_data"":true,""last_update_ts"":1784119488.8475258,""mapped"":true},""ring"":{""has_data"":true,""last_update_ts"":1784119488.8475258,""mapped"":true},""thumb"":{""has_data"":true,""last_update_ts"":1784119488.8475258,""mapped"":true}},""ports"":{""available"":[""BLE:Dexter""],""unavailable"":[]}}"
1784119488.9068353,1784119488.9066868,238,ble,"{""index"":{""age_s"":0.009172439575195312,""channels"":3,""force"":[-0.39272812964694204,-0.749607476610004],""has_data"":true,""last_update_ts"":1784119488.8975143,""raw"":[16956,16139,17898]},""middle"":{""age_s"":0.009172439575195312,""channels"":3,""force"":[-0.018266424634740375,-0.012766362060002479],""has_data"":true,""last_update_ts"":1784119488.8975143,""raw"":[15742,15704,15746]},""pinky"":{""age_s"":0.009172439575195312,""channels"":3,""force"":[-0.41195594505193434,-0.4437698463900013],""has_data"":true,""last_update_ts"":1784119488.8975143,""raw"":[17244,16387,17615]},""ring"":{""age_s"":0.009172439575195312,""channels"":3,""force"":[0.30572226493935695,0.3674492036399979],""has_data"":true,""last_update_ts"":1784119488.8975143,""raw"":[15775,16411,15431]},""thumb"":{""age_s"":0.009172439575195312,""channels"":3,""force"":[0.0,-2.220446049250313e-16],""has_data"":true,""last_update_ts"":1784119488.8975143,""raw"":[0,0,0]}}","{""ble"":{""connection_state"":""connected"",""counter"":1040830,""finger_order"":""DexterController.Visualizer"",""last_error"":null,""last_sample_age_s"":0.00919791599153541,""reconnect_count"":0,""sample_hz"":20.0,""sample_sequence"":237,""timestamp_us"":10453745504},""fingers"":{""index"":{""has_data"":true,""last_update_ts"":1784119488.8975143,""mapped"":true},""middle"":{""has_data"":true,""last_update_ts"":1784119488.8975143,""mapped"":true},""pinky"":{""has_data"":true,""last_update_ts"":1784119488.8975143,""mapped"":true},""ring"":{""has_data"":true,""last_update_ts"":1784119488.8975143,""mapped"":true},""thumb"":{""has_data"":true,""last_update_ts"":1784119488.8975143,""mapped"":true}},""ports"":{""available"":[""BLE:Dexter""],""unavailable"":[]}}"
1784119488.9567719,1784119488.956648,239,ble,"{""index"":{""age_s"":0.009133577346801758,""channels"":3,""force"":[-0.40234203734943463,-0.7612637202300032],""has_data"":true,""last_update_ts"":1784119488.9475145,""raw"":[16971,16134,17924]},""middle"":{""age_s"":0.009133577346801758,""channels"":3,""force"":[-0.021631292330615892,-0.04024179345000167],""has_data"":true,""last_update_ts"":1784119488.9475145,""raw"":[15764,15719,15814]},""pinky"":{""age_s"":0.009133577346801758,""channels"":3,""force"":[-1.0190742164645226,-0.7521052431000017],""has_data"":true,""last_update_ts"":1784119488.9475145,""raw"":[17411,15291,17706]},""ring"":{""age_s"":0.009133577346801758,""channels"":3,""force"":[0.27111219721037294,0.25088676743999994],""has_data"":true,""last_update_ts"":1784119488.9475145,""raw"":[15801,16365,15631]},""thumb"":{""age_s"":0.009133577346801758,""channels"":3,""force"":[0.0,-2.220446049250313e-16],""has_data"":true,""last_update_ts"":1784119488.9475145,""raw"":[0,0,0]}}","{""ble"":{""connection_state"":""connected"",""counter"":1040834,""finger_order"":""DexterController.Visualizer"",""last_error"":null,""last_sample_age_s"":0.009154646002571099,""reconnect_count"":0,""sample_hz"":20.0,""sample_sequence"":238,""timestamp_us"":10453782976},""fingers"":{""index"":{""has_data"":true,""last_update_ts"":1784119488.9475145,""mapped"":true},""middle"":{""has_data"":true,""last_update_ts"":1784119488.9475145,""mapped"":true},""pinky"":{""has_data"":true,""last_update_ts"":1784119488.9475145,""mapped"":true},""ring"":{""has_data"":true,""last_update_ts"":1784119488.9475145,""mapped"":true},""thumb"":{""has_data"":true,""last_update_ts"":1784119488.9475145,""mapped"":true}},""ports"":{""available"":[""BLE:Dexter""],""unavailable"":[]}}"
1784119489.0069208,1784119489.0067751,240,ble,"{""index"":{""age_s"":0.009244680404663086,""channels"":3,""force"":[-0.40041925580893967,-0.7612637202300014],""has_data"":true,""last_update_ts"":1784119488.9975305,""raw"":[16973,16140,17928]},""middle"":{""age_s"":0.009244680404663086,""channels"":3,""force"":[-0.019227815404990523,-0.03885414540000198],""has_data"":true,""last_update_ts"":1784119488.9975305,""raw"":[15758,15718,15808]},""pinky"":{""age_s"":0.009244680404663086,""channels"":3,""force"":[-1.0253232564711467,-0.7462771212900012],""has_data"":true,""last_update_ts"":1784119488.9975305,""raw"":[17428,15295,17706]},""ring"":{""age_s"":0.009244680404663086,""channels"":3,""force"":[0.27015080644012457,0.25199688587999614],""has_data"":true,""last_update_ts"":1784119488.9975305,""raw"":[15800,16362,15627]},""thumb"":{""age_s"":0.009244680404663086,""channels"":3,""force"":[0.0,-2.220446049250313e-16],""has_data"":true,""last_update_ts"":1784119488.9975305,""raw"":[0,0,0]}}","{""ble"":{""connection_state"":""connected"",""counter"":1040839,""finger_order"":""DexterController.Visualizer"",""last_error"":null,""last_sample_age_s"":0.009269499001675285,""reconnect_count"":0,""sample_hz"":20.0,""sample_sequence"":239,""timestamp_us"":10453829984},""fingers"":{""index"":{""has_data"":true,""last_update_ts"":1784119488.9975305,""mapped"":true},""middle"":{""has_data"":true,""last_update_ts"":1784119488.9975305,""mapped"":true},""pinky"":{""has_data"":true,""last_update_ts"":1784119488.9975305,""mapped"":true},""ring"":{""has_data"":true,""last_update_ts"":1784119488.9975305,""mapped"":true},""thumb"":{""has_data"":true,""last_update_ts"":1784119488.9975305,""mapped"":true}},""ports"":{""available"":[""BLE:Dexter""],""unavailable"":[]}}"
1784119489.0569036,1784119489.0567575,241,ble,"{""index"":{""age_s"":0.009232759475708008,""channels"":3,""force"":[-0.40378412350480986,-0.7587659537400011],""has_data"":true,""last_update_ts"":1784119489.0475247,""raw"":[16974,16134,17921]},""middle"":{""age_s"":0.009232759475708008,""channels"":3,""force"":[-0.018266424634743927,-0.03718896774000058],""has_data"":true,""last_update_ts"":1784119489.0475247,""raw"":[15759,15721,15807]},""pinky"":{""age_s"":0.009232759475708008,""channels"":3,""force"":[-1.0214776933901497,-0.7423917067500003],""has_data"":true,""last_update_ts"":1784119489.0475247,""raw"":[17425,15300,17700]},""ring"":{""age_s"":0.009232759475708008,""channels"":3,""force"":[0.2735156741359983,0.2539395931499966],""has_data"":true,""last_update_ts"":1784119489.0475247,""raw"":[15800,16369,15627]},""thumb"":{""age_s"":0.009232759475708008,""channels"":3,""force"":[0.0,-2.220446049250313e-16],""has_data"":true,""last_update_ts"":1784119489.0475247,""raw"":[0,0,0]}}","{""ble"":{""connection_state"":""connected"",""counter"":1040845,""finger_order"":""DexterController.Visualizer"",""last_error"":null,""last_sample_age_s"":0.009258562000468373,""reconnect_count"":0,""sample_hz"":20.0,""sample_sequence"":240,""timestamp_us"":10453886496},""fingers"":{""index"":{""has_data"":true,""last_update_ts"":1784119489.0475247,""mapped"":true},""middle"":{""has_data"":true,""last_update_ts"":1784119489.0475247,""mapped"":true},""pinky"":{""has_data"":true,""last_update_ts"":1784119489.0475247,""mapped"":true},""ring"":{""has_data"":true,""last_update_ts"":1784119489.0475247,""mapped"":true},""thumb"":{""has_data"":true,""last_update_ts"":1784119489.0475247,""mapped"":true}},""ports"":{""available"":[""BLE:Dexter""],""unavailable"":[]}}"
1784119489.1068332,1784119489.1066804,242,ble,"{""index"":{""age_s"":0.009154081344604492,""channels"":3,""force"":[-0.4066682958155621,-0.7709772565800019],""has_data"":true,""last_update_ts"":1784119489.0975263,""raw"":[16973,16127,17939]},""middle"":{""age_s"":0.009154081344604492,""channels"":3,""force"":[-0.02307337848598756,-0.042739559940002],""has_data"":true,""last_update_ts"":1784119489.0975263,""raw"":[15762,15714,15815]},""pinky"":{""age_s"":0.009154081344604492,""channels"":3,""force"":[-1.027246038011647,-0.7418366475300031],""has_data"":true,""last_update_ts"":1784119489.0975263,""raw"":[17420,15283,17688]},""ring"":{""age_s"":0.009154081344604492,""channels"":3,""force"":[0.28745584030461657,0.2614328926199967],""has_data"":true,""last_update_ts"":1784119489.0975263,""raw"":[15792,16390,15620]},""thumb"":{""age_s"":0.009154081344604492,""channels"":3,""force"":[0.0,-2.220446049250313e-16],""has_data"":true,""last_update_ts"":1784119489.0975263,""raw"":[0,0,0]}}","{""ble"":{""connection_state"":""connected"",""counter"":1040846,""finger_order"":""DexterController.Visualizer"",""last_error"":null,""last_sample_age_s"":0.009179530999972485,""reconnect_count"":0,""sample_hz"":20.0,""sample_sequence"":241,""timestamp_us"":10453895904},""fingers"":{""index"":{""has_data"":true,""last_update_ts"":1784119489.0975263,""mapped"":true},""middle"":{""has_data"":true,""last_update_ts"":1784119489.0975263,""mapped"":true},""pinky"":{""has_data"":true,""last_update_ts"":1784119489.0975263,""mapped"":true},""ring"":{""has_data"":true,""last_update_ts"":1784119489.0975263,""mapped"":true},""thumb"":{""has_data"":true,""last_update_ts"":1784119489.0975263,""mapped"":true}},""ports"":{""available"":[""BLE:Dexter""],""unavailable"":[]}}"
1784119489.156798,1784119489.1566749,243,ble,"{""index"":{""age_s"":0.00915980339050293,""channels"":3,""force"":[-0.39753508349818745,-0.7612637202300014],""has_data"":true,""last_update_ts"":1784119489.147515,""raw"":[16965,16138,17923]},""middle"":{""age_s"":0.00915980339050293,""channels"":3,""force"":[-0.019708510790117373,-0.03968673423000091],""has_data"":true,""last_update_ts"":1784119489.147515,""raw"":[15759,15718,15810]},""pinky"":{""age_s"":0.00915980339050293,""channels"":3,""force"":[-1.0253232564711467,-0.7462771212900012],""has_data"":true,""last_update_ts"":1784119489.147515,""raw"":[17424,15291,17702]},""ring"":{""age_s"":0.00915980339050293,""channels"":3,""force"":[0.2739963695211216,0.25310700431999944],""has_data"":true,""last_update_ts"":1784119489.147515,""raw"":[15802,16372,15631]},""thumb"":{""age_s"":0.00915980339050293,""channels"":3,""force"":[0.0,-2.220446049250313e-16],""has_data"":true,""last_update_ts"":1784119489.147515,""raw"":[0,0,0]}}","{""ble"":{""connection_state"":""connected"",""counter"":1040857,""finger_order"":""DexterController.Visualizer"",""last_error"":null,""last_sample_age_s"":0.009184400987578556,""reconnect_count"":0,""sample_hz"":20.0,""sample_sequence"":242,""timestamp_us"":10453999744},""fingers"":{""index"":{""has_data"":true,""last_update_ts"":1784119489.147515,""mapped"":true},""middle"":{""has_data"":true,""last_update_ts"":1784119489.147515,""mapped"":true},""pinky"":{""has_data"":true,""last_update_ts"":1784119489.147515,""mapped"":true},""ring"":{""has_data"":true,""last_update_ts"":1784119489.147515,""mapped"":true},""thumb"":{""has_data"":true,""last_update_ts"":1784119489.147515,""mapped"":true}},""ports"":{""available"":[""BLE:Dexter""],""unavailable"":[]}}"
1784119489.2067869,1784119489.2066736,244,ble,"{""index"":{""age_s"":0.009144306182861328,""channels"":3,""force"":[-0.39897716965356445,-0.7609861906200024],""has_data"":true,""last_update_ts"":1784119489.1975293,""raw"":[16970,16140,17926]},""middle"":{""age_s"":0.009144306182861328,""channels"":3,""force"":[-0.019708510790115596,-0.03802155657000483],""has_data"":true,""last_update_ts"":1784119489.1975293,""raw"":[15757,15716,15805]},""pinky"":{""age_s"":0.009144306182861328,""channels"":3,""force"":[-1.0214776933901497,-0.7479422989500026],""has_data"":true,""last_update_ts"":1784119489.1975293,""raw"":[17420,15295,17705]},""ring"":{""age_s"":0.009144306182861328,""channels"":3,""force"":[0.27303497875087146,0.25310700431999944],""has_data"":true,""last_update_ts"":1784119489.1975293,""raw"":[15797,16365,15625]},""thumb"":{""age_s"":0.009144306182861328,""channels"":3,""force"":[0.0,-2.220446049250313e-16],""has_data"":true,""last_update_ts"":1784119489.1975293,""raw"":[0,0,0]}}","{""ble"":{""connection_state"":""connected"",""counter"":1040860,""finger_order"":""DexterController.Visualizer"",""last_error"":null,""last_sample_age_s"":0.009165679002762772,""reconnect_count"":0,""sample_hz"":20.0,""sample_sequence"":243,""timestamp_us"":10454027808},""fingers"":{""index"":{""has_data"":true,""last_update_ts"":1784119489.1975293,""mapped"":true},""middle"":{""has_data"":true,""last_update_ts"":1784119489.1975293,""mapped"":true},""pinky"":{""has_data"":true,""last_update_ts"":1784119489.1975293,""mapped"":true},""ring"":{""has_data"":true,""last_update_ts"":1784119489.1975293,""mapped"":true},""thumb"":{""has_data"":true,""last_update_ts"":1784119489.1975293,""mapped"":true}},""ports"":{""available"":[""BLE:Dexter""],""unavailable"":[]}}"
1784119489.25685,1784119489.2566772,245,ble,"{""index"":{""age_s"":0.009147882461547852,""channels"":3,""force"":[-0.4071489912006854,-0.7751402007300037],""has_data"":true,""last_update_ts"":1784119489.2475293,""raw"":[16967,16120,17940]},""middle"":{""age_s"":0.009147882461547852,""channels"":3,""force"":[-0.024996160026489633,-0.04606991526000037],""has_data"":true,""last_update_ts"":1784119489.2475293,""raw"":[15771,15719,15828]},""pinky"":{""age_s"":0.009147882461547852,""channels"":3,""force"":[-1.0219583887752748,-0.7348984072800002],""has_data"":true,""last_update_ts"":1784119489.2475293,""raw"":[17421,15295,17682]},""ring"":{""age_s"":0.009147882461547852,""channels"":3,""force"":[0.2898593172302384,0.2672610144299963],""has_data"":true,""last_update_ts"":1784119489.2475293,""raw"":[15792,16395,15612]},""thumb"":{""age_s"":0.009147882461547852,""channels"":3,""force"":[0.0,-2.220446049250313e-16],""has_data"":true,""last_update_ts"":1784119489.2475293,""raw"":[0,0,0]}}","{""ble"":{""connection_state"":""connected"",""counter"":1040866,""finger_order"":""DexterController.Visualizer"",""last_error"":null,""last_sample_age_s"":0.009173166006803513,""reconnect_count"":0,""sample_hz"":20.0,""sample_sequence"":244,""timestamp_us"":10454084288},""fingers"":{""index"":{""has_data"":true,""last_update_ts"":1784119489.2475293,""mapped"":true},""middle"":{""has_data"":true,""last_update_ts"":1784119489.2475293,""mapped"":true},""pinky"":{""has_data"":true,""last_update_ts"":1784119489.2475293,""mapped"":true},""ring"":{""has_data"":true,""last_update_ts"":1784119489.2475293,""mapped"":true},""thumb"":{""has_data"":true,""last_update_ts"":1784119489.2475293,""mapped"":true}},""ports"":{""available"":[""BLE:Dexter""],""unavailable"":[]}}"
1784119489.3067963,1784119489.306648,246,ble,"{""index"":{""age_s"":0.009121894836425781,""channels"":3,""force"":[-0.3970543881130659,-0.7559906576400035],""has_data"":true,""last_update_ts"":1784119489.2975261,""raw"":[16970,16144,17919]},""middle"":{""age_s"":0.009121894836425781,""channels"":3,""force"":[-0.019708510790117373,-0.035246260470000124],""has_data"":true,""last_update_ts"":1784119489.2975261,""raw"":[15768,15727,15811]},""pinky"":{""age_s"":0.009121894836425781,""channels"":3,""force"":[-1.0224390841603999,-0.7446119436299998],""has_data"":true,""last_update_ts"":1784119489.2975261,""raw"":[17421,15294,17699]},""ring"":{""age_s"":0.009121894836425781,""channels"":3,""force"":[0.276399846446747,0.2572699484699985],""has_data"":true,""last_update_ts"":1784119489.2975261,""raw"":[15798,16373,15622]},""thumb"":{""age_s"":0.009121894836425781,""channels"":3,""force"":[0.0,-2.220446049250313e-16],""has_data"":true,""last_update_ts"":1784119489.2975261,""raw"":[0,0,0]}}","{""ble"":{""connection_state"":""connected"",""counter"":1040871,""finger_order"":""DexterController.Visualizer"",""last_error"":null,""last_sample_age_s"":0.009147126998868771,""reconnect_count"":0,""sample_hz"":20.0,""sample_sequence"":245,""timestamp_us"":10454131264},""fingers"":{""index"":{""has_data"":true,""last_update_ts"":1784119489.2975261,""mapped"":true},""middle"":{""has_data"":true,""last_update_ts"":1784119489.2975261,""mapped"":true},""pinky"":{""has_data"":true,""last_update_ts"":1784119489.2975261,""mapped"":true},""ring"":{""has_data"":true,""last_update_ts"":1784119489.2975261,""mapped"":true},""thumb"":{""has_data"":true,""last_update_ts"":1784119489.2975261,""mapped"":true}},""ports"":{""available"":[""BLE:Dexter""],""unavailable"":[]}}"
1784119489.3567908,1784119489.3566504,247,ble,"{""index"":{""age_s"":0.009132146835327148,""channels"":3,""force"":[-0.39753508349818745,-0.7607086610100016],""has_data"":true,""last_update_ts"":1784119489.3475182,""raw"":[16964,16137,17921]},""middle"":{""age_s"":0.009132146835327148,""channels"":3,""force"":[-0.020189206175242447,-0.03663390852000248],""has_data"":true,""last_update_ts"":1784119489.3475182,""raw"":[15768,15726,15813]},""pinky"":{""age_s"":0.009132146835327148,""channels"":3,""force"":[-1.0234004749306465,-0.7473872397300036],""has_data"":true,""last_update_ts"":1784119489.3475182,""raw"":[17419,15290,17701]},""ring"":{""age_s"":0.009132146835327148,""channels"":3,""force"":[0.27303497875087146,0.2503317082199965],""has_data"":true,""last_update_ts"":1784119489.3475182,""raw"":[15803,16371,15636]},""thumb"":{""age_s"":0.009132146835327148,""channels"":3,""force"":[0.0,-2.220446049250313e-16],""has_data"":true,""last_update_ts"":1784119489.3475182,""raw"":[0,0,0]}}","{""ble"":{""connection_state"":""connected"",""counter"":1040877,""finger_order"":""DexterController.Visualizer"",""last_error"":null,""last_sample_age_s"":0.009156847998383455,""reconnect_count"":0,""sample_hz"":20.0,""sample_sequence"":246,""timestamp_us"":10454187776},""fingers"":{""index"":{""has_data"":true,""last_update_ts"":1784119489.3475182,""mapped"":true},""middle"":{""has_data"":true,""last_update_ts"":1784119489.3475182,""mapped"":true},""pinky"":{""has_data"":true,""last_update_ts"":1784119489.3475182,""mapped"":true},""ring"":{""has_data"":true,""last_update_ts"":1784119489.3475182,""mapped"":true},""thumb"":{""has_data"":true,""last_update_ts"":1784119489.3475182,""mapped"":true}},""ports"":{""available"":[""BLE:Dexter""],""unavailable"":[]}}"
1784119489.4068139,1784119489.4066777,248,ble,"{""index"":{""age_s"":0.009151697158813477,""channels"":3,""force"":[-0.40378412350480986,-0.762651368280002],""has_data"":true,""last_update_ts"":1784119489.397526,""raw"":[16974,16134,17928]},""middle"":{""age_s"":0.009151697158813477,""channels"":3,""force"":[-0.022111987715740966,-0.039964263840001735],""has_data"":true,""last_update_ts"":1784119489.397526,""raw"":[15759,15713,15808]},""pinky"":{""age_s"":0.009151697158813477,""channels"":3,""force"":[-1.0214776933901462,-0.7423917067500021],""has_data"":true,""last_update_ts"":1784119489.397526,""raw"":[17423,15298,17698]},""ring"":{""age_s"":0.009151697158813477,""channels"":3,""force"":[0.2735156741359983,0.25227441548999874],""has_data"":true,""last_update_ts"":1784119489.397526,""raw"":[15796,16365,15626]},""thumb"":{""age_s"":0.009151697158813477,""channels"":3,""force"":[0.0,-2.220446049250313e-16],""has_data"":true,""last_update_ts"":1784119489.397526,""raw"":[0,0,0]}}","{""ble"":{""connection_state"":""connected"",""counter"":1040882,""finger_order"":""DexterController.Visualizer"",""last_error"":null,""last_sample_age_s"":0.009178056992823258,""reconnect_count"":0,""sample_hz"":20.0,""sample_sequence"":247,""timestamp_us"":10454234656},""fingers"":{""index"":{""has_data"":true,""last_update_ts"":1784119489.397526,""mapped"":true},""middle"":{""has_data"":true,""last_update_ts"":1784119489.397526,""mapped"":true},""pinky"":{""has_data"":true,""last_update_ts"":1784119489.397526,""mapped"":true},""ring"":{""has_data"":true,""last_update_ts"":1784119489.397526,""mapped"":true},""thumb"":{""has_data"":true,""last_update_ts"":1784119489.397526,""mapped"":true}},""ports"":{""available"":[""BLE:Dexter""],""unavailable"":[]}}"
1784119489.4567914,1784119489.4566798,249,ble,"{""index"":{""age_s"":0.009150266647338867,""channels"":3,""force"":[-0.4018613419643131,-0.7604311314000016],""has_data"":true,""last_update_ts"":1784119489.4475296,""raw"":[16976,16140,17928]},""middle"":{""age_s"":0.009150266647338867,""channels"":3,""force"":[-0.018266424634743927,-0.03940920462000186],""has_data"":true,""last_update_ts"":1784119489.4475296,""raw"":[15759,15721,15811]},""pinky"":{""age_s"":0.009150266647338867,""channels"":3,""force"":[-1.0224390841603963,-0.7473872397300036],""has_data"":true,""last_update_ts"":1784119489.4475296,""raw"":[17418,15291,17701]},""ring"":{""age_s"":0.009150266647338867,""channels"":3,""force"":[0.2773612372169971,0.25282947470999595],""has_data"":true,""last_update_ts"":1784119489.4475296,""raw"":[15795,16372,15628]},""thumb"":{""age_s"":0.009150266647338867,""channels"":3,""force"":[0.0,-2.220446049250313e-16],""has_data"":true,""last_update_ts"":1784119489.4475296,""raw"":[0,0,0]}}","{""ble"":{""connection_state"":""connected"",""counter"":1040887,""finger_order"":""DexterController.Visualizer"",""last_error"":null,""last_sample_age_s"":0.009171141995466314,""reconnect_count"":0,""sample_hz"":20.0,""sample_sequence"":248,""timestamp_us"":10454281600},""fingers"":{""index"":{""has_data"":true,""last_update_ts"":1784119489.4475296,""mapped"":true},""middle"":{""has_data"":true,""last_update_ts"":1784119489.4475296,""mapped"":true},""pinky"":{""has_data"":true,""last_update_ts"":1784119489.4475296,""mapped"":true},""ring"":{""has_data"":true,""last_update_ts"":1784119489.4475296,""mapped"":true},""thumb"":{""has_data"":true,""last_update_ts"":1784119489.4475296,""mapped"":true}},""ports"":{""available"":[""BLE:Dexter""],""unavailable"":[]}}"
1784119489.506795,1784119489.506665,250,ble,"{""index"":{""age_s"":0.009135723114013672,""channels"":3,""force"":[-0.40522620966018685,-0.7634839571100009],""has_data"":true,""last_update_ts"":1784119489.4975293,""raw"":[16973,16130,17927]},""middle"":{""age_s"":0.009135723114013672,""channels"":3,""force"":[-0.016824338479365153,-0.037466497350001404],""has_data"":true,""last_update_ts"":1784119489.4975293,""raw"":[15758,15723,15808]},""pinky"":{""age_s"":0.009135723114013672,""channels"":3,""force"":[-1.0253232564711467,-0.7429467659700002],""has_data"":true,""last_update_ts"":1784119489.4975293,""raw"":[17422,15289,17694]},""ring"":{""age_s"":0.009135723114013672,""channels"":3,""force"":[0.276399846446747,0.2533845339299976],""has_data"":true,""last_update_ts"":1784119489.4975293,""raw"":[15798,16373,15629]},""thumb"":{""age_s"":0.009135723114013672,""channels"":3,""force"":[0.0,-2.220446049250313e-16],""has_data"":true,""last_update_ts"":1784119489.4975293,""raw"":[0,0,0]}}","{""ble"":{""connection_state"":""connected"",""counter"":1040893,""finger_order"":""DexterController.Visualizer"",""last_error"":null,""last_sample_age_s"":0.009156758009339683,""reconnect_count"":0,""sample_hz"":20.0,""sample_sequence"":249,""timestamp_us"":10454338016},""fingers"":{""index"":{""has_data"":true,""last_update_ts"":1784119489.4975293,""mapped"":true},""middle"":{""has_data"":true,""last_update_ts"":1784119489.4975293,""mapped"":true},""pinky"":{""has_data"":true,""last_update_ts"":1784119489.4975293,""mapped"":true},""ring"":{""has_data"":true,""last_update_ts"":1784119489.4975293,""mapped"":true},""thumb"":{""has_data"":true,""last_update_ts"":1784119489.4975293,""mapped"":true}},""ports"":{""available"":[""BLE:Dexter""],""unavailable"":[]}}"
1784119489.5568783,1784119489.5566547,251,ble,"{""index"":{""age_s"":0.00912618637084961,""channels"":3,""force"":[-0.39032465272131844,-0.7537704207600013],""has_data"":true,""last_update_ts"":1784119489.5475285,""raw"":[16935,16123,17887]},""middle"":{""age_s"":0.00912618637084961,""channels"":3,""force"":[-0.03124520003311204,0.04579238564999777],""has_data"":true,""last_update_ts"":1784119489.5475285,""raw"":[15708,15643,15593]},""pinky"":{""age_s"":0.00912618637084961,""channels"":3,""force"":[1.134441108894471,0.3174938738399975],""has_data"":true,""last_update_ts"":1784119489.5475285,""raw"":[16789,19149,17397]},""ring"":{""age_s"":0.00912618637084961,""channels"":3,""force"":[0.36196362499895507,0.6363753957299991],""has_data"":true,""last_update_ts"":1784119489.5475285,""raw"":[15722,16475,14952]},""thumb"":{""age_s"":0.00912618637084961,""channels"":3,""force"":[0.0,-2.220446049250313e-16],""has_data"":true,""last_update_ts"":1784119489.5475285,""raw"":[0,0,0]}}","{""ble"":{""connection_state"":""connected"",""counter"":1040898,""finger_order"":""DexterController.Visualizer"",""last_error"":null,""last_sample_age_s"":0.009146394004346803,""reconnect_count"":0,""sample_hz"":20.0,""sample_sequence"":250,""timestamp_us"":10454384960},""fingers"":{""index"":{""has_data"":true,""last_update_ts"":1784119489.5475285,""mapped"":true},""middle"":{""has_data"":true,""last_update_ts"":1784119489.5475285,""mapped"":true},""pinky"":{""has_data"":true,""last_update_ts"":1784119489.5475285,""mapped"":true},""ring"":{""has_data"":true,""last_update_ts"":1784119489.5475285,""mapped"":true},""thumb"":{""has_data"":true,""last_update_ts"":1784119489.5475285,""mapped"":true}},""ports"":{""available"":[""BLE:Dexter""],""unavailable"":[]}}"
1784119489.6067765,1784119489.6066532,252,ble,"{""index"":{""age_s"":0.009127378463745117,""channels"":3,""force"":[-0.3980157788833143,-0.7598760721800017],""has_data"":true,""last_update_ts"":1784119489.5975258,""raw"":[16967,16139,17922]},""middle"":{""age_s"":0.009127378463745117,""channels"":3,""force"":[-0.018266424634740375,-0.037744026960000454],""has_data"":true,""last_update_ts"":1784119489.5975258,""raw"":[15761,15723,15810]},""pinky"":{""age_s"":0.009127378463745117,""channels"":3,""force"":[-1.02580395185627,-0.7471097101200028],""has_data"":true,""last_update_ts"":1784119489.5975258,""raw"":[17426,15292,17705]},""ring"":{""age_s"":0.009127378463745117,""channels"":3,""force"":[0.27495776029137176,0.2542171227599992],""has_data"":true,""last_update_ts"":1784119489.5975258,""raw"":[15802,16374,15630]},""thumb"":{""age_s"":0.009127378463745117,""channels"":3,""force"":[0.0,-2.220446049250313e-16],""has_data"":true,""last_update_ts"":1784119489.5975258,""raw"":[0,0,0]}}","{""ble"":{""connection_state"":""connected"",""counter"":1040903,""finger_order"":""DexterController.Visualizer"",""last_error"":null,""last_sample_age_s"":0.009148730008746497,""reconnect_count"":0,""sample_hz"":20.0,""sample_sequence"":251,""timestamp_us"":10454432000},""fingers"":{""index"":{""has_data"":true,""last_update_ts"":1784119489.5975258,""mapped"":true},""middle"":{""has_data"":true,""last_update_ts"":1784119489.5975258,""mapped"":true},""pinky"":{""has_data"":true,""last_update_ts"":1784119489.5975258,""mapped"":true},""ring"":{""has_data"":true,""last_update_ts"":1784119489.5975258,""mapped"":true},""thumb"":{""has_data"":true,""last_update_ts"":1784119489.5975258,""mapped"":true}},""ports"":{""available"":[""BLE:Dexter""],""unavailable"":[]}}"
1784119489.6568,1784119489.6566813,253,ble,"{""index"":{""age_s"":0.009164810180664062,""channels"":3,""force"":[-0.39945786503868774,-0.7612637202300032],""has_data"":true,""last_update_ts"":1784119489.6475165,""raw"":[16971,16140,17927]},""middle"":{""age_s"":0.009164810180664062,""channels"":3,""force"":[-0.0192278154049923,-0.03829908618000122],""has_data"":true,""last_update_ts"":1784119489.6475165,""raw"":[15759,15719,15808]},""pinky"":{""age_s"":0.009164810180664062,""channels"":3,""force"":[-1.0282074287818936,-0.7484973581700025],""has_data"":true,""last_update_ts"":1784119489.6475165,""raw"":[17426,15287,17705]},""ring"":{""age_s"":0.009164810180664062,""channels"":3,""force"":[0.27784193260211687,0.25421712275999564],""has_data"":true,""last_update_ts"":1784119489.6475165,""raw"":[15793,16371,15624]},""thumb"":{""age_s"":0.009164810180664062,""channels"":3,""force"":[0.0,-2.220446049250313e-16],""has_data"":true,""last_update_ts"":1784119489.6475165,""raw"":[0,0,0]}}","{""ble"":{""connection_state"":""connected"",""counter"":1040909,""finger_order"":""DexterController.Visualizer"",""last_error"":null,""last_sample_age_s"":0.009185825008898973,""reconnect_count"":0,""sample_hz"":20.0,""sample_sequence"":252,""timestamp_us"":10454488576},""fingers"":{""index"":{""has_data"":true,""last_update_ts"":1784119489.6475165,""mapped"":true},""middle"":{""has_data"":true,""last_update_ts"":1784119489.6475165,""mapped"":true},""pinky"":{""has_data"":true,""last_update_ts"":1784119489.6475165,""mapped"":true},""ring"":{""has_data"":true,""last_update_ts"":1784119489.6475165,""mapped"":true},""thumb"":{""has_data"":true,""last_update_ts"":1784119489.6475165,""mapped"":true}},""ports"":{""available"":[""BLE:Dexter""],""unavailable"":[]}}"
1784119489.7068298,1784119489.706685,254,ble,"{""index"":{""age_s"":0.00916910171508789,""channels"":3,""force"":[-0.40378412350481163,-0.7748626711200028],""has_data"":true,""last_update_ts"":1784119489.697516,""raw"":[16963,16123,17939]},""middle"":{""age_s"":0.00916910171508789,""channels"":3,""force"":[-0.02355407387111441,-0.048012622530001714],""has_data"":true,""last_update_ts"":1784119489.697516,""raw"":[15766,15717,15828]},""pinky"":{""age_s"":0.00916910171508789,""channels"":3,""force"":[-1.022439084160398,-0.7357309961100036],""has_data"":true,""last_update_ts"":1784119489.697516,""raw"":[17422,15295,17684]},""ring"":{""age_s"":0.00916910171508789,""channels"":3,""force"":[0.2855330587641163,0.26198795183999746],""has_data"":true,""last_update_ts"":1784119489.697516,""raw"":[15794,16388,15619]},""thumb"":{""age_s"":0.00916910171508789,""channels"":3,""force"":[0.0,-2.220446049250313e-16],""has_data"":true,""last_update_ts"":1784119489.697516,""raw"":[0,0,0]}}","{""ble"":{""connection_state"":""connected"",""counter"":1040914,""finger_order"":""DexterController.Visualizer"",""last_error"":null,""last_sample_age_s"":0.009194384008878842,""reconnect_count"":0,""sample_hz"":20.0,""sample_sequence"":253,""timestamp_us"":10454535584},""fingers"":{""index"":{""has_data"":true,""last_update_ts"":1784119489.697516,""mapped"":true},""middle"":{""has_data"":true,""last_update_ts"":1784119489.697516,""mapped"":true},""pinky"":{""has_data"":true,""last_update_ts"":1784119489.697516,""mapped"":true},""ring"":{""has_data"":true,""last_update_ts"":1784119489.697516,""mapped"":true},""thumb"":{""has_data"":true,""last_update_ts"":1784119489.697516,""mapped"":true}},""ports"":{""available"":[""BLE:Dexter""],""unavailable"":[]}}"
1784119489.756821,1784119489.7566867,255,ble,"{""index"":{""age_s"":0.009156227111816406,""channels"":3,""force"":[-0.40330342811968833,-0.7640390163300008],""has_data"":true,""last_update_ts"":1784119489.7475305,""raw"":[16969,16130,17926]},""middle"":{""age_s"":0.009156227111816406,""channels"":3,""force"":[-0.023073378485989338,-0.03718896774000324],""has_data"":true,""last_update_ts"":1784119489.7475305,""raw"":[15766,15718,15809]},""pinky"":{""age_s"":0.009156227111816406,""channels"":3,""force"":[-1.0248425610860235,-0.7454445324600014],""has_data"":true,""last_update_ts"":1784119489.7475305,""raw"":[17421,15289,17698]},""ring"":{""age_s"":0.009156227111816406,""channels"":3,""force"":[0.2763998464467434,0.25282947470999595],""has_data"":true,""last_update_ts"":1784119489.7475305,""raw"":[15796,16371,15628]},""thumb"":{""age_s"":0.009156227111816406,""channels"":3,""force"":[0.0,-2.220446049250313e-16],""has_data"":true,""last_update_ts"":1784119489.7475305,""raw"":[0,0,0]}}","{""ble"":{""connection_state"":""connected"",""counter"":1040919,""finger_order"":""DexterController.Visualizer"",""last_error"":null,""last_sample_age_s"":0.009181844987324439,""reconnect_count"":0,""sample_hz"":20.0,""sample_sequence"":254,""timestamp_us"":10454582528},""fingers"":{""index"":{""has_data"":true,""last_update_ts"":1784119489.7475305,""mapped"":true},""middle"":{""has_data"":true,""last_update_ts"":1784119489.7475305,""mapped"":true},""pinky"":{""has_data"":true,""last_update_ts"":1784119489.7475305,""mapped"":true},""ring"":{""has_data"":true,""last_update_ts"":1784119489.7475305,""mapped"":true},""thumb"":{""has_data"":true,""last_update_ts"":1784119489.7475305,""mapped"":true}},""ports"":{""available"":[""BLE:Dexter""],""unavailable"":[]}}"
1784119489.8068392,1784119489.8066866,256,ble,"{""index"":{""age_s"":0.009156227111816406,""channels"":3,""force"":[-0.4008999511940612,-0.7609861906200015],""has_data"":true,""last_update_ts"":1784119489.7975304,""raw"":[16967,16133,17921]},""middle"":{""age_s"":0.009156227111816406,""channels"":3,""force"":[-0.021150596945489042,-0.03552379008000184],""has_data"":true,""last_update_ts"":1784119489.7975304,""raw"":[15766,15722,15808]},""pinky"":{""age_s"":0.009156227111816406,""channels"":3,""force"":[-1.022919779545525,-0.7459995916800013],""has_data"":true,""last_update_ts"":1784119489.7975304,""raw"":[17417,15289,17697]},""ring"":{""age_s"":0.009156227111816406,""channels"":3,""force"":[0.27639984644674875,0.25005417860999835],""has_data"":true,""last_update_ts"":1784119489.7975304,""raw"":[15795,16370,15632]},""thumb"":{""age_s"":0.009156227111816406,""channels"":3,""force"":[0.0,-2.220446049250313e-16],""has_data"":true,""last_update_ts"":1784119489.7975304,""raw"":[0,0,0]}}","{""ble"":{""connection_state"":""connected"",""counter"":1040925,""finger_order"":""DexterController.Visualizer"",""last_error"":null,""last_sample_age_s"":0.009181173008983023,""reconnect_count"":0,""sample_hz"":20.0,""sample_sequence"":255,""timestamp_us"":10454638944},""fingers"":{""index"":{""has_data"":true,""last_update_ts"":1784119489.7975304,""mapped"":true},""middle"":{""has_data"":true,""last_update_ts"":1784119489.7975304,""mapped"":true},""pinky"":{""has_data"":true,""last_update_ts"":1784119489.7975304,""mapped"":true},""ring"":{""has_data"":true,""last_update_ts"":1784119489.7975304,""mapped"":true},""thumb"":{""has_data"":true,""last_update_ts"":1784119489.7975304,""mapped"":true}},""ports"":{""available"":[""BLE:Dexter""],""unavailable"":[]}}"
1784119489.8569329,1784119489.8566966,257,ble,"{""index"":{""age_s"":0.009151697158813477,""channels"":3,""force"":[-0.40282273273456326,-0.7604311314000016],""has_data"":true,""last_update_ts"":1784119489.847545,""raw"":[16974,16136,17925]},""middle"":{""age_s"":0.009151697158813477,""channels"":3,""force"":[-0.01874712001986545,-0.036356378909999876],""has_data"":true,""last_update_ts"":1784119489.847545,""raw"":[15761,15722,15807]},""pinky"":{""age_s"":0.009151697158813477,""channels"":3,""force"":[-1.0229197795455232,-0.7471097101199993],""has_data"":true,""last_update_ts"":1784119489.847545,""raw"":[17421,15293,17703]},""ring"":{""age_s"":0.009151697158813477,""channels"":3,""force"":[0.27543845567649505,0.2533845339299976],""has_data"":true,""last_update_ts"":1784119489.847545,""raw"":[15797,16370,15627]},""thumb"":{""age_s"":0.009151697158813477,""channels"":3,""force"":[0.0,-2.220446049250313e-16],""has_data"":true,""last_update_ts"":1784119489.847545,""raw"":[0,0,0]}}","{""ble"":{""connection_state"":""connected"",""counter"":1040927,""finger_order"":""DexterController.Visualizer"",""last_error"":null,""last_sample_age_s"":0.009188130003167316,""reconnect_count"":0,""sample_hz"":20.0,""sample_sequence"":256,""timestamp_us"":10454657664},""fingers"":{""index"":{""has_data"":true,""last_update_ts"":1784119489.847545,""mapped"":true},""middle"":{""has_data"":true,""last_update_ts"":1784119489.847545,""mapped"":true},""pinky"":{""has_data"":true,""last_update_ts"":1784119489.847545,""mapped"":true},""ring"":{""has_data"":true,""last_update_ts"":1784119489.847545,""mapped"":true},""thumb"":{""has_data"":true,""last_update_ts"":1784119489.847545,""mapped"":true}},""ports"":{""available"":[""BLE:Dexter""],""unavailable"":[]}}"
1784119489.9568446,1784119489.956685,258,ble,"{""index"":{""age_s"":0.0091552734375,""channels"":3,""force"":[-0.3932088250320671,-0.7515501838800036],""has_data"":true,""last_update_ts"":1784119489.9475298,""raw"":[16957,16139,17902]},""middle"":{""age_s"":0.0091552734375,""channels"":3,""force"":[-0.02211198771573919,-0.013321421280003243],""has_data"":true,""last_update_ts"":1784119489.9475298,""raw"":[15743,15697,15744]},""pinky"":{""age_s"":0.0091552734375,""channels"":3,""force"":[-0.4398362773891691,-0.4582013861100007],""has_data"":true,""last_update_ts"":1784119489.9475298,""raw"":[17254,16339,17622]},""ring"":{""age_s"":0.0091552734375,""channels"":3,""force"":[0.2999539203178614,0.362453670659999],""has_data"":true,""last_update_ts"":1784119489.9475298,""raw"":[15773,16397,15432]},""thumb"":{""age_s"":0.0091552734375,""channels"":3,""force"":[0.0,-2.220446049250313e-16],""has_data"":true,""last_update_ts"":1784119489.9475298,""raw"":[0,0,0]}}","{""ble"":{""connection_state"":""connected"",""counter"":1040928,""finger_order"":""DexterController.Visualizer"",""last_error"":null,""last_sample_age_s"":0.009181114000966772,""reconnect_count"":0,""sample_hz"":20.0,""sample_sequence"":257,""timestamp_us"":10454667040},""fingers"":{""index"":{""has_data"":true,""last_update_ts"":1784119489.9475298,""mapped"":true},""middle"":{""has_data"":true,""last_update_ts"":1784119489.9475298,""mapped"":true},""pinky"":{""has_data"":true,""last_update_ts"":1784119489.9475298,""mapped"":true},""ring"":{""has_data"":true,""last_update_ts"":1784119489.9475298,""mapped"":true},""thumb"":{""has_data"":true,""last_update_ts"":1784119489.9475298,""mapped"":true}},""ports"":{""available"":[""BLE:Dexter""],""unavailable"":[]}}"
1784119490.0068867,1784119490.006741,259,ble,"{""index"":{""age_s"":0.009211301803588867,""channels"":3,""force"":[-0.3970543881130659,-0.7604311314000025],""has_data"":true,""last_update_ts"":1784119489.9975297,""raw"":[16966,16140,17923]},""middle"":{""age_s"":0.009211301803588867,""channels"":3,""force"":[-0.017305033864492003,-0.03774402696000134],""has_data"":true,""last_update_ts"":1784119489.9975297,""raw"":[15761,15725,15811]},""pinky"":{""age_s"":0.009211301803588867,""channels"":3,""force"":[-1.0248425610860217,-0.7454445324599996],""has_data"":true,""last_update_ts"":1784119489.9975297,""raw"":[17426,15294,17703]},""ring"":{""age_s"":0.009211301803588867,""channels"":3,""force"":[0.2725542833657446,0.25171935627000064],""has_data"":true,""last_update_ts"":1784119489.9975297,""raw"":[15805,16372,15635]},""thumb"":{""age_s"":0.009211301803588867,""channels"":3,""force"":[0.0,-2.220446049250313e-16],""has_data"":true,""last_update_ts"":1784119489.9975297,""raw"":[0,0,0]}}","{""ble"":{""connection_state"":""connected"",""counter"":1040937,""finger_order"":""DexterController.Visualizer"",""last_error"":null,""last_sample_age_s"":0.009236629994120449,""reconnect_count"":0,""sample_hz"":20.0,""sample_sequence"":258,""timestamp_us"":10454846624},""fingers"":{""index"":{""has_data"":true,""last_update_ts"":1784119489.9975297,""mapped"":true},""middle"":{""has_data"":true,""last_update_ts"":1784119489.9975297,""mapped"":true},""pinky"":{""has_data"":true,""last_update_ts"":1784119489.9975297,""mapped"":true},""ring"":{""has_data"":true,""last_update_ts"":1784119489.9975297,""mapped"":true},""thumb"":{""has_data"":true,""last_update_ts"":1784119489.9975297,""mapped"":true}},""ports"":{""available"":[""BLE:Dexter""],""unavailable"":[]}}"
1784119490.0569901,1784119490.0568593,260,ble,"{""index"":{""age_s"":0.00932931900024414,""channels"":3,""force"":[-0.40762968658581045,-0.7776379672200031],""has_data"":true,""last_update_ts"":1784119490.04753,""raw"":[16966,16118,17943]},""middle"":{""age_s"":0.00932931900024414,""channels"":3,""force"":[-0.02355407387111441,-0.046347444870002086],""has_data"":true,""last_update_ts"":1784119490.04753,""raw"":[15770,15721,15829]},""pinky"":{""age_s"":0.00932931900024414,""channels"":3,""force"":[-1.0185935210793975,-0.7379512329900031],""has_data"":true,""last_update_ts"":1784119490.04753,""raw"":[17415,15296,17685]},""ring"":{""age_s"":0.00932931900024414,""channels"":3,""force"":[0.28793653568973987,0.2622654814499974],""has_data"":true,""last_update_ts"":1784119490.04753,""raw"":[15796,16395,15623]},""thumb"":{""age_s"":0.00932931900024414,""channels"":3,""force"":[0.0,-2.220446049250313e-16],""has_data"":true,""last_update_ts"":1784119490.04753,""raw"":[0,0,0]}}","{""ble"":{""connection_state"":""connected"",""counter"":1040941,""finger_order"":""DexterController.Visualizer"",""last_error"":null,""last_sample_age_s"":0.009354187990538776,""reconnect_count"":0,""sample_hz"":20.0,""sample_sequence"":259,""timestamp_us"":10454884224},""fingers"":{""index"":{""has_data"":true,""last_update_ts"":1784119490.04753,""mapped"":true},""middle"":{""has_data"":true,""last_update_ts"":1784119490.04753,""mapped"":true},""pinky"":{""has_data"":true,""last_update_ts"":1784119490.04753,""mapped"":true},""ring"":{""has_data"":true,""last_update_ts"":1784119490.04753,""mapped"":true},""thumb"":{""has_data"":true,""last_update_ts"":1784119490.04753,""mapped"":true}},""ports"":{""available"":[""BLE:Dexter""],""unavailable"":[]}}"
1784119490.106811,1784119490.1066852,261,ble,"{""index"":{""age_s"":0.009155750274658203,""channels"":3,""force"":[-0.4004192558089361,-0.7584884241300003],""has_data"":true,""last_update_ts"":1784119490.0975294,""raw"":[16975,16142,17925]},""middle"":{""age_s"":0.009155750274658203,""channels"":3,""force"":[-0.021150596945490818,-0.03996426384000262],""has_data"":true,""last_update_ts"":1784119490.0975294,""raw"":[15763,15719,15813]},""pinky"":{""age_s"":0.009155750274658203,""channels"":3,""force"":[-1.0238811703157733,-0.7448894732399998],""has_data"":true,""last_update_ts"":1784119490.0975294,""raw"":[17417,15287,17694]},""ring"":{""age_s"":0.009155750274658203,""channels"":3,""force"":[0.27255428336574816,0.2533845339299976],""has_data"":true,""last_update_ts"":1784119490.0975294,""raw"":[15802,16369,15629]},""thumb"":{""age_s"":0.009155750274658203,""channels"":3,""force"":[0.0,-2.220446049250313e-16],""has_data"":true,""last_update_ts"":1784119490.0975294,""raw"":[0,0,0]}}","{""ble"":{""connection_state"":""connected"",""counter"":1040946,""finger_order"":""DexterController.Visualizer"",""last_error"":null,""last_sample_age_s"":0.00917809699603822,""reconnect_count"":0,""sample_hz"":20.0,""sample_sequence"":260,""timestamp_us"":10454931424},""fingers"":{""index"":{""has_data"":true,""last_update_ts"":1784119490.0975294,""mapped"":true},""middle"":{""has_data"":true,""last_update_ts"":1784119490.0975294,""mapped"":true},""pinky"":{""has_data"":true,""last_update_ts"":1784119490.0975294,""mapped"":true},""ring"":{""has_data"":true,""last_update_ts"":1784119490.0975294,""mapped"":true},""thumb"":{""has_data"":true,""last_update_ts"":1784119490.0975294,""mapped"":true}},""ports"":{""available"":[""BLE:Dexter""],""unavailable"":[]}}"
1784119490.1567907,1784119490.156662,262,ble,"{""index"":{""age_s"":0.009132623672485352,""channels"":3,""force"":[-0.40041925580893434,-0.7618187794500022],""has_data"":true,""last_update_ts"":1784119490.1475294,""raw"":[16971,16138,17927]},""middle"":{""age_s"":0.009132623672485352,""channels"":3,""force"":[-0.02403476925623771,-0.034968730860000186],""has_data"":true,""last_update_ts"":1784119490.1475294,""raw"":[15769,15719,15807]},""pinky"":{""age_s"":0.009132623672485352,""channels"":3,""force"":[-1.0277267333967703,-0.7448894732400015],""has_data"":true,""last_update_ts"":1784119490.1475294,""raw"":[17424,15286,17697]},""ring"":{""age_s"":0.009132623672485352,""channels"":3,""force"":[0.2754384556764986,0.25449465236999735],""has_data"":true,""last_update_ts"":1784119490.1475294,""raw"":[15795,16368,15623]},""thumb"":{""age_s"":0.009132623672485352,""channels"":3,""force"":[0.0,-2.220446049250313e-16],""has_data"":true,""last_update_ts"":1784119490.1475294,""raw"":[0,0,0]}}","{""ble"":{""connection_state"":""connected"",""counter"":1040952,""finger_order"":""DexterController.Visualizer"",""last_error"":null,""last_sample_age_s"":0.009152379003353417,""reconnect_count"":0,""sample_hz"":20.0,""sample_sequence"":261,""timestamp_us"":10454987968},""fingers"":{""index"":{""has_data"":true,""last_update_ts"":1784119490.1475294,""mapped"":true},""middle"":{""has_data"":true,""last_update_ts"":1784119490.1475294,""mapped"":true},""pinky"":{""has_data"":true,""last_update_ts"":1784119490.1475294,""mapped"":true},""ring"":{""has_data"":true,""last_update_ts"":1784119490.1475294,""mapped"":true},""thumb"":{""has_data"":true,""last_update_ts"":1784119490.1475294,""mapped"":true}},""ports"":{""available"":[""BLE:Dexter""],""unavailable"":[]}}"
1784119490.2068057,1784119490.2066698,263,ble,"{""index"":{""age_s"":0.009140491485595703,""channels"":3,""force"":[-0.39945786503868774,-0.7529378319299989],""has_data"":true,""last_update_ts"":1784119490.1975293,""raw"":[16969,16138,17910]},""middle"":{""age_s"":0.009140491485595703,""channels"":3,""force"":[-0.018266424634740375,-0.022757428020002024],""has_data"":true,""last_update_ts"":1784119490.1975293,""raw"":[15745,15707,15767]},""pinky"":{""age_s"":0.009140491485595703,""channels"":3,""force"":[-0.5864483698522278,-0.5384074434000024],""has_data"":true,""last_update_ts"":1784119490.1975293,""raw"":[17282,16062,17642]},""ring"":{""age_s"":0.009140491485595703,""channels"":3,""force"":[0.29226279415586376,0.3385861241999999],""has_data"":true,""last_update_ts"":1784119490.1975293,""raw"":[15785,16393,15479]},""thumb"":{""age_s"":0.009140491485595703,""channels"":3,""force"":[0.0,-2.220446049250313e-16],""has_data"":true,""last_update_ts"":1784119490.1975293,""raw"":[0,0,0]}}","{""ble"":{""connection_state"":""connected"",""counter"":1040954,""finger_order"":""DexterController.Visualizer"",""last_error"":null,""last_sample_age_s"":0.009161579990177415,""reconnect_count"":0,""sample_hz"":20.0,""sample_sequence"":262,""timestamp_us"":10455006688},""fingers"":{""index"":{""has_data"":true,""last_update_ts"":1784119490.1975293,""mapped"":true},""middle"":{""has_data"":true,""last_update_ts"":1784119490.1975293,""mapped"":true},""pinky"":{""has_data"":true,""last_update_ts"":1784119490.1975293,""mapped"":true},""ring"":{""has_data"":true,""last_update_ts"":1784119490.1975293,""mapped"":true},""thumb"":{""has_data"":true,""last_update_ts"":1784119490.1975293,""mapped"":true}},""ports"":{""available"":[""BLE:Dexter""],""unavailable"":[]}}"
1784119490.256803,1784119490.2566643,264,ble,"{""index"":{""age_s"":0.009138107299804688,""channels"":3,""force"":[-0.4008999511940612,-0.7648716051600024],""has_data"":true,""last_update_ts"":1784119490.2475262,""raw"":[16971,16137,17932]},""middle"":{""age_s"":0.009138107299804688,""channels"":3,""force"":[-0.01682433847936693,-0.040241793450000785],""has_data"":true,""last_update_ts"":1784119490.2475262,""raw"":[15761,15726,15816]},""pinky"":{""age_s"":0.009138107299804688,""channels"":3,""force"":[-1.0267653426265184,-0.7465546509000021],""has_data"":true,""last_update_ts"":1784119490.2475262,""raw"":[17423,15287,17700]},""ring"":{""age_s"":0.009138107299804688,""channels"":3,""force"":[0.2715928925954998,0.2517193562699971],""has_data"":true,""last_update_ts"":1784119490.2475262,""raw"":[15800,16365,15629]},""thumb"":{""age_s"":0.009138107299804688,""channels"":3,""force"":[0.0,-2.220446049250313e-16],""has_data"":true,""last_update_ts"":1784119490.2475262,""raw"":[0,0,0]}}","{""ble"":{""connection_state"":""connected"",""counter"":1040963,""finger_order"":""DexterController.Visualizer"",""last_error"":null,""last_sample_age_s"":0.009161099005723372,""reconnect_count"":0,""sample_hz"":20.0,""sample_sequence"":263,""timestamp_us"":10455091488},""fingers"":{""index"":{""has_data"":true,""last_update_ts"":1784119490.2475262,""mapped"":true},""middle"":{""has_data"":true,""last_update_ts"":1784119490.2475262,""mapped"":true},""pinky"":{""has_data"":true,""last_update_ts"":1784119490.2475262,""mapped"":true},""ring"":{""has_data"":true,""last_update_ts"":1784119490.2475262,""mapped"":true},""thumb"":{""has_data"":true,""last_update_ts"":1784119490.2475262,""mapped"":true}},""ports"":{""available"":[""BLE:Dexter""],""unavailable"":[]}}"
1784119490.3069665,1784119490.306683,265,ble,"{""index"":{""age_s"":0.009158611297607422,""channels"":3,""force"":[-0.40234203734943463,-0.7607086610100016],""has_data"":true,""last_update_ts"":1784119490.2975245,""raw"":[16975,16138,17927]},""middle"":{""age_s"":0.009158611297607422,""channels"":3,""force"":[-0.025957550796738005,-0.0360788493000026],""has_data"":true,""last_update_ts"":1784119490.2975245,""raw"":[15766,15712,15804]},""pinky"":{""age_s"":0.009158611297607422,""channels"":3,""force"":[-1.022439084160398,-0.746277121290003],""has_data"":true,""last_update_ts"":1784119490.2975245,""raw"":[17420,15293,17701]},""ring"":{""age_s"":0.009158611297607422,""channels"":3,""force"":[0.2773612372169971,0.2511642970499981],""has_data"":true,""last_update_ts"":1784119490.2975245,""raw"":[15795,16372,15631]},""thumb"":{""age_s"":0.009158611297607422,""channels"":3,""force"":[0.0,-2.220446049250313e-16],""has_data"":true,""last_update_ts"":1784119490.2975245,""raw"":[0,0,0]}}","{""ble"":{""connection_state"":""connected"",""counter"":1040967,""finger_order"":""DexterController.Visualizer"",""last_error"":null,""last_sample_age_s"":0.00917981100792531,""reconnect_count"":0,""sample_hz"":20.0,""sample_sequence"":264,""timestamp_us"":10455129184},""fingers"":{""index"":{""has_data"":true,""last_update_ts"":1784119490.2975245,""mapped"":true},""middle"":{""has_data"":true,""last_update_ts"":1784119490.2975245,""mapped"":true},""pinky"":{""has_data"":true,""last_update_ts"":1784119490.2975245,""mapped"":true},""ring"":{""has_data"":true,""last_update_ts"":1784119490.2975245,""mapped"":true},""thumb"":{""has_data"":true,""last_update_ts"":1784119490.2975245,""mapped"":true}},""ports"":{""available"":[""BLE:Dexter""],""unavailable"":[]}}"
1784119490.3568366,1784119490.3566854,266,ble,"{""index"":{""age_s"":0.009179115295410156,""channels"":3,""force"":[-0.4042648188899385,-0.7734750230700032],""has_data"":true,""last_update_ts"":1784119490.3475063,""raw"":[16965,16124,17938]},""middle"":{""age_s"":0.009179115295410156,""channels"":3,""force"":[-0.02403476925623771,-0.03940920462000097],""has_data"":true,""last_update_ts"":1784119490.3475063,""raw"":[15770,15720,15816]},""pinky"":{""age_s"":0.009179115295410156,""channels"":3,""force"":[-1.0109023949174016,-0.7351759368900046],""has_data"":true,""last_update_ts"":1784119490.3475063,""raw"":[17415,15312,17688]},""ring"":{""age_s"":0.009179115295410156,""channels"":3,""force"":[0.2893786218451133,0.2669834848199981],""has_data"":true,""last_update_ts"":1784119490.3475063,""raw"":[15797,16399,15617]},""thumb"":{""age_s"":0.009179115295410156,""channels"":3,""force"":[0.0,-2.220446049250313e-16],""has_data"":true,""last_update_ts"":1784119490.3475063,""raw"":[0,0,0]}}","{""ble"":{""connection_state"":""connected"",""counter"":1040973,""finger_order"":""DexterController.Visualizer"",""last_error"":null,""last_sample_age_s"":0.009204827991197817,""reconnect_count"":0,""sample_hz"":20.0,""sample_sequence"":265,""timestamp_us"":10455185664},""fingers"":{""index"":{""has_data"":true,""last_update_ts"":1784119490.3475063,""mapped"":true},""middle"":{""has_data"":true,""last_update_ts"":1784119490.3475063,""mapped"":true},""pinky"":{""has_data"":true,""last_update_ts"":1784119490.3475063,""mapped"":true},""ring"":{""has_data"":true,""last_update_ts"":1784119490.3475063,""mapped"":true},""thumb"":{""has_data"":true,""last_update_ts"":1784119490.3475063,""mapped"":true}},""ports"":{""available"":[""BLE:Dexter""],""unavailable"":[]}}"
1784119490.4068325,1784119490.4066873,267,ble,"{""index"":{""age_s"":0.009157657623291016,""channels"":3,""force"":[-0.40138064657918626,-0.7634839571100018],""has_data"":true,""last_update_ts"":1784119490.3975296,""raw"":[16968,16133,17926]},""middle"":{""age_s"":0.009157657623291016,""channels"":3,""force"":[-0.021150596945490818,-0.037744026960000454],""has_data"":true,""last_update_ts"":1784119490.3975296,""raw"":[15761,15717,15807]},""pinky"":{""age_s"":0.009157657623291016,""channels"":3,""force"":[-1.0229197795455232,-0.7465546508999994],""has_data"":true,""last_update_ts"":1784119490.3975296,""raw"":[17422,15294,17703]},""ring"":{""age_s"":0.009157657623291016,""channels"":3,""force"":[0.27399636952111805,0.24977664899999752],""has_data"":true,""last_update_ts"":1784119490.3975296,""raw"":[15801,16371,15636]},""thumb"":{""age_s"":0.009157657623291016,""channels"":3,""force"":[0.0,-2.220446049250313e-16],""has_data"":true,""last_update_ts"":1784119490.3975296,""raw"":[0,0,0]}}","{""ble"":{""connection_state"":""connected"",""counter"":1040978,""finger_order"":""DexterController.Visualizer"",""last_error"":null,""last_sample_age_s"":0.009183520000078715,""reconnect_count"":0,""sample_hz"":20.0,""sample_sequence"":266,""timestamp_us"":10455232608},""fingers"":{""index"":{""has_data"":true,""last_update_ts"":1784119490.3975296,""mapped"":true},""middle"":{""has_data"":true,""last_update_ts"":1784119490.3975296,""mapped"":true},""pinky"":{""has_data"":true,""last_update_ts"":1784119490.3975296,""mapped"":true},""ring"":{""has_data"":true,""last_update_ts"":1784119490.3975296,""mapped"":true},""thumb"":{""has_data"":true,""last_update_ts"":1784119490.3975296,""mapped"":true}},""ports"":{""available"":[""BLE:Dexter""],""unavailable"":[]}}"
1784119490.4568007,1784119490.456678,268,ble,"{""index"":{""age_s"":0.009148120880126953,""channels"":3,""force"":[-0.39993856042381104,-0.7626513682800011],""has_data"":true,""last_update_ts"":1784119490.4475298,""raw"":[16974,16142,17932]},""middle"":{""age_s"":0.009148120880126953,""channels"":3,""force"":[-0.01682433847936693,-0.03913167501000281],""has_data"":true,""last_update_ts"":1784119490.4475298,""raw"":[15760,15725,15813]},""pinky"":{""age_s"":0.009148120880126953,""channels"":3,""force"":[-1.0243618657008984,-0.7446119436300016],""has_data"":true,""last_update_ts"":1784119490.4475298,""raw"":[17417,15286,17693]},""ring"":{""age_s"":0.009148120880126953,""channels"":3,""force"":[0.2778419326021204,0.25088676743999727],""has_data"":true,""last_update_ts"":1784119490.4475298,""raw"":[15790,16368,15627]},""thumb"":{""age_s"":0.009148120880126953,""channels"":3,""force"":[0.0,-2.220446049250313e-16],""has_data"":true,""last_update_ts"":1784119490.4475298,""raw"":[0,0,0]}}","{""ble"":{""connection_state"":""connected"",""counter"":1040984,""finger_order"":""DexterController.Visualizer"",""last_error"":null,""last_sample_age_s"":0.009169095996185206,""reconnect_count"":0,""sample_hz"":20.0,""sample_sequence"":267,""timestamp_us"":10455288960},""fingers"":{""index"":{""has_data"":true,""last_update_ts"":1784119490.4475298,""mapped"":true},""middle"":{""has_data"":true,""last_update_ts"":1784119490.4475298,""mapped"":true},""pinky"":{""has_data"":true,""last_update_ts"":1784119490.4475298,""mapped"":true},""ring"":{""has_data"":true,""last_update_ts"":1784119490.4475298,""mapped"":true},""thumb"":{""has_data"":true,""last_update_ts"":1784119490.4475298,""mapped"":true}},""ports"":{""available"":[""BLE:Dexter""],""unavailable"":[]}}"
1784119490.5069165,1784119490.5067794,269,ble,"{""index"":{""age_s"":0.009253501892089844,""channels"":3,""force"":[-0.40089995119406474,-0.7571007760800006],""has_data"":true,""last_update_ts"":1784119490.497526,""raw"":[16973,16139,17920]},""middle"":{""age_s"":0.009253501892089844,""channels"":3,""force"":[-0.018747120019867225,-0.03746649735000229],""has_data"":true,""last_update_ts"":1784119490.497526,""raw"":[15760,15721,15808]},""pinky"":{""age_s"":0.009253501892089844,""channels"":3,""force"":[-1.0214776933901497,-0.7412815883100006],""has_data"":true,""last_update_ts"":1784119490.497526,""raw"":[17421,15296,17694]},""ring"":{""age_s"":0.009253501892089844,""channels"":3,""force"":[0.27495776029137176,0.25532724119999806],""has_data"":true,""last_update_ts"":1784119490.497526,""raw"":[15801,16373,15627]},""thumb"":{""age_s"":0.009253501892089844,""channels"":3,""force"":[0.0,-2.220446049250313e-16],""has_data"":true,""last_update_ts"":1784119490.497526,""raw"":[0,0,0]}}","{""ble"":{""connection_state"":""connected"",""counter"":1040989,""finger_order"":""DexterController.Visualizer"",""last_error"":null,""last_sample_age_s"":0.009279117992264219,""reconnect_count"":0,""sample_hz"":20.0,""sample_sequence"":268,""timestamp_us"":10455335968},""fingers"":{""index"":{""has_data"":true,""last_update_ts"":1784119490.497526,""mapped"":true},""middle"":{""has_data"":true,""last_update_ts"":1784119490.497526,""mapped"":true},""pinky"":{""has_data"":true,""last_update_ts"":1784119490.497526,""mapped"":true},""ring"":{""has_data"":true,""last_update_ts"":1784119490.497526,""mapped"":true},""thumb"":{""has_data"":true,""last_update_ts"":1784119490.497526,""mapped"":true}},""ports"":{""available"":[""BLE:Dexter""],""unavailable"":[]}}"
1784119490.5567813,1784119490.556635,270,ble,"{""index"":{""age_s"":0.009105682373046875,""channels"":3,""force"":[-0.4042648188899367,-0.7618187794500013],""has_data"":true,""last_update_ts"":1784119490.5475292,""raw"":[16976,16135,17928]},""middle"":{""age_s"":0.009105682373046875,""channels"":3,""force"":[-0.019708510790115596,-0.03413614203000215],""has_data"":true,""last_update_ts"":1784119490.5475292,""raw"":[15765,15724,15806]},""pinky"":{""age_s"":0.009105682373046875,""channels"":3,""force"":[-1.022919779545525,-0.7443344140199999],""has_data"":true,""last_update_ts"":1784119490.5475292,""raw"":[17417,15289,17694]},""ring"":{""age_s"":0.009105682373046875,""channels"":3,""force"":[0.2768805418318703,0.2547721819799964],""has_data"":true,""last_update_ts"":1784119490.5475292,""raw"":[15798,16374,15627]},""thumb"":{""age_s"":0.009105682373046875,""channels"":3,""force"":[0.0,-2.220446049250313e-16],""has_data"":true,""last_update_ts"":1784119490.5475292,""raw"":[0,0,0]}}","{""ble"":{""connection_state"":""connected"",""counter"":1040994,""finger_order"":""DexterController.Visualizer"",""last_error"":null,""last_sample_age_s"":0.009130217993515544,""reconnect_count"":0,""sample_hz"":20.0,""sample_sequence"":269,""timestamp_us"":10455383008},""fingers"":{""index"":{""has_data"":true,""last_update_ts"":1784119490.5475292,""mapped"":true},""middle"":{""has_data"":true,""last_update_ts"":1784119490.5475292,""mapped"":true},""pinky"":{""has_data"":true,""last_update_ts"":1784119490.5475292,""mapped"":true},""ring"":{""has_data"":true,""last_update_ts"":1784119490.5475292,""mapped"":true},""thumb"":{""has_data"":true,""last_update_ts"":1784119490.5475292,""mapped"":true}},""ports"":{""available"":[""BLE:Dexter""],""unavailable"":[]}}"
1784119490.6068199,1784119490.6066859,271,ble,"{""index"":{""age_s"":0.009160041809082031,""channels"":3,""force"":[-0.4028227327345615,-0.7620963090600021],""has_data"":true,""last_update_ts"":1784119490.5975258,""raw"":[16967,16129,17921]},""middle"":{""age_s"":0.009160041809082031,""channels"":3,""force"":[-0.014901556938870186,-0.035801319690001776],""has_data"":true,""last_update_ts"":1784119490.5975258,""raw"":[15759,15728,15808]},""pinky"":{""age_s"":0.009160041809082031,""channels"":3,""force"":[-1.0229197795455214,-0.7465546509000021],""has_data"":true,""last_update_ts"":1784119490.5975258,""raw"":[17423,15295,17704]},""ring"":{""age_s"":0.009160041809082031,""channels"":3,""force"":[0.27880332337237057,0.25532724119999717],""has_data"":true,""last_update_ts"":1784119490.5975258,""raw"":[15795,16375,15625]},""thumb"":{""age_s"":0.009160041809082031,""channels"":3,""force"":[0.0,-2.220446049250313e-16],""has_data"":true,""last_update_ts"":1784119490.5975258,""raw"":[0,0,0]}}","{""ble"":{""connection_state"":""connected"",""counter"":1040999,""finger_order"":""DexterController.Visualizer"",""last_error"":null,""last_sample_age_s"":0.009185655013425276,""reconnect_count"":0,""sample_hz"":20.0,""sample_sequence"":270,""timestamp_us"":10455429984},""fingers"":{""index"":{""has_data"":true,""last_update_ts"":1784119490.5975258,""mapped"":true},""middle"":{""has_data"":true,""last_update_ts"":1784119490.5975258,""mapped"":true},""pinky"":{""has_data"":true,""last_update_ts"":1784119490.5975258,""mapped"":true},""ring"":{""has_data"":true,""last_update_ts"":1784119490.5975258,""mapped"":true},""thumb"":{""has_data"":true,""last_update_ts"":1784119490.5975258,""mapped"":true}},""ports"":{""available"":[""BLE:Dexter""],""unavailable"":[]}}"
1784119490.6568842,1784119490.6566572,272,ble,"{""index"":{""age_s"":0.009131669998168945,""channels"":3,""force"":[-0.38407561271469604,-0.739061351430002],""has_data"":true,""last_update_ts"":1784119490.6475255,""raw"":[16939,16140,17871]},""middle"":{""age_s"":0.009131669998168945,""channels"":3,""force"":[-0.02451546464136456,0.04912274096999969],""has_data"":true,""last_update_ts"":1784119490.6475255,""raw"":[15674,15623,15560]},""pinky"":{""age_s"":0.009131669998168945,""channels"":3,""force"":[1.7050265310375785,0.5336894400300007],""has_data"":true,""last_update_ts"":1784119490.6475255,""raw"":[16484,20031,17296]},""ring"":{""age_s"":0.009131669998168945,""channels"":3,""force"":[0.32062382187822536,0.7418366475299978],""has_data"":true,""last_update_ts"":1784119490.6475255,""raw"":[15732,16399,14729]},""thumb"":{""age_s"":0.009131669998168945,""channels"":3,""force"":[0.0,-2.220446049250313e-16],""has_data"":true,""last_update_ts"":1784119490.6475255,""raw"":[0,0,0]}}","{""ble"":{""connection_state"":""connected"",""counter"":1041005,""finger_order"":""DexterController.Visualizer"",""last_error"":null,""last_sample_age_s"":0.00917312600358855,""reconnect_count"":0,""sample_hz"":20.0,""sample_sequence"":271,""timestamp_us"":10455486400},""fingers"":{""index"":{""has_data"":true,""last_update_ts"":1784119490.6475255,""mapped"":true},""middle"":{""has_data"":true,""last_update_ts"":1784119490.6475255,""mapped"":true},""pinky"":{""has_data"":true,""last_update_ts"":1784119490.6475255,""mapped"":true},""ring"":{""has_data"":true,""last_update_ts"":1784119490.6475255,""mapped"":true},""thumb"":{""has_data"":true,""last_update_ts"":1784119490.6475255,""mapped"":true}},""ports"":{""available"":[""BLE:Dexter""],""unavailable"":[]}}"
1784119490.706808,1784119490.7066839,273,ble,"{""index"":{""age_s"":0.009154319763183594,""channels"":3,""force"":[-0.40089995119406474,-0.7620963090599995],""has_data"":true,""last_update_ts"":1784119490.6975296,""raw"":[16973,16139,17929]},""middle"":{""age_s"":0.009154319763183594,""channels"":3,""force"":[-0.01874712001986545,-0.03358108281000227],""has_data"":true,""last_update_ts"":1784119490.6975296,""raw"":[15765,15726,15806]},""pinky"":{""age_s"":0.009154319763183594,""channels"":3,""force"":[-1.0238811703157715,-0.7471097101199993],""has_data"":true,""last_update_ts"":1784119490.6975296,""raw"":[17422,15292,17703]},""ring"":{""age_s"":0.009154319763183594,""channels"":3,""force"":[0.27688054183187205,0.2542171227599965],""has_data"":true,""last_update_ts"":1784119490.6975296,""raw"":[15794,16370,15624]},""thumb"":{""age_s"":0.009154319763183594,""channels"":3,""force"":[0.0,-2.220446049250313e-16],""has_data"":true,""last_update_ts"":1784119490.6975296,""raw"":[0,0,0]}}","{""ble"":{""connection_state"":""connected"",""counter"":1041010,""finger_order"":""DexterController.Visualizer"",""last_error"":null,""last_sample_age_s"":0.009179671003948897,""reconnect_count"":0,""sample_hz"":20.0,""sample_sequence"":272,""timestamp_us"":10455533504},""fingers"":{""index"":{""has_data"":true,""last_update_ts"":1784119490.6975296,""mapped"":true},""middle"":{""has_data"":true,""last_update_ts"":1784119490.6975296,""mapped"":true},""pinky"":{""has_data"":true,""last_update_ts"":1784119490.6975296,""mapped"":true},""ring"":{""has_data"":true,""last_update_ts"":1784119490.6975296,""mapped"":true},""thumb"":{""has_data"":true,""last_update_ts"":1784119490.6975296,""mapped"":true}},""ports"":{""available"":[""BLE:Dexter""],""unavailable"":[]}}"
1784119490.7567644,1784119490.7566612,274,ble,"{""index"":{""age_s"":0.009131193161010742,""channels"":3,""force"":[-0.4023420373494364,-0.759043483350001],""has_data"":true,""last_update_ts"":1784119490.74753,""raw"":[16972,16135,17921]},""middle"":{""age_s"":0.009131193161010742,""channels"":3,""force"":[-0.02211198771573919,-0.03330355320000056],""has_data"":true,""last_update_ts"":1784119490.74753,""raw"":[15770,15724,15807]},""pinky"":{""age_s"":0.009131193161010742,""channels"":3,""force"":[-1.0243618657008984,-0.7468321805100029],""has_data"":true,""last_update_ts"":1784119490.74753,""raw"":[17421,15290,17701]},""ring"":{""age_s"":0.009131193161010742,""channels"":3,""force"":[0.2763998464467434,0.2506092378299982],""has_data"":true,""last_update_ts"":1784119490.74753,""raw"":[15796,16371,15632]},""thumb"":{""age_s"":0.009131193161010742,""channels"":3,""force"":[0.0,-2.220446049250313e-16],""has_data"":true,""last_update_ts"":1784119490.74753,""raw"":[0,0,0]}}","{""ble"":{""connection_state"":""connected"",""counter"":1041015,""finger_order"":""DexterController.Visualizer"",""last_error"":null,""last_sample_age_s"":0.009151746999123134,""reconnect_count"":0,""sample_hz"":20.0,""sample_sequence"":273,""timestamp_us"":10455580608},""fingers"":{""index"":{""has_data"":true,""last_update_ts"":1784119490.74753,""mapped"":true},""middle"":{""has_data"":true,""last_update_ts"":1784119490.74753,""mapped"":true},""pinky"":{""has_data"":true,""last_update_ts"":1784119490.74753,""mapped"":true},""ring"":{""has_data"":true,""last_update_ts"":1784119490.74753,""mapped"":true},""thumb"":{""has_data"":true,""last_update_ts"":1784119490.74753,""mapped"":true}},""ports"":{""available"":[""BLE:Dexter""],""unavailable"":[]}}"
1784119490.8068635,1784119490.8067417,275,ble,"{""index"":{""age_s"":0.009209871292114258,""channels"":3,""force"":[-0.3980157788833125,-0.7565457168600025],""has_data"":true,""last_update_ts"":1784119490.7975318,""raw"":[16970,16142,17919]},""middle"":{""age_s"":0.009209871292114258,""channels"":3,""force"":[-0.021150596945490818,-0.036633908520004255],""has_data"":true,""last_update_ts"":1784119490.7975318,""raw"":[15761,15717,15805]},""pinky"":{""age_s"":0.009209871292114258,""channels"":3,""force"":[-1.025323256471145,-0.7451670028500006],""has_data"":true,""last_update_ts"":1784119490.7975318,""raw"":[17423,15290,17699]},""ring"":{""age_s"":0.009209871292114258,""channels"":3,""force"":[0.2773612372169971,0.2556047708099971],""has_data"":true,""last_update_ts"":1784119490.7975318,""raw"":[15795,16372,15623]},""thumb"":{""age_s"":0.009209871292114258,""channels"":3,""force"":[0.0,-2.220446049250313e-16],""has_data"":true,""last_update_ts"":1784119490.7975318,""raw"":[0,0,0]}}","{""ble"":{""connection_state"":""connected"",""counter"":1041021,""finger_order"":""DexterController.Visualizer"",""last_error"":null,""last_sample_age_s"":0.00923575799970422,""reconnect_count"":0,""sample_hz"":20.0,""sample_sequence"":274,""timestamp_us"":10455637056},""fingers"":{""index"":{""has_data"":true,""last_update_ts"":1784119490.7975318,""mapped"":true},""middle"":{""has_data"":true,""last_update_ts"":1784119490.7975318,""mapped"":true},""pinky"":{""has_data"":true,""last_update_ts"":1784119490.7975318,""mapped"":true},""ring"":{""has_data"":true,""last_update_ts"":1784119490.7975318,""mapped"":true},""thumb"":{""has_data"":true,""last_update_ts"":1784119490.7975318,""mapped"":true}},""ports"":{""available"":[""BLE:Dexter""],""unavailable"":[]}}"
1784119490.85676,1784119490.8566558,276,ble,"{""index"":{""age_s"":0.009125947952270508,""channels"":3,""force"":[-0.4004192558089361,-0.7634839571100027],""has_data"":true,""last_update_ts"":1784119490.84753,""raw"":[16967,16134,17926]},""middle"":{""age_s"":0.009125947952270508,""channels"":3,""force"":[-0.02643824618186308,-0.0413519118900032],""has_data"":true,""last_update_ts"":1784119490.84753,""raw"":[15767,15712,15814]},""pinky"":{""age_s"":0.009125947952270508,""channels"":3,""force"":[-1.0262846472413987,-0.739061351430002],""has_data"":true,""last_update_ts"":1784119490.84753,""raw"":[17429,15294,17693]},""ring"":{""age_s"":0.009125947952270508,""channels"":3,""force"":[0.2768805418318703,0.2614328926199967],""has_data"":true,""last_update_ts"":1784119490.84753,""raw"":[15800,16376,15617]},""thumb"":{""age_s"":0.009125947952270508,""channels"":3,""force"":[0.0,-2.220446049250313e-16],""has_data"":true,""last_update_ts"":1784119490.84753,""raw"":[0,0,0]}}","{""ble"":{""connection_state"":""connected"",""counter"":1041026,""finger_order"":""DexterController.Visualizer"",""last_error"":null,""last_sample_age_s"":0.009146645999862812,""reconnect_count"":0,""sample_hz"":20.0,""sample_sequence"":275,""timestamp_us"":10455684160},""fingers"":{""index"":{""has_data"":true,""last_update_ts"":1784119490.84753,""mapped"":true},""middle"":{""has_data"":true,""last_update_ts"":1784119490.84753,""mapped"":true},""pinky"":{""has_data"":true,""last_update_ts"":1784119490.84753,""mapped"":true},""ring"":{""has_data"":true,""last_update_ts"":1784119490.84753,""mapped"":true},""thumb"":{""has_data"":true,""last_update_ts"":1784119490.84753,""mapped"":true}},""ports"":{""available"":[""BLE:Dexter""],""unavailable"":[]}}"
1784119490.9067605,1784119490.9066522,277,ble,"{""index"":{""age_s"":0.009122371673583984,""channels"":3,""force"":[-0.3927281296469438,-0.7429467659700011],""has_data"":true,""last_update_ts"":1784119490.8975298,""raw"":[16981,16164,17911]},""middle"":{""age_s"":0.009122371673583984,""channels"":3,""force"":[-0.01586294770911678,-0.03413614203000126],""has_data"":true,""last_update_ts"":1784119490.8975298,""raw"":[15765,15732,15810]},""pinky"":{""age_s"":0.009122371673583984,""channels"":3,""force"":[-0.9945587518231616,-0.7318455815700009],""has_data"":true,""last_update_ts"":1784119490.8975298,""raw"":[17410,15341,17694]},""ring"":{""age_s"":0.009122371673583984,""channels"":3,""force"":[0.2864944495343682,0.25588230041999616],""has_data"":true,""last_update_ts"":1784119490.8975298,""raw"":[15791,16387,15628]},""thumb"":{""age_s"":0.009122371673583984,""channels"":3,""force"":[0.0,-2.220446049250313e-16],""has_data"":true,""last_update_ts"":1784119490.8975298,""raw"":[0,0,0]}}","{""ble"":{""connection_state"":""connected"",""counter"":1041031,""finger_order"":""DexterController.Visualizer"",""last_error"":null,""last_sample_age_s"":0.009142626993707381,""reconnect_count"":0,""sample_hz"":20.0,""sample_sequence"":276,""timestamp_us"":10455731168},""fingers"":{""index"":{""has_data"":true,""last_update_ts"":1784119490.8975298,""mapped"":true},""middle"":{""has_data"":true,""last_update_ts"":1784119490.8975298,""mapped"":true},""pinky"":{""has_data"":true,""last_update_ts"":1784119490.8975298,""mapped"":true},""ring"":{""has_data"":true,""last_update_ts"":1784119490.8975298,""mapped"":true},""thumb"":{""has_data"":true,""last_update_ts"":1784119490.8975298,""mapped"":true}},""ports"":{""available"":[""BLE:Dexter""],""unavailable"":[]}}"
1784119490.9567583,1784119490.9566388,278,ble,"{""index"":{""age_s"":0.009125709533691406,""channels"":3,""force"":[-0.40282273273456326,-0.7648716051600006],""has_data"":true,""last_update_ts"":1784119490.947513,""raw"":[16966,16128,17925]},""middle"":{""age_s"":0.009125709533691406,""channels"":3,""force"":[-0.019708510790115596,-0.04135191189000231],""has_data"":true,""last_update_ts"":1784119490.947513,""raw"":[15762,15721,15816]},""pinky"":{""age_s"":0.009125709533691406,""channels"":3,""force"":[-1.0483966349571325,-0.754047950370003],""has_data"":true,""last_update_ts"":1784119490.947513,""raw"":[17444,15263,17712]},""ring"":{""age_s"":0.009125709533691406,""channels"":3,""force"":[0.27255428336574994,0.24394852718999882],""has_data"":true,""last_update_ts"":1784119490.947513,""raw"":[15794,16361,15638]},""thumb"":{""age_s"":0.009125709533691406,""channels"":3,""force"":[0.0,-2.220446049250313e-16],""has_data"":true,""last_update_ts"":1784119490.947513,""raw"":[0,0,0]}}","{""ble"":{""connection_state"":""connected"",""counter"":1041037,""finger_order"":""DexterController.Visualizer"",""last_error"":null,""last_sample_age_s"":0.009148860990535468,""reconnect_count"":0,""sample_hz"":20.0,""sample_sequence"":277,""timestamp_us"":10455787744},""fingers"":{""index"":{""has_data"":true,""last_update_ts"":1784119490.947513,""mapped"":true},""middle"":{""has_data"":true,""last_update_ts"":1784119490.947513,""mapped"":true},""pinky"":{""has_data"":true,""last_update_ts"":1784119490.947513,""mapped"":true},""ring"":{""has_data"":true,""last_update_ts"":1784119490.947513,""mapped"":true},""thumb"":{""has_data"":true,""last_update_ts"":1784119490.947513,""mapped"":true}},""ports"":{""available"":[""BLE:Dexter""],""unavailable"":[]}}"
1784119491.006784,1784119491.0066507,279,ble,"{""index"":{""age_s"":0.009120464324951172,""channels"":3,""force"":[-0.4114752496668075,-0.7576558353000022],""has_data"":true,""last_update_ts"":1784119490.9975302,""raw"":[16983,16127,17920]},""middle"":{""age_s"":0.009120464324951172,""channels"":3,""force"":[-0.02691894156698993,-0.03274849398000068],""has_data"":true,""last_update_ts"":1784119490.9975302,""raw"":[15772,15716,15803]},""pinky"":{""age_s"":0.009120464324951172,""channels"":3,""force"":[-1.0147479579984005,-0.7501625358300021],""has_data"":true,""last_update_ts"":1784119490.9975302,""raw"":[17409,15298,17705]},""ring"":{""age_s"":0.009120464324951172,""channels"":3,""force"":[0.262940375663252,0.2467238232899982],""has_data"":true,""last_update_ts"":1784119490.9975302,""raw"":[15803,16350,15632]},""thumb"":{""age_s"":0.009120464324951172,""channels"":3,""force"":[0.0,-2.220446049250313e-16],""has_data"":true,""last_update_ts"":1784119490.9975302,""raw"":[0,0,0]}}","{""ble"":{""connection_state"":""connected"",""counter"":1041042,""finger_order"":""DexterController.Visualizer"",""last_error"":null,""last_sample_age_s"":0.009147547010798007,""reconnect_count"":0,""sample_hz"":20.0,""sample_sequence"":278,""timestamp_us"":10455834624},""fingers"":{""index"":{""has_data"":true,""last_update_ts"":1784119490.9975302,""mapped"":true},""middle"":{""has_data"":true,""last_update_ts"":1784119490.9975302,""mapped"":true},""pinky"":{""has_data"":true,""last_update_ts"":1784119490.9975302,""mapped"":true},""ring"":{""has_data"":true,""last_update_ts"":1784119490.9975302,""mapped"":true},""thumb"":{""has_data"":true,""last_update_ts"":1784119490.9975302,""mapped"":true}},""ports"":{""available"":[""BLE:Dexter""],""unavailable"":[]}}"
1784119491.056779,1784119491.0566494,280,ble,"{""index"":{""age_s"":0.009119987487792969,""channels"":3,""force"":[-0.4037841235048134,-0.7659817235999995],""has_data"":true,""last_update_ts"":1784119491.0475295,""raw"":[16969,16129,17929]},""middle"":{""age_s"":0.009119987487792969,""channels"":3,""force"":[-0.014420861553743336,-0.035523790080002726],""has_data"":true,""last_update_ts"":1784119491.0475295,""raw"":[15755,15725,15804]},""pinky"":{""age_s"":0.009119987487792969,""channels"":3,""force"":[-1.0262846472413933,-0.7418366475300013],""has_data"":true,""last_update_ts"":1784119491.0475295,""raw"":[17423,15288,17692]},""ring"":{""age_s"":0.009119987487792969,""channels"":3,""force"":[0.2701508064401228,0.2542171227599974],""has_data"":true,""last_update_ts"":1784119491.0475295,""raw"":[15804,16366,15627]},""thumb"":{""age_s"":0.009119987487792969,""channels"":3,""force"":[0.0,-2.220446049250313e-16],""has_data"":true,""last_update_ts"":1784119491.0475295,""raw"":[0,0,0]}}","{""ble"":{""connection_state"":""connected"",""counter"":1041047,""finger_order"":""DexterController.Visualizer"",""last_error"":null,""last_sample_age_s"":0.009140253998339176,""reconnect_count"":0,""sample_hz"":20.0,""sample_sequence"":279,""timestamp_us"":10455881568},""fingers"":{""index"":{""has_data"":true,""last_update_ts"":1784119491.0475295,""mapped"":true},""middle"":{""has_data"":true,""last_update_ts"":1784119491.0475295,""mapped"":true},""pinky"":{""has_data"":true,""last_update_ts"":1784119491.0475295,""mapped"":true},""ring"":{""has_data"":true,""last_update_ts"":1784119491.0475295,""mapped"":true},""thumb"":{""has_data"":true,""last_update_ts"":1784119491.0475295,""mapped"":true}},""ports"":{""available"":[""BLE:Dexter""],""unavailable"":[]}}"
1784119491.1067817,1784119491.1066506,281,ble,"{""index"":{""age_s"":0.009121179580688477,""channels"":3,""force"":[-0.4023420373494382,-0.7584884241300021],""has_data"":true,""last_update_ts"":1784119491.0975294,""raw"":[16976,16139,17924]},""middle"":{""age_s"":0.009121179580688477,""channels"":3,""force"":[-0.02018920617524067,-0.042184500720003903],""has_data"":true,""last_update_ts"":1784119491.0975294,""raw"":[15758,15716,15813]},""pinky"":{""age_s"":0.009121179580688477,""channels"":3,""force"":[-1.0181128256942742,-0.7432242955800001],""has_data"":true,""last_update_ts"":1784119491.0975294,""raw"":[17416,15298,17696]},""ring"":{""age_s"":0.009121179580688477,""channels"":3,""force"":[0.2788033233723688,0.2514418266599989],""has_data"":true,""last_update_ts"":1784119491.0975294,""raw"":[15797,16377,15634]},""thumb"":{""age_s"":0.009121179580688477,""channels"":3,""force"":[0.0,-2.220446049250313e-16],""has_data"":true,""last_update_ts"":1784119491.0975294,""raw"":[0,0,0]}}","{""ble"":{""connection_state"":""connected"",""counter"":1041053,""finger_order"":""DexterController.Visualizer"",""last_error"":null,""last_sample_age_s"":0.009141918999375775,""reconnect_count"":0,""sample_hz"":20.0,""sample_sequence"":280,""timestamp_us"":10455938016},""fingers"":{""index"":{""has_data"":true,""last_update_ts"":1784119491.0975294,""mapped"":true},""middle"":{""has_data"":true,""last_update_ts"":1784119491.0975294,""mapped"":true},""pinky"":{""has_data"":true,""last_update_ts"":1784119491.0975294,""mapped"":true},""ring"":{""has_data"":true,""last_update_ts"":1784119491.0975294,""mapped"":true},""thumb"":{""has_data"":true,""last_update_ts"":1784119491.0975294,""mapped"":true}},""ports"":{""available"":[""BLE:Dexter""],""unavailable"":[]}}"
1784119491.1568096,1784119491.1566641,282,ble,"{""index"":{""age_s"":0.009134769439697266,""channels"":3,""force"":[-0.38359491732957096,-0.7454445324600005],""has_data"":true,""last_update_ts"":1784119491.1475294,""raw"":[16923,16125,17867]},""middle"":{""age_s"":0.009134769439697266,""channels"":3,""force"":[-0.03509076311410908,0.05467333316999845],""has_data"":true,""last_update_ts"":1784119491.1475294,""raw"":[15698,15625,15563]},""pinky"":{""age_s"":0.009134769439697266,""channels"":3,""force"":[1.405072610719719,0.4310034843299979],""has_data"":true,""last_update_ts"":1784119491.1475294,""raw"":[16672,19595,17357]},""ring"":{""age_s"":0.009134769439697266,""channels"":3,""force"":[0.35811806191795625,0.7046476797899999],""has_data"":true,""last_update_ts"":1784119491.1475294,""raw"":[15723,16468,14826]},""thumb"":{""age_s"":0.009134769439697266,""channels"":3,""force"":[0.0,-2.220446049250313e-16],""has_data"":true,""last_update_ts"":1784119491.1475294,""raw"":[0,0,0]}}","{""ble"":{""connection_state"":""connected"",""counter"":1041058,""finger_order"":""DexterController.Visualizer"",""last_error"":null,""last_sample_age_s"":0.009160271001746878,""reconnect_count"":0,""sample_hz"":20.0,""sample_sequence"":281,""timestamp_us"":10455984992},""fingers"":{""index"":{""has_data"":true,""last_update_ts"":1784119491.1475294,""mapped"":true},""middle"":{""has_data"":true,""last_update_ts"":1784119491.1475294,""mapped"":true},""pinky"":{""has_data"":true,""last_update_ts"":1784119491.1475294,""mapped"":true},""ring"":{""has_data"":true,""last_update_ts"":1784119491.1475294,""mapped"":true},""thumb"":{""has_data"":true,""last_update_ts"":1784119491.1475294,""mapped"":true}},""ports"":{""available"":[""BLE:Dexter""],""unavailable"":[]}}"
1784119491.2067971,1784119491.2066686,283,ble,"{""index"":{""age_s"":0.009138822555541992,""channels"":3,""force"":[-0.39849647426844115,-0.7629288978900011],""has_data"":true,""last_update_ts"":1784119491.1975298,""raw"":[16965,16136,17925]},""middle"":{""age_s"":0.009138822555541992,""channels"":3,""force"":[-0.019708510790115596,-0.03913167501000103],""has_data"":true,""last_update_ts"":1784119491.1975298,""raw"":[15764,15723,15814]},""pinky"":{""age_s"":0.009138822555541992,""channels"":3,""force"":[-1.0238811703157733,-0.7454445324600014],""has_data"":true,""last_update_ts"":1784119491.1975298,""raw"":[17420,15290,17698]},""ring"":{""age_s"":0.009138822555541992,""channels"":3,""force"":[0.27255428336574816,0.2539395931499966],""has_data"":true,""last_update_ts"":1784119491.1975298,""raw"":[15798,16365,15624]},""thumb"":{""age_s"":0.009138822555541992,""channels"":3,""force"":[0.0,-2.220446049250313e-16],""has_data"":true,""last_update_ts"":1784119491.1975298,""raw"":[0,0,0]}}","{""ble"":{""connection_state"":""connected"",""counter"":1041063,""finger_order"":""DexterController.Visualizer"",""last_error"":null,""last_sample_age_s"":0.009159007997368462,""reconnect_count"":0,""sample_hz"":20.0,""sample_sequence"":282,""timestamp_us"":10456031808},""fingers"":{""index"":{""has_data"":true,""last_update_ts"":1784119491.1975298,""mapped"":true},""middle"":{""has_data"":true,""last_update_ts"":1784119491.1975298,""mapped"":true},""pinky"":{""has_data"":true,""last_update_ts"":1784119491.1975298,""mapped"":true},""ring"":{""has_data"":true,""last_update_ts"":1784119491.1975298,""mapped"":true},""thumb"":{""has_data"":true,""last_update_ts"":1784119491.1975298,""mapped"":true}},""ports"":{""available"":[""BLE:Dexter""],""unavailable"":[]}}"
1784119491.2567818,1784119491.2566493,284,ble,"{""index"":{""age_s"":0.009119510650634766,""channels"":3,""force"":[-0.41484011736267945,-0.7818009113700022],""has_data"":true,""last_update_ts"":1784119491.2475297,""raw"":[16967,16104,17944]},""middle"":{""age_s"":0.009119510650634766,""channels"":3,""force"":[-0.051434406208350936,-0.03413614203000215],""has_data"":true,""last_update_ts"":1784119491.2475297,""raw"":[15817,15710,15825]},""pinky"":{""age_s"":0.009119510650634766,""channels"":3,""force"":[-1.021477693390148,-0.743501825190001],""has_data"":true,""last_update_ts"":1784119491.2475297,""raw"":[17419,15294,17696]},""ring"":{""age_s"":0.009119510650634766,""channels"":3,""force"":[0.2778419326021204,0.27197901779999967],""has_data"":true,""last_update_ts"":1784119491.2475297,""raw"":[15802,16380,15601]},""thumb"":{""age_s"":0.009119510650634766,""channels"":3,""force"":[0.0,-2.220446049250313e-16],""has_data"":true,""last_update_ts"":1784119491.2475297,""raw"":[0,0,0]}}","{""ble"":{""connection_state"":""connected"",""counter"":1041069,""finger_order"":""DexterController.Visualizer"",""last_error"":null,""last_sample_age_s"":0.009140645997831598,""reconnect_count"":0,""sample_hz"":20.0,""sample_sequence"":283,""timestamp_us"":10456088320},""fingers"":{""index"":{""has_data"":true,""last_update_ts"":1784119491.2475297,""mapped"":true},""middle"":{""has_data"":true,""last_update_ts"":1784119491.2475297,""mapped"":true},""pinky"":{""has_data"":true,""last_update_ts"":1784119491.2475297,""mapped"":true},""ring"":{""has_data"":true,""last_update_ts"":1784119491.2475297,""mapped"":true},""thumb"":{""has_data"":true,""last_update_ts"":1784119491.2475297,""mapped"":true}},""ports"":{""available"":[""BLE:Dexter""],""unavailable"":[]}}"
1784119491.3067982,1784119491.3066745,285,ble,"{""index"":{""age_s"":0.00914454460144043,""channels"":3,""force"":[-0.40474551427506356,-0.7665367828199994],""has_data"":true,""last_update_ts"":1784119491.29753,""raw"":[16969,16127,17929]},""middle"":{""age_s"":0.00914454460144043,""channels"":3,""force"":[-0.0826796062414612,0.052730625899998884],""has_data"":true,""last_update_ts"":1784119491.29753,""raw"":[15897,15725,15716]},""pinky"":{""age_s"":0.00914454460144043,""channels"":3,""force"":[-1.0200356072347727,-0.7404489994799999],""has_data"":true,""last_update_ts"":1784119491.29753,""raw"":[17418,15296,17691]},""ring"":{""age_s"":0.00914454460144043,""channels"":3,""force"":[0.27976471414261894,0.2414507606999985],""has_data"":true,""last_update_ts"":1784119491.29753,""raw"":[15784,16366,15640]},""thumb"":{""age_s"":0.00914454460144043,""channels"":3,""force"":[0.0,-2.220446049250313e-16],""has_data"":true,""last_update_ts"":1784119491.29753,""raw"":[0,0,0]}}","{""ble"":{""connection_state"":""connected"",""counter"":1041074,""finger_order"":""DexterController.Visualizer"",""last_error"":null,""last_sample_age_s"":0.009164861010503955,""reconnect_count"":0,""sample_hz"":20.0,""sample_sequence"":284,""timestamp_us"":10456135200},""fingers"":{""index"":{""has_data"":true,""last_update_ts"":1784119491.29753,""mapped"":true},""middle"":{""has_data"":true,""last_update_ts"":1784119491.29753,""mapped"":true},""pinky"":{""has_data"":true,""last_update_ts"":1784119491.29753,""mapped"":true},""ring"":{""has_data"":true,""last_update_ts"":1784119491.29753,""mapped"":true},""thumb"":{""has_data"":true,""last_update_ts"":1784119491.29753,""mapped"":true}},""ports"":{""available"":[""BLE:Dexter""],""unavailable"":[]}}"
1784119491.356827,1784119491.3566854,286,ble,"{""index"":{""age_s"":0.009155511856079102,""channels"":3,""force"":[-0.4061876004304352,-0.75959854257],""has_data"":true,""last_update_ts"":1784119491.34753,""raw"":[16976,16131,17922]},""middle"":{""age_s"":0.009155511856079102,""channels"":3,""force"":[-0.07018152622821638,0.03385861241999688],""has_data"":true,""last_update_ts"":1784119491.34753,""raw"":[15869,15723,15735]},""pinky"":{""age_s"":0.009155511856079102,""channels"":3,""force"":[-1.026765342626522,-0.7554355984200036],""has_data"":true,""last_update_ts"":1784119491.34753,""raw"":[17420,15284,17713]},""ring"":{""age_s"":0.009155511856079102,""channels"":3,""force"":[0.27784193260211687,0.25532724119999717],""has_data"":true,""last_update_ts"":1784119491.34753,""raw"":[15793,16371,15622]},""thumb"":{""age_s"":0.009155511856079102,""channels"":3,""force"":[0.0,-2.220446049250313e-16],""has_data"":true,""last_update_ts"":1784119491.34753,""raw"":[0,0,0]}}","{""ble"":{""connection_state"":""connected"",""counter"":1041079,""finger_order"":""DexterController.Visualizer"",""last_error"":null,""last_sample_age_s"":0.009180747001664713,""reconnect_count"":0,""sample_hz"":20.0,""sample_sequence"":285,""timestamp_us"":10456182016},""fingers"":{""index"":{""has_data"":true,""last_update_ts"":1784119491.34753,""mapped"":true},""middle"":{""has_data"":true,""last_update_ts"":1784119491.34753,""mapped"":true},""pinky"":{""has_data"":true,""last_update_ts"":1784119491.34753,""mapped"":true},""ring"":{""has_data"":true,""last_update_ts"":1784119491.34753,""mapped"":true},""thumb"":{""has_data"":true,""last_update_ts"":1784119491.34753,""mapped"":true}},""ports"":{""available"":[""BLE:Dexter""],""unavailable"":[]}}"
1784119491.4068668,1784119491.4066856,287,ble,"{""index"":{""age_s"":0.009154081344604492,""channels"":3,""force"":[-0.3965736927279391,-0.7063128574500013],""has_data"":true,""last_update_ts"":1784119491.3975315,""raw"":[17003,16178,17863]},""middle"":{""age_s"":0.009154081344604492,""channels"":3,""force"":[-0.013459470783493188,0.053840744339998636],""has_data"":true,""last_update_ts"":1784119491.3975315,""raw"":[15821,15793,15710]},""pinky"":{""age_s"":0.009154081344604492,""channels"":3,""force"":[-1.0157093487686524,-0.7290702854700006],""has_data"":true,""last_update_ts"":1784119491.3975315,""raw"":[17421,15308,17678]},""ring"":{""age_s"":0.009154081344604492,""channels"":3,""force"":[0.2773612372169971,0.2511642970499981],""has_data"":true,""last_update_ts"":1784119491.3975315,""raw"":[15795,16372,15631]},""thumb"":{""age_s"":0.009154081344604492,""channels"":3,""force"":[0.0,-2.220446049250313e-16],""has_data"":true,""last_update_ts"":1784119491.3975315,""raw"":[0,0,0]}}","{""ble"":{""connection_state"":""connected"",""counter"":1041085,""finger_order"":""DexterController.Visualizer"",""last_error"":null,""last_sample_age_s"":0.009179795000818558,""reconnect_count"":0,""sample_hz"":20.0,""sample_sequence"":286,""timestamp_us"":10456238592},""fingers"":{""index"":{""has_data"":true,""last_update_ts"":1784119491.3975315,""mapped"":true},""middle"":{""has_data"":true,""last_update_ts"":1784119491.3975315,""mapped"":true},""pinky"":{""has_data"":true,""last_update_ts"":1784119491.3975315,""mapped"":true},""ring"":{""has_data"":true,""last_update_ts"":1784119491.3975315,""mapped"":true},""thumb"":{""has_data"":true,""last_update_ts"":1784119491.3975315,""mapped"":true}},""ports"":{""available"":[""BLE:Dexter""],""unavailable"":[]}}"
1784119491.4568098,1784119491.456681,288,ble,"{""index"":{""age_s"":0.009151697158813477,""channels"":3,""force"":[-0.40089995119406296,-0.6205562079600027],""has_data"":true,""last_update_ts"":1784119491.4475293,""raw"":[17061,16227,17762]},""middle"":{""age_s"":0.009151697158813477,""channels"":3,""force"":[-0.04278188927610671,0.09019712325000029],""has_data"":true,""last_update_ts"":1784119491.4475293,""raw"":[15879,15790,15672]},""pinky"":{""age_s"":0.009151697158813477,""channels"":3,""force"":[-1.0517615026530098,-0.7659817236000004],""has_data"":true,""last_update_ts"":1784119491.4475293,""raw"":[17420,15232,17706]},""ring"":{""age_s"":0.009151697158813477,""channels"":3,""force"":[0.2855330587641163,0.2542171227599974],""has_data"":true,""last_update_ts"":1784119491.4475293,""raw"":[15802,16396,15641]},""thumb"":{""age_s"":0.009151697158813477,""channels"":3,""force"":[0.0,-2.220446049250313e-16],""has_data"":true,""last_update_ts"":1784119491.4475293,""raw"":[0,0,0]}}","{""ble"":{""connection_state"":""connected"",""counter"":1041090,""finger_order"":""DexterController.Visualizer"",""last_error"":null,""last_sample_age_s"":0.009172489008051343,""reconnect_count"":0,""sample_hz"":20.0,""sample_sequence"":287,""timestamp_us"":10456285696},""fingers"":{""index"":{""has_data"":true,""last_update_ts"":1784119491.4475293,""mapped"":true},""middle"":{""has_data"":true,""last_update_ts"":1784119491.4475293,""mapped"":true},""pinky"":{""has_data"":true,""last_update_ts"":1784119491.4475293,""mapped"":true},""ring"":{""has_data"":true,""last_update_ts"":1784119491.4475293,""mapped"":true},""thumb"":{""has_data"":true,""last_update_ts"":1784119491.4475293,""mapped"":true}},""ports"":{""available"":[""BLE:Dexter""],""unavailable"":[]}}"
1784119491.5068119,1784119491.5066814,289,ble,"{""index"":{""age_s"":0.009151697158813477,""channels"":3,""force"":[-0.4085910773560588,-0.5717109966000029],""has_data"":true,""last_update_ts"":1784119491.4975297,""raw"":[17107,16257,17712]},""middle"":{""age_s"":0.009151697158813477,""channels"":3,""force"":[-0.03076450464798519,0.10046571881999711],""has_data"":true,""last_update_ts"":1784119491.4975297,""raw"":[15866,15802,15653]},""pinky"":{""age_s"":0.009151697158813477,""channels"":3,""force"":[-1.0253232564711467,-0.7407265290900007],""has_data"":true,""last_update_ts"":1784119491.4975297,""raw"":[17422,15289,17690]},""ring"":{""age_s"":0.009151697158813477,""channels"":3,""force"":[0.277841932602124,0.2569924188599977],""has_data"":true,""last_update_ts"":1784119491.4975297,""raw"":[15795,16373,15621]},""thumb"":{""age_s"":0.009151697158813477,""channels"":3,""force"":[0.0,-2.220446049250313e-16],""has_data"":true,""last_update_ts"":1784119491.4975297,""raw"":[0,0,0]}}","{""ble"":{""connection_state"":""connected"",""counter"":1041095,""finger_order"":""DexterController.Visualizer"",""last_error"":null,""last_sample_age_s"":0.0091731700085802,""reconnect_count"":0,""sample_hz"":20.0,""sample_sequence"":288,""timestamp_us"":10456332640},""fingers"":{""index"":{""has_data"":true,""last_update_ts"":1784119491.4975297,""mapped"":true},""middle"":{""has_data"":true,""last_update_ts"":1784119491.4975297,""mapped"":true},""pinky"":{""has_data"":true,""last_update_ts"":1784119491.4975297,""mapped"":true},""ring"":{""has_data"":true,""last_update_ts"":1784119491.4975297,""mapped"":true},""thumb"":{""has_data"":true,""last_update_ts"":1784119491.4975297,""mapped"":true}},""ports"":{""available"":[""BLE:Dexter""],""unavailable"":[]}}"
1784119491.556795,1784119491.5566697,290,ble,"{""index"":{""age_s"":0.009140253067016602,""channels"":3,""force"":[-0.40811038197093374,-0.519812959530003],""has_data"":true,""last_update_ts"":1784119491.5475295,""raw"":[17144,16295,17656]},""middle"":{""age_s"":0.009140253067016602,""channels"":3,""force"":[-0.03509076311410908,0.08076111650999884],""has_data"":true,""last_update_ts"":1784119491.5475295,""raw"":[15863,15790,15681]},""pinky"":{""age_s"":0.009140253067016602,""channels"":3,""force"":[-1.0234004749306482,-0.7473872397299992],""has_data"":true,""last_update_ts"":1784119491.5475295,""raw"":[17417,15288,17699]},""ring"":{""age_s"":0.009140253067016602,""channels"":3,""force"":[0.27688054183187205,0.2569924188599977],""has_data"":true,""last_update_ts"":1784119491.5475295,""raw"":[15794,16370,15619]},""thumb"":{""age_s"":0.009140253067016602,""channels"":3,""force"":[0.0,-2.220446049250313e-16],""has_data"":true,""last_update_ts"":1784119491.5475295,""raw"":[0,0,0]}}","{""ble"":{""connection_state"":""connected"",""counter"":1041101,""finger_order"":""DexterController.Visualizer"",""last_error"":null,""last_sample_age_s"":0.009158978005871177,""reconnect_count"":0,""sample_hz"":20.0,""sample_sequence"":289,""timestamp_us"":10456388992},""fingers"":{""index"":{""has_data"":true,""last_update_ts"":1784119491.5475295,""mapped"":true},""middle"":{""has_data"":true,""last_update_ts"":1784119491.5475295,""mapped"":true},""pinky"":{""has_data"":true,""last_update_ts"":1784119491.5475295,""mapped"":true},""ring"":{""has_data"":true,""last_update_ts"":1784119491.5475295,""mapped"":true},""thumb"":{""has_data"":true,""last_update_ts"":1784119491.5475295,""mapped"":true}},""ports"":{""available"":[""BLE:Dexter""],""unavailable"":[]}}"
1784119491.606775,1784119491.6066458,291,ble,"{""index"":{""age_s"":0.009135007858276367,""channels"":3,""force"":[-0.3710968373163279,-0.5034387125400004],""has_data"":true,""last_update_ts"":1784119491.5975108,""raw"":[17125,16353,17646]},""middle"":{""age_s"":0.009135007858276367,""channels"":3,""force"":[-0.03893632619510434,0.11128937360999736],""has_data"":true,""last_update_ts"":1784119491.5975108,""raw"":[15891,15810,15650]},""pinky"":{""age_s"":0.009135007858276367,""channels"":3,""force"":[-1.0214776933901462,-0.7429467659700002],""has_data"":true,""last_update_ts"":1784119491.5975108,""raw"":[17423,15298,17699]},""ring"":{""age_s"":0.009135007858276367,""channels"":3,""force"":[0.27736123721699535,0.25615983002999787],""has_data"":true,""last_update_ts"":1784119491.5975108,""raw"":[15801,16378,15628]},""thumb"":{""age_s"":0.009135007858276367,""channels"":3,""force"":[0.0,-2.220446049250313e-16],""has_data"":true,""last_update_ts"":1784119491.5975108,""raw"":[0,0,0]}}","{""ble"":{""connection_state"":""connected"",""counter"":1041106,""finger_order"":""DexterController.Visualizer"",""last_error"":null,""last_sample_age_s"":0.009157733991742134,""reconnect_count"":0,""sample_hz"":20.0,""sample_sequence"":290,""timestamp_us"":10456436032},""fingers"":{""index"":{""has_data"":true,""last_update_ts"":1784119491.5975108,""mapped"":true},""middle"":{""has_data"":true,""last_update_ts"":1784119491.5975108,""mapped"":true},""pinky"":{""has_data"":true,""last_update_ts"":1784119491.5975108,""mapped"":true},""ring"":{""has_data"":true,""last_update_ts"":1784119491.5975108,""mapped"":true},""thumb"":{""has_data"":true,""last_update_ts"":1784119491.5975108,""mapped"":true}},""ports"":{""available"":[""BLE:Dexter""],""unavailable"":[]}}"
1784119491.6567795,1784119491.6566567,292,ble,"{""index"":{""age_s"":0.009126424789428711,""channels"":3,""force"":[-0.3436972003642147,-0.5087117751300019],""has_data"":true,""last_update_ts"":1784119491.6475303,""raw"":[17090,16375,17649]},""middle"":{""age_s"":0.009126424789428711,""channels"":3,""force"":[-0.021150596945490818,0.14653563407999926],""has_data"":true,""last_update_ts"":1784119491.6475303,""raw"":[15892,15848,15606]},""pinky"":{""age_s"":0.009126424789428711,""channels"":3,""force"":[-1.0243618657008984,-0.7446119436300016],""has_data"":true,""last_update_ts"":1784119491.6475303,""raw"":[17421,15290,17697]},""ring"":{""age_s"":0.009126424789428711,""channels"":3,""force"":[0.27928401875749387,0.2578250076899975],""has_data"":true,""last_update_ts"":1784119491.6475303,""raw"":[15793,16374,15619]},""thumb"":{""age_s"":0.009126424789428711,""channels"":3,""force"":[0.0,-2.220446049250313e-16],""has_data"":true,""last_update_ts"":1784119491.6475303,""raw"":[0,0,0]}}","{""ble"":{""connection_state"":""connected"",""counter"":1041111,""finger_order"":""DexterController.Visualizer"",""last_error"":null,""last_sample_age_s"":0.009144063995336182,""reconnect_count"":0,""sample_hz"":20.0,""sample_sequence"":291,""timestamp_us"":10456483040},""fingers"":{""index"":{""has_data"":true,""last_update_ts"":1784119491.6475303,""mapped"":true},""middle"":{""has_data"":true,""last_update_ts"":1784119491.6475303,""mapped"":true},""pinky"":{""has_data"":true,""last_update_ts"":1784119491.6475303,""mapped"":true},""ring"":{""has_data"":true,""last_update_ts"":1784119491.6475303,""mapped"":true},""thumb"":{""has_data"":true,""last_update_ts"":1784119491.6475303,""mapped"":true}},""ports"":{""available"":[""BLE:Dexter""],""unavailable"":[]}}"
1784119491.7067897,1784119491.7066607,293,ble,"{""index"":{""age_s"":0.009148836135864258,""channels"":3,""force"":[-0.33840955112784066,-0.4723553962200038],""has_data"":true,""last_update_ts"":1784119491.697512,""raw"":[17108,16404,17607]},""middle"":{""age_s"":0.009148836135864258,""channels"":3,""force"":[-0.020669901560365744,0.1773414207899986],""has_data"":true,""last_update_ts"":1784119491.697512,""raw"":[15919,15876,15578]},""pinky"":{""age_s"":0.009148836135864258,""channels"":3,""force"":[-1.025323256471145,-0.7451670028500006],""has_data"":true,""last_update_ts"":1784119491.697512,""raw"":[17423,15290,17699]},""ring"":{""age_s"":0.009148836135864258,""channels"":3,""force"":[0.27543845567649683,0.25282947470999684],""has_data"":true,""last_update_ts"":1784119491.697512,""raw"":[15796,16369,15627]},""thumb"":{""age_s"":0.009148836135864258,""channels"":3,""force"":[0.0,-2.220446049250313e-16],""has_data"":true,""last_update_ts"":1784119491.697512,""raw"":[0,0,0]}}","{""ble"":{""connection_state"":""connected"",""counter"":1041116,""finger_order"":""DexterController.Visualizer"",""last_error"":null,""last_sample_age_s"":0.009169049997581169,""reconnect_count"":0,""sample_hz"":20.0,""sample_sequence"":292,""timestamp_us"":10456529984},""fingers"":{""index"":{""has_data"":true,""last_update_ts"":1784119491.697512,""mapped"":true},""middle"":{""has_data"":true,""last_update_ts"":1784119491.697512,""mapped"":true},""pinky"":{""has_data"":true,""last_update_ts"":1784119491.697512,""mapped"":true},""ring"":{""has_data"":true,""last_update_ts"":1784119491.697512,""mapped"":true},""thumb"":{""has_data"":true,""last_update_ts"":1784119491.697512,""mapped"":true}},""ports"":{""available"":[""BLE:Dexter""],""unavailable"":[]}}"
1784119491.7569137,1784119491.7566645,294,ble,"{""index"":{""age_s"":0.009151935577392578,""channels"":3,""force"":[-0.3211045172633522,-0.42573042174000086],""has_data"":true,""last_update_ts"":1784119491.7475126,""raw"":[17088,16420,17521]},""middle"":{""age_s"":0.009151935577392578,""channels"":3,""force"":[-0.021150596945492595,0.28807573517999785],""has_data"":true,""last_update_ts"":1784119491.7475126,""raw"":[15823,15779,15282]},""pinky"":{""age_s"":0.009151935577392578,""channels"":3,""force"":[1.7939551772856603,0.5683806412799992],""has_data"":true,""last_update_ts"":1784119491.7475126,""raw"":[16454,20186,17296]},""ring"":{""age_s"":0.009151935577392578,""channels"":3,""force"":[0.31629756341210324,0.7798582041],""has_data"":true,""last_update_ts"":1784119491.7475126,""raw"":[15739,16397,14663]},""thumb"":{""age_s"":0.009151935577392578,""channels"":3,""force"":[0.0,-2.220446049250313e-16],""has_data"":true,""last_update_ts"":1784119491.7475126,""raw"":[0,0,0]}}","{""ble"":{""connection_state"":""connected"",""counter"":1041122,""finger_order"":""DexterController.Visualizer"",""last_error"":null,""last_sample_age_s"":0.00917684800515417,""reconnect_count"":0,""sample_hz"":20.0,""sample_sequence"":293,""timestamp_us"":10456586432},""fingers"":{""index"":{""has_data"":true,""last_update_ts"":1784119491.7475126,""mapped"":true},""middle"":{""has_data"":true,""last_update_ts"":1784119491.7475126,""mapped"":true},""pinky"":{""has_data"":true,""last_update_ts"":1784119491.7475126,""mapped"":true},""ring"":{""has_data"":true,""last_update_ts"":1784119491.7475126,""mapped"":true},""thumb"":{""has_data"":true,""last_update_ts"":1784119491.7475126,""mapped"":true}},""ports"":{""available"":[""BLE:Dexter""],""unavailable"":[]}}"
1784119491.8067892,1784119491.8066697,295,ble,"{""index"":{""age_s"":0.009159088134765625,""channels"":3,""force"":[-0.3590794526882064,-0.42267759603000155],""has_data"":true,""last_update_ts"":1784119491.7975106,""raw"":[17153,16406,17541]},""middle"":{""age_s"":0.009159088134765625,""channels"":3,""force"":[-0.017305033864492003,0.20093143763999866],""has_data"":true,""last_update_ts"":1784119491.7975106,""raw"":[15917,15881,15537]},""pinky"":{""age_s"":0.009159088134765625,""channels"":3,""force"":[-1.0267653426265202,-0.7432242955800019],""has_data"":true,""last_update_ts"":1784119491.7975106,""raw"":[17426,15290,17697]},""ring"":{""age_s"":0.009159088134765625,""channels"":3,""force"":[0.27255428336574816,0.256159830029997],""has_data"":true,""last_update_ts"":1784119491.7975106,""raw"":[15802,16369,15624]},""thumb"":{""age_s"":0.009159088134765625,""channels"":3,""force"":[0.0,-2.220446049250313e-16],""has_data"":true,""last_update_ts"":1784119491.7975106,""raw"":[0,0,0]}}","{""ble"":{""connection_state"":""connected"",""counter"":1041127,""finger_order"":""DexterController.Visualizer"",""last_error"":null,""last_sample_age_s"":0.009181127999909222,""reconnect_count"":0,""sample_hz"":20.0,""sample_sequence"":294,""timestamp_us"":10456633536},""fingers"":{""index"":{""has_data"":true,""last_update_ts"":1784119491.7975106,""mapped"":true},""middle"":{""has_data"":true,""last_update_ts"":1784119491.7975106,""mapped"":true},""pinky"":{""has_data"":true,""last_update_ts"":1784119491.7975106,""mapped"":true},""ring"":{""has_data"":true,""last_update_ts"":1784119491.7975106,""mapped"":true},""thumb"":{""has_data"":true,""last_update_ts"":1784119491.7975106,""mapped"":true}},""ports"":{""available"":[""BLE:Dexter""],""unavailable"":[]}}"
1784119491.8568187,1784119491.8566866,296,ble,"{""index"":{""age_s"":0.009171724319458008,""channels"":3,""force"":[-0.3797493542485739,-0.38687627634000243],""has_data"":true,""last_update_ts"":1784119491.8475149,""raw"":[17198,16408,17500]},""middle"":{""age_s"":0.009171724319458008,""channels"":3,""force"":[-0.028361027722363374,0.18566730908999673],""has_data"":true,""last_update_ts"":1784119491.8475149,""raw"":[15919,15860,15555]},""pinky"":{""age_s"":0.009171724319458008,""channels"":3,""force"":[-1.0195549118496494,-0.7473872397300019],""has_data"":true,""last_update_ts"":1784119491.8475149,""raw"":[17412,15291,17698]},""ring"":{""age_s"":0.009171724319458008,""channels"":3,""force"":[0.2768805418318703,0.25532724119999806],""has_data"":true,""last_update_ts"":1784119491.8475149,""raw"":[15793,16369,15621]},""thumb"":{""age_s"":0.009171724319458008,""channels"":3,""force"":[0.0,-2.220446049250313e-16],""has_data"":true,""last_update_ts"":1784119491.8475149,""raw"":[0,0,0]}}","{""ble"":{""connection_state"":""connected"",""counter"":1041132,""finger_order"":""DexterController.Visualizer"",""last_error"":null,""last_sample_age_s"":0.009192093013552949,""reconnect_count"":0,""sample_hz"":20.0,""sample_sequence"":295,""timestamp_us"":10456680608},""fingers"":{""index"":{""has_data"":true,""last_update_ts"":1784119491.8475149,""mapped"":true},""middle"":{""has_data"":true,""last_update_ts"":1784119491.8475149,""mapped"":true},""pinky"":{""has_data"":true,""last_update_ts"":1784119491.8475149,""mapped"":true},""ring"":{""has_data"":true,""last_update_ts"":1784119491.8475149,""mapped"":true},""thumb"":{""has_data"":true,""last_update_ts"":1784119491.8475149,""mapped"":true}},""ports"":{""available"":[""BLE:Dexter""],""unavailable"":[]}}"
1784119491.9067774,1784119491.9066572,297,ble,"{""index"":{""age_s"":0.009131431579589844,""channels"":3,""force"":[-0.3816721357890742,-0.3702244997400008],""has_data"":true,""last_update_ts"":1784119491.8975258,""raw"":[17211,16417,17481]},""middle"":{""age_s"":0.009131431579589844,""channels"":3,""force"":[-0.02643824618186308,0.18899766440999954],""has_data"":true,""last_update_ts"":1784119491.8975258,""raw"":[15916,15861,15548]},""pinky"":{""age_s"":0.009131431579589844,""channels"":3,""force"":[-1.0234004749306482,-0.7484973581700025],""has_data"":true,""last_update_ts"":1784119491.8975258,""raw"":[17421,15292,17705]},""ring"":{""age_s"":0.009131431579589844,""channels"":3,""force"":[0.2759191510616166,0.2503317082199974],""has_data"":true,""last_update_ts"":1784119491.8975258,""raw"":[15797,16371,15633]},""thumb"":{""age_s"":0.009131431579589844,""channels"":3,""force"":[0.0,-2.220446049250313e-16],""has_data"":true,""last_update_ts"":1784119491.8975258,""raw"":[0,0,0]}}","{""ble"":{""connection_state"":""connected"",""counter"":1041138,""finger_order"":""DexterController.Visualizer"",""last_error"":null,""last_sample_age_s"":0.009152904007351026,""reconnect_count"":0,""sample_hz"":20.0,""sample_sequence"":296,""timestamp_us"":10456737088},""fingers"":{""index"":{""has_data"":true,""last_update_ts"":1784119491.8975258,""mapped"":true},""middle"":{""has_data"":true,""last_update_ts"":1784119491.8975258,""mapped"":true},""pinky"":{""has_data"":true,""last_update_ts"":1784119491.8975258,""mapped"":true},""ring"":{""has_data"":true,""last_update_ts"":1784119491.8975258,""mapped"":true},""thumb"":{""has_data"":true,""last_update_ts"":1784119491.8975258,""mapped"":true}},""ports"":{""available"":[""BLE:Dexter""],""unavailable"":[]}}"
1784119491.9567788,1784119491.9566607,298,ble,"{""index"":{""age_s"":0.009131193161010742,""channels"":3,""force"":[-0.3826335265593226,-0.3685593220799994],""has_data"":true,""last_update_ts"":1784119491.9475296,""raw"":[17207,16411,17473]},""middle"":{""age_s"":0.009131193161010742,""channels"":3,""force"":[-0.02836102772235982,0.17734142079000037],""has_data"":true,""last_update_ts"":1784119491.9475296,""raw"":[15914,15855,15565]},""pinky"":{""age_s"":0.009131193161010742,""channels"":3,""force"":[-1.0214776933901462,-0.7407265290900007],""has_data"":true,""last_update_ts"":1784119491.9475296,""raw"":[17423,15298,17695]},""ring"":{""age_s"":0.009131193161010742,""channels"":3,""force"":[0.2759191510616166,0.2525519450999969],""has_data"":true,""last_update_ts"":1784119491.9475296,""raw"":[15797,16371,15629]},""thumb"":{""age_s"":0.009131193161010742,""channels"":3,""force"":[0.0,-2.220446049250313e-16],""has_data"":true,""last_update_ts"":1784119491.9475296,""raw"":[0,0,0]}}","{""ble"":{""connection_state"":""connected"",""counter"":1041143,""finger_order"":""DexterController.Visualizer"",""last_error"":null,""last_sample_age_s"":0.009151770995231345,""reconnect_count"":0,""sample_hz"":20.0,""sample_sequence"":297,""timestamp_us"":10456784032},""fingers"":{""index"":{""has_data"":true,""last_update_ts"":1784119491.9475296,""mapped"":true},""middle"":{""has_data"":true,""last_update_ts"":1784119491.9475296,""mapped"":true},""pinky"":{""has_data"":true,""last_update_ts"":1784119491.9475296,""mapped"":true},""ring"":{""has_data"":true,""last_update_ts"":1784119491.9475296,""mapped"":true},""thumb"":{""has_data"":true,""last_update_ts"":1784119491.9475296,""mapped"":true}},""ports"":{""available"":[""BLE:Dexter""],""unavailable"":[]}}"
1784119492.0067987,1784119492.0066812,299,ble,"{""index"":{""age_s"":0.009151935577392578,""channels"":3,""force"":[-0.3677319696204524,-0.3388636538100016],""has_data"":true,""last_update_ts"":1784119491.9975293,""raw"":[17205,16440,17433]},""middle"":{""age_s"":0.009151935577392578,""channels"":3,""force"":[-0.023073378485989338,0.1759537727399989],""has_data"":true,""last_update_ts"":1784119491.9975293,""raw"":[15907,15859,15566]},""pinky"":{""age_s"":0.009151935577392578,""channels"":3,""force"":[-1.0243618657008966,-0.7446119436300016],""has_data"":true,""last_update_ts"":1784119491.9975293,""raw"":[17422,15291,17698]},""ring"":{""age_s"":0.009151935577392578,""channels"":3,""force"":[0.2759191510616166,0.2547721819799982],""has_data"":true,""last_update_ts"":1784119491.9975293,""raw"":[15797,16371,15625]},""thumb"":{""age_s"":0.009151935577392578,""channels"":3,""force"":[0.0,-2.220446049250313e-16],""has_data"":true,""last_update_ts"":1784119491.9975293,""raw"":[0,0,0]}}","{""ble"":{""connection_state"":""connected"",""counter"":1041148,""finger_order"":""DexterController.Visualizer"",""last_error"":null,""last_sample_age_s"":0.009172478996333666,""reconnect_count"":0,""sample_hz"":20.0,""sample_sequence"":298,""timestamp_us"":10456831072},""fingers"":{""index"":{""has_data"":true,""last_update_ts"":1784119491.9975293,""mapped"":true},""middle"":{""has_data"":true,""last_update_ts"":1784119491.9975293,""mapped"":true},""pinky"":{""has_data"":true,""last_update_ts"":1784119491.9975293,""mapped"":true},""ring"":{""has_data"":true,""last_update_ts"":1784119491.9975293,""mapped"":true},""thumb"":{""has_data"":true,""last_update_ts"":1784119491.9975293,""mapped"":true}},""ports"":{""available"":[""BLE:Dexter""],""unavailable"":[]}}"
1784119492.0567994,1784119492.0566807,300,ble,"{""index"":{""age_s"":0.009151220321655273,""channels"":3,""force"":[-0.3859983942551928,-0.31943658110999884],""has_data"":true,""last_update_ts"":1784119492.0475295,""raw"":[17229,16426,17403]},""middle"":{""age_s"":0.009151220321655273,""channels"":3,""force"":[-0.03557145849923238,0.1670728252199991],""has_data"":true,""last_update_ts"":1784119492.0475295,""raw"":[15933,15859,15595]},""pinky"":{""age_s"":0.009151220321655273,""channels"":3,""force"":[-1.0248425610860217,-0.7398939402599991],""has_data"":true,""last_update_ts"":1784119492.0475295,""raw"":[17424,15292,17691]},""ring"":{""age_s"":0.009151220321655273,""channels"":3,""force"":[0.27495776029137,0.26642842559999647],""has_data"":true,""last_update_ts"":1784119492.0475295,""raw"":[15799,16371,15605]},""thumb"":{""age_s"":0.009151220321655273,""channels"":3,""force"":[0.0,-2.220446049250313e-16],""has_data"":true,""last_update_ts"":1784119492.0475295,""raw"":[0,0,0]}}","{""ble"":{""connection_state"":""connected"",""counter"":1041154,""finger_order"":""DexterController.Visualizer"",""last_error"":null,""last_sample_age_s"":0.009171342011541128,""reconnect_count"":0,""sample_hz"":20.0,""sample_sequence"":299,""timestamp_us"":10456887552},""fingers"":{""index"":{""has_data"":true,""last_update_ts"":1784119492.0475295,""mapped"":true},""middle"":{""has_data"":true,""last_update_ts"":1784119492.0475295,""mapped"":true},""pinky"":{""has_data"":true,""last_update_ts"":1784119492.0475295,""mapped"":true},""ring"":{""has_data"":true,""last_update_ts"":1784119492.0475295,""mapped"":true},""thumb"":{""has_data"":true,""last_update_ts"":1784119492.0475295,""mapped"":true}},""ports"":{""available"":[""BLE:Dexter""],""unavailable"":[]}}"
1784119492.1068966,1784119492.10675,301,ble,"{""index"":{""age_s"":0.00922083854675293,""channels"":3,""force"":[-0.3725389234716996,-0.31222081125000223],""has_data"":true,""last_update_ts"":1784119492.0975292,""raw"":[17230,16455,17405]},""middle"":{""age_s"":0.00922083854675293,""channels"":3,""force"":[-0.03172589541823534,0.16984812132000027],""has_data"":true,""last_update_ts"":1784119492.0975292,""raw"":[15912,15846,15573]},""pinky"":{""age_s"":0.00922083854675293,""channels"":3,""force"":[-1.0267653426265202,-0.7426692363600003],""has_data"":true,""last_update_ts"":1784119492.0975292,""raw"":[17426,15290,17696]},""ring"":{""age_s"":0.00922083854675293,""channels"":3,""force"":[0.2783226279872473,0.25171935626999975],""has_data"":true,""last_update_ts"":1784119492.0975292,""raw"":[15794,16373,15630]},""thumb"":{""age_s"":0.00922083854675293,""channels"":3,""force"":[0.0,-2.220446049250313e-16],""has_data"":true,""last_update_ts"":1784119492.0975292,""raw"":[0,0,0]}}","{""ble"":{""connection_state"":""connected"",""counter"":1041159,""finger_order"":""DexterController.Visualizer"",""last_error"":null,""last_sample_age_s"":0.00924679299350828,""reconnect_count"":0,""sample_hz"":20.0,""sample_sequence"":300,""timestamp_us"":10456934560},""fingers"":{""index"":{""has_data"":true,""last_update_ts"":1784119492.0975292,""mapped"":true},""middle"":{""has_data"":true,""last_update_ts"":1784119492.0975292,""mapped"":true},""pinky"":{""has_data"":true,""last_update_ts"":1784119492.0975292,""mapped"":true},""ring"":{""has_data"":true,""last_update_ts"":1784119492.0975292,""mapped"":true},""thumb"":{""has_data"":true,""last_update_ts"":1784119492.0975292,""mapped"":true}},""ports"":{""available"":[""BLE:Dexter""],""unavailable"":[]}}"
1784119492.1570551,1784119492.1569242,302,ble,"{""index"":{""age_s"":0.009396076202392578,""channels"":3,""force"":[-0.36196362499895507,-0.3066702190500026],""has_data"":true,""last_update_ts"":1784119492.1475282,""raw"":[17218,16465,17394]},""middle"":{""age_s"":0.009396076202392578,""channels"":3,""force"":[-0.021631292330615892,0.17623130234999973],""has_data"":true,""last_update_ts"":1784119492.1475282,""raw"":[15908,15863,15568]},""pinky"":{""age_s"":0.009396076202392578,""channels"":3,""force"":[-1.0243618657008984,-0.7468321805100029],""has_data"":true,""last_update_ts"":1784119492.1475282,""raw"":[17421,15290,17701]},""ring"":{""age_s"":0.009396076202392578,""channels"":3,""force"":[0.2759191510616201,0.2503317082199974],""has_data"":true,""last_update_ts"":1784119492.1475282,""raw"":[15798,16372,15634]},""thumb"":{""age_s"":0.009396076202392578,""channels"":3,""force"":[0.0,-2.220446049250313e-16],""has_data"":true,""last_update_ts"":1784119492.1475282,""raw"":[0,0,0]}}","{""ble"":{""connection_state"":""connected"",""counter"":1041164,""finger_order"":""DexterController.Visualizer"",""last_error"":null,""last_sample_age_s"":0.009416144996066578,""reconnect_count"":0,""sample_hz"":20.0,""sample_sequence"":301,""timestamp_us"":10456981568},""fingers"":{""index"":{""has_data"":true,""last_update_ts"":1784119492.1475282,""mapped"":true},""middle"":{""has_data"":true,""last_update_ts"":1784119492.1475282,""mapped"":true},""pinky"":{""has_data"":true,""last_update_ts"":1784119492.1475282,""mapped"":true},""ring"":{""has_data"":true,""last_update_ts"":1784119492.1475282,""mapped"":true},""thumb"":{""has_data"":true,""last_update_ts"":1784119492.1475282,""mapped"":true}},""ports"":{""available"":[""BLE:Dexter""],""unavailable"":[]}}"
1784119492.2067904,1784119492.2066793,303,ble,"{""index"":{""age_s"":0.009160995483398438,""channels"":3,""force"":[-0.37734587732295033,-0.2755869027300015],""has_data"":true,""last_update_ts"":1784119492.1975183,""raw"":[17265,16480,17369]},""middle"":{""age_s"":0.009160995483398438,""channels"":3,""force"":[-0.013459470783494965,0.1681829436599971],""has_data"":true,""last_update_ts"":1784119492.1975183,""raw"":[15900,15872,15583]},""pinky"":{""age_s"":0.009160995483398438,""channels"":3,""force"":[-1.0238811703157715,-0.7493299470000006],""has_data"":true,""last_update_ts"":1784119492.1975183,""raw"":[17414,15284,17699]},""ring"":{""age_s"":0.009160995483398438,""channels"":3,""force"":[0.276399846446747,0.24949911938999936],""has_data"":true,""last_update_ts"":1784119492.1975183,""raw"":[15794,16369,15632]},""thumb"":{""age_s"":0.009160995483398438,""channels"":3,""force"":[0.0,-2.220446049250313e-16],""has_data"":true,""last_update_ts"":1784119492.1975183,""raw"":[0,0,0]}}","{""ble"":{""connection_state"":""connected"",""counter"":1041170,""finger_order"":""DexterController.Visualizer"",""last_error"":null,""last_sample_age_s"":0.009181475004879758,""reconnect_count"":0,""sample_hz"":20.0,""sample_sequence"":302,""timestamp_us"":10457038048},""fingers"":{""index"":{""has_data"":true,""last_update_ts"":1784119492.1975183,""mapped"":true},""middle"":{""has_data"":true,""last_update_ts"":1784119492.1975183,""mapped"":true},""pinky"":{""has_data"":true,""last_update_ts"":1784119492.1975183,""mapped"":true},""ring"":{""has_data"":true,""last_update_ts"":1784119492.1975183,""mapped"":true},""thumb"":{""has_data"":true,""last_update_ts"":1784119492.1975183,""mapped"":true}},""ports"":{""available"":[""BLE:Dexter""],""unavailable"":[]}}"
1784119492.256823,1784119492.2566872,304,ble,"{""index"":{""age_s"":0.009157896041870117,""channels"":3,""force"":[-0.3436972003642147,-0.245613704850002],""has_data"":true,""last_update_ts"":1784119492.2475293,""raw"":[17241,16526,17326]},""middle"":{""age_s"":0.009157896041870117,""channels"":3,""force"":[0.01634364309424363,0.20426179295999614],""has_data"":true,""last_update_ts"":1784119492.2475293,""raw"":[15865,15899,15514]},""pinky"":{""age_s"":0.009157896041870117,""channels"":3,""force"":[-0.5624136005959901,-0.508434245520001],""has_data"":true,""last_update_ts"":1784119492.2475293,""raw"":[17302,16132,17633]},""ring"":{""age_s"":0.009157896041870117,""channels"":3,""force"":[0.313413391101351,0.3452468348399975],""has_data"":true,""last_update_ts"":1784119492.2475293,""raw"":[15768,16420,15472]},""thumb"":{""age_s"":0.009157896041870117,""channels"":3,""force"":[0.0,-2.220446049250313e-16],""has_data"":true,""last_update_ts"":1784119492.2475293,""raw"":[0,0,0]}}","{""ble"":{""connection_state"":""connected"",""counter"":1041175,""finger_order"":""DexterController.Visualizer"",""last_error"":null,""last_sample_age_s"":0.009182588008116,""reconnect_count"":0,""sample_hz"":20.0,""sample_sequence"":303,""timestamp_us"":10457084992},""fingers"":{""index"":{""has_data"":true,""last_update_ts"":1784119492.2475293,""mapped"":true},""middle"":{""has_data"":true,""last_update_ts"":1784119492.2475293,""mapped"":true},""pinky"":{""has_data"":true,""last_update_ts"":1784119492.2475293,""mapped"":true},""ring"":{""has_data"":true,""last_update_ts"":1784119492.2475293,""mapped"":true},""thumb"":{""has_data"":true,""last_update_ts"":1784119492.2475293,""mapped"":true}},""ports"":{""available"":[""BLE:Dexter""],""unavailable"":[]}}"
1784119492.3068013,1784119492.3066716,305,ble,"{""index"":{""age_s"":0.009146928787231445,""channels"":3,""force"":[-0.35379180345183414,-0.2603227741799996],""has_data"":true,""last_update_ts"":1784119492.2975247,""raw"":[17273,16537,17374]},""middle"":{""age_s"":0.009146928787231445,""channels"":3,""force"":[0.04662745235710375,0.16401999950999802],""has_data"":true,""last_update_ts"":1784119492.2975247,""raw"":[15872,15969,15625]},""pinky"":{""age_s"":0.009146928787231445,""channels"":3,""force"":[-1.025323256471145,-0.7507175950500011],""has_data"":true,""last_update_ts"":1784119492.2975247,""raw"":[17418,15285,17704]},""ring"":{""age_s"":0.009146928787231445,""channels"":3,""force"":[0.2759191510616166,0.25366206353999665],""has_data"":true,""last_update_ts"":1784119492.2975247,""raw"":[15797,16371,15627]},""thumb"":{""age_s"":0.009146928787231445,""channels"":3,""force"":[0.0,-2.220446049250313e-16],""has_data"":true,""last_update_ts"":1784119492.2975247,""raw"":[0,0,0]}}","{""ble"":{""connection_state"":""connected"",""counter"":1041180,""finger_order"":""DexterController.Visualizer"",""last_error"":null,""last_sample_age_s"":0.009167383002932183,""reconnect_count"":0,""sample_hz"":20.0,""sample_sequence"":304,""timestamp_us"":10457132032},""fingers"":{""index"":{""has_data"":true,""last_update_ts"":1784119492.2975247,""mapped"":true},""middle"":{""has_data"":true,""last_update_ts"":1784119492.2975247,""mapped"":true},""pinky"":{""has_data"":true,""last_update_ts"":1784119492.2975247,""mapped"":true},""ring"":{""has_data"":true,""last_update_ts"":1784119492.2975247,""mapped"":true},""thumb"":{""has_data"":true,""last_update_ts"":1784119492.2975247,""mapped"":true}},""ports"":{""available"":[""BLE:Dexter""],""unavailable"":[]}}"
1784119492.356811,1784119492.356683,306,ble,"{""index"":{""age_s"":0.009153366088867188,""channels"":3,""force"":[-0.3172589541823534,-0.23479005006000175],""has_data"":true,""last_update_ts"":1784119492.3475296,""raw"":[17294,16634,17387]},""middle"":{""age_s"":0.009153366088867188,""channels"":3,""force"":[-0.07306569853896505,0.11600737697999897],""has_data"":true,""last_update_ts"":1784119492.3475296,""raw"":[16067,15915,15782]},""pinky"":{""age_s"":0.009153366088867188,""channels"":3,""force"":[-1.0258039518562718,-0.7404489994800008],""has_data"":true,""last_update_ts"":1784119492.3475296,""raw"":[17428,15294,17695]},""ring"":{""age_s"":0.009153366088867188,""channels"":3,""force"":[0.27880332337237057,0.25532724119999717],""has_data"":true,""last_update_ts"":1784119492.3475296,""raw"":[15798,16378,15628]},""thumb"":{""age_s"":0.009153366088867188,""channels"":3,""force"":[0.0,-2.220446049250313e-16],""has_data"":true,""last_update_ts"":1784119492.3475296,""raw"":[0,0,0]}}","{""ble"":{""connection_state"":""connected"",""counter"":1041186,""finger_order"":""DexterController.Visualizer"",""last_error"":null,""last_sample_age_s"":0.009173659011139534,""reconnect_count"":0,""sample_hz"":20.0,""sample_sequence"":305,""timestamp_us"":10457188608},""fingers"":{""index"":{""has_data"":true,""last_update_ts"":1784119492.3475296,""mapped"":true},""middle"":{""has_data"":true,""last_update_ts"":1784119492.3475296,""mapped"":true},""pinky"":{""has_data"":true,""last_update_ts"":1784119492.3475296,""mapped"":true},""ring"":{""has_data"":true,""last_update_ts"":1784119492.3475296,""mapped"":true},""thumb"":{""has_data"":true,""last_update_ts"":1784119492.3475296,""mapped"":true}},""ports"":{""available"":[""BLE:Dexter""],""unavailable"":[]}}"
1784119492.4068098,1784119492.4066815,307,ble,"{""index"":{""age_s"":0.00915670394897461,""channels"":3,""force"":[-0.26149828950787857,-0.16263235146000365],""has_data"":true,""last_update_ts"":1784119492.3975248,""raw"":[17351,16807,17372]},""middle"":{""age_s"":0.00915670394897461,""channels"":3,""force"":[-0.15045765554405577,-0.10407360374999985],""has_data"":true,""last_update_ts"":1784119492.3975248,""raw"":[16175,15862,16206]},""pinky"":{""age_s"":0.00915670394897461,""channels"":3,""force"":[-1.016670739538899,-0.7518277134900018],""has_data"":true,""last_update_ts"":1784119492.3975248,""raw"":[17407,15292,17704]},""ring"":{""age_s"":0.00915670394897461,""channels"":3,""force"":[0.2845716679938679,0.25088676743999816],""has_data"":true,""last_update_ts"":1784119492.3975248,""raw"":[15790,16382,15634]},""thumb"":{""age_s"":0.00915670394897461,""channels"":3,""force"":[0.0,-2.220446049250313e-16],""has_data"":true,""last_update_ts"":1784119492.3975248,""raw"":[0,0,0]}}","{""ble"":{""connection_state"":""connected"",""counter"":1041191,""finger_order"":""DexterController.Visualizer"",""last_error"":null,""last_sample_age_s"":0.009176995998132043,""reconnect_count"":0,""sample_hz"":20.0,""sample_sequence"":306,""timestamp_us"":10457235616},""fingers"":{""index"":{""has_data"":true,""last_update_ts"":1784119492.3975248,""mapped"":true},""middle"":{""has_data"":true,""last_update_ts"":1784119492.3975248,""mapped"":true},""pinky"":{""has_data"":true,""last_update_ts"":1784119492.3975248,""mapped"":true},""ring"":{""has_data"":true,""last_update_ts"":1784119492.3975248,""mapped"":true},""thumb"":{""has_data"":true,""last_update_ts"":1784119492.3975248,""mapped"":true}},""ports"":{""available"":[""BLE:Dexter""],""unavailable"":[]}}"
1784119492.456818,1784119492.456673,308,ble,"{""index"":{""age_s"":0.00914311408996582,""channels"":3,""force"":[-0.20189206175240493,-0.07104758016000101],""has_data"":true,""last_update_ts"":1784119492.4475298,""raw"":[17405,16985,17323]},""middle"":{""age_s"":0.00914311408996582,""channels"":3,""force"":[-0.14949626477380384,-0.19343813816999944],""has_data"":true,""last_update_ts"":1784119492.4475298,""raw"":[16231,15920,16424]},""pinky"":{""age_s"":0.00914311408996582,""channels"":3,""force"":[-1.0243618657008966,-0.7346208776700038],""has_data"":true,""last_update_ts"":1784119492.4475298,""raw"":[17426,15295,17684]},""ring"":{""age_s"":0.00914311408996582,""channels"":3,""force"":[0.2768805418318703,0.251996885879997],""has_data"":true,""last_update_ts"":1784119492.4475298,""raw"":[15799,16375,15633]},""thumb"":{""age_s"":0.00914311408996582,""channels"":3,""force"":[0.0,-2.220446049250313e-16],""has_data"":true,""last_update_ts"":1784119492.4475298,""raw"":[0,0,0]}}","{""ble"":{""connection_state"":""connected"",""counter"":1041196,""finger_order"":""DexterController.Visualizer"",""last_error"":null,""last_sample_age_s"":0.009166871997877024,""reconnect_count"":0,""sample_hz"":20.0,""sample_sequence"":307,""timestamp_us"":10457282528},""fingers"":{""index"":{""has_data"":true,""last_update_ts"":1784119492.4475298,""mapped"":true},""middle"":{""has_data"":true,""last_update_ts"":1784119492.4475298,""mapped"":true},""pinky"":{""has_data"":true,""last_update_ts"":1784119492.4475298,""mapped"":true},""ring"":{""has_data"":true,""last_update_ts"":1784119492.4475298,""mapped"":true},""thumb"":{""has_data"":true,""last_update_ts"":1784119492.4475298,""mapped"":true}},""ports"":{""available"":[""BLE:Dexter""],""unavailable"":[]}}"
1784119492.506956,1784119492.5066562,309,ble,"{""index"":{""age_s"":0.009131431579589844,""channels"":3,""force"":[-0.2802454095277458,-0.09408253779000031],""has_data"":true,""last_update_ts"":1784119492.4975247,""raw"":[17528,16945,17406]},""middle"":{""age_s"":0.009131431579589844,""channels"":3,""force"":[-0.19708510790115596,-0.2375653461600038],""has_data"":true,""last_update_ts"":1784119492.4975247,""raw"":[16342,15932,16565]},""pinky"":{""age_s"":0.009131431579589844,""channels"":3,""force"":[-1.0181128256942742,-0.7432242955800001],""has_data"":true,""last_update_ts"":1784119492.4975247,""raw"":[17416,15298,17696]},""ring"":{""age_s"":0.009131431579589844,""channels"":3,""force"":[0.27447706490624846,0.2483890009499996],""has_data"":true,""last_update_ts"":1784119492.4975247,""raw"":[15794,16365,15632]},""thumb"":{""age_s"":0.009131431579589844,""channels"":3,""force"":[0.0,-2.220446049250313e-16],""has_data"":true,""last_update_ts"":1784119492.4975247,""raw"":[0,0,0]}}","{""ble"":{""connection_state"":""connected"",""counter"":1041202,""finger_order"":""DexterController.Visualizer"",""last_error"":null,""last_sample_age_s"":0.00915120801073499,""reconnect_count"":0,""sample_hz"":20.0,""sample_sequence"":308,""timestamp_us"":10457338976},""fingers"":{""index"":{""has_data"":true,""last_update_ts"":1784119492.4975247,""mapped"":true},""middle"":{""has_data"":true,""last_update_ts"":1784119492.4975247,""mapped"":true},""pinky"":{""has_data"":true,""last_update_ts"":1784119492.4975247,""mapped"":true},""ring"":{""has_data"":true,""last_update_ts"":1784119492.4975247,""mapped"":true},""thumb"":{""has_data"":true,""last_update_ts"":1784119492.4975247,""mapped"":true}},""ports"":{""available"":[""BLE:Dexter""],""unavailable"":[]}}"
1784119492.5567963,1784119492.556679,310,ble,"{""index"":{""age_s"":0.009149789810180664,""channels"":3,""force"":[-0.16295573555729703,-0.09297241935000322],""has_data"":true,""last_update_ts"":1784119492.5475292,""raw"":[17436,17097,17434]},""middle"":{""age_s"":0.009149789810180664,""channels"":3,""force"":[-0.169204775563923,-0.29029597206],""has_data"":true,""last_update_ts"":1784119492.5475292,""raw"":[16353,16001,16700]},""pinky"":{""age_s"":0.009149789810180664,""channels"":3,""force"":[-1.0205163026198978,-0.7418366475300013],""has_data"":true,""last_update_ts"":1784119492.5475292,""raw"":[17419,15296,17694]},""ring"":{""age_s"":0.009149789810180664,""channels"":3,""force"":[0.2744770649062449,0.259490185349998],""has_data"":true,""last_update_ts"":1784119492.5475292,""raw"":[15804,16375,15622]},""thumb"":{""age_s"":0.009149789810180664,""channels"":3,""force"":[0.0,-2.220446049250313e-16],""has_data"":true,""last_update_ts"":1784119492.5475292,""raw"":[0,0,0]}}","{""ble"":{""connection_state"":""connected"",""counter"":1041207,""finger_order"":""DexterController.Visualizer"",""last_error"":null,""last_sample_age_s"":0.009170231001917273,""reconnect_count"":0,""sample_hz"":20.0,""sample_sequence"":309,""timestamp_us"":10457386016},""fingers"":{""index"":{""has_data"":true,""last_update_ts"":1784119492.5475292,""mapped"":true},""middle"":{""has_data"":true,""last_update_ts"":1784119492.5475292,""mapped"":true},""pinky"":{""has_data"":true,""last_update_ts"":1784119492.5475292,""mapped"":true},""ring"":{""has_data"":true,""last_update_ts"":1784119492.5475292,""mapped"":true},""thumb"":{""has_data"":true,""last_update_ts"":1784119492.5475292,""mapped"":true}},""ports"":{""available"":[""BLE:Dexter""],""unavailable"":[]}}"
1784119492.6068137,1784119492.6066844,311,ble,"{""index"":{""age_s"":0.00915980339050293,""channels"":3,""force"":[-0.23073378485989338,-0.13820974578000111],""has_data"":true,""last_update_ts"":1784119492.5975246,""raw"":[17517,17037,17526]},""middle"":{""age_s"":0.00915980339050293,""channels"":3,""force"":[-0.13892096630105755,-0.4149067669500024],""has_data"":true,""last_update_ts"":1784119492.5975246,""raw"":[16271,15982,16874]},""pinky"":{""age_s"":0.00915980339050293,""channels"":3,""force"":[-1.0195549118496494,-0.7473872397299992],""has_data"":true,""last_update_ts"":1784119492.5975246,""raw"":[17413,15292,17699]},""ring"":{""age_s"":0.00915980339050293,""channels"":3,""force"":[0.27399636952111805,0.2547721819799964],""has_data"":true,""last_update_ts"":1784119492.5975246,""raw"":[15801,16371,15627]},""thumb"":{""age_s"":0.00915980339050293,""channels"":3,""force"":[0.0,-2.220446049250313e-16],""has_data"":true,""last_update_ts"":1784119492.5975246,""raw"":[0,0,0]}}","{""ble"":{""connection_state"":""connected"",""counter"":1041212,""finger_order"":""DexterController.Visualizer"",""last_error"":null,""last_sample_age_s"":0.009181624991470017,""reconnect_count"":0,""sample_hz"":20.0,""sample_sequence"":310,""timestamp_us"":10457433056},""fingers"":{""index"":{""has_data"":true,""last_update_ts"":1784119492.5975246,""mapped"":true},""middle"":{""has_data"":true,""last_update_ts"":1784119492.5975246,""mapped"":true},""pinky"":{""has_data"":true,""last_update_ts"":1784119492.5975246,""mapped"":true},""ring"":{""has_data"":true,""last_update_ts"":1784119492.5975246,""mapped"":true},""thumb"":{""has_data"":true,""last_update_ts"":1784119492.5975246,""mapped"":true}},""ports"":{""available"":[""BLE:Dexter""],""unavailable"":[]}}"
1784119492.6570659,1784119492.656674,312,ble,"{""index"":{""age_s"":0.009144783020019531,""channels"":3,""force"":[-0.2172743140763984,-0.2658733663800037],""has_data"":true,""last_update_ts"":1784119492.6475291,""raw"":[17485,17033,17738]},""middle"":{""age_s"":0.009144783020019531,""channels"":3,""force"":[-0.1129634155043231,-0.6313798627500011],""has_data"":true,""last_update_ts"":1784119492.6475291,""raw"":[16189,15954,17209]},""pinky"":{""age_s"":0.009144783020019531,""channels"":3,""force"":[-1.0253232564711467,-0.7407265290900007],""has_data"":true,""last_update_ts"":1784119492.6475291,""raw"":[17421,15288,17689]},""ring"":{""age_s"":0.009144783020019531,""channels"":3,""force"":[0.271592892595498,0.25893512612999636],""has_data"":true,""last_update_ts"":1784119492.6475291,""raw"":[15804,16369,15620]},""thumb"":{""age_s"":0.009144783020019531,""channels"":3,""force"":[0.0,-2.220446049250313e-16],""has_data"":true,""last_update_ts"":1784119492.6475291,""raw"":[0,0,0]}}","{""ble"":{""connection_state"":""connected"",""counter"":1041217,""finger_order"":""DexterController.Visualizer"",""last_error"":null,""last_sample_age_s"":0.009167614000034519,""reconnect_count"":0,""sample_hz"":20.0,""sample_sequence"":311,""timestamp_us"":10457480128},""fingers"":{""index"":{""has_data"":true,""last_update_ts"":1784119492.6475291,""mapped"":true},""middle"":{""has_data"":true,""last_update_ts"":1784119492.6475291,""mapped"":true},""pinky"":{""has_data"":true,""last_update_ts"":1784119492.6475291,""mapped"":true},""ring"":{""has_data"":true,""last_update_ts"":1784119492.6475291,""mapped"":true},""thumb"":{""has_data"":true,""last_update_ts"":1784119492.6475291,""mapped"":true}},""ports"":{""available"":[""BLE:Dexter""],""unavailable"":[]}}"
1784119492.7067978,1784119492.706671,313,ble,"{""index"":{""age_s"":0.009145736694335938,""channels"":3,""force"":[-0.34225511420884125,-0.7004847356400044],""has_data"":true,""last_update_ts"":1784119492.6975253,""raw"":[17486,16774,18392]},""middle"":{""age_s"":0.009145736694335938,""channels"":3,""force"":[-0.010575298472742745,-0.970243516560001],""has_data"":true,""last_update_ts"":1784119492.6975253,""raw"":[15979,15957,17716]},""pinky"":{""age_s"":0.009145736694335938,""channels"":3,""force"":[-1.0320529918628925,-0.7401714698700026],""has_data"":true,""last_update_ts"":1784119492.6975253,""raw"":[17433,15286,17693]},""ring"":{""age_s"":0.009145736694335938,""channels"":3,""force"":[0.27303497875087146,0.24533617523999585],""has_data"":true,""last_update_ts"":1784119492.6975253,""raw"":[15799,16367,15641]},""thumb"":{""age_s"":0.009145736694335938,""channels"":3,""force"":[0.0,-2.220446049250313e-16],""has_data"":true,""last_update_ts"":1784119492.6975253,""raw"":[0,0,0]}}","{""ble"":{""connection_state"":""connected"",""counter"":1041223,""finger_order"":""DexterController.Visualizer"",""last_error"":null,""last_sample_age_s"":0.00916493900876958,""reconnect_count"":0,""sample_hz"":20.0,""sample_sequence"":312,""timestamp_us"":10457536704},""fingers"":{""index"":{""has_data"":true,""last_update_ts"":1784119492.6975253,""mapped"":true},""middle"":{""has_data"":true,""last_update_ts"":1784119492.6975253,""mapped"":true},""pinky"":{""has_data"":true,""last_update_ts"":1784119492.6975253,""mapped"":true},""ring"":{""has_data"":true,""last_update_ts"":1784119492.6975253,""mapped"":true},""thumb"":{""has_data"":true,""last_update_ts"":1784119492.6975253,""mapped"":true}},""ports"":{""available"":[""BLE:Dexter""],""unavailable"":[]}}"
1784119492.7567997,1784119492.7566824,314,ble,"{""index"":{""age_s"":0.009152889251708984,""channels"":3,""force"":[-0.5975043637100939,-0.5175927226500034],""has_data"":true,""last_update_ts"":1784119492.7475295,""raw"":[17982,16739,18293]},""middle"":{""age_s"":0.009152889251708984,""channels"":3,""force"":[-0.034610067728984006,-0.3280399990200005],""has_data"":true,""last_update_ts"":1784119492.7475295,""raw"":[16546,16474,17101]},""pinky"":{""age_s"":0.009152889251708984,""channels"":3,""force"":[-1.0181128256942742,-0.6932689657800024],""has_data"":true,""last_update_ts"":1784119492.7475295,""raw"":[17449,15331,17639]},""ring"":{""age_s"":0.009152889251708984,""channels"":3,""force"":[0.2807261049128691,0.30472751177999857],""has_data"":true,""last_update_ts"":1784119492.7475295,""raw"":[15829,16413,15572]},""thumb"":{""age_s"":0.009152889251708984,""channels"":3,""force"":[0.0,-2.220446049250313e-16],""has_data"":true,""last_update_ts"":1784119492.7475295,""raw"":[0,0,0]}}","{""ble"":{""connection_state"":""connected"",""counter"":1041228,""finger_order"":""DexterController.Visualizer"",""last_error"":null,""last_sample_age_s"":0.009173297003144398,""reconnect_count"":0,""sample_hz"":20.0,""sample_sequence"":313,""timestamp_us"":10457583744},""fingers"":{""index"":{""has_data"":true,""last_update_ts"":1784119492.7475295,""mapped"":true},""middle"":{""has_data"":true,""last_update_ts"":1784119492.7475295,""mapped"":true},""pinky"":{""has_data"":true,""last_update_ts"":1784119492.7475295,""mapped"":true},""ring"":{""has_data"":true,""last_update_ts"":1784119492.7475295,""mapped"":true},""thumb"":{""has_data"":true,""last_update_ts"":1784119492.7475295,""mapped"":true}},""ports"":{""available"":[""BLE:Dexter""],""unavailable"":[]}}"
1784119492.8068495,1784119492.8067322,315,ble,"{""index"":{""age_s"":0.009215116500854492,""channels"":3,""force"":[-0.6499001606886967,-0.36245367066000256],""has_data"":true,""last_update_ts"":1784119492.797517,""raw"":[18162,16810,18139]},""middle"":{""age_s"":0.009215116500854492,""channels"":3,""force"":[-0.37830726809319515,-0.4354439580899996],""has_data"":true,""last_update_ts"":1784119492.797517,""raw"":[16880,16093,17271]},""pinky"":{""age_s"":0.009215116500854492,""channels"":3,""force"":[-1.0109023949174034,-0.7507175950500002],""has_data"":true,""last_update_ts"":1784119492.797517,""raw"":[17401,15298,17702]},""ring"":{""age_s"":0.009215116500854492,""channels"":3,""force"":[0.27591915106161835,0.271423958579998],""has_data"":true,""last_update_ts"":1784119492.797517,""raw"":[15809,16383,15607]},""thumb"":{""age_s"":0.009215116500854492,""channels"":3,""force"":[0.0,-2.220446049250313e-16],""has_data"":true,""last_update_ts"":1784119492.797517,""raw"":[0,0,0]}}","{""ble"":{""connection_state"":""connected"",""counter"":1041233,""finger_order"":""DexterController.Visualizer"",""last_error"":null,""last_sample_age_s"":0.009236440004315227,""reconnect_count"":0,""sample_hz"":20.0,""sample_sequence"":314,""timestamp_us"":10457630720},""fingers"":{""index"":{""has_data"":true,""last_update_ts"":1784119492.797517,""mapped"":true},""middle"":{""has_data"":true,""last_update_ts"":1784119492.797517,""mapped"":true},""pinky"":{""has_data"":true,""last_update_ts"":1784119492.797517,""mapped"":true},""ring"":{""has_data"":true,""last_update_ts"":1784119492.797517,""mapped"":true},""thumb"":{""has_data"":true,""last_update_ts"":1784119492.797517,""mapped"":true}},""ports"":{""available"":[""BLE:Dexter""],""unavailable"":[]}}"
1784119492.8569396,1784119492.8567302,316,ble,"{""index"":{""age_s"":0.009134292602539062,""channels"":3,""force"":[-0.9162054040478225,-0.46069915260000105],""has_data"":true,""last_update_ts"":1784119492.847596,""raw"":[18497,16591,18374]},""middle"":{""age_s"":0.009134292602539062,""channels"":3,""force"":[-0.19516232636065922,-0.731012992740002],""has_data"":true,""last_update_ts"":1784119492.847596,""raw"":[16672,16266,17786]},""pinky"":{""age_s"":0.009134292602539062,""channels"":3,""force"":[-0.4177242896734281,-0.4409945502900028],""has_data"":true,""last_update_ts"":1784119492.847596,""raw"":[17255,16386,17615]},""ring"":{""age_s"":0.009134292602539062,""channels"":3,""force"":[0.2908207080004903,0.3877088651699969],""has_data"":true,""last_update_ts"":1784119492.847596,""raw"":[15786,16391,15390]},""thumb"":{""age_s"":0.009134292602539062,""channels"":3,""force"":[0.0,-2.220446049250313e-16],""has_data"":true,""last_update_ts"":1784119492.847596,""raw"":[0,0,0]}}","{""ble"":{""connection_state"":""connected"",""counter"":1041239,""finger_order"":""DexterController.Visualizer"",""last_error"":null,""last_sample_age_s"":0.00917066000693012,""reconnect_count"":0,""sample_hz"":20.0,""sample_sequence"":315,""timestamp_us"":10457687264},""fingers"":{""index"":{""has_data"":true,""last_update_ts"":1784119492.847596,""mapped"":true},""middle"":{""has_data"":true,""last_update_ts"":1784119492.847596,""mapped"":true},""pinky"":{""has_data"":true,""last_update_ts"":1784119492.847596,""mapped"":true},""ring"":{""has_data"":true,""last_update_ts"":1784119492.847596,""mapped"":true},""thumb"":{""has_data"":true,""last_update_ts"":1784119492.847596,""mapped"":true}},""ports"":{""available"":[""BLE:Dexter""],""unavailable"":[]}}"
1784119492.9068356,1784119492.9066875,317,ble,"{""index"":{""age_s"":0.009162425994873047,""channels"":3,""force"":[-0.8056454654691247,-0.8431349551800009],""has_data"":true,""last_update_ts"":1784119492.897525,""raw"":[18135,16459,18816]},""middle"":{""age_s"":0.009162425994873047,""channels"":3,""force"":[-0.06970083084309486,-1.0715418242100032],""has_data"":true,""last_update_ts"":1784119492.897525,""raw"":[16487,16342,18345]},""pinky"":{""age_s"":0.009162425994873047,""channels"":3,""force"":[-1.0046533549107828,-0.7526603023200016],""has_data"":true,""last_update_ts"":1784119492.897525,""raw"":[17393,15303,17704]},""ring"":{""age_s"":0.009162425994873047,""channels"":3,""force"":[0.26967011105499594,0.251164297049999],""has_data"":true,""last_update_ts"":1784119492.897525,""raw"":[15805,16366,15633]},""thumb"":{""age_s"":0.009162425994873047,""channels"":3,""force"":[0.0,-2.220446049250313e-16],""has_data"":true,""last_update_ts"":1784119492.897525,""raw"":[0,0,0]}}","{""ble"":{""connection_state"":""connected"",""counter"":1041244,""finger_order"":""DexterController.Visualizer"",""last_error"":null,""last_sample_age_s"":0.009189854012220167,""reconnect_count"":0,""sample_hz"":20.0,""sample_sequence"":316,""timestamp_us"":10457734240},""fingers"":{""index"":{""has_data"":true,""last_update_ts"":1784119492.897525,""mapped"":true},""middle"":{""has_data"":true,""last_update_ts"":1784119492.897525,""mapped"":true},""pinky"":{""has_data"":true,""last_update_ts"":1784119492.897525,""mapped"":true},""ring"":{""has_data"":true,""last_update_ts"":1784119492.897525,""mapped"":true},""thumb"":{""has_data"":true,""last_update_ts"":1784119492.897525,""mapped"":true}},""ports"":{""available"":[""BLE:Dexter""],""unavailable"":[]}}"
1784119493.0068624,1784119493.0066547,318,ble,"{""index"":{""age_s"":0.009139299392700195,""channels"":3,""force"":[-0.7806493054426351,-0.8542361395800002],""has_data"":true,""last_update_ts"":1784119492.9975154,""raw"":[18119,16495,18846]},""middle"":{""age_s"":0.009139299392700195,""channels"":3,""force"":[-0.05095371082322586,-1.1228848020600006],""has_data"":true,""last_update_ts"":1784119492.9975154,""raw"":[16409,16303,18379]},""pinky"":{""age_s"":0.009139299392700195,""channels"":3,""force"":[-1.0277267333967703,-0.7387838218200011],""has_data"":true,""last_update_ts"":1784119492.9975154,""raw"":[17430,15292,17692]},""ring"":{""age_s"":0.009139299392700195,""channels"":3,""force"":[0.2807261049128673,0.24755641211999624],""has_data"":true,""last_update_ts"":1784119492.9975154,""raw"":[15787,16371,15633]},""thumb"":{""age_s"":0.009139299392700195,""channels"":3,""force"":[0.0,-2.220446049250313e-16],""has_data"":true,""last_update_ts"":1784119492.9975154,""raw"":[0,0,0]}}","{""ble"":{""connection_state"":""connected"",""counter"":1041245,""finger_order"":""DexterController.Visualizer"",""last_error"":null,""last_sample_age_s"":0.009168152013444342,""reconnect_count"":0,""sample_hz"":20.0,""sample_sequence"":317,""timestamp_us"":10457743616},""fingers"":{""index"":{""has_data"":true,""last_update_ts"":1784119492.9975154,""mapped"":true},""middle"":{""has_data"":true,""last_update_ts"":1784119492.9975154,""mapped"":true},""pinky"":{""has_data"":true,""last_update_ts"":1784119492.9975154,""mapped"":true},""ring"":{""has_data"":true,""last_update_ts"":1784119492.9975154,""mapped"":true},""thumb"":{""has_data"":true,""last_update_ts"":1784119492.9975154,""mapped"":true}},""ports"":{""available"":[""BLE:Dexter""],""unavailable"":[]}}"
1784119493.0567958,1784119493.0566702,319,ble,"{""index"":{""age_s"":0.009140729904174805,""channels"":3,""force"":[-0.29706974800710917,-0.5800368849000037],""has_data"":true,""last_update_ts"":1784119493.0475295,""raw"":[17769,17151,18505]},""middle"":{""age_s"":0.009140729904174805,""channels"":3,""force"":[-0.857560567062599,-1.3648906219800017],""has_data"":true,""last_update_ts"":1784119493.0475295,""raw"":[17212,15428,18779]},""pinky"":{""age_s"":0.009140729904174805,""channels"":3,""force"":[-0.5595294282852379,-0.5117646008400021],""has_data"":true,""last_update_ts"":1784119493.0475295,""raw"":[17298,16134,17638]},""ring"":{""age_s"":0.009140729904174805,""channels"":3,""force"":[0.30139600647323483,0.34718954210999886],""has_data"":true,""last_update_ts"":1784119493.0475295,""raw"":[15769,16396,15457]},""thumb"":{""age_s"":0.009140729904174805,""channels"":3,""force"":[0.0,-2.220446049250313e-16],""has_data"":true,""last_update_ts"":1784119493.0475295,""raw"":[0,0,0]}}","{""ble"":{""connection_state"":""connected"",""counter"":1041250,""finger_order"":""DexterController.Visualizer"",""last_error"":null,""last_sample_age_s"":0.00915956600510981,""reconnect_count"":0,""sample_hz"":20.0,""sample_sequence"":318,""timestamp_us"":10457885440},""fingers"":{""index"":{""has_data"":true,""last_update_ts"":1784119493.0475295,""mapped"":true},""middle"":{""has_data"":true,""last_update_ts"":1784119493.0475295,""mapped"":true},""pinky"":{""has_data"":true,""last_update_ts"":1784119493.0475295,""mapped"":true},""ring"":{""has_data"":true,""last_update_ts"":1784119493.0475295,""mapped"":true},""thumb"":{""has_data"":true,""last_update_ts"":1784119493.0475295,""mapped"":true}},""ports"":{""available"":[""BLE:Dexter""],""unavailable"":[]}}"
1784119493.1068106,1784119493.106685,320,ble,"{""index"":{""age_s"":0.009169578552246094,""channels"":3,""force"":[-0.262940375663252,-0.814549405350002],""has_data"":true,""last_update_ts"":1784119493.0975153,""raw"":[17439,16892,18633]},""middle"":{""age_s"":0.009169578552246094,""channels"":3,""force"":[-1.0272460380116453,-1.2641473735500028],""has_data"":true,""last_update_ts"":1784119493.0975153,""raw"":[17387,15250,18596]},""pinky"":{""age_s"":0.009169578552246094,""channels"":3,""force"":[-1.02580395185627,-0.7454445324600005],""has_data"":true,""last_update_ts"":1784119493.0975153,""raw"":[17419,15285,17695]},""ring"":{""age_s"":0.009169578552246094,""channels"":3,""force"":[0.2744770649062467,0.25393959314999837],""has_data"":true,""last_update_ts"":1784119493.0975153,""raw"":[15798,16369,15626]},""thumb"":{""age_s"":0.009169578552246094,""channels"":3,""force"":[0.0,-2.220446049250313e-16],""has_data"":true,""last_update_ts"":1784119493.0975153,""raw"":[0,0,0]}}","{""ble"":{""connection_state"":""connected"",""counter"":1041255,""finger_order"":""DexterController.Visualizer"",""last_error"":null,""last_sample_age_s"":0.009195035992888734,""reconnect_count"":0,""sample_hz"":20.0,""sample_sequence"":319,""timestamp_us"":10457932512},""fingers"":{""index"":{""has_data"":true,""last_update_ts"":1784119493.0975153,""mapped"":true},""middle"":{""has_data"":true,""last_update_ts"":1784119493.0975153,""mapped"":true},""pinky"":{""has_data"":true,""last_update_ts"":1784119493.0975153,""mapped"":true},""ring"":{""has_data"":true,""last_update_ts"":1784119493.0975153,""mapped"":true},""thumb"":{""has_data"":true,""last_update_ts"":1784119493.0975153,""mapped"":true}},""ports"":{""available"":[""BLE:Dexter""],""unavailable"":[]}}"
1784119493.156808,1784119493.156681,321,ble,"{""index"":{""age_s"":0.009151935577392578,""channels"":3,""force"":[-0.21342875099540137,-1.0634934655200032],""has_data"":true,""last_update_ts"":1784119493.1475291,""raw"":[16963,16519,18657]},""middle"":{""age_s"":0.009151935577392578,""channels"":3,""force"":[-0.7248886407681621,-0.5617199306400025],""has_data"":true,""last_update_ts"":1784119493.1475291,""raw"":[17184,15676,17442]},""pinky"":{""age_s"":0.009151935577392578,""channels"":3,""force"":[-1.022439084160398,-0.7429467659700002],""has_data"":true,""last_update_ts"":1784119493.1475291,""raw"":[17420,15293,17695]},""ring"":{""age_s"":0.009151935577392578,""channels"":3,""force"":[0.27928401875749387,0.2533845339299967],""has_data"":true,""last_update_ts"":1784119493.1475291,""raw"":[15793,16374,15627]},""thumb"":{""age_s"":0.009151935577392578,""channels"":3,""force"":[0.0,-2.220446049250313e-16],""has_data"":true,""last_update_ts"":1784119493.1475291,""raw"":[0,0,0]}}","{""ble"":{""connection_state"":""connected"",""counter"":1041261,""finger_order"":""DexterController.Visualizer"",""last_error"":null,""last_sample_age_s"":0.009172744990792125,""reconnect_count"":0,""sample_hz"":20.0,""sample_sequence"":320,""timestamp_us"":10457988992},""fingers"":{""index"":{""has_data"":true,""last_update_ts"":1784119493.1475291,""mapped"":true},""middle"":{""has_data"":true,""last_update_ts"":1784119493.1475291,""mapped"":true},""pinky"":{""has_data"":true,""last_update_ts"":1784119493.1475291,""mapped"":true},""ring"":{""has_data"":true,""last_update_ts"":1784119493.1475291,""mapped"":true},""thumb"":{""has_data"":true,""last_update_ts"":1784119493.1475291,""mapped"":true}},""ports"":{""available"":[""BLE:Dexter""],""unavailable"":[]}}"
1784119493.2068074,1784119493.2066813,322,ble,"{""index"":{""age_s"":0.009163141250610352,""channels"":3,""force"":[-0.5393402221099972,-0.862006968660002],""has_data"":true,""last_update_ts"":1784119493.197518,""raw"":[17300,16178,18292]},""middle"":{""age_s"":0.009163141250610352,""channels"":3,""force"":[-0.297550443392236,0.20731461866999723],""has_data"":true,""last_update_ts"":1784119493.197518,""raw"":[16890,16271,16207]},""pinky"":{""age_s"":0.009163141250610352,""channels"":3,""force"":[-1.0219583887752712,-0.7459995916800022],""has_data"":true,""last_update_ts"":1784119493.197518,""raw"":[17419,15293,17700]},""ring"":{""age_s"":0.009163141250610352,""channels"":3,""force"":[0.2768805418318703,0.2547721819799982],""has_data"":true,""last_update_ts"":1784119493.197518,""raw"":[15796,16372,15625]},""thumb"":{""age_s"":0.009163141250610352,""channels"":3,""force"":[0.0,-2.220446049250313e-16],""has_data"":true,""last_update_ts"":1784119493.197518,""raw"":[0,0,0]}}","{""ble"":{""connection_state"":""connected"",""counter"":1041266,""finger_order"":""DexterController.Visualizer"",""last_error"":null,""last_sample_age_s"":0.009184110997011885,""reconnect_count"":0,""sample_hz"":20.0,""sample_sequence"":321,""timestamp_us"":10458036064},""fingers"":{""index"":{""has_data"":true,""last_update_ts"":1784119493.197518,""mapped"":true},""middle"":{""has_data"":true,""last_update_ts"":1784119493.197518,""mapped"":true},""pinky"":{""has_data"":true,""last_update_ts"":1784119493.197518,""mapped"":true},""ring"":{""has_data"":true,""last_update_ts"":1784119493.197518,""mapped"":true},""thumb"":{""has_data"":true,""last_update_ts"":1784119493.197518,""mapped"":true}},""ports"":{""available"":[""BLE:Dexter""],""unavailable"":[]}}"
1784119493.2569225,1784119493.2567713,323,ble,"{""index"":{""age_s"":0.00924229621887207,""channels"":3,""force"":[-0.7686319208145171,-0.5625525194700005],""has_data"":true,""last_update_ts"":1784119493.247529,""raw"":[17698,16099,17912]},""middle"":{""age_s"":0.00924229621887207,""channels"":3,""force"":[-0.19900788944165804,0.47457563309999884],""has_data"":true,""last_update_ts"":1784119493.247529,""raw"":[16656,16242,15594]},""pinky"":{""age_s"":0.00924229621887207,""channels"":3,""force"":[-1.0229197795455232,-0.7443344140200017],""has_data"":true,""last_update_ts"":1784119493.247529,""raw"":[17420,15292,17697]},""ring"":{""age_s"":0.00924229621887207,""channels"":3,""force"":[0.27495776029137176,0.2569924188599977],""has_data"":true,""last_update_ts"":1784119493.247529,""raw"":[15800,16372,15623]},""thumb"":{""age_s"":0.00924229621887207,""channels"":3,""force"":[0.0,-2.220446049250313e-16],""has_data"":true,""last_update_ts"":1784119493.247529,""raw"":[0,0,0]}}","{""ble"":{""connection_state"":""connected"",""counter"":1041271,""finger_order"":""DexterController.Visualizer"",""last_error"":null,""last_sample_age_s"":0.00927213000250049,""reconnect_count"":0,""sample_hz"":20.0,""sample_sequence"":322,""timestamp_us"":10458083072},""fingers"":{""index"":{""has_data"":true,""last_update_ts"":1784119493.247529,""mapped"":true},""middle"":{""has_data"":true,""last_update_ts"":1784119493.247529,""mapped"":true},""pinky"":{""has_data"":true,""last_update_ts"":1784119493.247529,""mapped"":true},""ring"":{""has_data"":true,""last_update_ts"":1784119493.247529,""mapped"":true},""thumb"":{""has_data"":true,""last_update_ts"":1784119493.247529,""mapped"":true}},""ports"":{""available"":[""BLE:Dexter""],""unavailable"":[]}}"
1784119493.3068833,1784119493.3066812,324,ble,"{""index"":{""age_s"":0.009163618087768555,""channels"":3,""force"":[-0.5960622775547222,-0.42628548096000163],""has_data"":true,""last_update_ts"":1784119493.2975175,""raw"":[17595,16355,17743]},""middle"":{""age_s"":0.009163618087768555,""channels"":3,""force"":[-0.10767576626794906,0.3519075454799987],""has_data"":true,""last_update_ts"":1784119493.2975175,""raw"":[16304,16080,15558]},""pinky"":{""age_s"":0.009163618087768555,""channels"":3,""force"":[-1.0243618657008966,-0.7473872397299992],""has_data"":true,""last_update_ts"":1784119493.2975175,""raw"":[17422,15291,17703]},""ring"":{""age_s"":0.009163618087768555,""channels"":3,""force"":[0.27543845567649683,0.24838900094999783],""has_data"":true,""last_update_ts"":1784119493.2975175,""raw"":[15790,16363,15629]},""thumb"":{""age_s"":0.009163618087768555,""channels"":3,""force"":[0.0,-2.220446049250313e-16],""has_data"":true,""last_update_ts"":1784119493.2975175,""raw"":[0,0,0]}}","{""ble"":{""connection_state"":""connected"",""counter"":1041277,""finger_order"":""DexterController.Visualizer"",""last_error"":null,""last_sample_age_s"":0.00918436200299766,""reconnect_count"":0,""sample_hz"":20.0,""sample_sequence"":323,""timestamp_us"":10458139424},""fingers"":{""index"":{""has_data"":true,""last_update_ts"":1784119493.2975175,""mapped"":true},""middle"":{""has_data"":true,""last_update_ts"":1784119493.2975175,""mapped"":true},""pinky"":{""has_data"":true,""last_update_ts"":1784119493.2975175,""mapped"":true},""ring"":{""has_data"":true,""last_update_ts"":1784119493.2975175,""mapped"":true},""thumb"":{""has_data"":true,""last_update_ts"":1784119493.2975175,""mapped"":true}},""ports"":{""available"":[""BLE:Dexter""],""unavailable"":[]}}"
1784119493.3568008,1784119493.356682,325,ble,"{""index"":{""age_s"":0.009119987487792969,""channels"":3,""force"":[-0.37253892347170137,-0.44487996483000014],""has_data"":true,""last_update_ts"":1784119493.347562,""raw"":[17301,16526,17715]},""middle"":{""age_s"":0.009119987487792969,""channels"":3,""force"":[-0.055760664674474825,0.37633015115999857],""has_data"":true,""last_update_ts"":1784119493.347562,""raw"":[16192,16076,15456]},""pinky"":{""age_s"":0.009119987487792969,""channels"":3,""force"":[-0.5407823082653689,-0.5059364790299998],""has_data"":true,""last_update_ts"":1784119493.347562,""raw"":[17292,16167,17641]},""ring"":{""age_s"":0.009119987487792969,""channels"":3,""force"":[0.3028380926286083,0.35523790079999884],""has_data"":true,""last_update_ts"":1784119493.347562,""raw"":[15772,16402,15447]},""thumb"":{""age_s"":0.009119987487792969,""channels"":3,""force"":[0.0,-2.220446049250313e-16],""has_data"":true,""last_update_ts"":1784119493.347562,""raw"":[0,0,0]}}","{""ble"":{""connection_state"":""connected"",""counter"":1041282,""finger_order"":""DexterController.Visualizer"",""last_error"":null,""last_sample_age_s"":0.009140544003457762,""reconnect_count"":0,""sample_hz"":20.0,""sample_sequence"":324,""timestamp_us"":10458186464},""fingers"":{""index"":{""has_data"":true,""last_update_ts"":1784119493.347562,""mapped"":true},""middle"":{""has_data"":true,""last_update_ts"":1784119493.347562,""mapped"":true},""pinky"":{""has_data"":true,""last_update_ts"":1784119493.347562,""mapped"":true},""ring"":{""has_data"":true,""last_update_ts"":1784119493.347562,""mapped"":true},""thumb"":{""has_data"":true,""last_update_ts"":1784119493.347562,""mapped"":true}},""ports"":{""available"":[""BLE:Dexter""],""unavailable"":[]}}"
1784119493.4068193,1784119493.4066856,326,ble,"{""index"":{""age_s"":0.009169340133666992,""channels"":3,""force"":[-0.28793653568974165,-0.39270439815000113],""has_data"":true,""last_update_ts"":1784119493.3975163,""raw"":[17247,16648,17655]},""middle"":{""age_s"":0.009169340133666992,""channels"":3,""force"":[-0.06777804930259279,0.3599559041699987],""has_data"":true,""last_update_ts"":1784119493.3975163,""raw"":[16206,16065,15487]},""pinky"":{""age_s"":0.009169340133666992,""channels"":3,""force"":[-1.0258039518562736,-0.7454445324600023],""has_data"":true,""last_update_ts"":1784119493.3975163,""raw"":[17425,15291,17701]},""ring"":{""age_s"":0.009169340133666992,""channels"":3,""force"":[0.2759191510616219,0.25366206353999843],""has_data"":true,""last_update_ts"":1784119493.3975163,""raw"":[15796,16370,15626]},""thumb"":{""age_s"":0.009169340133666992,""channels"":3,""force"":[0.0,-2.220446049250313e-16],""has_data"":true,""last_update_ts"":1784119493.3975163,""raw"":[0,0,0]}}","{""ble"":{""connection_state"":""connected"",""counter"":1041287,""finger_order"":""DexterController.Visualizer"",""last_error"":null,""last_sample_age_s"":0.009194776008371264,""reconnect_count"":0,""sample_hz"":20.0,""sample_sequence"":325,""timestamp_us"":10458233568},""fingers"":{""index"":{""has_data"":true,""last_update_ts"":1784119493.3975163,""mapped"":true},""middle"":{""has_data"":true,""last_update_ts"":1784119493.3975163,""mapped"":true},""pinky"":{""has_data"":true,""last_update_ts"":1784119493.3975163,""mapped"":true},""ring"":{""has_data"":true,""last_update_ts"":1784119493.3975163,""mapped"":true},""thumb"":{""has_data"":true,""last_update_ts"":1784119493.3975163,""mapped"":true}},""ports"":{""available"":[""BLE:Dexter""],""unavailable"":[]}}"
1784119493.5068195,1784119493.5066857,327,ble,"{""index"":{""age_s"":0.00917196273803711,""channels"":3,""force"":[-0.3331219018914684,-0.2850229094700003],""has_data"":true,""last_update_ts"":1784119493.4975138,""raw"":[17340,16647,17507]},""middle"":{""age_s"":0.00917196273803711,""channels"":3,""force"":[-0.18506772327303622,0.3482996605499986],""has_data"":true,""last_update_ts"":1784119493.4975138,""raw"":[16300,15915,15480]},""pinky"":{""age_s"":0.00917196273803711,""channels"":3,""force"":[-1.020996998005021,-0.7459995916800031],""has_data"":true,""last_update_ts"":1784119493.4975138,""raw"":[17415,15291,17697]},""ring"":{""age_s"":0.00917196273803711,""channels"":3,""force"":[0.2720735879806231,0.25255194509999956],""has_data"":true,""last_update_ts"":1784119493.4975138,""raw"":[15802,16368,15630]},""thumb"":{""age_s"":0.00917196273803711,""channels"":3,""force"":[0.0,-2.220446049250313e-16],""has_data"":true,""last_update_ts"":1784119493.4975138,""raw"":[0,0,0]}}","{""ble"":{""connection_state"":""connected"",""counter"":1041300,""finger_order"":""DexterController.Visualizer"",""last_error"":null,""last_sample_age_s"":0.00919720099773258,""reconnect_count"":0,""sample_hz"":20.0,""sample_sequence"":326,""timestamp_us"":10458356320},""fingers"":{""index"":{""has_data"":true,""last_update_ts"":1784119493.4975138,""mapped"":true},""middle"":{""has_data"":true,""last_update_ts"":1784119493.4975138,""mapped"":true},""pinky"":{""has_data"":true,""last_update_ts"":1784119493.4975138,""mapped"":true},""ring"":{""has_data"":true,""last_update_ts"":1784119493.4975138,""mapped"":true},""thumb"":{""has_data"":true,""last_update_ts"":1784119493.4975138,""mapped"":true}},""ports"":{""available"":[""BLE:Dexter""],""unavailable"":[]}}"
1784119493.5568185,1784119493.5566857,328,ble,"{""index"":{""age_s"":0.009155750274658203,""channels"":3,""force"":[-0.3220659080336006,-0.29140609050000155],""has_data"":true,""last_update_ts"":1784119493.54753,""raw"":[17318,16648,17508]},""middle"":{""age_s"":0.009155750274658203,""channels"":3,""force"":[-0.18699050481353652,0.34052883146999946],""has_data"":true,""last_update_ts"":1784119493.54753,""raw"":[16296,15907,15488]},""pinky"":{""age_s"":0.009155750274658203,""channels"":3,""force"":[-1.0253232564711467,-0.7423917067500003],""has_data"":true,""last_update_ts"":1784119493.54753,""raw"":[17424,15291,17695]},""ring"":{""age_s"":0.009155750274658203,""channels"":3,""force"":[0.2744770649062467,0.251164297049999],""has_data"":true,""last_update_ts"":1784119493.54753,""raw"":[15798,16369,15631]},""thumb"":{""age_s"":0.009155750274658203,""channels"":3,""force"":[0.0,-2.220446049250313e-16],""has_data"":true,""last_update_ts"":1784119493.54753,""raw"":[0,0,0]}}","{""ble"":{""connection_state"":""connected"",""counter"":1041302,""finger_order"":""DexterController.Visualizer"",""last_error"":null,""last_sample_age_s"":0.00918035299400799,""reconnect_count"":0,""sample_hz"":20.0,""sample_sequence"":327,""timestamp_us"":10458374976},""fingers"":{""index"":{""has_data"":true,""last_update_ts"":1784119493.54753,""mapped"":true},""middle"":{""has_data"":true,""last_update_ts"":1784119493.54753,""mapped"":true},""pinky"":{""has_data"":true,""last_update_ts"":1784119493.54753,""mapped"":true},""ring"":{""has_data"":true,""last_update_ts"":1784119493.54753,""mapped"":true},""thumb"":{""has_data"":true,""last_update_ts"":1784119493.54753,""mapped"":true}},""ports"":{""available"":[""BLE:Dexter""],""unavailable"":[]}}"
1784119493.6068187,1784119493.6066835,329,ble,"{""index"":{""age_s"":0.009153366088867188,""channels"":3,""force"":[-0.2898593172302384,-0.29556903464999973],""has_data"":true,""last_update_ts"":1784119493.5975301,""raw"":[17275,16672,17506]},""middle"":{""age_s"":0.009153366088867188,""channels"":3,""force"":[-0.19852719405653296,0.33664341692999855],""has_data"":true,""last_update_ts"":1784119493.5975301,""raw"":[16310,15897,15497]},""pinky"":{""age_s"":0.009153366088867188,""channels"":3,""force"":[-1.0229197795455214,-0.7459995916800004],""has_data"":true,""last_update_ts"":1784119493.5975301,""raw"":[17416,15288,17696]},""ring"":{""age_s"":0.009153366088867188,""channels"":3,""force"":[0.27399636952111805,0.25144182665999715],""has_data"":true,""last_update_ts"":1784119493.5975301,""raw"":[15797,16367,15629]},""thumb"":{""age_s"":0.009153366088867188,""channels"":3,""force"":[0.0,-2.220446049250313e-16],""has_data"":true,""last_update_ts"":1784119493.5975301,""raw"":[0,0,0]}}","{""ble"":{""connection_state"":""connected"",""counter"":1041309,""finger_order"":""DexterController.Visualizer"",""last_error"":null,""last_sample_age_s"":0.009179259999655187,""reconnect_count"":0,""sample_hz"":20.0,""sample_sequence"":328,""timestamp_us"":10458441024},""fingers"":{""index"":{""has_data"":true,""last_update_ts"":1784119493.5975301,""mapped"":true},""middle"":{""has_data"":true,""last_update_ts"":1784119493.5975301,""mapped"":true},""pinky"":{""has_data"":true,""last_update_ts"":1784119493.5975301,""mapped"":true},""ring"":{""has_data"":true,""last_update_ts"":1784119493.5975301,""mapped"":true},""thumb"":{""has_data"":true,""last_update_ts"":1784119493.5975301,""mapped"":true}},""ports"":{""available"":[""BLE:Dexter""],""unavailable"":[]}}"
1784119493.656913,1784119493.6566863,330,ble,"{""index"":{""age_s"":0.009157180786132812,""channels"":3,""force"":[-0.2523650771905075,-0.27059136975000264],""has_data"":true,""last_update_ts"":1784119493.6475291,""raw"":[17242,16717,17467]},""middle"":{""age_s"":0.009157180786132812,""channels"":3,""force"":[-0.22160057254252052,0.34330412756999973],""has_data"":true,""last_update_ts"":1784119493.6475291,""raw"":[16337,15876,15488]},""pinky"":{""age_s"":0.009157180786132812,""channels"":3,""force"":[-1.0253232564711467,-0.7462771212900012],""has_data"":true,""last_update_ts"":1784119493.6475291,""raw"":[17424,15291,17702]},""ring"":{""age_s"":0.009157180786132812,""channels"":3,""force"":[0.276399846446747,0.2539395931499966],""has_data"":true,""last_update_ts"":1784119493.6475291,""raw"":[15794,16369,15624]},""thumb"":{""age_s"":0.009157180786132812,""channels"":3,""force"":[0.0,-2.220446049250313e-16],""has_data"":true,""last_update_ts"":1784119493.6475291,""raw"":[0,0,0]}}","{""ble"":{""connection_state"":""connected"",""counter"":1041313,""finger_order"":""DexterController.Visualizer"",""last_error"":null,""last_sample_age_s"":0.00918322999496013,""reconnect_count"":0,""sample_hz"":20.0,""sample_sequence"":329,""timestamp_us"":10458478464},""fingers"":{""index"":{""has_data"":true,""last_update_ts"":1784119493.6475291,""mapped"":true},""middle"":{""has_data"":true,""last_update_ts"":1784119493.6475291,""mapped"":true},""pinky"":{""has_data"":true,""last_update_ts"":1784119493.6475291,""mapped"":true},""ring"":{""has_data"":true,""last_update_ts"":1784119493.6475291,""mapped"":true},""thumb"":{""has_data"":true,""last_update_ts"":1784119493.6475291,""mapped"":true}},""ports"":{""available"":[""BLE:Dexter""],""unavailable"":[]}}"
1784119493.7068126,1784119493.7066684,331,ble,"{""index"":{""age_s"":0.009139299392700195,""channels"":3,""force"":[-0.27880332337237057,-0.24089570148000128],""has_data"":true,""last_update_ts"":1784119493.697529,""raw"":[17287,16707,17431]},""middle"":{""age_s"":0.009139299392700195,""channels"":3,""force"":[-0.2590948125822532,0.35662554884999764],""has_data"":true,""last_update_ts"":1784119493.697529,""raw"":[16391,15852,15479]},""pinky"":{""age_s"":0.009139299392700195,""channels"":3,""force"":[-1.0205163026198978,-0.7373961737700023],""has_data"":true,""last_update_ts"":1784119493.697529,""raw"":[17419,15296,17686]},""ring"":{""age_s"":0.009139299392700195,""channels"":3,""force"":[0.2797647141426207,0.263098070279999],""has_data"":true,""last_update_ts"":1784119493.697529,""raw"":[15796,16378,15613]},""thumb"":{""age_s"":0.009139299392700195,""channels"":3,""force"":[0.0,-2.220446049250313e-16],""has_data"":true,""last_update_ts"":1784119493.697529,""raw"":[0,0,0]}}","{""ble"":{""connection_state"":""connected"",""counter"":1041319,""finger_order"":""DexterController.Visualizer"",""last_error"":null,""last_sample_age_s"":0.00916391699865926,""reconnect_count"":0,""sample_hz"":20.0,""sample_sequence"":330,""timestamp_us"":10458535072},""fingers"":{""index"":{""has_data"":true,""last_update_ts"":1784119493.697529,""mapped"":true},""middle"":{""has_data"":true,""last_update_ts"":1784119493.697529,""mapped"":true},""pinky"":{""has_data"":true,""last_update_ts"":1784119493.697529,""mapped"":true},""ring"":{""has_data"":true,""last_update_ts"":1784119493.697529,""mapped"":true},""thumb"":{""has_data"":true,""last_update_ts"":1784119493.697529,""mapped"":true}},""ports"":{""available"":[""BLE:Dexter""],""unavailable"":[]}}"
1784119493.756865,1784119493.7567189,332,ble,"{""index"":{""age_s"":0.009205341339111328,""channels"":3,""force"":[-0.250442295650009,-0.19898873037000087],""has_data"":true,""last_update_ts"":1784119493.7475135,""raw"":[17298,16777,17396]},""middle"":{""age_s"":0.009205341339111328,""channels"":3,""force"":[-0.25572994488638123,0.38965157243999826],""has_data"":true,""last_update_ts"":1784119493.7475135,""raw"":[16401,15869,15433]},""pinky"":{""age_s"":0.009205341339111328,""channels"":3,""force"":[-1.0248425610860217,-0.7459995916800013],""has_data"":true,""last_update_ts"":1784119493.7475135,""raw"":[17416,15284,17694]},""ring"":{""age_s"":0.009205341339111328,""channels"":3,""force"":[0.27495776029137176,0.2514418266599989],""has_data"":true,""last_update_ts"":1784119493.7475135,""raw"":[15798,16370,15631]},""thumb"":{""age_s"":0.009205341339111328,""channels"":3,""force"":[0.0,-2.220446049250313e-16],""has_data"":true,""last_update_ts"":1784119493.7475135,""raw"":[0,0,0]}}","{""ble"":{""connection_state"":""connected"",""counter"":1041324,""finger_order"":""DexterController.Visualizer"",""last_error"":null,""last_sample_age_s"":0.009232269992935471,""reconnect_count"":0,""sample_hz"":20.0,""sample_sequence"":331,""timestamp_us"":10458582176},""fingers"":{""index"":{""has_data"":true,""last_update_ts"":1784119493.7475135,""mapped"":true},""middle"":{""has_data"":true,""last_update_ts"":1784119493.7475135,""mapped"":true},""pinky"":{""has_data"":true,""last_update_ts"":1784119493.7475135,""mapped"":true},""ring"":{""has_data"":true,""last_update_ts"":1784119493.7475135,""mapped"":true},""thumb"":{""has_data"":true,""last_update_ts"":1784119493.7475135,""mapped"":true}},""ports"":{""available"":[""BLE:Dexter""],""unavailable"":[]}}"
1784119493.8068197,1784119493.8066857,333,ble,"{""index"":{""age_s"":0.009160041809082031,""channels"":3,""force"":[-0.259094812582255,-0.14070751227000322],""has_data"":true,""last_update_ts"":1784119493.7975256,""raw"":[17347,16808,17331]},""middle"":{""age_s"":0.009160041809082031,""channels"":3,""force"":[-0.2566913356566314,0.40963370435999913],""has_data"":true,""last_update_ts"":1784119493.7975256,""raw"":[16414,15880,15409]},""pinky"":{""age_s"":0.009160041809082031,""channels"":3,""force"":[-1.0195549118496476,-0.7457220620700022],""has_data"":true,""last_update_ts"":1784119493.7975256,""raw"":[17414,15293,17697]},""ring"":{""age_s"":0.009160041809082031,""channels"":3,""force"":[0.27351567413599476,0.251719356269998],""has_data"":true,""last_update_ts"":1784119493.7975256,""raw"":[15797,16366,15628]},""thumb"":{""age_s"":0.009160041809082031,""channels"":3,""force"":[0.0,-2.220446049250313e-16],""has_data"":true,""last_update_ts"":1784119493.7975256,""raw"":[0,0,0]}}","{""ble"":{""connection_state"":""connected"",""counter"":1041330,""finger_order"":""DexterController.Visualizer"",""last_error"":null,""last_sample_age_s"":0.009184802998788655,""reconnect_count"":0,""sample_hz"":20.0,""sample_sequence"":332,""timestamp_us"":10458638656},""fingers"":{""index"":{""has_data"":true,""last_update_ts"":1784119493.7975256,""mapped"":true},""middle"":{""has_data"":true,""last_update_ts"":1784119493.7975256,""mapped"":true},""pinky"":{""has_data"":true,""last_update_ts"":1784119493.7975256,""mapped"":true},""ring"":{""has_data"":true,""last_update_ts"":1784119493.7975256,""mapped"":true},""thumb"":{""has_data"":true,""last_update_ts"":1784119493.7975256,""mapped"":true}},""ports"":{""available"":[""BLE:Dexter""],""unavailable"":[]}}"
1784119493.8569434,1784119493.8567102,334,ble,"{""index"":{""age_s"":0.009166240692138672,""channels"":3,""force"":[-0.2461160371838833,-0.06383181030000173],""has_data"":true,""last_update_ts"":1784119493.847544,""raw"":[17353,16841,17212]},""middle"":{""age_s"":0.009166240692138672,""channels"":3,""force"":[-0.2903400126153617,0.513984837719998],""has_data"":true,""last_update_ts"":1784119493.847544,""raw"":[16375,15771,15147]},""pinky"":{""age_s"":0.009166240692138672,""channels"":3,""force"":[1.5536074847232744,0.46958010011999907],""has_data"":true,""last_update_ts"":1784119493.847544,""raw"":[16579,19811,17349]},""ring"":{""age_s"":0.009166240692138672,""channels"":3,""force"":[0.340813028053466,0.7795806744899982],""has_data"":true,""last_update_ts"":1784119493.847544,""raw"":[15725,16434,14675]},""thumb"":{""age_s"":0.009166240692138672,""channels"":3,""force"":[0.0,-2.220446049250313e-16],""has_data"":true,""last_update_ts"":1784119493.847544,""raw"":[0,0,0]}}","{""ble"":{""connection_state"":""connected"",""counter"":1041335,""finger_order"":""DexterController.Visualizer"",""last_error"":null,""last_sample_age_s"":0.009206190996337682,""reconnect_count"":0,""sample_hz"":20.0,""sample_sequence"":333,""timestamp_us"":10458685760},""fingers"":{""index"":{""has_data"":true,""last_update_ts"":1784119493.847544,""mapped"":true},""middle"":{""has_data"":true,""last_update_ts"":1784119493.847544,""mapped"":true},""pinky"":{""has_data"":true,""last_update_ts"":1784119493.847544,""mapped"":true},""ring"":{""has_data"":true,""last_update_ts"":1784119493.847544,""mapped"":true},""thumb"":{""has_data"":true,""last_update_ts"":1784119493.847544,""mapped"":true}},""ports"":{""available"":[""BLE:Dexter""],""unavailable"":[]}}"
1784119493.9068034,1784119493.906661,335,ble,"{""index"":{""age_s"":0.00914621353149414,""channels"":3,""force"":[-0.24371256025826327,-0.02192483919000221],""has_data"":true,""last_update_ts"":1784119493.8975148,""raw"":[17400,16893,17186]},""middle"":{""age_s"":0.00914621353149414,""channels"":3,""force"":[-0.25957550796738005,0.43516642847999787],""has_data"":true,""last_update_ts"":1784119493.8975148,""raw"":[16434,15894,15380]},""pinky"":{""age_s"":0.00914621353149414,""channels"":3,""force"":[-1.025323256471145,-0.746832180510002],""has_data"":true,""last_update_ts"":1784119493.8975148,""raw"":[17418,15285,17697]},""ring"":{""age_s"":0.00914621353149414,""channels"":3,""force"":[0.2735156741359983,0.25282947470999684],""has_data"":true,""last_update_ts"":1784119493.8975148,""raw"":[15800,16369,15629]},""thumb"":{""age_s"":0.00914621353149414,""channels"":3,""force"":[0.0,-2.220446049250313e-16],""has_data"":true,""last_update_ts"":1784119493.8975148,""raw"":[0,0,0]}}","{""ble"":{""connection_state"":""connected"",""counter"":1041340,""finger_order"":""DexterController.Visualizer"",""last_error"":null,""last_sample_age_s"":0.009170480989268981,""reconnect_count"":0,""sample_hz"":20.0,""sample_sequence"":334,""timestamp_us"":10458732704},""fingers"":{""index"":{""has_data"":true,""last_update_ts"":1784119493.8975148,""mapped"":true},""middle"":{""has_data"":true,""last_update_ts"":1784119493.8975148,""mapped"":true},""pinky"":{""has_data"":true,""last_update_ts"":1784119493.8975148,""mapped"":true},""ring"":{""has_data"":true,""last_update_ts"":1784119493.8975148,""mapped"":true},""thumb"":{""has_data"":true,""last_update_ts"":1784119493.8975148,""mapped"":true}},""ports"":{""available"":[""BLE:Dexter""],""unavailable"":[]}}"
1784119493.9568098,1784119493.9566684,336,ble,"{""index"":{""age_s"":0.00913858413696289,""channels"":3,""force"":[-0.22256196331277422,0.17623130234999973],""has_data"":true,""last_update_ts"":1784119493.9475298,""raw"":[17499,17036,16950]},""middle"":{""age_s"":0.00913858413696289,""channels"":3,""force"":[-0.2605368987376284,0.45070808663999884],""has_data"":true,""last_update_ts"":1784119493.9475298,""raw"":[16447,15905,15364]},""pinky"":{""age_s"":0.00913858413696289,""channels"":3,""force"":[-1.02484256108602,-0.745999591680004],""has_data"":true,""last_update_ts"":1784119493.9475298,""raw"":[17423,15291,17701]},""ring"":{""age_s"":0.00913858413696289,""channels"":3,""force"":[0.2778419326021204,0.2525519450999987],""has_data"":true,""last_update_ts"":1784119493.9475298,""raw"":[15796,16374,15630]},""thumb"":{""age_s"":0.00913858413696289,""channels"":3,""force"":[0.0,-2.220446049250313e-16],""has_data"":true,""last_update_ts"":1784119493.9475298,""raw"":[0,0,0]}}","{""ble"":{""connection_state"":""connected"",""counter"":1041346,""finger_order"":""DexterController.Visualizer"",""last_error"":null,""last_sample_age_s"":0.009162183006992564,""reconnect_count"":0,""sample_hz"":20.0,""sample_sequence"":335,""timestamp_us"":10458789056},""fingers"":{""index"":{""has_data"":true,""last_update_ts"":1784119493.9475298,""mapped"":true},""middle"":{""has_data"":true,""last_update_ts"":1784119493.9475298,""mapped"":true},""pinky"":{""has_data"":true,""last_update_ts"":1784119493.9475298,""mapped"":true},""ring"":{""has_data"":true,""last_update_ts"":1784119493.9475298,""mapped"":true},""thumb"":{""has_data"":true,""last_update_ts"":1784119493.9475298,""mapped"":true}},""ports"":{""available"":[""BLE:Dexter""],""unavailable"":[]}}"
1784119494.0068297,1784119494.0066853,337,ble,"{""index"":{""age_s"":0.009159564971923828,""channels"":3,""force"":[-0.176415206340792,0.34552436444999746],""has_data"":true,""last_update_ts"":1784119493.9975257,""raw"":[17553,17186,16747]},""middle"":{""age_s"":0.009159564971923828,""channels"":3,""force"":[-0.24900020949463553,0.48567681749999725],""has_data"":true,""last_update_ts"":1784119493.9975257,""raw"":[16457,15939,15323]},""pinky"":{""age_s"":0.009159564971923828,""channels"":3,""force"":[-1.02484256108602,-0.7454445324600023],""has_data"":true,""last_update_ts"":1784119493.9975257,""raw"":[17423,15291,17700]},""ring"":{""age_s"":0.009159564971923828,""channels"":3,""force"":[0.27543845567649505,0.2533845339299994],""has_data"":true,""last_update_ts"":1784119493.9975257,""raw"":[15801,16374,15631]},""thumb"":{""age_s"":0.009159564971923828,""channels"":3,""force"":[0.0,-2.220446049250313e-16],""has_data"":true,""last_update_ts"":1784119493.9975257,""raw"":[0,0,0]}}","{""ble"":{""connection_state"":""connected"",""counter"":1041351,""finger_order"":""DexterController.Visualizer"",""last_error"":null,""last_sample_age_s"":0.009184392998577096,""reconnect_count"":0,""sample_hz"":20.0,""sample_sequence"":336,""timestamp_us"":10458836064},""fingers"":{""index"":{""has_data"":true,""last_update_ts"":1784119493.9975257,""mapped"":true},""middle"":{""has_data"":true,""last_update_ts"":1784119493.9975257,""mapped"":true},""pinky"":{""has_data"":true,""last_update_ts"":1784119493.9975257,""mapped"":true},""ring"":{""has_data"":true,""last_update_ts"":1784119493.9975257,""mapped"":true},""thumb"":{""has_data"":true,""last_update_ts"":1784119493.9975257,""mapped"":true}},""ports"":{""available"":[""BLE:Dexter""],""unavailable"":[]}}"
1784119494.0568097,1784119494.0566816,338,ble,"{""index"":{""age_s"":0.009155988693237305,""channels"":3,""force"":[-0.02163129233061234,0.8600642613899998],""has_data"":true,""last_update_ts"":1784119494.0475256,""raw"":[17696,17651,16124]},""middle"":{""age_s"":0.009155988693237305,""channels"":3,""force"":[-0.2566913356566296,0.37466497349999894],""has_data"":true,""last_update_ts"":1784119494.0475256,""raw"":[16401,15867,15459]},""pinky"":{""age_s"":0.009155988693237305,""channels"":3,""force"":[-1.0224390841603963,-0.7423917067500012],""has_data"":true,""last_update_ts"":1784119494.0475256,""raw"":[17426,15299,17700]},""ring"":{""age_s"":0.009155988693237305,""channels"":3,""force"":[0.2759191510616237,0.25588230041999704],""has_data"":true,""last_update_ts"":1784119494.0475256,""raw"":[15795,16369,15621]},""thumb"":{""age_s"":0.009155988693237305,""channels"":3,""force"":[0.0,-2.220446049250313e-16],""has_data"":true,""last_update_ts"":1784119494.0475256,""raw"":[0,0,0]}}","{""ble"":{""connection_state"":""connected"",""counter"":1041356,""finger_order"":""DexterController.Visualizer"",""last_error"":null,""last_sample_age_s"":0.009176577004836872,""reconnect_count"":0,""sample_hz"":20.0,""sample_sequence"":337,""timestamp_us"":10458883104},""fingers"":{""index"":{""has_data"":true,""last_update_ts"":1784119494.0475256,""mapped"":true},""middle"":{""has_data"":true,""last_update_ts"":1784119494.0475256,""mapped"":true},""pinky"":{""has_data"":true,""last_update_ts"":1784119494.0475256,""mapped"":true},""ring"":{""has_data"":true,""last_update_ts"":1784119494.0475256,""mapped"":true},""thumb"":{""has_data"":true,""last_update_ts"":1784119494.0475256,""mapped"":true}},""ports"":{""available"":[""BLE:Dexter""],""unavailable"":[]}}"
1784119494.1067965,1784119494.1066701,339,ble,"{""index"":{""age_s"":0.009144306182861328,""channels"":3,""force"":[0.13988235707130947,1.3918109941499983],""has_data"":true,""last_update_ts"":1784119494.0975258,""raw"":[17865,18156,15503]},""middle"":{""age_s"":0.009144306182861328,""channels"":3,""force"":[-0.24034769256238597,0.3846560394599976],""has_data"":true,""last_update_ts"":1784119494.0975258,""raw"":[16384,15884,15441]},""pinky"":{""age_s"":0.009144306182861328,""channels"":3,""force"":[-1.0200356072347727,-0.7448894732400007],""has_data"":true,""last_update_ts"":1784119494.0975258,""raw"":[17418,15296,17699]},""ring"":{""age_s"":0.009144306182861328,""channels"":3,""force"":[0.2788033233723688,0.25810253729999566],""has_data"":true,""last_update_ts"":1784119494.0975258,""raw"":[15799,16379,15624]},""thumb"":{""age_s"":0.009144306182861328,""channels"":3,""force"":[0.0,-2.220446049250313e-16],""has_data"":true,""last_update_ts"":1784119494.0975258,""raw"":[0,0,0]}}","{""ble"":{""connection_state"":""connected"",""counter"":1041361,""finger_order"":""DexterController.Visualizer"",""last_error"":null,""last_sample_age_s"":0.009163920010905713,""reconnect_count"":0,""sample_hz"":20.0,""sample_sequence"":338,""timestamp_us"":10458930080},""fingers"":{""index"":{""has_data"":true,""last_update_ts"":1784119494.0975258,""mapped"":true},""middle"":{""has_data"":true,""last_update_ts"":1784119494.0975258,""mapped"":true},""pinky"":{""has_data"":true,""last_update_ts"":1784119494.0975258,""mapped"":true},""ring"":{""has_data"":true,""last_update_ts"":1784119494.0975258,""mapped"":true},""thumb"":{""has_data"":true,""last_update_ts"":1784119494.0975258,""mapped"":true}},""ports"":{""available"":[""BLE:Dexter""],""unavailable"":[]}}"
1784119494.1568093,1784119494.1566825,340,ble,"{""index"":{""age_s"":0.00915384292602539,""channels"":3,""force"":[0.40378412350481163,1.9510331582999996],""has_data"":true,""last_update_ts"":1784119494.1475286,""raw"":[17931,18771,14836]},""middle"":{""age_s"":0.00915384292602539,""channels"":3,""force"":[-0.19756580328628282,0.41490676694999706],""has_data"":true,""last_update_ts"":1784119494.1475286,""raw"":[16312,15901,15359]},""pinky"":{""age_s"":0.00915384292602539,""channels"":3,""force"":[-0.44031697277429593,-0.4662497448000007],""has_data"":true,""last_update_ts"":1784119494.1475286,""raw"":[17244,16328,17626]},""ring"":{""age_s"":0.00915384292602539,""channels"":3,""force"":[0.2994732249327363,0.3705020293499972],""has_data"":true,""last_update_ts"":1784119494.1475286,""raw"":[15766,16389,15410]},""thumb"":{""age_s"":0.00915384292602539,""channels"":3,""force"":[0.0,-2.220446049250313e-16],""has_data"":true,""last_update_ts"":1784119494.1475286,""raw"":[0,0,0]}}","{""ble"":{""connection_state"":""connected"",""counter"":1041367,""finger_order"":""DexterController.Visualizer"",""last_error"":null,""last_sample_age_s"":0.009174131992040202,""reconnect_count"":0,""sample_hz"":20.0,""sample_sequence"":339,""timestamp_us"":10458986624},""fingers"":{""index"":{""has_data"":true,""last_update_ts"":1784119494.1475286,""mapped"":true},""middle"":{""has_data"":true,""last_update_ts"":1784119494.1475286,""mapped"":true},""pinky"":{""has_data"":true,""last_update_ts"":1784119494.1475286,""mapped"":true},""ring"":{""has_data"":true,""last_update_ts"":1784119494.1475286,""mapped"":true},""thumb"":{""has_data"":true,""last_update_ts"":1784119494.1475286,""mapped"":true}},""ports"":{""available"":[""BLE:Dexter""],""unavailable"":[]}}"
1784119494.2068214,1784119494.206686,341,ble,"{""index"":{""age_s"":0.009172201156616211,""channels"":3,""force"":[0.5364560497992485,2.3145969473999983],""has_data"":true,""last_update_ts"":1784119494.1975138,""raw"":[18027,19143,14415]},""middle"":{""age_s"":0.009172201156616211,""channels"":3,""force"":[-0.16872408017879614,0.34996483820999735],""has_data"":true,""last_update_ts"":1784119494.1975138,""raw"":[16279,15928,15473]},""pinky"":{""age_s"":0.009172201156616211,""channels"":3,""force"":[-1.0238811703157715,-0.7482198285600017],""has_data"":true,""last_update_ts"":1784119494.1975138,""raw"":[17419,15289,17702]},""ring"":{""age_s"":0.009172201156616211,""channels"":3,""force"":[0.2783226279872473,0.2528294747099977],""has_data"":true,""last_update_ts"":1784119494.1975138,""raw"":[15794,16373,15628]},""thumb"":{""age_s"":0.009172201156616211,""channels"":3,""force"":[0.0,-2.220446049250313e-16],""has_data"":true,""last_update_ts"":1784119494.1975138,""raw"":[0,0,0]}}","{""ble"":{""connection_state"":""connected"",""counter"":1041372,""finger_order"":""DexterController.Visualizer"",""last_error"":null,""last_sample_age_s"":0.009197986000799574,""reconnect_count"":0,""sample_hz"":20.0,""sample_sequence"":340,""timestamp_us"":10459033728},""fingers"":{""index"":{""has_data"":true,""last_update_ts"":1784119494.1975138,""mapped"":true},""middle"":{""has_data"":true,""last_update_ts"":1784119494.1975138,""mapped"":true},""pinky"":{""has_data"":true,""last_update_ts"":1784119494.1975138,""mapped"":true},""ring"":{""has_data"":true,""last_update_ts"":1784119494.1975138,""mapped"":true},""thumb"":{""has_data"":true,""last_update_ts"":1784119494.1975138,""mapped"":true}},""ports"":{""available"":[""BLE:Dexter""],""unavailable"":[]}}"
1784119494.256829,1784119494.2566855,342,ble,"{""index"":{""age_s"":0.009160041809082031,""channels"":3,""force"":[0.67970327456643,2.7919478765999974],""has_data"":true,""last_update_ts"":1784119494.2475255,""raw"":[18178,19592,13855]},""middle"":{""age_s"":0.009160041809082031,""channels"":3,""force"":[-0.1341140124498139,0.23506757966999725],""has_data"":true,""last_update_ts"":1784119494.2475255,""raw"":[16168,15889,15605]},""pinky"":{""age_s"":0.009160041809082031,""channels"":3,""force"":[-1.020996998005021,-0.7487748877800025],""has_data"":true,""last_update_ts"":1784119494.2475255,""raw"":[17415,15291,17702]},""ring"":{""age_s"":0.009160041809082031,""channels"":3,""force"":[0.2744770649062467,0.24561370485000023],""has_data"":true,""last_update_ts"":1784119494.2475255,""raw"":[15792,16363,15635]},""thumb"":{""age_s"":0.009160041809082031,""channels"":3,""force"":[0.0,-2.220446049250313e-16],""has_data"":true,""last_update_ts"":1784119494.2475255,""raw"":[0,0,0]}}","{""ble"":{""connection_state"":""connected"",""counter"":1041377,""finger_order"":""DexterController.Visualizer"",""last_error"":null,""last_sample_age_s"":0.009184737005853094,""reconnect_count"":0,""sample_hz"":20.0,""sample_sequence"":341,""timestamp_us"":10459080736},""fingers"":{""index"":{""has_data"":true,""last_update_ts"":1784119494.2475255,""mapped"":true},""middle"":{""has_data"":true,""last_update_ts"":1784119494.2475255,""mapped"":true},""pinky"":{""has_data"":true,""last_update_ts"":1784119494.2475255,""mapped"":true},""ring"":{""has_data"":true,""last_update_ts"":1784119494.2475255,""mapped"":true},""thumb"":{""has_data"":true,""last_update_ts"":1784119494.2475255,""mapped"":true}},""ports"":{""available"":[""BLE:Dexter""],""unavailable"":[]}}"
1784119494.3068953,1784119494.3066752,343,ble,"{""index"":{""age_s"":0.00914621353149414,""channels"":3,""force"":[0.7441164561731526,3.314813661839997],""has_data"":true,""last_update_ts"":1784119494.297529,""raw"":[18450,19998,13252]},""middle"":{""age_s"":0.00914621353149414,""channels"":3,""force"":[-0.1220966278216924,0.008325888299999029],""has_data"":true,""last_update_ts"":1784119494.297529,""raw"":[16006,15752,15864]},""pinky"":{""age_s"":0.00914621353149414,""channels"":3,""force"":[-1.0209969980050246,-0.7432242955800019],""has_data"":true,""last_update_ts"":1784119494.297529,""raw"":[17420,15296,17697]},""ring"":{""age_s"":0.00914621353149414,""channels"":3,""force"":[0.2778419326021204,0.2542171227599983],""has_data"":true,""last_update_ts"":1784119494.297529,""raw"":[15794,16372,15625]},""thumb"":{""age_s"":0.00914621353149414,""channels"":3,""force"":[0.0,-2.220446049250313e-16],""has_data"":true,""last_update_ts"":1784119494.297529,""raw"":[0,0,0]}}","{""ble"":{""connection_state"":""connected"",""counter"":1041383,""finger_order"":""DexterController.Visualizer"",""last_error"":null,""last_sample_age_s"":0.009170153003651649,""reconnect_count"":0,""sample_hz"":20.0,""sample_sequence"":342,""timestamp_us"":10459137312},""fingers"":{""index"":{""has_data"":true,""last_update_ts"":1784119494.297529,""mapped"":true},""middle"":{""has_data"":true,""last_update_ts"":1784119494.297529,""mapped"":true},""pinky"":{""has_data"":true,""last_update_ts"":1784119494.297529,""mapped"":true},""ring"":{""has_data"":true,""last_update_ts"":1784119494.297529,""mapped"":true},""thumb"":{""has_data"":true,""last_update_ts"":1784119494.297529,""mapped"":true}},""ports"":{""available"":[""BLE:Dexter""],""unavailable"":[]}}"
1784119494.3567991,1784119494.3566718,344,ble,"{""index"":{""age_s"":0.009142637252807617,""channels"":3,""force"":[0.7566145361863956,3.488547197699998],""has_data"":true,""last_update_ts"":1784119494.3475292,""raw"":[18540,20114,13042]},""middle"":{""age_s"":0.009142637252807617,""channels"":3,""force"":[-0.11055993857869773,-0.08769935675999996],""has_data"":true,""last_update_ts"":1784119494.3475292,""raw"":[15929,15699,15972]},""pinky"":{""age_s"":0.009142637252807617,""channels"":3,""force"":[-1.0195549118496476,-0.7518277134899991],""has_data"":true,""last_update_ts"":1784119494.3475292,""raw"":[17409,15288,17703]},""ring"":{""age_s"":0.009142637252807617,""channels"":3,""force"":[0.2768805418318703,0.25366206353999843],""has_data"":true,""last_update_ts"":1784119494.3475292,""raw"":[15799,16375,15630]},""thumb"":{""age_s"":0.009142637252807617,""channels"":3,""force"":[0.0,-2.220446049250313e-16],""has_data"":true,""last_update_ts"":1784119494.3475292,""raw"":[0,0,0]}}","{""ble"":{""connection_state"":""connected"",""counter"":1041388,""finger_order"":""DexterController.Visualizer"",""last_error"":null,""last_sample_age_s"":0.009163517999695614,""reconnect_count"":0,""sample_hz"":20.0,""sample_sequence"":343,""timestamp_us"":10459184288},""fingers"":{""index"":{""has_data"":true,""last_update_ts"":1784119494.3475292,""mapped"":true},""middle"":{""has_data"":true,""last_update_ts"":1784119494.3475292,""mapped"":true},""pinky"":{""has_data"":true,""last_update_ts"":1784119494.3475292,""mapped"":true},""ring"":{""has_data"":true,""last_update_ts"":1784119494.3475292,""mapped"":true},""thumb"":{""has_data"":true,""last_update_ts"":1784119494.3475292,""mapped"":true}},""ports"":{""available"":[""BLE:Dexter""],""unavailable"":[]}}"
1784119494.4068177,1784119494.4066741,345,ble,"{""index"":{""age_s"":0.009162187576293945,""channels"":3,""force"":[0.7570952315715207,3.4682875361699983],""has_data"":true,""last_update_ts"":1784119494.397512,""raw"":[18535,20110,13074]},""middle"":{""age_s"":0.009162187576293945,""channels"":3,""force"":[-0.10046533549107828,-0.018039424650003966],""has_data"":true,""last_update_ts"":1784119494.397512,""raw"":[15959,15750,15887]},""pinky"":{""age_s"":0.009162187576293945,""channels"":3,""force"":[-1.0209969980050246,-0.7471097101200028],""has_data"":true,""last_update_ts"":1784119494.397512,""raw"":[17417,15293,17701]},""ring"":{""age_s"":0.009162187576293945,""channels"":3,""force"":[0.2735156741359983,0.25005417860999923],""has_data"":true,""last_update_ts"":1784119494.397512,""raw"":[15804,16373,15638]},""thumb"":{""age_s"":0.009162187576293945,""channels"":3,""force"":[0.0,-2.220446049250313e-16],""has_data"":true,""last_update_ts"":1784119494.397512,""raw"":[0,0,0]}}","{""ble"":{""connection_state"":""connected"",""counter"":1041393,""finger_order"":""DexterController.Visualizer"",""last_error"":null,""last_sample_age_s"":0.009186669994960539,""reconnect_count"":0,""sample_hz"":20.0,""sample_sequence"":344,""timestamp_us"":10459231296},""fingers"":{""index"":{""has_data"":true,""last_update_ts"":1784119494.397512,""mapped"":true},""middle"":{""has_data"":true,""last_update_ts"":1784119494.397512,""mapped"":true},""pinky"":{""has_data"":true,""last_update_ts"":1784119494.397512,""mapped"":true},""ring"":{""has_data"":true,""last_update_ts"":1784119494.397512,""mapped"":true},""thumb"":{""has_data"":true,""last_update_ts"":1784119494.397512,""mapped"":true}},""ports"":{""available"":[""BLE:Dexter""],""unavailable"":[]}}"
1784119494.456955,1784119494.4567127,346,ble,"{""index"":{""age_s"":0.009150505065917969,""channels"":3,""force"":[0.7671898346591419,3.1571768433599976],""has_data"":true,""last_update_ts"":1784119494.4475622,""raw"":[18333,19929,13443]},""middle"":{""age_s"":0.009150505065917969,""channels"":3,""force"":[-0.05287649236372616,-0.0016651776600014045],""has_data"":true,""last_update_ts"":1784119494.4475622,""raw"":[15921,15811,15869]},""pinky"":{""age_s"":0.009150505065917969,""channels"":3,""force"":[-1.021958388775273,-0.7476647693400018],""has_data"":true,""last_update_ts"":1784119494.4475622,""raw"":[17416,15290,17700]},""ring"":{""age_s"":0.009150505065917969,""channels"":3,""force"":[0.2759191510616201,0.25088676743999727],""has_data"":true,""last_update_ts"":1784119494.4475622,""raw"":[15798,16372,15633]},""thumb"":{""age_s"":0.009150505065917969,""channels"":3,""force"":[0.0,-2.220446049250313e-16],""has_data"":true,""last_update_ts"":1784119494.4475622,""raw"":[0,0,0]}}","{""ble"":{""connection_state"":""connected"",""counter"":1041399,""finger_order"":""DexterController.Visualizer"",""last_error"":null,""last_sample_age_s"":0.009193375997710973,""reconnect_count"":0,""sample_hz"":20.0,""sample_sequence"":345,""timestamp_us"":10459287840},""fingers"":{""index"":{""has_data"":true,""last_update_ts"":1784119494.4475622,""mapped"":true},""middle"":{""has_data"":true,""last_update_ts"":1784119494.4475622,""mapped"":true},""pinky"":{""has_data"":true,""last_update_ts"":1784119494.4475622,""mapped"":true},""ring"":{""has_data"":true,""last_update_ts"":1784119494.4475622,""mapped"":true},""thumb"":{""has_data"":true,""last_update_ts"":1784119494.4475622,""mapped"":true}},""ports"":{""available"":[""BLE:Dexter""],""unavailable"":[]}}"
1784119494.5068147,1784119494.506667,347,ble,"{""index"":{""age_s"":0.009154081344604492,""channels"":3,""force"":[0.7931473854558817,2.896299009959998],""has_data"":true,""last_update_ts"":1784119494.4975128,""raw"":[18140,19790,13747]},""middle"":{""age_s"":0.009154081344604492,""channels"":3,""force"":[-0.015382252323993484,-0.003885414540001797],""has_data"":true,""last_update_ts"":1784119494.4975128,""raw"":[15884,15852,15875]},""pinky"":{""age_s"":0.009154081344604492,""channels"":3,""force"":[-1.0229197795455196,-0.7498850062200022],""has_data"":true,""last_update_ts"":1784119494.4975128,""raw"":[17415,15287,17702]},""ring"":{""age_s"":0.009154081344604492,""channels"":3,""force"":[0.27303497875087146,0.2514418266599998],""has_data"":true,""last_update_ts"":1784119494.4975128,""raw"":[15801,16369,15632]},""thumb"":{""age_s"":0.009154081344604492,""channels"":3,""force"":[0.0,-2.220446049250313e-16],""has_data"":true,""last_update_ts"":1784119494.4975128,""raw"":[0,0,0]}}","{""ble"":{""connection_state"":""connected"",""counter"":1041404,""finger_order"":""DexterController.Visualizer"",""last_error"":null,""last_sample_age_s"":0.00917800099705346,""reconnect_count"":0,""sample_hz"":20.0,""sample_sequence"":346,""timestamp_us"":10459334720},""fingers"":{""index"":{""has_data"":true,""last_update_ts"":1784119494.4975128,""mapped"":true},""middle"":{""has_data"":true,""last_update_ts"":1784119494.4975128,""mapped"":true},""pinky"":{""has_data"":true,""last_update_ts"":1784119494.4975128,""mapped"":true},""ring"":{""has_data"":true,""last_update_ts"":1784119494.4975128,""mapped"":true},""thumb"":{""has_data"":true,""last_update_ts"":1784119494.4975128,""mapped"":true}},""ports"":{""available"":[""BLE:Dexter""],""unavailable"":[]}}"
1784119494.5568013,1784119494.556671,348,ble,"{""index"":{""age_s"":0.009141683578491211,""channels"":3,""force"":[0.7450778469434027,2.7109092304799978],""has_data"":true,""last_update_ts"":1784119494.5475292,""raw"":[18085,19635,13976]},""middle"":{""age_s"":0.009141683578491211,""channels"":3,""force"":[-0.07498848007946535,0.033858612420000433],""has_data"":true,""last_update_ts"":1784119494.5475292,""raw"":[15961,15805,15822]},""pinky"":{""age_s"":0.009141683578491211,""channels"":3,""force"":[-1.0219583887752712,-0.74766476934],""has_data"":true,""last_update_ts"":1784119494.5475292,""raw"":[17419,15293,17703]},""ring"":{""age_s"":0.009141683578491211,""channels"":3,""force"":[0.27832262798724194,0.2517193562699962],""has_data"":true,""last_update_ts"":1784119494.5475292,""raw"":[15792,16371,15628]},""thumb"":{""age_s"":0.009141683578491211,""channels"":3,""force"":[0.0,-2.220446049250313e-16],""has_data"":true,""last_update_ts"":1784119494.5475292,""raw"":[0,0,0]}}","{""ble"":{""connection_state"":""connected"",""counter"":1041409,""finger_order"":""DexterController.Visualizer"",""last_error"":null,""last_sample_age_s"":0.009160752000752836,""reconnect_count"":0,""sample_hz"":20.0,""sample_sequence"":347,""timestamp_us"":10459381696},""fingers"":{""index"":{""has_data"":true,""last_update_ts"":1784119494.5475292,""mapped"":true},""middle"":{""has_data"":true,""last_update_ts"":1784119494.5475292,""mapped"":true},""pinky"":{""has_data"":true,""last_update_ts"":1784119494.5475292,""mapped"":true},""ring"":{""has_data"":true,""last_update_ts"":1784119494.5475292,""mapped"":true},""thumb"":{""has_data"":true,""last_update_ts"":1784119494.5475292,""mapped"":true}},""ports"":{""available"":[""BLE:Dexter""],""unavailable"":[]}}"
1784119494.606806,1784119494.6066604,349,ble,"{""index"":{""age_s"":0.009147167205810547,""channels"":3,""force"":[0.7354639392409066,2.5926816166199966],""has_data"":true,""last_update_ts"":1784119494.5975132,""raw"":[18015,19545,14109]},""middle"":{""age_s"":0.009147167205810547,""channels"":3,""force"":[-0.08892864624808361,0.0019427072700004544],""has_data"":true,""last_update_ts"":1784119494.5975132,""raw"":[15956,15771,15860]},""pinky"":{""age_s"":0.009147167205810547,""channels"":3,""force"":[-1.022439084160398,-0.7523827727100016],""has_data"":true,""last_update_ts"":1784119494.5975132,""raw"":[17413,15286,17705]},""ring"":{""age_s"":0.009147167205810547,""channels"":3,""force"":[0.27688054183187205,0.24922158977999764],""has_data"":true,""last_update_ts"":1784119494.5975132,""raw"":[15794,16370,15633]},""thumb"":{""age_s"":0.009147167205810547,""channels"":3,""force"":[0.0,-2.220446049250313e-16],""has_data"":true,""last_update_ts"":1784119494.5975132,""raw"":[0,0,0]}}","{""ble"":{""connection_state"":""connected"",""counter"":1041415,""finger_order"":""DexterController.Visualizer"",""last_error"":null,""last_sample_age_s"":0.00917044399830047,""reconnect_count"":0,""sample_hz"":20.0,""sample_sequence"":348,""timestamp_us"":10459438144},""fingers"":{""index"":{""has_data"":true,""last_update_ts"":1784119494.5975132,""mapped"":true},""middle"":{""has_data"":true,""last_update_ts"":1784119494.5975132,""mapped"":true},""pinky"":{""has_data"":true,""last_update_ts"":1784119494.5975132,""mapped"":true},""ring"":{""has_data"":true,""last_update_ts"":1784119494.5975132,""mapped"":true},""thumb"":{""has_data"":true,""last_update_ts"":1784119494.5975132,""mapped"":true}},""ports"":{""available"":[""BLE:Dexter""],""unavailable"":[]}}"
1784119494.6568005,1784119494.6566672,350,ble,"{""index"":{""age_s"":0.009141683578491211,""channels"":3,""force"":[0.7239272499979119,2.566593833279998],""has_data"":true,""last_update_ts"":1784119494.6475255,""raw"":[18016,19522,14145]},""middle"":{""age_s"":0.009141683578491211,""channels"":3,""force"":[-0.10046533549107828,-0.05966886615],""has_data"":true,""last_update_ts"":1784119494.6475255,""raw"":[15929,15720,15932]},""pinky"":{""age_s"":0.009141683578491211,""channels"":3,""force"":[-1.0219583887752748,-0.7454445324600014],""has_data"":true,""last_update_ts"":1784119494.6475255,""raw"":[17417,15291,17697]},""ring"":{""age_s"":0.009141683578491211,""channels"":3,""force"":[0.28409097260874283,0.2578250076899975],""has_data"":true,""last_update_ts"":1784119494.6475255,""raw"":[15798,16389,15629]},""thumb"":{""age_s"":0.009141683578491211,""channels"":3,""force"":[0.0,-2.220446049250313e-16],""has_data"":true,""last_update_ts"":1784119494.6475255,""raw"":[0,0,0]}}","{""ble"":{""connection_state"":""connected"",""counter"":1041420,""finger_order"":""DexterController.Visualizer"",""last_error"":null,""last_sample_age_s"":0.009165623006992973,""reconnect_count"":0,""sample_hz"":20.0,""sample_sequence"":349,""timestamp_us"":10459485056},""fingers"":{""index"":{""has_data"":true,""last_update_ts"":1784119494.6475255,""mapped"":true},""middle"":{""has_data"":true,""last_update_ts"":1784119494.6475255,""mapped"":true},""pinky"":{""has_data"":true,""last_update_ts"":1784119494.6475255,""mapped"":true},""ring"":{""has_data"":true,""last_update_ts"":1784119494.6475255,""mapped"":true},""thumb"":{""has_data"":true,""last_update_ts"":1784119494.6475255,""mapped"":true}},""ports"":{""available"":[""BLE:Dexter""],""unavailable"":[]}}"
1784119494.7068248,1784119494.7066784,351,ble,"{""index"":{""age_s"":0.009153127670288086,""channels"":3,""force"":[0.7498848007946499,2.642081887199997],""has_data"":true,""last_update_ts"":1784119494.6975253,""raw"":[18025,19585,14045]},""middle"":{""age_s"":0.009153127670288086,""channels"":3,""force"":[-0.05960622775547364,-0.18816507557999973],""has_data"":true,""last_update_ts"":1784119494.6975253,""raw"":[15814,15690,16091]},""pinky"":{""age_s"":0.009153127670288086,""channels"":3,""force"":[-1.0243618657008948,-0.7484973581700034],""has_data"":true,""last_update_ts"":1784119494.6975253,""raw"":[17418,15287,17701]},""ring"":{""age_s"":0.009153127670288086,""channels"":3,""force"":[0.2773612372169971,0.2489440601699986],""has_data"":true,""last_update_ts"":1784119494.6975253,""raw"":[15791,16368,15631]},""thumb"":{""age_s"":0.009153127670288086,""channels"":3,""force"":[0.0,-2.220446049250313e-16],""has_data"":true,""last_update_ts"":1784119494.6975253,""raw"":[0,0,0]}}","{""ble"":{""connection_state"":""connected"",""counter"":1041425,""finger_order"":""DexterController.Visualizer"",""last_error"":null,""last_sample_age_s"":0.00917777098948136,""reconnect_count"":0,""sample_hz"":20.0,""sample_sequence"":350,""timestamp_us"":10459532000},""fingers"":{""index"":{""has_data"":true,""last_update_ts"":1784119494.6975253,""mapped"":true},""middle"":{""has_data"":true,""last_update_ts"":1784119494.6975253,""mapped"":true},""pinky"":{""has_data"":true,""last_update_ts"":1784119494.6975253,""mapped"":true},""ring"":{""has_data"":true,""last_update_ts"":1784119494.6975253,""mapped"":true},""thumb"":{""has_data"":true,""last_update_ts"":1784119494.6975253,""mapped"":true}},""ports"":{""available"":[""BLE:Dexter""],""unavailable"":[]}}"
1784119494.756819,1784119494.756675,352,ble,"{""index"":{""age_s"":0.009148597717285156,""channels"":3,""force"":[0.7080643022887969,2.821643544869999],""has_data"":true,""last_update_ts"":1784119494.7475264,""raw"":[18186,19659,13839]},""middle"":{""age_s"":0.009148597717285156,""channels"":3,""force"":[-0.05960622775547009,-0.4112988820200023],""has_data"":true,""last_update_ts"":1784119494.7475264,""raw"":[15669,15545,16348]},""pinky"":{""age_s"":0.009148597717285156,""channels"":3,""force"":[-1.0224390841603963,-0.742391706750003],""has_data"":true,""last_update_ts"":1784119494.7475264,""raw"":[17423,15296,17697]},""ring"":{""age_s"":0.009148597717285156,""channels"":3,""force"":[0.27447706490624846,0.2511642970499963],""has_data"":true,""last_update_ts"":1784119494.7475264,""raw"":[15795,16366,15628]},""thumb"":{""age_s"":0.009148597717285156,""channels"":3,""force"":[0.0,-2.220446049250313e-16],""has_data"":true,""last_update_ts"":1784119494.7475264,""raw"":[0,0,0]}}","{""ble"":{""connection_state"":""connected"",""counter"":1041431,""finger_order"":""DexterController.Visualizer"",""last_error"":null,""last_sample_age_s"":0.009174694001558237,""reconnect_count"":0,""sample_hz"":20.0,""sample_sequence"":351,""timestamp_us"":10459588704},""fingers"":{""index"":{""has_data"":true,""last_update_ts"":1784119494.7475264,""mapped"":true},""middle"":{""has_data"":true,""last_update_ts"":1784119494.7475264,""mapped"":true},""pinky"":{""has_data"":true,""last_update_ts"":1784119494.7475264,""mapped"":true},""ring"":{""has_data"":true,""last_update_ts"":1784119494.7475264,""mapped"":true},""thumb"":{""has_data"":true,""last_update_ts"":1784119494.7475264,""mapped"":true}},""ports"":{""available"":[""BLE:Dexter""],""unavailable"":[]}}"
1784119494.806845,1784119494.806727,353,ble,"{""index"":{""age_s"":0.00921487808227539,""channels"":3,""force"":[0.7532496684905237,3.063094305569999],""has_data"":true,""last_update_ts"":1784119494.797512,""raw"":[18281,19848,13546]},""middle"":{""age_s"":0.00921487808227539,""channels"":3,""force"":[-0.09469699086958094,-0.830646122730001],""has_data"":true,""last_update_ts"":1784119494.797512,""raw"":[15459,15262,16857]},""pinky"":{""age_s"":0.00921487808227539,""channels"":3,""force"":[-1.0200356072347745,-0.7415591179200014],""has_data"":true,""last_update_ts"":1784119494.797512,""raw"":[17412,15290,17687]},""ring"":{""age_s"":0.00921487808227539,""channels"":3,""force"":[0.2860137541492431,0.2550497115899981],""has_data"":true,""last_update_ts"":1784119494.797512,""raw"":[15790,16385,15628]},""thumb"":{""age_s"":0.00921487808227539,""channels"":3,""force"":[0.0,-2.220446049250313e-16],""has_data"":true,""last_update_ts"":1784119494.797512,""raw"":[0,0,0]}}","{""ble"":{""connection_state"":""connected"",""counter"":1041436,""finger_order"":""DexterController.Visualizer"",""last_error"":null,""last_sample_age_s"":0.009238355996785685,""reconnect_count"":0,""sample_hz"":20.0,""sample_sequence"":352,""timestamp_us"":10459635808},""fingers"":{""index"":{""has_data"":true,""last_update_ts"":1784119494.797512,""mapped"":true},""middle"":{""has_data"":true,""last_update_ts"":1784119494.797512,""mapped"":true},""pinky"":{""has_data"":true,""last_update_ts"":1784119494.797512,""mapped"":true},""ring"":{""has_data"":true,""last_update_ts"":1784119494.797512,""mapped"":true},""thumb"":{""has_data"":true,""last_update_ts"":1784119494.797512,""mapped"":true}},""ports"":{""available"":[""BLE:Dexter""],""unavailable"":[]}}"
1784119494.856843,1784119494.8567202,354,ble,"{""index"":{""age_s"":0.009191751480102539,""channels"":3,""force"":[0.8085296377798716,3.2254491274199966],""has_data"":true,""last_update_ts"":1784119494.8475285,""raw"":[18321,20003,13351]},""middle"":{""age_s"":0.009191751480102539,""channels"":3,""force"":[-0.10046533549107828,-1.3163229402300027],""has_data"":true,""last_update_ts"":1784119494.8475285,""raw"":[15196,14987,17463]},""pinky"":{""age_s"":0.009191751480102539,""channels"":3,""force"":[-1.025323256471145,-0.7484973581700034],""has_data"":true,""last_update_ts"":1784119494.8475285,""raw"":[17419,15286,17701]},""ring"":{""age_s"":0.009191751480102539,""channels"":3,""force"":[0.2759191510616166,0.2531070043199968],""has_data"":true,""last_update_ts"":1784119494.8475285,""raw"":[15797,16371,15628]},""thumb"":{""age_s"":0.009191751480102539,""channels"":3,""force"":[0.0,-2.220446049250313e-16],""has_data"":true,""last_update_ts"":1784119494.8475285,""raw"":[0,0,0]}}","{""ble"":{""connection_state"":""connected"",""counter"":1041441,""finger_order"":""DexterController.Visualizer"",""last_error"":null,""last_sample_age_s"":0.009217237995471805,""reconnect_count"":0,""sample_hz"":20.0,""sample_sequence"":353,""timestamp_us"":10459682848},""fingers"":{""index"":{""has_data"":true,""last_update_ts"":1784119494.8475285,""mapped"":true},""middle"":{""has_data"":true,""last_update_ts"":1784119494.8475285,""mapped"":true},""pinky"":{""has_data"":true,""last_update_ts"":1784119494.8475285,""mapped"":true},""ring"":{""has_data"":true,""last_update_ts"":1784119494.8475285,""mapped"":true},""thumb"":{""has_data"":true,""last_update_ts"":1784119494.8475285,""mapped"":true}},""ports"":{""available"":[""BLE:Dexter""],""unavailable"":[]}}"
1784119494.9068065,1784119494.9066796,355,ble,"{""index"":{""age_s"":0.009166955947875977,""channels"":3,""force"":[0.9022652378792024,3.3883590084899975],""has_data"":true,""last_update_ts"":1784119494.8975127,""raw"":[18309,20186,13143]},""middle"":{""age_s"":0.009166955947875977,""channels"":3,""force"":[-0.12353871397706584,-1.9329937336500027],""has_data"":true,""last_update_ts"":1784119494.8975127,""raw"":[14882,14625,18236]},""pinky"":{""age_s"":0.009166955947875977,""channels"":3,""force"":[-1.0258039518562718,-0.7493299470000006],""has_data"":true,""last_update_ts"":1784119494.8975127,""raw"":[17421,15287,17704]},""ring"":{""age_s"":0.009166955947875977,""channels"":3,""force"":[0.2735156741359983,0.2511642970499972],""has_data"":true,""last_update_ts"":1784119494.8975127,""raw"":[15796,16365,15628]},""thumb"":{""age_s"":0.009166955947875977,""channels"":3,""force"":[0.0,-2.220446049250313e-16],""has_data"":true,""last_update_ts"":1784119494.8975127,""raw"":[0,0,0]}}","{""ble"":{""connection_state"":""connected"",""counter"":1041447,""finger_order"":""DexterController.Visualizer"",""last_error"":null,""last_sample_age_s"":0.009192593992338516,""reconnect_count"":0,""sample_hz"":20.0,""sample_sequence"":354,""timestamp_us"":10459739136},""fingers"":{""index"":{""has_data"":true,""last_update_ts"":1784119494.8975127,""mapped"":true},""middle"":{""has_data"":true,""last_update_ts"":1784119494.8975127,""mapped"":true},""pinky"":{""has_data"":true,""last_update_ts"":1784119494.8975127,""mapped"":true},""ring"":{""has_data"":true,""last_update_ts"":1784119494.8975127,""mapped"":true},""thumb"":{""has_data"":true,""last_update_ts"":1784119494.8975127,""mapped"":true}},""ports"":{""available"":[""BLE:Dexter""],""unavailable"":[]}}"
1784119494.9568145,1784119494.956681,356,ble,"{""index"":{""age_s"":0.009155750274658203,""channels"":3,""force"":[0.9609100748644241,3.415001851049997],""has_data"":true,""last_update_ts"":1784119494.9475253,""raw"":[18263,20262,13110]},""middle"":{""age_s"":0.009155750274658203,""channels"":3,""force"":[-0.21006388329952763,-2.261588791890002],""has_data"":true,""last_update_ts"":1784119494.9475253,""raw"":[14790,14353,18646]},""pinky"":{""age_s"":0.009155750274658203,""channels"":3,""force"":[-1.0238811703157733,-0.7476647693400009],""has_data"":true,""last_update_ts"":1784119494.9475253,""raw"":[17420,15290,17702]},""ring"":{""age_s"":0.009155750274658203,""channels"":3,""force"":[0.27063150182524964,0.25282947470999684],""has_data"":true,""last_update_ts"":1784119494.9475253,""raw"":[15798,16361,15624]},""thumb"":{""age_s"":0.009155750274658203,""channels"":3,""force"":[0.0,-2.220446049250313e-16],""has_data"":true,""last_update_ts"":1784119494.9475253,""raw"":[0,0,0]}}","{""ble"":{""connection_state"":""connected"",""counter"":1041452,""finger_order"":""DexterController.Visualizer"",""last_error"":null,""last_sample_age_s"":0.009179945991490968,""reconnect_count"":0,""sample_hz"":20.0,""sample_sequence"":355,""timestamp_us"":10459786176},""fingers"":{""index"":{""has_data"":true,""last_update_ts"":1784119494.9475253,""mapped"":true},""middle"":{""has_data"":true,""last_update_ts"":1784119494.9475253,""mapped"":true},""pinky"":{""has_data"":true,""last_update_ts"":1784119494.9475253,""mapped"":true},""ring"":{""has_data"":true,""last_update_ts"":1784119494.9475253,""mapped"":true},""thumb"":{""has_data"":true,""last_update_ts"":1784119494.9475253,""mapped"":true}},""ports"":{""available"":[""BLE:Dexter""],""unavailable"":[]}}"
1784119495.0068898,1784119495.006746,357,ble,"{""index"":{""age_s"":0.009232521057128906,""channels"":3,""force"":[1.013786567228152,3.449415522689997],""has_data"":true,""last_update_ts"":1784119494.9975135,""raw"":[18212,20321,13052]},""middle"":{""age_s"":0.009232521057128906,""channels"":3,""force"":[-0.23457934794089041,-2.6060030379000008],""has_data"":true,""last_update_ts"":1784119494.9975135,""raw"":[14631,14143,19082]},""pinky"":{""age_s"":0.009232521057128906,""channels"":3,""force"":[-1.0229197795455232,-0.7504400654400021],""has_data"":true,""last_update_ts"":1784119494.9975135,""raw"":[17421,15293,17709]},""ring"":{""age_s"":0.009232521057128906,""channels"":3,""force"":[0.27159289259550157,0.25060923783],""has_data"":true,""last_update_ts"":1784119494.9975135,""raw"":[15799,16364,15630]},""thumb"":{""age_s"":0.009232521057128906,""channels"":3,""force"":[0.0,-2.220446049250313e-16],""has_data"":true,""last_update_ts"":1784119494.9975135,""raw"":[0,0,0]}}","{""ble"":{""connection_state"":""connected"",""counter"":1041457,""finger_order"":""DexterController.Visualizer"",""last_error"":null,""last_sample_age_s"":0.00925917700806167,""reconnect_count"":0,""sample_hz"":20.0,""sample_sequence"":356,""timestamp_us"":10459833312},""fingers"":{""index"":{""has_data"":true,""last_update_ts"":1784119494.9975135,""mapped"":true},""middle"":{""has_data"":true,""last_update_ts"":1784119494.9975135,""mapped"":true},""pinky"":{""has_data"":true,""last_update_ts"":1784119494.9975135,""mapped"":true},""ring"":{""has_data"":true,""last_update_ts"":1784119494.9975135,""mapped"":true},""thumb"":{""has_data"":true,""last_update_ts"":1784119494.9975135,""mapped"":true}},""ports"":{""available"":[""BLE:Dexter""],""unavailable"":[]}}"
1784119495.0568182,1784119495.0566847,358,ble,"{""index"":{""age_s"":0.009155750274658203,""channels"":3,""force"":[1.0017691826000341,3.441922223219997],""has_data"":true,""last_update_ts"":1784119495.047529,""raw"":[18210,20294,13051]},""middle"":{""age_s"":0.009155750274658203,""channels"":3,""force"":[-0.24851951410950868,-2.6312582324100005],""has_data"":true,""last_update_ts"":1784119495.047529,""raw"":[14639,14122,19121]},""pinky"":{""age_s"":0.009155750274658203,""channels"":3,""force"":[-1.0171514349240258,-0.7459995916800022],""has_data"":true,""last_update_ts"":1784119495.047529,""raw"":[17412,15296,17698]},""ring"":{""age_s"":0.009155750274658203,""channels"":3,""force"":[0.2783226279872437,0.25393959314999837],""has_data"":true,""last_update_ts"":1784119495.047529,""raw"":[15789,16368,15621]},""thumb"":{""age_s"":0.009155750274658203,""channels"":3,""force"":[0.0,-2.220446049250313e-16],""has_data"":true,""last_update_ts"":1784119495.047529,""raw"":[0,0,0]}}","{""ble"":{""connection_state"":""connected"",""counter"":1041458,""finger_order"":""DexterController.Visualizer"",""last_error"":null,""last_sample_age_s"":0.009181244007777423,""reconnect_count"":0,""sample_hz"":20.0,""sample_sequence"":357,""timestamp_us"":10459842720},""fingers"":{""index"":{""has_data"":true,""last_update_ts"":1784119495.047529,""mapped"":true},""middle"":{""has_data"":true,""last_update_ts"":1784119495.047529,""mapped"":true},""pinky"":{""has_data"":true,""last_update_ts"":1784119495.047529,""mapped"":true},""ring"":{""has_data"":true,""last_update_ts"":1784119495.047529,""mapped"":true},""thumb"":{""has_data"":true,""last_update_ts"":1784119495.047529,""mapped"":true}},""ports"":{""available"":[""BLE:Dexter""],""unavailable"":[]}}"
1784119495.1068137,1784119495.1066773,359,ble,"{""index"":{""age_s"":0.009163379669189453,""channels"":3,""force"":[1.1185781611853525,3.428878331549998],""has_data"":true,""last_update_ts"":1784119495.097514,""raw"":[18060,20387,13046]},""middle"":{""age_s"":0.009163379669189453,""channels"":3,""force"":[-0.2672666341293759,-2.9434790436600027],""has_data"":true,""last_update_ts"":1784119495.097514,""raw"":[14509,13953,19534]},""pinky"":{""age_s"":0.009163379669189453,""channels"":3,""force"":[-1.0209969980050229,-0.7437793548000009],""has_data"":true,""last_update_ts"":1784119495.097514,""raw"":[17416,15292,17694]},""ring"":{""age_s"":0.009163379669189453,""channels"":3,""force"":[0.2888979264599918,0.25782500769000016],""has_data"":true,""last_update_ts"":1784119495.097514,""raw"":[15796,16397,15632]},""thumb"":{""age_s"":0.009163379669189453,""channels"":3,""force"":[0.0,-2.220446049250313e-16],""has_data"":true,""last_update_ts"":1784119495.097514,""raw"":[0,0,0]}}","{""ble"":{""connection_state"":""connected"",""counter"":1041469,""finger_order"":""DexterController.Visualizer"",""last_error"":null,""last_sample_age_s"":0.009188419993733987,""reconnect_count"":0,""sample_hz"":20.0,""sample_sequence"":358,""timestamp_us"":10459946368},""fingers"":{""index"":{""has_data"":true,""last_update_ts"":1784119495.097514,""mapped"":true},""middle"":{""has_data"":true,""last_update_ts"":1784119495.097514,""mapped"":true},""pinky"":{""has_data"":true,""last_update_ts"":1784119495.097514,""mapped"":true},""ring"":{""has_data"":true,""last_update_ts"":1784119495.097514,""mapped"":true},""thumb"":{""has_data"":true,""last_update_ts"":1784119495.097514,""mapped"":true}},""ports"":{""available"":[""BLE:Dexter""],""unavailable"":[]}}"
1784119495.1568587,1784119495.1566856,360,ble,"{""index"":{""age_s"":0.009155750274658203,""channels"":3,""force"":[1.1281920688878486,3.4083411404099975],""has_data"":true,""last_update_ts"":1784119495.1475298,""raw"":[18028,20375,13061]},""middle"":{""age_s"":0.009155750274658203,""channels"":3,""force"":[-0.24082838794751193,-2.9520824615700025],""has_data"":true,""last_update_ts"":1784119495.1475298,""raw"":[14490,13989,19558]},""pinky"":{""age_s"":0.009155750274658203,""channels"":3,""force"":[-1.0171514349240258,-0.7543254799800003],""has_data"":true,""last_update_ts"":1784119495.1475298,""raw"":[17405,15289,17706]},""ring"":{""age_s"":0.009155750274658203,""channels"":3,""force"":[0.27736123721699535,0.24727888250999985],""has_data"":true,""last_update_ts"":1784119495.1475298,""raw"":[15792,16369,15635]},""thumb"":{""age_s"":0.009155750274658203,""channels"":3,""force"":[0.0,-2.220446049250313e-16],""has_data"":true,""last_update_ts"":1784119495.1475298,""raw"":[0,0,0]}}","{""ble"":{""connection_state"":""connected"",""counter"":1041473,""finger_order"":""DexterController.Visualizer"",""last_error"":null,""last_sample_age_s"":0.009181745001114905,""reconnect_count"":0,""sample_hz"":20.0,""sample_sequence"":359,""timestamp_us"":10459983872},""fingers"":{""index"":{""has_data"":true,""last_update_ts"":1784119495.1475298,""mapped"":true},""middle"":{""has_data"":true,""last_update_ts"":1784119495.1475298,""mapped"":true},""pinky"":{""has_data"":true,""last_update_ts"":1784119495.1475298,""mapped"":true},""ring"":{""has_data"":true,""last_update_ts"":1784119495.1475298,""mapped"":true},""thumb"":{""has_data"":true,""last_update_ts"":1784119495.1475298,""mapped"":true}},""ports"":{""available"":[""BLE:Dexter""],""unavailable"":[]}}"
1784119495.2068303,1784119495.2066846,361,ble,"{""index"":{""age_s"":0.009172439575195312,""channels"":3,""force"":[1.1421322350564687,3.3481172150399985],""has_data"":true,""last_update_ts"":1784119495.1975121,""raw"":[17969,20345,13125]},""middle"":{""age_s"":0.009172439575195312,""channels"":3,""force"":[-0.2696701110549977,-2.9848309555500023],""has_data"":true,""last_update_ts"":1784119495.1975121,""raw"":[14507,13946,19604]},""pinky"":{""age_s"":0.009172439575195312,""channels"":3,""force"":[-1.0185935210793993,-0.7490524173900015],""has_data"":true,""last_update_ts"":1784119495.1975121,""raw"":[17412,15293,17702]},""ring"":{""age_s"":0.009172439575195312,""channels"":3,""force"":[0.2797647141426225,0.24922158977999764],""has_data"":true,""last_update_ts"":1784119495.1975121,""raw"":[15791,16373,15633]},""thumb"":{""age_s"":0.009172439575195312,""channels"":3,""force"":[0.0,-2.220446049250313e-16],""has_data"":true,""last_update_ts"":1784119495.1975121,""raw"":[0,0,0]}}","{""ble"":{""connection_state"":""connected"",""counter"":1041478,""finger_order"":""DexterController.Visualizer"",""last_error"":null,""last_sample_age_s"":0.009196869999868795,""reconnect_count"":0,""sample_hz"":20.0,""sample_sequence"":360,""timestamp_us"":10460030848},""fingers"":{""index"":{""has_data"":true,""last_update_ts"":1784119495.1975121,""mapped"":true},""middle"":{""has_data"":true,""last_update_ts"":1784119495.1975121,""mapped"":true},""pinky"":{""has_data"":true,""last_update_ts"":1784119495.1975121,""mapped"":true},""ring"":{""has_data"":true,""last_update_ts"":1784119495.1975121,""mapped"":true},""thumb"":{""has_data"":true,""last_update_ts"":1784119495.1975121,""mapped"":true}},""ports"":{""available"":[""BLE:Dexter""],""unavailable"":[]}}"
1784119495.2568264,1784119495.2566838,362,ble,"{""index"":{""age_s"":0.00915837287902832,""channels"":3,""force"":[1.1791457797110745,3.131921648849996],""has_data"":true,""last_update_ts"":1784119495.2475255,""raw"":[17766,20219,13350]},""middle"":{""age_s"":0.00915837287902832,""channels"":3,""force"":[-0.2788033233723688,-2.8740966411600013],""has_data"":true,""last_update_ts"":1784119495.2475255,""raw"":[14520,13940,19408]},""pinky"":{""age_s"":0.00915837287902832,""channels"":3,""force"":[-0.1326719262944387,-0.29362632738000105],""has_data"":true,""last_update_ts"":1784119495.2475255,""raw"":[17190,16914,17581]},""ring"":{""age_s"":0.00915837287902832,""channels"":3,""force"":[0.3302377295807233,0.43488889886999793],""has_data"":true,""last_update_ts"":1784119495.2475255,""raw"":[15742,16429,15302]},""thumb"":{""age_s"":0.00915837287902832,""channels"":3,""force"":[0.0,-2.220446049250313e-16],""has_data"":true,""last_update_ts"":1784119495.2475255,""raw"":[0,0,0]}}","{""ble"":{""connection_state"":""connected"",""counter"":1041484,""finger_order"":""DexterController.Visualizer"",""last_error"":null,""last_sample_age_s"":0.009183900998323224,""reconnect_count"":0,""sample_hz"":20.0,""sample_sequence"":361,""timestamp_us"":10460087136},""fingers"":{""index"":{""has_data"":true,""last_update_ts"":1784119495.2475255,""mapped"":true},""middle"":{""has_data"":true,""last_update_ts"":1784119495.2475255,""mapped"":true},""pinky"":{""has_data"":true,""last_update_ts"":1784119495.2475255,""mapped"":true},""ring"":{""has_data"":true,""last_update_ts"":1784119495.2475255,""mapped"":true},""thumb"":{""has_data"":true,""last_update_ts"":1784119495.2475255,""mapped"":true}},""ports"":{""available"":[""BLE:Dexter""],""unavailable"":[]}}"
1784119495.3068972,1784119495.3067489,363,ble,"{""index"":{""age_s"":0.009235382080078125,""channels"":3,""force"":[1.1897210781838208,3.084741615149996],""has_data"":true,""last_update_ts"":1784119495.2975135,""raw"":[17744,20219,13424]},""middle"":{""age_s"":0.009235382080078125,""channels"":3,""force"":[-0.2629403756632529,-2.9004619541100025],""has_data"":true,""last_update_ts"":1784119495.2975135,""raw"":[14552,14005,19504]},""pinky"":{""age_s"":0.009235382080078125,""channels"":3,""force"":[-1.0205163026198996,-0.7523827727100008],""has_data"":true,""last_update_ts"":1784119495.2975135,""raw"":[17412,15289,17706]},""ring"":{""age_s"":0.009235382080078125,""channels"":3,""force"":[0.27351567413599653,0.2511642970499981],""has_data"":true,""last_update_ts"":1784119495.2975135,""raw"":[15793,16362,15625]},""thumb"":{""age_s"":0.009235382080078125,""channels"":3,""force"":[0.0,-2.220446049250313e-16],""has_data"":true,""last_update_ts"":1784119495.2975135,""raw"":[0,0,0]}}","{""ble"":{""connection_state"":""connected"",""counter"":1041485,""finger_order"":""DexterController.Visualizer"",""last_error"":null,""last_sample_age_s"":0.009260389997507446,""reconnect_count"":0,""sample_hz"":20.0,""sample_sequence"":362,""timestamp_us"":10460096448},""fingers"":{""index"":{""has_data"":true,""last_update_ts"":1784119495.2975135,""mapped"":true},""middle"":{""has_data"":true,""last_update_ts"":1784119495.2975135,""mapped"":true},""pinky"":{""has_data"":true,""last_update_ts"":1784119495.2975135,""mapped"":true},""ring"":{""has_data"":true,""last_update_ts"":1784119495.2975135,""mapped"":true},""thumb"":{""has_data"":true,""last_update_ts"":1784119495.2975135,""mapped"":true}},""ports"":{""available"":[""BLE:Dexter""],""unavailable"":[]}}"
1784119495.3568301,1784119495.3566847,364,ble,"{""index"":{""age_s"":0.009172677993774414,""channels"":3,""force"":[1.042628290335637,2.4852776575499984],""has_data"":true,""last_update_ts"":1784119495.347512,""raw"":[17542,19711,14149]},""middle"":{""age_s"":0.009172677993774414,""channels"":3,""force"":[-0.39032465272131756,-2.4905507201400026],""has_data"":true,""last_update_ts"":1784119495.347512,""raw"":[14903,14091,18984]},""pinky"":{""age_s"":0.009172677993774414,""channels"":3,""force"":[-1.021477693390148,-0.743501825190001],""has_data"":true,""last_update_ts"":1784119495.347512,""raw"":[17412,15287,17689]},""ring"":{""age_s"":0.009172677993774414,""channels"":3,""force"":[0.2884172310748667,0.2592126557399954],""has_data"":true,""last_update_ts"":1784119495.347512,""raw"":[15791,16391,15624]},""thumb"":{""age_s"":0.009172677993774414,""channels"":3,""force"":[0.0,-2.220446049250313e-16],""has_data"":true,""last_update_ts"":1784119495.347512,""raw"":[0,0,0]}}","{""ble"":{""connection_state"":""connected"",""counter"":1041496,""finger_order"":""DexterController.Visualizer"",""last_error"":null,""last_sample_age_s"":0.009198604006087407,""reconnect_count"":0,""sample_hz"":20.0,""sample_sequence"":363,""timestamp_us"":10460199648},""fingers"":{""index"":{""has_data"":true,""last_update_ts"":1784119495.347512,""mapped"":true},""middle"":{""has_data"":true,""last_update_ts"":1784119495.347512,""mapped"":true},""pinky"":{""has_data"":true,""last_update_ts"":1784119495.347512,""mapped"":true},""ring"":{""has_data"":true,""last_update_ts"":1784119495.347512,""mapped"":true},""thumb"":{""has_data"":true,""last_update_ts"":1784119495.347512,""mapped"":true}},""ports"":{""available"":[""BLE:Dexter""],""unavailable"":[]}}"
1784119495.406833,1784119495.4066849,365,ble,"{""index"":{""age_s"":0.009171724319458008,""channels"":3,""force"":[0.9950394472082849,2.2618663214999977],""has_data"":true,""last_update_ts"":1784119495.3975132,""raw"":[17454,19524,14414]},""middle"":{""age_s"":0.009171724319458008,""channels"":3,""force"":[-0.38215283117419574,-2.2604786734500006],""has_data"":true,""last_update_ts"":1784119495.3975132,""raw"":[14977,14182,18652]},""pinky"":{""age_s"":0.009171724319458008,""channels"":3,""force"":[-0.4480080989362918,-0.46735986324000134],""has_data"":true,""last_update_ts"":1784119495.3975132,""raw"":[17248,16316,17624]},""ring"":{""age_s"":0.009171724319458008,""channels"":3,""force"":[0.2956276618517357,0.370502029349999],""has_data"":true,""last_update_ts"":1784119495.3975132,""raw"":[15773,16388,15413]},""thumb"":{""age_s"":0.009171724319458008,""channels"":3,""force"":[0.0,-2.220446049250313e-16],""has_data"":true,""last_update_ts"":1784119495.3975132,""raw"":[0,0,0]}}","{""ble"":{""connection_state"":""connected"",""counter"":1041499,""finger_order"":""DexterController.Visualizer"",""last_error"":null,""last_sample_age_s"":0.00919702000101097,""reconnect_count"":0,""sample_hz"":20.0,""sample_sequence"":364,""timestamp_us"":10460227808},""fingers"":{""index"":{""has_data"":true,""last_update_ts"":1784119495.3975132,""mapped"":true},""middle"":{""has_data"":true,""last_update_ts"":1784119495.3975132,""mapped"":true},""pinky"":{""has_data"":true,""last_update_ts"":1784119495.3975132,""mapped"":true},""ring"":{""has_data"":true,""last_update_ts"":1784119495.3975132,""mapped"":true},""thumb"":{""has_data"":true,""last_update_ts"":1784119495.3975132,""mapped"":true}},""ports"":{""available"":[""BLE:Dexter""],""unavailable"":[]}}"
1784119495.4568303,1784119495.4566853,366,ble,"{""index"":{""age_s"":0.009171485900878906,""channels"":3,""force"":[0.7844948685236339,1.9249453749599965],""has_data"":true,""last_update_ts"":1784119495.4475138,""raw"":[17514,19146,14862]},""middle"":{""age_s"":0.009171485900878906,""channels"":3,""force"":[-0.49703902821901735,-1.2771912652200017],""has_data"":true,""last_update_ts"":1784119495.4475138,""raw"":[15680,14646,17464]},""pinky"":{""age_s"":0.009171485900878906,""channels"":3,""force"":[-1.0224390841603945,-0.7484973581700025],""has_data"":true,""last_update_ts"":1784119495.4475138,""raw"":[17415,15288,17700]},""ring"":{""age_s"":0.009171485900878906,""channels"":3,""force"":[0.2850523633789912,0.2528294747099995],""has_data"":true,""last_update_ts"":1784119495.4475138,""raw"":[15789,16382,15630]},""thumb"":{""age_s"":0.009171485900878906,""channels"":3,""force"":[0.0,-2.220446049250313e-16],""has_data"":true,""last_update_ts"":1784119495.4475138,""raw"":[0,0,0]}}","{""ble"":{""connection_state"":""connected"",""counter"":1041505,""finger_order"":""DexterController.Visualizer"",""last_error"":null,""last_sample_age_s"":0.00919720999081619,""reconnect_count"":0,""sample_hz"":20.0,""sample_sequence"":365,""timestamp_us"":10460284416},""fingers"":{""index"":{""has_data"":true,""last_update_ts"":1784119495.4475138,""mapped"":true},""middle"":{""has_data"":true,""last_update_ts"":1784119495.4475138,""mapped"":true},""pinky"":{""has_data"":true,""last_update_ts"":1784119495.4475138,""mapped"":true},""ring"":{""has_data"":true,""last_update_ts"":1784119495.4475138,""mapped"":true},""thumb"":{""has_data"":true,""last_update_ts"":1784119495.4475138,""mapped"":true}},""ports"":{""available"":[""BLE:Dexter""],""unavailable"":[]}}"
1784119495.5068297,1784119495.5066848,367,ble,"{""index"":{""age_s"":0.009171485900878906,""channels"":3,""force"":[0.5590487329001146,1.2919003345499984],""has_data"":true,""last_update_ts"":1784119495.4975133,""raw"":[17380,18543,15634]},""middle"":{""age_s"":0.009171485900878906,""channels"":3,""force"":[-0.5638556867513635,-0.1895527236300012],""has_data"":true,""last_update_ts"":1784119495.4975133,""raw"":[16397,15224,16152]},""pinky"":{""age_s"":0.009171485900878906,""channels"":3,""force"":[-1.0234004749306482,-0.7451670028499997],""has_data"":true,""last_update_ts"":1784119495.4975133,""raw"":[17417,15288,17695]},""ring"":{""age_s"":0.009171485900878906,""channels"":3,""force"":[0.27832262798724194,0.2506092378299982],""has_data"":true,""last_update_ts"":1784119495.4975133,""raw"":[15792,16371,15630]},""thumb"":{""age_s"":0.009171485900878906,""channels"":3,""force"":[0.0,-2.220446049250313e-16],""has_data"":true,""last_update_ts"":1784119495.4975133,""raw"":[0,0,0]}}","{""ble"":{""connection_state"":""connected"",""counter"":1041510,""finger_order"":""DexterController.Visualizer"",""last_error"":null,""last_sample_age_s"":0.0091978209966328,""reconnect_count"":0,""sample_hz"":20.0,""sample_sequence"":366,""timestamp_us"":10460331392},""fingers"":{""index"":{""has_data"":true,""last_update_ts"":1784119495.4975133,""mapped"":true},""middle"":{""has_data"":true,""last_update_ts"":1784119495.4975133,""mapped"":true},""pinky"":{""has_data"":true,""last_update_ts"":1784119495.4975133,""mapped"":true},""ring"":{""has_data"":true,""last_update_ts"":1784119495.4975133,""mapped"":true},""thumb"":{""has_data"":true,""last_update_ts"":1784119495.4975133,""mapped"":true}},""ports"":{""available"":[""BLE:Dexter""],""unavailable"":[]}}"
1784119495.5568283,1784119495.5566845,368,ble,"{""index"":{""age_s"":0.009172439575195312,""channels"":3,""force"":[0.4239733296800523,0.6066797274599978],""has_data"":true,""last_update_ts"":1784119495.547512,""raw"":[17075,17957,16423]},""middle"":{""age_s"":0.009172439575195312,""channels"":3,""force"":[-0.45569922509828764,0.4146292373399989],""has_data"":true,""last_update_ts"":1784119495.547512,""raw"":[16644,15696,15423]},""pinky"":{""age_s"":0.009172439575195312,""channels"":3,""force"":[-1.020035607234771,-0.7415591179200023],""has_data"":true,""last_update_ts"":1784119495.547512,""raw"":[17415,15293,17690]},""ring"":{""age_s"":0.009172439575195312,""channels"":3,""force"":[0.2840909726087446,0.25449465236999647],""has_data"":true,""last_update_ts"":1784119495.547512,""raw"":[15787,16378,15624]},""thumb"":{""age_s"":0.009172439575195312,""channels"":3,""force"":[0.0,-2.220446049250313e-16],""has_data"":true,""last_update_ts"":1784119495.547512,""raw"":[0,0,0]}}","{""ble"":{""connection_state"":""connected"",""counter"":1041516,""finger_order"":""DexterController.Visualizer"",""last_error"":null,""last_sample_age_s"":0.009198351996019483,""reconnect_count"":0,""sample_hz"":20.0,""sample_sequence"":367,""timestamp_us"":10460387808},""fingers"":{""index"":{""has_data"":true,""last_update_ts"":1784119495.547512,""mapped"":true},""middle"":{""has_data"":true,""last_update_ts"":1784119495.547512,""mapped"":true},""pinky"":{""has_data"":true,""last_update_ts"":1784119495.547512,""mapped"":true},""ring"":{""has_data"":true,""last_update_ts"":1784119495.547512,""mapped"":true},""thumb"":{""has_data"":true,""last_update_ts"":1784119495.547512,""mapped"":true}},""ports"":{""available"":[""BLE:Dexter""],""unavailable"":[]}}"
1784119495.606832,1784119495.606685,369,ble,"{""index"":{""age_s"":0.009172439575195312,""channels"":3,""force"":[0.31437478187160295,0.3519075454799996],""has_data"":true,""last_update_ts"":1784119495.5975125,""raw"":[17051,17705,16744]},""middle"":{""age_s"":0.009172439575195312,""channels"":3,""force"":[-0.444162535855293,0.7532153615399979],""has_data"":true,""last_update_ts"":1784119495.5975125,""raw"":[16821,15897,15002]},""pinky"":{""age_s"":0.009172439575195312,""channels"":3,""force"":[-1.0185935210793975,-0.7473872397300028],""has_data"":true,""last_update_ts"":1784119495.5975125,""raw"":[17418,15299,17705]},""ring"":{""age_s"":0.009172439575195312,""channels"":3,""force"":[0.27543845567649505,0.25005417860999746],""has_data"":true,""last_update_ts"":1784119495.5975125,""raw"":[15793,16366,15629]},""thumb"":{""age_s"":0.009172439575195312,""channels"":3,""force"":[0.0,-2.220446049250313e-16],""has_data"":true,""last_update_ts"":1784119495.5975125,""raw"":[0,0,0]}}","{""ble"":{""connection_state"":""connected"",""counter"":1041521,""finger_order"":""DexterController.Visualizer"",""last_error"":null,""last_sample_age_s"":0.009198061001370661,""reconnect_count"":0,""sample_hz"":20.0,""sample_sequence"":368,""timestamp_us"":10460434752},""fingers"":{""index"":{""has_data"":true,""last_update_ts"":1784119495.5975125,""mapped"":true},""middle"":{""has_data"":true,""last_update_ts"":1784119495.5975125,""mapped"":true},""pinky"":{""has_data"":true,""last_update_ts"":1784119495.5975125,""mapped"":true},""ring"":{""has_data"":true,""last_update_ts"":1784119495.5975125,""mapped"":true},""thumb"":{""has_data"":true,""last_update_ts"":1784119495.5975125,""mapped"":true}},""ports"":{""available"":[""BLE:Dexter""],""unavailable"":[]}}"
1784119495.6568322,1784119495.6566858,370,ble,"{""index"":{""age_s"":0.009173393249511719,""channels"":3,""force"":[0.1956430217457843,0.17678636156999872],""has_data"":true,""last_update_ts"":1784119495.6475124,""raw"":[17068,17475,16953]},""middle"":{""age_s"":0.009173393249511719,""channels"":3,""force"":[-0.49319346513801854,0.8653373239799977],""has_data"":true,""last_update_ts"":1784119495.6475124,""raw"":[16930,15904,14858]},""pinky"":{""age_s"":0.009173393249511719,""channels"":3,""force"":[-1.0214776933901497,-0.7473872397300028],""has_data"":true,""last_update_ts"":1784119495.6475124,""raw"":[17421,15296,17705]},""ring"":{""age_s"":0.009173393249511719,""channels"":3,""force"":[0.2768805418318703,0.2503317082199974],""has_data"":true,""last_update_ts"":1784119495.6475124,""raw"":[15796,16372,15633]},""thumb"":{""age_s"":0.009173393249511719,""channels"":3,""force"":[0.0,-2.220446049250313e-16],""has_data"":true,""last_update_ts"":1784119495.6475124,""raw"":[0,0,0]}}","{""ble"":{""connection_state"":""connected"",""counter"":1041526,""finger_order"":""DexterController.Visualizer"",""last_error"":null,""last_sample_age_s"":0.009199205000186339,""reconnect_count"":0,""sample_hz"":20.0,""sample_sequence"":369,""timestamp_us"":10460481696},""fingers"":{""index"":{""has_data"":true,""last_update_ts"":1784119495.6475124,""mapped"":true},""middle"":{""has_data"":true,""last_update_ts"":1784119495.6475124,""mapped"":true},""pinky"":{""has_data"":true,""last_update_ts"":1784119495.6475124,""mapped"":true},""ring"":{""has_data"":true,""last_update_ts"":1784119495.6475124,""mapped"":true},""thumb"":{""has_data"":true,""last_update_ts"":1784119495.6475124,""mapped"":true}},""ports"":{""available"":[""BLE:Dexter""],""unavailable"":[]}}"
1784119495.7068331,1784119495.706686,371,ble,"{""index"":{""age_s"":0.009156227111816406,""channels"":3,""force"":[0.13171053552418677,0.04940027057999963],""has_data"":true,""last_update_ts"":1784119495.6975298,""raw"":[17059,17333,17107]},""middle"":{""age_s"":0.009156227111816406,""channels"":3,""force"":[-0.5215544928603819,0.9061341766499984],""has_data"":true,""last_update_ts"":1784119495.6975298,""raw"":[16984,15899,14809]},""pinky"":{""age_s"":0.009156227111816406,""channels"":3,""force"":[-1.0219583887752712,-0.7521052431000017],""has_data"":true,""last_update_ts"":1784119495.6975298,""raw"":[17415,15289,17707]},""ring"":{""age_s"":0.009156227111816406,""channels"":3,""force"":[0.2759191510616201,0.24700135289999992],""has_data"":true,""last_update_ts"":1784119495.6975298,""raw"":[15789,16363,15631]},""thumb"":{""age_s"":0.009156227111816406,""channels"":3,""force"":[0.0,-2.220446049250313e-16],""has_data"":true,""last_update_ts"":1784119495.6975298,""raw"":[0,0,0]}}","{""ble"":{""connection_state"":""connected"",""counter"":1041532,""finger_order"":""DexterController.Visualizer"",""last_error"":null,""last_sample_age_s"":0.009181454995996319,""reconnect_count"":0,""sample_hz"":20.0,""sample_sequence"":370,""timestamp_us"":10460538144},""fingers"":{""index"":{""has_data"":true,""last_update_ts"":1784119495.6975298,""mapped"":true},""middle"":{""has_data"":true,""last_update_ts"":1784119495.6975298,""mapped"":true},""pinky"":{""has_data"":true,""last_update_ts"":1784119495.6975298,""mapped"":true},""ring"":{""has_data"":true,""last_update_ts"":1784119495.6975298,""mapped"":true},""thumb"":{""has_data"":true,""last_update_ts"":1784119495.6975298,""mapped"":true}},""ports"":{""available"":[""BLE:Dexter""],""unavailable"":[]}}"
1784119495.7568343,1784119495.7566853,372,ble,"{""index"":{""age_s"":0.009155511856079102,""channels"":3,""force"":[0.09806185856545291,-0.015541658160001859],""has_data"":true,""last_update_ts"":1784119495.7475297,""raw"":[17042,17246,17172]},""middle"":{""age_s"":0.009155511856079102,""channels"":3,""force"":[-0.5350139636438751,0.9100195911899993],""has_data"":true,""last_update_ts"":1784119495.7475297,""raw"":[17006,15893,14810]},""pinky"":{""age_s"":0.009155511856079102,""channels"":3,""force"":[-1.016670739538899,-0.7440568844100017],""has_data"":true,""last_update_ts"":1784119495.7475297,""raw"":[17407,15292,17690]},""ring"":{""age_s"":0.009155511856079102,""channels"":3,""force"":[0.27303497875087146,0.25754747807999934],""has_data"":true,""last_update_ts"":1784119495.7475297,""raw"":[15798,16366,15618]},""thumb"":{""age_s"":0.009155511856079102,""channels"":3,""force"":[0.0,-2.220446049250313e-16],""has_data"":true,""last_update_ts"":1784119495.7475297,""raw"":[0,0,0]}}","{""ble"":{""connection_state"":""connected"",""counter"":1041537,""finger_order"":""DexterController.Visualizer"",""last_error"":null,""last_sample_age_s"":0.009181534987874329,""reconnect_count"":0,""sample_hz"":20.0,""sample_sequence"":371,""timestamp_us"":10460585088},""fingers"":{""index"":{""has_data"":true,""last_update_ts"":1784119495.7475297,""mapped"":true},""middle"":{""has_data"":true,""last_update_ts"":1784119495.7475297,""mapped"":true},""pinky"":{""has_data"":true,""last_update_ts"":1784119495.7475297,""mapped"":true},""ring"":{""has_data"":true,""last_update_ts"":1784119495.7475297,""mapped"":true},""thumb"":{""has_data"":true,""last_update_ts"":1784119495.7475297,""mapped"":true}},""ports"":{""available"":[""BLE:Dexter""],""unavailable"":[]}}"
1784119495.806836,1784119495.8066864,373,ble,"{""index"":{""age_s"":0.009160280227661133,""channels"":3,""force"":[0.07450778469434027,-0.030250727490002127],""has_data"":true,""last_update_ts"":1784119495.7975261,""raw"":[17064,17219,17196]},""middle"":{""age_s"":0.009160280227661133,""channels"":3,""force"":[-0.5595294282852379,0.9547018583999973],""has_data"":true,""last_update_ts"":1784119495.7975261,""raw"":[17049,15885,14747]},""pinky"":{""age_s"":0.009160280227661133,""channels"":3,""force"":[-1.0195549118496476,-0.751272654270001],""has_data"":true,""last_update_ts"":1784119495.7975261,""raw"":[17414,15293,17707]},""ring"":{""age_s"":0.009160280227661133,""channels"":3,""force"":[0.27495776029137176,0.25033170821999917],""has_data"":true,""last_update_ts"":1784119495.7975261,""raw"":[15800,16372,15635]},""thumb"":{""age_s"":0.009160280227661133,""channels"":3,""force"":[0.0,-2.220446049250313e-16],""has_data"":true,""last_update_ts"":1784119495.7975261,""raw"":[0,0,0]}}","{""ble"":{""connection_state"":""connected"",""counter"":1041542,""finger_order"":""DexterController.Visualizer"",""last_error"":null,""last_sample_age_s"":0.009186164999846369,""reconnect_count"":0,""sample_hz"":20.0,""sample_sequence"":372,""timestamp_us"":10460632160},""fingers"":{""index"":{""has_data"":true,""last_update_ts"":1784119495.7975261,""mapped"":true},""middle"":{""has_data"":true,""last_update_ts"":1784119495.7975261,""mapped"":true},""pinky"":{""has_data"":true,""last_update_ts"":1784119495.7975261,""mapped"":true},""ring"":{""has_data"":true,""last_update_ts"":1784119495.7975261,""mapped"":true},""thumb"":{""has_data"":true,""last_update_ts"":1784119495.7975261,""mapped"":true}},""ports"":{""available"":[""BLE:Dexter""],""unavailable"":[]}}"
1784119495.8568096,1784119495.8566785,374,ble,"{""index"":{""age_s"":0.009153366088867188,""channels"":3,""force"":[0.04230119389097986,-0.05939133654000095],""has_data"":true,""last_update_ts"":1784119495.8475251,""raw"":[17079,17167,17230]},""middle"":{""age_s"":0.009153366088867188,""channels"":3,""force"":[-0.560010123670363,1.007710013909998],""has_data"":true,""last_update_ts"":1784119495.8475251,""raw"":[17078,15913,14680]},""pinky"":{""age_s"":0.009153366088867188,""channels"":3,""force"":[-1.0200356072347727,-0.7482198285600035],""has_data"":true,""last_update_ts"":1784119495.8475251,""raw"":[17414,15292,17701]},""ring"":{""age_s"":0.009153366088867188,""channels"":3,""force"":[0.2773612372169936,0.2511642970499981],""has_data"":true,""last_update_ts"":1784119495.8475251,""raw"":[15794,16371,15630]},""thumb"":{""age_s"":0.009153366088867188,""channels"":3,""force"":[0.0,-2.220446049250313e-16],""has_data"":true,""last_update_ts"":1784119495.8475251,""raw"":[0,0,0]}}","{""ble"":{""connection_state"":""connected"",""counter"":1041548,""finger_order"":""DexterController.Visualizer"",""last_error"":null,""last_sample_age_s"":0.009174299004371278,""reconnect_count"":0,""sample_hz"":20.0,""sample_sequence"":373,""timestamp_us"":10460688576},""fingers"":{""index"":{""has_data"":true,""last_update_ts"":1784119495.8475251,""mapped"":true},""middle"":{""has_data"":true,""last_update_ts"":1784119495.8475251,""mapped"":true},""pinky"":{""has_data"":true,""last_update_ts"":1784119495.8475251,""mapped"":true},""ring"":{""has_data"":true,""last_update_ts"":1784119495.8475251,""mapped"":true},""thumb"":{""has_data"":true,""last_update_ts"":1784119495.8475251,""mapped"":true}},""ports"":{""available"":[""BLE:Dexter""],""unavailable"":[]}}"
1784119495.9068296,1784119495.906649,375,ble,"{""index"":{""age_s"":0.009123802185058594,""channels"":3,""force"":[-0.004326258466125665,-0.09574771545000349],""has_data"":true,""last_update_ts"":1784119495.8975253,""raw"":[17112,17103,17280]},""middle"":{""age_s"":0.009123802185058594,""channels"":3,""force"":[-0.5576066467447411,1.027414616219998],""has_data"":true,""last_update_ts"":1784119495.8975253,""raw"":[17088,15928,14657]},""pinky"":{""age_s"":0.009123802185058594,""channels"":3,""force"":[-1.0209969980050229,-0.74766476934],""has_data"":true,""last_update_ts"":1784119495.8975253,""raw"":[17414,15290,17699]},""ring"":{""age_s"":0.009123802185058594,""channels"":3,""force"":[0.2759191510616219,0.2481114713399979],""has_data"":true,""last_update_ts"":1784119495.8975253,""raw"":[15796,16370,15636]},""thumb"":{""age_s"":0.009123802185058594,""channels"":3,""force"":[0.0,-2.220446049250313e-16],""has_data"":true,""last_update_ts"":1784119495.8975253,""raw"":[0,0,0]}}","{""ble"":{""connection_state"":""connected"",""counter"":1041553,""finger_order"":""DexterController.Visualizer"",""last_error"":null,""last_sample_age_s"":0.009147008997388184,""reconnect_count"":0,""sample_hz"":20.0,""sample_sequence"":374,""timestamp_us"":10460735552},""fingers"":{""index"":{""has_data"":true,""last_update_ts"":1784119495.8975253,""mapped"":true},""middle"":{""has_data"":true,""last_update_ts"":1784119495.8975253,""mapped"":true},""pinky"":{""has_data"":true,""last_update_ts"":1784119495.8975253,""mapped"":true},""ring"":{""has_data"":true,""last_update_ts"":1784119495.8975253,""mapped"":true},""thumb"":{""has_data"":true,""last_update_ts"":1784119495.8975253,""mapped"":true}},""ports"":{""available"":[""BLE:Dexter""],""unavailable"":[]}}"
1784119495.9567904,1784119495.95666,376,ble,"{""index"":{""age_s"":0.009134292602539062,""channels"":3,""force"":[-0.02018920617524067,-0.14209516032000113],""has_data"":true,""last_update_ts"":1784119495.9475257,""raw"":[17105,17063,17340]},""middle"":{""age_s"":0.009134292602539062,""channels"":3,""force"":[-0.534052572873625,1.1720075430299959],""has_data"":true,""last_update_ts"":1784119495.9475257,""raw"":[17149,16038,14482]},""pinky"":{""age_s"":0.009134292602539062,""channels"":3,""force"":[-1.020516302619896,-0.7496074766100023],""has_data"":true,""last_update_ts"":1784119495.9475257,""raw"":[17415,15292,17704]},""ring"":{""age_s"":0.009134292602539062,""channels"":3,""force"":[0.277841932602124,0.2481114713399979],""has_data"":true,""last_update_ts"":1784119495.9475257,""raw"":[15786,16364,15628]},""thumb"":{""age_s"":0.009134292602539062,""channels"":3,""force"":[0.0,-2.220446049250313e-16],""has_data"":true,""last_update_ts"":1784119495.9475257,""raw"":[0,0,0]}}","{""ble"":{""connection_state"":""connected"",""counter"":1041558,""finger_order"":""DexterController.Visualizer"",""last_error"":null,""last_sample_age_s"":0.009156940010143444,""reconnect_count"":0,""sample_hz"":20.0,""sample_sequence"":375,""timestamp_us"":10460782528},""fingers"":{""index"":{""has_data"":true,""last_update_ts"":1784119495.9475257,""mapped"":true},""middle"":{""has_data"":true,""last_update_ts"":1784119495.9475257,""mapped"":true},""pinky"":{""has_data"":true,""last_update_ts"":1784119495.9475257,""mapped"":true},""ring"":{""has_data"":true,""last_update_ts"":1784119495.9475257,""mapped"":true},""thumb"":{""has_data"":true,""last_update_ts"":1784119495.9475257,""mapped"":true}},""ports"":{""available"":[""BLE:Dexter""],""unavailable"":[]}}"
1784119496.056794,1784119496.0566401,377,ble,"{""index"":{""age_s"":0.009125947952270508,""channels"":3,""force"":[-0.03076450464798519,-0.18649989792000188],""has_data"":true,""last_update_ts"":1784119496.0475142,""raw"":[17081,17017,17385]},""middle"":{""age_s"":0.009125947952270508,""channels"":3,""force"":[-0.5374174405694987,1.2166898102399992],""has_data"":true,""last_update_ts"":1784119496.0475142,""raw"":[17177,16059,14426]},""pinky"":{""age_s"":0.009125947952270508,""channels"":3,""force"":[-1.0205163026198978,-0.7479422989500017],""has_data"":true,""last_update_ts"":1784119496.0475142,""raw"":[17414,15291,17700]},""ring"":{""age_s"":0.009125947952270508,""channels"":3,""force"":[0.2812068002979924,0.2539395931499966],""has_data"":true,""last_update_ts"":1784119496.0475142,""raw"":[15794,16379,15629]},""thumb"":{""age_s"":0.009125947952270508,""channels"":3,""force"":[0.0,-2.220446049250313e-16],""has_data"":true,""last_update_ts"":1784119496.0475142,""raw"":[0,0,0]}}","{""ble"":{""connection_state"":""connected"",""counter"":1041559,""finger_order"":""DexterController.Visualizer"",""last_error"":null,""last_sample_age_s"":0.00915298200561665,""reconnect_count"":0,""sample_hz"":20.0,""sample_sequence"":376,""timestamp_us"":10460791904},""fingers"":{""index"":{""has_data"":true,""last_update_ts"":1784119496.0475142,""mapped"":true},""middle"":{""has_data"":true,""last_update_ts"":1784119496.0475142,""mapped"":true},""pinky"":{""has_data"":true,""last_update_ts"":1784119496.0475142,""mapped"":true},""ring"":{""has_data"":true,""last_update_ts"":1784119496.0475142,""mapped"":true},""thumb"":{""has_data"":true,""last_update_ts"":1784119496.0475142,""mapped"":true}},""ports"":{""available"":[""BLE:Dexter""],""unavailable"":[]}}"
1784119496.1067657,1784119496.1066382,378,ble,"{""index"":{""age_s"":0.009125709533691406,""channels"":3,""force"":[-0.13026844936881332,-1.609949267610002],""has_data"":true,""last_update_ts"":1784119496.0975125,""raw"":[16332,16061,19097]},""middle"":{""age_s"":0.009125709533691406,""channels"":3,""force"":[-0.9522575579321781,2.3298610759499994],""has_data"":true,""last_update_ts"":1784119496.0975125,""raw"":[18304,16323,13116]},""pinky"":{""age_s"":0.009125709533691406,""channels"":3,""force"":[-1.017151434924024,-0.7487748877800016],""has_data"":true,""last_update_ts"":1784119496.0975125,""raw"":[17409,15293,17700]},""ring"":{""age_s"":0.009125709533691406,""channels"":3,""force"":[0.2797647141426207,0.24478111601999775],""has_data"":true,""last_update_ts"":1784119496.0975125,""raw"":[15787,16369,15637]},""thumb"":{""age_s"":0.009125709533691406,""channels"":3,""force"":[0.0,-2.220446049250313e-16],""has_data"":true,""last_update_ts"":1784119496.0975125,""raw"":[0,0,0]}}","{""ble"":{""connection_state"":""connected"",""counter"":1041564,""finger_order"":""DexterController.Visualizer"",""last_error"":null,""last_sample_age_s"":0.009145874995738268,""reconnect_count"":0,""sample_hz"":20.0,""sample_sequence"":377,""timestamp_us"":10460933824},""fingers"":{""index"":{""has_data"":true,""last_update_ts"":1784119496.0975125,""mapped"":true},""middle"":{""has_data"":true,""last_update_ts"":1784119496.0975125,""mapped"":true},""pinky"":{""has_data"":true,""last_update_ts"":1784119496.0975125,""mapped"":true},""ring"":{""has_data"":true,""last_update_ts"":1784119496.0975125,""mapped"":true},""thumb"":{""has_data"":true,""last_update_ts"":1784119496.0975125,""mapped"":true}},""ports"":{""available"":[""BLE:Dexter""],""unavailable"":[]}}"
1784119496.1567981,1784119496.1566596,379,ble,"{""index"":{""age_s"":0.00914621353149414,""channels"":3,""force"":[-0.13122984013906347,-2.2077480475500018],""has_data"":true,""last_update_ts"":1784119496.1475134,""raw"":[15952,15679,19793]},""middle"":{""age_s"":0.00914621353149414,""channels"":3,""force"":[-1.1137712073341053,2.7644724452099982],""has_data"":true,""last_update_ts"":1784119496.1475134,""raw"":[18751,16434,12612]},""pinky"":{""age_s"":0.00914621353149414,""channels"":3,""force"":[-1.021477693390148,-0.750162535830003],""has_data"":true,""last_update_ts"":1784119496.1475134,""raw"":[17416,15291,17705]},""ring"":{""age_s"":0.00914621353149414,""channels"":3,""force"":[0.2768805418318703,0.2475564121199998],""has_data"":true,""last_update_ts"":1784119496.1475134,""raw"":[15793,16369,15635]},""thumb"":{""age_s"":0.00914621353149414,""channels"":3,""force"":[0.0,-2.220446049250313e-16],""has_data"":true,""last_update_ts"":1784119496.1475134,""raw"":[0,0,0]}}","{""ble"":{""connection_state"":""connected"",""counter"":1041569,""finger_order"":""DexterController.Visualizer"",""last_error"":null,""last_sample_age_s"":0.00916903599863872,""reconnect_count"":0,""sample_hz"":20.0,""sample_sequence"":378,""timestamp_us"":10460980768},""fingers"":{""index"":{""has_data"":true,""last_update_ts"":1784119496.1475134,""mapped"":true},""middle"":{""has_data"":true,""last_update_ts"":1784119496.1475134,""mapped"":true},""pinky"":{""has_data"":true,""last_update_ts"":1784119496.1475134,""mapped"":true},""ring"":{""has_data"":true,""last_update_ts"":1784119496.1475134,""mapped"":true},""thumb"":{""has_data"":true,""last_update_ts"":1784119496.1475134,""mapped"":true}},""ports"":{""available"":[""BLE:Dexter""],""unavailable"":[]}}"
1784119496.2068017,1784119496.2066739,380,ble,"{""index"":{""age_s"":0.009159088134765625,""channels"":3,""force"":[-0.2172743140763984,-2.823031192920001],""has_data"":true,""last_update_ts"":1784119496.1975148,""raw"":[15655,15203,20515]},""middle"":{""age_s"":0.009159088134765625,""channels"":3,""force"":[-1.3675783706799862,3.3866938308299996],""has_data"":true,""last_update_ts"":1784119496.1975148,""raw"":[19412,16567,11888]},""pinky"":{""age_s"":0.009159088134765625,""channels"":3,""force"":[-1.02484256108602,-0.7498850062199995],""has_data"":true,""last_update_ts"":1784119496.1975148,""raw"":[17418,15286,17703]},""ring"":{""age_s"":0.009159088134765625,""channels"":3,""force"":[0.2735156741359983,0.25171935626999886],""has_data"":true,""last_update_ts"":1784119496.1975148,""raw"":[15800,16369,15631]},""thumb"":{""age_s"":0.009159088134765625,""channels"":3,""force"":[0.0,-2.220446049250313e-16],""has_data"":true,""last_update_ts"":1784119496.1975148,""raw"":[0,0,0]}}","{""ble"":{""connection_state"":""connected"",""counter"":1041575,""finger_order"":""DexterController.Visualizer"",""last_error"":null,""last_sample_age_s"":0.009180862994980998,""reconnect_count"":0,""sample_hz"":20.0,""sample_sequence"":379,""timestamp_us"":10461037216},""fingers"":{""index"":{""has_data"":true,""last_update_ts"":1784119496.1975148,""mapped"":true},""middle"":{""has_data"":true,""last_update_ts"":1784119496.1975148,""mapped"":true},""pinky"":{""has_data"":true,""last_update_ts"":1784119496.1975148,""mapped"":true},""ring"":{""has_data"":true,""last_update_ts"":1784119496.1975148,""mapped"":true},""thumb"":{""has_data"":true,""last_update_ts"":1784119496.1975148,""mapped"":true}},""ports"":{""available"":[""BLE:Dexter""],""unavailable"":[]}}"
1784119496.256781,1784119496.256666,381,ble,"{""index"":{""age_s"":0.009150505065917969,""channels"":3,""force"":[-0.22111987715739723,-3.0883495000800005],""has_data"":true,""last_update_ts"":1784119496.2475154,""raw"":[15483,15023,20817]},""middle"":{""age_s"":0.009150505065917969,""channels"":3,""force"":[-1.5209201985347889,3.7133461817999978],""has_data"":true,""last_update_ts"":1784119496.2475154,""raw"":[19770,16606,11498]},""pinky"":{""age_s"":0.009150505065917969,""channels"":3,""force"":[-1.0209969980050229,-0.7487748877800033],""has_data"":true,""last_update_ts"":1784119496.2475154,""raw"":[17414,15290,17701]},""ring"":{""age_s"":0.009150505065917969,""channels"":3,""force"":[0.27880332337237057,0.2569924188599968],""has_data"":true,""last_update_ts"":1784119496.2475154,""raw"":[15795,16375,15622]},""thumb"":{""age_s"":0.009150505065917969,""channels"":3,""force"":[0.0,-2.220446049250313e-16],""has_data"":true,""last_update_ts"":1784119496.2475154,""raw"":[0,0,0]}}","{""ble"":{""connection_state"":""connected"",""counter"":1041580,""finger_order"":""DexterController.Visualizer"",""last_error"":null,""last_sample_age_s"":0.009170089004328474,""reconnect_count"":0,""sample_hz"":20.0,""sample_sequence"":380,""timestamp_us"":10461084288},""fingers"":{""index"":{""has_data"":true,""last_update_ts"":1784119496.2475154,""mapped"":true},""middle"":{""has_data"":true,""last_update_ts"":1784119496.2475154,""mapped"":true},""pinky"":{""has_data"":true,""last_update_ts"":1784119496.2475154,""mapped"":true},""ring"":{""has_data"":true,""last_update_ts"":1784119496.2475154,""mapped"":true},""thumb"":{""has_data"":true,""last_update_ts"":1784119496.2475154,""mapped"":true}},""ports"":{""available"":[""BLE:Dexter""],""unavailable"":[]}}"
1784119496.3067818,1784119496.3066692,382,ble,"{""index"":{""age_s"":0.009156942367553711,""channels"":3,""force"":[-0.20621832021852882,-3.403345607430002],""has_data"":true,""last_update_ts"":1784119496.2975123,""raw"":[15278,14849,21195]},""middle"":{""age_s"":0.009156942367553711,""channels"":3,""force"":[-1.5834105986010094,3.9525767056199976],""has_data"":true,""last_update_ts"":1784119496.2975123,""raw"":[19993,16699,11225]},""pinky"":{""age_s"":0.009156942367553711,""channels"":3,""force"":[-1.0291688195521438,-0.7468321805100011],""has_data"":true,""last_update_ts"":1784119496.2975123,""raw"":[17427,15286,17702]},""ring"":{""age_s"":0.009156942367553711,""channels"":3,""force"":[0.27543845567649683,0.24783394172999795],""has_data"":true,""last_update_ts"":1784119496.2975123,""raw"":[15796,16369,15636]},""thumb"":{""age_s"":0.009156942367553711,""channels"":3,""force"":[0.0,-2.220446049250313e-16],""has_data"":true,""last_update_ts"":1784119496.2975123,""raw"":[0,0,0]}}","{""ble"":{""connection_state"":""connected"",""counter"":1041585,""finger_order"":""DexterController.Visualizer"",""last_error"":null,""last_sample_age_s"":0.009175020008115098,""reconnect_count"":0,""sample_hz"":20.0,""sample_sequence"":381,""timestamp_us"":10461131328},""fingers"":{""index"":{""has_data"":true,""last_update_ts"":1784119496.2975123,""mapped"":true},""middle"":{""has_data"":true,""last_update_ts"":1784119496.2975123,""mapped"":true},""pinky"":{""has_data"":true,""last_update_ts"":1784119496.2975123,""mapped"":true},""ring"":{""has_data"":true,""last_update_ts"":1784119496.2975123,""mapped"":true},""thumb"":{""has_data"":true,""last_update_ts"":1784119496.2975123,""mapped"":true}},""ports"":{""available"":[""BLE:Dexter""],""unavailable"":[]}}"
1784119496.356778,1784119496.3566563,383,ble,"{""index"":{""age_s"":0.009145021438598633,""channels"":3,""force"":[-0.18362563711766455,-3.542387942040002],""has_data"":true,""last_update_ts"":1784119496.3475113,""raw"":[15162,14780,21353]},""middle"":{""age_s"":0.009145021438598633,""channels"":3,""force"":[-1.6444589125118565,4.117151764349997],""has_data"":true,""last_update_ts"":1784119496.3475113,""raw"":[20153,16732,11025]},""pinky"":{""age_s"":0.009145021438598633,""channels"":3,""force"":[-0.7628635761930198,-0.64026081027],""has_data"":true,""last_update_ts"":1784119496.3475113,""raw"":[17306,15719,17666]},""ring"":{""age_s"":0.009145021438598633,""channels"":3,""force"":[0.27447706490624846,0.29334879776999756],""has_data"":true,""last_update_ts"":1784119496.3475113,""raw"":[15793,16364,15550]},""thumb"":{""age_s"":0.009145021438598633,""channels"":3,""force"":[0.0,-2.220446049250313e-16],""has_data"":true,""last_update_ts"":1784119496.3475113,""raw"":[0,0,0]}}","{""ble"":{""connection_state"":""connected"",""counter"":1041591,""finger_order"":""DexterController.Visualizer"",""last_error"":null,""last_sample_age_s"":0.009162381989881396,""reconnect_count"":0,""sample_hz"":20.0,""sample_sequence"":382,""timestamp_us"":10461187840},""fingers"":{""index"":{""has_data"":true,""last_update_ts"":1784119496.3475113,""mapped"":true},""middle"":{""has_data"":true,""last_update_ts"":1784119496.3475113,""mapped"":true},""pinky"":{""has_data"":true,""last_update_ts"":1784119496.3475113,""mapped"":true},""ring"":{""has_data"":true,""last_update_ts"":1784119496.3475113,""mapped"":true},""thumb"":{""has_data"":true,""last_update_ts"":1784119496.3475113,""mapped"":true}},""ports"":{""available"":[""BLE:Dexter""],""unavailable"":[]}}"
1784119496.406786,1784119496.4066577,384,ble,"{""index"":{""age_s"":0.009145975112915039,""channels"":3,""force"":[-0.1831449417325377,-3.5565419521500026],""has_data"":true,""last_update_ts"":1784119496.3975117,""raw"":[15156,14775,21373]},""middle"":{""age_s"":0.009145975112915039,""channels"":3,""force"":[-1.685798715632588,4.170437449469999],""has_data"":true,""last_update_ts"":1784119496.3975117,""raw"":[20245,16738,10978]},""pinky"":{""age_s"":0.009145975112915039,""channels"":3,""force"":[-1.0200356072347727,-0.7476647693400018],""has_data"":true,""last_update_ts"":1784119496.3975117,""raw"":[17418,15296,17704]},""ring"":{""age_s"":0.009145975112915039,""channels"":3,""force"":[0.276399846446747,0.24783394172999973],""has_data"":true,""last_update_ts"":1784119496.3975117,""raw"":[15794,16369,15635]},""thumb"":{""age_s"":0.009145975112915039,""channels"":3,""force"":[0.0,-2.220446049250313e-16],""has_data"":true,""last_update_ts"":1784119496.3975117,""raw"":[0,0,0]}}","{""ble"":{""connection_state"":""connected"",""counter"":1041596,""finger_order"":""DexterController.Visualizer"",""last_error"":null,""last_sample_age_s"":0.009168666001642123,""reconnect_count"":0,""sample_hz"":20.0,""sample_sequence"":383,""timestamp_us"":10461234752},""fingers"":{""index"":{""has_data"":true,""last_update_ts"":1784119496.3975117,""mapped"":true},""middle"":{""has_data"":true,""last_update_ts"":1784119496.3975117,""mapped"":true},""pinky"":{""has_data"":true,""last_update_ts"":1784119496.3975117,""mapped"":true},""ring"":{""has_data"":true,""last_update_ts"":1784119496.3975117,""mapped"":true},""thumb"":{""has_data"":true,""last_update_ts"":1784119496.3975117,""mapped"":true}},""ports"":{""available"":[""BLE:Dexter""],""unavailable"":[]}}"
1784119496.4568121,1784119496.4566739,385,ble,"{""index"":{""age_s"":0.009163856506347656,""channels"":3,""force"":[-0.16680129863829585,-3.698637112470002],""has_data"":true,""last_update_ts"":1784119496.44751,""raw"":[15045,14698,21535]},""middle"":{""age_s"":0.009163856506347656,""channels"":3,""force"":[-1.7103141802739525,4.275621171659999],""has_data"":true,""last_update_ts"":1784119496.44751,""raw"":[20341,16783,10859]},""pinky"":{""age_s"":0.009163856506347656,""channels"":3,""force"":[-1.02484256108602,-0.7498850062200031],""has_data"":true,""last_update_ts"":1784119496.44751,""raw"":[17415,15283,17700]},""ring"":{""age_s"":0.009163856506347656,""channels"":3,""force"":[0.27303497875087146,0.24700135289999725],""has_data"":true,""last_update_ts"":1784119496.44751,""raw"":[15799,16367,15638]},""thumb"":{""age_s"":0.009163856506347656,""channels"":3,""force"":[0.0,-2.220446049250313e-16],""has_data"":true,""last_update_ts"":1784119496.44751,""raw"":[0,0,0]}}","{""ble"":{""connection_state"":""connected"",""counter"":1041601,""finger_order"":""DexterController.Visualizer"",""last_error"":null,""last_sample_age_s"":0.009193031000904739,""reconnect_count"":0,""sample_hz"":20.0,""sample_sequence"":384,""timestamp_us"":10461281760},""fingers"":{""index"":{""has_data"":true,""last_update_ts"":1784119496.44751,""mapped"":true},""middle"":{""has_data"":true,""last_update_ts"":1784119496.44751,""mapped"":true},""pinky"":{""has_data"":true,""last_update_ts"":1784119496.44751,""mapped"":true},""ring"":{""has_data"":true,""last_update_ts"":1784119496.44751,""mapped"":true},""thumb"":{""has_data"":true,""last_update_ts"":1784119496.44751,""mapped"":true}},""ports"":{""available"":[""BLE:Dexter""],""unavailable"":[]}}"
1784119496.5068417,1784119496.5066612,386,ble,"{""index"":{""age_s"":0.009105682373046875,""channels"":3,""force"":[-0.15718739093580147,-3.612047874150001],""has_data"":true,""last_update_ts"":1784119496.4975555,""raw"":[15088,14761,21432]},""middle"":{""age_s"":0.009105682373046875,""channels"":3,""force"":[-1.7526153741649306,4.216784894339998],""has_data"":true,""last_update_ts"":1784119496.4975555,""raw"":[20355,16709,10935]},""pinky"":{""age_s"":0.009105682373046875,""channels"":3,""force"":[-1.0238811703157715,-0.7471097101200019],""has_data"":true,""last_update_ts"":1784119496.4975555,""raw"":[17416,15286,17697]},""ring"":{""age_s"":0.009105682373046875,""channels"":3,""force"":[0.2845716679938679,0.2586575965199964],""has_data"":true,""last_update_ts"":1784119496.4975555,""raw"":[15799,16391,15629]},""thumb"":{""age_s"":0.009105682373046875,""channels"":3,""force"":[0.0,-2.220446049250313e-16],""has_data"":true,""last_update_ts"":1784119496.4975555,""raw"":[0,0,0]}}","{""ble"":{""connection_state"":""connected"",""counter"":1041607,""finger_order"":""DexterController.Visualizer"",""last_error"":null,""last_sample_age_s"":0.009132064005825669,""reconnect_count"":0,""sample_hz"":20.0,""sample_sequence"":385,""timestamp_us"":10461338400},""fingers"":{""index"":{""has_data"":true,""last_update_ts"":1784119496.4975555,""mapped"":true},""middle"":{""has_data"":true,""last_update_ts"":1784119496.4975555,""mapped"":true},""pinky"":{""has_data"":true,""last_update_ts"":1784119496.4975555,""mapped"":true},""ring"":{""has_data"":true,""last_update_ts"":1784119496.4975555,""mapped"":true},""thumb"":{""has_data"":true,""last_update_ts"":1784119496.4975555,""mapped"":true}},""ports"":{""available"":[""BLE:Dexter""],""unavailable"":[]}}"
1784119496.556844,1784119496.5567007,387,ble,"{""index"":{""age_s"":0.009174585342407227,""channels"":3,""force"":[-0.07835334777533909,-3.467177417730002],""has_data"":true,""last_update_ts"":1784119496.5475261,""raw"":[15082,14919,21247]},""middle"":{""age_s"":0.009174585342407227,""channels"":3,""force"":[-1.6973354048755809,3.8207501408699995],""has_data"":true,""last_update_ts"":1784119496.5475261,""raw"":[20072,16541,11423]},""pinky"":{""age_s"":0.009174585342407227,""channels"":3,""force"":[-1.0205163026198978,-0.7518277134899991],""has_data"":true,""last_update_ts"":1784119496.5475261,""raw"":[17410,15287,17703]},""ring"":{""age_s"":0.009174585342407227,""channels"":3,""force"":[0.27159289259550157,0.2500541786100001],""has_data"":true,""last_update_ts"":1784119496.5475261,""raw"":[15799,16364,15631]},""thumb"":{""age_s"":0.009174585342407227,""channels"":3,""force"":[0.0,-2.220446049250313e-16],""has_data"":true,""last_update_ts"":1784119496.5475261,""raw"":[0,0,0]}}","{""ble"":{""connection_state"":""connected"",""counter"":1041612,""finger_order"":""DexterController.Visualizer"",""last_error"":null,""last_sample_age_s"":0.009200486005283892,""reconnect_count"":0,""sample_hz"":20.0,""sample_sequence"":386,""timestamp_us"":10461385376},""fingers"":{""index"":{""has_data"":true,""last_update_ts"":1784119496.5475261,""mapped"":true},""middle"":{""has_data"":true,""last_update_ts"":1784119496.5475261,""mapped"":true},""pinky"":{""has_data"":true,""last_update_ts"":1784119496.5475261,""mapped"":true},""ring"":{""has_data"":true,""last_update_ts"":1784119496.5475261,""mapped"":true},""thumb"":{""has_data"":true,""last_update_ts"":1784119496.5475261,""mapped"":true}},""ports"":{""available"":[""BLE:Dexter""],""unavailable"":[]}}"
1784119496.6068075,1784119496.6066842,388,ble,"{""index"":{""age_s"":0.009154796600341797,""channels"":3,""force"":[-0.020669901560365744,-3.0486627658500005],""has_data"":true,""last_update_ts"":1784119496.5975294,""raw"":[15286,15243,20757]},""middle"":{""age_s"":0.009154796600341797,""channels"":3,""force"":[-1.4819838723396845,3.1807668602099968],""has_data"":true,""last_update_ts"":1784119496.5975294,""raw"":[19454,16371,12182]},""pinky"":{""age_s"":0.009154796600341797,""channels"":3,""force"":[-1.0190742164645226,-0.7498850062200022],""has_data"":true,""last_update_ts"":1784119496.5975294,""raw"":[17415,15295,17706]},""ring"":{""age_s"":0.009154796600341797,""channels"":3,""force"":[0.27351567413599476,0.2467238232899991],""has_data"":true,""last_update_ts"":1784119496.5975294,""raw"":[15797,16366,15637]},""thumb"":{""age_s"":0.009154796600341797,""channels"":3,""force"":[0.0,-2.220446049250313e-16],""has_data"":true,""last_update_ts"":1784119496.5975294,""raw"":[0,0,0]}}","{""ble"":{""connection_state"":""connected"",""counter"":1041617,""finger_order"":""DexterController.Visualizer"",""last_error"":null,""last_sample_age_s"":0.009175601997412741,""reconnect_count"":0,""sample_hz"":20.0,""sample_sequence"":387,""timestamp_us"":10461432320},""fingers"":{""index"":{""has_data"":true,""last_update_ts"":1784119496.5975294,""mapped"":true},""middle"":{""has_data"":true,""last_update_ts"":1784119496.5975294,""mapped"":true},""pinky"":{""has_data"":true,""last_update_ts"":1784119496.5975294,""mapped"":true},""ring"":{""has_data"":true,""last_update_ts"":1784119496.5975294,""mapped"":true},""thumb"":{""has_data"":true,""last_update_ts"":1784119496.5975294,""mapped"":true}},""ports"":{""available"":[""BLE:Dexter""],""unavailable"":[]}}"
1784119496.6568897,1784119496.6566823,389,ble,"{""index"":{""age_s"":0.009152412414550781,""channels"":3,""force"":[0.015382252323991707,-2.9617959979200013],""has_data"":true,""last_update_ts"":1784119496.6475298,""raw"":[15305,15337,20657]},""middle"":{""age_s"":0.009152412414550781,""channels"":3,""force"":[-1.262306081337659,3.0367289926199996],""has_data"":true,""last_update_ts"":1784119496.6475298,""raw"":[19126,16500,12342]},""pinky"":{""age_s"":0.009152412414550781,""channels"":3,""force"":[-1.018112825694276,-0.7504400654400012],""has_data"":true,""last_update_ts"":1784119496.6475298,""raw"":[17417,15299,17710]},""ring"":{""age_s"":0.009152412414550781,""channels"":3,""force"":[0.2739963695211234,0.24977664899999752],""has_data"":true,""last_update_ts"":1784119496.6475298,""raw"":[15799,16369,15634]},""thumb"":{""age_s"":0.009152412414550781,""channels"":3,""force"":[0.0,-2.220446049250313e-16],""has_data"":true,""last_update_ts"":1784119496.6475298,""raw"":[0,0,0]}}","{""ble"":{""connection_state"":""connected"",""counter"":1041623,""finger_order"":""DexterController.Visualizer"",""last_error"":null,""last_sample_age_s"":0.00917343600303866,""reconnect_count"":0,""sample_hz"":20.0,""sample_sequence"":388,""timestamp_us"":10461488768},""fingers"":{""index"":{""has_data"":true,""last_update_ts"":1784119496.6475298,""mapped"":true},""middle"":{""has_data"":true,""last_update_ts"":1784119496.6475298,""mapped"":true},""pinky"":{""has_data"":true,""last_update_ts"":1784119496.6475298,""mapped"":true},""ring"":{""has_data"":true,""last_update_ts"":1784119496.6475298,""mapped"":true},""thumb"":{""has_data"":true,""last_update_ts"":1784119496.6475298,""mapped"":true}},""ports"":{""available"":[""BLE:Dexter""],""unavailable"":[]}}"
1784119496.7069266,1784119496.7066953,390,ble,"{""index"":{""age_s"":0.009149551391601562,""channels"":3,""force"":[0.0004806953851250739,-2.704526049450002],""has_data"":true,""last_update_ts"":1784119496.6975458,""raw"":[15469,15470,20342]},""middle"":{""age_s"":0.009149551391601562,""channels"":3,""force"":[-1.1978928997309417,2.8357975549799974],""has_data"":true,""last_update_ts"":1784119496.6975458,""raw"":[18934,16442,12579]},""pinky"":{""age_s"":0.009149551391601562,""channels"":3,""force"":[-1.0238811703157733,-0.7454445324600014],""has_data"":true,""last_update_ts"":1784119496.6975458,""raw"":[17420,15290,17698]},""ring"":{""age_s"":0.009149551391601562,""channels"":3,""force"":[0.2864944495343682,0.2553272411999963],""has_data"":true,""last_update_ts"":1784119496.6975458,""raw"":[15791,16387,15629]},""thumb"":{""age_s"":0.009149551391601562,""channels"":3,""force"":[0.0,-2.220446049250313e-16],""has_data"":true,""last_update_ts"":1784119496.6975458,""raw"":[0,0,0]}}","{""ble"":{""connection_state"":""connected"",""counter"":1041628,""finger_order"":""DexterController.Visualizer"",""last_error"":null,""last_sample_age_s"":0.00918827900022734,""reconnect_count"":0,""sample_hz"":20.0,""sample_sequence"":389,""timestamp_us"":10461535808},""fingers"":{""index"":{""has_data"":true,""last_update_ts"":1784119496.6975458,""mapped"":true},""middle"":{""has_data"":true,""last_update_ts"":1784119496.6975458,""mapped"":true},""pinky"":{""has_data"":true,""last_update_ts"":1784119496.6975458,""mapped"":true},""ring"":{""has_data"":true,""last_update_ts"":1784119496.6975458,""mapped"":true},""thumb"":{""has_data"":true,""last_update_ts"":1784119496.6975458,""mapped"":true}},""ports"":{""available"":[""BLE:Dexter""],""unavailable"":[]}}"
1784119496.7568293,1784119496.756685,391,ble,"{""index"":{""age_s"":0.009157896041870117,""channels"":3,""force"":[-0.0456660615868536,-2.325975661410004],""has_data"":true,""last_update_ts"":1784119496.7475271,""raw"":[15758,15663,19901]},""middle"":{""age_s"":0.009157896041870117,""channels"":3,""force"":[-1.1233851150365979,2.614606455809997],""has_data"":true,""last_update_ts"":1784119496.7475271,""raw"":[18714,16377,12835]},""pinky"":{""age_s"":0.009157896041870117,""channels"":3,""force"":[-1.0205163026198978,-0.7496074766100032],""has_data"":true,""last_update_ts"":1784119496.7475271,""raw"":[17416,15293,17705]},""ring"":{""age_s"":0.009157896041870117,""channels"":3,""force"":[0.2759191510616219,0.24866653055999777],""has_data"":true,""last_update_ts"":1784119496.7475271,""raw"":[15794,16368,15633]},""thumb"":{""age_s"":0.009157896041870117,""channels"":3,""force"":[0.0,-2.220446049250313e-16],""has_data"":true,""last_update_ts"":1784119496.7475271,""raw"":[0,0,0]}}","{""ble"":{""connection_state"":""connected"",""counter"":1041633,""finger_order"":""DexterController.Visualizer"",""last_error"":null,""last_sample_age_s"":0.009182936992147006,""reconnect_count"":0,""sample_hz"":20.0,""sample_sequence"":390,""timestamp_us"":10461582784},""fingers"":{""index"":{""has_data"":true,""last_update_ts"":1784119496.7475271,""mapped"":true},""middle"":{""has_data"":true,""last_update_ts"":1784119496.7475271,""mapped"":true},""pinky"":{""has_data"":true,""last_update_ts"":1784119496.7475271,""mapped"":true},""ring"":{""has_data"":true,""last_update_ts"":1784119496.7475271,""mapped"":true},""thumb"":{""has_data"":true,""last_update_ts"":1784119496.7475271,""mapped"":true}},""ports"":{""available"":[""BLE:Dexter""],""unavailable"":[]}}"
1784119496.806865,1784119496.8067126,392,ble,"{""index"":{""age_s"":0.009186506271362305,""channels"":3,""force"":[0.005768344621497334,-1.3543444968000022],""has_data"":true,""last_update_ts"":1784119496.7975261,""raw"":[16306,16318,18752]},""middle"":{""age_s"":0.009186506271362305,""channels"":3,""force"":[-0.9325490471420643,2.145858944519998],""has_data"":true,""last_update_ts"":1784119496.7975261,""raw"":[18215,16275,13379]},""pinky"":{""age_s"":0.009186506271362305,""channels"":3,""force"":[-1.022439084160398,-0.7490524173900015],""has_data"":true,""last_update_ts"":1784119496.7975261,""raw"":[17412,15285,17698]},""ring"":{""age_s"":0.009186506271362305,""channels"":3,""force"":[0.2773612372169936,0.25005417860999657],""has_data"":true,""last_update_ts"":1784119496.7975261,""raw"":[15790,16367,15628]},""thumb"":{""age_s"":0.009186506271362305,""channels"":3,""force"":[0.0,-2.220446049250313e-16],""has_data"":true,""last_update_ts"":1784119496.7975261,""raw"":[0,0,0]}}","{""ble"":{""connection_state"":""connected"",""counter"":1041639,""finger_order"":""DexterController.Visualizer"",""last_error"":null,""last_sample_age_s"":0.009212363002006896,""reconnect_count"":0,""sample_hz"":20.0,""sample_sequence"":391,""timestamp_us"":10461639072},""fingers"":{""index"":{""has_data"":true,""last_update_ts"":1784119496.7975261,""mapped"":true},""middle"":{""has_data"":true,""last_update_ts"":1784119496.7975261,""mapped"":true},""pinky"":{""has_data"":true,""last_update_ts"":1784119496.7975261,""mapped"":true},""ring"":{""has_data"":true,""last_update_ts"":1784119496.7975261,""mapped"":true},""thumb"":{""has_data"":true,""last_update_ts"":1784119496.7975261,""mapped"":true}},""ports"":{""available"":[""BLE:Dexter""],""unavailable"":[]}}"
1784119496.8568044,1784119496.8566732,393,ble,"{""index"":{""age_s"":0.009147167205810547,""channels"":3,""force"":[0.18554841865816307,-0.7237972228800027],""has_data"":true,""last_update_ts"":1784119496.847526,""raw"":[16483,16869,17980]},""middle"":{""age_s"":0.009147167205810547,""channels"":3,""force"":[-0.7806493054426351,1.548060164579998],""has_data"":true,""last_update_ts"":1784119496.847526,""raw"":[17651,16027,14050]},""pinky"":{""age_s"":0.009147167205810547,""channels"":3,""force"":[-0.5922167144737234,-0.5334119104200017],""has_data"":true,""last_update_ts"":1784119496.847526,""raw"":[17301,16069,17646]},""ring"":{""age_s"":0.009147167205810547,""channels"":3,""force"":[0.29995392031785784,0.3413614202999993],""has_data"":true,""last_update_ts"":1784119496.847526,""raw"":[15772,16396,15469]},""thumb"":{""age_s"":0.009147167205810547,""channels"":3,""force"":[0.0,-2.220446049250313e-16],""has_data"":true,""last_update_ts"":1784119496.847526,""raw"":[0,0,0]}}","{""ble"":{""connection_state"":""connected"",""counter"":1041644,""finger_order"":""DexterController.Visualizer"",""last_error"":null,""last_sample_age_s"":0.009167994998279028,""reconnect_count"":0,""sample_hz"":20.0,""sample_sequence"":392,""timestamp_us"":10461686080},""fingers"":{""index"":{""has_data"":true,""last_update_ts"":1784119496.847526,""mapped"":true},""middle"":{""has_data"":true,""last_update_ts"":1784119496.847526,""mapped"":true},""pinky"":{""has_data"":true,""last_update_ts"":1784119496.847526,""mapped"":true},""ring"":{""has_data"":true,""last_update_ts"":1784119496.847526,""mapped"":true},""thumb"":{""has_data"":true,""last_update_ts"":1784119496.847526,""mapped"":true}},""ports"":{""available"":[""BLE:Dexter""],""unavailable"":[]}}"
1784119496.906796,1784119496.9066556,394,ble,"{""index"":{""age_s"":0.00914621353149414,""channels"":3,""force"":[0.302357397243485,-0.503716242150003],""has_data"":true,""last_update_ts"":1784119496.8975093,""raw"":[16502,17131,17724]},""middle"":{""age_s"":0.00914621353149414,""channels"":3,""force"":[-0.6398055576010737,1.0471192185299971],""has_data"":true,""last_update_ts"":1784119496.8975093,""raw"":[17238,15907,14686]},""pinky"":{""age_s"":0.00914621353149414,""channels"":3,""force"":[-1.0238811703157733,-0.7454445324600014],""has_data"":true,""last_update_ts"":1784119496.8975093,""raw"":[17424,15294,17702]},""ring"":{""age_s"":0.00914621353149414,""channels"":3,""force"":[0.27447706490624846,0.24727888250999808],""has_data"":true,""last_update_ts"":1784119496.8975093,""raw"":[15794,16365,15634]},""thumb"":{""age_s"":0.00914621353149414,""channels"":3,""force"":[0.0,-2.220446049250313e-16],""has_data"":true,""last_update_ts"":1784119496.8975093,""raw"":[0,0,0]}}","{""ble"":{""connection_state"":""connected"",""counter"":1041649,""finger_order"":""DexterController.Visualizer"",""last_error"":null,""last_sample_age_s"":0.0091696079907706,""reconnect_count"":0,""sample_hz"":20.0,""sample_sequence"":393,""timestamp_us"":10461733120},""fingers"":{""index"":{""has_data"":true,""last_update_ts"":1784119496.8975093,""mapped"":true},""middle"":{""has_data"":true,""last_update_ts"":1784119496.8975093,""mapped"":true},""pinky"":{""has_data"":true,""last_update_ts"":1784119496.8975093,""mapped"":true},""ring"":{""has_data"":true,""last_update_ts"":1784119496.8975093,""mapped"":true},""thumb"":{""has_data"":true,""last_update_ts"":1784119496.8975093,""mapped"":true}},""ports"":{""available"":[""BLE:Dexter""],""unavailable"":[]}}"
1784119496.9568646,1784119496.9566596,395,ble,"{""index"":{""age_s"":0.009146451950073242,""channels"":3,""force"":[0.27928401875749564,-0.3260972917500027],""has_data"":true,""last_update_ts"":1784119496.947513,""raw"":[16646,17227,17524]},""middle"":{""age_s"":0.009146451950073242,""channels"":3,""force"":[-0.5854869790819777,0.6921588473399991],""has_data"":true,""last_update_ts"":1784119496.947513,""raw"":[16942,15724,15086]},""pinky"":{""age_s"":0.009146451950073242,""channels"":3,""force"":[-1.0262846472413951,-0.7501625358300004],""has_data"":true,""last_update_ts"":1784119496.947513,""raw"":[17422,15287,17706]},""ring"":{""age_s"":0.009146451950073242,""channels"":3,""force"":[0.27495776029137176,0.24922158977999942],""has_data"":true,""last_update_ts"":1784119496.947513,""raw"":[15793,16365,15630]},""thumb"":{""age_s"":0.009146451950073242,""channels"":3,""force"":[0.0,-2.220446049250313e-16],""has_data"":true,""last_update_ts"":1784119496.947513,""raw"":[0,0,0]}}","{""ble"":{""connection_state"":""connected"",""counter"":1041654,""finger_order"":""DexterController.Visualizer"",""last_error"":null,""last_sample_age_s"":0.009167052005068399,""reconnect_count"":0,""sample_hz"":20.0,""sample_sequence"":394,""timestamp_us"":10461780128},""fingers"":{""index"":{""has_data"":true,""last_update_ts"":1784119496.947513,""mapped"":true},""middle"":{""has_data"":true,""last_update_ts"":1784119496.947513,""mapped"":true},""pinky"":{""has_data"":true,""last_update_ts"":1784119496.947513,""mapped"":true},""ring"":{""has_data"":true,""last_update_ts"":1784119496.947513,""mapped"":true},""thumb"":{""has_data"":true,""last_update_ts"":1784119496.947513,""mapped"":true}},""ports"":{""available"":[""BLE:Dexter""],""unavailable"":[]}}"
1784119497.006798,1784119497.006658,396,ble,"{""index"":{""age_s"":0.009145021438598633,""channels"":3,""force"":[0.27928401875749564,-0.20564944101000115],""has_data"":true,""last_update_ts"":1784119496.997513,""raw"":[16725,17306,17386]},""middle"":{""age_s"":0.009145021438598633,""channels"":3,""force"":[-0.5412630036504975,0.3535727231399983],""has_data"":true,""last_update_ts"":1784119496.997513,""raw"":[16687,15561,15487]},""pinky"":{""age_s"":0.009145021438598633,""channels"":3,""force"":[-1.0214776933901462,-0.7446119436300025],""has_data"":true,""last_update_ts"":1784119496.997513,""raw"":[17418,15293,17697]},""ring"":{""age_s"":0.009145021438598633,""channels"":3,""force"":[0.2759191510616219,0.24755641211999801],""has_data"":true,""last_update_ts"":1784119496.997513,""raw"":[15796,16370,15637]},""thumb"":{""age_s"":0.009145021438598633,""channels"":3,""force"":[0.0,-2.220446049250313e-16],""has_data"":true,""last_update_ts"":1784119496.997513,""raw"":[0,0,0]}}","{""ble"":{""connection_state"":""connected"",""counter"":1041660,""finger_order"":""DexterController.Visualizer"",""last_error"":null,""last_sample_age_s"":0.009165651994408108,""reconnect_count"":0,""sample_hz"":20.0,""sample_sequence"":395,""timestamp_us"":10461836576},""fingers"":{""index"":{""has_data"":true,""last_update_ts"":1784119496.997513,""mapped"":true},""middle"":{""has_data"":true,""last_update_ts"":1784119496.997513,""mapped"":true},""pinky"":{""has_data"":true,""last_update_ts"":1784119496.997513,""mapped"":true},""ring"":{""has_data"":true,""last_update_ts"":1784119496.997513,""mapped"":true},""thumb"":{""has_data"":true,""last_update_ts"":1784119496.997513,""mapped"":true}},""ports"":{""available"":[""BLE:Dexter""],""unavailable"":[]}}"
1784119497.0567946,1784119497.056661,397,ble,"{""index"":{""age_s"":0.009149551391601562,""channels"":3,""force"":[0.30139600647323483,-0.10129830765000314],""has_data"":true,""last_update_ts"":1784119497.0475113,""raw"":[16761,17388,17257]},""middle"":{""age_s"":0.009149551391601562,""channels"":3,""force"":[-0.49030929282726987,0.1848347202599987],""has_data"":true,""last_update_ts"":1784119497.0475113,""raw"":[16526,15506,15683]},""pinky"":{""age_s"":0.009149551391601562,""channels"":3,""force"":[-1.02484256108602,-0.7476647693400018],""has_data"":true,""last_update_ts"":1784119497.0475113,""raw"":[17423,15291,17704]},""ring"":{""age_s"":0.009149551391601562,""channels"":3,""force"":[0.27543845567649683,0.2489440601699977],""has_data"":true,""last_update_ts"":1784119497.0475113,""raw"":[15796,16369,15634]},""thumb"":{""age_s"":0.009149551391601562,""channels"":3,""force"":[0.0,-2.220446049250313e-16],""has_data"":true,""last_update_ts"":1784119497.0475113,""raw"":[0,0,0]}}","{""ble"":{""connection_state"":""connected"",""counter"":1041665,""finger_order"":""DexterController.Visualizer"",""last_error"":null,""last_sample_age_s"":0.009172666992526501,""reconnect_count"":0,""sample_hz"":20.0,""sample_sequence"":396,""timestamp_us"":10461883616},""fingers"":{""index"":{""has_data"":true,""last_update_ts"":1784119497.0475113,""mapped"":true},""middle"":{""has_data"":true,""last_update_ts"":1784119497.0475113,""mapped"":true},""pinky"":{""has_data"":true,""last_update_ts"":1784119497.0475113,""mapped"":true},""ring"":{""has_data"":true,""last_update_ts"":1784119497.0475113,""mapped"":true},""thumb"":{""has_data"":true,""last_update_ts"":1784119497.0475113,""mapped"":true}},""ports"":{""available"":[""BLE:Dexter""],""unavailable"":[]}}"
1784119497.106792,1784119497.1066616,398,ble,"{""index"":{""age_s"":0.009143829345703125,""channels"":3,""force"":[0.31052921879060413,0.052730625899997996],""has_data"":true,""last_update_ts"":1784119497.0975177,""raw"":[16861,17507,17089]},""middle"":{""age_s"":0.009143829345703125,""channels"":3,""force"":[-0.4768498220437767,-0.04440473760000163],""has_data"":true,""last_update_ts"":1784119497.0975177,""raw"":[16368,15376,15952]},""pinky"":{""age_s"":0.009143829345703125,""channels"":3,""force"":[-1.0229197795455214,-0.7521052431000008],""has_data"":true,""last_update_ts"":1784119497.0975177,""raw"":[17416,15288,17707]},""ring"":{""age_s"":0.009143829345703125,""channels"":3,""force"":[0.27303497875087146,0.2503317082199983],""has_data"":true,""last_update_ts"":1784119497.0975177,""raw"":[15799,16367,15632]},""thumb"":{""age_s"":0.009143829345703125,""channels"":3,""force"":[0.0,-2.220446049250313e-16],""has_data"":true,""last_update_ts"":1784119497.0975177,""raw"":[0,0,0]}}","{""ble"":{""connection_state"":""connected"",""counter"":1041670,""finger_order"":""DexterController.Visualizer"",""last_error"":null,""last_sample_age_s"":0.009164659000816755,""reconnect_count"":0,""sample_hz"":20.0,""sample_sequence"":397,""timestamp_us"":10461930656},""fingers"":{""index"":{""has_data"":true,""last_update_ts"":1784119497.0975177,""mapped"":true},""middle"":{""has_data"":true,""last_update_ts"":1784119497.0975177,""mapped"":true},""pinky"":{""has_data"":true,""last_update_ts"":1784119497.0975177,""mapped"":true},""ring"":{""has_data"":true,""last_update_ts"":1784119497.0975177,""mapped"":true},""thumb"":{""has_data"":true,""last_update_ts"":1784119497.0975177,""mapped"":true}},""ports"":{""available"":[""BLE:Dexter""],""unavailable"":[]}}"
1784119497.156784,1784119497.1566677,399,ble,"{""index"":{""age_s"":0.009157896041870117,""channels"":3,""force"":[0.35331110806671084,0.3055601006099975],""has_data"":true,""last_update_ts"":1784119497.1475098,""raw"":[16963,17698,16780]},""middle"":{""age_s"":0.009157896041870117,""channels"":3,""force"":[-0.46675521895615724,-0.4687475112900019],""has_data"":true,""last_update_ts"":1784119497.1475098,""raw"":[16051,15080,16410]},""pinky"":{""age_s"":0.009157896041870117,""channels"":3,""force"":[-0.48213747128014894,-0.4859543471100034],""has_data"":true,""last_update_ts"":1784119497.1475098,""raw"":[17259,16256,17633]},""ring"":{""age_s"":0.009157896041870117,""channels"":3,""force"":[0.29803113877736287,0.36189861143999735],""has_data"":true,""last_update_ts"":1784119497.1475098,""raw"":[15774,16394,15432]},""thumb"":{""age_s"":0.009157896041870117,""channels"":3,""force"":[0.0,-2.220446049250313e-16],""has_data"":true,""last_update_ts"":1784119497.1475098,""raw"":[0,0,0]}}","{""ble"":{""connection_state"":""connected"",""counter"":1041676,""finger_order"":""DexterController.Visualizer"",""last_error"":null,""last_sample_age_s"":0.00917795799614396,""reconnect_count"":0,""sample_hz"":20.0,""sample_sequence"":398,""timestamp_us"":10461987168},""fingers"":{""index"":{""has_data"":true,""last_update_ts"":1784119497.1475098,""mapped"":true},""middle"":{""has_data"":true,""last_update_ts"":1784119497.1475098,""mapped"":true},""pinky"":{""has_data"":true,""last_update_ts"":1784119497.1475098,""mapped"":true},""ring"":{""has_data"":true,""last_update_ts"":1784119497.1475098,""mapped"":true},""thumb"":{""has_data"":true,""last_update_ts"":1784119497.1475098,""mapped"":true}},""ports"":{""available"":[""BLE:Dexter""],""unavailable"":[]}}"
1784119497.207193,1784119497.2069504,400,ble,"{""index"":{""age_s"":0.009400606155395508,""channels"":3,""force"":[0.45521852971316257,0.8184348198899993],""has_data"":true,""last_update_ts"":1784119497.1975498,""raw"":[17186,18133,16185]},""middle"":{""age_s"":0.009400606155395508,""channels"":3,""force"":[-0.34321650497908784,-1.1212196244000028],""has_data"":true,""last_update_ts"":1784119497.1975498,""raw"":[15560,14846,17223]},""pinky"":{""age_s"":0.009400606155395508,""channels"":3,""force"":[-1.0229197795455232,-0.7443344140200017],""has_data"":true,""last_update_ts"":1784119497.1975498,""raw"":[17421,15293,17698]},""ring"":{""age_s"":0.009400606155395508,""channels"":3,""force"":[0.2768805418318703,0.2614328926199967],""has_data"":true,""last_update_ts"":1784119497.1975498,""raw"":[15800,16376,15617]},""thumb"":{""age_s"":0.009400606155395508,""channels"":3,""force"":[0.0,-2.220446049250313e-16],""has_data"":true,""last_update_ts"":1784119497.1975498,""raw"":[0,0,0]}}","{""ble"":{""connection_state"":""connected"",""counter"":1041681,""finger_order"":""DexterController.Visualizer"",""last_error"":null,""last_sample_age_s"":0.009439946006750688,""reconnect_count"":0,""sample_hz"":20.0,""sample_sequence"":399,""timestamp_us"":10462034272},""fingers"":{""index"":{""has_data"":true,""last_update_ts"":1784119497.1975498,""mapped"":true},""middle"":{""has_data"":true,""last_update_ts"":1784119497.1975498,""mapped"":true},""pinky"":{""has_data"":true,""last_update_ts"":1784119497.1975498,""mapped"":true},""ring"":{""has_data"":true,""last_update_ts"":1784119497.1975498,""mapped"":true},""thumb"":{""has_data"":true,""last_update_ts"":1784119497.1975498,""mapped"":true}},""ports"":{""available"":[""BLE:Dexter""],""unavailable"":[]}}"
1784119497.2568173,1784119497.2566826,401,ble,"{""index"":{""age_s"":0.00915837287902832,""channels"":3,""force"":[0.5705854221431075,1.3401904866899992],""has_data"":true,""last_update_ts"":1784119497.2475243,""raw"":[17405,18592,15584]},""middle"":{""age_s"":0.00915837287902832,""channels"":3,""force"":[-0.22256196331277245,-1.525580266170003],""has_data"":true,""last_update_ts"":1784119497.2475243,""raw"":[15176,14713,17693]},""pinky"":{""age_s"":0.00915837287902832,""channels"":3,""force"":[-1.026765342626522,-0.7498850062200004],""has_data"":true,""last_update_ts"":1784119497.2475243,""raw"":[17421,15285,17704]},""ring"":{""age_s"":0.00915837287902832,""channels"":3,""force"":[0.27015080644012635,0.2458912344599966],""has_data"":true,""last_update_ts"":1784119497.2475243,""raw"":[15795,16357,15633]},""thumb"":{""age_s"":0.00915837287902832,""channels"":3,""force"":[0.0,-2.220446049250313e-16],""has_data"":true,""last_update_ts"":1784119497.2475243,""raw"":[0,0,0]}}","{""ble"":{""connection_state"":""connected"",""counter"":1041686,""finger_order"":""DexterController.Visualizer"",""last_error"":null,""last_sample_age_s"":0.009184213005937636,""reconnect_count"":0,""sample_hz"":20.0,""sample_sequence"":400,""timestamp_us"":10462081280},""fingers"":{""index"":{""has_data"":true,""last_update_ts"":1784119497.2475243,""mapped"":true},""middle"":{""has_data"":true,""last_update_ts"":1784119497.2475243,""mapped"":true},""pinky"":{""has_data"":true,""last_update_ts"":1784119497.2475243,""mapped"":true},""ring"":{""has_data"":true,""last_update_ts"":1784119497.2475243,""mapped"":true},""thumb"":{""has_data"":true,""last_update_ts"":1784119497.2475243,""mapped"":true}},""ports"":{""available"":[""BLE:Dexter""],""unavailable"":[]}}"
1784119497.306794,1784119497.30666,402,ble,"{""index"":{""age_s"":0.00914764404296875,""channels"":3,""force"":[0.689797877654053,1.7143004009699974],""has_data"":true,""last_update_ts"":1784119497.2975123,""raw"":[17512,18947,15141]},""middle"":{""age_s"":0.00914764404296875,""channels"":3,""force"":[-0.2148708371507766,-2.0528865251700017],""has_data"":true,""last_update_ts"":1784119497.2975123,""raw"":[14855,14408,18330]},""pinky"":{""age_s"":0.00914764404296875,""channels"":3,""force"":[-1.0229197795455214,-0.7482198285600017],""has_data"":true,""last_update_ts"":1784119497.2975123,""raw"":[17411,15283,17695]},""ring"":{""age_s"":0.00914764404296875,""channels"":3,""force"":[0.28409097260874105,0.25671488924999863],""has_data"":true,""last_update_ts"":1784119497.2975123,""raw"":[15789,16380,15622]},""thumb"":{""age_s"":0.00914764404296875,""channels"":3,""force"":[0.0,-2.220446049250313e-16],""has_data"":true,""last_update_ts"":1784119497.2975123,""raw"":[0,0,0]}}","{""ble"":{""connection_state"":""connected"",""counter"":1041692,""finger_order"":""DexterController.Visualizer"",""last_error"":null,""last_sample_age_s"":0.009173048005322926,""reconnect_count"":0,""sample_hz"":20.0,""sample_sequence"":401,""timestamp_us"":10462137664},""fingers"":{""index"":{""has_data"":true,""last_update_ts"":1784119497.2975123,""mapped"":true},""middle"":{""has_data"":true,""last_update_ts"":1784119497.2975123,""mapped"":true},""pinky"":{""has_data"":true,""last_update_ts"":1784119497.2975123,""mapped"":true},""ring"":{""has_data"":true,""last_update_ts"":1784119497.2975123,""mapped"":true},""thumb"":{""has_data"":true,""last_update_ts"":1784119497.2975123,""mapped"":true}},""ports"":{""available"":[""BLE:Dexter""],""unavailable"":[]}}"
1784119497.3568206,1784119497.3566854,403,ble,"{""index"":{""age_s"":0.009159564971923828,""channels"":3,""force"":[0.7676705300442652,1.873602397109999],""has_data"":true,""last_update_ts"":1784119497.3475258,""raw"":[17516,19113,14939]},""middle"":{""age_s"":0.009159564971923828,""channels"":3,""force"":[-0.14468931092255843,-2.3992434784500034],""has_data"":true,""last_update_ts"":1784119497.3475258,""raw"":[14582,14281,18754]},""pinky"":{""age_s"":0.009159564971923828,""channels"":3,""force"":[-1.0258039518562718,-0.7465546508999994],""has_data"":true,""last_update_ts"":1784119497.3475258,""raw"":[17421,15287,17699]},""ring"":{""age_s"":0.009159564971923828,""channels"":3,""force"":[0.27928401875749564,0.24783394172999884],""has_data"":true,""last_update_ts"":1784119497.3475258,""raw"":[15791,16372,15635]},""thumb"":{""age_s"":0.009159564971923828,""channels"":3,""force"":[0.0,-2.220446049250313e-16],""has_data"":true,""last_update_ts"":1784119497.3475258,""raw"":[0,0,0]}}","{""ble"":{""connection_state"":""connected"",""counter"":1041697,""finger_order"":""DexterController.Visualizer"",""last_error"":null,""last_sample_age_s"":0.009185275004711002,""reconnect_count"":0,""sample_hz"":20.0,""sample_sequence"":402,""timestamp_us"":10462184704},""fingers"":{""index"":{""has_data"":true,""last_update_ts"":1784119497.3475258,""mapped"":true},""middle"":{""has_data"":true,""last_update_ts"":1784119497.3475258,""mapped"":true},""pinky"":{""has_data"":true,""last_update_ts"":1784119497.3475258,""mapped"":true},""ring"":{""has_data"":true,""last_update_ts"":1784119497.3475258,""mapped"":true},""thumb"":{""has_data"":true,""last_update_ts"":1784119497.3475258,""mapped"":true}},""ports"":{""available"":[""BLE:Dexter""],""unavailable"":[]}}"
1784119497.4067953,1784119497.4066708,404,ble,"{""index"":{""age_s"":0.009145498275756836,""channels"":3,""force"":[0.8450624870493577,1.927165611839997],""has_data"":true,""last_update_ts"":1784119497.3975253,""raw"":[17456,19214,14863]},""middle"":{""age_s"":0.009145498275756836,""channels"":3,""force"":[-0.1567066955506764,-2.5799152545599995],""has_data"":true,""last_update_ts"":1784119497.3975253,""raw"":[14519,14193,19004]},""pinky"":{""age_s"":0.009145498275756836,""channels"":3,""force"":[-1.0282074287818936,-0.750717595050002],""has_data"":true,""last_update_ts"":1784119497.3975253,""raw"":[17426,15287,17709]},""ring"":{""age_s"":0.009145498275756836,""channels"":3,""force"":[0.27447706490624846,0.25282947470999684],""has_data"":true,""last_update_ts"":1784119497.3975253,""raw"":[15794,16365,15624]},""thumb"":{""age_s"":0.009145498275756836,""channels"":3,""force"":[0.0,-2.220446049250313e-16],""has_data"":true,""last_update_ts"":1784119497.3975253,""raw"":[0,0,0]}}","{""ble"":{""connection_state"":""connected"",""counter"":1041702,""finger_order"":""DexterController.Visualizer"",""last_error"":null,""last_sample_age_s"":0.009167095005977899,""reconnect_count"":0,""sample_hz"":20.0,""sample_sequence"":403,""timestamp_us"":10462231680},""fingers"":{""index"":{""has_data"":true,""last_update_ts"":1784119497.3975253,""mapped"":true},""middle"":{""has_data"":true,""last_update_ts"":1784119497.3975253,""mapped"":true},""pinky"":{""has_data"":true,""last_update_ts"":1784119497.3975253,""mapped"":true},""ring"":{""has_data"":true,""last_update_ts"":1784119497.3975253,""mapped"":true},""thumb"":{""has_data"":true,""last_update_ts"":1784119497.3975253,""mapped"":true}},""ports"":{""available"":[""BLE:Dexter""],""unavailable"":[]}}"
1784119497.456789,1784119497.4566705,405,ble,"{""index"":{""age_s"":0.009145259857177734,""channels"":3,""force"":[0.8618868255287246,1.8919193513699968],""has_data"":true,""last_update_ts"":1784119497.4475253,""raw"":[17399,19192,14887]},""middle"":{""age_s"":0.009145259857177734,""channels"":3,""force"":[-0.15382252323992773,-2.7147946450200005],""has_data"":true,""last_update_ts"":1784119497.4475253,""raw"":[14439,14119,19170]},""pinky"":{""age_s"":0.009145259857177734,""channels"":3,""force"":[-0.8676551701502202,-0.6824453109900022],""has_data"":true,""last_update_ts"":1784119497.4475253,""raw"":[17356,15551,17683]},""ring"":{""age_s"":0.009145259857177734,""channels"":3,""force"":[0.27447706490624846,0.2744767842899991],""has_data"":true,""last_update_ts"":1784119497.4475253,""raw"":[15790,16361,15581]},""thumb"":{""age_s"":0.009145259857177734,""channels"":3,""force"":[0.0,-2.220446049250313e-16],""has_data"":true,""last_update_ts"":1784119497.4475253,""raw"":[0,0,0]}}","{""ble"":{""connection_state"":""connected"",""counter"":1041708,""finger_order"":""DexterController.Visualizer"",""last_error"":null,""last_sample_age_s"":0.009165310009848326,""reconnect_count"":0,""sample_hz"":20.0,""sample_sequence"":404,""timestamp_us"":10462288128},""fingers"":{""index"":{""has_data"":true,""last_update_ts"":1784119497.4475253,""mapped"":true},""middle"":{""has_data"":true,""last_update_ts"":1784119497.4475253,""mapped"":true},""pinky"":{""has_data"":true,""last_update_ts"":1784119497.4475253,""mapped"":true},""ring"":{""has_data"":true,""last_update_ts"":1784119497.4475253,""mapped"":true},""thumb"":{""has_data"":true,""last_update_ts"":1784119497.4475253,""mapped"":true}},""ports"":{""available"":[""BLE:Dexter""],""unavailable"":[]}}"
1784119497.5067866,1784119497.506656,406,ble,"{""index"":{""age_s"":0.009141683578491211,""channels"":3,""force"":[0.8575605670625972,1.9044081838199984],""has_data"":true,""last_update_ts"":1784119497.4975142,""raw"":[17417,19201,14878]},""middle"":{""age_s"":0.009141683578491211,""channels"":3,""force"":[-0.17208894787467077,-2.8763168780400017],""has_data"":true,""last_update_ts"":1784119497.4975142,""raw"":[14376,14018,19379]},""pinky"":{""age_s"":0.009141683578491211,""channels"":3,""force"":[-1.0234004749306482,-0.7462771212900021],""has_data"":true,""last_update_ts"":1784119497.4975142,""raw"":[17413,15284,17693]},""ring"":{""age_s"":0.009141683578491211,""channels"":3,""force"":[0.28457166799386613,0.2597677149599962],""has_data"":true,""last_update_ts"":1784119497.4975142,""raw"":[15796,16388,15624]},""thumb"":{""age_s"":0.009141683578491211,""channels"":3,""force"":[0.0,-2.220446049250313e-16],""has_data"":true,""last_update_ts"":1784119497.4975142,""raw"":[0,0,0]}}","{""ble"":{""connection_state"":""connected"",""counter"":1041713,""finger_order"":""DexterController.Visualizer"",""last_error"":null,""last_sample_age_s"":0.009163466005702503,""reconnect_count"":0,""sample_hz"":20.0,""sample_sequence"":405,""timestamp_us"":10462335040},""fingers"":{""index"":{""has_data"":true,""last_update_ts"":1784119497.4975142,""mapped"":true},""middle"":{""has_data"":true,""last_update_ts"":1784119497.4975142,""mapped"":true},""pinky"":{""has_data"":true,""last_update_ts"":1784119497.4975142,""mapped"":true},""ring"":{""has_data"":true,""last_update_ts"":1784119497.4975142,""mapped"":true},""thumb"":{""has_data"":true,""last_update_ts"":1784119497.4975142,""mapped"":true}},""ports"":{""available"":[""BLE:Dexter""],""unavailable"":[]}}"
1784119497.556785,1784119497.5566685,407,ble,"{""index"":{""age_s"":0.009139060974121094,""channels"":3,""force"":[0.8258346716443636,1.8594483869999978],""has_data"":true,""last_update_ts"":1784119497.5475295,""raw"":[17428,19146,14937]},""middle"":{""age_s"":0.009139060974121094,""channels"":3,""force"":[-0.18122216019204007,-2.9759500080300034],""has_data"":true,""last_update_ts"":1784119497.5475295,""raw"":[14311,13934,19484]},""pinky"":{""age_s"":0.009139060974121094,""channels"":3,""force"":[-1.0277267333967703,-0.7515501838800018],""has_data"":true,""last_update_ts"":1784119497.5475295,""raw"":[17419,15281,17704]},""ring"":{""age_s"":0.009139060974121094,""channels"":3,""force"":[0.2739963695211234,0.24755641211999801],""has_data"":true,""last_update_ts"":1784119497.5475295,""raw"":[15799,16369,15638]},""thumb"":{""age_s"":0.009139060974121094,""channels"":3,""force"":[0.0,-2.220446049250313e-16],""has_data"":true,""last_update_ts"":1784119497.5475295,""raw"":[0,0,0]}}","{""ble"":{""connection_state"":""connected"",""counter"":1041718,""finger_order"":""DexterController.Visualizer"",""last_error"":null,""last_sample_age_s"":0.009165080991806462,""reconnect_count"":0,""sample_hz"":20.0,""sample_sequence"":406,""timestamp_us"":10462382048},""fingers"":{""index"":{""has_data"":true,""last_update_ts"":1784119497.5475295,""mapped"":true},""middle"":{""has_data"":true,""last_update_ts"":1784119497.5475295,""mapped"":true},""pinky"":{""has_data"":true,""last_update_ts"":1784119497.5475295,""mapped"":true},""ring"":{""has_data"":true,""last_update_ts"":1784119497.5475295,""mapped"":true},""thumb"":{""has_data"":true,""last_update_ts"":1784119497.5475295,""mapped"":true}},""ports"":{""available"":[""BLE:Dexter""],""unavailable"":[]}}"
1784119497.6067986,1784119497.6066651,408,ble,"{""index"":{""age_s"":0.009136199951171875,""channels"":3,""force"":[0.8224698039484917,1.8314178963899979],""has_data"":true,""last_update_ts"":1784119497.597529,""raw"":[17407,19118,14963]},""middle"":{""age_s"":0.009136199951171875,""channels"":3,""force"":[-0.19131676327966218,-2.914615964220003],""has_data"":true,""last_update_ts"":1784119497.597529,""raw"":[14376,13978,19428]},""pinky"":{""age_s"":0.009136199951171875,""channels"":3,""force"":[-1.0243618657008966,-0.7501625358300004],""has_data"":true,""last_update_ts"":1784119497.597529,""raw"":[17410,15279,17696]},""ring"":{""age_s"":0.009136199951171875,""channels"":3,""force"":[0.2735156741359983,0.2511642970499972],""has_data"":true,""last_update_ts"":1784119497.597529,""raw"":[15796,16365,15628]},""thumb"":{""age_s"":0.009136199951171875,""channels"":3,""force"":[0.0,-2.220446049250313e-16],""has_data"":true,""last_update_ts"":1784119497.597529,""raw"":[0,0,0]}}","{""ble"":{""connection_state"":""connected"",""counter"":1041724,""finger_order"":""DexterController.Visualizer"",""last_error"":null,""last_sample_age_s"":0.009161743000731803,""reconnect_count"":0,""sample_hz"":20.0,""sample_sequence"":407,""timestamp_us"":10462438592},""fingers"":{""index"":{""has_data"":true,""last_update_ts"":1784119497.597529,""mapped"":true},""middle"":{""has_data"":true,""last_update_ts"":1784119497.597529,""mapped"":true},""pinky"":{""has_data"":true,""last_update_ts"":1784119497.597529,""mapped"":true},""ring"":{""has_data"":true,""last_update_ts"":1784119497.597529,""mapped"":true},""thumb"":{""has_data"":true,""last_update_ts"":1784119497.597529,""mapped"":true}},""ports"":{""available"":[""BLE:Dexter""],""unavailable"":[]}}"
1784119497.6567774,1784119497.6566615,409,ble,"{""index"":{""age_s"":0.009132623672485352,""channels"":3,""force"":[0.7993964254625023,1.607729030729998],""has_data"":true,""last_update_ts"":1784119497.647529,""raw"":[17297,18960,15232]},""middle"":{""age_s"":0.009132623672485352,""channels"":3,""force"":[-0.20525692944827956,-2.7855646955700033],""has_data"":true,""last_update_ts"":1784119497.647529,""raw"":[14463,14036,19268]},""pinky"":{""age_s"":0.009132623672485352,""channels"":3,""force"":[-1.0238811703157715,-0.7459995916800004],""has_data"":true,""last_update_ts"":1784119497.647529,""raw"":[17416,15286,17695]},""ring"":{""age_s"":0.009132623672485352,""channels"":3,""force"":[0.27447706490624846,0.24894406016999948],""has_data"":true,""last_update_ts"":1784119497.647529,""raw"":[15794,16365,15631]},""thumb"":{""age_s"":0.009132623672485352,""channels"":3,""force"":[0.0,-2.220446049250313e-16],""has_data"":true,""last_update_ts"":1784119497.647529,""raw"":[0,0,0]}}","{""ble"":{""connection_state"":""connected"",""counter"":1041729,""finger_order"":""DexterController.Visualizer"",""last_error"":null,""last_sample_age_s"":0.009152753002126701,""reconnect_count"":0,""sample_hz"":20.0,""sample_sequence"":408,""timestamp_us"":10462485600},""fingers"":{""index"":{""has_data"":true,""last_update_ts"":1784119497.647529,""mapped"":true},""middle"":{""has_data"":true,""last_update_ts"":1784119497.647529,""mapped"":true},""pinky"":{""has_data"":true,""last_update_ts"":1784119497.647529,""mapped"":true},""ring"":{""has_data"":true,""last_update_ts"":1784119497.647529,""mapped"":true},""thumb"":{""has_data"":true,""last_update_ts"":1784119497.647529,""mapped"":true}},""ports"":{""available"":[""BLE:Dexter""],""unavailable"":[]}}"
1784119497.706798,1784119497.706676,410,ble,"{""index"":{""age_s"":0.009147167205810547,""channels"":3,""force"":[0.7508461915649001,1.1461972892999972],""has_data"":true,""last_update_ts"":1784119497.6975288,""raw"":[17074,18636,15790]},""middle"":{""age_s"":0.009147167205810547,""channels"":3,""force"":[-0.22304265869789575,-2.378983816920001],""has_data"":true,""last_update_ts"":1784119497.6975288,""raw"":[14709,14245,18763]},""pinky"":{""age_s"":0.009147167205810547,""channels"":3,""force"":[-1.0253232564711467,-0.7529378319300015],""has_data"":true,""last_update_ts"":1784119497.6975288,""raw"":[17422,15289,17712]},""ring"":{""age_s"":0.009147167205810547,""channels"":3,""force"":[0.27495776029137176,0.2514418266599989],""has_data"":true,""last_update_ts"":1784119497.6975288,""raw"":[15798,16370,15631]},""thumb"":{""age_s"":0.009147167205810547,""channels"":3,""force"":[0.0,-2.220446049250313e-16],""has_data"":true,""last_update_ts"":1784119497.6975288,""raw"":[0,0,0]}}","{""ble"":{""connection_state"":""connected"",""counter"":1041734,""finger_order"":""DexterController.Visualizer"",""last_error"":null,""last_sample_age_s"":0.009167835989501327,""reconnect_count"":0,""sample_hz"":20.0,""sample_sequence"":409,""timestamp_us"":10462532576},""fingers"":{""index"":{""has_data"":true,""last_update_ts"":1784119497.6975288,""mapped"":true},""middle"":{""has_data"":true,""last_update_ts"":1784119497.6975288,""mapped"":true},""pinky"":{""has_data"":true,""last_update_ts"":1784119497.6975288,""mapped"":true},""ring"":{""has_data"":true,""last_update_ts"":1784119497.6975288,""mapped"":true},""thumb"":{""has_data"":true,""last_update_ts"":1784119497.6975288,""mapped"":true}},""ports"":{""available"":[""BLE:Dexter""],""unavailable"":[]}}"
1784119497.7567942,1784119497.7566774,411,ble,"{""index"":{""age_s"":0.009148359298706055,""channels"":3,""force"":[0.603272708331593,0.45542609000999956],""has_data"":true,""last_update_ts"":1784119497.747529,""raw"":[16798,18053,16605]},""middle"":{""age_s"":0.009148359298706055,""channels"":3,""force"":[-0.5292456190223778,-0.9510939734699999],""has_data"":true,""last_update_ts"":1784119497.747529,""raw"":[15878,14777,17041]},""pinky"":{""age_s"":0.009148359298706055,""channels"":3,""force"":[-1.0262846472413987,-0.7440568844100008],""has_data"":true,""last_update_ts"":1784119497.747529,""raw"":[17425,15290,17698]},""ring"":{""age_s"":0.009148359298706055,""channels"":3,""force"":[0.283610277223616,0.2575474780799958],""has_data"":true,""last_update_ts"":1784119497.747529,""raw"":[15793,16383,15624]},""thumb"":{""age_s"":0.009148359298706055,""channels"":3,""force"":[0.0,-2.220446049250313e-16],""has_data"":true,""last_update_ts"":1784119497.747529,""raw"":[0,0,0]}}","{""ble"":{""connection_state"":""connected"",""counter"":1041740,""finger_order"":""DexterController.Visualizer"",""last_error"":null,""last_sample_age_s"":0.009169458993710577,""reconnect_count"":0,""sample_hz"":20.0,""sample_sequence"":410,""timestamp_us"":10462588960},""fingers"":{""index"":{""has_data"":true,""last_update_ts"":1784119497.747529,""mapped"":true},""middle"":{""has_data"":true,""last_update_ts"":1784119497.747529,""mapped"":true},""pinky"":{""has_data"":true,""last_update_ts"":1784119497.747529,""mapped"":true},""ring"":{""has_data"":true,""last_update_ts"":1784119497.747529,""mapped"":true},""thumb"":{""has_data"":true,""last_update_ts"":1784119497.747529,""mapped"":true}},""ports"":{""available"":[""BLE:Dexter""],""unavailable"":[]}}"
1784119497.8068094,1784119497.8066826,412,ble,"{""index"":{""age_s"":0.009157657623291016,""channels"":3,""force"":[0.4749270405032764,-0.03552379008000095],""has_data"":true,""last_update_ts"":1784119497.797525,""raw"":[16620,17608,17178]},""middle"":{""age_s"":0.009157657623291016,""channels"":3,""force"":[-0.7695933115847637,-0.05411827395000124],""has_data"":true,""last_update_ts"":1784119497.797525,""raw"":[16679,15078,15976]},""pinky"":{""age_s"":0.009157657623291016,""channels"":3,""force"":[-1.0234004749306482,-0.7562681872500026],""has_data"":true,""last_update_ts"":1784119497.797525,""raw"":[17410,15281,17708]},""ring"":{""age_s"":0.009157657623291016,""channels"":3,""force"":[0.2715928925954998,0.24394852718999882],""has_data"":true,""last_update_ts"":1784119497.797525,""raw"":[15794,16359,15637]},""thumb"":{""age_s"":0.009157657623291016,""channels"":3,""force"":[0.0,-2.220446049250313e-16],""has_data"":true,""last_update_ts"":1784119497.797525,""raw"":[0,0,0]}}","{""ble"":{""connection_state"":""connected"",""counter"":1041745,""finger_order"":""DexterController.Visualizer"",""last_error"":null,""last_sample_age_s"":0.009183018992189318,""reconnect_count"":0,""sample_hz"":20.0,""sample_sequence"":411,""timestamp_us"":10462635968},""fingers"":{""index"":{""has_data"":true,""last_update_ts"":1784119497.797525,""mapped"":true},""middle"":{""has_data"":true,""last_update_ts"":1784119497.797525,""mapped"":true},""pinky"":{""has_data"":true,""last_update_ts"":1784119497.797525,""mapped"":true},""ring"":{""has_data"":true,""last_update_ts"":1784119497.797525,""mapped"":true},""thumb"":{""has_data"":true,""last_update_ts"":1784119497.797525,""mapped"":true}},""ports"":{""available"":[""BLE:Dexter""],""unavailable"":[]}}"
1784119497.8567798,1784119497.856659,413,ble,"{""index"":{""age_s"":0.00913095474243164,""channels"":3,""force"":[0.38647908964031963,-0.3052825710000011],""has_data"":true,""last_update_ts"":1784119497.847528,""raw"":[16536,17340,17488]},""middle"":{""age_s"":0.00913095474243164,""channels"":3,""force"":[-0.7397901977070287,0.23451252044999826],""has_data"":true,""last_update_ts"":1784119497.847528,""raw"":[16823,15284,15631]},""pinky"":{""age_s"":0.00913095474243164,""channels"":3,""force"":[-1.0286881241670187,-0.7443344140200017],""has_data"":true,""last_update_ts"":1784119497.847528,""raw"":[17431,15291,17702]},""ring"":{""age_s"":0.00913095474243164,""channels"":3,""force"":[0.27255428336574816,0.2517193562699971],""has_data"":true,""last_update_ts"":1784119497.847528,""raw"":[15799,16366,15629]},""thumb"":{""age_s"":0.00913095474243164,""channels"":3,""force"":[0.0,-2.220446049250313e-16],""has_data"":true,""last_update_ts"":1784119497.847528,""raw"":[0,0,0]}}","{""ble"":{""connection_state"":""connected"",""counter"":1041750,""finger_order"":""DexterController.Visualizer"",""last_error"":null,""last_sample_age_s"":0.009157262989901938,""reconnect_count"":0,""sample_hz"":20.0,""sample_sequence"":412,""timestamp_us"":10462682880},""fingers"":{""index"":{""has_data"":true,""last_update_ts"":1784119497.847528,""mapped"":true},""middle"":{""has_data"":true,""last_update_ts"":1784119497.847528,""mapped"":true},""pinky"":{""has_data"":true,""last_update_ts"":1784119497.847528,""mapped"":true},""ring"":{""has_data"":true,""last_update_ts"":1784119497.847528,""mapped"":true},""thumb"":{""has_data"":true,""last_update_ts"":1784119497.847528,""mapped"":true}},""ports"":{""available"":[""BLE:Dexter""],""unavailable"":[]}}"
1784119497.906784,1784119497.9066591,414,ble,"{""index"":{""age_s"":0.009130477905273438,""channels"":3,""force"":[0.35619528037745773,-0.4909498800900014],""has_data"":true,""last_update_ts"":1784119497.8975286,""raw"":[16440,17181,17695]},""middle"":{""age_s"":0.009130477905273438,""channels"":3,""force"":[-0.6979696992011757,0.40297299371999884],""has_data"":true,""last_update_ts"":1784119497.8975286,""raw"":[16874,15422,15422]},""pinky"":{""age_s"":0.009130477905273438,""channels"":3,""force"":[-1.021958388775273,-0.7459995916800022],""has_data"":true,""last_update_ts"":1784119497.8975286,""raw"":[17424,15298,17705]},""ring"":{""age_s"":0.009130477905273438,""channels"":3,""force"":[0.27351567413599476,0.2511642970499981],""has_data"":true,""last_update_ts"":1784119497.8975286,""raw"":[15797,16366,15629]},""thumb"":{""age_s"":0.009130477905273438,""channels"":3,""force"":[0.0,-2.220446049250313e-16],""has_data"":true,""last_update_ts"":1784119497.8975286,""raw"":[0,0,0]}}","{""ble"":{""connection_state"":""connected"",""counter"":1041756,""finger_order"":""DexterController.Visualizer"",""last_error"":null,""last_sample_age_s"":0.009152512007858604,""reconnect_count"":0,""sample_hz"":20.0,""sample_sequence"":413,""timestamp_us"":10462739296},""fingers"":{""index"":{""has_data"":true,""last_update_ts"":1784119497.8975286,""mapped"":true},""middle"":{""has_data"":true,""last_update_ts"":1784119497.8975286,""mapped"":true},""pinky"":{""has_data"":true,""last_update_ts"":1784119497.8975286,""mapped"":true},""ring"":{""has_data"":true,""last_update_ts"":1784119497.8975286,""mapped"":true},""thumb"":{""has_data"":true,""last_update_ts"":1784119497.8975286,""mapped"":true}},""ports"":{""available"":[""BLE:Dexter""],""unavailable"":[]}}"
1784119497.956794,1784119497.9566593,415,ble,"{""index"":{""age_s"":0.009130001068115234,""channels"":3,""force"":[0.33648676958734036,-0.622776444840003],""has_data"":true,""last_update_ts"":1784119497.9475293,""raw"":[16356,17056,17828]},""middle"":{""age_s"":0.009130001068115234,""channels"":3,""force"":[-0.72296585922766,0.49455776501999793],""has_data"":true,""last_update_ts"":1784119497.9475293,""raw"":[16922,15418,15279]},""pinky"":{""age_s"":0.009130001068115234,""channels"":3,""force"":[-0.5633749913662385,-0.5078791863000021],""has_data"":true,""last_update_ts"":1784119497.9475293,""raw"":[17296,16124,17625]},""ring"":{""age_s"":0.009130001068115234,""channels"":3,""force"":[0.31004852340548084,0.35607048962999777],""has_data"":true,""last_update_ts"":1784119497.9475293,""raw"":[15770,16415,15451]},""thumb"":{""age_s"":0.009130001068115234,""channels"":3,""force"":[0.0,-2.220446049250313e-16],""has_data"":true,""last_update_ts"":1784119497.9475293,""raw"":[0,0,0]}}","{""ble"":{""connection_state"":""connected"",""counter"":1041761,""finger_order"":""DexterController.Visualizer"",""last_error"":null,""last_sample_age_s"":0.009153024002443999,""reconnect_count"":0,""sample_hz"":20.0,""sample_sequence"":414,""timestamp_us"":10462786304},""fingers"":{""index"":{""has_data"":true,""last_update_ts"":1784119497.9475293,""mapped"":true},""middle"":{""has_data"":true,""last_update_ts"":1784119497.9475293,""mapped"":true},""pinky"":{""has_data"":true,""last_update_ts"":1784119497.9475293,""mapped"":true},""ring"":{""has_data"":true,""last_update_ts"":1784119497.9475293,""mapped"":true},""thumb"":{""has_data"":true,""last_update_ts"":1784119497.9475293,""mapped"":true}},""ports"":{""available"":[""BLE:Dexter""],""unavailable"":[]}}"
1784119498.0067766,1784119498.0066564,416,ble,"{""index"":{""age_s"":0.009127378463745117,""channels"":3,""force"":[0.30283809262861006,-0.8481304881600034],""has_data"":true,""last_update_ts"":1784119497.997529,""raw"":[16261,16891,18104]},""middle"":{""age_s"":0.009127378463745117,""channels"":3,""force"":[-0.859002653217976,0.6763396595699991],""has_data"":true,""last_update_ts"":1784119497.997529,""raw"":[17207,15420,15095]},""pinky"":{""age_s"":0.009127378463745117,""channels"":3,""force"":[-1.0229197795455214,-0.7498850062200013],""has_data"":true,""last_update_ts"":1784119497.997529,""raw"":[17419,15291,17706]},""ring"":{""age_s"":0.009127378463745117,""channels"":3,""force"":[0.27207358798062486,0.25144182665999804],""has_data"":true,""last_update_ts"":1784119497.997529,""raw"":[15798,16364,15628]},""thumb"":{""age_s"":0.009127378463745117,""channels"":3,""force"":[0.0,-2.220446049250313e-16],""has_data"":true,""last_update_ts"":1784119497.997529,""raw"":[0,0,0]}}","{""ble"":{""connection_state"":""connected"",""counter"":1041766,""finger_order"":""DexterController.Visualizer"",""last_error"":null,""last_sample_age_s"":0.009148912999080494,""reconnect_count"":0,""sample_hz"":20.0,""sample_sequence"":415,""timestamp_us"":10462833312},""fingers"":{""index"":{""has_data"":true,""last_update_ts"":1784119497.997529,""mapped"":true},""middle"":{""has_data"":true,""last_update_ts"":1784119497.997529,""mapped"":true},""pinky"":{""has_data"":true,""last_update_ts"":1784119497.997529,""mapped"":true},""ring"":{""has_data"":true,""last_update_ts"":1784119497.997529,""mapped"":true},""thumb"":{""has_data"":true,""last_update_ts"":1784119497.997529,""mapped"":true}},""ports"":{""available"":[""BLE:Dexter""],""unavailable"":[]}}"
1784119498.0567586,1784119498.0566535,417,ble,"{""index"":{""age_s"":0.009124755859375,""channels"":3,""force"":[0.24323186487313642,-1.0385158006200008],""has_data"":true,""last_update_ts"":1784119498.0475287,""raw"":[16213,16719,18337]},""middle"":{""age_s"":0.009124755859375,""channels"":3,""force"":[-0.9849448441206636,0.8955880514699972],""has_data"":true,""last_update_ts"":1784119498.0475287,""raw"":[17480,15431,14842]},""pinky"":{""age_s"":0.009124755859375,""channels"":3,""force"":[-1.0229197795455214,-0.7559906576400017],""has_data"":true,""last_update_ts"":1784119498.0475287,""raw"":[17418,15290,17716]},""ring"":{""age_s"":0.009124755859375,""channels"":3,""force"":[0.27736123721699535,0.25227441548999696],""has_data"":true,""last_update_ts"":1784119498.0475287,""raw"":[15793,16370,15627]},""thumb"":{""age_s"":0.009124755859375,""channels"":3,""force"":[0.0,-2.220446049250313e-16],""has_data"":true,""last_update_ts"":1784119498.0475287,""raw"":[0,0,0]}}","{""ble"":{""connection_state"":""connected"",""counter"":1041771,""finger_order"":""DexterController.Visualizer"",""last_error"":null,""last_sample_age_s"":0.009141893999185413,""reconnect_count"":0,""sample_hz"":20.0,""sample_sequence"":416,""timestamp_us"":10462880288},""fingers"":{""index"":{""has_data"":true,""last_update_ts"":1784119498.0475287,""mapped"":true},""middle"":{""has_data"":true,""last_update_ts"":1784119498.0475287,""mapped"":true},""pinky"":{""has_data"":true,""last_update_ts"":1784119498.0475287,""mapped"":true},""ring"":{""has_data"":true,""last_update_ts"":1784119498.0475287,""mapped"":true},""thumb"":{""has_data"":true,""last_update_ts"":1784119498.0475287,""mapped"":true}},""ports"":{""available"":[""BLE:Dexter""],""unavailable"":[]}}"
1784119498.1067848,1784119498.1066663,418,ble,"{""index"":{""age_s"":0.009137153625488281,""channels"":3,""force"":[0.1591101724763,-1.4328853764299998],""has_data"":true,""last_update_ts"":1784119498.0975292,""raw"":[16068,16399,18815]},""middle"":{""age_s"":0.009137153625488281,""channels"":3,""force"":[-1.0416668995653904,1.1525804703299984],""has_data"":true,""last_update_ts"":1784119498.0975292,""raw"":[17688,15521,14528]},""pinky"":{""age_s"":0.009137153625488281,""channels"":3,""force"":[-1.0229197795455214,-0.743224295580001],""has_data"":true,""last_update_ts"":1784119498.0975292,""raw"":[17419,15291,17694]},""ring"":{""age_s"":0.009137153625488281,""channels"":3,""force"":[0.285052363378993,0.25893512612999725],""has_data"":true,""last_update_ts"":1784119498.0975292,""raw"":[15799,16392,15629]},""thumb"":{""age_s"":0.009137153625488281,""channels"":3,""force"":[0.0,-2.220446049250313e-16],""has_data"":true,""last_update_ts"":1784119498.0975292,""raw"":[0,0,0]}}","{""ble"":{""connection_state"":""connected"",""counter"":1041777,""finger_order"":""DexterController.Visualizer"",""last_error"":null,""last_sample_age_s"":0.009158439992461354,""reconnect_count"":0,""sample_hz"":20.0,""sample_sequence"":417,""timestamp_us"":10462936864},""fingers"":{""index"":{""has_data"":true,""last_update_ts"":1784119498.0975292,""mapped"":true},""middle"":{""has_data"":true,""last_update_ts"":1784119498.0975292,""mapped"":true},""pinky"":{""has_data"":true,""last_update_ts"":1784119498.0975292,""mapped"":true},""ring"":{""has_data"":true,""last_update_ts"":1784119498.0975292,""mapped"":true},""thumb"":{""has_data"":true,""last_update_ts"":1784119498.0975292,""mapped"":true}},""ports"":{""available"":[""BLE:Dexter""],""unavailable"":[]}}"
1784119498.156765,1784119498.156657,419,ble,"{""index"":{""age_s"":0.009128093719482422,""channels"":3,""force"":[0.14901556938867877,-1.8688843937400028],""has_data"":true,""last_update_ts"":1784119498.147529,""raw"":[15806,16116,19328]},""middle"":{""age_s"":0.009128093719482422,""channels"":3,""force"":[-1.0459931580315107,1.4470393865399984],""has_data"":true,""last_update_ts"":1784119498.147529,""raw"":[17873,15697,14178]},""pinky"":{""age_s"":0.009128093719482422,""channels"":3,""force"":[-1.0200356072347763,-0.7476647693399991],""has_data"":true,""last_update_ts"":1784119498.147529,""raw"":[17417,15295,17703]},""ring"":{""age_s"":0.009128093719482422,""channels"":3,""force"":[0.2739963695211216,0.251996885879997],""has_data"":true,""last_update_ts"":1784119498.147529,""raw"":[15798,16368,15629]},""thumb"":{""age_s"":0.009128093719482422,""channels"":3,""force"":[0.0,-2.220446049250313e-16],""has_data"":true,""last_update_ts"":1784119498.147529,""raw"":[0,0,0]}}","{""ble"":{""connection_state"":""connected"",""counter"":1041782,""finger_order"":""DexterController.Visualizer"",""last_error"":null,""last_sample_age_s"":0.009148527999059297,""reconnect_count"":0,""sample_hz"":20.0,""sample_sequence"":418,""timestamp_us"":10462983840},""fingers"":{""index"":{""has_data"":true,""last_update_ts"":1784119498.147529,""mapped"":true},""middle"":{""has_data"":true,""last_update_ts"":1784119498.147529,""mapped"":true},""pinky"":{""has_data"":true,""last_update_ts"":1784119498.147529,""mapped"":true},""ring"":{""has_data"":true,""last_update_ts"":1784119498.147529,""mapped"":true},""thumb"":{""has_data"":true,""last_update_ts"":1784119498.147529,""mapped"":true}},""ports"":{""available"":[""BLE:Dexter""],""unavailable"":[]}}"
1784119498.206932,1784119498.206719,420,ble,"{""index"":{""age_s"":0.009162664413452148,""channels"":3,""force"":[0.04999232005297749,-2.2391088934800027],""has_data"":true,""last_update_ts"":1784119498.1975563,""raw"":[15692,15796,19778]},""middle"":{""age_s"":0.009162664413452148,""channels"":3,""force"":[-1.0964661734696097,1.6693406041499985],""has_data"":true,""last_update_ts"":1784119498.1975563,""raw"":[18049,15768,13901]},""pinky"":{""age_s"":0.009162664413452148,""channels"":3,""force"":[-1.0205163026198978,-0.7507175950500029],""has_data"":true,""last_update_ts"":1784119498.1975563,""raw"":[17414,15291,17705]},""ring"":{""age_s"":0.009162664413452148,""channels"":3,""force"":[0.276399846446747,0.251719356269998],""has_data"":true,""last_update_ts"":1784119498.1975563,""raw"":[15791,16366,15625]},""thumb"":{""age_s"":0.009162664413452148,""channels"":3,""force"":[0.0,-2.220446049250313e-16],""has_data"":true,""last_update_ts"":1784119498.1975563,""raw"":[0,0,0]}}","{""ble"":{""connection_state"":""connected"",""counter"":1041787,""finger_order"":""DexterController.Visualizer"",""last_error"":null,""last_sample_age_s"":0.009197826992021874,""reconnect_count"":0,""sample_hz"":20.0,""sample_sequence"":419,""timestamp_us"":10463030816},""fingers"":{""index"":{""has_data"":true,""last_update_ts"":1784119498.1975563,""mapped"":true},""middle"":{""has_data"":true,""last_update_ts"":1784119498.1975563,""mapped"":true},""pinky"":{""has_data"":true,""last_update_ts"":1784119498.1975563,""mapped"":true},""ring"":{""has_data"":true,""last_update_ts"":1784119498.1975563,""mapped"":true},""thumb"":{""has_data"":true,""last_update_ts"":1784119498.1975563,""mapped"":true}},""ports"":{""available"":[""BLE:Dexter""],""unavailable"":[]}}"
1784119498.2567706,1784119498.256658,421,ble,"{""index"":{""age_s"":0.009129524230957031,""channels"":3,""force"":[-0.02163129233061767,-2.703415931010002],""has_data"":true,""last_update_ts"":1784119498.2475286,""raw"":[15461,15416,20309]},""middle"":{""age_s"":0.009129524230957031,""channels"":3,""force"":[-1.1382866719754698,1.9010778284999983],""has_data"":true,""last_update_ts"":1784119498.2475286,""raw"":[18184,15816,13575]},""pinky"":{""age_s"":0.009129524230957031,""channels"":3,""force"":[-0.387440480410568,-0.4268405401800006],""has_data"":true,""last_update_ts"":1784119498.2475286,""raw"":[17234,16428,17600]},""ring"":{""age_s"":0.009129524230957031,""channels"":3,""force"":[0.2927434895409906,0.39881004956999977],""has_data"":true,""last_update_ts"":1784119498.2475286,""raw"":[15788,16397,15374]},""thumb"":{""age_s"":0.009129524230957031,""channels"":3,""force"":[0.0,-2.220446049250313e-16],""has_data"":true,""last_update_ts"":1784119498.2475286,""raw"":[0,0,0]}}","{""ble"":{""connection_state"":""connected"",""counter"":1041793,""finger_order"":""DexterController.Visualizer"",""last_error"":null,""last_sample_age_s"":0.009151695005130023,""reconnect_count"":0,""sample_hz"":20.0,""sample_sequence"":420,""timestamp_us"":10463087296},""fingers"":{""index"":{""has_data"":true,""last_update_ts"":1784119498.2475286,""mapped"":true},""middle"":{""has_data"":true,""last_update_ts"":1784119498.2475286,""mapped"":true},""pinky"":{""has_data"":true,""last_update_ts"":1784119498.2475286,""mapped"":true},""ring"":{""has_data"":true,""last_update_ts"":1784119498.2475286,""mapped"":true},""thumb"":{""has_data"":true,""last_update_ts"":1784119498.2475286,""mapped"":true}},""ports"":{""available"":[""BLE:Dexter""],""unavailable"":[]}}"
1784119498.3067627,1784119498.3066542,422,ble,"{""index"":{""age_s"":0.009125471115112305,""channels"":3,""force"":[-0.012017384628119743,-3.1602296690700014],""has_data"":true,""last_update_ts"":1784119498.2975287,""raw"":[15179,15154,20860]},""middle"":{""age_s"":0.009125471115112305,""channels"":3,""force"":[-1.1873176012581954,1.9643545795799984],""has_data"":true,""last_update_ts"":1784119498.2975287,""raw"":[18329,15859,13555]},""pinky"":{""age_s"":0.009125471115112305,""channels"":3,""force"":[-1.0253232564711467,-0.7484973581700025],""has_data"":true,""last_update_ts"":1784119498.2975287,""raw"":[17416,15283,17698]},""ring"":{""age_s"":0.009125471115112305,""channels"":3,""force"":[0.2788033233723688,0.2519968858799988],""has_data"":true,""last_update_ts"":1784119498.2975287,""raw"":[15797,16377,15633]},""thumb"":{""age_s"":0.009125471115112305,""channels"":3,""force"":[0.0,-2.220446049250313e-16],""has_data"":true,""last_update_ts"":1784119498.2975287,""raw"":[0,0,0]}}","{""ble"":{""connection_state"":""connected"",""counter"":1041798,""finger_order"":""DexterController.Visualizer"",""last_error"":null,""last_sample_age_s"":0.009143077011685818,""reconnect_count"":0,""sample_hz"":20.0,""sample_sequence"":421,""timestamp_us"":10463134240},""fingers"":{""index"":{""has_data"":true,""last_update_ts"":1784119498.2975287,""mapped"":true},""middle"":{""has_data"":true,""last_update_ts"":1784119498.2975287,""mapped"":true},""pinky"":{""has_data"":true,""last_update_ts"":1784119498.2975287,""mapped"":true},""ring"":{""has_data"":true,""last_update_ts"":1784119498.2975287,""mapped"":true},""thumb"":{""has_data"":true,""last_update_ts"":1784119498.2975287,""mapped"":true}},""ports"":{""available"":[""BLE:Dexter""],""unavailable"":[]}}"
1784119498.3567715,1784119498.356659,423,ble,"{""index"":{""age_s"":0.009130239486694336,""channels"":3,""force"":[-0.00480695385124541,-3.5385025274999995],""has_data"":true,""last_update_ts"":1784119498.3475287,""raw"":[14936,14926,21306]},""middle"":{""age_s"":0.009130239486694336,""channels"":3,""force"":[-1.272400684425282,2.045115696089998],""has_data"":true,""last_update_ts"":1784119498.3475287,""raw"":[18466,15819,13458]},""pinky"":{""age_s"":0.009130239486694336,""channels"":3,""force"":[-1.0195549118496476,-0.7523827727100025],""has_data"":true,""last_update_ts"":1784119498.3475287,""raw"":[17414,15293,17709]},""ring"":{""age_s"":0.009130239486694336,""channels"":3,""force"":[0.2768805418318703,0.2514418266599989],""has_data"":true,""last_update_ts"":1784119498.3475287,""raw"":[15800,16376,15635]},""thumb"":{""age_s"":0.009130239486694336,""channels"":3,""force"":[0.0,-2.220446049250313e-16],""has_data"":true,""last_update_ts"":1784119498.3475287,""raw"":[0,0,0]}}","{""ble"":{""connection_state"":""connected"",""counter"":1041803,""finger_order"":""DexterController.Visualizer"",""last_error"":null,""last_sample_age_s"":0.009151766003924422,""reconnect_count"":0,""sample_hz"":20.0,""sample_sequence"":422,""timestamp_us"":10463181280},""fingers"":{""index"":{""has_data"":true,""last_update_ts"":1784119498.3475287,""mapped"":true},""middle"":{""has_data"":true,""last_update_ts"":1784119498.3475287,""mapped"":true},""pinky"":{""has_data"":true,""last_update_ts"":1784119498.3475287,""mapped"":true},""ring"":{""has_data"":true,""last_update_ts"":1784119498.3475287,""mapped"":true},""thumb"":{""has_data"":true,""last_update_ts"":1784119498.3475287,""mapped"":true}},""ports"":{""available"":[""BLE:Dexter""],""unavailable"":[]}}"
1784119498.4067848,1784119498.406656,424,ble,"{""index"":{""age_s"":0.00912785530090332,""channels"":3,""force"":[-0.030283809262861894,-3.965065538070001],""has_data"":true,""last_update_ts"":1784119498.3975282,""raw"":[14706,14643,21818]},""middle"":{""age_s"":0.00912785530090332,""channels"":3,""force"":[-1.462756056934694,2.176664731229997],""has_data"":true,""last_update_ts"":1784119498.3975282,""raw"":[18752,15709,13309]},""pinky"":{""age_s"":0.00912785530090332,""channels"":3,""force"":[-1.0426282903356405,-0.7457220620700022],""has_data"":true,""last_update_ts"":1784119498.3975282,""raw"":[17438,15269,17697]},""ring"":{""age_s"":0.00912785530090332,""channels"":3,""force"":[0.26870872028474757,0.25504971158999634],""has_data"":true,""last_update_ts"":1784119498.3975282,""raw"":[15808,16367,15628]},""thumb"":{""age_s"":0.00912785530090332,""channels"":3,""force"":[0.0,-2.220446049250313e-16],""has_data"":true,""last_update_ts"":1784119498.3975282,""raw"":[0,0,0]}}","{""ble"":{""connection_state"":""connected"",""counter"":1041809,""finger_order"":""DexterController.Visualizer"",""last_error"":null,""last_sample_age_s"":0.009148619006737135,""reconnect_count"":0,""sample_hz"":20.0,""sample_sequence"":423,""timestamp_us"":10463237760},""fingers"":{""index"":{""has_data"":true,""last_update_ts"":1784119498.3975282,""mapped"":true},""middle"":{""has_data"":true,""last_update_ts"":1784119498.3975282,""mapped"":true},""pinky"":{""has_data"":true,""last_update_ts"":1784119498.3975282,""mapped"":true},""ring"":{""has_data"":true,""last_update_ts"":1784119498.3975282,""mapped"":true},""thumb"":{""has_data"":true,""last_update_ts"":1784119498.3975282,""mapped"":true}},""ports"":{""available"":[""BLE:Dexter""],""unavailable"":[]}}"
1784119498.4567516,1784119498.456655,425,ble,"{""index"":{""age_s"":0.009125947952270508,""channels"":3,""force"":[-0.043262584661231784,-4.0907864514],""has_data"":true,""last_update_ts"":1784119498.447529,""raw"":[14639,14549,21964]},""middle"":{""age_s"":0.009125947952270508,""channels"":3,""force"":[-1.5781229493646372,2.3104340032499993],""has_data"":true,""last_update_ts"":1784119498.447529,""raw"":[18948,15665,13144]},""pinky"":{""age_s"":0.009125947952270508,""channels"":3,""force"":[-1.0296495149372689,-0.7471097101200028],""has_data"":true,""last_update_ts"":1784119498.447529,""raw"":[17423,15281,17698]},""ring"":{""age_s"":0.009125947952270508,""channels"":3,""force"":[0.2711121972103747,0.2547721819799982],""has_data"":true,""last_update_ts"":1784119498.447529,""raw"":[15799,16363,15622]},""thumb"":{""age_s"":0.009125947952270508,""channels"":3,""force"":[0.0,-2.220446049250313e-16],""has_data"":true,""last_update_ts"":1784119498.447529,""raw"":[0,0,0]}}","{""ble"":{""connection_state"":""connected"",""counter"":1041814,""finger_order"":""DexterController.Visualizer"",""last_error"":null,""last_sample_age_s"":0.009143878007307649,""reconnect_count"":0,""sample_hz"":20.0,""sample_sequence"":424,""timestamp_us"":10463284704},""fingers"":{""index"":{""has_data"":true,""last_update_ts"":1784119498.447529,""mapped"":true},""middle"":{""has_data"":true,""last_update_ts"":1784119498.447529,""mapped"":true},""pinky"":{""has_data"":true,""last_update_ts"":1784119498.447529,""mapped"":true},""ring"":{""has_data"":true,""last_update_ts"":1784119498.447529,""mapped"":true},""thumb"":{""has_data"":true,""last_update_ts"":1784119498.447529,""mapped"":true}},""ports"":{""available"":[""BLE:Dexter""],""unavailable"":[]}}"
1784119498.506761,1784119498.5066571,426,ble,"{""index"":{""age_s"":0.009144306182861328,""channels"":3,""force"":[-0.0672973539174695,-4.081350444660002],""has_data"":true,""last_update_ts"":1784119498.4975128,""raw"":[14673,14533,21956]},""middle"":{""age_s"":0.009144306182861328,""channels"":3,""force"":[-1.6348450048093621,2.424221143349998],""has_data"":true,""last_update_ts"":1784119498.4975128,""raw"":[19078,15677,13010]},""pinky"":{""age_s"":0.009144306182861328,""channels"":3,""force"":[-1.0219583887752712,-0.7504400654400021],""has_data"":true,""last_update_ts"":1784119498.4975128,""raw"":[17415,15289,17704]},""ring"":{""age_s"":0.009144306182861328,""channels"":3,""force"":[0.2720735879806213,0.24311593835999812],""has_data"":true,""last_update_ts"":1784119498.4975128,""raw"":[15792,16358,15637]},""thumb"":{""age_s"":0.009144306182861328,""channels"":3,""force"":[0.0,-2.220446049250313e-16],""has_data"":true,""last_update_ts"":1784119498.4975128,""raw"":[0,0,0]}}","{""ble"":{""connection_state"":""connected"",""counter"":1041819,""finger_order"":""DexterController.Visualizer"",""last_error"":null,""last_sample_age_s"":0.00916331099870149,""reconnect_count"":0,""sample_hz"":20.0,""sample_sequence"":425,""timestamp_us"":10463331712},""fingers"":{""index"":{""has_data"":true,""last_update_ts"":1784119498.4975128,""mapped"":true},""middle"":{""has_data"":true,""last_update_ts"":1784119498.4975128,""mapped"":true},""pinky"":{""has_data"":true,""last_update_ts"":1784119498.4975128,""mapped"":true},""ring"":{""has_data"":true,""last_update_ts"":1784119498.4975128,""mapped"":true},""thumb"":{""has_data"":true,""last_update_ts"":1784119498.4975128,""mapped"":true}},""ports"":{""available"":[""BLE:Dexter""],""unavailable"":[]}}"
1784119498.5568352,1784119498.556701,427,ble,"{""index"":{""age_s"":0.009172439575195312,""channels"":3,""force"":[-0.04855023389760227,-4.059425605470003],""has_data"":true,""last_update_ts"":1784119498.5475285,""raw"":[14641,14540,21904]},""middle"":{""age_s"":0.009172439575195312,""channels"":3,""force"":[-1.5665862601216443,2.526907099049997],""has_data"":true,""last_update_ts"":1784119498.5475285,""raw"":[18931,15672,12749]},""pinky"":{""age_s"":0.009172439575195312,""channels"":3,""force"":[1.5776422539795139,0.4751306923199978],""has_data"":true,""last_update_ts"":1784119498.5475285,""raw"":[16560,19842,17345]},""ring"":{""age_s"":0.009172439575195312,""channels"":3,""force"":[0.32735355726997106,0.7762503191699981],""has_data"":true,""last_update_ts"":1784119498.5475285,""raw"":[15730,16411,14672]},""thumb"":{""age_s"":0.009172439575195312,""channels"":3,""force"":[0.0,-2.220446049250313e-16],""has_data"":true,""last_update_ts"":1784119498.5475285,""raw"":[0,0,0]}}","{""ble"":{""connection_state"":""connected"",""counter"":1041825,""finger_order"":""DexterController.Visualizer"",""last_error"":null,""last_sample_age_s"":0.009198550003929995,""reconnect_count"":0,""sample_hz"":20.0,""sample_sequence"":426,""timestamp_us"":10463388096},""fingers"":{""index"":{""has_data"":true,""last_update_ts"":1784119498.5475285,""mapped"":true},""middle"":{""has_data"":true,""last_update_ts"":1784119498.5475285,""mapped"":true},""pinky"":{""has_data"":true,""last_update_ts"":1784119498.5475285,""mapped"":true},""ring"":{""has_data"":true,""last_update_ts"":1784119498.5475285,""mapped"":true},""thumb"":{""has_data"":true,""last_update_ts"":1784119498.5475285,""mapped"":true}},""ports"":{""available"":[""BLE:Dexter""],""unavailable"":[]}}"
1784119498.6068163,1784119498.606685,428,ble,"{""index"":{""age_s"":0.009155988693237305,""channels"":3,""force"":[-0.006249040006622408,-4.105495520730002],""has_data"":true,""last_update_ts"":1784119498.597529,""raw"":[14588,14575,21978]},""middle"":{""age_s"":0.009155988693237305,""channels"":3,""force"":[-1.4454510230702002,2.3587241553899974],""has_data"":true,""last_update_ts"":1784119498.597529,""raw"":[18847,15840,13094]},""pinky"":{""age_s"":0.009155988693237305,""channels"":3,""force"":[-1.0205163026198978,-0.7457220620700005],""has_data"":true,""last_update_ts"":1784119498.597529,""raw"":[17422,15299,17704]},""ring"":{""age_s"":0.009155988693237305,""channels"":3,""force"":[0.2864944495343664,0.2575474780800011],""has_data"":true,""last_update_ts"":1784119498.597529,""raw"":[15797,16393,15631]},""thumb"":{""age_s"":0.009155988693237305,""channels"":3,""force"":[0.0,-2.220446049250313e-16],""has_data"":true,""last_update_ts"":1784119498.597529,""raw"":[0,0,0]}}","{""ble"":{""connection_state"":""connected"",""counter"":1041830,""finger_order"":""DexterController.Visualizer"",""last_error"":null,""last_sample_age_s"":0.00918124099553097,""reconnect_count"":0,""sample_hz"":20.0,""sample_sequence"":427,""timestamp_us"":10463435072},""fingers"":{""index"":{""has_data"":true,""last_update_ts"":1784119498.597529,""mapped"":true},""middle"":{""has_data"":true,""last_update_ts"":1784119498.597529,""mapped"":true},""pinky"":{""has_data"":true,""last_update_ts"":1784119498.597529,""mapped"":true},""ring"":{""has_data"":true,""last_update_ts"":1784119498.597529,""mapped"":true},""thumb"":{""has_data"":true,""last_update_ts"":1784119498.597529,""mapped"":true}},""ports"":{""available"":[""BLE:Dexter""],""unavailable"":[]}}"
1784119498.6568074,1784119498.6566849,429,ble,"{""index"":{""age_s"":0.009156465530395508,""channels"":3,""force"":[0.01586294770911678,-3.9872679068700014],""has_data"":true,""last_update_ts"":1784119498.6475284,""raw"":[14638,14671,21838]},""middle"":{""age_s"":0.009156465530395508,""channels"":3,""force"":[-1.4161286045775867,2.299610348459998],""has_data"":true,""last_update_ts"":1784119498.6475284,""raw"":[18784,15838,13168]},""pinky"":{""age_s"":0.009156465530395508,""channels"":3,""force"":[-1.0205163026198978,-0.7484973581699998],""has_data"":true,""last_update_ts"":1784119498.6475284,""raw"":[17416,15293,17703]},""ring"":{""age_s"":0.009156465530395508,""channels"":3,""force"":[0.2768805418318703,0.25088676743999727],""has_data"":true,""last_update_ts"":1784119498.6475284,""raw"":[15798,16374,15634]},""thumb"":{""age_s"":0.009156465530395508,""channels"":3,""force"":[0.0,-2.220446049250313e-16],""has_data"":true,""last_update_ts"":1784119498.6475284,""raw"":[0,0,0]}}","{""ble"":{""connection_state"":""connected"",""counter"":1041835,""finger_order"":""DexterController.Visualizer"",""last_error"":null,""last_sample_age_s"":0.009181299988995306,""reconnect_count"":0,""sample_hz"":20.0,""sample_sequence"":428,""timestamp_us"":10463482016},""fingers"":{""index"":{""has_data"":true,""last_update_ts"":1784119498.6475284,""mapped"":true},""middle"":{""has_data"":true,""last_update_ts"":1784119498.6475284,""mapped"":true},""pinky"":{""has_data"":true,""last_update_ts"":1784119498.6475284,""mapped"":true},""ring"":{""has_data"":true,""last_update_ts"":1784119498.6475284,""mapped"":true},""thumb"":{""has_data"":true,""last_update_ts"":1784119498.6475284,""mapped"":true}},""ports"":{""available"":[""BLE:Dexter""],""unavailable"":[]}}"
1784119498.7068155,1784119498.7066834,430,ble,"{""index"":{""age_s"":0.009154319763183594,""channels"":3,""force"":[0.008652516932244225,-3.4846617831600017],""has_data"":true,""last_update_ts"":1784119498.697529,""raw"":[14955,14973,21242]},""middle"":{""age_s"":0.009154319763183594,""channels"":3,""force"":[-1.440163373833828,2.1841580306999964],""has_data"":true,""last_update_ts"":1784119498.697529,""raw"":[18743,15747,13310]},""pinky"":{""age_s"":0.009154319763183594,""channels"":3,""force"":[-1.0195549118496494,-0.7490524173900033],""has_data"":true,""last_update_ts"":1784119498.697529,""raw"":[17412,15291,17701]},""ring"":{""age_s"":0.009154319763183594,""channels"":3,""force"":[0.27495776029137,0.2508867674399964],""has_data"":true,""last_update_ts"":1784119498.697529,""raw"":[15799,16371,15633]},""thumb"":{""age_s"":0.009154319763183594,""channels"":3,""force"":[0.0,-2.220446049250313e-16],""has_data"":true,""last_update_ts"":1784119498.697529,""raw"":[0,0,0]}}","{""ble"":{""connection_state"":""connected"",""counter"":1041841,""finger_order"":""DexterController.Visualizer"",""last_error"":null,""last_sample_age_s"":0.009180359003948979,""reconnect_count"":0,""sample_hz"":20.0,""sample_sequence"":429,""timestamp_us"":10463538560},""fingers"":{""index"":{""has_data"":true,""last_update_ts"":1784119498.697529,""mapped"":true},""middle"":{""has_data"":true,""last_update_ts"":1784119498.697529,""mapped"":true},""pinky"":{""has_data"":true,""last_update_ts"":1784119498.697529,""mapped"":true},""ring"":{""has_data"":true,""last_update_ts"":1784119498.697529,""mapped"":true},""thumb"":{""has_data"":true,""last_update_ts"":1784119498.697529,""mapped"":true}},""ports"":{""available"":[""BLE:Dexter""],""unavailable"":[]}}"
1784119498.7567847,1784119498.7566803,431,ble,"{""index"":{""age_s"":0.008870363235473633,""channels"":3,""force"":[0.03941702158023119,-2.8208109560400025],""has_data"":true,""last_update_ts"":1784119498.74781,""raw"":[15313,15395,20436]},""middle"":{""age_s"":0.008870363235473633,""channels"":3,""force"":[-1.4305494661313318,2.0070941395199986],""has_data"":true,""last_update_ts"":1784119498.74781,""raw"":[18636,15660,13532]},""pinky"":{""age_s"":0.008870363235473633,""channels"":3,""force"":[-1.0200356072347727,-0.750440065440003],""has_data"":true,""last_update_ts"":1784119498.74781,""raw"":[17410,15288,17701]},""ring"":{""age_s"":0.008870363235473633,""channels"":3,""force"":[0.2759191510616219,0.2497766489999993],""has_data"":true,""last_update_ts"":1784119498.74781,""raw"":[15794,16368,15631]},""thumb"":{""age_s"":0.008870363235473633,""channels"":3,""force"":[0.0,-2.220446049250313e-16],""has_data"":true,""last_update_ts"":1784119498.74781,""raw"":[0,0,0]}}","{""ble"":{""connection_state"":""connected"",""counter"":1041846,""finger_order"":""DexterController.Visualizer"",""last_error"":null,""last_sample_age_s"":0.008891313991625793,""reconnect_count"":0,""sample_hz"":20.0,""sample_sequence"":430,""timestamp_us"":10463585568},""fingers"":{""index"":{""has_data"":true,""last_update_ts"":1784119498.74781,""mapped"":true},""middle"":{""has_data"":true,""last_update_ts"":1784119498.74781,""mapped"":true},""pinky"":{""has_data"":true,""last_update_ts"":1784119498.74781,""mapped"":true},""ring"":{""has_data"":true,""last_update_ts"":1784119498.74781,""mapped"":true},""thumb"":{""has_data"":true,""last_update_ts"":1784119498.74781,""mapped"":true}},""ports"":{""available"":[""BLE:Dexter""],""unavailable"":[]}}"
1784119498.8068051,1784119498.8066754,432,ble,"{""index"":{""age_s"":0.009161710739135742,""channels"":3,""force"":[0.0634517908364689,-2.0342920413000014],""has_data"":true,""last_update_ts"":1784119498.7975137,""raw"":[15763,15895,19494]},""middle"":{""age_s"":0.009161710739135742,""channels"":3,""force"":[-1.3656555891394877,1.6837721438699988],""has_data"":true,""last_update_ts"":1784119498.7975137,""raw"":[18374,15533,13920]},""pinky"":{""age_s"":0.009161710739135742,""channels"":3,""force"":[-1.0152286533835255,-0.7432242955800001],""has_data"":true,""last_update_ts"":1784119498.7975137,""raw"":[17416,15304,17699]},""ring"":{""age_s"":0.009161710739135742,""channels"":3,""force"":[0.2826488864533676,0.24200581992000014],""has_data"":true,""last_update_ts"":1784119498.7975137,""raw"":[15785,16373,15643]},""thumb"":{""age_s"":0.009161710739135742,""channels"":3,""force"":[0.0,-2.220446049250313e-16],""has_data"":true,""last_update_ts"":1784119498.7975137,""raw"":[0,0,0]}}","{""ble"":{""connection_state"":""connected"",""counter"":1041851,""finger_order"":""DexterController.Visualizer"",""last_error"":null,""last_sample_age_s"":0.009182975001749583,""reconnect_count"":0,""sample_hz"":20.0,""sample_sequence"":431,""timestamp_us"":10463632512},""fingers"":{""index"":{""has_data"":true,""last_update_ts"":1784119498.7975137,""mapped"":true},""middle"":{""has_data"":true,""last_update_ts"":1784119498.7975137,""mapped"":true},""pinky"":{""has_data"":true,""last_update_ts"":1784119498.7975137,""mapped"":true},""ring"":{""has_data"":true,""last_update_ts"":1784119498.7975137,""mapped"":true},""thumb"":{""has_data"":true,""last_update_ts"":1784119498.7975137,""mapped"":true}},""ports"":{""available"":[""BLE:Dexter""],""unavailable"":[]}}"
1784119498.856866,1784119498.8567343,433,ble,"{""index"":{""age_s"":0.009206056594848633,""channels"":3,""force"":[0.13795957553080918,-1.2069762738900014],""has_data"":true,""last_update_ts"":1784119498.8475282,""raw"":[16208,16495,18526]},""middle"":{""age_s"":0.009206056594848633,""channels"":3,""force"":[-1.2041419397375641,1.2147471029699988],""has_data"":true,""last_update_ts"":1784119498.8475282,""raw"":[17919,15414,14478]},""pinky"":{""age_s"":0.009206056594848633,""channels"":3,""force"":[-1.0262846472413951,-0.7451670028500015],""has_data"":true,""last_update_ts"":1784119498.8475282,""raw"":[17422,15287,17697]},""ring"":{""age_s"":0.009206056594848633,""channels"":3,""force"":[0.2773612372169971,0.25005417860999657],""has_data"":true,""last_update_ts"":1784119498.8475282,""raw"":[15791,16368,15629]},""thumb"":{""age_s"":0.009206056594848633,""channels"":3,""force"":[0.0,-2.220446049250313e-16],""has_data"":true,""last_update_ts"":1784119498.8475282,""raw"":[0,0,0]}}","{""ble"":{""connection_state"":""connected"",""counter"":1041857,""finger_order"":""DexterController.Visualizer"",""last_error"":null,""last_sample_age_s"":0.009232133001205511,""reconnect_count"":0,""sample_hz"":20.0,""sample_sequence"":432,""timestamp_us"":10463688960},""fingers"":{""index"":{""has_data"":true,""last_update_ts"":1784119498.8475282,""mapped"":true},""middle"":{""has_data"":true,""last_update_ts"":1784119498.8475282,""mapped"":true},""pinky"":{""has_data"":true,""last_update_ts"":1784119498.8475282,""mapped"":true},""ring"":{""has_data"":true,""last_update_ts"":1784119498.8475282,""mapped"":true},""thumb"":{""has_data"":true,""last_update_ts"":1784119498.8475282,""mapped"":true}},""ports"":{""available"":[""BLE:Dexter""],""unavailable"":[]}}"
1784119498.9068348,1784119498.906686,434,ble,"{""index"":{""age_s"":0.009156942367553711,""channels"":3,""force"":[0.1711275571044215,-0.7437793548000018],""has_data"":true,""last_update_ts"":1784119498.8975291,""raw"":[16468,16824,17986]},""middle"":{""age_s"":0.009156942367553711,""channels"":3,""force"":[-1.0190742164645261,0.9230634828599973],""has_data"":true,""last_update_ts"":1784119498.8975291,""raw"":[17535,15415,14812]},""pinky"":{""age_s"":0.009156942367553711,""channels"":3,""force"":[-1.0219583887752712,-0.7437793548000018],""has_data"":true,""last_update_ts"":1784119498.8975291,""raw"":[17423,15297,17700]},""ring"":{""age_s"":0.009156942367553711,""channels"":3,""force"":[0.2826488864533694,0.2575474780799967],""has_data"":true,""last_update_ts"":1784119498.8975291,""raw"":[15795,16383,15625]},""thumb"":{""age_s"":0.009156942367553711,""channels"":3,""force"":[0.0,-2.220446049250313e-16],""has_data"":true,""last_update_ts"":1784119498.8975291,""raw"":[0,0,0]}}","{""ble"":{""connection_state"":""connected"",""counter"":1041862,""finger_order"":""DexterController.Visualizer"",""last_error"":null,""last_sample_age_s"":0.009185079004964791,""reconnect_count"":0,""sample_hz"":20.0,""sample_sequence"":433,""timestamp_us"":10463735872},""fingers"":{""index"":{""has_data"":true,""last_update_ts"":1784119498.8975291,""mapped"":true},""middle"":{""has_data"":true,""last_update_ts"":1784119498.8975291,""mapped"":true},""pinky"":{""has_data"":true,""last_update_ts"":1784119498.8975291,""mapped"":true},""ring"":{""has_data"":true,""last_update_ts"":1784119498.8975291,""mapped"":true},""thumb"":{""has_data"":true,""last_update_ts"":1784119498.8975291,""mapped"":true}},""ports"":{""available"":[""BLE:Dexter""],""unavailable"":[]}}"
1784119498.9567866,1784119498.9566612,435,ble,"{""index"":{""age_s"":0.009136438369750977,""channels"":3,""force"":[0.18506772327304155,-0.36883685169000113],""has_data"":true,""last_update_ts"":1784119498.9475248,""raw"":[16687,17072,17544]},""middle"":{""age_s"":0.009136438369750977,""channels"":3,""force"":[-0.7643056623483915,0.6444237544199982],""has_data"":true,""last_update_ts"":1784119498.9475248,""raw"":[17082,15492,15126]},""pinky"":{""age_s"":0.009136438369750977,""channels"":3,""force"":[-1.0209969980050229,-0.7471097101200019],""has_data"":true,""last_update_ts"":1784119498.9475248,""raw"":[17416,15292,17700]},""ring"":{""age_s"":0.009136438369750977,""channels"":3,""force"":[0.27880332337237057,0.2525519450999978],""has_data"":true,""last_update_ts"":1784119498.9475248,""raw"":[15798,16378,15633]},""thumb"":{""age_s"":0.009136438369750977,""channels"":3,""force"":[0.0,-2.220446049250313e-16],""has_data"":true,""last_update_ts"":1784119498.9475248,""raw"":[0,0,0]}}","{""ble"":{""connection_state"":""connected"",""counter"":1041867,""finger_order"":""DexterController.Visualizer"",""last_error"":null,""last_sample_age_s"":0.009161237001535483,""reconnect_count"":0,""sample_hz"":20.0,""sample_sequence"":434,""timestamp_us"":10463782848},""fingers"":{""index"":{""has_data"":true,""last_update_ts"":1784119498.9475248,""mapped"":true},""middle"":{""has_data"":true,""last_update_ts"":1784119498.9475248,""mapped"":true},""pinky"":{""has_data"":true,""last_update_ts"":1784119498.9475248,""mapped"":true},""ring"":{""has_data"":true,""last_update_ts"":1784119498.9475248,""mapped"":true},""thumb"":{""has_data"":true,""last_update_ts"":1784119498.9475248,""mapped"":true}},""ports"":{""available"":[""BLE:Dexter""],""unavailable"":[]}}"
1784119499.0068183,1784119499.0066843,436,ble,"{""index"":{""age_s"":0.009155035018920898,""channels"":3,""force"":[0.1629557355572988,-0.19454825661000275],""has_data"":true,""last_update_ts"":1784119498.9975293,""raw"":[16828,17167,17348]},""middle"":{""age_s"":0.009155035018920898,""channels"":3,""force"":[-0.6383634714457003,0.47679586997999657],""has_data"":true,""last_update_ts"":1784119498.9975293,""raw"":[16839,15511,15316]},""pinky"":{""age_s"":0.009155035018920898,""channels"":3,""force"":[-1.0234004749306465,-0.7440568844100008],""has_data"":true,""last_update_ts"":1784119498.9975293,""raw"":[17423,15294,17699]},""ring"":{""age_s"":0.009155035018920898,""channels"":3,""force"":[0.27832262798724194,0.2528294747099995],""has_data"":true,""last_update_ts"":1784119498.9975293,""raw"":[15797,16376,15631]},""thumb"":{""age_s"":0.009155035018920898,""channels"":3,""force"":[0.0,-2.220446049250313e-16],""has_data"":true,""last_update_ts"":1784119498.9975293,""raw"":[0,0,0]}}","{""ble"":{""connection_state"":""connected"",""counter"":1041873,""finger_order"":""DexterController.Visualizer"",""last_error"":null,""last_sample_age_s"":0.009181125002214685,""reconnect_count"":0,""sample_hz"":20.0,""sample_sequence"":435,""timestamp_us"":10463839264},""fingers"":{""index"":{""has_data"":true,""last_update_ts"":1784119498.9975293,""mapped"":true},""middle"":{""has_data"":true,""last_update_ts"":1784119498.9975293,""mapped"":true},""pinky"":{""has_data"":true,""last_update_ts"":1784119498.9975293,""mapped"":true},""ring"":{""has_data"":true,""last_update_ts"":1784119498.9975293,""mapped"":true},""thumb"":{""has_data"":true,""last_update_ts"":1784119498.9975293,""mapped"":true}},""ports"":{""available"":[""BLE:Dexter""],""unavailable"":[]}}"
1784119499.0567958,1784119499.056673,437,ble,"{""index"":{""age_s"":0.009156227111816406,""channels"":3,""force"":[0.12017384628119565,-0.18538977948000301],""has_data"":true,""last_update_ts"":1784119499.0475168,""raw"":[16864,17114,17323]},""middle"":{""age_s"":0.009156227111816406,""channels"":3,""force"":[-0.6287495637432059,0.4146292373399989],""has_data"":true,""last_update_ts"":1784119499.0475168,""raw"":[16787,15479,15386]},""pinky"":{""age_s"":0.009156227111816406,""channels"":3,""force"":[-1.025323256471145,-0.7357309961100018],""has_data"":true,""last_update_ts"":1784119499.0475168,""raw"":[17426,15293,17685]},""ring"":{""age_s"":0.009156227111816406,""channels"":3,""force"":[0.28745584030461657,0.2630980702799981],""has_data"":true,""last_update_ts"":1784119499.0475168,""raw"":[15794,16392,15619]},""thumb"":{""age_s"":0.009156227111816406,""channels"":3,""force"":[0.0,-2.220446049250313e-16],""has_data"":true,""last_update_ts"":1784119499.0475168,""raw"":[0,0,0]}}","{""ble"":{""connection_state"":""connected"",""counter"":1041878,""finger_order"":""DexterController.Visualizer"",""last_error"":null,""last_sample_age_s"":0.009181137997074984,""reconnect_count"":0,""sample_hz"":20.0,""sample_sequence"":436,""timestamp_us"":10463886272},""fingers"":{""index"":{""has_data"":true,""last_update_ts"":1784119499.0475168,""mapped"":true},""middle"":{""has_data"":true,""last_update_ts"":1784119499.0475168,""mapped"":true},""pinky"":{""has_data"":true,""last_update_ts"":1784119499.0475168,""mapped"":true},""ring"":{""has_data"":true,""last_update_ts"":1784119499.0475168,""mapped"":true},""thumb"":{""has_data"":true,""last_update_ts"":1784119499.0475168,""mapped"":true}},""ports"":{""available"":[""BLE:Dexter""],""unavailable"":[]}}"
1784119499.106784,1784119499.106669,438,ble,"{""index"":{""age_s"":0.0091400146484375,""channels"":3,""force"":[0.10286881241670365,-0.20370673374000425],""has_data"":true,""last_update_ts"":1784119499.097529,""raw"":[16881,17095,17355]},""middle"":{""age_s"":0.0091400146484375,""channels"":3,""force"":[-0.6196163514258366,0.3893740428300001],""has_data"":true,""last_update_ts"":1784119499.097529,""raw"":[16772,15483,15426]},""pinky"":{""age_s"":0.0091400146484375,""channels"":3,""force"":[-1.0200356072347727,-0.7498850062200013],""has_data"":true,""last_update_ts"":1784119499.097529,""raw"":[17410,15288,17700]},""ring"":{""age_s"":0.0091400146484375,""channels"":3,""force"":[0.2783226279872437,0.25227441548999874],""has_data"":true,""last_update_ts"":1784119499.097529,""raw"":[15796,16375,15631]},""thumb"":{""age_s"":0.0091400146484375,""channels"":3,""force"":[0.0,-2.220446049250313e-16],""has_data"":true,""last_update_ts"":1784119499.097529,""raw"":[0,0,0]}}","{""ble"":{""connection_state"":""connected"",""counter"":1041883,""finger_order"":""DexterController.Visualizer"",""last_error"":null,""last_sample_age_s"":0.009160774003248662,""reconnect_count"":0,""sample_hz"":20.0,""sample_sequence"":437,""timestamp_us"":10463933312},""fingers"":{""index"":{""has_data"":true,""last_update_ts"":1784119499.097529,""mapped"":true},""middle"":{""has_data"":true,""last_update_ts"":1784119499.097529,""mapped"":true},""pinky"":{""has_data"":true,""last_update_ts"":1784119499.097529,""mapped"":true},""ring"":{""has_data"":true,""last_update_ts"":1784119499.097529,""mapped"":true},""thumb"":{""has_data"":true,""last_update_ts"":1784119499.097529,""mapped"":true}},""ports"":{""available"":[""BLE:Dexter""],""unavailable"":[]}}"
1784119499.156798,1784119499.1566792,439,ble,"{""index"":{""age_s"":0.009154558181762695,""channels"":3,""force"":[0.0937356000993308,-0.26171042223000285],""has_data"":true,""last_update_ts"":1784119499.1475246,""raw"":[16851,17046,17420]},""middle"":{""age_s"":0.009154558181762695,""channels"":3,""force"":[-0.5994271452505959,0.3438591867899987],""has_data"":true,""last_update_ts"":1784119499.1475246,""raw"":[16722,15475,15479]},""pinky"":{""age_s"":0.009154558181762695,""channels"":3,""force"":[-1.0234004749306465,-0.7484973581700016],""has_data"":true,""last_update_ts"":1784119499.1475246,""raw"":[17418,15289,17702]},""ring"":{""age_s"":0.009154558181762695,""channels"":3,""force"":[0.26870872028474935,0.2511642970499981],""has_data"":true,""last_update_ts"":1784119499.1475246,""raw"":[15801,16360,15628]},""thumb"":{""age_s"":0.009154558181762695,""channels"":3,""force"":[0.0,-2.220446049250313e-16],""has_data"":true,""last_update_ts"":1784119499.1475246,""raw"":[0,0,0]}}","{""ble"":{""connection_state"":""connected"",""counter"":1041888,""finger_order"":""DexterController.Visualizer"",""last_error"":null,""last_sample_age_s"":0.009175956001854502,""reconnect_count"":0,""sample_hz"":20.0,""sample_sequence"":438,""timestamp_us"":10463980256},""fingers"":{""index"":{""has_data"":true,""last_update_ts"":1784119499.1475246,""mapped"":true},""middle"":{""has_data"":true,""last_update_ts"":1784119499.1475246,""mapped"":true},""pinky"":{""has_data"":true,""last_update_ts"":1784119499.1475246,""mapped"":true},""ring"":{""has_data"":true,""last_update_ts"":1784119499.1475246,""mapped"":true},""thumb"":{""has_data"":true,""last_update_ts"":1784119499.1475246,""mapped"":true}},""ports"":{""available"":[""BLE:Dexter""],""unavailable"":[]}}"
1784119499.2067811,1784119499.2066634,440,ble,"{""index"":{""age_s"":0.009127378463745117,""channels"":3,""force"":[0.10046533549107828,-0.3505198974300008],""has_data"":true,""last_update_ts"":1784119499.197536,""raw"":[16786,16995,17522]},""middle"":{""age_s"":0.009127378463745117,""channels"":3,""force"":[-0.522035188245507,0.12100290995999607],""has_data"":true,""last_update_ts"":1784119499.197536,""raw"":[16513,15427,15752]},""pinky"":{""age_s"":0.009127378463745117,""channels"":3,""force"":[-1.0258039518562718,-0.7443344140199999],""has_data"":true,""last_update_ts"":1784119499.197536,""raw"":[17421,15287,17695]},""ring"":{""age_s"":0.009127378463745117,""channels"":3,""force"":[0.2759191510616237,0.2558823004199988],""has_data"":true,""last_update_ts"":1784119499.197536,""raw"":[15799,16373,15625]},""thumb"":{""age_s"":0.009127378463745117,""channels"":3,""force"":[0.0,-2.220446049250313e-16],""has_data"":true,""last_update_ts"":1784119499.197536,""raw"":[0,0,0]}}","{""ble"":{""connection_state"":""connected"",""counter"":1041894,""finger_order"":""DexterController.Visualizer"",""last_error"":null,""last_sample_age_s"":0.009148725992417894,""reconnect_count"":0,""sample_hz"":20.0,""sample_sequence"":439,""timestamp_us"":10464036704},""fingers"":{""index"":{""has_data"":true,""last_update_ts"":1784119499.197536,""mapped"":true},""middle"":{""has_data"":true,""last_update_ts"":1784119499.197536,""mapped"":true},""pinky"":{""has_data"":true,""last_update_ts"":1784119499.197536,""mapped"":true},""ring"":{""has_data"":true,""last_update_ts"":1784119499.197536,""mapped"":true},""thumb"":{""has_data"":true,""last_update_ts"":1784119499.197536,""mapped"":true}},""ports"":{""available"":[""BLE:Dexter""],""unavailable"":[]}}"
1784119499.2567542,1784119499.2566547,441,ble,"{""index"":{""age_s"":0.009129762649536133,""channels"":3,""force"":[0.13699818476055903,-0.39159427971000227],""has_data"":true,""last_update_ts"":1784119499.247525,""raw"":[16723,17008,17571]},""middle"":{""age_s"":0.009129762649536133,""channels"":3,""force"":[-0.44079766815941923,-0.22063603995000225],""has_data"":true,""last_update_ts"":1784119499.247525,""raw"":[16213,15296,16152]},""pinky"":{""age_s"":0.009129762649536133,""channels"":3,""force"":[-1.0296495149372706,-0.7459995916800022],""has_data"":true,""last_update_ts"":1784119499.247525,""raw"":[17424,15282,17697]},""ring"":{""age_s"":0.009129762649536133,""channels"":3,""force"":[0.2768805418318703,0.25310700431999855],""has_data"":true,""last_update_ts"":1784119499.247525,""raw"":[15801,16377,15633]},""thumb"":{""age_s"":0.009129762649536133,""channels"":3,""force"":[0.0,-2.220446049250313e-16],""has_data"":true,""last_update_ts"":1784119499.247525,""raw"":[0,0,0]}}","{""ble"":{""connection_state"":""connected"",""counter"":1041899,""finger_order"":""DexterController.Visualizer"",""last_error"":null,""last_sample_age_s"":0.009148376004304737,""reconnect_count"":0,""sample_hz"":20.0,""sample_sequence"":440,""timestamp_us"":10464083712},""fingers"":{""index"":{""has_data"":true,""last_update_ts"":1784119499.247525,""mapped"":true},""middle"":{""has_data"":true,""last_update_ts"":1784119499.247525,""mapped"":true},""pinky"":{""has_data"":true,""last_update_ts"":1784119499.247525,""mapped"":true},""ring"":{""has_data"":true,""last_update_ts"":1784119499.247525,""mapped"":true},""thumb"":{""has_data"":true,""last_update_ts"":1784119499.247525,""mapped"":true}},""ports"":{""available"":[""BLE:Dexter""],""unavailable"":[]}}"
1784119499.306751,1784119499.3066313,442,ble,"{""index"":{""age_s"":0.009102582931518555,""channels"":3,""force"":[0.17929937865154244,-0.36273120027000516],""has_data"":true,""last_update_ts"":1784119499.2975287,""raw"":[16700,17073,17540]},""middle"":{""age_s"":0.009102582931518555,""channels"":3,""force"":[-0.3129326957162295,-0.8678350904700016],""has_data"":true,""last_update_ts"":1784119499.2975287,""raw"":[15689,15038,16927]},""pinky"":{""age_s"":0.009102582931518555,""channels"":3,""force"":[-1.0234004749306465,-0.7501625358300013],""has_data"":true,""last_update_ts"":1784119499.2975287,""raw"":[17419,15290,17706]},""ring"":{""age_s"":0.009102582931518555,""channels"":3,""force"":[0.27447706490624846,0.24505864562999857],""has_data"":true,""last_update_ts"":1784119499.2975287,""raw"":[15791,16362,15635]},""thumb"":{""age_s"":0.009102582931518555,""channels"":3,""force"":[0.0,-2.220446049250313e-16],""has_data"":true,""last_update_ts"":1784119499.2975287,""raw"":[0,0,0]}}","{""ble"":{""connection_state"":""connected"",""counter"":1041904,""finger_order"":""DexterController.Visualizer"",""last_error"":null,""last_sample_age_s"":0.009119182999711484,""reconnect_count"":0,""sample_hz"":20.0,""sample_sequence"":441,""timestamp_us"":10464130592},""fingers"":{""index"":{""has_data"":true,""last_update_ts"":1784119499.2975287,""mapped"":true},""middle"":{""has_data"":true,""last_update_ts"":1784119499.2975287,""mapped"":true},""pinky"":{""has_data"":true,""last_update_ts"":1784119499.2975287,""mapped"":true},""ring"":{""has_data"":true,""last_update_ts"":1784119499.2975287,""mapped"":true},""thumb"":{""has_data"":true,""last_update_ts"":1784119499.2975287,""mapped"":true}},""ports"":{""available"":[""BLE:Dexter""],""unavailable"":[]}}"
1784119499.3567472,1784119499.3566372,443,ble,"{""index"":{""age_s"":0.009122610092163086,""channels"":3,""force"":[0.2494809048797606,-0.004162944150001735],""has_data"":true,""last_update_ts"":1784119499.3475146,""raw"":[16831,17350,17098]},""middle"":{""age_s"":0.009122610092163086,""channels"":3,""force"":[-0.25092299103513227,-1.5402893355000025],""has_data"":true,""last_update_ts"":1784119499.3475146,""raw"":[15097,14575,17611]},""pinky"":{""age_s"":0.009122610092163086,""channels"":3,""force"":[0.672492843789561,0.1057387814099986],""has_data"":true,""last_update_ts"":1784119499.3475146,""raw"":[16965,18364,17474]},""ring"":{""age_s"":0.009122610092163086,""channels"":3,""force"":[0.37350031424194974,0.5886403028099982],""has_data"":true,""last_update_ts"":1784119499.3475146,""raw"":[15708,16485,15036]},""thumb"":{""age_s"":0.009122610092163086,""channels"":3,""force"":[0.0,-2.220446049250313e-16],""has_data"":true,""last_update_ts"":1784119499.3475146,""raw"":[0,0,0]}}","{""ble"":{""connection_state"":""connected"",""counter"":1041910,""finger_order"":""DexterController.Visualizer"",""last_error"":null,""last_sample_age_s"":0.009143375005805865,""reconnect_count"":0,""sample_hz"":20.0,""sample_sequence"":442,""timestamp_us"":10464186816},""fingers"":{""index"":{""has_data"":true,""last_update_ts"":1784119499.3475146,""mapped"":true},""middle"":{""has_data"":true,""last_update_ts"":1784119499.3475146,""mapped"":true},""pinky"":{""has_data"":true,""last_update_ts"":1784119499.3475146,""mapped"":true},""ring"":{""has_data"":true,""last_update_ts"":1784119499.3475146,""mapped"":true},""thumb"":{""has_data"":true,""last_update_ts"":1784119499.3475146,""mapped"":true}},""ports"":{""available"":[""BLE:Dexter""],""unavailable"":[]}}"
1784119499.406751,1784119499.4066346,444,ble,"{""index"":{""age_s"":0.009105443954467773,""channels"":3,""force"":[0.37109683731632614,0.6560799980399974],""has_data"":true,""last_update_ts"":1784119499.3975291,""raw"":[17155,17927,16359]},""middle"":{""age_s"":0.009105443954467773,""channels"":3,""force"":[-0.19900788944165804,-2.4505864563000026],""has_data"":true,""last_update_ts"":1784119499.3975291,""raw"":[14582,14168,18790]},""pinky"":{""age_s"":0.009105443954467773,""channels"":3,""force"":[-1.0248425610860235,-0.7443344140200008],""has_data"":true,""last_update_ts"":1784119499.3975291,""raw"":[17425,15293,17700]},""ring"":{""age_s"":0.009105443954467773,""channels"":3,""force"":[0.2759191510616219,0.25033170821999917],""has_data"":true,""last_update_ts"":1784119499.3975291,""raw"":[15796,16370,15632]},""thumb"":{""age_s"":0.009105443954467773,""channels"":3,""force"":[0.0,-2.220446049250313e-16],""has_data"":true,""last_update_ts"":1784119499.3975291,""raw"":[0,0,0]}}","{""ble"":{""connection_state"":""connected"",""counter"":1041915,""finger_order"":""DexterController.Visualizer"",""last_error"":null,""last_sample_age_s"":0.009126137010753155,""reconnect_count"":0,""sample_hz"":20.0,""sample_sequence"":443,""timestamp_us"":10464233728},""fingers"":{""index"":{""has_data"":true,""last_update_ts"":1784119499.3975291,""mapped"":true},""middle"":{""has_data"":true,""last_update_ts"":1784119499.3975291,""mapped"":true},""pinky"":{""has_data"":true,""last_update_ts"":1784119499.3975291,""mapped"":true},""ring"":{""has_data"":true,""last_update_ts"":1784119499.3975291,""mapped"":true},""thumb"":{""has_data"":true,""last_update_ts"":1784119499.3975291,""mapped"":true}},""ports"":{""available"":[""BLE:Dexter""],""unavailable"":[]}}"
1784119499.45675,1784119499.456637,445,ble,"{""index"":{""age_s"":0.009122371673583984,""channels"":3,""force"":[0.4758884312735301,0.971353634999998],""has_data"":true,""last_update_ts"":1784119499.4475145,""raw"":[17221,18211,15966]},""middle"":{""age_s"":0.009122371673583984,""channels"":3,""force"":[-0.1148861970448225,-3.1241508197700014],""has_data"":true,""last_update_ts"":1784119499.4475145,""raw"":[14114,13875,19623]},""pinky"":{""age_s"":0.009122371673583984,""channels"":3,""force"":[-1.0157093487686488,-0.7573783056900014],""has_data"":true,""last_update_ts"":1784119499.4475145,""raw"":[17399,15286,17707]},""ring"":{""age_s"":0.009122371673583984,""channels"":3,""force"":[0.2768805418318703,0.2392305238199981],""has_data"":true,""last_update_ts"":1784119499.4475145,""raw"":[15793,16369,15650]},""thumb"":{""age_s"":0.009122371673583984,""channels"":3,""force"":[0.0,-2.220446049250313e-16],""has_data"":true,""last_update_ts"":1784119499.4475145,""raw"":[0,0,0]}}","{""ble"":{""connection_state"":""connected"",""counter"":1041920,""finger_order"":""DexterController.Visualizer"",""last_error"":null,""last_sample_age_s"":0.009143795992713422,""reconnect_count"":0,""sample_hz"":20.0,""sample_sequence"":444,""timestamp_us"":10464280672},""fingers"":{""index"":{""has_data"":true,""last_update_ts"":1784119499.4475145,""mapped"":true},""middle"":{""has_data"":true,""last_update_ts"":1784119499.4475145,""mapped"":true},""pinky"":{""has_data"":true,""last_update_ts"":1784119499.4475145,""mapped"":true},""ring"":{""has_data"":true,""last_update_ts"":1784119499.4475145,""mapped"":true},""thumb"":{""has_data"":true,""last_update_ts"":1784119499.4475145,""mapped"":true}},""ports"":{""available"":[""BLE:Dexter""],""unavailable"":[]}}"
1784119499.5067947,1784119499.5066657,446,ble,"{""index"":{""age_s"":0.009140968322753906,""channels"":3,""force"":[0.551838302123242,1.0879160711999987],""has_data"":true,""last_update_ts"":1784119499.4975247,""raw"":[17167,18315,15781]},""middle"":{""age_s"":0.009140968322753906,""channels"":3,""force"":[-0.13171053552418854,-3.4979832044400005],""has_data"":true,""last_update_ts"":1784119499.4975247,""raw"":[13955,13681,20120]},""pinky"":{""age_s"":0.009140968322753906,""channels"":3,""force"":[-1.0262846472413951,-0.7523827727100016],""has_data"":true,""last_update_ts"":1784119499.4975247,""raw"":[17418,15283,17706]},""ring"":{""age_s"":0.009140968322753906,""channels"":3,""force"":[0.2759191510616201,0.25532724119999806],""has_data"":true,""last_update_ts"":1784119499.4975247,""raw"":[15798,16372,15625]},""thumb"":{""age_s"":0.009140968322753906,""channels"":3,""force"":[0.0,-2.220446049250313e-16],""has_data"":true,""last_update_ts"":1784119499.4975247,""raw"":[0,0,0]}}","{""ble"":{""connection_state"":""connected"",""counter"":1041926,""finger_order"":""DexterController.Visualizer"",""last_error"":null,""last_sample_age_s"":0.009161394002148882,""reconnect_count"":0,""sample_hz"":20.0,""sample_sequence"":445,""timestamp_us"":10464337152},""fingers"":{""index"":{""has_data"":true,""last_update_ts"":1784119499.4975247,""mapped"":true},""middle"":{""has_data"":true,""last_update_ts"":1784119499.4975247,""mapped"":true},""pinky"":{""has_data"":true,""last_update_ts"":1784119499.4975247,""mapped"":true},""ring"":{""has_data"":true,""last_update_ts"":1784119499.4975247,""mapped"":true},""thumb"":{""has_data"":true,""last_update_ts"":1784119499.4975247,""mapped"":true}},""ports"":{""available"":[""BLE:Dexter""],""unavailable"":[]}}"
1784119499.5567777,1784119499.556659,447,ble,"{""index"":{""age_s"":0.009134292602539062,""channels"":3,""force"":[0.591255323703475,1.1606288290199993],""has_data"":true,""last_update_ts"":1784119499.5475247,""raw"":[17164,18394,15688]},""middle"":{""age_s"":0.009134292602539062,""channels"":3,""force"":[-0.12786497244318884,-3.7927196502599996],""has_data"":true,""last_update_ts"":1784119499.5475247,""raw"":[13799,13533,20499]},""pinky"":{""age_s"":0.009134292602539062,""channels"":3,""force"":[-1.02580395185627,-0.742669236360002],""has_data"":true,""last_update_ts"":1784119499.5475247,""raw"":[17426,15292,17697]},""ring"":{""age_s"":0.009134292602539062,""channels"":3,""force"":[0.2763998464467434,0.2522744154899996],""has_data"":true,""last_update_ts"":1784119499.5475247,""raw"":[15797,16372,15630]},""thumb"":{""age_s"":0.009134292602539062,""channels"":3,""force"":[0.0,-2.220446049250313e-16],""has_data"":true,""last_update_ts"":1784119499.5475247,""raw"":[0,0,0]}}","{""ble"":{""connection_state"":""connected"",""counter"":1041931,""finger_order"":""DexterController.Visualizer"",""last_error"":null,""last_sample_age_s"":0.00915480000548996,""reconnect_count"":0,""sample_hz"":20.0,""sample_sequence"":446,""timestamp_us"":10464384192},""fingers"":{""index"":{""has_data"":true,""last_update_ts"":1784119499.5475247,""mapped"":true},""middle"":{""has_data"":true,""last_update_ts"":1784119499.5475247,""mapped"":true},""pinky"":{""has_data"":true,""last_update_ts"":1784119499.5475247,""mapped"":true},""ring"":{""has_data"":true,""last_update_ts"":1784119499.5475247,""mapped"":true},""thumb"":{""has_data"":true,""last_update_ts"":1784119499.5475247,""mapped"":true}},""ports"":{""available"":[""BLE:Dexter""],""unavailable"":[]}}"
1784119499.6067774,1784119499.60666,448,ble,"{""index"":{""age_s"":0.009135007858276367,""channels"":3,""force"":[0.6023113175613446,1.2225179320499988],""has_data"":true,""last_update_ts"":1784119499.597525,""raw"":[17160,18413,15584]},""middle"":{""age_s"":0.009135007858276367,""channels"":3,""force"":[-0.11104063396382458,-4.0022545058100025],""has_data"":true,""last_update_ts"":1784119499.597525,""raw"":[13680,13449,20775]},""pinky"":{""age_s"":0.009135007858276367,""channels"":3,""force"":[-1.0267653426265202,-0.7482198285600008],""has_data"":true,""last_update_ts"":1784119499.597525,""raw"":[17424,15288,17704]},""ring"":{""age_s"":0.009135007858276367,""channels"":3,""force"":[0.27447706490624846,0.2556047708099962],""has_data"":true,""last_update_ts"":1784119499.597525,""raw"":[15799,16370,15624]},""thumb"":{""age_s"":0.009135007858276367,""channels"":3,""force"":[0.0,-2.220446049250313e-16],""has_data"":true,""last_update_ts"":1784119499.597525,""raw"":[0,0,0]}}","{""ble"":{""connection_state"":""connected"",""counter"":1041936,""finger_order"":""DexterController.Visualizer"",""last_error"":null,""last_sample_age_s"":0.009155922991340049,""reconnect_count"":0,""sample_hz"":20.0,""sample_sequence"":447,""timestamp_us"":10464431168},""fingers"":{""index"":{""has_data"":true,""last_update_ts"":1784119499.597525,""mapped"":true},""middle"":{""has_data"":true,""last_update_ts"":1784119499.597525,""mapped"":true},""pinky"":{""has_data"":true,""last_update_ts"":1784119499.597525,""mapped"":true},""ring"":{""has_data"":true,""last_update_ts"":1784119499.597525,""mapped"":true},""thumb"":{""has_data"":true,""last_update_ts"":1784119499.597525,""mapped"":true}},""ports"":{""available"":[""BLE:Dexter""],""unavailable"":[]}}"
1784119499.6567652,1784119499.6566477,449,ble,"{""index"":{""age_s"":0.009133338928222656,""channels"":3,""force"":[0.624423305277082,1.348516374989999],""has_data"":true,""last_update_ts"":1784119499.6475143,""raw"":[17207,18506,15427]},""middle"":{""age_s"":0.009133338928222656,""channels"":3,""force"":[-0.07835334777533909,-4.32751920873],""has_data"":true,""last_update_ts"":1784119499.6475143,""raw"":[13462,13299,21177]},""pinky"":{""age_s"":0.009133338928222656,""channels"":3,""force"":[-1.0219583887752712,-0.7448894732400024],""has_data"":true,""last_update_ts"":1784119499.6475143,""raw"":[17414,15288,17693]},""ring"":{""age_s"":0.009133338928222656,""channels"":3,""force"":[0.28553305876411983,0.2636531294999971],""has_data"":true,""last_update_ts"":1784119499.6475143,""raw"":[15795,16389,15617]},""thumb"":{""age_s"":0.009133338928222656,""channels"":3,""force"":[0.0,-2.220446049250313e-16],""has_data"":true,""last_update_ts"":1784119499.6475143,""raw"":[0,0,0]}}","{""ble"":{""connection_state"":""connected"",""counter"":1041942,""finger_order"":""DexterController.Visualizer"",""last_error"":null,""last_sample_age_s"":0.009154498999123462,""reconnect_count"":0,""sample_hz"":20.0,""sample_sequence"":448,""timestamp_us"":10464487584},""fingers"":{""index"":{""has_data"":true,""last_update_ts"":1784119499.6475143,""mapped"":true},""middle"":{""has_data"":true,""last_update_ts"":1784119499.6475143,""mapped"":true},""pinky"":{""has_data"":true,""last_update_ts"":1784119499.6475143,""mapped"":true},""ring"":{""has_data"":true,""last_update_ts"":1784119499.6475143,""mapped"":true},""thumb"":{""has_data"":true,""last_update_ts"":1784119499.6475143,""mapped"":true}},""ports"":{""available"":[""BLE:Dexter""],""unavailable"":[]}}"
1784119499.706801,1784119499.706684,450,ble,"{""index"":{""age_s"":0.009155750274658203,""channels"":3,""force"":[0.6585526776209427,1.485338472719997],""has_data"":true,""last_update_ts"":1784119499.6975284,""raw"":[17248,18618,15257]},""middle"":{""age_s"":0.009155750274658203,""channels"":3,""force"":[-0.07066222161334146,-4.536221475450001],""has_data"":true,""last_update_ts"":1784119499.6975284,""raw"":[13345,13198,21444]},""pinky"":{""age_s"":0.009155750274658203,""channels"":3,""force"":[-1.022439084160398,-0.7484973581700025],""has_data"":true,""last_update_ts"":1784119499.6975284,""raw"":[17420,15293,17705]},""ring"":{""age_s"":0.009155750274658203,""channels"":3,""force"":[0.27447706490624846,0.25171935626999886],""has_data"":true,""last_update_ts"":1784119499.6975284,""raw"":[15799,16370,15631]},""thumb"":{""age_s"":0.009155750274658203,""channels"":3,""force"":[0.0,-2.220446049250313e-16],""has_data"":true,""last_update_ts"":1784119499.6975284,""raw"":[0,0,0]}}","{""ble"":{""connection_state"":""connected"",""counter"":1041947,""finger_order"":""DexterController.Visualizer"",""last_error"":null,""last_sample_age_s"":0.00917705699976068,""reconnect_count"":0,""sample_hz"":20.0,""sample_sequence"":449,""timestamp_us"":10464534560},""fingers"":{""index"":{""has_data"":true,""last_update_ts"":1784119499.6975284,""mapped"":true},""middle"":{""has_data"":true,""last_update_ts"":1784119499.6975284,""mapped"":true},""pinky"":{""has_data"":true,""last_update_ts"":1784119499.6975284,""mapped"":true},""ring"":{""has_data"":true,""last_update_ts"":1784119499.6975284,""mapped"":true},""thumb"":{""has_data"":true,""last_update_ts"":1784119499.6975284,""mapped"":true}},""ports"":{""available"":[""BLE:Dexter""],""unavailable"":[]}}"
1784119499.756803,1784119499.7566597,451,ble,"{""index"":{""age_s"":0.009134769439697266,""channels"":3,""force"":[0.6321144314390796,1.639367406269999],""has_data"":true,""last_update_ts"":1784119499.747525,""raw"":[17393,18708,15097]},""middle"":{""age_s"":0.009134769439697266,""channels"":3,""force"":[-0.14468931092255666,-4.462398599190001],""has_data"":true,""last_update_ts"":1784119499.747525,""raw"":[13456,13155,21345]},""pinky"":{""age_s"":0.009134769439697266,""channels"":3,""force"":[-1.0277267333967686,-0.7443344140200017],""has_data"":true,""last_update_ts"":1784119499.747525,""raw"":[17426,15288,17698]},""ring"":{""age_s"":0.009134769439697266,""channels"":3,""force"":[0.27351567413599476,0.255604770809998],""has_data"":true,""last_update_ts"":1784119499.747525,""raw"":[15802,16371,15626]},""thumb"":{""age_s"":0.009134769439697266,""channels"":3,""force"":[0.0,-2.220446049250313e-16],""has_data"":true,""last_update_ts"":1784119499.747525,""raw"":[0,0,0]}}","{""ble"":{""connection_state"":""connected"",""counter"":1041952,""finger_order"":""DexterController.Visualizer"",""last_error"":null,""last_sample_age_s"":0.009160753994365223,""reconnect_count"":0,""sample_hz"":20.0,""sample_sequence"":450,""timestamp_us"":10464581568},""fingers"":{""index"":{""has_data"":true,""last_update_ts"":1784119499.747525,""mapped"":true},""middle"":{""has_data"":true,""last_update_ts"":1784119499.747525,""mapped"":true},""pinky"":{""has_data"":true,""last_update_ts"":1784119499.747525,""mapped"":true},""ring"":{""has_data"":true,""last_update_ts"":1784119499.747525,""mapped"":true},""thumb"":{""has_data"":true,""last_update_ts"":1784119499.747525,""mapped"":true}},""ports"":{""available"":[""BLE:Dexter""],""unavailable"":[]}}"
1784119499.8067958,1784119499.806682,452,ble,"{""index"":{""age_s"":0.009153127670288086,""channels"":3,""force"":[0.647015988377948,1.7473264245599989],""has_data"":true,""last_update_ts"":1784119499.797529,""raw"":[17445,18791,14970]},""middle"":{""age_s"":0.009153127670288086,""channels"":3,""force"":[-0.1759345109556687,-4.446579411420002],""has_data"":true,""last_update_ts"":1784119499.797529,""raw"":[13503,13137,21331]},""pinky"":{""age_s"":0.009153127670288086,""channels"":3,""force"":[-1.0214776933901462,-0.7457220620700005],""has_data"":true,""last_update_ts"":1784119499.797529,""raw"":[17418,15293,17699]},""ring"":{""age_s"":0.009153127670288086,""channels"":3,""force"":[0.27736123721699535,0.2533845339299985],""has_data"":true,""last_update_ts"":1784119499.797529,""raw"":[15793,16370,15625]},""thumb"":{""age_s"":0.009153127670288086,""channels"":3,""force"":[0.0,-2.220446049250313e-16],""has_data"":true,""last_update_ts"":1784119499.797529,""raw"":[0,0,0]}}","{""ble"":{""connection_state"":""connected"",""counter"":1041958,""finger_order"":""DexterController.Visualizer"",""last_error"":null,""last_sample_age_s"":0.009173641010420397,""reconnect_count"":0,""sample_hz"":20.0,""sample_sequence"":451,""timestamp_us"":10464638048},""fingers"":{""index"":{""has_data"":true,""last_update_ts"":1784119499.797529,""mapped"":true},""middle"":{""has_data"":true,""last_update_ts"":1784119499.797529,""mapped"":true},""pinky"":{""has_data"":true,""last_update_ts"":1784119499.797529,""mapped"":true},""ring"":{""has_data"":true,""last_update_ts"":1784119499.797529,""mapped"":true},""thumb"":{""has_data"":true,""last_update_ts"":1784119499.797529,""mapped"":true}},""ports"":{""available"":[""BLE:Dexter""],""unavailable"":[]}}"
1784119499.8567998,1784119499.856682,453,ble,"{""index"":{""age_s"":0.009152889251708984,""channels"":3,""force"":[0.6720121484044377,1.738445477039999],""has_data"":true,""last_update_ts"":1784119499.8475292,""raw"":[17414,18812,14981]},""middle"":{""age_s"":0.009152889251708984,""channels"":3,""force"":[-0.17353103403004422,-4.365818294910001],""has_data"":true,""last_update_ts"":1784119499.8475292,""raw"":[13550,13189,21235]},""pinky"":{""age_s"":0.009152889251708984,""channels"":3,""force"":[-1.0214776933901462,-0.7412815883100041],""has_data"":true,""last_update_ts"":1784119499.8475292,""raw"":[17415,15290,17688]},""ring"":{""age_s"":0.009152889251708984,""channels"":3,""force"":[0.28793653568974165,0.26060030378999777],""has_data"":true,""last_update_ts"":1784119499.8475292,""raw"":[15798,16397,15628]},""thumb"":{""age_s"":0.009152889251708984,""channels"":3,""force"":[0.0,-2.220446049250313e-16],""has_data"":true,""last_update_ts"":1784119499.8475292,""raw"":[0,0,0]}}","{""ble"":{""connection_state"":""connected"",""counter"":1041963,""finger_order"":""DexterController.Visualizer"",""last_error"":null,""last_sample_age_s"":0.009173540995107032,""reconnect_count"":0,""sample_hz"":20.0,""sample_sequence"":452,""timestamp_us"":10464684960},""fingers"":{""index"":{""has_data"":true,""last_update_ts"":1784119499.8475292,""mapped"":true},""middle"":{""has_data"":true,""last_update_ts"":1784119499.8475292,""mapped"":true},""pinky"":{""has_data"":true,""last_update_ts"":1784119499.8475292,""mapped"":true},""ring"":{""has_data"":true,""last_update_ts"":1784119499.8475292,""mapped"":true},""thumb"":{""has_data"":true,""last_update_ts"":1784119499.8475292,""mapped"":true}},""ports"":{""available"":[""BLE:Dexter""],""unavailable"":[]}}"
1784119499.9067888,1784119499.9066734,454,ble,"{""index"":{""age_s"":0.009148359298706055,""channels"":3,""force"":[0.6845102284176807,1.6379797582199993],""has_data"":true,""last_update_ts"":1784119499.897525,""raw"":[17356,18780,15117]},""middle"":{""age_s"":0.009148359298706055,""channels"":3,""force"":[-0.1610329540167994,-4.118816942010002],""has_data"":true,""last_update_ts"":1784119499.897525,""raw"":[13676,13341,20929]},""pinky"":{""age_s"":0.009148359298706055,""channels"":3,""force"":[-1.0234004749306465,-0.7484973581699998],""has_data"":true,""last_update_ts"":1784119499.897525,""raw"":[17419,15290,17703]},""ring"":{""age_s"":0.009148359298706055,""channels"":3,""force"":[0.2768805418318703,0.25699241885999946],""has_data"":true,""last_update_ts"":1784119499.897525,""raw"":[15797,16373,15622]},""thumb"":{""age_s"":0.009148359298706055,""channels"":3,""force"":[0.0,-2.220446049250313e-16],""has_data"":true,""last_update_ts"":1784119499.897525,""raw"":[0,0,0]}}","{""ble"":{""connection_state"":""connected"",""counter"":1041968,""finger_order"":""DexterController.Visualizer"",""last_error"":null,""last_sample_age_s"":0.009169431999907829,""reconnect_count"":0,""sample_hz"":20.0,""sample_sequence"":453,""timestamp_us"":10464731904},""fingers"":{""index"":{""has_data"":true,""last_update_ts"":1784119499.897525,""mapped"":true},""middle"":{""has_data"":true,""last_update_ts"":1784119499.897525,""mapped"":true},""pinky"":{""has_data"":true,""last_update_ts"":1784119499.897525,""mapped"":true},""ring"":{""has_data"":true,""last_update_ts"":1784119499.897525,""mapped"":true},""thumb"":{""has_data"":true,""last_update_ts"":1784119499.897525,""mapped"":true}},""ports"":{""available"":[""BLE:Dexter""],""unavailable"":[]}}"
1784119499.9567647,1784119499.956658,455,ble,"{""index"":{""age_s"":0.009128808975219727,""channels"":3,""force"":[0.6561492006953173,1.1831087274299996],""has_data"":true,""last_update_ts"":1784119499.947529,""raw"":[17093,18458,15644]},""middle"":{""age_s"":0.009128808975219727,""channels"":3,""force"":[-0.1821835509622911,-3.2307221900100007],""has_data"":true,""last_update_ts"":1784119499.947529,""raw"":[14079,13700,19710]},""pinky"":{""age_s"":0.009128808975219727,""channels"":3,""force"":[1.4675630107859394,0.4271180697899979],""has_data"":true,""last_update_ts"":1784119499.947529,""raw"":[16614,19667,17371]},""ring"":{""age_s"":0.009128808975219727,""channels"":3,""force"":[0.32831494804021943,0.7473872397299992],""has_data"":true,""last_update_ts"":1784119499.947529,""raw"":[15730,16413,14725]},""thumb"":{""age_s"":0.009128808975219727,""channels"":3,""force"":[0.0,-2.220446049250313e-16],""has_data"":true,""last_update_ts"":1784119499.947529,""raw"":[0,0,0]}}","{""ble"":{""connection_state"":""connected"",""counter"":1041974,""finger_order"":""DexterController.Visualizer"",""last_error"":null,""last_sample_age_s"":0.00915058099781163,""reconnect_count"":0,""sample_hz"":20.0,""sample_sequence"":454,""timestamp_us"":10464788608},""fingers"":{""index"":{""has_data"":true,""last_update_ts"":1784119499.947529,""mapped"":true},""middle"":{""has_data"":true,""last_update_ts"":1784119499.947529,""mapped"":true},""pinky"":{""has_data"":true,""last_update_ts"":1784119499.947529,""mapped"":true},""ring"":{""has_data"":true,""last_update_ts"":1784119499.947529,""mapped"":true},""thumb"":{""has_data"":true,""last_update_ts"":1784119499.947529,""mapped"":true}},""ports"":{""available"":[""BLE:Dexter""],""unavailable"":[]}}"
1784119500.006795,1784119500.0066807,456,ble,"{""index"":{""age_s"":0.009152412414550781,""channels"":3,""force"":[0.4657938281859071,0.5486760389699992],""has_data"":true,""last_update_ts"":1784119499.9975283,""raw"":[16953,17922,16449]},""middle"":{""age_s"":0.009152412414550781,""channels"":3,""force"":[-0.3326412065063433,-1.9826715338400014],""has_data"":true,""last_update_ts"":1784119499.9975283,""raw"":[15101,14409,18327]},""pinky"":{""age_s"":0.009152412414550781,""channels"":3,""force"":[-1.0272460380116453,-0.7357309961100018],""has_data"":true,""last_update_ts"":1784119499.9975283,""raw"":[17426,15289,17683]},""ring"":{""age_s"":0.009152412414550781,""channels"":3,""force"":[0.2812068002979924,0.26670595520999907],""has_data"":true,""last_update_ts"":1784119499.9975283,""raw"":[15798,16383,15610]},""thumb"":{""age_s"":0.009152412414550781,""channels"":3,""force"":[0.0,-2.220446049250313e-16],""has_data"":true,""last_update_ts"":1784119499.9975283,""raw"":[0,0,0]}}","{""ble"":{""connection_state"":""connected"",""counter"":1041979,""finger_order"":""DexterController.Visualizer"",""last_error"":null,""last_sample_age_s"":0.009173521000775509,""reconnect_count"":0,""sample_hz"":20.0,""sample_sequence"":455,""timestamp_us"":10464835712},""fingers"":{""index"":{""has_data"":true,""last_update_ts"":1784119499.9975283,""mapped"":true},""middle"":{""has_data"":true,""last_update_ts"":1784119499.9975283,""mapped"":true},""pinky"":{""has_data"":true,""last_update_ts"":1784119499.9975283,""mapped"":true},""ring"":{""has_data"":true,""last_update_ts"":1784119499.9975283,""mapped"":true},""thumb"":{""has_data"":true,""last_update_ts"":1784119499.9975283,""mapped"":true}},""ports"":{""available"":[""BLE:Dexter""],""unavailable"":[]}}"
1784119500.0568016,1784119500.056681,457,ble,"{""index"":{""age_s"":0.009156227111816406,""channels"":3,""force"":[0.5350139636438733,-0.045237326430001445],""has_data"":true,""last_update_ts"":1784119500.0475247,""raw"":[16537,17650,17175]},""middle"":{""age_s"":0.009156227111816406,""channels"":3,""force"":[-0.41051385889655734,-0.9902256484800027],""has_data"":true,""last_update_ts"":1784119500.0475247,""raw"":[15777,14923,17134]},""pinky"":{""age_s"":0.009156227111816406,""channels"":3,""force"":[-1.021477693390148,-0.766259253210003],""has_data"":true,""last_update_ts"":1784119500.0475247,""raw"":[17404,15279,17722]},""ring"":{""age_s"":0.009156227111816406,""channels"":3,""force"":[0.27736123721699535,0.2295169874699967],""has_data"":true,""last_update_ts"":1784119500.0475247,""raw"":[15778,16355,15653]},""thumb"":{""age_s"":0.009156227111816406,""channels"":3,""force"":[0.0,-2.220446049250313e-16],""has_data"":true,""last_update_ts"":1784119500.0475247,""raw"":[0,0,0]}}","{""ble"":{""connection_state"":""connected"",""counter"":1041984,""finger_order"":""DexterController.Visualizer"",""last_error"":null,""last_sample_age_s"":0.009176938998280093,""reconnect_count"":0,""sample_hz"":20.0,""sample_sequence"":456,""timestamp_us"":10464882720},""fingers"":{""index"":{""has_data"":true,""last_update_ts"":1784119500.0475247,""mapped"":true},""middle"":{""has_data"":true,""last_update_ts"":1784119500.0475247,""mapped"":true},""pinky"":{""has_data"":true,""last_update_ts"":1784119500.0475247,""mapped"":true},""ring"":{""has_data"":true,""last_update_ts"":1784119500.0475247,""mapped"":true},""thumb"":{""has_data"":true,""last_update_ts"":1784119500.0475247,""mapped"":true}},""ports"":{""available"":[""BLE:Dexter""],""unavailable"":[]}}"
1784119500.1067986,1784119500.1066716,458,ble,"{""index"":{""age_s"":0.009142637252807617,""channels"":3,""force"":[0.42685750199080097,-0.523975903680002],""has_data"":true,""last_update_ts"":1784119500.097529,""raw"":[16365,17253,17753]},""middle"":{""age_s"":0.009142637252807617,""channels"":3,""force"":[-0.5056915451512651,-0.32581976214000186],""has_data"":true,""last_update_ts"":1784119500.097529,""raw"":[16258,15206,16319]},""pinky"":{""age_s"":0.009142637252807617,""channels"":3,""force"":[-1.0234004749306465,-0.7523827727100025],""has_data"":true,""last_update_ts"":1784119500.097529,""raw"":[17418,15289,17709]},""ring"":{""age_s"":0.009142637252807617,""channels"":3,""force"":[0.27495776029137176,0.2542171227599965],""has_data"":true,""last_update_ts"":1784119500.097529,""raw"":[15796,16368,15624]},""thumb"":{""age_s"":0.009142637252807617,""channels"":3,""force"":[0.0,-2.220446049250313e-16],""has_data"":true,""last_update_ts"":1784119500.097529,""raw"":[0,0,0]}}","{""ble"":{""connection_state"":""connected"",""counter"":1041990,""finger_order"":""DexterController.Visualizer"",""last_error"":null,""last_sample_age_s"":0.009163639988400973,""reconnect_count"":0,""sample_hz"":20.0,""sample_sequence"":457,""timestamp_us"":10464939104},""fingers"":{""index"":{""has_data"":true,""last_update_ts"":1784119500.097529,""mapped"":true},""middle"":{""has_data"":true,""last_update_ts"":1784119500.097529,""mapped"":true},""pinky"":{""has_data"":true,""last_update_ts"":1784119500.097529,""mapped"":true},""ring"":{""has_data"":true,""last_update_ts"":1784119500.097529,""mapped"":true},""thumb"":{""has_data"":true,""last_update_ts"":1784119500.097529,""mapped"":true}},""ports"":{""available"":[""BLE:Dexter""],""unavailable"":[]}}"
1784119500.1568556,1784119500.1567383,459,ble,"{""index"":{""age_s"":0.009208917617797852,""channels"":3,""force"":[0.336967464972469,-0.742391706750003],""has_data"":true,""last_update_ts"":1784119500.1475294,""raw"":[16334,17035,18022]},""middle"":{""age_s"":0.009208917617797852,""channels"":3,""force"":[-0.6431704252969492,0.07659817235999977],""has_data"":true,""last_update_ts"":1784119500.1475294,""raw"":[16631,15293,15824]},""pinky"":{""age_s"":0.009208917617797852,""channels"":3,""force"":[-1.0229197795455214,-0.7404489994800034],""has_data"":true,""last_update_ts"":1784119500.1475294,""raw"":[17418,15290,17688]},""ring"":{""age_s"":0.009208917617797852,""channels"":3,""force"":[0.2869751449194933,0.2600452445699979],""has_data"":true,""last_update_ts"":1784119500.1475294,""raw"":[15795,16392,15625]},""thumb"":{""age_s"":0.009208917617797852,""channels"":3,""force"":[0.0,-2.220446049250313e-16],""has_data"":true,""last_update_ts"":1784119500.1475294,""raw"":[0,0,0]}}","{""ble"":{""connection_state"":""connected"",""counter"":1041995,""finger_order"":""DexterController.Visualizer"",""last_error"":null,""last_sample_age_s"":0.009230284995283,""reconnect_count"":0,""sample_hz"":20.0,""sample_sequence"":458,""timestamp_us"":10464986272},""fingers"":{""index"":{""has_data"":true,""last_update_ts"":1784119500.1475294,""mapped"":true},""middle"":{""has_data"":true,""last_update_ts"":1784119500.1475294,""mapped"":true},""pinky"":{""has_data"":true,""last_update_ts"":1784119500.1475294,""mapped"":true},""ring"":{""has_data"":true,""last_update_ts"":1784119500.1475294,""mapped"":true},""thumb"":{""has_data"":true,""last_update_ts"":1784119500.1475294,""mapped"":true}},""ports"":{""available"":[""BLE:Dexter""],""unavailable"":[]}}"
1784119500.2068305,1784119500.2066863,460,ble,"{""index"":{""age_s"":0.009157180786132812,""channels"":3,""force"":[0.2845716679938679,-0.850350725040002],""has_data"":true,""last_update_ts"":1784119500.197529,""raw"":[16314,16906,18142]},""middle"":{""age_s"":0.009157180786132812,""channels"":3,""force"":[-0.6955662222755503,0.26948125130999934],""has_data"":true,""last_update_ts"":1784119500.197529,""raw"":[16804,15357,15595]},""pinky"":{""age_s"":0.009157180786132812,""channels"":3,""force"":[-1.0195549118496494,-0.7479422989500009],""has_data"":true,""last_update_ts"":1784119500.197529,""raw"":[17413,15292,17700]},""ring"":{""age_s"":0.009157180786132812,""channels"":3,""force"":[0.27880332337237057,0.25033170822000006],""has_data"":true,""last_update_ts"":1784119500.197529,""raw"":[15793,16373,15632]},""thumb"":{""age_s"":0.009157180786132812,""channels"":3,""force"":[0.0,-2.220446049250313e-16],""has_data"":true,""last_update_ts"":1784119500.197529,""raw"":[0,0,0]}}","{""ble"":{""connection_state"":""connected"",""counter"":1042000,""finger_order"":""DexterController.Visualizer"",""last_error"":null,""last_sample_age_s"":0.009182961992337368,""reconnect_count"":0,""sample_hz"":20.0,""sample_sequence"":459,""timestamp_us"":10465033344},""fingers"":{""index"":{""has_data"":true,""last_update_ts"":1784119500.197529,""mapped"":true},""middle"":{""has_data"":true,""last_update_ts"":1784119500.197529,""mapped"":true},""pinky"":{""has_data"":true,""last_update_ts"":1784119500.197529,""mapped"":true},""ring"":{""has_data"":true,""last_update_ts"":1784119500.197529,""mapped"":true},""thumb"":{""has_data"":true,""last_update_ts"":1784119500.197529,""mapped"":true}},""ports"":{""available"":[""BLE:Dexter""],""unavailable"":[]}}"
1784119500.2568116,1784119500.2566822,461,ble,"{""index"":{""age_s"":0.009153366088867188,""channels"":3,""force"":[0.2509229910351305,-0.7731974934600041],""has_data"":true,""last_update_ts"":1784119500.2475288,""raw"":[16396,16918,18050]},""middle"":{""age_s"":0.009153366088867188,""channels"":3,""force"":[-0.6955662222755503,0.3599559041699969],""has_data"":true,""last_update_ts"":1784119500.2475288,""raw"":[16855,15408,15483]},""pinky"":{""age_s"":0.009153366088867188,""channels"":3,""force"":[-1.0224390841603963,-0.7529378319300006],""has_data"":true,""last_update_ts"":1784119500.2475288,""raw"":[17418,15291,17711]},""ring"":{""age_s"":0.009153366088867188,""channels"":3,""force"":[0.27784193260211687,0.25144182665999804],""has_data"":true,""last_update_ts"":1784119500.2475288,""raw"":[15789,16367,15625]},""thumb"":{""age_s"":0.009153366088867188,""channels"":3,""force"":[0.0,-2.220446049250313e-16],""has_data"":true,""last_update_ts"":1784119500.2475288,""raw"":[0,0,0]}}","{""ble"":{""connection_state"":""connected"",""counter"":1042005,""finger_order"":""DexterController.Visualizer"",""last_error"":null,""last_sample_age_s"":0.009174341990728863,""reconnect_count"":0,""sample_hz"":20.0,""sample_sequence"":460,""timestamp_us"":10465080352},""fingers"":{""index"":{""has_data"":true,""last_update_ts"":1784119500.2475288,""mapped"":true},""middle"":{""has_data"":true,""last_update_ts"":1784119500.2475288,""mapped"":true},""pinky"":{""has_data"":true,""last_update_ts"":1784119500.2475288,""mapped"":true},""ring"":{""has_data"":true,""last_update_ts"":1784119500.2475288,""mapped"":true},""thumb"":{""has_data"":true,""last_update_ts"":1784119500.2475288,""mapped"":true}},""ports"":{""available"":[""BLE:Dexter""],""unavailable"":[]}}"
1784119500.30682,1784119500.3066835,462,ble,"{""index"":{""age_s"":0.009154558181762695,""channels"":3,""force"":[0.1961237171309076,-0.6605204718000017],""has_data"":true,""last_update_ts"":1784119500.297529,""raw"":[16505,16913,17899]},""middle"":{""age_s"":0.009154558181762695,""channels"":3,""force"":[-0.6825874468771822,0.43128101393999874],""has_data"":true,""last_update_ts"":1784119500.297529,""raw"":[16891,15471,15404]},""pinky"":{""age_s"":0.009154558181762695,""channels"":3,""force"":[-1.0190742164645243,-0.7426692363600012],""has_data"":true,""last_update_ts"":1784119500.297529,""raw"":[17414,15294,17692]},""ring"":{""age_s"":0.009154558181762695,""channels"":3,""force"":[0.2869751449194933,0.26004524456999967],""has_data"":true,""last_update_ts"":1784119500.297529,""raw"":[15788,16385,15618]},""thumb"":{""age_s"":0.009154558181762695,""channels"":3,""force"":[0.0,-2.220446049250313e-16],""has_data"":true,""last_update_ts"":1784119500.297529,""raw"":[0,0,0]}}","{""ble"":{""connection_state"":""connected"",""counter"":1042011,""finger_order"":""DexterController.Visualizer"",""last_error"":null,""last_sample_age_s"":0.009180075008771382,""reconnect_count"":0,""sample_hz"":20.0,""sample_sequence"":461,""timestamp_us"":10465136864},""fingers"":{""index"":{""has_data"":true,""last_update_ts"":1784119500.297529,""mapped"":true},""middle"":{""has_data"":true,""last_update_ts"":1784119500.297529,""mapped"":true},""pinky"":{""has_data"":true,""last_update_ts"":1784119500.297529,""mapped"":true},""ring"":{""has_data"":true,""last_update_ts"":1784119500.297529,""mapped"":true},""thumb"":{""has_data"":true,""last_update_ts"":1784119500.297529,""mapped"":true}},""ports"":{""available"":[""BLE:Dexter""],""unavailable"":[]}}"
1784119500.3568115,1784119500.3566768,463,ble,"{""index"":{""age_s"":0.009151697158813477,""channels"":3,""force"":[0.19852719405653296,-0.6391506918300021],""has_data"":true,""last_update_ts"":1784119500.3475251,""raw"":[16524,16937,17882]},""middle"":{""age_s"":0.009151697158813477,""channels"":3,""force"":[-0.6787418837961834,0.5905830100799978],""has_data"":true,""last_update_ts"":1784119500.3475251,""raw"":[16975,15563,15205]},""pinky"":{""age_s"":0.009151697158813477,""channels"":3,""force"":[-1.0258039518562736,-0.7471097101200002],""has_data"":true,""last_update_ts"":1784119500.3475251,""raw"":[17425,15291,17704]},""ring"":{""age_s"":0.009151697158813477,""channels"":3,""force"":[0.27543845567649505,0.25060923782999645],""has_data"":true,""last_update_ts"":1784119500.3475251,""raw"":[15794,16367,15629]},""thumb"":{""age_s"":0.009151697158813477,""channels"":3,""force"":[0.0,-2.220446049250313e-16],""has_data"":true,""last_update_ts"":1784119500.3475251,""raw"":[0,0,0]}}","{""ble"":{""connection_state"":""connected"",""counter"":1042016,""finger_order"":""DexterController.Visualizer"",""last_error"":null,""last_sample_age_s"":0.009177781001199037,""reconnect_count"":0,""sample_hz"":20.0,""sample_sequence"":462,""timestamp_us"":10465183872},""fingers"":{""index"":{""has_data"":true,""last_update_ts"":1784119500.3475251,""mapped"":true},""middle"":{""has_data"":true,""last_update_ts"":1784119500.3475251,""mapped"":true},""pinky"":{""has_data"":true,""last_update_ts"":1784119500.3475251,""mapped"":true},""ring"":{""has_data"":true,""last_update_ts"":1784119500.3475251,""mapped"":true},""thumb"":{""has_data"":true,""last_update_ts"":1784119500.3475251,""mapped"":true}},""ports"":{""available"":[""BLE:Dexter""],""unavailable"":[]}}"
1784119500.406806,1784119500.40668,464,ble,"{""index"":{""age_s"":0.009155035018920898,""channels"":3,""force"":[0.2278496125491447,-0.713806156920004],""has_data"":true,""last_update_ts"":1784119500.397525,""raw"":[16453,16927,17976]},""middle"":{""age_s"":0.009155035018920898,""channels"":3,""force"":[-0.7407515884772806,0.9843975266699987],""has_data"":true,""last_update_ts"":1784119500.397525,""raw"":[17278,15737,14734]},""pinky"":{""age_s"":0.009155035018920898,""channels"":3,""force"":[-1.0238811703157733,-0.7471097101200028],""has_data"":true,""last_update_ts"":1784119500.397525,""raw"":[17420,15290,17701]},""ring"":{""age_s"":0.009155035018920898,""channels"":3,""force"":[0.2735156741359983,0.2506092378299991],""has_data"":true,""last_update_ts"":1784119500.397525,""raw"":[15799,16368,15632]},""thumb"":{""age_s"":0.009155035018920898,""channels"":3,""force"":[0.0,-2.220446049250313e-16],""has_data"":true,""last_update_ts"":1784119500.397525,""raw"":[0,0,0]}}","{""ble"":{""connection_state"":""connected"",""counter"":1042021,""finger_order"":""DexterController.Visualizer"",""last_error"":null,""last_sample_age_s"":0.00917558599030599,""reconnect_count"":0,""sample_hz"":20.0,""sample_sequence"":463,""timestamp_us"":10465230944},""fingers"":{""index"":{""has_data"":true,""last_update_ts"":1784119500.397525,""mapped"":true},""middle"":{""has_data"":true,""last_update_ts"":1784119500.397525,""mapped"":true},""pinky"":{""has_data"":true,""last_update_ts"":1784119500.397525,""mapped"":true},""ring"":{""has_data"":true,""last_update_ts"":1784119500.397525,""mapped"":true},""thumb"":{""has_data"":true,""last_update_ts"":1784119500.397525,""mapped"":true}},""ports"":{""available"":[""BLE:Dexter""],""unavailable"":[]}}"
1784119500.4568298,1784119500.456685,465,ble,"{""index"":{""age_s"":0.009156942367553711,""channels"":3,""force"":[0.3811914404039438,-0.942213025950001],""has_data"":true,""last_update_ts"":1784119500.4475281,""raw"":[16133,16926,18227]},""middle"":{""age_s"":0.009156942367553711,""channels"":3,""force"":[-0.9503347763916814,1.923002667689997],""has_data"":true,""last_update_ts"":1784119500.4475281,""raw"":[17908,15931,13455]},""pinky"":{""age_s"":0.009156942367553711,""channels"":3,""force"":[1.686279411017713,0.5150949561599996],""has_data"":true,""last_update_ts"":1784119500.4475281,""raw"":[16498,20006,17324]},""ring"":{""age_s"":0.009156942367553711,""channels"":3,""force"":[0.31918173572285014,0.800950454459997],""has_data"":true,""last_update_ts"":1784119500.4475281,""raw"":[15741,16405,14630]},""thumb"":{""age_s"":0.009156942367553711,""channels"":3,""force"":[0.0,-2.220446049250313e-16],""has_data"":true,""last_update_ts"":1784119500.4475281,""raw"":[0,0,0]}}","{""ble"":{""connection_state"":""connected"",""counter"":1042027,""finger_order"":""DexterController.Visualizer"",""last_error"":null,""last_sample_age_s"":0.009181368994177319,""reconnect_count"":0,""sample_hz"":20.0,""sample_sequence"":464,""timestamp_us"":10465287392},""fingers"":{""index"":{""has_data"":true,""last_update_ts"":1784119500.4475281,""mapped"":true},""middle"":{""has_data"":true,""last_update_ts"":1784119500.4475281,""mapped"":true},""pinky"":{""has_data"":true,""last_update_ts"":1784119500.4475281,""mapped"":true},""ring"":{""has_data"":true,""last_update_ts"":1784119500.4475281,""mapped"":true},""thumb"":{""has_data"":true,""last_update_ts"":1784119500.4475281,""mapped"":true}},""ports"":{""available"":[""BLE:Dexter""],""unavailable"":[]}}"
1784119500.5068314,1784119500.5066855,466,ble,"{""index"":{""age_s"":0.009156942367553711,""channels"":3,""force"":[0.2961083572368626,-1.2422225343600006],""has_data"":true,""last_update_ts"":1784119500.4975286,""raw"":[16090,16706,18636]},""middle"":{""age_s"":0.009156942367553711,""channels"":3,""force"":[-1.1709739581639536,2.2940597562599976],""has_data"":true,""last_update_ts"":1784119500.4975286,""raw"":[18494,16058,13143]},""pinky"":{""age_s"":0.009156942367553711,""channels"":3,""force"":[-1.0267653426265184,-0.7393388810400019],""has_data"":true,""last_update_ts"":1784119500.4975286,""raw"":[17432,15296,17696]},""ring"":{""age_s"":0.009156942367553711,""channels"":3,""force"":[0.27880332337237057,0.26254301105999733],""has_data"":true,""last_update_ts"":1784119500.4975286,""raw"":[15798,16378,15615]},""thumb"":{""age_s"":0.009156942367553711,""channels"":3,""force"":[0.0,-2.220446049250313e-16],""has_data"":true,""last_update_ts"":1784119500.4975286,""raw"":[0,0,0]}}","{""ble"":{""connection_state"":""connected"",""counter"":1042032,""finger_order"":""DexterController.Visualizer"",""last_error"":null,""last_sample_age_s"":0.009182641995721497,""reconnect_count"":0,""sample_hz"":20.0,""sample_sequence"":465,""timestamp_us"":10465334336},""fingers"":{""index"":{""has_data"":true,""last_update_ts"":1784119500.4975286,""mapped"":true},""middle"":{""has_data"":true,""last_update_ts"":1784119500.4975286,""mapped"":true},""pinky"":{""has_data"":true,""last_update_ts"":1784119500.4975286,""mapped"":true},""ring"":{""has_data"":true,""last_update_ts"":1784119500.4975286,""mapped"":true},""thumb"":{""has_data"":true,""last_update_ts"":1784119500.4975286,""mapped"":true}},""ports"":{""available"":[""BLE:Dexter""],""unavailable"":[]}}"
1784119500.5568068,1784119500.5566778,467,ble,"{""index"":{""age_s"":0.009148597717285156,""channels"":3,""force"":[0.23794421563676416,-1.657684360530003],""has_data"":true,""last_update_ts"":1784119500.5475292,""raw"":[15909,16404,19143]},""middle"":{""age_s"":0.009148597717285156,""channels"":3,""force"":[-1.2435589613177935,2.7616971491099997],""has_data"":true,""last_update_ts"":1784119500.5475292,""raw"":[18836,16249,12567]},""pinky"":{""age_s"":0.009148597717285156,""channels"":3,""force"":[-1.004653354910781,-0.7693120789200023],""has_data"":true,""last_update_ts"":1784119500.5475292,""raw"":[17383,15293,17724]},""ring"":{""age_s"":0.009148597717285156,""channels"":3,""force"":[0.27688054183187205,0.22257874721999826],""has_data"":true,""last_update_ts"":1784119500.5475292,""raw"":[15777,16353,15664]},""thumb"":{""age_s"":0.009148597717285156,""channels"":3,""force"":[0.0,-2.220446049250313e-16],""has_data"":true,""last_update_ts"":1784119500.5475292,""raw"":[0,0,0]}}","{""ble"":{""connection_state"":""connected"",""counter"":1042037,""finger_order"":""DexterController.Visualizer"",""last_error"":null,""last_sample_age_s"":0.009169862998533063,""reconnect_count"":0,""sample_hz"":20.0,""sample_sequence"":466,""timestamp_us"":10465381344},""fingers"":{""index"":{""has_data"":true,""last_update_ts"":1784119500.5475292,""mapped"":true},""middle"":{""has_data"":true,""last_update_ts"":1784119500.5475292,""mapped"":true},""pinky"":{""has_data"":true,""last_update_ts"":1784119500.5475292,""mapped"":true},""ring"":{""has_data"":true,""last_update_ts"":1784119500.5475292,""mapped"":true},""thumb"":{""has_data"":true,""last_update_ts"":1784119500.5475292,""mapped"":true}},""ports"":{""available"":[""BLE:Dexter""],""unavailable"":[]}}"
1784119500.6068277,1784119500.6066847,468,ble,"{""index"":{""age_s"":0.009155511856079102,""channels"":3,""force"":[0.16199434478704866,-2.002931195370003],""has_data"":true,""last_update_ts"":1784119500.5975292,""raw"":[15787,16124,19564]},""middle"":{""age_s"":0.009155511856079102,""channels"":3,""force"":[-1.336813866032001,3.1979736960299983],""has_data"":true,""last_update_ts"":1784119500.5975292,""raw"":[19203,16422,12051]},""pinky"":{""age_s"":0.009155511856079102,""channels"":3,""force"":[-1.0358985549438913,-0.7490524173900015],""has_data"":true,""last_update_ts"":1784119500.5975292,""raw"":[17430,15275,17702]},""ring"":{""age_s"":0.009155511856079102,""channels"":3,""force"":[0.27784193260211687,0.25532724119999717],""has_data"":true,""last_update_ts"":1784119500.5975292,""raw"":[15793,16371,15622]},""thumb"":{""age_s"":0.009155511856079102,""channels"":3,""force"":[0.0,-2.220446049250313e-16],""has_data"":true,""last_update_ts"":1784119500.5975292,""raw"":[0,0,0]}}","{""ble"":{""connection_state"":""connected"",""counter"":1042043,""finger_order"":""DexterController.Visualizer"",""last_error"":null,""last_sample_age_s"":0.00918024600832723,""reconnect_count"":0,""sample_hz"":20.0,""sample_sequence"":467,""timestamp_us"":10465437984},""fingers"":{""index"":{""has_data"":true,""last_update_ts"":1784119500.5975292,""mapped"":true},""middle"":{""has_data"":true,""last_update_ts"":1784119500.5975292,""mapped"":true},""pinky"":{""has_data"":true,""last_update_ts"":1784119500.5975292,""mapped"":true},""ring"":{""has_data"":true,""last_update_ts"":1784119500.5975292,""mapped"":true},""thumb"":{""has_data"":true,""last_update_ts"":1784119500.5975292,""mapped"":true}},""ports"":{""available"":[""BLE:Dexter""],""unavailable"":[]}}"
1784119500.656793,1784119500.6566725,469,ble,"{""index"":{""age_s"":0.009146690368652344,""channels"":3,""force"":[0.167762689408546,-2.37149051745],""has_data"":true,""last_update_ts"":1784119500.6475258,""raw"":[15554,15903,20001]},""middle"":{""age_s"":0.009146690368652344,""channels"":3,""force"":[-1.444008936914825,3.5673656069399975],""has_data"":true,""last_update_ts"":1784119500.6475258,""raw"":[19555,16551,11626]},""pinky"":{""age_s"":0.009146690368652344,""channels"":3,""force"":[-1.018112825694276,-0.7443344140200008],""has_data"":true,""last_update_ts"":1784119500.6475258,""raw"":[17412,15294,17694]},""ring"":{""age_s"":0.009146690368652344,""channels"":3,""force"":[0.27543845567649683,0.2539395931499966],""has_data"":true,""last_update_ts"":1784119500.6475258,""raw"":[15799,16372,15628]},""thumb"":{""age_s"":0.009146690368652344,""channels"":3,""force"":[0.0,-2.220446049250313e-16],""has_data"":true,""last_update_ts"":1784119500.6475258,""raw"":[0,0,0]}}","{""ble"":{""connection_state"":""connected"",""counter"":1042048,""finger_order"":""DexterController.Visualizer"",""last_error"":null,""last_sample_age_s"":0.009167298005195335,""reconnect_count"":0,""sample_hz"":20.0,""sample_sequence"":468,""timestamp_us"":10465484832},""fingers"":{""index"":{""has_data"":true,""last_update_ts"":1784119500.6475258,""mapped"":true},""middle"":{""has_data"":true,""last_update_ts"":1784119500.6475258,""mapped"":true},""pinky"":{""has_data"":true,""last_update_ts"":1784119500.6475258,""mapped"":true},""ring"":{""has_data"":true,""last_update_ts"":1784119500.6475258,""mapped"":true},""thumb"":{""has_data"":true,""last_update_ts"":1784119500.6475258,""mapped"":true}},""ports"":{""available"":[""BLE:Dexter""],""unavailable"":[]}}"
1784119500.7068157,1784119500.706671,470,ble,"{""index"":{""age_s"":0.009145736694335938,""channels"":3,""force"":[0.11296341550432132,-2.7894501101100007],""has_data"":true,""last_update_ts"":1784119500.6975253,""raw"":[15362,15597,20505]},""middle"":{""age_s"":0.009145736694335938,""channels"":3,""force"":[-1.5742773862836401,3.783006113909998],""has_data"":true,""last_update_ts"":1784119500.6975253,""raw"":[19819,16544,11366]},""pinky"":{""age_s"":0.009145736694335938,""channels"":3,""force"":[-1.018112825694276,-0.7526603023200025],""has_data"":true,""last_update_ts"":1784119500.6975253,""raw"":[17412,15294,17709]},""ring"":{""age_s"":0.009145736694335938,""channels"":3,""force"":[0.2773612372169936,0.2489440601699977],""has_data"":true,""last_update_ts"":1784119500.6975253,""raw"":[15789,16366,15629]},""thumb"":{""age_s"":0.009145736694335938,""channels"":3,""force"":[0.0,-2.220446049250313e-16],""has_data"":true,""last_update_ts"":1784119500.6975253,""raw"":[0,0,0]}}","{""ble"":{""connection_state"":""connected"",""counter"":1042053,""finger_order"":""DexterController.Visualizer"",""last_error"":null,""last_sample_age_s"":0.009171637007966638,""reconnect_count"":0,""sample_hz"":20.0,""sample_sequence"":469,""timestamp_us"":10465531776},""fingers"":{""index"":{""has_data"":true,""last_update_ts"":1784119500.6975253,""mapped"":true},""middle"":{""has_data"":true,""last_update_ts"":1784119500.6975253,""mapped"":true},""pinky"":{""has_data"":true,""last_update_ts"":1784119500.6975253,""mapped"":true},""ring"":{""has_data"":true,""last_update_ts"":1784119500.6975253,""mapped"":true},""thumb"":{""has_data"":true,""last_update_ts"":1784119500.6975253,""mapped"":true}},""ports"":{""available"":[""BLE:Dexter""],""unavailable"":[]}}"
1784119500.7568314,1784119500.7566855,471,ble,"{""index"":{""age_s"":0.009160041809082031,""channels"":3,""force"":[0.12738427705806465,-3.097507977210001],""has_data"":true,""last_update_ts"":1784119500.7475255,""raw"":[15143,15408,20856]},""middle"":{""age_s"":0.009160041809082031,""channels"":3,""force"":[-1.6973354048755827,3.8662649969099974],""has_data"":true,""last_update_ts"":1784119500.7475255,""raw"":[19980,16449,11249]},""pinky"":{""age_s"":0.009160041809082031,""channels"":3,""force"":[-0.638363471445702,-0.551728864680002],""has_data"":true,""last_update_ts"":1784119500.7475255,""raw"":[17318,15990,17648]},""ring"":{""age_s"":0.009160041809082031,""channels"":3,""force"":[0.29899252954761124,0.32692988057999806],""has_data"":true,""last_update_ts"":1784119500.7475255,""raw"":[15774,16396,15496]},""thumb"":{""age_s"":0.009160041809082031,""channels"":3,""force"":[0.0,-2.220446049250313e-16],""has_data"":true,""last_update_ts"":1784119500.7475255,""raw"":[0,0,0]}}","{""ble"":{""connection_state"":""connected"",""counter"":1042059,""finger_order"":""DexterController.Visualizer"",""last_error"":null,""last_sample_age_s"":0.009185857998090796,""reconnect_count"":0,""sample_hz"":20.0,""sample_sequence"":470,""timestamp_us"":10465588448},""fingers"":{""index"":{""has_data"":true,""last_update_ts"":1784119500.7475255,""mapped"":true},""middle"":{""has_data"":true,""last_update_ts"":1784119500.7475255,""mapped"":true},""pinky"":{""has_data"":true,""last_update_ts"":1784119500.7475255,""mapped"":true},""ring"":{""has_data"":true,""last_update_ts"":1784119500.7475255,""mapped"":true},""thumb"":{""has_data"":true,""last_update_ts"":1784119500.7475255,""mapped"":true}},""ports"":{""available"":[""BLE:Dexter""],""unavailable"":[]}}"
1784119500.8068311,1784119500.8066852,472,ble,"{""index"":{""age_s"":0.009154796600341797,""channels"":3,""force"":[0.15574530478042803,-3.1111069281000026],""has_data"":true,""last_update_ts"":1784119500.7975304,""raw"":[15121,15445,20888]},""middle"":{""age_s"":0.009154796600341797,""channels"":3,""force"":[-1.7910710049749134,3.999201680099998],""has_data"":true,""last_update_ts"":1784119500.7975304,""raw"":[20190,16464,11122]},""pinky"":{""age_s"":0.009154796600341797,""channels"":3,""force"":[-1.0185935210793975,-0.7496074766100023],""has_data"":true,""last_update_ts"":1784119500.7975304,""raw"":[17411,15292,17702]},""ring"":{""age_s"":0.009154796600341797,""channels"":3,""force"":[0.2759191510616237,0.2503317082199983],""has_data"":true,""last_update_ts"":1784119500.7975304,""raw"":[15795,16369,15631]},""thumb"":{""age_s"":0.009154796600341797,""channels"":3,""force"":[0.0,-2.220446049250313e-16],""has_data"":true,""last_update_ts"":1784119500.7975304,""raw"":[0,0,0]}}","{""ble"":{""connection_state"":""connected"",""counter"":1042064,""finger_order"":""DexterController.Visualizer"",""last_error"":null,""last_sample_age_s"":0.009181058005196974,""reconnect_count"":0,""sample_hz"":20.0,""sample_sequence"":471,""timestamp_us"":10465635424},""fingers"":{""index"":{""has_data"":true,""last_update_ts"":1784119500.7975304,""mapped"":true},""middle"":{""has_data"":true,""last_update_ts"":1784119500.7975304,""mapped"":true},""pinky"":{""has_data"":true,""last_update_ts"":1784119500.7975304,""mapped"":true},""ring"":{""has_data"":true,""last_update_ts"":1784119500.7975304,""mapped"":true},""thumb"":{""has_data"":true,""last_update_ts"":1784119500.7975304,""mapped"":true}},""ports"":{""available"":[""BLE:Dexter""],""unavailable"":[]}}"
1784119500.9068148,1784119500.9066849,473,ble,"{""index"":{""age_s"":0.00917363166809082,""channels"":3,""force"":[0.2739963695211234,-3.057821242980001],""has_data"":true,""last_update_ts"":1784119500.8975112,""raw"":[14987,15557,20781]},""middle"":{""age_s"":0.00917363166809082,""channels"":3,""force"":[-1.9131676327966058,3.9337046921399965],""has_data"":true,""last_update_ts"":1784119500.8975112,""raw"":[20186,16206,11109]},""pinky"":{""age_s"":0.00917363166809082,""channels"":3,""force"":[0.7551724500310257,0.12905126864999694],""has_data"":true,""last_update_ts"":1784119500.8975112,""raw"":[16922,18493,17475]},""ring"":{""age_s"":0.00917363166809082,""channels"":3,""force"":[0.35811806191795803,0.5941908950099988],""has_data"":true,""last_update_ts"":1784119500.8975112,""raw"":[15713,16458,15015]},""thumb"":{""age_s"":0.00917363166809082,""channels"":3,""force"":[0.0,-2.220446049250313e-16],""has_data"":true,""last_update_ts"":1784119500.8975112,""raw"":[0,0,0]}}","{""ble"":{""connection_state"":""connected"",""counter"":1042076,""finger_order"":""DexterController.Visualizer"",""last_error"":null,""last_sample_age_s"":0.009198935993481427,""reconnect_count"":0,""sample_hz"":20.0,""sample_sequence"":472,""timestamp_us"":10465748544},""fingers"":{""index"":{""has_data"":true,""last_update_ts"":1784119500.8975112,""mapped"":true},""middle"":{""has_data"":true,""last_update_ts"":1784119500.8975112,""mapped"":true},""pinky"":{""has_data"":true,""last_update_ts"":1784119500.8975112,""mapped"":true},""ring"":{""has_data"":true,""last_update_ts"":1784119500.8975112,""mapped"":true},""thumb"":{""has_data"":true,""last_update_ts"":1784119500.8975112,""mapped"":true}},""ports"":{""available"":[""BLE:Dexter""],""unavailable"":[]}}"
1784119500.9568129,1784119500.9566846,474,ble,"{""index"":{""age_s"":0.00917363166809082,""channels"":3,""force"":[0.27447706490624846,-2.9842758963300016],""has_data"":true,""last_update_ts"":1784119500.947511,""raw"":[15062,15633,20724]},""middle"":{""age_s"":0.00917363166809082,""channels"":3,""force"":[-1.8727892204461245,3.7594160970599972],""has_data"":true,""last_update_ts"":1784119500.947511,""raw"":[20161,16265,11440]},""pinky"":{""age_s"":0.00917363166809082,""channels"":3,""force"":[-1.0209969980050229,-0.7504400654400012],""has_data"":true,""last_update_ts"":1784119500.947511,""raw"":[17416,15292,17706]},""ring"":{""age_s"":0.00917363166809082,""channels"":3,""force"":[0.2768805418318738,0.2481114713399979],""has_data"":true,""last_update_ts"":1784119500.947511,""raw"":[15788,16364,15629]},""thumb"":{""age_s"":0.00917363166809082,""channels"":3,""force"":[0.0,-2.220446049250313e-16],""has_data"":true,""last_update_ts"":1784119500.947511,""raw"":[0,0,0]}}","{""ble"":{""connection_state"":""connected"",""counter"":1042079,""finger_order"":""DexterController.Visualizer"",""last_error"":null,""last_sample_age_s"":0.009198815008858219,""reconnect_count"":0,""sample_hz"":20.0,""sample_sequence"":473,""timestamp_us"":10465776608},""fingers"":{""index"":{""has_data"":true,""last_update_ts"":1784119500.947511,""mapped"":true},""middle"":{""has_data"":true,""last_update_ts"":1784119500.947511,""mapped"":true},""pinky"":{""has_data"":true,""last_update_ts"":1784119500.947511,""mapped"":true},""ring"":{""has_data"":true,""last_update_ts"":1784119500.947511,""mapped"":true},""thumb"":{""has_data"":true,""last_update_ts"":1784119500.947511,""mapped"":true}},""ports"":{""available"":[""BLE:Dexter""],""unavailable"":[]}}"
1784119501.0067933,1784119501.0066774,475,ble,"{""index"":{""age_s"":0.00916600227355957,""channels"":3,""force"":[0.3244693849592224,-2.8460661505500022],""has_data"":true,""last_update_ts"":1784119500.9975114,""raw"":[15072,15747,20537]},""middle"":{""age_s"":0.00916600227355957,""channels"":3,""force"":[-1.7607871957120516,3.445530108149999],""has_data"":true,""last_update_ts"":1784119500.9975114,""raw"":[19863,16200,11824]},""pinky"":{""age_s"":0.00916600227355957,""channels"":3,""force"":[-1.0224390841603963,-0.7501625358300013],""has_data"":true,""last_update_ts"":1784119500.9975114,""raw"":[17419,15292,17707]},""ring"":{""age_s"":0.00916600227355957,""channels"":3,""force"":[0.2744770649062449,0.2489440601699986],""has_data"":true,""last_update_ts"":1784119500.9975114,""raw"":[15797,16368,15634]},""thumb"":{""age_s"":0.00916600227355957,""channels"":3,""force"":[0.0,-2.220446049250313e-16],""has_data"":true,""last_update_ts"":1784119500.9975114,""raw"":[0,0,0]}}","{""ble"":{""connection_state"":""connected"",""counter"":1042085,""finger_order"":""DexterController.Visualizer"",""last_error"":null,""last_sample_age_s"":0.009186658004182391,""reconnect_count"":0,""sample_hz"":20.0,""sample_sequence"":474,""timestamp_us"":10465833120},""fingers"":{""index"":{""has_data"":true,""last_update_ts"":1784119500.9975114,""mapped"":true},""middle"":{""has_data"":true,""last_update_ts"":1784119500.9975114,""mapped"":true},""pinky"":{""has_data"":true,""last_update_ts"":1784119500.9975114,""mapped"":true},""ring"":{""has_data"":true,""last_update_ts"":1784119500.9975114,""mapped"":true},""thumb"":{""has_data"":true,""last_update_ts"":1784119500.9975114,""mapped"":true}},""ports"":{""available"":[""BLE:Dexter""],""unavailable"":[]}}"
1784119501.0567975,1784119501.0566761,476,ble,"{""index"":{""age_s"":0.009165525436401367,""channels"":3,""force"":[0.3254307757294743,-2.1727793166900007],""has_data"":true,""last_update_ts"":1784119501.0475106,""raw"":[15474,16151,19727]},""middle"":{""age_s"":0.009165525436401367,""channels"":3,""force"":[-1.6478237802077302,3.071697723479997],""has_data"":true,""last_update_ts"":1784119501.0475106,""raw"":[19524,16096,12276]},""pinky"":{""age_s"":0.009165525436401367,""channels"":3,""force"":[-1.021958388775273,-0.7498850062200013],""has_data"":true,""last_update_ts"":1784119501.0475106,""raw"":[17416,15290,17704]},""ring"":{""age_s"":0.009165525436401367,""channels"":3,""force"":[0.27351567413599476,0.2500541786100001],""has_data"":true,""last_update_ts"":1784119501.0475106,""raw"":[15797,16366,15631]},""thumb"":{""age_s"":0.009165525436401367,""channels"":3,""force"":[0.0,-2.220446049250313e-16],""has_data"":true,""last_update_ts"":1784119501.0475106,""raw"":[0,0,0]}}","{""ble"":{""connection_state"":""connected"",""counter"":1042090,""finger_order"":""DexterController.Visualizer"",""last_error"":null,""last_sample_age_s"":0.009190880999085493,""reconnect_count"":0,""sample_hz"":20.0,""sample_sequence"":475,""timestamp_us"":10465880160},""fingers"":{""index"":{""has_data"":true,""last_update_ts"":1784119501.0475106,""mapped"":true},""middle"":{""has_data"":true,""last_update_ts"":1784119501.0475106,""mapped"":true},""pinky"":{""has_data"":true,""last_update_ts"":1784119501.0475106,""mapped"":true},""ring"":{""has_data"":true,""last_update_ts"":1784119501.0475106,""mapped"":true},""thumb"":{""has_data"":true,""last_update_ts"":1784119501.0475106,""mapped"":true}},""ports"":{""available"":[""BLE:Dexter""],""unavailable"":[]}}"
1784119501.1068425,1784119501.1066844,477,ble,"{""index"":{""age_s"":0.009172677993774414,""channels"":3,""force"":[0.34706206806008666,-1.081255360560002],""has_data"":true,""last_update_ts"":1784119501.0975118,""raw"":[16108,16830,18417]},""middle"":{""age_s"":0.009172677993774414,""channels"":3,""force"":[-1.3223930044782577,2.3376319050299985],""has_data"":true,""last_update_ts"":1784119501.0975118,""raw"":[18736,15985,13149]},""pinky"":{""age_s"":0.009172677993774414,""channels"":3,""force"":[-1.0185935210793975,-0.7351759368900037],""has_data"":true,""last_update_ts"":1784119501.0975118,""raw"":[17419,15300,17684]},""ring"":{""age_s"":0.009172677993774414,""channels"":3,""force"":[0.2826488864533676,0.2547721819799973],""has_data"":true,""last_update_ts"":1784119501.0975118,""raw"":[15788,16376,15623]},""thumb"":{""age_s"":0.009172677993774414,""channels"":3,""force"":[0.0,-2.220446049250313e-16],""has_data"":true,""last_update_ts"":1784119501.0975118,""raw"":[0,0,0]}}","{""ble"":{""connection_state"":""connected"",""counter"":1042096,""finger_order"":""DexterController.Visualizer"",""last_error"":null,""last_sample_age_s"":0.009198036001180299,""reconnect_count"":0,""sample_hz"":20.0,""sample_sequence"":476,""timestamp_us"":10465936736},""fingers"":{""index"":{""has_data"":true,""last_update_ts"":1784119501.0975118,""mapped"":true},""middle"":{""has_data"":true,""last_update_ts"":1784119501.0975118,""mapped"":true},""pinky"":{""has_data"":true,""last_update_ts"":1784119501.0975118,""mapped"":true},""ring"":{""has_data"":true,""last_update_ts"":1784119501.0975118,""mapped"":true},""thumb"":{""has_data"":true,""last_update_ts"":1784119501.0975118,""mapped"":true}},""ports"":{""available"":[""BLE:Dexter""],""unavailable"":[]}}"
1784119501.1568098,1784119501.1566818,478,ble,"{""index"":{""age_s"":0.00917196273803711,""channels"":3,""force"":[0.406187600430437,-0.686885784750003],""has_data"":true,""last_update_ts"":1784119501.1475098,""raw"":[16288,17133,17948]},""middle"":{""age_s"":0.00917196273803711,""channels"":3,""force"":[-0.9349525240676897,1.6926530913899969],""has_data"":true,""last_update_ts"":1784119501.1475098,""raw"":[17937,15992,13915]},""pinky"":{""age_s"":0.00917196273803711,""channels"":3,""force"":[-1.0258039518562718,-0.7471097101199993],""has_data"":true,""last_update_ts"":1784119501.1475098,""raw"":[17420,15286,17699]},""ring"":{""age_s"":0.00917196273803711,""channels"":3,""force"":[0.27495776029137,0.2514418266599998],""has_data"":true,""last_update_ts"":1784119501.1475098,""raw"":[15797,16369,15630]},""thumb"":{""age_s"":0.00917196273803711,""channels"":3,""force"":[0.0,-2.220446049250313e-16],""has_data"":true,""last_update_ts"":1784119501.1475098,""raw"":[0,0,0]}}","{""ble"":{""connection_state"":""connected"",""counter"":1042101,""finger_order"":""DexterController.Visualizer"",""last_error"":null,""last_sample_age_s"":0.009198216008371674,""reconnect_count"":0,""sample_hz"":20.0,""sample_sequence"":477,""timestamp_us"":10465983840},""fingers"":{""index"":{""has_data"":true,""last_update_ts"":1784119501.1475098,""mapped"":true},""middle"":{""has_data"":true,""last_update_ts"":1784119501.1475098,""mapped"":true},""pinky"":{""has_data"":true,""last_update_ts"":1784119501.1475098,""mapped"":true},""ring"":{""has_data"":true,""last_update_ts"":1784119501.1475098,""mapped"":true},""thumb"":{""has_data"":true,""last_update_ts"":1784119501.1475098,""mapped"":true}},""ports"":{""available"":[""BLE:Dexter""],""unavailable"":[]}}"
1784119501.2069232,1784119501.206802,479,ble,"{""index"":{""age_s"":0.009289979934692383,""channels"":3,""force"":[0.4153208127478063,-0.4773509292],""has_data"":true,""last_update_ts"":1784119501.197512,""raw"":[16423,17287,17715]},""middle"":{""age_s"":0.009289979934692383,""channels"":3,""force"":[-0.6374020806754519,0.860341790999998],""has_data"":true,""last_update_ts"":1784119501.197512,""raw"":[17101,15775,14888]},""pinky"":{""age_s"":0.009289979934692383,""channels"":3,""force"":[-1.0209969980050246,-0.7504400654400003],""has_data"":true,""last_update_ts"":1784119501.197512,""raw"":[17417,15293,17707]},""ring"":{""age_s"":0.009289979934692383,""channels"":3,""force"":[0.27832262798724194,0.2511642970499963],""has_data"":true,""last_update_ts"":1784119501.197512,""raw"":[15792,16371,15629]},""thumb"":{""age_s"":0.009289979934692383,""channels"":3,""force"":[0.0,-2.220446049250313e-16],""has_data"":true,""last_update_ts"":1784119501.197512,""raw"":[0,0,0]}}","{""ble"":{""connection_state"":""connected"",""counter"":1042106,""finger_order"":""DexterController.Visualizer"",""last_error"":null,""last_sample_age_s"":0.009315422008512542,""reconnect_count"":0,""sample_hz"":20.0,""sample_sequence"":478,""timestamp_us"":10466030880},""fingers"":{""index"":{""has_data"":true,""last_update_ts"":1784119501.197512,""mapped"":true},""middle"":{""has_data"":true,""last_update_ts"":1784119501.197512,""mapped"":true},""pinky"":{""has_data"":true,""last_update_ts"":1784119501.197512,""mapped"":true},""ring"":{""has_data"":true,""last_update_ts"":1784119501.197512,""mapped"":true},""thumb"":{""has_data"":true,""last_update_ts"":1784119501.197512,""mapped"":true}},""ports"":{""available"":[""BLE:Dexter""],""unavailable"":[]}}"
1784119501.256791,1784119501.2566788,480,ble,"{""index"":{""age_s"":0.009168624877929688,""channels"":3,""force"":[0.33216051112122,-0.2239663952700015],""has_data"":true,""last_update_ts"":1784119501.2475102,""raw"":[16678,17369,17427]},""middle"":{""age_s"":0.009168624877929688,""channels"":3,""force"":[-0.5282842282521276,0.3055601006099984],""has_data"":true,""last_update_ts"":1784119501.2475102,""raw"":[16636,15537,15536]},""pinky"":{""age_s"":0.009168624877929688,""channels"":3,""force"":[-1.022919779545525,-0.7504400654400021],""has_data"":true,""last_update_ts"":1784119501.2475102,""raw"":[17417,15289,17705]},""ring"":{""age_s"":0.009168624877929688,""channels"":3,""force"":[0.276399846446747,0.2506092378299991],""has_data"":true,""last_update_ts"":1784119501.2475102,""raw"":[15794,16369,15630]},""thumb"":{""age_s"":0.009168624877929688,""channels"":3,""force"":[0.0,-2.220446049250313e-16],""has_data"":true,""last_update_ts"":1784119501.2475102,""raw"":[0,0,0]}}","{""ble"":{""connection_state"":""connected"",""counter"":1042112,""finger_order"":""DexterController.Visualizer"",""last_error"":null,""last_sample_age_s"":0.00918931799242273,""reconnect_count"":0,""sample_hz"":20.0,""sample_sequence"":479,""timestamp_us"":10466087328},""fingers"":{""index"":{""has_data"":true,""last_update_ts"":1784119501.2475102,""mapped"":true},""middle"":{""has_data"":true,""last_update_ts"":1784119501.2475102,""mapped"":true},""pinky"":{""has_data"":true,""last_update_ts"":1784119501.2475102,""mapped"":true},""ring"":{""has_data"":true,""last_update_ts"":1784119501.2475102,""mapped"":true},""thumb"":{""has_data"":true,""last_update_ts"":1784119501.2475102,""mapped"":true}},""ports"":{""available"":[""BLE:Dexter""],""unavailable"":[]}}"
1784119501.3068085,1784119501.3066843,481,ble,"{""index"":{""age_s"":0.009171724319458008,""channels"":3,""force"":[0.2014113663672834,-0.09352747857000221],""has_data"":true,""last_update_ts"":1784119501.2975125,""raw"":[16885,17304,17263]},""middle"":{""age_s"":0.009171724319458008,""channels"":3,""force"":[-0.6474966837630749,0.19565837504999983],""has_data"":true,""last_update_ts"":1784119501.2975125,""raw"":[16689,15342,15663]},""pinky"":{""age_s"":0.009171724319458008,""channels"":3,""force"":[-1.0190742164645243,-0.7426692363600012],""has_data"":true,""last_update_ts"":1784119501.2975125,""raw"":[17414,15294,17692]},""ring"":{""age_s"":0.009171724319458008,""channels"":3,""force"":[0.2807261049128691,0.26032277417999783],""has_data"":true,""last_update_ts"":1784119501.2975125,""raw"":[15789,16373,15612]},""thumb"":{""age_s"":0.009171724319458008,""channels"":3,""force"":[0.0,-2.220446049250313e-16],""has_data"":true,""last_update_ts"":1784119501.2975125,""raw"":[0,0,0]}}","{""ble"":{""connection_state"":""connected"",""counter"":1042117,""finger_order"":""DexterController.Visualizer"",""last_error"":null,""last_sample_age_s"":0.009196371989673935,""reconnect_count"":0,""sample_hz"":20.0,""sample_sequence"":480,""timestamp_us"":10466134368},""fingers"":{""index"":{""has_data"":true,""last_update_ts"":1784119501.2975125,""mapped"":true},""middle"":{""has_data"":true,""last_update_ts"":1784119501.2975125,""mapped"":true},""pinky"":{""has_data"":true,""last_update_ts"":1784119501.2975125,""mapped"":true},""ring"":{""has_data"":true,""last_update_ts"":1784119501.2975125,""mapped"":true},""thumb"":{""has_data"":true,""last_update_ts"":1784119501.2975125,""mapped"":true}},""ports"":{""available"":[""BLE:Dexter""],""unavailable"":[]}}"
1784119501.3568027,1784119501.3566566,482,ble,"{""index"":{""age_s"":0.009128332138061523,""channels"":3,""force"":[0.20862179714415063,-0.016096717380002623],""has_data"":true,""last_update_ts"":1784119501.3475282,""raw"":[16936,17370,17182]},""middle"":{""age_s"":0.009128332138061523,""channels"":3,""force"":[-0.6955662222755503,0.27392172506999835],""has_data"":true,""last_update_ts"":1784119501.3475282,""raw"":[16795,15348,15578]},""pinky"":{""age_s"":0.009128332138061523,""channels"":3,""force"":[-1.020516302619896,-0.7479422989500044],""has_data"":true,""last_update_ts"":1784119501.3475282,""raw"":[17415,15292,17701]},""ring"":{""age_s"":0.009128332138061523,""channels"":3,""force"":[0.27351567413599476,0.2467238232899973],""has_data"":true,""last_update_ts"":1784119501.3475282,""raw"":[15798,16367,15638]},""thumb"":{""age_s"":0.009128332138061523,""channels"":3,""force"":[0.0,-2.220446049250313e-16],""has_data"":true,""last_update_ts"":1784119501.3475282,""raw"":[0,0,0]}}","{""ble"":{""connection_state"":""connected"",""counter"":1042122,""finger_order"":""DexterController.Visualizer"",""last_error"":null,""last_sample_age_s"":0.00915422200341709,""reconnect_count"":0,""sample_hz"":20.0,""sample_sequence"":481,""timestamp_us"":10466181408},""fingers"":{""index"":{""has_data"":true,""last_update_ts"":1784119501.3475282,""mapped"":true},""middle"":{""has_data"":true,""last_update_ts"":1784119501.3475282,""mapped"":true},""pinky"":{""has_data"":true,""last_update_ts"":1784119501.3475282,""mapped"":true},""ring"":{""has_data"":true,""last_update_ts"":1784119501.3475282,""mapped"":true},""thumb"":{""has_data"":true,""last_update_ts"":1784119501.3475282,""mapped"":true}},""ports"":{""available"":[""BLE:Dexter""],""unavailable"":[]}}"
1784119501.4068089,1784119501.4066799,483,ble,"{""index"":{""age_s"":0.009150505065917969,""channels"":3,""force"":[0.2259268310086462,-0.034968730860001074],""has_data"":true,""last_update_ts"":1784119501.3975294,""raw"":[16902,17372,17200]},""middle"":{""age_s"":0.009150505065917969,""channels"":3,""force"":[-0.6537457237696955,0.2281293394199979],""has_data"":true,""last_update_ts"":1784119501.3975294,""raw"":[16734,15374,15643]},""pinky"":{""age_s"":0.009150505065917969,""channels"":3,""force"":[-1.022919779545525,-0.7482198285600026],""has_data"":true,""last_update_ts"":1784119501.3975294,""raw"":[17417,15289,17701]},""ring"":{""age_s"":0.009150505065917969,""channels"":3,""force"":[0.2744770649062449,0.24894406016999682],""has_data"":true,""last_update_ts"":1784119501.3975294,""raw"":[15800,16371,15637]},""thumb"":{""age_s"":0.009150505065917969,""channels"":3,""force"":[0.0,-2.220446049250313e-16],""has_data"":true,""last_update_ts"":1784119501.3975294,""raw"":[0,0,0]}}","{""ble"":{""connection_state"":""connected"",""counter"":1042128,""finger_order"":""DexterController.Visualizer"",""last_error"":null,""last_sample_age_s"":0.00917089699942153,""reconnect_count"":0,""sample_hz"":20.0,""sample_sequence"":482,""timestamp_us"":10466237952},""fingers"":{""index"":{""has_data"":true,""last_update_ts"":1784119501.3975294,""mapped"":true},""middle"":{""has_data"":true,""last_update_ts"":1784119501.3975294,""mapped"":true},""pinky"":{""has_data"":true,""last_update_ts"":1784119501.3975294,""mapped"":true},""ring"":{""has_data"":true,""last_update_ts"":1784119501.3975294,""mapped"":true},""thumb"":{""has_data"":true,""last_update_ts"":1784119501.3975294,""mapped"":true}},""ports"":{""available"":[""BLE:Dexter""],""unavailable"":[]}}"
1784119501.4568243,1784119501.4566915,484,ble,"{""index"":{""age_s"":0.00916290283203125,""channels"":3,""force"":[0.24611603718388686,0.001110118439998864],""has_data"":true,""last_update_ts"":1784119501.4475286,""raw"":[16893,17405,17147]},""middle"":{""age_s"":0.00916290283203125,""channels"":3,""force"":[-0.6138480068043375,0.12350067644999818],""has_data"":true,""last_update_ts"":1784119501.4475286,""raw"":[16653,15376,15792]},""pinky"":{""age_s"":0.00916290283203125,""channels"":3,""force"":[-1.0200356072347763,-0.746554650900003],""has_data"":true,""last_update_ts"":1784119501.4475286,""raw"":[17417,15295,17701]},""ring"":{""age_s"":0.00916290283203125,""channels"":3,""force"":[0.273034978750875,0.24922158977999853],""has_data"":true,""last_update_ts"":1784119501.4475286,""raw"":[15795,16363,15630]},""thumb"":{""age_s"":0.00916290283203125,""channels"":3,""force"":[0.0,-2.220446049250313e-16],""has_data"":true,""last_update_ts"":1784119501.4475286,""raw"":[0,0,0]}}","{""ble"":{""connection_state"":""connected"",""counter"":1042133,""finger_order"":""DexterController.Visualizer"",""last_error"":null,""last_sample_age_s"":0.009188035997794941,""reconnect_count"":0,""sample_hz"":20.0,""sample_sequence"":483,""timestamp_us"":10466284800},""fingers"":{""index"":{""has_data"":true,""last_update_ts"":1784119501.4475286,""mapped"":true},""middle"":{""has_data"":true,""last_update_ts"":1784119501.4475286,""mapped"":true},""pinky"":{""has_data"":true,""last_update_ts"":1784119501.4475286,""mapped"":true},""ring"":{""has_data"":true,""last_update_ts"":1784119501.4475286,""mapped"":true},""thumb"":{""has_data"":true,""last_update_ts"":1784119501.4475286,""mapped"":true}},""ports"":{""available"":[""BLE:Dexter""],""unavailable"":[]}}"
1784119501.506797,1784119501.5066767,485,ble,"{""index"":{""age_s"":0.009151697158813477,""channels"":3,""force"":[0.32254660341872743,0.1712357693699973],""has_data"":true,""last_update_ts"":1784119501.497525,""raw"":[16918,17589,16945]},""middle"":{""age_s"":0.009151697158813477,""channels"":3,""force"":[-0.4619482651049118,-0.3771627399899993],""has_data"":true,""last_update_ts"":1784119501.497525,""raw"":[16196,15235,16395]},""pinky"":{""age_s"":0.009151697158813477,""channels"":3,""force"":[-1.0214776933901462,-0.7523827727100034],""has_data"":true,""last_update_ts"":1784119501.497525,""raw"":[17415,15290,17708]},""ring"":{""age_s"":0.009151697158813477,""channels"":3,""force"":[0.2768805418318703,0.2458912344599984],""has_data"":true,""last_update_ts"":1784119501.497525,""raw"":[15792,16368,15637]},""thumb"":{""age_s"":0.009151697158813477,""channels"":3,""force"":[0.0,-2.220446049250313e-16],""has_data"":true,""last_update_ts"":1784119501.497525,""raw"":[0,0,0]}}","{""ble"":{""connection_state"":""connected"",""counter"":1042138,""finger_order"":""DexterController.Visualizer"",""last_error"":null,""last_sample_age_s"":0.00917686999309808,""reconnect_count"":0,""sample_hz"":20.0,""sample_sequence"":484,""timestamp_us"":10466331776},""fingers"":{""index"":{""has_data"":true,""last_update_ts"":1784119501.497525,""mapped"":true},""middle"":{""has_data"":true,""last_update_ts"":1784119501.497525,""mapped"":true},""pinky"":{""has_data"":true,""last_update_ts"":1784119501.497525,""mapped"":true},""ring"":{""has_data"":true,""last_update_ts"":1784119501.497525,""mapped"":true},""thumb"":{""has_data"":true,""last_update_ts"":1784119501.497525,""mapped"":true}},""ports"":{""available"":[""BLE:Dexter""],""unavailable"":[]}}"
1784119501.556803,1784119501.5566742,486,ble,"{""index"":{""age_s"":0.009149312973022461,""channels"":3,""force"":[0.4845409482057743,0.8814340413599968],""has_data"":true,""last_update_ts"":1784119501.547525,""raw"":[17192,18200,16108]},""middle"":{""age_s"":0.009149312973022461,""channels"":3,""force"":[-0.3432165049790896,-1.2172448694600018],""has_data"":true,""last_update_ts"":1784119501.547525,""raw"":[15580,14866,17416]},""pinky"":{""age_s"":0.009149312973022461,""channels"":3,""force"":[-1.0209969980050229,-0.7509951246600011],""has_data"":true,""last_update_ts"":1784119501.547525,""raw"":[17416,15292,17707]},""ring"":{""age_s"":0.009149312973022461,""channels"":3,""force"":[0.27928401875749387,0.24894406016999593],""has_data"":true,""last_update_ts"":1784119501.547525,""raw"":[15786,16367,15628]},""thumb"":{""age_s"":0.009149312973022461,""channels"":3,""force"":[0.0,-2.220446049250313e-16],""has_data"":true,""last_update_ts"":1784119501.547525,""raw"":[0,0,0]}}","{""ble"":{""connection_state"":""connected"",""counter"":1042144,""finger_order"":""DexterController.Visualizer"",""last_error"":null,""last_sample_age_s"":0.0091746760008391,""reconnect_count"":0,""sample_hz"":20.0,""sample_sequence"":485,""timestamp_us"":10466388384},""fingers"":{""index"":{""has_data"":true,""last_update_ts"":1784119501.547525,""mapped"":true},""middle"":{""has_data"":true,""last_update_ts"":1784119501.547525,""mapped"":true},""pinky"":{""has_data"":true,""last_update_ts"":1784119501.547525,""mapped"":true},""ring"":{""has_data"":true,""last_update_ts"":1784119501.547525,""mapped"":true},""thumb"":{""has_data"":true,""last_update_ts"":1784119501.547525,""mapped"":true}},""ports"":{""available"":[""BLE:Dexter""],""unavailable"":[]}}"
1784119501.6067982,1784119501.606681,487,ble,"{""index"":{""age_s"":0.009152889251708984,""channels"":3,""force"":[0.6888364868838028,1.4667439888499985],""has_data"":true,""last_update_ts"":1784119501.5975282,""raw"":[17347,18780,15421]},""middle"":{""age_s"":0.009152889251708984,""channels"":3,""force"":[-0.39657369272794085,-1.9862794187700006],""has_data"":true,""last_update_ts"":1784119501.5975282,""raw"":[15178,14353,18344]},""pinky"":{""age_s"":0.009152889251708984,""channels"":3,""force"":[-1.021958388775273,-0.7465546509000012],""has_data"":true,""last_update_ts"":1784119501.5975282,""raw"":[17422,15296,17704]},""ring"":{""age_s"":0.009152889251708984,""channels"":3,""force"":[0.27543845567649683,0.25227441548999874],""has_data"":true,""last_update_ts"":1784119501.5975282,""raw"":[15799,16372,15631]},""thumb"":{""age_s"":0.009152889251708984,""channels"":3,""force"":[0.0,-2.220446049250313e-16],""has_data"":true,""last_update_ts"":1784119501.5975282,""raw"":[0,0,0]}}","{""ble"":{""connection_state"":""connected"",""counter"":1042149,""finger_order"":""DexterController.Visualizer"",""last_error"":null,""last_sample_age_s"":0.009173744998406619,""reconnect_count"":0,""sample_hz"":20.0,""sample_sequence"":486,""timestamp_us"":10466435296},""fingers"":{""index"":{""has_data"":true,""last_update_ts"":1784119501.5975282,""mapped"":true},""middle"":{""has_data"":true,""last_update_ts"":1784119501.5975282,""mapped"":true},""pinky"":{""has_data"":true,""last_update_ts"":1784119501.5975282,""mapped"":true},""ring"":{""has_data"":true,""last_update_ts"":1784119501.5975282,""mapped"":true},""thumb"":{""has_data"":true,""last_update_ts"":1784119501.5975282,""mapped"":true}},""ports"":{""available"":[""BLE:Dexter""],""unavailable"":[]}}"
1784119501.656817,1784119501.656684,488,ble,"{""index"":{""age_s"":0.009172677993774414,""channels"":3,""force"":[0.8811146409337152,1.8419640215699982],""has_data"":true,""last_update_ts"":1784119501.6475112,""raw"":[17377,19210,14975]},""middle"":{""age_s"":0.009172677993774414,""channels"":3,""force"":[-0.35379180345183414,-2.4816697726200028],""has_data"":true,""last_update_ts"":1784119501.6475112,""raw"":[14852,14116,18955]},""pinky"":{""age_s"":0.009172677993774414,""channels"":3,""force"":[-1.0267653426265202,-0.7487748877799989],""has_data"":true,""last_update_ts"":1784119501.6475112,""raw"":[17422,15286,17703]},""ring"":{""age_s"":0.009172677993774414,""channels"":3,""force"":[0.27495776029137353,0.24866653055999688],""has_data"":true,""last_update_ts"":1784119501.6475112,""raw"":[15791,16363,15629]},""thumb"":{""age_s"":0.009172677993774414,""channels"":3,""force"":[0.0,-2.220446049250313e-16],""has_data"":true,""last_update_ts"":1784119501.6475112,""raw"":[0,0,0]}}","{""ble"":{""connection_state"":""connected"",""counter"":1042154,""finger_order"":""DexterController.Visualizer"",""last_error"":null,""last_sample_age_s"":0.009198818006552756,""reconnect_count"":0,""sample_hz"":20.0,""sample_sequence"":487,""timestamp_us"":10466482304},""fingers"":{""index"":{""has_data"":true,""last_update_ts"":1784119501.6475112,""mapped"":true},""middle"":{""has_data"":true,""last_update_ts"":1784119501.6475112,""mapped"":true},""pinky"":{""has_data"":true,""last_update_ts"":1784119501.6475112,""mapped"":true},""ring"":{""has_data"":true,""last_update_ts"":1784119501.6475112,""mapped"":true},""thumb"":{""has_data"":true,""last_update_ts"":1784119501.6475112,""mapped"":true}},""ports"":{""available"":[""BLE:Dexter""],""unavailable"":[]}}"
1784119501.7067895,1784119501.706675,489,ble,"{""index"":{""age_s"":0.009150028228759766,""channels"":3,""force"":[1.060894714970381,2.081749604609999],""has_data"":true,""last_update_ts"":1784119501.697525,""raw"":[17297,19504,14650]},""middle"":{""age_s"":0.009150028228759766,""channels"":3,""force"":[-0.3672512742353282,-2.954025168840002],""has_data"":true,""last_update_ts"":1784119501.697525,""raw"":[14623,13859,19563]},""pinky"":{""age_s"":0.009150028228759766,""channels"":3,""force"":[-1.0224390841603963,-0.7529378319300006],""has_data"":true,""last_update_ts"":1784119501.697525,""raw"":[17414,15287,17707]},""ring"":{""age_s"":0.009150028228759766,""channels"":3,""force"":[0.2759191510616166,0.24866653055999777],""has_data"":true,""last_update_ts"":1784119501.697525,""raw"":[15797,16371,15636]},""thumb"":{""age_s"":0.009150028228759766,""channels"":3,""force"":[0.0,-2.220446049250313e-16],""has_data"":true,""last_update_ts"":1784119501.697525,""raw"":[0,0,0]}}","{""ble"":{""connection_state"":""connected"",""counter"":1042160,""finger_order"":""DexterController.Visualizer"",""last_error"":null,""last_sample_age_s"":0.009170556993922219,""reconnect_count"":0,""sample_hz"":20.0,""sample_sequence"":488,""timestamp_us"":10466538944},""fingers"":{""index"":{""has_data"":true,""last_update_ts"":1784119501.697525,""mapped"":true},""middle"":{""has_data"":true,""last_update_ts"":1784119501.697525,""mapped"":true},""pinky"":{""has_data"":true,""last_update_ts"":1784119501.697525,""mapped"":true},""ring"":{""has_data"":true,""last_update_ts"":1784119501.697525,""mapped"":true},""thumb"":{""has_data"":true,""last_update_ts"":1784119501.697525,""mapped"":true}},""ports"":{""available"":[""BLE:Dexter""],""unavailable"":[]}}"
1784119501.7567956,1784119501.7566805,490,ble,"{""index"":{""age_s"":0.00916910171508789,""channels"":3,""force"":[1.2055840258929358,2.1830479122599984],""has_data"":true,""last_update_ts"":1784119501.7475114,""raw"":[17178,19686,14499]},""middle"":{""age_s"":0.00916910171508789,""channels"":3,""force"":[-0.28457166799386613,-3.5695858438200014],""has_data"":true,""last_update_ts"":1784119501.7475114,""raw"":[14209,13617,20344]},""pinky"":{""age_s"":0.00916910171508789,""channels"":3,""force"":[-1.0200356072347745,-0.7487748877800016],""has_data"":true,""last_update_ts"":1784119501.7475114,""raw"":[17416,15294,17704]},""ring"":{""age_s"":0.00916910171508789,""channels"":3,""force"":[0.27832262798724194,0.24838900094999694],""has_data"":true,""last_update_ts"":1784119501.7475114,""raw"":[15792,16371,15634]},""thumb"":{""age_s"":0.00916910171508789,""channels"":3,""force"":[0.0,-2.220446049250313e-16],""has_data"":true,""last_update_ts"":1784119501.7475114,""raw"":[0,0,0]}}","{""ble"":{""connection_state"":""connected"",""counter"":1042165,""finger_order"":""DexterController.Visualizer"",""last_error"":null,""last_sample_age_s"":0.00919040098960977,""reconnect_count"":0,""sample_hz"":20.0,""sample_sequence"":489,""timestamp_us"":10466585984},""fingers"":{""index"":{""has_data"":true,""last_update_ts"":1784119501.7475114,""mapped"":true},""middle"":{""has_data"":true,""last_update_ts"":1784119501.7475114,""mapped"":true},""pinky"":{""has_data"":true,""last_update_ts"":1784119501.7475114,""mapped"":true},""ring"":{""has_data"":true,""last_update_ts"":1784119501.7475114,""mapped"":true},""thumb"":{""has_data"":true,""last_update_ts"":1784119501.7475114,""mapped"":true}},""ports"":{""available"":[""BLE:Dexter""],""unavailable"":[]}}"
1784119501.8068082,1784119501.8066783,491,ble,"{""index"":{""age_s"":0.009165287017822266,""channels"":3,""force"":[1.2517307828649145,2.2785180980999984],""has_data"":true,""last_update_ts"":1784119501.797513,""raw"":[17166,19770,14363]},""middle"":{""age_s"":0.009165287017822266,""channels"":3,""force"":[-0.33408329266171943,-3.806318601150002],""has_data"":true,""last_update_ts"":1784119501.797513,""raw"":[14129,13434,20639]},""pinky"":{""age_s"":0.009165287017822266,""channels"":3,""force"":[-1.0181128256942724,-0.7521052431000017],""has_data"":true,""last_update_ts"":1784119501.797513,""raw"":[17411,15293,17707]},""ring"":{""age_s"":0.009165287017822266,""channels"":3,""force"":[0.2773612372169936,0.2517193562699962],""has_data"":true,""last_update_ts"":1784119501.797513,""raw"":[15794,16371,15629]},""thumb"":{""age_s"":0.009165287017822266,""channels"":3,""force"":[0.0,-2.220446049250313e-16],""has_data"":true,""last_update_ts"":1784119501.797513,""raw"":[0,0,0]}}","{""ble"":{""connection_state"":""connected"",""counter"":1042170,""finger_order"":""DexterController.Visualizer"",""last_error"":null,""last_sample_age_s"":0.00919062999309972,""reconnect_count"":0,""sample_hz"":20.0,""sample_sequence"":490,""timestamp_us"":10466632960},""fingers"":{""index"":{""has_data"":true,""last_update_ts"":1784119501.797513,""mapped"":true},""middle"":{""has_data"":true,""last_update_ts"":1784119501.797513,""mapped"":true},""pinky"":{""has_data"":true,""last_update_ts"":1784119501.797513,""mapped"":true},""ring"":{""has_data"":true,""last_update_ts"":1784119501.797513,""mapped"":true},""thumb"":{""has_data"":true,""last_update_ts"":1784119501.797513,""mapped"":true}},""ports"":{""available"":[""BLE:Dexter""],""unavailable"":[]}}"
1784119501.8567972,1784119501.8566806,492,ble,"{""index"":{""age_s"":0.009169340133666992,""channels"":3,""force"":[1.2623060813376608,2.3928602974199977],""has_data"":true,""last_update_ts"":1784119501.8475113,""raw"":[17217,19843,14219]},""middle"":{""age_s"":0.009169340133666992,""channels"":3,""force"":[-0.43551001892304697,-3.993096028680001],""has_data"":true,""last_update_ts"":1784119501.8475113,""raw"":[14132,13226,20873]},""pinky"":{""age_s"":0.009169340133666992,""channels"":3,""force"":[-1.0229197795455232,-0.7498850062200004],""has_data"":true,""last_update_ts"":1784119501.8475113,""raw"":[17413,15285,17700]},""ring"":{""age_s"":0.009169340133666992,""channels"":3,""force"":[0.2763998464467452,0.25005417860999923],""has_data"":true,""last_update_ts"":1784119501.8475113,""raw"":[15793,16368,15630]},""thumb"":{""age_s"":0.009169340133666992,""channels"":3,""force"":[0.0,-2.220446049250313e-16],""has_data"":true,""last_update_ts"":1784119501.8475113,""raw"":[0,0,0]}}","{""ble"":{""connection_state"":""connected"",""counter"":1042175,""finger_order"":""DexterController.Visualizer"",""last_error"":null,""last_sample_age_s"":0.00919029099168256,""reconnect_count"":0,""sample_hz"":20.0,""sample_sequence"":491,""timestamp_us"":10466679904},""fingers"":{""index"":{""has_data"":true,""last_update_ts"":1784119501.8475113,""mapped"":true},""middle"":{""has_data"":true,""last_update_ts"":1784119501.8475113,""mapped"":true},""pinky"":{""has_data"":true,""last_update_ts"":1784119501.8475113,""mapped"":true},""ring"":{""has_data"":true,""last_update_ts"":1784119501.8475113,""mapped"":true},""thumb"":{""has_data"":true,""last_update_ts"":1784119501.8475113,""mapped"":true}},""ports"":{""available"":[""BLE:Dexter""],""unavailable"":[]}}"
1784119501.9068007,1784119501.9066732,493,ble,"{""index"":{""age_s"":0.00916147232055664,""channels"":3,""force"":[1.2897057182897722,2.410899722069998],""has_data"":true,""last_update_ts"":1784119501.8975117,""raw"":[17203,19886,14201]},""middle"":{""age_s"":0.00916147232055664,""channels"":3,""force"":[-0.5205931020901318,-3.961735182750001],""has_data"":true,""last_update_ts"":1784119501.8975117,""raw"":[14254,13171,20850]},""pinky"":{""age_s"":0.00916147232055664,""channels"":3,""force"":[-1.0243618657008948,-0.7490524173900015],""has_data"":true,""last_update_ts"":1784119501.8975117,""raw"":[17415,15284,17699]},""ring"":{""age_s"":0.00916147232055664,""channels"":3,""force"":[0.2763998464467452,0.25005417860999923],""has_data"":true,""last_update_ts"":1784119501.8975117,""raw"":[15793,16368,15630]},""thumb"":{""age_s"":0.00916147232055664,""channels"":3,""force"":[0.0,-2.220446049250313e-16],""has_data"":true,""last_update_ts"":1784119501.8975117,""raw"":[0,0,0]}}","{""ble"":{""connection_state"":""connected"",""counter"":1042181,""finger_order"":""DexterController.Visualizer"",""last_error"":null,""last_sample_age_s"":0.00918749300763011,""reconnect_count"":0,""sample_hz"":20.0,""sample_sequence"":492,""timestamp_us"":10466736384},""fingers"":{""index"":{""has_data"":true,""last_update_ts"":1784119501.8975117,""mapped"":true},""middle"":{""has_data"":true,""last_update_ts"":1784119501.8975117,""mapped"":true},""pinky"":{""has_data"":true,""last_update_ts"":1784119501.8975117,""mapped"":true},""ring"":{""has_data"":true,""last_update_ts"":1784119501.8975117,""mapped"":true},""thumb"":{""has_data"":true,""last_update_ts"":1784119501.8975117,""mapped"":true}},""ports"":{""available"":[""BLE:Dexter""],""unavailable"":[]}}"
1784119501.956799,1784119501.9566784,494,ble,"{""index"":{""age_s"":0.009168624877929688,""channels"":3,""force"":[1.3070107521542642,2.3337464904899994],""has_data"":true,""last_update_ts"":1784119501.9475098,""raw"":[17139,19858,14294]},""middle"":{""age_s"":0.009168624877929688,""channels"":3,""force"":[-0.5191510159347565,-3.9559070609400013],""has_data"":true,""last_update_ts"":1784119501.9475098,""raw"":[14264,13184,20851]},""pinky"":{""age_s"":0.009168624877929688,""channels"":3,""force"":[-1.0229197795455196,-0.7521052431000017],""has_data"":true,""last_update_ts"":1784119501.9475098,""raw"":[17415,15287,17706]},""ring"":{""age_s"":0.009168624877929688,""channels"":3,""force"":[0.27255428336574994,0.2489440601699977],""has_data"":true,""last_update_ts"":1784119501.9475098,""raw"":[15795,16362,15630]},""thumb"":{""age_s"":0.009168624877929688,""channels"":3,""force"":[0.0,-2.220446049250313e-16],""has_data"":true,""last_update_ts"":1784119501.9475098,""raw"":[0,0,0]}}","{""ble"":{""connection_state"":""connected"",""counter"":1042186,""finger_order"":""DexterController.Visualizer"",""last_error"":null,""last_sample_age_s"":0.009194508995278738,""reconnect_count"":0,""sample_hz"":20.0,""sample_sequence"":493,""timestamp_us"":10466783488},""fingers"":{""index"":{""has_data"":true,""last_update_ts"":1784119501.9475098,""mapped"":true},""middle"":{""has_data"":true,""last_update_ts"":1784119501.9475098,""mapped"":true},""pinky"":{""has_data"":true,""last_update_ts"":1784119501.9475098,""mapped"":true},""ring"":{""has_data"":true,""last_update_ts"":1784119501.9475098,""mapped"":true},""thumb"":{""has_data"":true,""last_update_ts"":1784119501.9475098,""mapped"":true}},""ports"":{""available"":[""BLE:Dexter""],""unavailable"":[]}}"
1784119502.0069256,1784119502.0067022,495,ble,"{""index"":{""age_s"":0.009177207946777344,""channels"":3,""force"":[1.3094142290798843,2.256870788519997],""has_data"":true,""last_update_ts"":1784119501.997525,""raw"":[17084,19808,14380]},""middle"":{""age_s"":0.009177207946777344,""channels"":3,""force"":[-0.4941548559082687,-3.9670082453399997],""has_data"":true,""last_update_ts"":1784119501.997525,""raw"":[14225,13197,20858]},""pinky"":{""age_s"":0.009177207946777344,""channels"":3,""force"":[-1.0234004749306465,-0.7534928911500005],""has_data"":true,""last_update_ts"":1784119501.997525,""raw"":[17418,15289,17711]},""ring"":{""age_s"":0.009177207946777344,""channels"":3,""force"":[0.27399636952112516,0.2497766489999984],""has_data"":true,""last_update_ts"":1784119501.997525,""raw"":[15794,16364,15629]},""thumb"":{""age_s"":0.009177207946777344,""channels"":3,""force"":[0.0,-2.220446049250313e-16],""has_data"":true,""last_update_ts"":1784119501.997525,""raw"":[0,0,0]}}","{""ble"":{""connection_state"":""connected"",""counter"":1042188,""finger_order"":""DexterController.Visualizer"",""last_error"":null,""last_sample_age_s"":0.009227158006979153,""reconnect_count"":0,""sample_hz"":20.0,""sample_sequence"":494,""timestamp_us"":10466802304},""fingers"":{""index"":{""has_data"":true,""last_update_ts"":1784119501.997525,""mapped"":true},""middle"":{""has_data"":true,""last_update_ts"":1784119501.997525,""mapped"":true},""pinky"":{""has_data"":true,""last_update_ts"":1784119501.997525,""mapped"":true},""ring"":{""has_data"":true,""last_update_ts"":1784119501.997525,""mapped"":true},""thumb"":{""has_data"":true,""last_update_ts"":1784119501.997525,""mapped"":true}},""ports"":{""available"":[""BLE:Dexter""],""unavailable"":[]}}"
1784119502.0568025,1784119502.056685,496,ble,"{""index"":{""age_s"":0.009173393249511719,""channels"":3,""force"":[1.211352370514435,1.7678636156999978],""has_data"":true,""last_update_ts"":1784119502.0475116,""raw"":[16913,19433,14988]},""middle"":{""age_s"":0.009173393249511719,""channels"":3,""force"":[-0.42541541583542575,-3.4022354889900015],""has_data"":true,""last_update_ts"":1784119502.0475116,""raw"":[14452,13567,20139]},""pinky"":{""age_s"":0.009173393249511719,""channels"":3,""force"":[-1.0234004749306447,-0.754047950370003],""has_data"":true,""last_update_ts"":1784119502.0475116,""raw"":[17415,15286,17709]},""ring"":{""age_s"":0.009173393249511719,""channels"":3,""force"":[0.27543845567649683,0.25005417860999746],""has_data"":true,""last_update_ts"":1784119502.0475116,""raw"":[15792,16365,15628]},""thumb"":{""age_s"":0.009173393249511719,""channels"":3,""force"":[0.0,-2.220446049250313e-16],""has_data"":true,""last_update_ts"":1784119502.0475116,""raw"":[0,0,0]}}","{""ble"":{""connection_state"":""connected"",""counter"":1042198,""finger_order"":""DexterController.Visualizer"",""last_error"":null,""last_sample_age_s"":0.009193883000989445,""reconnect_count"":0,""sample_hz"":20.0,""sample_sequence"":495,""timestamp_us"":10466896544},""fingers"":{""index"":{""has_data"":true,""last_update_ts"":1784119502.0475116,""mapped"":true},""middle"":{""has_data"":true,""last_update_ts"":1784119502.0475116,""mapped"":true},""pinky"":{""has_data"":true,""last_update_ts"":1784119502.0475116,""mapped"":true},""ring"":{""has_data"":true,""last_update_ts"":1784119502.0475116,""mapped"":true},""thumb"":{""has_data"":true,""last_update_ts"":1784119502.0475116,""mapped"":true}},""ports"":{""available"":[""BLE:Dexter""],""unavailable"":[]}}"
1784119502.156804,1784119502.1566725,497,ble,"{""index"":{""age_s"":0.009159564971923828,""channels"":3,""force"":[1.180587865866448,1.6784990812799991],""has_data"":true,""last_update_ts"":1784119502.147513,""raw"":[16894,19350,15098]},""middle"":{""age_s"":0.009159564971923828,""channels"":3,""force"":[-0.4287802835312986,-3.2959416483600013],""has_data"":true,""last_update_ts"":1784119502.147513,""raw"":[14507,13615,19999]},""pinky"":{""age_s"":0.009159564971923828,""channels"":3,""force"":[-1.0195549118496476,-0.7457220620700022],""has_data"":true,""last_update_ts"":1784119502.147513,""raw"":[17414,15293,17697]},""ring"":{""age_s"":0.009159564971923828,""channels"":3,""force"":[0.28409097260874283,0.2600452445699988],""has_data"":true,""last_update_ts"":1784119502.147513,""raw"":[15798,16389,15625]},""thumb"":{""age_s"":0.009159564971923828,""channels"":3,""force"":[0.0,-2.220446049250313e-16],""has_data"":true,""last_update_ts"":1784119502.147513,""raw"":[0,0,0]}}","{""ble"":{""connection_state"":""connected"",""counter"":1042199,""finger_order"":""DexterController.Visualizer"",""last_error"":null,""last_sample_age_s"":0.009185243005049415,""reconnect_count"":0,""sample_hz"":20.0,""sample_sequence"":496,""timestamp_us"":10466905856},""fingers"":{""index"":{""has_data"":true,""last_update_ts"":1784119502.147513,""mapped"":true},""middle"":{""has_data"":true,""last_update_ts"":1784119502.147513,""mapped"":true},""pinky"":{""has_data"":true,""last_update_ts"":1784119502.147513,""mapped"":true},""ring"":{""has_data"":true,""last_update_ts"":1784119502.147513,""mapped"":true},""thumb"":{""has_data"":true,""last_update_ts"":1784119502.147513,""mapped"":true}},""ports"":{""available"":[""BLE:Dexter""],""unavailable"":[]}}"
1784119502.2067637,1784119502.206641,498,ble,"{""index"":{""age_s"":0.009126663208007812,""channels"":3,""force"":[1.0613754103555042,1.3526793191399982],""has_data"":true,""last_update_ts"":1784119502.1975143,""raw"":[16845,19053,15512]},""middle"":{""age_s"":0.009126663208007812,""channels"":3,""force"":[-0.4374328004635455,-2.7736309223400015],""has_data"":true,""last_update_ts"":1784119502.1975143,""raw"":[14792,13882,19334]},""pinky"":{""age_s"":0.009126663208007812,""channels"":3,""force"":[-1.022439084160398,-0.7484973581700016],""has_data"":true,""last_update_ts"":1784119502.1975143,""raw"":[17412,15285,17697]},""ring"":{""age_s"":0.009126663208007812,""channels"":3,""force"":[0.2783226279872455,0.24894406016999682],""has_data"":true,""last_update_ts"":1784119502.1975143,""raw"":[15787,16366,15628]},""thumb"":{""age_s"":0.009126663208007812,""channels"":3,""force"":[0.0,-2.220446049250313e-16],""has_data"":true,""last_update_ts"":1784119502.1975143,""raw"":[0,0,0]}}","{""ble"":{""connection_state"":""connected"",""counter"":1042202,""finger_order"":""DexterController.Visualizer"",""last_error"":null,""last_sample_age_s"":0.009151442005531862,""reconnect_count"":0,""sample_hz"":20.0,""sample_sequence"":497,""timestamp_us"":10466934144},""fingers"":{""index"":{""has_data"":true,""last_update_ts"":1784119502.1975143,""mapped"":true},""middle"":{""has_data"":true,""last_update_ts"":1784119502.1975143,""mapped"":true},""pinky"":{""has_data"":true,""last_update_ts"":1784119502.1975143,""mapped"":true},""ring"":{""has_data"":true,""last_update_ts"":1784119502.1975143,""mapped"":true},""thumb"":{""has_data"":true,""last_update_ts"":1784119502.1975143,""mapped"":true}},""ports"":{""available"":[""BLE:Dexter""],""unavailable"":[]}}"
1784119502.2567985,1784119502.256659,499,ble,"{""index"":{""age_s"":0.00914764404296875,""channels"":3,""force"":[0.5028073728405147,-0.4551485604000023],""has_data"":true,""last_update_ts"":1784119502.2475114,""raw"":[16313,17359,17656]},""middle"":{""age_s"":0.00914764404296875,""channels"":3,""force"":[-0.32975703419559643,0.24755641211999801],""has_data"":true,""last_update_ts"":1784119502.2475114,""raw"":[16411,15725,15622]},""pinky"":{""age_s"":0.00914764404296875,""channels"":3,""force"":[-1.0214776933901462,-0.7468321805100038],""has_data"":true,""last_update_ts"":1784119502.2475114,""raw"":[17418,15293,17701]},""ring"":{""age_s"":0.00914764404296875,""channels"":3,""force"":[0.2788033233723688,0.24700135289999814],""has_data"":true,""last_update_ts"":1784119502.2475114,""raw"":[15789,16369,15634]},""thumb"":{""age_s"":0.00914764404296875,""channels"":3,""force"":[0.0,-2.220446049250313e-16],""has_data"":true,""last_update_ts"":1784119502.2475114,""raw"":[0,0,0]}}","{""ble"":{""connection_state"":""connected"",""counter"":1042208,""finger_order"":""DexterController.Visualizer"",""last_error"":null,""last_sample_age_s"":0.009170793011435308,""reconnect_count"":0,""sample_hz"":20.0,""sample_sequence"":498,""timestamp_us"":10467085408},""fingers"":{""index"":{""has_data"":true,""last_update_ts"":1784119502.2475114,""mapped"":true},""middle"":{""has_data"":true,""last_update_ts"":1784119502.2475114,""mapped"":true},""pinky"":{""has_data"":true,""last_update_ts"":1784119502.2475114,""mapped"":true},""ring"":{""has_data"":true,""last_update_ts"":1784119502.2475114,""mapped"":true},""thumb"":{""has_data"":true,""last_update_ts"":1784119502.2475114,""mapped"":true}},""ports"":{""available"":[""BLE:Dexter""],""unavailable"":[]}}"
1784119502.3067963,1784119502.3066702,500,ble,"{""index"":{""age_s"":0.009145259857177734,""channels"":3,""force"":[0.39849647426844115,-0.7013173244700024],""has_data"":true,""last_update_ts"":1784119502.297525,""raw"":[16264,17093,17942]},""middle"":{""age_s"":0.009145259857177734,""channels"":3,""force"":[-0.2831295818384909,0.3838234506299978],""has_data"":true,""last_update_ts"":1784119502.297525,""raw"":[16441,15852,15455]},""pinky"":{""age_s"":0.009145259857177734,""channels"":3,""force"":[-1.021958388775273,-0.7493299469999997],""has_data"":true,""last_update_ts"":1784119502.297525,""raw"":[17412,15286,17699]},""ring"":{""age_s"":0.009145259857177734,""channels"":3,""force"":[0.2773612372169989,0.24783394172999795],""has_data"":true,""last_update_ts"":1784119502.297525,""raw"":[15787,16364,15629]},""thumb"":{""age_s"":0.009145259857177734,""channels"":3,""force"":[0.0,-2.220446049250313e-16],""has_data"":true,""last_update_ts"":1784119502.297525,""raw"":[0,0,0]}}","{""ble"":{""connection_state"":""connected"",""counter"":1042213,""finger_order"":""DexterController.Visualizer"",""last_error"":null,""last_sample_age_s"":0.009166342992102727,""reconnect_count"":0,""sample_hz"":20.0,""sample_sequence"":499,""timestamp_us"":10467132288},""fingers"":{""index"":{""has_data"":true,""last_update_ts"":1784119502.297525,""mapped"":true},""middle"":{""has_data"":true,""last_update_ts"":1784119502.297525,""mapped"":true},""pinky"":{""has_data"":true,""last_update_ts"":1784119502.297525,""mapped"":true},""ring"":{""has_data"":true,""last_update_ts"":1784119502.297525,""mapped"":true},""thumb"":{""has_data"":true,""last_update_ts"":1784119502.297525,""mapped"":true}},""ports"":{""available"":[""BLE:Dexter""],""unavailable"":[]}}"
1784119502.3567867,1784119502.3566513,501,ble,"{""index"":{""age_s"":0.00912618637084961,""channels"":3,""force"":[0.3042801787839835,-0.7723649046300016],""has_data"":true,""last_update_ts"":1784119502.3475251,""raw"":[16296,16929,18004]},""middle"":{""age_s"":0.00912618637084961,""channels"":3,""force"":[-0.33216051112121825,0.5459007428699971],""has_data"":true,""last_update_ts"":1784119502.3475251,""raw"":[16552,15861,15223]},""pinky"":{""age_s"":0.00912618637084961,""channels"":3,""force"":[-0.4081103819709355,-0.4454350240500018],""has_data"":true,""last_update_ts"":1784119502.3475251,""raw"":[17237,16388,17615]},""ring"":{""age_s"":0.00912618637084961,""channels"":3,""force"":[0.3004346157029847,0.3921493389299968],""has_data"":true,""last_update_ts"":1784119502.3475251,""raw"":[15770,16395,15376]},""thumb"":{""age_s"":0.00912618637084961,""channels"":3,""force"":[0.0,-2.220446049250313e-16],""has_data"":true,""last_update_ts"":1784119502.3475251,""raw"":[0,0,0]}}","{""ble"":{""connection_state"":""connected"",""counter"":1042219,""finger_order"":""DexterController.Visualizer"",""last_error"":null,""last_sample_age_s"":0.009152172002359293,""reconnect_count"":0,""sample_hz"":20.0,""sample_sequence"":500,""timestamp_us"":10467188800},""fingers"":{""index"":{""has_data"":true,""last_update_ts"":1784119502.3475251,""mapped"":true},""middle"":{""has_data"":true,""last_update_ts"":1784119502.3475251,""mapped"":true},""pinky"":{""has_data"":true,""last_update_ts"":1784119502.3475251,""mapped"":true},""ring"":{""has_data"":true,""last_update_ts"":1784119502.3475251,""mapped"":true},""thumb"":{""has_data"":true,""last_update_ts"":1784119502.3475251,""mapped"":true}},""ports"":{""available"":[""BLE:Dexter""],""unavailable"":[]}}"
1784119502.4068277,1784119502.4066846,502,ble,"{""index"":{""age_s"":0.009156227111816406,""channels"":3,""force"":[0.24371256025826327,-0.7579333649100013],""has_data"":true,""last_update_ts"":1784119502.3975284,""raw"":[16388,16895,18007]},""middle"":{""age_s"":0.009156227111816406,""channels"":3,""force"":[-0.406187600430437,0.601961724089997],""has_data"":true,""last_update_ts"":1784119502.3975284,""raw"":[16698,15853,15191]},""pinky"":{""age_s"":0.009156227111816406,""channels"":3,""force"":[-1.0209969980050229,-0.7459995916800022],""has_data"":true,""last_update_ts"":1784119502.3975284,""raw"":[17416,15292,17698]},""ring"":{""age_s"":0.009156227111816406,""channels"":3,""force"":[0.2715928925954998,0.25005417860999923],""has_data"":true,""last_update_ts"":1784119502.3975284,""raw"":[15800,16365,15632]},""thumb"":{""age_s"":0.009156227111816406,""channels"":3,""force"":[0.0,-2.220446049250313e-16],""has_data"":true,""last_update_ts"":1784119502.3975284,""raw"":[0,0,0]}}","{""ble"":{""connection_state"":""connected"",""counter"":1042224,""finger_order"":""DexterController.Visualizer"",""last_error"":null,""last_sample_age_s"":0.00918146499316208,""reconnect_count"":0,""sample_hz"":20.0,""sample_sequence"":501,""timestamp_us"":10467235808},""fingers"":{""index"":{""has_data"":true,""last_update_ts"":1784119502.3975284,""mapped"":true},""middle"":{""has_data"":true,""last_update_ts"":1784119502.3975284,""mapped"":true},""pinky"":{""has_data"":true,""last_update_ts"":1784119502.3975284,""mapped"":true},""ring"":{""has_data"":true,""last_update_ts"":1784119502.3975284,""mapped"":true},""thumb"":{""has_data"":true,""last_update_ts"":1784119502.3975284,""mapped"":true}},""ports"":{""available"":[""BLE:Dexter""],""unavailable"":[]}}"
1784119502.456808,1784119502.4566617,503,ble,"{""index"":{""age_s"":0.009148836135864258,""channels"":3,""force"":[0.21871640023177186,-0.7607086610100016],""has_data"":true,""last_update_ts"":1784119502.4475129,""raw"":[16409,16864,18007]},""middle"":{""age_s"":0.009148836135864258,""channels"":3,""force"":[-0.42781889276104934,0.6138954973199988],""has_data"":true,""last_update_ts"":1784119502.4475129,""raw"":[16732,15842,15181]},""pinky"":{""age_s"":0.009148836135864258,""channels"":3,""force"":[-1.0166707395389007,-0.7435018251899992],""has_data"":true,""last_update_ts"":1784119502.4475129,""raw"":[17413,15298,17695]},""ring"":{""age_s"":0.009148836135864258,""channels"":3,""force"":[0.2831295818384909,0.2594901853499971],""has_data"":true,""last_update_ts"":1784119502.4475129,""raw"":[15790,16379,15617]},""thumb"":{""age_s"":0.009148836135864258,""channels"":3,""force"":[0.0,-2.220446049250313e-16],""has_data"":true,""last_update_ts"":1784119502.4475129,""raw"":[0,0,0]}}","{""ble"":{""connection_state"":""connected"",""counter"":1042225,""finger_order"":""DexterController.Visualizer"",""last_error"":null,""last_sample_age_s"":0.009175722996587865,""reconnect_count"":0,""sample_hz"":20.0,""sample_sequence"":502,""timestamp_us"":10467245088},""fingers"":{""index"":{""has_data"":true,""last_update_ts"":1784119502.4475129,""mapped"":true},""middle"":{""has_data"":true,""last_update_ts"":1784119502.4475129,""mapped"":true},""pinky"":{""has_data"":true,""last_update_ts"":1784119502.4475129,""mapped"":true},""ring"":{""has_data"":true,""last_update_ts"":1784119502.4475129,""mapped"":true},""thumb"":{""has_data"":true,""last_update_ts"":1784119502.4475129,""mapped"":true}},""ports"":{""available"":[""BLE:Dexter""],""unavailable"":[]}}"
1784119502.5068028,1784119502.5066597,504,ble,"{""index"":{""age_s"":0.009148597717285156,""channels"":3,""force"":[0.21198666484002615,-0.7379512329899995],""has_data"":true,""last_update_ts"":1784119502.4975111,""raw"":[16434,16875,17984]},""middle"":{""age_s"":0.009148597717285156,""channels"":3,""force"":[-0.4907899882123985,0.6191685599099985],""has_data"":true,""last_update_ts"":1784119502.4975111,""raw"":[16803,15782,15177]},""pinky"":{""age_s"":0.009148597717285156,""channels"":3,""force"":[-1.0205163026198996,-0.743501825190001],""has_data"":true,""last_update_ts"":1784119502.4975111,""raw"":[17420,15297,17698]},""ring"":{""age_s"":0.009148597717285156,""channels"":3,""force"":[0.28216819106824076,0.2617104222299984],""has_data"":true,""last_update_ts"":1784119502.4975111,""raw"":[15797,16384,15619]},""thumb"":{""age_s"":0.009148597717285156,""channels"":3,""force"":[0.0,-2.220446049250313e-16],""has_data"":true,""last_update_ts"":1784119502.4975111,""raw"":[0,0,0]}}","{""ble"":{""connection_state"":""connected"",""counter"":1042236,""finger_order"":""DexterController.Visualizer"",""last_error"":null,""last_sample_age_s"":0.009174580991384573,""reconnect_count"":0,""sample_hz"":20.0,""sample_sequence"":503,""timestamp_us"":10467348800},""fingers"":{""index"":{""has_data"":true,""last_update_ts"":1784119502.4975111,""mapped"":true},""middle"":{""has_data"":true,""last_update_ts"":1784119502.4975111,""mapped"":true},""pinky"":{""has_data"":true,""last_update_ts"":1784119502.4975111,""mapped"":true},""ring"":{""has_data"":true,""last_update_ts"":1784119502.4975111,""mapped"":true},""thumb"":{""has_data"":true,""last_update_ts"":1784119502.4975111,""mapped"":true}},""ports"":{""available"":[""BLE:Dexter""],""unavailable"":[]}}"
1784119502.5568242,1784119502.556672,505,ble,"{""index"":{""age_s"":0.009147405624389648,""channels"":3,""force"":[0.2538071633458827,-0.6050145498000008],""has_data"":true,""last_update_ts"":1784119502.5475247,""raw"":[16489,17017,17843]},""middle"":{""age_s"":0.009147405624389648,""channels"":3,""force"":[-0.3845563080998211,0.2891858536199967],""has_data"":true,""last_update_ts"":1784119502.5475247,""raw"":[16488,15688,15567]},""pinky"":{""age_s"":0.009147405624389648,""channels"":3,""force"":[-1.0267653426265202,-0.7498850062200022],""has_data"":true,""last_update_ts"":1784119502.5475247,""raw"":[17422,15286,17705]},""ring"":{""age_s"":0.009147405624389648,""channels"":3,""force"":[0.2783226279872473,0.25005417860999835],""has_data"":true,""last_update_ts"":1784119502.5475247,""raw"":[15794,16373,15633]},""thumb"":{""age_s"":0.009147405624389648,""channels"":3,""force"":[0.0,-2.220446049250313e-16],""has_data"":true,""last_update_ts"":1784119502.5475247,""raw"":[0,0,0]}}","{""ble"":{""connection_state"":""connected"",""counter"":1042239,""finger_order"":""DexterController.Visualizer"",""last_error"":null,""last_sample_age_s"":0.00917237599787768,""reconnect_count"":0,""sample_hz"":20.0,""sample_sequence"":504,""timestamp_us"":10467376992},""fingers"":{""index"":{""has_data"":true,""last_update_ts"":1784119502.5475247,""mapped"":true},""middle"":{""has_data"":true,""last_update_ts"":1784119502.5475247,""mapped"":true},""pinky"":{""has_data"":true,""last_update_ts"":1784119502.5475247,""mapped"":true},""ring"":{""has_data"":true,""last_update_ts"":1784119502.5475247,""mapped"":true},""thumb"":{""has_data"":true,""last_update_ts"":1784119502.5475247,""mapped"":true}},""ports"":{""available"":[""BLE:Dexter""],""unavailable"":[]}}"
1784119502.6068294,1784119502.6066837,506,ble,"{""index"":{""age_s"":0.009159088134765625,""channels"":3,""force"":[0.3134133911013528,0.3957572238599978],""has_data"":true,""last_update_ts"":1784119502.5975246,""raw"":[17083,17735,16696]},""middle"":{""age_s"":0.009159088134765625,""channels"":3,""force"":[-0.17064686171929466,-0.47596328115000297],""has_data"":true,""last_update_ts"":1784119502.5975246,""raw"":[15770,15415,16450]},""pinky"":{""age_s"":0.009159088134765625,""channels"":3,""force"":[-1.021477693390148,-0.7518277134900009],""has_data"":true,""last_update_ts"":1784119502.5975246,""raw"":[17412,15287,17704]},""ring"":{""age_s"":0.009159088134765625,""channels"":3,""force"":[0.2778419326021222,0.24533617523999762],""has_data"":true,""last_update_ts"":1784119502.5975246,""raw"":[15791,16369,15638]},""thumb"":{""age_s"":0.009159088134765625,""channels"":3,""force"":[0.0,-2.220446049250313e-16],""has_data"":true,""last_update_ts"":1784119502.5975246,""raw"":[0,0,0]}}","{""ble"":{""connection_state"":""connected"",""counter"":1042245,""finger_order"":""DexterController.Visualizer"",""last_error"":null,""last_sample_age_s"":0.009184822993120179,""reconnect_count"":0,""sample_hz"":20.0,""sample_sequence"":505,""timestamp_us"":10467433632},""fingers"":{""index"":{""has_data"":true,""last_update_ts"":1784119502.5975246,""mapped"":true},""middle"":{""has_data"":true,""last_update_ts"":1784119502.5975246,""mapped"":true},""pinky"":{""has_data"":true,""last_update_ts"":1784119502.5975246,""mapped"":true},""ring"":{""has_data"":true,""last_update_ts"":1784119502.5975246,""mapped"":true},""thumb"":{""has_data"":true,""last_update_ts"":1784119502.5975246,""mapped"":true}},""ports"":{""available"":[""BLE:Dexter""],""unavailable"":[]}}"
1784119502.6568222,1784119502.656685,507,ble,"{""index"":{""age_s"":0.009155750274658203,""channels"":3,""force"":[0.4249347204503042,1.5569411120999979],""has_data"":true,""last_update_ts"":1784119502.6475294,""raw"":[17740,18624,15377]},""middle"":{""age_s"":0.009155750274658203,""channels"":3,""force"":[-0.024996160026487857,-1.4470393865400029],""has_data"":true,""last_update_ts"":1784119502.6475294,""raw"":[14984,14932,17565]},""pinky"":{""age_s"":0.009155750274658203,""channels"":3,""force"":[-1.025323256471145,-0.7473872397300019],""has_data"":true,""last_update_ts"":1784119502.6475294,""raw"":[17418,15285,17698]},""ring"":{""age_s"":0.009155750274658203,""channels"":3,""force"":[0.2759191510616219,0.24866653055999954],""has_data"":true,""last_update_ts"":1784119502.6475294,""raw"":[15796,16370,15635]},""thumb"":{""age_s"":0.009155750274658203,""channels"":3,""force"":[0.0,-2.220446049250313e-16],""has_data"":true,""last_update_ts"":1784119502.6475294,""raw"":[0,0,0]}}","{""ble"":{""connection_state"":""connected"",""counter"":1042250,""finger_order"":""DexterController.Visualizer"",""last_error"":null,""last_sample_age_s"":0.009181866000290029,""reconnect_count"":0,""sample_hz"":20.0,""sample_sequence"":506,""timestamp_us"":10467480704},""fingers"":{""index"":{""has_data"":true,""last_update_ts"":1784119502.6475294,""mapped"":true},""middle"":{""has_data"":true,""last_update_ts"":1784119502.6475294,""mapped"":true},""pinky"":{""has_data"":true,""last_update_ts"":1784119502.6475294,""mapped"":true},""ring"":{""has_data"":true,""last_update_ts"":1784119502.6475294,""mapped"":true},""thumb"":{""has_data"":true,""last_update_ts"":1784119502.6475294,""mapped"":true}},""ports"":{""available"":[""BLE:Dexter""],""unavailable"":[]}}"
1784119502.7568338,1784119502.7566814,508,ble,"{""index"":{""age_s"":0.009156465530395508,""channels"":3,""force"":[0.5946201913993487,2.0523314659499974],""has_data"":true,""last_update_ts"":1784119502.747525,""raw"":[17862,19099,14783]},""middle"":{""age_s"":0.009156465530395508,""channels"":3,""force"":[0.09854255395057798,-2.126709401430001],""has_data"":true,""last_update_ts"":1784119502.747525,""raw"":[14430,14635,18364]},""pinky"":{""age_s"":0.009156465530395508,""channels"":3,""force"":[-1.0205163026198978,-0.7484973581700034],""has_data"":true,""last_update_ts"":1784119502.747525,""raw"":[17414,15291,17701]},""ring"":{""age_s"":0.009156465530395508,""channels"":3,""force"":[0.2826488864533676,0.2586575965199964],""has_data"":true,""last_update_ts"":1784119502.747525,""raw"":[15796,16384,15624]},""thumb"":{""age_s"":0.009156465530395508,""channels"":3,""force"":[0.0,-2.220446049250313e-16],""has_data"":true,""last_update_ts"":1784119502.747525,""raw"":[0,0,0]}}","{""ble"":{""connection_state"":""connected"",""counter"":1042263,""finger_order"":""DexterController.Visualizer"",""last_error"":null,""last_sample_age_s"":0.009183650996419601,""reconnect_count"":0,""sample_hz"":20.0,""sample_sequence"":507,""timestamp_us"":10467603232},""fingers"":{""index"":{""has_data"":true,""last_update_ts"":1784119502.747525,""mapped"":true},""middle"":{""has_data"":true,""last_update_ts"":1784119502.747525,""mapped"":true},""pinky"":{""has_data"":true,""last_update_ts"":1784119502.747525,""mapped"":true},""ring"":{""has_data"":true,""last_update_ts"":1784119502.747525,""mapped"":true},""thumb"":{""has_data"":true,""last_update_ts"":1784119502.747525,""mapped"":true}},""ports"":{""available"":[""BLE:Dexter""],""unavailable"":[]}}"
1784119502.806818,1784119502.8066843,509,ble,"{""index"":{""age_s"":0.009156227111816406,""channels"":3,""force"":[0.5999078406357192,2.040952751939998],""has_data"":true,""last_update_ts"":1784119502.797528,""raw"":[17846,19094,14793]},""middle"":{""age_s"":0.009156227111816406,""channels"":3,""force"":[0.09902324933570483,-2.1375330562200014],""has_data"":true,""last_update_ts"":1784119502.797528,""raw"":[14422,14628,18376]},""pinky"":{""age_s"":0.009156227111816406,""channels"":3,""force"":[-1.0243618657008966,-0.7484973581700025],""has_data"":true,""last_update_ts"":1784119502.797528,""raw"":[17422,15291,17705]},""ring"":{""age_s"":0.009156227111816406,""channels"":3,""force"":[0.2788033233723688,0.24922158977999764],""has_data"":true,""last_update_ts"":1784119502.797528,""raw"":[15796,16376,15637]},""thumb"":{""age_s"":0.009156227111816406,""channels"":3,""force"":[0.0,-2.220446049250313e-16],""has_data"":true,""last_update_ts"":1784119502.797528,""raw"":[0,0,0]}}","{""ble"":{""connection_state"":""connected"",""counter"":1042265,""finger_order"":""DexterController.Visualizer"",""last_error"":null,""last_sample_age_s"":0.009181886998703703,""reconnect_count"":0,""sample_hz"":20.0,""sample_sequence"":508,""timestamp_us"":10467621888},""fingers"":{""index"":{""has_data"":true,""last_update_ts"":1784119502.797528,""mapped"":true},""middle"":{""has_data"":true,""last_update_ts"":1784119502.797528,""mapped"":true},""pinky"":{""has_data"":true,""last_update_ts"":1784119502.797528,""mapped"":true},""ring"":{""has_data"":true,""last_update_ts"":1784119502.797528,""mapped"":true},""thumb"":{""has_data"":true,""last_update_ts"":1784119502.797528,""mapped"":true}},""ports"":{""available"":[""BLE:Dexter""],""unavailable"":[]}}"
1784119502.856816,1784119502.8566852,510,ble,"{""index"":{""age_s"":0.009157180786132812,""channels"":3,""force"":[0.5657784682918585,2.1827703826499985],""has_data"":true,""last_update_ts"":1784119502.847528,""raw"":[17972,19149,14628]},""middle"":{""age_s"":0.009157180786132812,""channels"":3,""force"":[-0.012017384628117966,-2.135035289730002],""has_data"":true,""last_update_ts"":1784119502.847528,""raw"":[14497,14472,18331]},""pinky"":{""age_s"":0.009157180786132812,""channels"":3,""force"":[-0.5455892621166196,-0.5125971896700037],""has_data"":true,""last_update_ts"":1784119502.847528,""raw"":[17288,16153,17644]},""ring"":{""age_s"":0.009157180786132812,""channels"":3,""force"":[0.29947322493273276,0.34940977899000014],""has_data"":true,""last_update_ts"":1784119502.847528,""raw"":[15776,16399,15458]},""thumb"":{""age_s"":0.009157180786132812,""channels"":3,""force"":[0.0,-2.220446049250313e-16],""has_data"":true,""last_update_ts"":1784119502.847528,""raw"":[0,0,0]}}","{""ble"":{""connection_state"":""connected"",""counter"":1042272,""finger_order"":""DexterController.Visualizer"",""last_error"":null,""last_sample_age_s"":0.00918220700987149,""reconnect_count"":0,""sample_hz"":20.0,""sample_sequence"":509,""timestamp_us"":10467688000},""fingers"":{""index"":{""has_data"":true,""last_update_ts"":1784119502.847528,""mapped"":true},""middle"":{""has_data"":true,""last_update_ts"":1784119502.847528,""mapped"":true},""pinky"":{""has_data"":true,""last_update_ts"":1784119502.847528,""mapped"":true},""ring"":{""has_data"":true,""last_update_ts"":1784119502.847528,""mapped"":true},""thumb"":{""has_data"":true,""last_update_ts"":1784119502.847528,""mapped"":true}},""ports"":{""available"":[""BLE:Dexter""],""unavailable"":[]}}"
1784119502.9068577,1784119502.9067361,511,ble,"{""index"":{""age_s"":0.009211301803588867,""channels"":3,""force"":[0.5806800252307287,2.1902636821199977],""has_data"":true,""last_update_ts"":1784119502.8975248,""raw"":[17956,19164,14614]},""middle"":{""age_s"":0.009211301803588867,""channels"":3,""force"":[-0.022592683100864264,-2.2321706532300016],""has_data"":true,""last_update_ts"":1784119502.8975248,""raw"":[14506,14459,18504]},""pinky"":{""age_s"":0.009211301803588867,""channels"":3,""force"":[-1.0195549118496476,-0.7412815883100023],""has_data"":true,""last_update_ts"":1784119502.8975248,""raw"":[17418,15297,17693]},""ring"":{""age_s"":0.009211301803588867,""channels"":3,""force"":[0.2869751449194933,0.2556047708099989],""has_data"":true,""last_update_ts"":1784119502.8975248,""raw"":[15788,16385,15626]},""thumb"":{""age_s"":0.009211301803588867,""channels"":3,""force"":[0.0,-2.220446049250313e-16],""has_data"":true,""last_update_ts"":1784119502.8975248,""raw"":[0,0,0]}}","{""ble"":{""connection_state"":""connected"",""counter"":1042277,""finger_order"":""DexterController.Visualizer"",""last_error"":null,""last_sample_age_s"":0.00923703599255532,""reconnect_count"":0,""sample_hz"":20.0,""sample_sequence"":510,""timestamp_us"":10467734944},""fingers"":{""index"":{""has_data"":true,""last_update_ts"":1784119502.8975248,""mapped"":true},""middle"":{""has_data"":true,""last_update_ts"":1784119502.8975248,""mapped"":true},""pinky"":{""has_data"":true,""last_update_ts"":1784119502.8975248,""mapped"":true},""ring"":{""has_data"":true,""last_update_ts"":1784119502.8975248,""mapped"":true},""thumb"":{""has_data"":true,""last_update_ts"":1784119502.8975248,""mapped"":true}},""ports"":{""available"":[""BLE:Dexter""],""unavailable"":[]}}"
1784119502.9567933,1784119502.9566727,512,ble,"{""index"":{""age_s"":0.00915980339050293,""channels"":3,""force"":[0.6821067514920554,2.192761448609998],""has_data"":true,""last_update_ts"":1784119502.9475129,""raw"":[17846,19265,14605]},""middle"":{""age_s"":0.00915980339050293,""channels"":3,""force"":[0.03076450464798519,-2.3950805343000017],""has_data"":true,""last_update_ts"":1784119502.9475129,""raw"":[14381,14445,18728]},""pinky"":{""age_s"":0.00915980339050293,""channels"":3,""force"":[-1.0248425610860217,-0.7532153615400032],""has_data"":true,""last_update_ts"":1784119502.9475129,""raw"":[17414,15282,17705]},""ring"":{""age_s"":0.00915980339050293,""channels"":3,""force"":[0.2768805418318703,0.24811147133999611],""has_data"":true,""last_update_ts"":1784119502.9475129,""raw"":[15795,16371,15636]},""thumb"":{""age_s"":0.00915980339050293,""channels"":3,""force"":[0.0,-2.220446049250313e-16],""has_data"":true,""last_update_ts"":1784119502.9475129,""raw"":[0,0,0]}}","{""ble"":{""connection_state"":""connected"",""counter"":1042282,""finger_order"":""DexterController.Visualizer"",""last_error"":null,""last_sample_age_s"":0.009185495000565425,""reconnect_count"":0,""sample_hz"":20.0,""sample_sequence"":511,""timestamp_us"":10467781856},""fingers"":{""index"":{""has_data"":true,""last_update_ts"":1784119502.9475129,""mapped"":true},""middle"":{""has_data"":true,""last_update_ts"":1784119502.9475129,""mapped"":true},""pinky"":{""has_data"":true,""last_update_ts"":1784119502.9475129,""mapped"":true},""ring"":{""has_data"":true,""last_update_ts"":1784119502.9475129,""mapped"":true},""thumb"":{""has_data"":true,""last_update_ts"":1784119502.9475129,""mapped"":true}},""ports"":{""available"":[""BLE:Dexter""],""unavailable"":[]}}"
1784119503.0068038,1784119503.006685,513,ble,"{""index"":{""age_s"":0.009160518646240234,""channels"":3,""force"":[0.7320990715450346,2.0678731241099975],""has_data"":true,""last_update_ts"":1784119502.9975245,""raw"":[17706,19229,14742]},""middle"":{""age_s"":0.009160518646240234,""channels"":3,""force"":[0.0370135446546076,-2.48638777599],""has_data"":true,""last_update_ts"":1784119502.9975245,""raw"":[14328,14405,18846]},""pinky"":{""age_s"":0.009160518646240234,""channels"":3,""force"":[-1.0214776933901497,-0.7446119436299998],""has_data"":true,""last_update_ts"":1784119502.9975245,""raw"":[17420,15295,17699]},""ring"":{""age_s"":0.009160518646240234,""channels"":3,""force"":[0.2759191510616219,0.2475564121199998],""has_data"":true,""last_update_ts"":1784119502.9975245,""raw"":[15794,16368,15635]},""thumb"":{""age_s"":0.009160518646240234,""channels"":3,""force"":[0.0,-2.220446049250313e-16],""has_data"":true,""last_update_ts"":1784119502.9975245,""raw"":[0,0,0]}}","{""ble"":{""connection_state"":""connected"",""counter"":1042288,""finger_order"":""DexterController.Visualizer"",""last_error"":null,""last_sample_age_s"":0.009185154995066114,""reconnect_count"":0,""sample_hz"":20.0,""sample_sequence"":512,""timestamp_us"":10467838496},""fingers"":{""index"":{""has_data"":true,""last_update_ts"":1784119502.9975245,""mapped"":true},""middle"":{""has_data"":true,""last_update_ts"":1784119502.9975245,""mapped"":true},""pinky"":{""has_data"":true,""last_update_ts"":1784119502.9975245,""mapped"":true},""ring"":{""has_data"":true,""last_update_ts"":1784119502.9975245,""mapped"":true},""thumb"":{""has_data"":true,""last_update_ts"":1784119502.9975245,""mapped"":true}},""ports"":{""available"":[""BLE:Dexter""],""unavailable"":[]}}"
1784119503.056773,1784119503.056656,514,ble,"{""index"":{""age_s"":0.00913095474243164,""channels"":3,""force"":[0.7599794038822694,1.9002452396700003],""has_data"":true,""last_update_ts"":1784119503.047525,""raw"":[17557,19138,14924]},""middle"":{""age_s"":0.00913095474243164,""channels"":3,""force"":[0.08219891085633613,-2.4636303479700024],""has_data"":true,""last_update_ts"":1784119503.047525,""raw"":[14304,14475,18828]},""pinky"":{""age_s"":0.00913095474243164,""channels"":3,""force"":[-1.0243618657008984,-0.7484973581700007],""has_data"":true,""last_update_ts"":1784119503.047525,""raw"":[17417,15286,17700]},""ring"":{""age_s"":0.00913095474243164,""channels"":3,""force"":[0.2763998464467434,0.24838900094999872],""has_data"":true,""last_update_ts"":1784119503.047525,""raw"":[15797,16372,15637]},""thumb"":{""age_s"":0.00913095474243164,""channels"":3,""force"":[0.0,-2.220446049250313e-16],""has_data"":true,""last_update_ts"":1784119503.047525,""raw"":[0,0,0]}}","{""ble"":{""connection_state"":""connected"",""counter"":1042293,""finger_order"":""DexterController.Visualizer"",""last_error"":null,""last_sample_age_s"":0.009158042987110093,""reconnect_count"":0,""sample_hz"":20.0,""sample_sequence"":513,""timestamp_us"":10467885472},""fingers"":{""index"":{""has_data"":true,""last_update_ts"":1784119503.047525,""mapped"":true},""middle"":{""has_data"":true,""last_update_ts"":1784119503.047525,""mapped"":true},""pinky"":{""has_data"":true,""last_update_ts"":1784119503.047525,""mapped"":true},""ring"":{""has_data"":true,""last_update_ts"":1784119503.047525,""mapped"":true},""thumb"":{""has_data"":true,""last_update_ts"":1784119503.047525,""mapped"":true}},""ports"":{""available"":[""BLE:Dexter""],""unavailable"":[]}}"
1784119503.1068037,1784119503.106685,515,ble,"{""index"":{""age_s"":0.009160280227661133,""channels"":3,""force"":[0.7253693361532889,1.6510236498899973],""has_data"":true,""last_update_ts"":1784119503.0975246,""raw"":[17435,18944,15215]},""middle"":{""age_s"":0.009160280227661133,""channels"":3,""force"":[-0.00721043077687078,-2.155017421650001],""has_data"":true,""last_update_ts"":1784119503.0975246,""raw"":[14588,14573,18463]},""pinky"":{""age_s"":0.009160280227661133,""channels"":3,""force"":[-1.0190742164645243,-0.7493299470000014],""has_data"":true,""last_update_ts"":1784119503.0975246,""raw"":[17414,15294,17704]},""ring"":{""age_s"":0.009160280227661133,""channels"":3,""force"":[0.2759191510616219,0.24755641211999624],""has_data"":true,""last_update_ts"":1784119503.0975246,""raw"":[15788,16362,15629]},""thumb"":{""age_s"":0.009160280227661133,""channels"":3,""force"":[0.0,-2.220446049250313e-16],""has_data"":true,""last_update_ts"":1784119503.0975246,""raw"":[0,0,0]}}","{""ble"":{""connection_state"":""connected"",""counter"":1042298,""finger_order"":""DexterController.Visualizer"",""last_error"":null,""last_sample_age_s"":0.00918561199796386,""reconnect_count"":0,""sample_hz"":20.0,""sample_sequence"":514,""timestamp_us"":10467932416},""fingers"":{""index"":{""has_data"":true,""last_update_ts"":1784119503.0975246,""mapped"":true},""middle"":{""has_data"":true,""last_update_ts"":1784119503.0975246,""mapped"":true},""pinky"":{""has_data"":true,""last_update_ts"":1784119503.0975246,""mapped"":true},""ring"":{""has_data"":true,""last_update_ts"":1784119503.0975246,""mapped"":true},""thumb"":{""has_data"":true,""last_update_ts"":1784119503.0975246,""mapped"":true}},""ports"":{""available"":[""BLE:Dexter""],""unavailable"":[]}}"
1784119503.2068076,1784119503.206681,516,ble,"{""index"":{""age_s"":0.009155988693237305,""channels"":3,""force"":[0.5340525728736285,0.06133404380999785],""has_data"":true,""last_update_ts"":1784119503.197525,""raw"":[16609,17720,17054]},""middle"":{""age_s"":0.009155988693237305,""channels"":3,""force"":[-0.23361795717064027,-0.5323017919800019],""has_data"":true,""last_update_ts"":1784119503.197525,""raw"":[15837,15351,16553]},""pinky"":{""age_s"":0.009155988693237305,""channels"":3,""force"":[-1.0229197795455214,-0.7521052431000008],""has_data"":true,""last_update_ts"":1784119503.197525,""raw"":[17416,15288,17707]},""ring"":{""age_s"":0.009155988693237305,""channels"":3,""force"":[0.2768805418318703,0.24866653055999777],""has_data"":true,""last_update_ts"":1784119503.197525,""raw"":[15791,16367,15631]},""thumb"":{""age_s"":0.009155988693237305,""channels"":3,""force"":[0.0,-2.220446049250313e-16],""has_data"":true,""last_update_ts"":1784119503.197525,""raw"":[0,0,0]}}","{""ble"":{""connection_state"":""connected"",""counter"":1042311,""finger_order"":""DexterController.Visualizer"",""last_error"":null,""last_sample_age_s"":0.009182484995108098,""reconnect_count"":0,""sample_hz"":20.0,""sample_sequence"":515,""timestamp_us"":10468054784},""fingers"":{""index"":{""has_data"":true,""last_update_ts"":1784119503.197525,""mapped"":true},""middle"":{""has_data"":true,""last_update_ts"":1784119503.197525,""mapped"":true},""pinky"":{""has_data"":true,""last_update_ts"":1784119503.197525,""mapped"":true},""ring"":{""has_data"":true,""last_update_ts"":1784119503.197525,""mapped"":true},""thumb"":{""has_data"":true,""last_update_ts"":1784119503.197525,""mapped"":true}},""ports"":{""available"":[""BLE:Dexter""],""unavailable"":[]}}"
1784119503.2568128,1784119503.2566853,517,ble,"{""index"":{""age_s"":0.009157419204711914,""channels"":3,""force"":[0.49703902821901735,-0.11878267308000012],""has_data"":true,""last_update_ts"":1784119503.2475278,""raw"":[16536,17570,17267]},""middle"":{""age_s"":0.009157419204711914,""channels"":3,""force"":[-0.2797647141426207,-0.24866653056000132],""has_data"":true,""last_update_ts"":1784119503.2475278,""raw"":[16052,15470,16209]},""pinky"":{""age_s"":0.009157419204711914,""channels"":3,""force"":[-1.0238811703157715,-0.7515501838800027],""has_data"":true,""last_update_ts"":1784119503.2475278,""raw"":[17416,15286,17705]},""ring"":{""age_s"":0.009157419204711914,""channels"":3,""force"":[0.2773612372169971,0.24616876406999744],""has_data"":true,""last_update_ts"":1784119503.2475278,""raw"":[15791,16368,15636]},""thumb"":{""age_s"":0.009157419204711914,""channels"":3,""force"":[0.0,-2.220446049250313e-16],""has_data"":true,""last_update_ts"":1784119503.2475278,""raw"":[0,0,0]}}","{""ble"":{""connection_state"":""connected"",""counter"":1042313,""finger_order"":""DexterController.Visualizer"",""last_error"":null,""last_sample_age_s"":0.00918298598844558,""reconnect_count"":0,""sample_hz"":20.0,""sample_sequence"":516,""timestamp_us"":10468073536},""fingers"":{""index"":{""has_data"":true,""last_update_ts"":1784119503.2475278,""mapped"":true},""middle"":{""has_data"":true,""last_update_ts"":1784119503.2475278,""mapped"":true},""pinky"":{""has_data"":true,""last_update_ts"":1784119503.2475278,""mapped"":true},""ring"":{""has_data"":true,""last_update_ts"":1784119503.2475278,""mapped"":true},""thumb"":{""has_data"":true,""last_update_ts"":1784119503.2475278,""mapped"":true}},""ports"":{""available"":[""BLE:Dexter""],""unavailable"":[]}}"
1784119503.3068144,1784119503.3066893,518,ble,"{""index"":{""age_s"":0.00916147232055664,""channels"":3,""force"":[0.3158168680269764,-0.552006394290002],""has_data"":true,""last_update_ts"":1784119503.2975278,""raw"":[16451,17108,17774]},""middle"":{""age_s"":0.00916147232055664,""channels"":3,""force"":[-0.49415485590827046,0.45070808663999884],""has_data"":true,""last_update_ts"":1784119503.2975278,""raw"":[16701,15673,15375]},""pinky"":{""age_s"":0.00916147232055664,""channels"":3,""force"":[-1.0205163026198978,-0.7429467659699993],""has_data"":true,""last_update_ts"":1784119503.2975278,""raw"":[17414,15291,17691]},""ring"":{""age_s"":0.00916147232055664,""channels"":3,""force"":[0.2864944495343664,0.2642081887199961],""has_data"":true,""last_update_ts"":1784119503.2975278,""raw"":[15798,16394,15620]},""thumb"":{""age_s"":0.00916147232055664,""channels"":3,""force"":[0.0,-2.220446049250313e-16],""has_data"":true,""last_update_ts"":1784119503.2975278,""raw"":[0,0,0]}}","{""ble"":{""connection_state"":""connected"",""counter"":1042320,""finger_order"":""DexterController.Visualizer"",""last_error"":null,""last_sample_age_s"":0.009187395000481047,""reconnect_count"":0,""sample_hz"":20.0,""sample_sequence"":517,""timestamp_us"":10468139296},""fingers"":{""index"":{""has_data"":true,""last_update_ts"":1784119503.2975278,""mapped"":true},""middle"":{""has_data"":true,""last_update_ts"":1784119503.2975278,""mapped"":true},""pinky"":{""has_data"":true,""last_update_ts"":1784119503.2975278,""mapped"":true},""ring"":{""has_data"":true,""last_update_ts"":1784119503.2975278,""mapped"":true},""thumb"":{""has_data"":true,""last_update_ts"":1784119503.2975278,""mapped"":true}},""ports"":{""available"":[""BLE:Dexter""],""unavailable"":[]}}"
1784119503.3567946,1784119503.3566818,519,ble,"{""index"":{""age_s"":0.009153604507446289,""channels"":3,""force"":[0.2715928925954998,-0.6996521468100028],""has_data"":true,""last_update_ts"":1784119503.3475282,""raw"":[16412,16977,17955]},""middle"":{""age_s"":0.009153604507446289,""channels"":3,""force"":[-0.5085757174620138,0.7154713345799966],""has_data"":true,""last_update_ts"":1784119503.3475282,""raw"":[16861,15803,15043]},""pinky"":{""age_s"":0.009153604507446289,""channels"":3,""force"":[-1.0205163026198996,-0.7446119436300016],""has_data"":true,""last_update_ts"":1784119503.3475282,""raw"":[17413,15290,17693]},""ring"":{""age_s"":0.009153604507446289,""channels"":3,""force"":[0.2840909726087446,0.2550497115899981],""has_data"":true,""last_update_ts"":1784119503.3475282,""raw"":[15795,16386,15631]},""thumb"":{""age_s"":0.009153604507446289,""channels"":3,""force"":[0.0,-2.220446049250313e-16],""has_data"":true,""last_update_ts"":1784119503.3475282,""raw"":[0,0,0]}}","{""ble"":{""connection_state"":""connected"",""counter"":1042325,""finger_order"":""DexterController.Visualizer"",""last_error"":null,""last_sample_age_s"":0.009174538994557224,""reconnect_count"":0,""sample_hz"":20.0,""sample_sequence"":518,""timestamp_us"":10468186176},""fingers"":{""index"":{""has_data"":true,""last_update_ts"":1784119503.3475282,""mapped"":true},""middle"":{""has_data"":true,""last_update_ts"":1784119503.3475282,""mapped"":true},""pinky"":{""has_data"":true,""last_update_ts"":1784119503.3475282,""mapped"":true},""ring"":{""has_data"":true,""last_update_ts"":1784119503.3475282,""mapped"":true},""thumb"":{""has_data"":true,""last_update_ts"":1784119503.3475282,""mapped"":true}},""ports"":{""available"":[""BLE:Dexter""],""unavailable"":[]}}"
1784119503.4067748,1784119503.4066706,520,ble,"{""index"":{""age_s"":0.009142160415649414,""channels"":3,""force"":[0.2586141171971299,-0.7859638555200039],""has_data"":true,""last_update_ts"":1784119503.3975284,""raw"":[16383,16921,18068]},""middle"":{""age_s"":0.009142160415649414,""channels"":3,""force"":[-0.542705089805871,0.9721862238299979],""has_data"":true,""last_update_ts"":1784119503.3975284,""raw"":[17045,15916,14729]},""pinky"":{""age_s"":0.009142160415649414,""channels"":3,""force"":[-1.0234004749306465,-0.7507175950500011],""has_data"":true,""last_update_ts"":1784119503.3975284,""raw"":[17418,15289,17706]},""ring"":{""age_s"":0.009142160415649414,""channels"":3,""force"":[0.27880332337237057,0.2481114713399979],""has_data"":true,""last_update_ts"":1784119503.3975284,""raw"":[15794,16374,15637]},""thumb"":{""age_s"":0.009142160415649414,""channels"":3,""force"":[0.0,-2.220446049250313e-16],""has_data"":true,""last_update_ts"":1784119503.3975284,""raw"":[0,0,0]}}","{""ble"":{""connection_state"":""connected"",""counter"":1042330,""finger_order"":""DexterController.Visualizer"",""last_error"":null,""last_sample_age_s"":0.009162943999399431,""reconnect_count"":0,""sample_hz"":20.0,""sample_sequence"":519,""timestamp_us"":10468233152},""fingers"":{""index"":{""has_data"":true,""last_update_ts"":1784119503.3975284,""mapped"":true},""middle"":{""has_data"":true,""last_update_ts"":1784119503.3975284,""mapped"":true},""pinky"":{""has_data"":true,""last_update_ts"":1784119503.3975284,""mapped"":true},""ring"":{""has_data"":true,""last_update_ts"":1784119503.3975284,""mapped"":true},""thumb"":{""has_data"":true,""last_update_ts"":1784119503.3975284,""mapped"":true}},""ports"":{""available"":[""BLE:Dexter""],""unavailable"":[]}}"
1784119503.4568086,1784119503.4566736,521,ble,"{""index"":{""age_s"":0.009149312973022461,""channels"":3,""force"":[0.20237275713752823,-1.1142813841499999],""has_data"":true,""last_update_ts"":1784119503.4475243,""raw"":[16249,16670,18467]},""middle"":{""age_s"":0.009149312973022461,""channels"":3,""force"":[-0.5479927390422432,1.1306556311399971],""has_data"":true,""last_update_ts"":1784119503.4475243,""raw"":[17144,16004,14537]},""pinky"":{""age_s"":0.009149312973022461,""channels"":3,""force"":[-1.0200356072347763,-0.7487748877800025],""has_data"":true,""last_update_ts"":1784119503.4475243,""raw"":[17417,15295,17705]},""ring"":{""age_s"":0.009149312973022461,""channels"":3,""force"":[0.2759191510616237,0.24866653055999688],""has_data"":true,""last_update_ts"":1784119503.4475243,""raw"":[15795,16369,15634]},""thumb"":{""age_s"":0.009149312973022461,""channels"":3,""force"":[0.0,-2.220446049250313e-16],""has_data"":true,""last_update_ts"":1784119503.4475243,""raw"":[0,0,0]}}","{""ble"":{""connection_state"":""connected"",""counter"":1042335,""finger_order"":""DexterController.Visualizer"",""last_error"":null,""last_sample_age_s"":0.009174919003271498,""reconnect_count"":0,""sample_hz"":20.0,""sample_sequence"":520,""timestamp_us"":10468280160},""fingers"":{""index"":{""has_data"":true,""last_update_ts"":1784119503.4475243,""mapped"":true},""middle"":{""has_data"":true,""last_update_ts"":1784119503.4475243,""mapped"":true},""pinky"":{""has_data"":true,""last_update_ts"":1784119503.4475243,""mapped"":true},""ring"":{""has_data"":true,""last_update_ts"":1784119503.4475243,""mapped"":true},""thumb"":{""has_data"":true,""last_update_ts"":1784119503.4475243,""mapped"":true}},""ports"":{""available"":[""BLE:Dexter""],""unavailable"":[]}}"
1784119503.5068033,1784119503.5066655,522,ble,"{""index"":{""age_s"":0.009153366088867188,""channels"":3,""force"":[0.18650980942841144,-1.6729484890800013],""has_data"":true,""last_update_ts"":1784119503.497512,""raw"":[15917,16305,19125]},""middle"":{""age_s"":0.009153366088867188,""channels"":3,""force"":[-0.5451085667314963,1.400969471279999],""has_data"":true,""last_update_ts"":1784119503.497512,""raw"":[17298,16164,14207]},""pinky"":{""age_s"":0.009153366088867188,""channels"":3,""force"":[-1.0238811703157733,-0.7421141771400004],""has_data"":true,""last_update_ts"":1784119503.497512,""raw"":[17424,15294,17696]},""ring"":{""age_s"":0.009153366088867188,""channels"":3,""force"":[0.28216819106824076,0.2600452445699988],""has_data"":true,""last_update_ts"":1784119503.497512,""raw"":[15797,16384,15622]},""thumb"":{""age_s"":0.009153366088867188,""channels"":3,""force"":[0.0,-2.220446049250313e-16],""has_data"":true,""last_update_ts"":1784119503.497512,""raw"":[0,0,0]}}","{""ble"":{""connection_state"":""connected"",""counter"":1042341,""finger_order"":""DexterController.Visualizer"",""last_error"":null,""last_sample_age_s"":0.009178476000670344,""reconnect_count"":0,""sample_hz"":20.0,""sample_sequence"":521,""timestamp_us"":10468336768},""fingers"":{""index"":{""has_data"":true,""last_update_ts"":1784119503.497512,""mapped"":true},""middle"":{""has_data"":true,""last_update_ts"":1784119503.497512,""mapped"":true},""pinky"":{""has_data"":true,""last_update_ts"":1784119503.497512,""mapped"":true},""ring"":{""has_data"":true,""last_update_ts"":1784119503.497512,""mapped"":true},""thumb"":{""has_data"":true,""last_update_ts"":1784119503.497512,""mapped"":true}},""ports"":{""available"":[""BLE:Dexter""],""unavailable"":[]}}"
1784119503.556756,1784119503.5566337,523,ble,"{""index"":{""age_s"":0.009122848510742188,""channels"":3,""force"":[0.16199434478704866,-2.166673665270002],""has_data"":true,""last_update_ts"":1784119503.5475109,""raw"":[15643,15980,19715]},""middle"":{""age_s"":0.009122848510742188,""channels"":3,""force"":[-0.6104831391084655,1.703476746179999],""has_data"":true,""last_update_ts"":1784119503.5475109,""raw"":[17542,16272,13838]},""pinky"":{""age_s"":0.009122848510742188,""channels"":3,""force"":[-1.0258039518562718,-0.7521052431000017],""has_data"":true,""last_update_ts"":1784119503.5475109,""raw"":[17420,15286,17708]},""ring"":{""age_s"":0.009122848510742188,""channels"":3,""force"":[0.27255428336574816,0.24949911939000113],""has_data"":true,""last_update_ts"":1784119503.5475109,""raw"":[15797,16364,15631]},""thumb"":{""age_s"":0.009122848510742188,""channels"":3,""force"":[0.0,-2.220446049250313e-16],""has_data"":true,""last_update_ts"":1784119503.5475109,""raw"":[0,0,0]}}","{""ble"":{""connection_state"":""connected"",""counter"":1042346,""finger_order"":""DexterController.Visualizer"",""last_error"":null,""last_sample_age_s"":0.009140734997345135,""reconnect_count"":0,""sample_hz"":20.0,""sample_sequence"":522,""timestamp_us"":10468383712},""fingers"":{""index"":{""has_data"":true,""last_update_ts"":1784119503.5475109,""mapped"":true},""middle"":{""has_data"":true,""last_update_ts"":1784119503.5475109,""mapped"":true},""pinky"":{""has_data"":true,""last_update_ts"":1784119503.5475109,""mapped"":true},""ring"":{""has_data"":true,""last_update_ts"":1784119503.5475109,""mapped"":true},""thumb"":{""has_data"":true,""last_update_ts"":1784119503.5475109,""mapped"":true}},""ports"":{""available"":[""BLE:Dexter""],""unavailable"":[]}}"
1784119503.6067915,1784119503.6066604,524,ble,"{""index"":{""age_s"":0.009150266647338867,""channels"":3,""force"":[0.05816414160009842,-2.6517954235500003],""has_data"":true,""last_update_ts"":1784119503.59751,""raw"":[15453,15574,20291]},""middle"":{""age_s"":0.009150266647338867,""channels"":3,""force"":[-0.7984350346922522,2.101731736529998],""has_data"":true,""last_update_ts"":1784119503.59751,""raw"":[17992,16331,13375]},""pinky"":{""age_s"":0.009150266647338867,""channels"":3,""force"":[-1.0267653426265202,-0.7487748877799989],""has_data"":true,""last_update_ts"":1784119503.59751,""raw"":[17422,15286,17703]},""ring"":{""age_s"":0.009150266647338867,""channels"":3,""force"":[0.27543845567649683,0.25227441548999696],""has_data"":true,""last_update_ts"":1784119503.59751,""raw"":[15796,16369,15628]},""thumb"":{""age_s"":0.009150266647338867,""channels"":3,""force"":[0.0,-2.220446049250313e-16],""has_data"":true,""last_update_ts"":1784119503.59751,""raw"":[0,0,0]}}","{""ble"":{""connection_state"":""connected"",""counter"":1042351,""finger_order"":""DexterController.Visualizer"",""last_error"":null,""last_sample_age_s"":0.009172703998046927,""reconnect_count"":0,""sample_hz"":20.0,""sample_sequence"":523,""timestamp_us"":10468430752},""fingers"":{""index"":{""has_data"":true,""last_update_ts"":1784119503.59751,""mapped"":true},""middle"":{""has_data"":true,""last_update_ts"":1784119503.59751,""mapped"":true},""pinky"":{""has_data"":true,""last_update_ts"":1784119503.59751,""mapped"":true},""ring"":{""has_data"":true,""last_update_ts"":1784119503.59751,""mapped"":true},""thumb"":{""has_data"":true,""last_update_ts"":1784119503.59751,""mapped"":true}},""ports"":{""available"":[""BLE:Dexter""],""unavailable"":[]}}"
1784119503.6568174,1784119503.6566844,525,ble,"{""index"":{""age_s"":0.009160995483398438,""channels"":3,""force"":[0.03412937234385893,-3.07475054919],""has_data"":true,""last_update_ts"":1784119503.6475234,""raw"":[15187,15258,20762]},""middle"":{""age_s"":0.009160995483398438,""channels"":3,""force"":[-1.0690665365174983,2.5566027673199994],""has_data"":true,""last_update_ts"":1784119503.6475234,""raw"":[18564,16340,12846]},""pinky"":{""age_s"":0.009160995483398438,""channels"":3,""force"":[-1.0190742164645226,-0.7432242955800019],""has_data"":true,""last_update_ts"":1784119503.6475234,""raw"":[17418,15298,17697]},""ring"":{""age_s"":0.009160995483398438,""channels"":3,""force"":[0.2778419326021204,0.2542171227599983],""has_data"":true,""last_update_ts"":1784119503.6475234,""raw"":[15794,16372,15625]},""thumb"":{""age_s"":0.009160995483398438,""channels"":3,""force"":[0.0,-2.220446049250313e-16],""has_data"":true,""last_update_ts"":1784119503.6475234,""raw"":[0,0,0]}}","{""ble"":{""connection_state"":""connected"",""counter"":1042357,""finger_order"":""DexterController.Visualizer"",""last_error"":null,""last_sample_age_s"":0.009186273004161194,""reconnect_count"":0,""sample_hz"":20.0,""sample_sequence"":524,""timestamp_us"":10468487168},""fingers"":{""index"":{""has_data"":true,""last_update_ts"":1784119503.6475234,""mapped"":true},""middle"":{""has_data"":true,""last_update_ts"":1784119503.6475234,""mapped"":true},""pinky"":{""has_data"":true,""last_update_ts"":1784119503.6475234,""mapped"":true},""ring"":{""has_data"":true,""last_update_ts"":1784119503.6475234,""mapped"":true},""thumb"":{""has_data"":true,""last_update_ts"":1784119503.6475234,""mapped"":true}},""ports"":{""available"":[""BLE:Dexter""],""unavailable"":[]}}"
1784119503.7067766,1784119503.7066665,526,ble,"{""index"":{""age_s"":0.00914144515991211,""channels"":3,""force"":[0.09229351394395735,-3.192145574220003],""has_data"":true,""last_update_ts"":1784119503.697525,""raw"":[15010,15202,20857]},""middle"":{""age_s"":0.00914144515991211,""channels"":3,""force"":[-1.294031976755896,2.9229418525199975],""has_data"":true,""last_update_ts"":1784119503.697525,""raw"":[19079,16387,12467]},""pinky"":{""age_s"":0.00914144515991211,""channels"":3,""force"":[-1.0214776933901462,-0.7451670028500024],""has_data"":true,""last_update_ts"":1784119503.697525,""raw"":[17418,15293,17698]},""ring"":{""age_s"":0.00914144515991211,""channels"":3,""force"":[0.276399846446747,0.2561598300299961],""has_data"":true,""last_update_ts"":1784119503.697525,""raw"":[15794,16369,15620]},""thumb"":{""age_s"":0.00914144515991211,""channels"":3,""force"":[0.0,-2.220446049250313e-16],""has_data"":true,""last_update_ts"":1784119503.697525,""raw"":[0,0,0]}}","{""ble"":{""connection_state"":""connected"",""counter"":1042362,""finger_order"":""DexterController.Visualizer"",""last_error"":null,""last_sample_age_s"":0.009162260990706272,""reconnect_count"":0,""sample_hz"":20.0,""sample_sequence"":525,""timestamp_us"":10468534144},""fingers"":{""index"":{""has_data"":true,""last_update_ts"":1784119503.697525,""mapped"":true},""middle"":{""has_data"":true,""last_update_ts"":1784119503.697525,""mapped"":true},""pinky"":{""has_data"":true,""last_update_ts"":1784119503.697525,""mapped"":true},""ring"":{""has_data"":true,""last_update_ts"":1784119503.697525,""mapped"":true},""thumb"":{""has_data"":true,""last_update_ts"":1784119503.697525,""mapped"":true}},""ports"":{""available"":[""BLE:Dexter""],""unavailable"":[]}}"
1784119503.7568028,1784119503.756658,527,ble,"{""index"":{""age_s"":0.009145736694335938,""channels"":3,""force"":[0.12834566782831658,-3.550436300730002],""has_data"":true,""last_update_ts"":1784119503.7475123,""raw"":[14718,14985,21248]},""middle"":{""age_s"":0.009145736694335938,""channels"":3,""force"":[-1.4363178107528292,3.128313763919998],""has_data"":true,""last_update_ts"":1784119503.7475123,""raw"":[19372,16384,12242]},""pinky"":{""age_s"":0.009145736694335938,""channels"":3,""force"":[-1.0200356072347745,-0.7498850062199987],""has_data"":true,""last_update_ts"":1784119503.7475123,""raw"":[17413,15291,17703]},""ring"":{""age_s"":0.009145736694335938,""channels"":3,""force"":[0.2744770649062449,0.2489440601699986],""has_data"":true,""last_update_ts"":1784119503.7475123,""raw"":[15797,16368,15634]},""thumb"":{""age_s"":0.009145736694335938,""channels"":3,""force"":[0.0,-2.220446049250313e-16],""has_data"":true,""last_update_ts"":1784119503.7475123,""raw"":[0,0,0]}}","{""ble"":{""connection_state"":""connected"",""counter"":1042367,""finger_order"":""DexterController.Visualizer"",""last_error"":null,""last_sample_age_s"":0.009171110999886878,""reconnect_count"":0,""sample_hz"":20.0,""sample_sequence"":526,""timestamp_us"":10468581152},""fingers"":{""index"":{""has_data"":true,""last_update_ts"":1784119503.7475123,""mapped"":true},""middle"":{""has_data"":true,""last_update_ts"":1784119503.7475123,""mapped"":true},""pinky"":{""has_data"":true,""last_update_ts"":1784119503.7475123,""mapped"":true},""ring"":{""has_data"":true,""last_update_ts"":1784119503.7475123,""mapped"":true},""thumb"":{""has_data"":true,""last_update_ts"":1784119503.7475123,""mapped"":true}},""ports"":{""available"":[""BLE:Dexter""],""unavailable"":[]}}"
1784119503.8067768,1784119503.8066564,528,ble,"{""index"":{""age_s"":0.009144783020019531,""channels"":3,""force"":[0.1177703693555685,-3.7319406656700007],""has_data"":true,""last_update_ts"":1784119503.7975116,""raw"":[14615,14860,21461]},""middle"":{""age_s"":0.009144783020019531,""channels"":3,""force"":[-1.4531421492321943,3.2051894658899966],""has_data"":true,""last_update_ts"":1784119503.7975116,""raw"":[19446,16423,12160]},""pinky"":{""age_s"":0.009144783020019531,""channels"":3,""force"":[-1.0219583887752712,-0.7482198285599999],""has_data"":true,""last_update_ts"":1784119503.7975116,""raw"":[17418,15292,17703]},""ring"":{""age_s"":0.009144783020019531,""channels"":3,""force"":[0.27736123721699535,0.24838900094999783],""has_data"":true,""last_update_ts"":1784119503.7975116,""raw"":[15792,16369,15633]},""thumb"":{""age_s"":0.009144783020019531,""channels"":3,""force"":[0.0,-2.220446049250313e-16],""has_data"":true,""last_update_ts"":1784119503.7975116,""raw"":[0,0,0]}}","{""ble"":{""connection_state"":""connected"",""counter"":1042373,""finger_order"":""DexterController.Visualizer"",""last_error"":null,""last_sample_age_s"":0.009164949005935341,""reconnect_count"":0,""sample_hz"":20.0,""sample_sequence"":527,""timestamp_us"":10468637696},""fingers"":{""index"":{""has_data"":true,""last_update_ts"":1784119503.7975116,""mapped"":true},""middle"":{""has_data"":true,""last_update_ts"":1784119503.7975116,""mapped"":true},""pinky"":{""has_data"":true,""last_update_ts"":1784119503.7975116,""mapped"":true},""ring"":{""has_data"":true,""last_update_ts"":1784119503.7975116,""mapped"":true},""thumb"":{""has_data"":true,""last_update_ts"":1784119503.7975116,""mapped"":true}},""ports"":{""available"":[""BLE:Dexter""],""unavailable"":[]}}"
1784119503.9068027,1784119503.9066706,529,ble,"{""index"":{""age_s"":0.009158611297607422,""channels"":3,""force"":[0.16343643094242388,-3.7954949463600007],""has_data"":true,""last_update_ts"":1784119503.897512,""raw"":[14529,14869,21537]},""middle"":{""age_s"":0.009158611297607422,""channels"":3,""force"":[-1.3877675768552251,3.108054102389998],""has_data"":true,""last_update_ts"":1784119503.897512,""raw"":[19265,16378,12222]},""pinky"":{""age_s"":0.009158611297607422,""channels"":3,""force"":[-0.4364714096932971,-0.467359863240004],""has_data"":true,""last_update_ts"":1784119503.897512,""raw"":[17238,16330,17626]},""ring"":{""age_s"":0.009158611297607422,""channels"":3,""force"":[0.2980311387773593,0.3741099142799982],""has_data"":true,""last_update_ts"":1784119503.897512,""raw"":[15771,16391,15407]},""thumb"":{""age_s"":0.009158611297607422,""channels"":3,""force"":[0.0,-2.220446049250313e-16],""has_data"":true,""last_update_ts"":1784119503.897512,""raw"":[0,0,0]}}","{""ble"":{""connection_state"":""connected"",""counter"":1042385,""finger_order"":""DexterController.Visualizer"",""last_error"":null,""last_sample_age_s"":0.009183508009300567,""reconnect_count"":0,""sample_hz"":20.0,""sample_sequence"":528,""timestamp_us"":10468750688},""fingers"":{""index"":{""has_data"":true,""last_update_ts"":1784119503.897512,""mapped"":true},""middle"":{""has_data"":true,""last_update_ts"":1784119503.897512,""mapped"":true},""pinky"":{""has_data"":true,""last_update_ts"":1784119503.897512,""mapped"":true},""ring"":{""has_data"":true,""last_update_ts"":1784119503.897512,""mapped"":true},""thumb"":{""has_data"":true,""last_update_ts"":1784119503.897512,""mapped"":true}},""ports"":{""available"":[""BLE:Dexter""],""unavailable"":[]}}"
1784119503.9568312,1784119503.9566855,530,ble,"{""index"":{""age_s"":0.009161233901977539,""channels"":3,""force"":[0.15814878170604985,-3.7441519685100024],""has_data"":true,""last_update_ts"":1784119503.9475243,""raw"":[14573,14902,21483]},""middle"":{""age_s"":0.009161233901977539,""channels"":3,""force"":[-1.3805571460783543,3.0500504138999975],""has_data"":true,""last_update_ts"":1784119503.9475243,""raw"":[19250,16378,12319]},""pinky"":{""age_s"":0.009161233901977539,""channels"":3,""force"":[-1.0238811703157733,-0.7504400654400003],""has_data"":true,""last_update_ts"":1784119503.9475243,""raw"":[17420,15290,17707]},""ring"":{""age_s"":0.009161233901977539,""channels"":3,""force"":[0.2768805418318703,0.24755641212000157],""has_data"":true,""last_update_ts"":1784119503.9475243,""raw"":[15797,16373,15639]},""thumb"":{""age_s"":0.009161233901977539,""channels"":3,""force"":[0.0,-2.220446049250313e-16],""has_data"":true,""last_update_ts"":1784119503.9475243,""raw"":[0,0,0]}}","{""ble"":{""connection_state"":""connected"",""counter"":1042388,""finger_order"":""DexterController.Visualizer"",""last_error"":null,""last_sample_age_s"":0.00918674400600139,""reconnect_count"":0,""sample_hz"":20.0,""sample_sequence"":529,""timestamp_us"":10468778784},""fingers"":{""index"":{""has_data"":true,""last_update_ts"":1784119503.9475243,""mapped"":true},""middle"":{""has_data"":true,""last_update_ts"":1784119503.9475243,""mapped"":true},""pinky"":{""has_data"":true,""last_update_ts"":1784119503.9475243,""mapped"":true},""ring"":{""has_data"":true,""last_update_ts"":1784119503.9475243,""mapped"":true},""thumb"":{""has_data"":true,""last_update_ts"":1784119503.9475243,""mapped"":true}},""ports"":{""available"":[""BLE:Dexter""],""unavailable"":[]}}"
1784119504.0068848,1784119504.006676,531,ble,"{""index"":{""age_s"":0.009150981903076172,""channels"":3,""force"":[0.16247504017217373,-3.1466307181800026],""has_data"":true,""last_update_ts"":1784119503.997525,""raw"":[14923,15261,20761]},""middle"":{""age_s"":0.009150981903076172,""channels"":3,""force"":[-1.3103756198501397,2.785842225179998],""has_data"":true,""last_update_ts"":1784119503.997525,""raw"":[19058,16332,12676]},""pinky"":{""age_s"":0.009150981903076172,""channels"":3,""force"":[-1.0219583887752712,-0.7526603023200034],""has_data"":true,""last_update_ts"":1784119503.997525,""raw"":[17415,15289,17708]},""ring"":{""age_s"":0.009150981903076172,""channels"":3,""force"":[0.2754384556764986,0.24949911938999847],""has_data"":true,""last_update_ts"":1784119503.997525,""raw"":[15795,16368,15632]},""thumb"":{""age_s"":0.009150981903076172,""channels"":3,""force"":[0.0,-2.220446049250313e-16],""has_data"":true,""last_update_ts"":1784119503.997525,""raw"":[0,0,0]}}","{""ble"":{""connection_state"":""connected"",""counter"":1042394,""finger_order"":""DexterController.Visualizer"",""last_error"":null,""last_sample_age_s"":0.009176637002383359,""reconnect_count"":0,""sample_hz"":20.0,""sample_sequence"":530,""timestamp_us"":10468835200},""fingers"":{""index"":{""has_data"":true,""last_update_ts"":1784119503.997525,""mapped"":true},""middle"":{""has_data"":true,""last_update_ts"":1784119503.997525,""mapped"":true},""pinky"":{""has_data"":true,""last_update_ts"":1784119503.997525,""mapped"":true},""ring"":{""has_data"":true,""last_update_ts"":1784119503.997525,""mapped"":true},""thumb"":{""has_data"":true,""last_update_ts"":1784119503.997525,""mapped"":true}},""ports"":{""available"":[""BLE:Dexter""],""unavailable"":[]}}"
1784119504.056935,1784119504.0567062,532,ble,"{""index"":{""age_s"":0.009159564971923828,""channels"":3,""force"":[0.1591101724763,-2.2116334620900027],""has_data"":true,""last_update_ts"":1784119504.0475466,""raw"":[15480,15811,19630]},""middle"":{""age_s"":0.009159564971923828,""channels"":3,""force"":[-1.0767576626794995,2.279628216539998],""has_data"":true,""last_update_ts"":1784119504.0475466,""raw"":[18528,16288,13301]},""pinky"":{""age_s"":0.009159564971923828,""channels"":3,""force"":[-1.0224390841603945,-0.750717595050002],""has_data"":true,""last_update_ts"":1784119504.0475466,""raw"":[17415,15288,17704]},""ring"":{""age_s"":0.009159564971923828,""channels"":3,""force"":[0.276399846446747,0.2483890009499996],""has_data"":true,""last_update_ts"":1784119504.0475466,""raw"":[15790,16365,15630]},""thumb"":{""age_s"":0.009159564971923828,""channels"":3,""force"":[0.0,-2.220446049250313e-16],""has_data"":true,""last_update_ts"":1784119504.0475466,""raw"":[0,0,0]}}","{""ble"":{""connection_state"":""connected"",""counter"":1042399,""finger_order"":""DexterController.Visualizer"",""last_error"":null,""last_sample_age_s"":0.009198518993798643,""reconnect_count"":0,""sample_hz"":20.0,""sample_sequence"":531,""timestamp_us"":10468882112},""fingers"":{""index"":{""has_data"":true,""last_update_ts"":1784119504.0475466,""mapped"":true},""middle"":{""has_data"":true,""last_update_ts"":1784119504.0475466,""mapped"":true},""pinky"":{""has_data"":true,""last_update_ts"":1784119504.0475466,""mapped"":true},""ring"":{""has_data"":true,""last_update_ts"":1784119504.0475466,""mapped"":true},""thumb"":{""has_data"":true,""last_update_ts"":1784119504.0475466,""mapped"":true}},""ports"":{""available"":[""BLE:Dexter""],""unavailable"":[]}}"
1784119504.1068077,1784119504.1066732,533,ble,"{""index"":{""age_s"":0.009144783020019531,""channels"":3,""force"":[0.1701661663341696,-1.0335202676400028],""has_data"":true,""last_update_ts"":1784119504.0975285,""raw"":[16206,16560,18245]},""middle"":{""age_s"":0.009144783020019531,""channels"":3,""force"":[-0.6715314530193108,1.428999961889998],""has_data"":true,""last_update_ts"":1784119504.0975285,""raw"":[17568,16171,14295]},""pinky"":{""age_s"":0.009144783020019531,""channels"":3,""force"":[-1.0080182226066565,-0.7512726542700037],""has_data"":true,""last_update_ts"":1784119504.0975285,""raw"":[17400,15303,17705]},""ring"":{""age_s"":0.009144783020019531,""channels"":3,""force"":[0.2783226279872473,0.2378428757699993],""has_data"":true,""last_update_ts"":1784119504.0975285,""raw"":[15786,16365,15647]},""thumb"":{""age_s"":0.009144783020019531,""channels"":3,""force"":[0.0,-2.220446049250313e-16],""has_data"":true,""last_update_ts"":1784119504.0975285,""raw"":[0,0,0]}}","{""ble"":{""connection_state"":""connected"",""counter"":1042405,""finger_order"":""DexterController.Visualizer"",""last_error"":null,""last_sample_age_s"":0.009169446988380514,""reconnect_count"":0,""sample_hz"":20.0,""sample_sequence"":532,""timestamp_us"":10468938528},""fingers"":{""index"":{""has_data"":true,""last_update_ts"":1784119504.0975285,""mapped"":true},""middle"":{""has_data"":true,""last_update_ts"":1784119504.0975285,""mapped"":true},""pinky"":{""has_data"":true,""last_update_ts"":1784119504.0975285,""mapped"":true},""ring"":{""has_data"":true,""last_update_ts"":1784119504.0975285,""mapped"":true},""thumb"":{""has_data"":true,""last_update_ts"":1784119504.0975285,""mapped"":true}},""ports"":{""available"":[""BLE:Dexter""],""unavailable"":[]}}"
1784119504.1569138,1784119504.1566846,534,ble,"{""index"":{""age_s"":0.00914764404296875,""channels"":3,""force"":[0.16103295401680384,-0.8306461227300019],""has_data"":true,""last_update_ts"":1784119504.147537,""raw"":[16350,16685,18014]},""middle"":{""age_s"":0.00914764404296875,""channels"":3,""force"":[-0.529245619022376,1.1320432791899977],""has_data"":true,""last_update_ts"":1784119504.147537,""raw"":[17222,16121,14632]},""pinky"":{""age_s"":0.00914764404296875,""channels"":3,""force"":[-1.017151434924024,-0.7459995916800013],""has_data"":true,""last_update_ts"":1784119504.147537,""raw"":[17414,15298,17700]},""ring"":{""age_s"":0.00914764404296875,""channels"":3,""force"":[0.27495776029137353,0.2453361752399994],""has_data"":true,""last_update_ts"":1784119504.147537,""raw"":[15791,16363,15635]},""thumb"":{""age_s"":0.00914764404296875,""channels"":3,""force"":[0.0,-2.220446049250313e-16],""has_data"":true,""last_update_ts"":1784119504.147537,""raw"":[0,0,0]}}","{""ble"":{""connection_state"":""connected"",""counter"":1042407,""finger_order"":""DexterController.Visualizer"",""last_error"":null,""last_sample_age_s"":0.009185419999994338,""reconnect_count"":0,""sample_hz"":20.0,""sample_sequence"":533,""timestamp_us"":10468957152},""fingers"":{""index"":{""has_data"":true,""last_update_ts"":1784119504.147537,""mapped"":true},""middle"":{""has_data"":true,""last_update_ts"":1784119504.147537,""mapped"":true},""pinky"":{""has_data"":true,""last_update_ts"":1784119504.147537,""mapped"":true},""ring"":{""has_data"":true,""last_update_ts"":1784119504.147537,""mapped"":true},""thumb"":{""has_data"":true,""last_update_ts"":1784119504.147537,""mapped"":true}},""ports"":{""available"":[""BLE:Dexter""],""unavailable"":[]}}"
1784119504.2067857,1784119504.2066722,535,ble,"{""index"":{""age_s"":0.00914311408996582,""channels"":3,""force"":[0.20093067098215478,-0.4662497448000016],""has_data"":true,""last_update_ts"":1784119504.197529,""raw"":[16554,16972,17603]},""middle"":{""age_s"":0.00914311408996582,""channels"":3,""force"":[0.0,0.3213792883799975],""has_data"":true,""last_update_ts"":1784119504.197529,""raw"":[16149,16149,15570]},""pinky"":{""age_s"":0.00914311408996582,""channels"":3,""force"":[-1.0238811703157715,-0.73989394026],""has_data"":true,""last_update_ts"":1784119504.197529,""raw"":[17427,15297,17695]},""ring"":{""age_s"":0.00914311408996582,""channels"":3,""force"":[0.2759191510616219,0.25088676743999727],""has_data"":true,""last_update_ts"":1784119504.197529,""raw"":[15794,16368,15629]},""thumb"":{""age_s"":0.00914311408996582,""channels"":3,""force"":[0.0,-2.220446049250313e-16],""has_data"":true,""last_update_ts"":1784119504.197529,""raw"":[0,0,0]}}","{""ble"":{""connection_state"":""connected"",""counter"":1042416,""finger_order"":""DexterController.Visualizer"",""last_error"":null,""last_sample_age_s"":0.00916404499730561,""reconnect_count"":0,""sample_hz"":20.0,""sample_sequence"":534,""timestamp_us"":10469042080},""fingers"":{""index"":{""has_data"":true,""last_update_ts"":1784119504.197529,""mapped"":true},""middle"":{""has_data"":true,""last_update_ts"":1784119504.197529,""mapped"":true},""pinky"":{""has_data"":true,""last_update_ts"":1784119504.197529,""mapped"":true},""ring"":{""has_data"":true,""last_update_ts"":1784119504.197529,""mapped"":true},""thumb"":{""has_data"":true,""last_update_ts"":1784119504.197529,""mapped"":true}},""ports"":{""available"":[""BLE:Dexter""],""unavailable"":[]}}"
1784119504.256815,1784119504.2566788,536,ble,"{""index"":{""age_s"":0.00914764404296875,""channels"":3,""force"":[0.1499769601589307,-0.48012622530000115],""has_data"":true,""last_update_ts"":1784119504.2475312,""raw"":[16613,16925,17634]},""middle"":{""age_s"":0.00914764404296875,""channels"":3,""force"":[0.11825106474069358,-0.041629441500004916],""has_data"":true,""last_update_ts"":1784119504.2475312,""raw"":[15796,16042,15994]},""pinky"":{""age_s"":0.00914764404296875,""channels"":3,""force"":[-1.0118637856876518,-0.7507175950500011],""has_data"":true,""last_update_ts"":1784119504.2475312,""raw"":[17402,15297,17702]},""ring"":{""age_s"":0.00914764404296875,""channels"":3,""force"":[0.27159289259549624,0.24783394172999795],""has_data"":true,""last_update_ts"":1784119504.2475312,""raw"":[15797,16362,15633]},""thumb"":{""age_s"":0.00914764404296875,""channels"":3,""force"":[0.0,-2.220446049250313e-16],""has_data"":true,""last_update_ts"":1784119504.2475312,""raw"":[0,0,0]}}","{""ble"":{""connection_state"":""connected"",""counter"":1042420,""finger_order"":""DexterController.Visualizer"",""last_error"":null,""last_sample_age_s"":0.009168554999632761,""reconnect_count"":0,""sample_hz"":20.0,""sample_sequence"":535,""timestamp_us"":10469079616},""fingers"":{""index"":{""has_data"":true,""last_update_ts"":1784119504.2475312,""mapped"":true},""middle"":{""has_data"":true,""last_update_ts"":1784119504.2475312,""mapped"":true},""pinky"":{""has_data"":true,""last_update_ts"":1784119504.2475312,""mapped"":true},""ring"":{""has_data"":true,""last_update_ts"":1784119504.2475312,""mapped"":true},""thumb"":{""has_data"":true,""last_update_ts"":1784119504.2475312,""mapped"":true}},""ports"":{""available"":[""BLE:Dexter""],""unavailable"":[]}}"
1784119504.3067782,1784119504.3066676,537,ble,"{""index"":{""age_s"":0.009139060974121094,""channels"":3,""force"":[0.1312298401390617,-0.4837341102300021],""has_data"":true,""last_update_ts"":1784119504.2975285,""raw"":[16632,16905,17640]},""middle"":{""age_s"":0.009139060974121094,""channels"":3,""force"":[0.18987467712428696,-0.3677267332500014],""has_data"":true,""last_update_ts"":1784119504.2975285,""raw"":[15538,15933,16398]},""pinky"":{""age_s"":0.009139060974121094,""channels"":3,""force"":[-1.021477693390148,-0.7523827727100025],""has_data"":true,""last_update_ts"":1784119504.2975285,""raw"":[17416,15291,17709]},""ring"":{""age_s"":0.009139060974121094,""channels"":3,""force"":[0.26967011105499594,0.25560477080999977],""has_data"":true,""last_update_ts"":1784119504.2975285,""raw"":[15805,16366,15625]},""thumb"":{""age_s"":0.009139060974121094,""channels"":3,""force"":[0.0,-2.220446049250313e-16],""has_data"":true,""last_update_ts"":1784119504.2975285,""raw"":[0,0,0]}}","{""ble"":{""connection_state"":""connected"",""counter"":1042426,""finger_order"":""DexterController.Visualizer"",""last_error"":null,""last_sample_age_s"":0.009159465989796445,""reconnect_count"":0,""sample_hz"":20.0,""sample_sequence"":536,""timestamp_us"":10469136096},""fingers"":{""index"":{""has_data"":true,""last_update_ts"":1784119504.2975285,""mapped"":true},""middle"":{""has_data"":true,""last_update_ts"":1784119504.2975285,""mapped"":true},""pinky"":{""has_data"":true,""last_update_ts"":1784119504.2975285,""mapped"":true},""ring"":{""has_data"":true,""last_update_ts"":1784119504.2975285,""mapped"":true},""thumb"":{""has_data"":true,""last_update_ts"":1784119504.2975285,""mapped"":true}},""ports"":{""available"":[""BLE:Dexter""],""unavailable"":[]}}"
1784119504.356809,1784119504.3566787,538,ble,"{""index"":{""age_s"":0.009149312973022461,""channels"":3,""force"":[0.1740117294151684,-0.3724447366200012],""has_data"":true,""last_update_ts"":1784119504.3475294,""raw"":[16658,17020,17510]},""middle"":{""age_s"":0.009149312973022461,""channels"":3,""force"":[0.25380716334588094,-0.8647822647600023],""has_data"":true,""last_update_ts"":1784119504.3475294,""raw"":[15176,15704,16998]},""pinky"":{""age_s"":0.009149312973022461,""channels"":3,""force"":[-1.0190742164645243,-0.7482198285600017],""has_data"":true,""last_update_ts"":1784119504.3475294,""raw"":[17414,15294,17702]},""ring"":{""age_s"":0.009149312973022461,""channels"":3,""force"":[0.27255428336574816,0.2483890009499996],""has_data"":true,""last_update_ts"":1784119504.3475294,""raw"":[15797,16364,15633]},""thumb"":{""age_s"":0.009149312973022461,""channels"":3,""force"":[0.0,-2.220446049250313e-16],""has_data"":true,""last_update_ts"":1784119504.3475294,""raw"":[0,0,0]}}","{""ble"":{""connection_state"":""connected"",""counter"":1042431,""finger_order"":""DexterController.Visualizer"",""last_error"":null,""last_sample_age_s"":0.009169797005597502,""reconnect_count"":0,""sample_hz"":20.0,""sample_sequence"":537,""timestamp_us"":10469183168},""fingers"":{""index"":{""has_data"":true,""last_update_ts"":1784119504.3475294,""mapped"":true},""middle"":{""has_data"":true,""last_update_ts"":1784119504.3475294,""mapped"":true},""pinky"":{""has_data"":true,""last_update_ts"":1784119504.3475294,""mapped"":true},""ring"":{""has_data"":true,""last_update_ts"":1784119504.3475294,""mapped"":true},""thumb"":{""has_data"":true,""last_update_ts"":1784119504.3475294,""mapped"":true}},""ports"":{""available"":[""BLE:Dexter""],""unavailable"":[]}}"
1784119504.4067852,1784119504.4066536,539,ble,"{""index"":{""age_s"":0.009124517440795898,""channels"":3,""force"":[0.31052921879060413,0.06660710639999845],""has_data"":true,""last_update_ts"":1784119504.3975291,""raw"":[16763,17409,16966]},""middle"":{""age_s"":0.009124517440795898,""channels"":3,""force"":[0.3956123019576907,-1.5311308583700027],""has_data"":true,""last_update_ts"":1784119504.3975291,""raw"":[14538,15361,17708]},""pinky"":{""age_s"":0.009124517440795898,""channels"":3,""force"":[0.4109945542816824,-0.01581918777000091],""has_data"":true,""last_update_ts"":1784119504.3975291,""raw"":[17054,17909,17510]},""ring"":{""age_s"":0.009124517440795898,""channels"":3,""force"":[0.35763736653283296,0.5334119104199964],""has_data"":true,""last_update_ts"":1784119504.3975291,""raw"":[15709,16453,15120]},""thumb"":{""age_s"":0.009124517440795898,""channels"":3,""force"":[0.0,-2.220446049250313e-16],""has_data"":true,""last_update_ts"":1784119504.3975291,""raw"":[0,0,0]}}","{""ble"":{""connection_state"":""connected"",""counter"":1042436,""finger_order"":""DexterController.Visualizer"",""last_error"":null,""last_sample_age_s"":0.009150436002528295,""reconnect_count"":0,""sample_hz"":20.0,""sample_sequence"":538,""timestamp_us"":10469230208},""fingers"":{""index"":{""has_data"":true,""last_update_ts"":1784119504.3975291,""mapped"":true},""middle"":{""has_data"":true,""last_update_ts"":1784119504.3975291,""mapped"":true},""pinky"":{""has_data"":true,""last_update_ts"":1784119504.3975291,""mapped"":true},""ring"":{""has_data"":true,""last_update_ts"":1784119504.3975291,""mapped"":true},""thumb"":{""has_data"":true,""last_update_ts"":1784119504.3975291,""mapped"":true}},""ports"":{""available"":[""BLE:Dexter""],""unavailable"":[]}}"
1784119504.456783,1784119504.4566548,540,ble,"{""index"":{""age_s"":0.009124994277954102,""channels"":3,""force"":[0.4561799204834127,0.602516783309996],""has_data"":true,""last_update_ts"":1784119504.4475298,""raw"":[16975,17924,16364]},""middle"":{""age_s"":0.009124994277954102,""channels"":3,""force"":[0.27063150182524787,-2.107282328730003],""has_data"":true,""last_update_ts"":1784119504.4475298,""raw"":[14421,14984,18499]},""pinky"":{""age_s"":0.009124994277954102,""channels"":3,""force"":[-1.0195549118496494,-0.7451670028499997],""has_data"":true,""last_update_ts"":1784119504.4475298,""raw"":[17413,15292,17695]},""ring"":{""age_s"":0.009124994277954102,""channels"":3,""force"":[0.285052363378993,0.2528294747099986],""has_data"":true,""last_update_ts"":1784119504.4475298,""raw"":[15791,16384,15632]},""thumb"":{""age_s"":0.009124994277954102,""channels"":3,""force"":[0.0,-2.220446049250313e-16],""has_data"":true,""last_update_ts"":1784119504.4475298,""raw"":[0,0,0]}}","{""ble"":{""connection_state"":""connected"",""counter"":1042442,""finger_order"":""DexterController.Visualizer"",""last_error"":null,""last_sample_age_s"":0.009145745993009768,""reconnect_count"":0,""sample_hz"":20.0,""sample_sequence"":539,""timestamp_us"":10469286752},""fingers"":{""index"":{""has_data"":true,""last_update_ts"":1784119504.4475298,""mapped"":true},""middle"":{""has_data"":true,""last_update_ts"":1784119504.4475298,""mapped"":true},""pinky"":{""has_data"":true,""last_update_ts"":1784119504.4475298,""mapped"":true},""ring"":{""has_data"":true,""last_update_ts"":1784119504.4475298,""mapped"":true},""thumb"":{""has_data"":true,""last_update_ts"":1784119504.4475298,""mapped"":true}},""ports"":{""available"":[""BLE:Dexter""],""unavailable"":[]}}"
1784119504.5067995,1784119504.5066543,541,ble,"{""index"":{""age_s"":0.009125709533691406,""channels"":3,""force"":[0.555203169819114,0.9649704539699995],""has_data"":true,""last_update_ts"":1784119504.4975286,""raw"":[17079,18234,15918]},""middle"":{""age_s"":0.009125709533691406,""channels"":3,""force"":[0.2158322279210214,-2.4758416508100014],""has_data"":true,""last_update_ts"":1784119504.4975286,""raw"":[14265,14714,18950]},""pinky"":{""age_s"":0.009125709533691406,""channels"":3,""force"":[-1.0282074287818972,-0.7529378319300006],""has_data"":true,""last_update_ts"":1784119504.4975286,""raw"":[17417,15278,17704]},""ring"":{""age_s"":0.009125709533691406,""channels"":3,""force"":[0.27255428336574816,0.24783394172999795],""has_data"":true,""last_update_ts"":1784119504.4975286,""raw"":[15796,16363,15633]},""thumb"":{""age_s"":0.009125709533691406,""channels"":3,""force"":[0.0,-2.220446049250313e-16],""has_data"":true,""last_update_ts"":1784119504.4975286,""raw"":[0,0,0]}}","{""ble"":{""connection_state"":""connected"",""counter"":1042447,""finger_order"":""DexterController.Visualizer"",""last_error"":null,""last_sample_age_s"":0.009151117003057152,""reconnect_count"":0,""sample_hz"":20.0,""sample_sequence"":540,""timestamp_us"":10469333696},""fingers"":{""index"":{""has_data"":true,""last_update_ts"":1784119504.4975286,""mapped"":true},""middle"":{""has_data"":true,""last_update_ts"":1784119504.4975286,""mapped"":true},""pinky"":{""has_data"":true,""last_update_ts"":1784119504.4975286,""mapped"":true},""ring"":{""has_data"":true,""last_update_ts"":1784119504.4975286,""mapped"":true},""thumb"":{""has_data"":true,""last_update_ts"":1784119504.4975286,""mapped"":true}},""ports"":{""available"":[""BLE:Dexter""],""unavailable"":[]}}"
1784119504.6068168,1784119504.6066747,542,ble,"{""index"":{""age_s"":0.009145736694335938,""channels"":3,""force"":[0.754211059260772,1.1370388121699992],""has_data"":true,""last_update_ts"":1784119504.597529,""raw"":[16937,18506,15673]},""middle"":{""age_s"":0.009145736694335938,""channels"":3,""force"":[0.1792993786515389,-3.0403368775500024],""has_data"":true,""last_update_ts"":1784119504.597529,""raw"":[14012,14385,19676]},""pinky"":{""age_s"":0.009145736694335938,""channels"":3,""force"":[-1.0195549118496494,-0.7484973581700025],""has_data"":true,""last_update_ts"":1784119504.597529,""raw"":[17413,15292,17701]},""ring"":{""age_s"":0.009145736694335938,""channels"":3,""force"":[0.2783226279872437,0.24672382328999642],""has_data"":true,""last_update_ts"":1784119504.597529,""raw"":[15788,16367,15633]},""thumb"":{""age_s"":0.009145736694335938,""channels"":3,""force"":[0.0,-2.220446049250313e-16],""has_data"":true,""last_update_ts"":1784119504.597529,""raw"":[0,0,0]}}","{""ble"":{""connection_state"":""connected"",""counter"":1042459,""finger_order"":""DexterController.Visualizer"",""last_error"":null,""last_sample_age_s"":0.009171551995677873,""reconnect_count"":0,""sample_hz"":20.0,""sample_sequence"":541,""timestamp_us"":10469446784},""fingers"":{""index"":{""has_data"":true,""last_update_ts"":1784119504.597529,""mapped"":true},""middle"":{""has_data"":true,""last_update_ts"":1784119504.597529,""mapped"":true},""pinky"":{""has_data"":true,""last_update_ts"":1784119504.597529,""mapped"":true},""ring"":{""has_data"":true,""last_update_ts"":1784119504.597529,""mapped"":true},""thumb"":{""has_data"":true,""last_update_ts"":1784119504.597529,""mapped"":true}},""ports"":{""available"":[""BLE:Dexter""],""unavailable"":[]}}"
1784119504.6568115,1784119504.6566823,543,ble,"{""index"":{""age_s"":0.009152889251708984,""channels"":3,""force"":[0.7734388746657643,1.0432338039899989],""has_data"":true,""last_update_ts"":1784119504.6475294,""raw"":[16849,18458,15774]},""middle"":{""age_s"":0.009152889251708984,""channels"":3,""force"":[0.2018920617524076,-3.117767638740002],""has_data"":true,""last_update_ts"":1784119504.6475294,""raw"":[13951,14371,19778]},""pinky"":{""age_s"":0.009152889251708984,""channels"":3,""force"":[-1.017632130309151,-0.7529378319300024],""has_data"":true,""last_update_ts"":1784119504.6475294,""raw"":[17412,15295,17710]},""ring"":{""age_s"":0.009152889251708984,""channels"":3,""force"":[0.2797647141426207,0.24644629367999737],""has_data"":true,""last_update_ts"":1784119504.6475294,""raw"":[15787,16369,15634]},""thumb"":{""age_s"":0.009152889251708984,""channels"":3,""force"":[0.0,-2.220446049250313e-16],""has_data"":true,""last_update_ts"":1784119504.6475294,""raw"":[0,0,0]}}","{""ble"":{""connection_state"":""connected"",""counter"":1042462,""finger_order"":""DexterController.Visualizer"",""last_error"":null,""last_sample_age_s"":0.009173515005386434,""reconnect_count"":0,""sample_hz"":20.0,""sample_sequence"":542,""timestamp_us"":10469474880},""fingers"":{""index"":{""has_data"":true,""last_update_ts"":1784119504.6475294,""mapped"":true},""middle"":{""has_data"":true,""last_update_ts"":1784119504.6475294,""mapped"":true},""pinky"":{""has_data"":true,""last_update_ts"":1784119504.6475294,""mapped"":true},""ring"":{""has_data"":true,""last_update_ts"":1784119504.6475294,""mapped"":true},""thumb"":{""has_data"":true,""last_update_ts"":1784119504.6475294,""mapped"":true}},""ports"":{""available"":[""BLE:Dexter""],""unavailable"":[]}}"
1784119504.7068088,1784119504.7066736,544,ble,"{""index"":{""age_s"":0.009144783020019531,""channels"":3,""force"":[0.7585373177268959,1.0235292016799988],""has_data"":true,""last_update_ts"":1784119504.6975288,""raw"":[16853,18431,15798]},""middle"":{""age_s"":0.009144783020019531,""channels"":3,""force"":[0.1456507016928077,-3.0830764374900017],""has_data"":true,""last_update_ts"":1784119504.6975288,""raw"":[14031,14334,19737]},""pinky"":{""age_s"":0.009144783020019531,""channels"":3,""force"":[-1.0229197795455214,-0.7498850062200031],""has_data"":true,""last_update_ts"":1784119504.6975288,""raw"":[17414,15286,17701]},""ring"":{""age_s"":0.009144783020019531,""channels"":3,""force"":[0.28361027722361776,0.2542171227599974],""has_data"":true,""last_update_ts"":1784119504.6975288,""raw"":[15792,16382,15629]},""thumb"":{""age_s"":0.009144783020019531,""channels"":3,""force"":[0.0,-2.220446049250313e-16],""has_data"":true,""last_update_ts"":1784119504.6975288,""raw"":[0,0,0]}}","{""ble"":{""connection_state"":""connected"",""counter"":1042469,""finger_order"":""DexterController.Visualizer"",""last_error"":null,""last_sample_age_s"":0.009170488992822357,""reconnect_count"":0,""sample_hz"":20.0,""sample_sequence"":543,""timestamp_us"":10469540832},""fingers"":{""index"":{""has_data"":true,""last_update_ts"":1784119504.6975288,""mapped"":true},""middle"":{""has_data"":true,""last_update_ts"":1784119504.6975288,""mapped"":true},""pinky"":{""has_data"":true,""last_update_ts"":1784119504.6975288,""mapped"":true},""ring"":{""has_data"":true,""last_update_ts"":1784119504.6975288,""mapped"":true},""thumb"":{""has_data"":true,""last_update_ts"":1784119504.6975288,""mapped"":true}},""ports"":{""available"":[""BLE:Dexter""],""unavailable"":[]}}"
1784119504.7568302,1784119504.7566845,545,ble,"{""index"":{""age_s"":0.009155035018920898,""channels"":3,""force"":[0.7340218530855314,1.0171460206499967],""has_data"":true,""last_update_ts"":1784119504.7475295,""raw"":[16882,18409,15813]},""middle"":{""age_s"":0.009155035018920898,""channels"":3,""force"":[0.06200970468109546,-3.058098772590002],""has_data"":true,""last_update_ts"":1784119504.7475295,""raw"":[14132,14261,19706]},""pinky"":{""age_s"":0.009155035018920898,""channels"":3,""force"":[-1.0190742164645243,-0.7465546509000038],""has_data"":true,""last_update_ts"":1784119504.7475295,""raw"":[17416,15296,17701]},""ring"":{""age_s"":0.009155035018920898,""channels"":3,""force"":[0.27736123721699535,0.24949911938999936],""has_data"":true,""last_update_ts"":1784119504.7475295,""raw"":[15793,16370,15632]},""thumb"":{""age_s"":0.009155035018920898,""channels"":3,""force"":[0.0,-2.220446049250313e-16],""has_data"":true,""last_update_ts"":1784119504.7475295,""raw"":[0,0,0]}}","{""ble"":{""connection_state"":""connected"",""counter"":1042473,""finger_order"":""DexterController.Visualizer"",""last_error"":null,""last_sample_age_s"":0.009180841007037088,""reconnect_count"":0,""sample_hz"":20.0,""sample_sequence"":544,""timestamp_us"":10469578336},""fingers"":{""index"":{""has_data"":true,""last_update_ts"":1784119504.7475295,""mapped"":true},""middle"":{""has_data"":true,""last_update_ts"":1784119504.7475295,""mapped"":true},""pinky"":{""has_data"":true,""last_update_ts"":1784119504.7475295,""mapped"":true},""ring"":{""has_data"":true,""last_update_ts"":1784119504.7475295,""mapped"":true},""thumb"":{""has_data"":true,""last_update_ts"":1784119504.7475295,""mapped"":true}},""ports"":{""available"":[""BLE:Dexter""],""unavailable"":[]}}"
1784119504.8068044,1784119504.8066735,546,ble,"{""index"":{""age_s"":0.00914454460144043,""channels"":3,""force"":[0.6840295330325539,0.9866177635499955],""has_data"":true,""last_update_ts"":1784119504.797529,""raw"":[16921,18344,15855]},""middle"":{""age_s"":0.00914454460144043,""channels"":3,""force"":[-0.05912553237034679,-2.8693786377900024],""has_data"":true,""last_update_ts"":1784119504.797529,""raw"":[14355,14232,19463]},""pinky"":{""age_s"":0.00914454460144043,""channels"":3,""force"":[-1.0195549118496476,-0.7440568844100008],""has_data"":true,""last_update_ts"":1784119504.797529,""raw"":[17409,15288,17689]},""ring"":{""age_s"":0.00914454460144043,""channels"":3,""force"":[0.2869751449194897,0.2533845339299994],""has_data"":true,""last_update_ts"":1784119504.797529,""raw"":[15789,16386,15631]},""thumb"":{""age_s"":0.00914454460144043,""channels"":3,""force"":[0.0,-2.220446049250313e-16],""has_data"":true,""last_update_ts"":1784119504.797529,""raw"":[0,0,0]}}","{""ble"":{""connection_state"":""connected"",""counter"":1042479,""finger_order"":""DexterController.Visualizer"",""last_error"":null,""last_sample_age_s"":0.009170158999040723,""reconnect_count"":0,""sample_hz"":20.0,""sample_sequence"":545,""timestamp_us"":10469634880},""fingers"":{""index"":{""has_data"":true,""last_update_ts"":1784119504.797529,""mapped"":true},""middle"":{""has_data"":true,""last_update_ts"":1784119504.797529,""mapped"":true},""pinky"":{""has_data"":true,""last_update_ts"":1784119504.797529,""mapped"":true},""ring"":{""has_data"":true,""last_update_ts"":1784119504.797529,""mapped"":true},""thumb"":{""has_data"":true,""last_update_ts"":1784119504.797529,""mapped"":true}},""ports"":{""available"":[""BLE:Dexter""],""unavailable"":[]}}"
1784119504.8568172,1784119504.8566756,547,ble,"{""index"":{""age_s"":0.009145975112915039,""channels"":3,""force"":[0.6388441668308289,0.8905925184899983],""has_data"":true,""last_update_ts"":1784119504.8475296,""raw"":[16921,18250,15981]},""middle"":{""age_s"":0.009145975112915039,""channels"":3,""force"":[-0.05047301543810079,-2.796110820750002],""has_data"":true,""last_update_ts"":1784119504.8475296,""raw"":[14366,14261,19351]},""pinky"":{""age_s"":0.009145975112915039,""channels"":3,""force"":[-1.0219583887752712,-0.7482198285599999],""has_data"":true,""last_update_ts"":1784119504.8475296,""raw"":[17414,15288,17699]},""ring"":{""age_s"":0.009145975112915039,""channels"":3,""force"":[0.2739963695211216,0.2481114713399979],""has_data"":true,""last_update_ts"":1784119504.8475296,""raw"":[15796,16366,15634]},""thumb"":{""age_s"":0.009145975112915039,""channels"":3,""force"":[0.0,-2.220446049250313e-16],""has_data"":true,""last_update_ts"":1784119504.8475296,""raw"":[0,0,0]}}","{""ble"":{""connection_state"":""connected"",""counter"":1042484,""finger_order"":""DexterController.Visualizer"",""last_error"":null,""last_sample_age_s"":0.009170910008833744,""reconnect_count"":0,""sample_hz"":20.0,""sample_sequence"":546,""timestamp_us"":10469681888},""fingers"":{""index"":{""has_data"":true,""last_update_ts"":1784119504.8475296,""mapped"":true},""middle"":{""has_data"":true,""last_update_ts"":1784119504.8475296,""mapped"":true},""pinky"":{""has_data"":true,""last_update_ts"":1784119504.8475296,""mapped"":true},""ring"":{""has_data"":true,""last_update_ts"":1784119504.8475296,""mapped"":true},""thumb"":{""has_data"":true,""last_update_ts"":1784119504.8475296,""mapped"":true}},""ports"":{""available"":[""BLE:Dexter""],""unavailable"":[]}}"
1784119504.9068043,1784119504.9066737,548,ble,"{""index"":{""age_s"":0.009144783020019531,""channels"":3,""force"":[0.5297263144075028,0.8742182714999975],""has_data"":true,""last_update_ts"":1784119504.897529,""raw"":[17039,18141,16015]},""middle"":{""age_s"":0.009144783020019531,""channels"":3,""force"":[-0.11825106474069536,-2.421168317640002],""has_data"":true,""last_update_ts"":1784119504.897529,""raw"":[14611,14365,18850]},""pinky"":{""age_s"":0.009144783020019531,""channels"":3,""force"":[-1.0238811703157698,-0.7476647693400036],""has_data"":true,""last_update_ts"":1784119504.897529,""raw"":[17423,15293,17705]},""ring"":{""age_s"":0.009144783020019531,""channels"":3,""force"":[0.2759191510616237,0.2475564121199989],""has_data"":true,""last_update_ts"":1784119504.897529,""raw"":[15791,16365,15632]},""thumb"":{""age_s"":0.009144783020019531,""channels"":3,""force"":[0.0,-2.220446049250313e-16],""has_data"":true,""last_update_ts"":1784119504.897529,""raw"":[0,0,0]}}","{""ble"":{""connection_state"":""connected"",""counter"":1042490,""finger_order"":""DexterController.Visualizer"",""last_error"":null,""last_sample_age_s"":0.00917004799703136,""reconnect_count"":0,""sample_hz"":20.0,""sample_sequence"":547,""timestamp_us"":10469738528},""fingers"":{""index"":{""has_data"":true,""last_update_ts"":1784119504.897529,""mapped"":true},""middle"":{""has_data"":true,""last_update_ts"":1784119504.897529,""mapped"":true},""pinky"":{""has_data"":true,""last_update_ts"":1784119504.897529,""mapped"":true},""ring"":{""has_data"":true,""last_update_ts"":1784119504.897529,""mapped"":true},""thumb"":{""has_data"":true,""last_update_ts"":1784119504.897529,""mapped"":true}},""ports"":{""available"":[""BLE:Dexter""],""unavailable"":[]}}"
1784119504.9568434,1784119504.9567053,549,ble,"{""index"":{""age_s"":0.00917959213256836,""channels"":3,""force"":[0.34225511420884125,0.7287927558599989],""has_data"":true,""last_update_ts"":1784119504.9475257,""raw"":[17182,17894,16225]},""middle"":{""age_s"":0.00917959213256836,""channels"":3,""force"":[-0.28793653568973987,-1.491166594530001],""has_data"":true,""last_update_ts"":1784119504.9475257,""raw"":[15298,14699,17685]},""pinky"":{""age_s"":0.00917959213256836,""channels"":3,""force"":[-1.0320529918628942,-0.7401714698700017],""has_data"":true,""last_update_ts"":1784119504.9475257,""raw"":[17430,15283,17690]},""ring"":{""age_s"":0.00917959213256836,""channels"":3,""force"":[0.285052363378993,0.2678160736499988],""has_data"":true,""last_update_ts"":1784119504.9475257,""raw"":[15799,16392,15613]},""thumb"":{""age_s"":0.00917959213256836,""channels"":3,""force"":[0.0,-2.220446049250313e-16],""has_data"":true,""last_update_ts"":1784119504.9475257,""raw"":[0,0,0]}}","{""ble"":{""connection_state"":""connected"",""counter"":1042495,""finger_order"":""DexterController.Visualizer"",""last_error"":null,""last_sample_age_s"":0.009205194000969641,""reconnect_count"":0,""sample_hz"":20.0,""sample_sequence"":548,""timestamp_us"":10469785632},""fingers"":{""index"":{""has_data"":true,""last_update_ts"":1784119504.9475257,""mapped"":true},""middle"":{""has_data"":true,""last_update_ts"":1784119504.9475257,""mapped"":true},""pinky"":{""has_data"":true,""last_update_ts"":1784119504.9475257,""mapped"":true},""ring"":{""has_data"":true,""last_update_ts"":1784119504.9475257,""mapped"":true},""thumb"":{""has_data"":true,""last_update_ts"":1784119504.9475257,""mapped"":true}},""ports"":{""available"":[""BLE:Dexter""],""unavailable"":[]}}"
1784119505.0568173,1784119505.056687,550,ble,"{""index"":{""age_s"":0.009176015853881836,""channels"":3,""force"":[-0.05239579697860286,-0.2933487977700029],""has_data"":true,""last_update_ts"":1784119505.047511,""raw"":[16948,16839,17422]},""middle"":{""age_s"":0.009176015853881836,""channels"":3,""force"":[-0.24275116948801134,0.4959454130699985],""has_data"":true,""last_update_ts"":1784119505.047511,""raw"":[16415,15910,15269]},""pinky"":{""age_s"":0.009176015853881836,""channels"":3,""force"":[-1.0262846472413987,-0.7340658184500031],""has_data"":true,""last_update_ts"":1784119505.047511,""raw"":[17429,15294,17684]},""ring"":{""age_s"":0.009176015853881836,""channels"":3,""force"":[0.2735156741359983,0.25449465236999824],""has_data"":true,""last_update_ts"":1784119505.047511,""raw"":[15800,16369,15626]},""thumb"":{""age_s"":0.009176015853881836,""channels"":3,""force"":[0.0,-2.220446049250313e-16],""has_data"":true,""last_update_ts"":1784119505.047511,""raw"":[0,0,0]}}","{""ble"":{""connection_state"":""connected"",""counter"":1042507,""finger_order"":""DexterController.Visualizer"",""last_error"":null,""last_sample_age_s"":0.009201306995237246,""reconnect_count"":0,""sample_hz"":20.0,""sample_sequence"":549,""timestamp_us"":10469898656},""fingers"":{""index"":{""has_data"":true,""last_update_ts"":1784119505.047511,""mapped"":true},""middle"":{""has_data"":true,""last_update_ts"":1784119505.047511,""mapped"":true},""pinky"":{""has_data"":true,""last_update_ts"":1784119505.047511,""mapped"":true},""ring"":{""has_data"":true,""last_update_ts"":1784119505.047511,""mapped"":true},""thumb"":{""has_data"":true,""last_update_ts"":1784119505.047511,""mapped"":true}},""ports"":{""available"":[""BLE:Dexter""],""unavailable"":[]}}"
1784119505.106817,1784119505.1066844,551,ble,"{""index"":{""age_s"":0.009155511856079102,""channels"":3,""force"":[-0.07066222161334146,-0.4520957346900021],""has_data"":true,""last_update_ts"":1784119505.097529,""raw"":[16857,16710,17598]},""middle"":{""age_s"":0.009155511856079102,""channels"":3,""force"":[-0.18506772327303977,0.5631075786899977],""has_data"":true,""last_update_ts"":1784119505.097529,""raw"":[16398,16013,15191]},""pinky"":{""age_s"":0.009155511856079102,""channels"":3,""force"":[-1.0195549118496476,-0.7529378319300024],""has_data"":true,""last_update_ts"":1784119505.097529,""raw"":[17409,15288,17705]},""ring"":{""age_s"":0.009155511856079102,""channels"":3,""force"":[0.2725542833657464,0.2506092378299982],""has_data"":true,""last_update_ts"":1784119505.097529,""raw"":[15800,16367,15632]},""thumb"":{""age_s"":0.009155511856079102,""channels"":3,""force"":[0.0,-2.220446049250313e-16],""has_data"":true,""last_update_ts"":1784119505.097529,""raw"":[0,0,0]}}","{""ble"":{""connection_state"":""connected"",""counter"":1042510,""finger_order"":""DexterController.Visualizer"",""last_error"":null,""last_sample_age_s"":0.009180673005175777,""reconnect_count"":0,""sample_hz"":20.0,""sample_sequence"":550,""timestamp_us"":10469926624},""fingers"":{""index"":{""has_data"":true,""last_update_ts"":1784119505.097529,""mapped"":true},""middle"":{""has_data"":true,""last_update_ts"":1784119505.097529,""mapped"":true},""pinky"":{""has_data"":true,""last_update_ts"":1784119505.097529,""mapped"":true},""ring"":{""has_data"":true,""last_update_ts"":1784119505.097529,""mapped"":true},""thumb"":{""has_data"":true,""last_update_ts"":1784119505.097529,""mapped"":true}},""ports"":{""available"":[""BLE:Dexter""],""unavailable"":[]}}"
1784119505.1568096,1784119505.1566675,552,ble,"{""index"":{""age_s"":0.009139060974121094,""channels"":3,""force"":[-0.11825106474069536,-0.603349372140003],""has_data"":true,""last_update_ts"":1784119505.1475284,""raw"":[16819,16573,17783]},""middle"":{""age_s"":0.009139060974121094,""channels"":3,""force"":[-0.13363331706468884,0.5567243976599983],""has_data"":true,""last_update_ts"":1784119505.1475284,""raw"":[16336,16058,15194]},""pinky"":{""age_s"":0.009139060974121094,""channels"":3,""force"":[-1.0243618657008984,-0.7468321805100029],""has_data"":true,""last_update_ts"":1784119505.1475284,""raw"":[17421,15290,17701]},""ring"":{""age_s"":0.009139060974121094,""channels"":3,""force"":[0.27207358798062486,0.2519968858799979],""has_data"":true,""last_update_ts"":1784119505.1475284,""raw"":[15798,16364,15627]},""thumb"":{""age_s"":0.009139060974121094,""channels"":3,""force"":[0.0,-2.220446049250313e-16],""has_data"":true,""last_update_ts"":1784119505.1475284,""raw"":[0,0,0]}}","{""ble"":{""connection_state"":""connected"",""counter"":1042516,""finger_order"":""DexterController.Visualizer"",""last_error"":null,""last_sample_age_s"":0.009162893999018706,""reconnect_count"":0,""sample_hz"":20.0,""sample_sequence"":551,""timestamp_us"":10469983328},""fingers"":{""index"":{""has_data"":true,""last_update_ts"":1784119505.1475284,""mapped"":true},""middle"":{""has_data"":true,""last_update_ts"":1784119505.1475284,""mapped"":true},""pinky"":{""has_data"":true,""last_update_ts"":1784119505.1475284,""mapped"":true},""ring"":{""has_data"":true,""last_update_ts"":1784119505.1475284,""mapped"":true},""thumb"":{""has_data"":true,""last_update_ts"":1784119505.1475284,""mapped"":true}},""ports"":{""available"":[""BLE:Dexter""],""unavailable"":[]}}"
1784119505.206775,1784119505.2066462,553,ble,"{""index"":{""age_s"":0.009130001068115234,""channels"":3,""force"":[-0.17353103403004155,-0.648031639350001],""has_data"":true,""last_update_ts"":1784119505.1975162,""raw"":[16823,16462,17810]},""middle"":{""age_s"":0.009130001068115234,""channels"":3,""force"":[-0.14228583399693306,0.6238865632799984],""has_data"":true,""last_update_ts"":1784119505.1975162,""raw"":[16236,15940,14964]},""pinky"":{""age_s"":0.009130001068115234,""channels"":3,""force"":[1.4848680446504314,0.42989336588999905],""has_data"":true,""last_update_ts"":1784119505.1975162,""raw"":[16599,19688,17369]},""ring"":{""age_s"":0.009130001068115234,""channels"":3,""force"":[0.3283149480402212,0.7507175950499985],""has_data"":true,""last_update_ts"":1784119505.1975162,""raw"":[15732,16415,14721]},""thumb"":{""age_s"":0.009130001068115234,""channels"":3,""force"":[0.0,-2.220446049250313e-16],""has_data"":true,""last_update_ts"":1784119505.1975162,""raw"":[0,0,0]}}","{""ble"":{""connection_state"":""connected"",""counter"":1042521,""finger_order"":""DexterController.Visualizer"",""last_error"":null,""last_sample_age_s"":0.009151158999884501,""reconnect_count"":0,""sample_hz"":20.0,""sample_sequence"":552,""timestamp_us"":10470030336},""fingers"":{""index"":{""has_data"":true,""last_update_ts"":1784119505.1975162,""mapped"":true},""middle"":{""has_data"":true,""last_update_ts"":1784119505.1975162,""mapped"":true},""pinky"":{""has_data"":true,""last_update_ts"":1784119505.1975162,""mapped"":true},""ring"":{""has_data"":true,""last_update_ts"":1784119505.1975162,""mapped"":true},""thumb"":{""has_data"":true,""last_update_ts"":1784119505.1975162,""mapped"":true}},""ports"":{""available"":[""BLE:Dexter""],""unavailable"":[]}}"
1784119505.256764,1784119505.2566476,554,ble,"{""index"":{""age_s"":0.00912332534790039,""channels"":3,""force"":[-0.24755812333925853,-0.82731576741],""has_data"":true,""last_update_ts"":1784119505.2475243,""raw"":[16787,16272,18020]},""middle"":{""age_s"":0.00912332534790039,""channels"":3,""force"":[-0.1043108985720771,0.4770733995899974],""has_data"":true,""last_update_ts"":1784119505.2475243,""raw"":[16230,16013,15262]},""pinky"":{""age_s"":0.00912332534790039,""channels"":3,""force"":[-1.0224390841603999,-0.7435018251900019],""has_data"":true,""last_update_ts"":1784119505.2475243,""raw"":[17417,15290,17693]},""ring"":{""age_s"":0.00912332534790039,""channels"":3,""force"":[0.2840909726087446,0.2589351261300008],""has_data"":true,""last_update_ts"":1784119505.2475243,""raw"":[15802,16393,15631]},""thumb"":{""age_s"":0.00912332534790039,""channels"":3,""force"":[0.0,-2.220446049250313e-16],""has_data"":true,""last_update_ts"":1784119505.2475243,""raw"":[0,0,0]}}","{""ble"":{""connection_state"":""connected"",""counter"":1042527,""finger_order"":""DexterController.Visualizer"",""last_error"":null,""last_sample_age_s"":0.009144786003162153,""reconnect_count"":0,""sample_hz"":20.0,""sample_sequence"":553,""timestamp_us"":10470086784},""fingers"":{""index"":{""has_data"":true,""last_update_ts"":1784119505.2475243,""mapped"":true},""middle"":{""has_data"":true,""last_update_ts"":1784119505.2475243,""mapped"":true},""pinky"":{""has_data"":true,""last_update_ts"":1784119505.2475243,""mapped"":true},""ring"":{""has_data"":true,""last_update_ts"":1784119505.2475243,""mapped"":true},""thumb"":{""has_data"":true,""last_update_ts"":1784119505.2475243,""mapped"":true}},""ports"":{""available"":[""BLE:Dexter""],""unavailable"":[]}}"
1784119505.30679,1784119505.3066678,555,ble,"{""index"":{""age_s"":0.009153127670288086,""channels"":3,""force"":[-0.2932241849261139,-1.0623833470800017],""has_data"":true,""last_update_ts"":1784119505.2975147,""raw"":[16612,16002,18221]},""middle"":{""age_s"":0.009153127670288086,""channels"":3,""force"":[-0.01682433847936693,0.53313438081],""has_data"":true,""last_update_ts"":1784119505.2975147,""raw"":[16137,16102,15159]},""pinky"":{""age_s"":0.009153127670288086,""channels"":3,""force"":[-1.0267653426265237,-0.7393388810400001],""has_data"":true,""last_update_ts"":1784119505.2975147,""raw"":[17425,15289,17689]},""ring"":{""age_s"":0.009153127670288086,""channels"":3,""force"":[0.2768805418318703,0.2586575965199973],""has_data"":true,""last_update_ts"":1784119505.2975147,""raw"":[15803,16379,15625]},""thumb"":{""age_s"":0.009153127670288086,""channels"":3,""force"":[0.0,-2.220446049250313e-16],""has_data"":true,""last_update_ts"":1784119505.2975147,""raw"":[0,0,0]}}","{""ble"":{""connection_state"":""connected"",""counter"":1042532,""finger_order"":""DexterController.Visualizer"",""last_error"":null,""last_sample_age_s"":0.009177797008305788,""reconnect_count"":0,""sample_hz"":20.0,""sample_sequence"":554,""timestamp_us"":10470133792},""fingers"":{""index"":{""has_data"":true,""last_update_ts"":1784119505.2975147,""mapped"":true},""middle"":{""has_data"":true,""last_update_ts"":1784119505.2975147,""mapped"":true},""pinky"":{""has_data"":true,""last_update_ts"":1784119505.2975147,""mapped"":true},""ring"":{""has_data"":true,""last_update_ts"":1784119505.2975147,""mapped"":true},""thumb"":{""has_data"":true,""last_update_ts"":1784119505.2975147,""mapped"":true}},""ports"":{""available"":[""BLE:Dexter""],""unavailable"":[]}}"
1784119505.356808,1784119505.3566647,556,ble,"{""index"":{""age_s"":0.009140491485595703,""channels"":3,""force"":[-0.4210891573693054,-1.3099397592000024],""has_data"":true,""last_update_ts"":1784119505.3475242,""raw"":[16507,15631,18429]},""middle"":{""age_s"":0.009140491485595703,""channels"":3,""force"":[-0.0024034769256235933,0.19565837504999717],""has_data"":true,""last_update_ts"":1784119505.3475242,""raw"":[15787,15782,15432]},""pinky"":{""age_s"":0.009140491485595703,""channels"":3,""force"":[-0.9950394472082866,-0.7432242955800001],""has_data"":true,""last_update_ts"":1784119505.3475242,""raw"":[17392,15322,17696]},""ring"":{""age_s"":0.009140491485595703,""channels"":3,""force"":[0.26197898489300364,0.2583800669099956],""has_data"":true,""last_update_ts"":1784119505.3475242,""raw"":[15817,16362,15624]},""thumb"":{""age_s"":0.009140491485595703,""channels"":3,""force"":[0.0,-2.220446049250313e-16],""has_data"":true,""last_update_ts"":1784119505.3475242,""raw"":[0,0,0]}}","{""ble"":{""connection_state"":""connected"",""counter"":1042537,""finger_order"":""DexterController.Visualizer"",""last_error"":null,""last_sample_age_s"":0.00916612200671807,""reconnect_count"":0,""sample_hz"":20.0,""sample_sequence"":555,""timestamp_us"":10470180864},""fingers"":{""index"":{""has_data"":true,""last_update_ts"":1784119505.3475242,""mapped"":true},""middle"":{""has_data"":true,""last_update_ts"":1784119505.3475242,""mapped"":true},""pinky"":{""has_data"":true,""last_update_ts"":1784119505.3475242,""mapped"":true},""ring"":{""has_data"":true,""last_update_ts"":1784119505.3475242,""mapped"":true},""thumb"":{""has_data"":true,""last_update_ts"":1784119505.3475242,""mapped"":true}},""ports"":{""available"":[""BLE:Dexter""],""unavailable"":[]}}"
1784119505.4067903,1784119505.4066625,557,ble,"{""index"":{""age_s"":0.009137868881225586,""channels"":3,""force"":[-0.41676289890317975,-1.3490714342100008],""has_data"":true,""last_update_ts"":1784119505.3975246,""raw"":[16341,15474,18338]},""middle"":{""age_s"":0.009137868881225586,""channels"":3,""force"":[0.18650980942841322,-0.24422605680000142],""has_data"":true,""last_update_ts"":1784119505.3975246,""raw"":[15206,15594,15840]},""pinky"":{""age_s"":0.009137868881225586,""channels"":3,""force"":[-1.0416668995653886,-0.7407265290900025],""has_data"":true,""last_update_ts"":1784119505.3975246,""raw"":[17442,15275,17693]},""ring"":{""age_s"":0.009137868881225586,""channels"":3,""force"":[0.2739963695211216,0.25532724119999806],""has_data"":true,""last_update_ts"":1784119505.3975246,""raw"":[15796,16366,15621]},""thumb"":{""age_s"":0.009137868881225586,""channels"":3,""force"":[0.0,-2.220446049250313e-16],""has_data"":true,""last_update_ts"":1784119505.3975246,""raw"":[0,0,0]}}","{""ble"":{""connection_state"":""connected"",""counter"":1042543,""finger_order"":""DexterController.Visualizer"",""last_error"":null,""last_sample_age_s"":0.009158576009212993,""reconnect_count"":0,""sample_hz"":20.0,""sample_sequence"":556,""timestamp_us"":10470237280},""fingers"":{""index"":{""has_data"":true,""last_update_ts"":1784119505.3975246,""mapped"":true},""middle"":{""has_data"":true,""last_update_ts"":1784119505.3975246,""mapped"":true},""pinky"":{""has_data"":true,""last_update_ts"":1784119505.3975246,""mapped"":true},""ring"":{""has_data"":true,""last_update_ts"":1784119505.3975246,""mapped"":true},""thumb"":{""has_data"":true,""last_update_ts"":1784119505.3975246,""mapped"":true}},""ports"":{""available"":[""BLE:Dexter""],""unavailable"":[]}}"
1784119505.4568157,1784119505.4566715,558,ble,"{""index"":{""age_s"":0.009147167205810547,""channels"":3,""force"":[-0.41195594505193256,-1.4029121785500038],""has_data"":true,""last_update_ts"":1784119505.4475243,""raw"":[16264,15407,18363]},""middle"":{""age_s"":0.009147167205810547,""channels"":3,""force"":[0.2538071633458827,-0.3613435522200019],""has_data"":true,""last_update_ts"":1784119505.4475243,""raw"":[14996,15524,15911]},""pinky"":{""age_s"":0.009147167205810547,""channels"":3,""force"":[-1.0296495149372689,-0.7443344140200034],""has_data"":true,""last_update_ts"":1784119505.4475243,""raw"":[17423,15281,17693]},""ring"":{""age_s"":0.009147167205810547,""channels"":3,""force"":[0.28120680029799416,0.26393065910999525],""has_data"":true,""last_update_ts"":1784119505.4475243,""raw"":[15803,16388,15620]},""thumb"":{""age_s"":0.009147167205810547,""channels"":3,""force"":[0.0,-2.220446049250313e-16],""has_data"":true,""last_update_ts"":1784119505.4475243,""raw"":[0,0,0]}}","{""ble"":{""connection_state"":""connected"",""counter"":1042548,""finger_order"":""DexterController.Visualizer"",""last_error"":null,""last_sample_age_s"":0.009172705002129078,""reconnect_count"":0,""sample_hz"":20.0,""sample_sequence"":557,""timestamp_us"":10470284320},""fingers"":{""index"":{""has_data"":true,""last_update_ts"":1784119505.4475243,""mapped"":true},""middle"":{""has_data"":true,""last_update_ts"":1784119505.4475243,""mapped"":true},""pinky"":{""has_data"":true,""last_update_ts"":1784119505.4475243,""mapped"":true},""ring"":{""has_data"":true,""last_update_ts"":1784119505.4475243,""mapped"":true},""thumb"":{""has_data"":true,""last_update_ts"":1784119505.4475243,""mapped"":true}},""ports"":{""available"":[""BLE:Dexter""],""unavailable"":[]}}"
1784119505.5068052,1784119505.5066614,559,ble,"{""index"":{""age_s"":0.009136676788330078,""channels"":3,""force"":[-0.42493472045030245,-1.1856064939200017],""has_data"":true,""last_update_ts"":1784119505.4975247,""raw"":[16567,15683,18261]},""middle"":{""age_s"":0.009136676788330078,""channels"":3,""force"":[0.2365021294813907,-0.5034387125400039],""has_data"":true,""last_update_ts"":1784119505.4975247,""raw"":[14796,15288,15949]},""pinky"":{""age_s"":0.009136676788330078,""channels"":3,""force"":[-1.0234004749306465,-0.7534928911500005],""has_data"":true,""last_update_ts"":1784119505.4975247,""raw"":[17414,15285,17707]},""ring"":{""age_s"":0.009136676788330078,""channels"":3,""force"":[0.27255428336574816,0.24561370485000023],""has_data"":true,""last_update_ts"":1784119505.4975247,""raw"":[15789,16356,15630]},""thumb"":{""age_s"":0.009136676788330078,""channels"":3,""force"":[0.0,-2.220446049250313e-16],""has_data"":true,""last_update_ts"":1784119505.4975247,""raw"":[0,0,0]}}","{""ble"":{""connection_state"":""connected"",""counter"":1042553,""finger_order"":""DexterController.Visualizer"",""last_error"":null,""last_sample_age_s"":0.009161912996205501,""reconnect_count"":0,""sample_hz"":20.0,""sample_sequence"":558,""timestamp_us"":10470331392},""fingers"":{""index"":{""has_data"":true,""last_update_ts"":1784119505.4975247,""mapped"":true},""middle"":{""has_data"":true,""last_update_ts"":1784119505.4975247,""mapped"":true},""pinky"":{""has_data"":true,""last_update_ts"":1784119505.4975247,""mapped"":true},""ring"":{""has_data"":true,""last_update_ts"":1784119505.4975247,""mapped"":true},""thumb"":{""has_data"":true,""last_update_ts"":1784119505.4975247,""mapped"":true}},""ports"":{""available"":[""BLE:Dexter""],""unavailable"":[]}}"
1784119505.556816,1784119505.5566735,560,ble,"{""index"":{""age_s"":0.009144783020019531,""channels"":3,""force"":[-0.37350031424194974,-0.9827323490100026],""has_data"":true,""last_update_ts"":1784119505.5475287,""raw"":[16676,15899,18058]},""middle"":{""age_s"":0.009144783020019531,""channels"":3,""force"":[0.042301193890981637,-0.2209135695600013],""has_data"":true,""last_update_ts"":1784119505.5475287,""raw"":[15344,15432,15786]},""pinky"":{""age_s"":0.009144783020019531,""channels"":3,""force"":[-1.0315722964777692,-0.7587659537400029],""has_data"":true,""last_update_ts"":1784119505.5475287,""raw"":[17416,15270,17710]},""ring"":{""age_s"":0.009144783020019531,""channels"":3,""force"":[0.27543845567649683,0.22840686902999696],""has_data"":true,""last_update_ts"":1784119505.5475287,""raw"":[15790,16363,15665]},""thumb"":{""age_s"":0.009144783020019531,""channels"":3,""force"":[0.0,-2.220446049250313e-16],""has_data"":true,""last_update_ts"":1784119505.5475287,""raw"":[0,0,0]}}","{""ble"":{""connection_state"":""connected"",""counter"":1042559,""finger_order"":""DexterController.Visualizer"",""last_error"":null,""last_sample_age_s"":0.009170541001367383,""reconnect_count"":0,""sample_hz"":20.0,""sample_sequence"":559,""timestamp_us"":10470387904},""fingers"":{""index"":{""has_data"":true,""last_update_ts"":1784119505.5475287,""mapped"":true},""middle"":{""has_data"":true,""last_update_ts"":1784119505.5475287,""mapped"":true},""pinky"":{""has_data"":true,""last_update_ts"":1784119505.5475287,""mapped"":true},""ring"":{""has_data"":true,""last_update_ts"":1784119505.5475287,""mapped"":true},""thumb"":{""has_data"":true,""last_update_ts"":1784119505.5475287,""mapped"":true}},""ports"":{""available"":[""BLE:Dexter""],""unavailable"":[]}}"
1784119505.6067605,1784119505.6066353,561,ble,"{""index"":{""age_s"":0.009122133255004883,""channels"":3,""force"":[-0.2557299448863777,-0.6904936696800021],""has_data"":true,""last_update_ts"":1784119505.5975132,""raw"":[16847,16315,17825]},""middle"":{""age_s"":0.009122133255004883,""channels"":3,""force"":[-0.011536689242994669,0.04606991525999682],""has_data"":true,""last_update_ts"":1784119505.5975132,""raw"":[15822,15798,15727]},""pinky"":{""age_s"":0.009122133255004883,""channels"":3,""force"":[-1.0286881241670187,-0.7415591179200005],""has_data"":true,""last_update_ts"":1784119505.5975132,""raw"":[17426,15286,17692]},""ring"":{""age_s"":0.009122133255004883,""channels"":3,""force"":[0.296108357236859,0.2786397284399982],""has_data"":true,""last_update_ts"":1784119505.5975132,""raw"":[15809,16425,15615]},""thumb"":{""age_s"":0.009122133255004883,""channels"":3,""force"":[0.0,-2.220446049250313e-16],""has_data"":true,""last_update_ts"":1784119505.5975132,""raw"":[0,0,0]}}","{""ble"":{""connection_state"":""connected"",""counter"":1042564,""finger_order"":""DexterController.Visualizer"",""last_error"":null,""last_sample_age_s"":0.009142310998868197,""reconnect_count"":0,""sample_hz"":20.0,""sample_sequence"":560,""timestamp_us"":10470434880},""fingers"":{""index"":{""has_data"":true,""last_update_ts"":1784119505.5975132,""mapped"":true},""middle"":{""has_data"":true,""last_update_ts"":1784119505.5975132,""mapped"":true},""pinky"":{""has_data"":true,""last_update_ts"":1784119505.5975132,""mapped"":true},""ring"":{""has_data"":true,""last_update_ts"":1784119505.5975132,""mapped"":true},""thumb"":{""has_data"":true,""last_update_ts"":1784119505.5975132,""mapped"":true}},""ports"":{""available"":[""BLE:Dexter""],""unavailable"":[]}}"
1784119505.6567929,1784119505.6566699,562,ble,"{""index"":{""age_s"":0.009145498275756836,""channels"":3,""force"":[-0.40522620966018685,-0.7978976287500021],""has_data"":true,""last_update_ts"":1784119505.6475244,""raw"":[16953,16110,17969]},""middle"":{""age_s"":0.009145498275756836,""channels"":3,""force"":[-0.018747120019869,0.022479898409998533],""has_data"":true,""last_update_ts"":1784119505.6475244,""raw"":[15801,15762,15741]},""pinky"":{""age_s"":0.009145498275756836,""channels"":3,""force"":[-1.021958388775273,-0.750995124660002],""has_data"":true,""last_update_ts"":1784119505.6475244,""raw"":[17422,15296,17712]},""ring"":{""age_s"":0.009145498275756836,""channels"":3,""force"":[0.27736123721699535,0.25449465236999824],""has_data"":true,""last_update_ts"":1784119505.6475244,""raw"":[15793,16370,15623]},""thumb"":{""age_s"":0.009145498275756836,""channels"":3,""force"":[0.0,-2.220446049250313e-16],""has_data"":true,""last_update_ts"":1784119505.6475244,""raw"":[0,0,0]}}","{""ble"":{""connection_state"":""connected"",""counter"":1042569,""finger_order"":""DexterController.Visualizer"",""last_error"":null,""last_sample_age_s"":0.009166392002953216,""reconnect_count"":0,""sample_hz"":20.0,""sample_sequence"":561,""timestamp_us"":10470481952},""fingers"":{""index"":{""has_data"":true,""last_update_ts"":1784119505.6475244,""mapped"":true},""middle"":{""has_data"":true,""last_update_ts"":1784119505.6475244,""mapped"":true},""pinky"":{""has_data"":true,""last_update_ts"":1784119505.6475244,""mapped"":true},""ring"":{""has_data"":true,""last_update_ts"":1784119505.6475244,""mapped"":true},""thumb"":{""has_data"":true,""last_update_ts"":1784119505.6475244,""mapped"":true}},""ports"":{""available"":[""BLE:Dexter""],""unavailable"":[]}}"
1784119505.7067726,1784119505.7066371,563,ble,"{""index"":{""age_s"":0.009124994277954102,""channels"":3,""force"":[-0.4066682958155585,-0.7854087963000023],""has_data"":true,""last_update_ts"":1784119505.6975121,""raw"":[16959,16113,17951]},""middle"":{""age_s"":0.009124994277954102,""channels"":3,""force"":[-0.02739963695211145,-0.031915905150001755],""has_data"":true,""last_update_ts"":1784119505.6975121,""raw"":[15777,15720,15806]},""pinky"":{""age_s"":0.009124994277954102,""channels"":3,""force"":[-1.0123444810727769,-0.7548805392000029],""has_data"":true,""last_update_ts"":1784119505.6975121,""raw"":[17407,15301,17714]},""ring"":{""age_s"":0.009124994277954102,""channels"":3,""force"":[0.2773612372169971,0.2639306591099988],""has_data"":true,""last_update_ts"":1784119505.6975121,""raw"":[15804,16381,15617]},""thumb"":{""age_s"":0.009124994277954102,""channels"":3,""force"":[0.0,-2.220446049250313e-16],""has_data"":true,""last_update_ts"":1784119505.6975121,""raw"":[0,0,0]}}","{""ble"":{""connection_state"":""connected"",""counter"":1042575,""finger_order"":""DexterController.Visualizer"",""last_error"":null,""last_sample_age_s"":0.009149306002655067,""reconnect_count"":0,""sample_hz"":20.0,""sample_sequence"":562,""timestamp_us"":10470538496},""fingers"":{""index"":{""has_data"":true,""last_update_ts"":1784119505.6975121,""mapped"":true},""middle"":{""has_data"":true,""last_update_ts"":1784119505.6975121,""mapped"":true},""pinky"":{""has_data"":true,""last_update_ts"":1784119505.6975121,""mapped"":true},""ring"":{""has_data"":true,""last_update_ts"":1784119505.6975121,""mapped"":true},""thumb"":{""has_data"":true,""last_update_ts"":1784119505.6975121,""mapped"":true}},""ports"":{""available"":[""BLE:Dexter""],""unavailable"":[]}}"
1784119505.7567961,1784119505.7566564,564,ble,"{""index"":{""age_s"":0.009144067764282227,""channels"":3,""force"":[-0.4028227327345597,-0.770422197360003],""has_data"":true,""last_update_ts"":1784119505.7475123,""raw"":[16959,16121,17928]},""middle"":{""age_s"":0.009144067764282227,""channels"":3,""force"":[-0.023073378485989338,-0.0299731978800013],""has_data"":true,""last_update_ts"":1784119505.7475123,""raw"":[15771,15723,15801]},""pinky"":{""age_s"":0.009144067764282227,""channels"":3,""force"":[-1.0190742164645243,-0.7454445324600023],""has_data"":true,""last_update_ts"":1784119505.7475123,""raw"":[17414,15294,17697]},""ring"":{""age_s"":0.009144067764282227,""channels"":3,""force"":[0.2869751449194915,0.24727888250999808],""has_data"":true,""last_update_ts"":1784119505.7475123,""raw"":[15787,16384,15640]},""thumb"":{""age_s"":0.009144067764282227,""channels"":3,""force"":[0.0,-2.220446049250313e-16],""has_data"":true,""last_update_ts"":1784119505.7475123,""raw"":[0,0,0]}}","{""ble"":{""connection_state"":""connected"",""counter"":1042580,""finger_order"":""DexterController.Visualizer"",""last_error"":null,""last_sample_age_s"":0.009167765005258843,""reconnect_count"":0,""sample_hz"":20.0,""sample_sequence"":563,""timestamp_us"":10470585472},""fingers"":{""index"":{""has_data"":true,""last_update_ts"":1784119505.7475123,""mapped"":true},""middle"":{""has_data"":true,""last_update_ts"":1784119505.7475123,""mapped"":true},""pinky"":{""has_data"":true,""last_update_ts"":1784119505.7475123,""mapped"":true},""ring"":{""has_data"":true,""last_update_ts"":1784119505.7475123,""mapped"":true},""thumb"":{""has_data"":true,""last_update_ts"":1784119505.7475123,""mapped"":true}},""ports"":{""available"":[""BLE:Dexter""],""unavailable"":[]}}"
1784119505.8067884,1784119505.8066552,565,ble,"{""index"":{""age_s"":0.009145498275756836,""channels"":3,""force"":[-0.3980157788833125,-0.7554355984200019],""has_data"":true,""last_update_ts"":1784119505.7975097,""raw"":[16971,16143,17918]},""middle"":{""age_s"":0.009145498275756836,""channels"":3,""force"":[-0.023554073871112635,-0.050787918630000206],""has_data"":true,""last_update_ts"":1784119505.7975097,""raw"":[15760,15711,15827]},""pinky"":{""age_s"":0.009145498275756836,""channels"":3,""force"":[-1.0224390841603999,-0.74405688441],""has_data"":true,""last_update_ts"":1784119505.7975097,""raw"":[17417,15290,17694]},""ring"":{""age_s"":0.009145498275756836,""channels"":3,""force"":[0.2773612372169936,0.2506092378299982],""has_data"":true,""last_update_ts"":1784119505.7975097,""raw"":[15794,16371,15631]},""thumb"":{""age_s"":0.009145498275756836,""channels"":3,""force"":[0.0,-2.220446049250313e-16],""has_data"":true,""last_update_ts"":1784119505.7975097,""raw"":[0,0,0]}}","{""ble"":{""connection_state"":""connected"",""counter"":1042585,""finger_order"":""DexterController.Visualizer"",""last_error"":null,""last_sample_age_s"":0.009167073993012309,""reconnect_count"":0,""sample_hz"":20.0,""sample_sequence"":564,""timestamp_us"":10470632416},""fingers"":{""index"":{""has_data"":true,""last_update_ts"":1784119505.7975097,""mapped"":true},""middle"":{""has_data"":true,""last_update_ts"":1784119505.7975097,""mapped"":true},""pinky"":{""has_data"":true,""last_update_ts"":1784119505.7975097,""mapped"":true},""ring"":{""has_data"":true,""last_update_ts"":1784119505.7975097,""mapped"":true},""thumb"":{""has_data"":true,""last_update_ts"":1784119505.7975097,""mapped"":true}},""ports"":{""available"":[""BLE:Dexter""],""unavailable"":[]}}"
1784119505.8567824,1784119505.856656,566,ble,"{""index"":{""age_s"":0.009145975112915039,""channels"":3,""force"":[-0.40041925580893967,-0.7584884241300038],""has_data"":true,""last_update_ts"":1784119505.84751,""raw"":[16957,16124,17907]},""middle"":{""age_s"":0.009145975112915039,""channels"":3,""force"":[-0.024515464641361007,-0.01026859557000126],""has_data"":true,""last_update_ts"":1784119505.84751,""raw"":[15754,15703,15747]},""pinky"":{""age_s"":0.009145975112915039,""channels"":3,""force"":[-0.5561645605893641,-0.5064915382500015],""has_data"":true,""last_update_ts"":1784119505.84751,""raw"":[17300,16143,17634]},""ring"":{""age_s"":0.009145975112915039,""channels"":3,""force"":[0.3013960064732366,0.32554223252999925],""has_data"":true,""last_update_ts"":1784119505.84751,""raw"":[15762,16389,15489]},""thumb"":{""age_s"":0.009145975112915039,""channels"":3,""force"":[0.0,-2.220446049250313e-16],""has_data"":true,""last_update_ts"":1784119505.84751,""raw"":[0,0,0]}}","{""ble"":{""connection_state"":""connected"",""counter"":1042591,""finger_order"":""DexterController.Visualizer"",""last_error"":null,""last_sample_age_s"":0.009166803007246926,""reconnect_count"":0,""sample_hz"":20.0,""sample_sequence"":565,""timestamp_us"":10470688832},""fingers"":{""index"":{""has_data"":true,""last_update_ts"":1784119505.84751,""mapped"":true},""middle"":{""has_data"":true,""last_update_ts"":1784119505.84751,""mapped"":true},""pinky"":{""has_data"":true,""last_update_ts"":1784119505.84751,""mapped"":true},""ring"":{""has_data"":true,""last_update_ts"":1784119505.84751,""mapped"":true},""thumb"":{""has_data"":true,""last_update_ts"":1784119505.84751,""mapped"":true}},""ports"":{""available"":[""BLE:Dexter""],""unavailable"":[]}}"
1784119505.9067652,1784119505.906634,567,ble,"{""index"":{""age_s"":0.00912332534790039,""channels"":3,""force"":[-0.4114752496668075,-0.7687570197000007],""has_data"":true,""last_update_ts"":1784119505.8975108,""raw"":[16965,16109,17922]},""middle"":{""age_s"":0.00912332534790039,""channels"":3,""force"":[-0.02451546464136456,-0.050232859410002995],""has_data"":true,""last_update_ts"":1784119505.8975108,""raw"":[15761,15710,15826]},""pinky"":{""age_s"":0.00912332534790039,""channels"":3,""force"":[-1.0205163026198996,-0.7468321805100002],""has_data"":true,""last_update_ts"":1784119505.8975108,""raw"":[17412,15289,17696]},""ring"":{""age_s"":0.00912332534790039,""channels"":3,""force"":[0.2845716679938679,0.26032277417999783],""has_data"":true,""last_update_ts"":1784119505.8975108,""raw"":[15799,16391,15626]},""thumb"":{""age_s"":0.00912332534790039,""channels"":3,""force"":[0.0,-2.220446049250313e-16],""has_data"":true,""last_update_ts"":1784119505.8975108,""raw"":[0,0,0]}}","{""ble"":{""connection_state"":""connected"",""counter"":1042596,""finger_order"":""DexterController.Visualizer"",""last_error"":null,""last_sample_age_s"":0.009145276999333873,""reconnect_count"":0,""sample_hz"":20.0,""sample_sequence"":566,""timestamp_us"":10470735744},""fingers"":{""index"":{""has_data"":true,""last_update_ts"":1784119505.8975108,""mapped"":true},""middle"":{""has_data"":true,""last_update_ts"":1784119505.8975108,""mapped"":true},""pinky"":{""has_data"":true,""last_update_ts"":1784119505.8975108,""mapped"":true},""ring"":{""has_data"":true,""last_update_ts"":1784119505.8975108,""mapped"":true},""thumb"":{""has_data"":true,""last_update_ts"":1784119505.8975108,""mapped"":true}},""ports"":{""available"":[""BLE:Dexter""],""unavailable"":[]}}"
1784119505.9568028,1784119505.9566576,568,ble,"{""index"":{""age_s"":0.009142398834228516,""channels"":3,""force"":[-0.40138064657918804,-0.7679244308700026],""has_data"":true,""last_update_ts"":1784119505.9475152,""raw"":[16967,16132,17933]},""middle"":{""age_s"":0.009142398834228516,""channels"":3,""force"":[-0.017785729249617077,-0.037466497350001404],""has_data"":true,""last_update_ts"":1784119505.9475152,""raw"":[15759,15722,15808]},""pinky"":{""age_s"":0.009142398834228516,""channels"":3,""force"":[-1.0229197795455232,-0.7493299470000023],""has_data"":true,""last_update_ts"":1784119505.9475152,""raw"":[17422,15294,17708]},""ring"":{""age_s"":0.009142398834228516,""channels"":3,""force"":[0.2778419326021222,0.2597677149599962],""has_data"":true,""last_update_ts"":1784119505.9475152,""raw"":[15799,16377,15620]},""thumb"":{""age_s"":0.009142398834228516,""channels"":3,""force"":[0.0,-2.220446049250313e-16],""has_data"":true,""last_update_ts"":1784119505.9475152,""raw"":[0,0,0]}}","{""ble"":{""connection_state"":""connected"",""counter"":1042601,""finger_order"":""DexterController.Visualizer"",""last_error"":null,""last_sample_age_s"":0.009167003008769825,""reconnect_count"":0,""sample_hz"":20.0,""sample_sequence"":567,""timestamp_us"":10470782720},""fingers"":{""index"":{""has_data"":true,""last_update_ts"":1784119505.9475152,""mapped"":true},""middle"":{""has_data"":true,""last_update_ts"":1784119505.9475152,""mapped"":true},""pinky"":{""has_data"":true,""last_update_ts"":1784119505.9475152,""mapped"":true},""ring"":{""has_data"":true,""last_update_ts"":1784119505.9475152,""mapped"":true},""thumb"":{""has_data"":true,""last_update_ts"":1784119505.9475152,""mapped"":true}},""ports"":{""available"":[""BLE:Dexter""],""unavailable"":[]}}"
1784119506.0568023,1784119506.0566561,569,ble,"{""index"":{""age_s"":0.009142637252807617,""channels"":3,""force"":[-0.40330342811968656,-0.7657041939900013],""has_data"":true,""last_update_ts"":1784119506.0475135,""raw"":[16970,16131,17930]},""middle"":{""age_s"":0.009142637252807617,""channels"":3,""force"":[-0.0192278154049923,-0.042184500720003015],""has_data"":true,""last_update_ts"":1784119506.0475135,""raw"":[15756,15716,15812]},""pinky"":{""age_s"":0.009142637252807617,""channels"":3,""force"":[-1.0056147456810312,-0.74766476934],""has_data"":true,""last_update_ts"":1784119506.0475135,""raw"":[17398,15306,17699]},""ring"":{""age_s"":0.009142637252807617,""channels"":3,""force"":[0.28024540952774224,0.24616876406999832],""has_data"":true,""last_update_ts"":1784119506.0475135,""raw"":[15792,16375,15640]},""thumb"":{""age_s"":0.009142637252807617,""channels"":3,""force"":[0.0,-2.220446049250313e-16],""has_data"":true,""last_update_ts"":1784119506.0475135,""raw"":[0,0,0]}}","{""ble"":{""connection_state"":""connected"",""counter"":1042614,""finger_order"":""DexterController.Visualizer"",""last_error"":null,""last_sample_age_s"":0.009168210002826527,""reconnect_count"":0,""sample_hz"":20.0,""sample_sequence"":568,""timestamp_us"":10470904992},""fingers"":{""index"":{""has_data"":true,""last_update_ts"":1784119506.0475135,""mapped"":true},""middle"":{""has_data"":true,""last_update_ts"":1784119506.0475135,""mapped"":true},""pinky"":{""has_data"":true,""last_update_ts"":1784119506.0475135,""mapped"":true},""ring"":{""has_data"":true,""last_update_ts"":1784119506.0475135,""mapped"":true},""thumb"":{""has_data"":true,""last_update_ts"":1784119506.0475135,""mapped"":true}},""ports"":{""available"":[""BLE:Dexter""],""unavailable"":[]}}"
1784119506.1067789,1784119506.106655,570,ble,"{""index"":{""age_s"":0.009140729904174805,""channels"":3,""force"":[-0.40522620966018685,-0.7612637202300014],""has_data"":true,""last_update_ts"":1784119506.0975142,""raw"":[16969,16126,17919]},""middle"":{""age_s"":0.009140729904174805,""channels"":3,""force"":[-0.024034769256241262,-0.033303553200002334],""has_data"":true,""last_update_ts"":1784119506.0975142,""raw"":[15771,15721,15806]},""pinky"":{""age_s"":0.009140729904174805,""channels"":3,""force"":[-1.0214776933901497,-0.7490524173900006],""has_data"":true,""last_update_ts"":1784119506.0975142,""raw"":[17420,15295,17707]},""ring"":{""age_s"":0.009140729904174805,""channels"":3,""force"":[0.27207358798061776,0.2547721819799973],""has_data"":true,""last_update_ts"":1784119506.0975142,""raw"":[15805,16371,15629]},""thumb"":{""age_s"":0.009140729904174805,""channels"":3,""force"":[0.0,-2.220446049250313e-16],""has_data"":true,""last_update_ts"":1784119506.0975142,""raw"":[0,0,0]}}","{""ble"":{""connection_state"":""connected"",""counter"":1042616,""finger_order"":""DexterController.Visualizer"",""last_error"":null,""last_sample_age_s"":0.009159661989542656,""reconnect_count"":0,""sample_hz"":20.0,""sample_sequence"":569,""timestamp_us"":10470923680},""fingers"":{""index"":{""has_data"":true,""last_update_ts"":1784119506.0975142,""mapped"":true},""middle"":{""has_data"":true,""last_update_ts"":1784119506.0975142,""mapped"":true},""pinky"":{""has_data"":true,""last_update_ts"":1784119506.0975142,""mapped"":true},""ring"":{""has_data"":true,""last_update_ts"":1784119506.0975142,""mapped"":true},""thumb"":{""has_data"":true,""last_update_ts"":1784119506.0975142,""mapped"":true}},""ports"":{""available"":[""BLE:Dexter""],""unavailable"":[]}}"
1784119506.1567864,1784119506.156655,571,ble,"{""index"":{""age_s"":0.009144306182861328,""channels"":3,""force"":[-0.3888825665659432,-0.730735463130002],""has_data"":true,""last_update_ts"":1784119506.1475108,""raw"":[16950,16141,17862]},""middle"":{""age_s"":0.009144306182861328,""channels"":3,""force"":[-0.016824338479368706,0.05078791862999754],""has_data"":true,""last_update_ts"":1784119506.1475108,""raw"":[15703,15668,15594]},""pinky"":{""age_s"":0.009144306182861328,""channels"":3,""force"":[0.8671744747650951,0.1937156677799985],""has_data"":true,""last_update_ts"":1784119506.1475108,""raw"":[16896,18700,17449]},""ring"":{""age_s"":0.009144306182861328,""channels"":3,""force"":[0.3653284926948306,0.5794818256799967],""has_data"":true,""last_update_ts"":1784119506.1475108,""raw"":[15704,16464,15040]},""thumb"":{""age_s"":0.009144306182861328,""channels"":3,""force"":[0.0,-2.220446049250313e-16],""has_data"":true,""last_update_ts"":1784119506.1475108,""raw"":[0,0,0]}}","{""ble"":{""connection_state"":""connected"",""counter"":1042623,""finger_order"":""DexterController.Visualizer"",""last_error"":null,""last_sample_age_s"":0.009165673996903934,""reconnect_count"":0,""sample_hz"":20.0,""sample_sequence"":570,""timestamp_us"":10470989568},""fingers"":{""index"":{""has_data"":true,""last_update_ts"":1784119506.1475108,""mapped"":true},""middle"":{""has_data"":true,""last_update_ts"":1784119506.1475108,""mapped"":true},""pinky"":{""has_data"":true,""last_update_ts"":1784119506.1475108,""mapped"":true},""ring"":{""has_data"":true,""last_update_ts"":1784119506.1475108,""mapped"":true},""thumb"":{""has_data"":true,""last_update_ts"":1784119506.1475108,""mapped"":true}},""ports"":{""available"":[""BLE:Dexter""],""unavailable"":[]}}"
1784119506.2067554,1784119506.2066362,572,ble,"{""index"":{""age_s"":0.009124040603637695,""channels"":3,""force"":[-0.4042648188899367,-0.7768053783900015],""has_data"":true,""last_update_ts"":1784119506.1975121,""raw"":[16958,16117,17937]},""middle"":{""age_s"":0.009124040603637695,""channels"":3,""force"":[-0.03220659080335864,-0.04357214877000093],""has_data"":true,""last_update_ts"":1784119506.1975121,""raw"":[15774,15707,15819]},""pinky"":{""age_s"":0.009124040603637695,""channels"":3,""force"":[-1.0195549118496476,-0.7401714698700044],""has_data"":true,""last_update_ts"":1784119506.1975121,""raw"":[17415,15294,17688]},""ring"":{""age_s"":0.009124040603637695,""channels"":3,""force"":[0.29226279415586376,0.2536620635399993],""has_data"":true,""last_update_ts"":1784119506.1975121,""raw"":[15784,16392,15631]},""thumb"":{""age_s"":0.009124040603637695,""channels"":3,""force"":[0.0,-2.220446049250313e-16],""has_data"":true,""last_update_ts"":1784119506.1975121,""raw"":[0,0,0]}}","{""ble"":{""connection_state"":""connected"",""counter"":1042628,""finger_order"":""DexterController.Visualizer"",""last_error"":null,""last_sample_age_s"":0.00914087200362701,""reconnect_count"":0,""sample_hz"":20.0,""sample_sequence"":571,""timestamp_us"":10471036672},""fingers"":{""index"":{""has_data"":true,""last_update_ts"":1784119506.1975121,""mapped"":true},""middle"":{""has_data"":true,""last_update_ts"":1784119506.1975121,""mapped"":true},""pinky"":{""has_data"":true,""last_update_ts"":1784119506.1975121,""mapped"":true},""ring"":{""has_data"":true,""last_update_ts"":1784119506.1975121,""mapped"":true},""thumb"":{""has_data"":true,""last_update_ts"":1784119506.1975121,""mapped"":true}},""ports"":{""available"":[""BLE:Dexter""],""unavailable"":[]}}"
1784119506.2567794,1784119506.256656,573,ble,"{""index"":{""age_s"":0.009145975112915039,""channels"":3,""force"":[-0.3975350834981892,-0.7657041939900013],""has_data"":true,""last_update_ts"":1784119506.24751,""raw"":[16961,16134,17927]},""middle"":{""age_s"":0.009145975112915039,""channels"":3,""force"":[-0.01634364309424363,-0.03219343476000258],""has_data"":true,""last_update_ts"":1784119506.24751,""raw"":[15768,15734,15809]},""pinky"":{""age_s"":0.009145975112915039,""channels"":3,""force"":[-1.0190742164645243,-0.7476647693400036],""has_data"":true,""last_update_ts"":1784119506.24751,""raw"":[17414,15294,17701]},""ring"":{""age_s"":0.009145975112915039,""channels"":3,""force"":[0.2812068002979924,0.2578250076899975],""has_data"":true,""last_update_ts"":1784119506.24751,""raw"":[15794,16379,15622]},""thumb"":{""age_s"":0.009145975112915039,""channels"":3,""force"":[0.0,-2.220446049250313e-16],""has_data"":true,""last_update_ts"":1784119506.24751,""raw"":[0,0,0]}}","{""ble"":{""connection_state"":""connected"",""counter"":1042633,""finger_order"":""DexterController.Visualizer"",""last_error"":null,""last_sample_age_s"":0.009165183000732213,""reconnect_count"":0,""sample_hz"":20.0,""sample_sequence"":572,""timestamp_us"":10471083840},""fingers"":{""index"":{""has_data"":true,""last_update_ts"":1784119506.24751,""mapped"":true},""middle"":{""has_data"":true,""last_update_ts"":1784119506.24751,""mapped"":true},""pinky"":{""has_data"":true,""last_update_ts"":1784119506.24751,""mapped"":true},""ring"":{""has_data"":true,""last_update_ts"":1784119506.24751,""mapped"":true},""thumb"":{""has_data"":true,""last_update_ts"":1784119506.24751,""mapped"":true}},""ports"":{""available"":[""BLE:Dexter""],""unavailable"":[]}}"
1784119506.3067846,1784119506.3066556,574,ble,"{""index"":{""age_s"":0.009145498275756836,""channels"":3,""force"":[-0.4085910773560588,-0.76764690126],""has_data"":true,""last_update_ts"":1784119506.2975101,""raw"":[16976,16126,17934]},""middle"":{""age_s"":0.009145498275756836,""channels"":3,""force"":[-0.028841723107486672,-0.040519323060004275],""has_data"":true,""last_update_ts"":1784119506.2975101,""raw"":[15769,15709,15812]},""pinky"":{""age_s"":0.009145498275756836,""channels"":3,""force"":[-1.0243618657008984,-0.7457220620700014],""has_data"":true,""last_update_ts"":1784119506.2975101,""raw"":[17420,15289,17698]},""ring"":{""age_s"":0.009145498275756836,""channels"":3,""force"":[0.2735156741359983,0.24949911938999758],""has_data"":true,""last_update_ts"":1784119506.2975101,""raw"":[15794,16363,15629]},""thumb"":{""age_s"":0.009145498275756836,""channels"":3,""force"":[0.0,-2.220446049250313e-16],""has_data"":true,""last_update_ts"":1784119506.2975101,""raw"":[0,0,0]}}","{""ble"":{""connection_state"":""connected"",""counter"":1042638,""finger_order"":""DexterController.Visualizer"",""last_error"":null,""last_sample_age_s"":0.00916496300487779,""reconnect_count"":0,""sample_hz"":20.0,""sample_sequence"":573,""timestamp_us"":10471130944},""fingers"":{""index"":{""has_data"":true,""last_update_ts"":1784119506.2975101,""mapped"":true},""middle"":{""has_data"":true,""last_update_ts"":1784119506.2975101,""mapped"":true},""pinky"":{""has_data"":true,""last_update_ts"":1784119506.2975101,""mapped"":true},""ring"":{""has_data"":true,""last_update_ts"":1784119506.2975101,""mapped"":true},""thumb"":{""has_data"":true,""last_update_ts"":1784119506.2975101,""mapped"":true}},""ports"":{""available"":[""BLE:Dexter""],""unavailable"":[]}}"
1784119506.356804,1784119506.35666,575,ble,"{""index"":{""age_s"":0.009131193161010742,""channels"":3,""force"":[-0.3941702158023155,-0.7643165459400008],""has_data"":true,""last_update_ts"":1784119506.3475287,""raw"":[16954,16134,17921]},""middle"":{""age_s"":0.009131193161010742,""channels"":3,""force"":[-0.01249808001324304,-0.03663390852000159],""has_data"":true,""last_update_ts"":1784119506.3475287,""raw"":[15753,15727,15806]},""pinky"":{""age_s"":0.009131193161010742,""channels"":3,""force"":[-1.016670739538899,-0.7484973581700007],""has_data"":true,""last_update_ts"":1784119506.3475287,""raw"":[17408,15293,17699]},""ring"":{""age_s"":0.009131193161010742,""channels"":3,""force"":[0.2956276618517393,0.26670595520999907],""has_data"":true,""last_update_ts"":1784119506.3475287,""raw"":[15786,16401,15613]},""thumb"":{""age_s"":0.009131193161010742,""channels"":3,""force"":[0.0,-2.220446049250313e-16],""has_data"":true,""last_update_ts"":1784119506.3475287,""raw"":[0,0,0]}}","{""ble"":{""connection_state"":""connected"",""counter"":1042644,""finger_order"":""DexterController.Visualizer"",""last_error"":null,""last_sample_age_s"":0.009157257009064779,""reconnect_count"":0,""sample_hz"":20.0,""sample_sequence"":574,""timestamp_us"":10471187456},""fingers"":{""index"":{""has_data"":true,""last_update_ts"":1784119506.3475287,""mapped"":true},""middle"":{""has_data"":true,""last_update_ts"":1784119506.3475287,""mapped"":true},""pinky"":{""has_data"":true,""last_update_ts"":1784119506.3475287,""mapped"":true},""ring"":{""has_data"":true,""last_update_ts"":1784119506.3475287,""mapped"":true},""thumb"":{""has_data"":true,""last_update_ts"":1784119506.3475287,""mapped"":true}},""ports"":{""available"":[""BLE:Dexter""],""unavailable"":[]}}"
1784119506.406774,1784119506.406657,576,ble,"{""index"":{""age_s"":0.009139060974121094,""channels"":3,""force"":[-0.4042648188899367,-0.7740300822900021],""has_data"":true,""last_update_ts"":1784119506.397518,""raw"":[16954,16113,17928]},""middle"":{""age_s"":0.009139060974121094,""channels"":3,""force"":[-0.021631292330614116,-0.04856768175000248],""has_data"":true,""last_update_ts"":1784119506.397518,""raw"":[15765,15720,15830]},""pinky"":{""age_s"":0.009139060974121094,""channels"":3,""force"":[-1.013305871843027,-0.7354534665000019],""has_data"":true,""last_update_ts"":1784119506.397518,""raw"":[17416,15308,17687]},""ring"":{""age_s"":0.009139060974121094,""channels"":3,""force"":[0.29178209877074046,0.26670595520999996],""has_data"":true,""last_update_ts"":1784119506.397518,""raw"":[15790,16397,15613]},""thumb"":{""age_s"":0.009139060974121094,""channels"":3,""force"":[0.0,-2.220446049250313e-16],""has_data"":true,""last_update_ts"":1784119506.397518,""raw"":[0,0,0]}}","{""ble"":{""connection_state"":""connected"",""counter"":1042649,""finger_order"":""DexterController.Visualizer"",""last_error"":null,""last_sample_age_s"":0.009160112007521093,""reconnect_count"":0,""sample_hz"":20.0,""sample_sequence"":575,""timestamp_us"":10471234336},""fingers"":{""index"":{""has_data"":true,""last_update_ts"":1784119506.397518,""mapped"":true},""middle"":{""has_data"":true,""last_update_ts"":1784119506.397518,""mapped"":true},""pinky"":{""has_data"":true,""last_update_ts"":1784119506.397518,""mapped"":true},""ring"":{""has_data"":true,""last_update_ts"":1784119506.397518,""mapped"":true},""thumb"":{""has_data"":true,""last_update_ts"":1784119506.397518,""mapped"":true}},""ports"":{""available"":[""BLE:Dexter""],""unavailable"":[]}}"
1784119506.4568176,1784119506.456673,577,ble,"{""index"":{""age_s"":0.009148597717285156,""channels"":3,""force"":[-0.3999385604238128,-0.7615412498400032],""has_data"":true,""last_update_ts"":1784119506.4475243,""raw"":[16971,16139,17927]},""middle"":{""age_s"":0.009148597717285156,""channels"":3,""force"":[-0.018266424634740375,-0.03441367164000475],""has_data"":true,""last_update_ts"":1784119506.4475243,""raw"":[15762,15724,15805]},""pinky"":{""age_s"":0.009148597717285156,""channels"":3,""force"":[-1.0214776933901462,-0.7573783056900041],""has_data"":true,""last_update_ts"":1784119506.4475243,""raw"":[17411,15286,17713]},""ring"":{""age_s"":0.009148597717285156,""channels"":3,""force"":[0.27928401875749387,0.251164297049999],""has_data"":true,""last_update_ts"":1784119506.4475243,""raw"":[15793,16374,15631]},""thumb"":{""age_s"":0.009148597717285156,""channels"":3,""force"":[0.0,-2.220446049250313e-16],""has_data"":true,""last_update_ts"":1784119506.4475243,""raw"":[0,0,0]}}","{""ble"":{""connection_state"":""connected"",""counter"":1042654,""finger_order"":""DexterController.Visualizer"",""last_error"":null,""last_sample_age_s"":0.009174482998787425,""reconnect_count"":0,""sample_hz"":20.0,""sample_sequence"":576,""timestamp_us"":10471281248},""fingers"":{""index"":{""has_data"":true,""last_update_ts"":1784119506.4475243,""mapped"":true},""middle"":{""has_data"":true,""last_update_ts"":1784119506.4475243,""mapped"":true},""pinky"":{""has_data"":true,""last_update_ts"":1784119506.4475243,""mapped"":true},""ring"":{""has_data"":true,""last_update_ts"":1784119506.4475243,""mapped"":true},""thumb"":{""has_data"":true,""last_update_ts"":1784119506.4475243,""mapped"":true}},""ports"":{""available"":[""BLE:Dexter""],""unavailable"":[]}}"
1784119506.5067832,1784119506.5066764,578,ble,"{""index"":{""age_s"":0.009159326553344727,""channels"":3,""force"":[-0.4042648188899385,-0.7657041939900013],""has_data"":true,""last_update_ts"":1784119506.497517,""raw"":[16969,16128,17928]},""middle"":{""age_s"":0.009159326553344727,""channels"":3,""force"":[-0.021631292330615892,-0.041351911890001425],""has_data"":true,""last_update_ts"":1784119506.497517,""raw"":[15759,15714,15811]},""pinky"":{""age_s"":0.009159326553344727,""channels"":3,""force"":[-1.0195549118496476,-0.7490524173899997],""has_data"":true,""last_update_ts"":1784119506.497517,""raw"":[17414,15293,17703]},""ring"":{""age_s"":0.009159326553344727,""channels"":3,""force"":[0.2759191510616201,0.24922158977999942],""has_data"":true,""last_update_ts"":1784119506.497517,""raw"":[15792,16366,15630]},""thumb"":{""age_s"":0.009159326553344727,""channels"":3,""force"":[0.0,-2.220446049250313e-16],""has_data"":true,""last_update_ts"":1784119506.497517,""raw"":[0,0,0]}}","{""ble"":{""connection_state"":""connected"",""counter"":1042658,""finger_order"":""DexterController.Visualizer"",""last_error"":null,""last_sample_age_s"":0.009180096007185057,""reconnect_count"":0,""sample_hz"":20.0,""sample_sequence"":577,""timestamp_us"":10471318976},""fingers"":{""index"":{""has_data"":true,""last_update_ts"":1784119506.497517,""mapped"":true},""middle"":{""has_data"":true,""last_update_ts"":1784119506.497517,""mapped"":true},""pinky"":{""has_data"":true,""last_update_ts"":1784119506.497517,""mapped"":true},""ring"":{""has_data"":true,""last_update_ts"":1784119506.497517,""mapped"":true},""thumb"":{""has_data"":true,""last_update_ts"":1784119506.497517,""mapped"":true}},""ports"":{""available"":[""BLE:Dexter""],""unavailable"":[]}}"
